eta,f,f',f'',F,F',t,t',tp
0.000000000000000000e+00,1.000000000000000000e+00,-3.862601726667077573e-01,2.436991366664611747e-01,7.978236802619497192e-01,-2.587415493378192322e-01,7.286625106034907429e-01,-1.356687446982546064e+00,2.938000610994686568e-01
1.562500000000000087e-03,9.993967658673571508e-01,-3.858795792763237142e-01,2.434604417195711801e-01,7.974195965118568985e-01,-2.584856927469757482e-01,7.265464341962576400e-01,-1.351893819456931878e+00,2.930774889970392816e-01
3.125000000000000173e-03,9.987941261206054744e-01,-3.854993586654718030e-01,2.432219788282947437e-01,7.970159123410357482e-01,-2.582300878289474633e-01,7.244378316168712528e-01,-1.347120929525462918e+00,2.923569386480704968e-01
4.687500000000000694e-03,9.981920801775602259e-01,-3.851195104717385354e-01,2.429837477707754989e-01,7.966126273564403393e-01,-2.579747343370595303e-01,7.223366705461771176e-01,-1.342368670621942206e+00,2.916384033506986828e-01
6.250000000000000347e-03,9.975906274566026521e-01,-3.847400343330568129e-01,2.427457483253591397e-01,7.962097411654097678e-01,-2.577196320248775208e-01,7.202429188310415231e-01,-1.337636936805614463e+00,2.909218764298000526e-01
7.812500000000000000e-03,9.969897673766792145e-01,-3.843609298877058156e-01,2.425079802705932541e-01,7.958072533756680444e-01,-2.574647806462071475e-01,7.181565444833771794e-01,-1.332925622757095141e+00,2.902073512368641972e-01
9.375000000000001388e-03,9.963894993573014780e-01,-3.839821967743105025e-01,2.422704433852271855e-01,7.954051635953238719e-01,-2.572101799550941537e-01,7.160775156791755469e-01,-1.328234623774331657e+00,2.894948211498682977e-01
1.093750000000000104e-02,9.957898228185454448e-01,-3.836038346318413894e-01,2.420331374482118658e-01,7.950034714328699792e-01,-2.569558297058240348e-01,7.140058007575451615e-01,-1.323563835768589714e+00,2.887842795731522805e-01
1.250000000000000069e-02,9.951907371810508884e-01,-3.832258430996142717e-01,2.417960622386997049e-01,7.946021764971825663e-01,-2.567017296529216508e-01,7.119413682197568427e-01,-1.318913155260471148e+00,2.880757199372939725e-01
1.406250000000000035e-02,9.945922418660206876e-01,-3.828482218172897800e-01,2.415592175360443683e-01,7.942012783975216372e-01,-2.564478795511513365e-01,7.098841867282944529e-01,-1.314282479375957102e+00,2.873691356989857559e-01
1.562500000000000000e-02,9.939943362952208261e-01,-3.824709704248732689e-01,2.413226031198006938e-01,7.938007767435300011e-01,-2.561942791555163468e-01,7.078342251059120960e-01,-1.309671705842482270e+00,2.866645203409112219e-01
1.718750000000000139e-02,9.933970198909792826e-01,-3.820940885627143180e-01,2.410862187697244974e-01,7.934006711452329386e-01,-2.559409282212588566e-01,7.057914523346974223e-01,-1.305080732985032688e+00,2.859618673716230464e-01
1.875000000000000278e-02,9.928002920761858086e-01,-3.817175758715063982e-01,2.408500642657724344e-01,7.930009612130380914e-01,-2.556878265038594611e-01,7.037558375551410395e-01,-1.300509459722276162e+00,2.852611703254209763e-01
2.031250000000000416e-02,9.922041522742912623e-01,-3.813414319922867612e-01,2.406141393881018609e-01,7.926016465577351289e-01,-2.554349737590372871e-01,7.017273500652118079e-01,-1.295957785562715125e+00,2.845624227622309266e-01
2.187500000000000208e-02,9.916085999093071646e-01,-3.809656565664359396e-01,2.403784439170706944e-01,7.922027267904949710e-01,-2.551823697427494930e-01,6.997059593194380200e-01,-1.291425610600869911e+00,2.838656182674845208e-01
2.343750000000000000e-02,9.910136344058049218e-01,-3.805902492356775801e-01,2.401429776332371369e-01,7.918042015228698993e-01,-2.549300142111911582e-01,6.976916349279953522e-01,-1.286912835513487563e+00,2.831707504519992979e-01
2.500000000000000139e-02,9.904192551889158258e-01,-3.802152096420779448e-01,2.399077403173597856e-01,7.914060703667927799e-01,-2.546779069207950053e-01,6.956843466557991462e-01,-1.282419361555777737e+00,2.824778129518596970e-01
2.656250000000000278e-02,9.898254616843299436e-01,-3.798405374280457436e-01,2.396727317503971610e-01,7.910083329345768410e-01,-2.544260476282312888e-01,6.936840644216044627e-01,-1.277945090557674357e+00,2.817867994282982624e-01
2.812500000000000069e-02,9.892322533182957844e-01,-3.794662322363318574e-01,2.394379517135077906e-01,7.906109888389155627e-01,-2.541744360904072964e-01,6.916907582971101309e-01,-1.273489924920124805e+00,2.810977035675783497e-01
2.968749999999999861e-02,9.886396295176198556e-01,-3.790922937100288381e-01,2.392033999880500139e-01,7.902140376928818988e-01,-2.539230720644675143e-01,6.897043985060700155e-01,-1.269053767611403982e+00,2.804105190808762749e-01
3.125000000000000000e-02,9.880475897096661075e-01,-3.787187214925707979e-01,2.389690763555817332e-01,7.898174791099280556e-01,-2.536719553077929623e-01,6.877249554234091677e-01,-1.264636522163455457e+00,2.797252397041652960e-01
3.281250000000000139e-02,9.874561333223552673e-01,-3.783455152277329092e-01,2.387349805978603579e-01,7.894213127038852695e-01,-2.534210855780013594e-01,6.857523995743459722e-01,-1.260238092668257259e+00,2.790418591980993734e-01
3.437500000000000278e-02,9.868652597841645058e-01,-3.779726745596312942e-01,2.385011124968426099e-01,7.890255380889631409e-01,-2.531704626329466246e-01,6.837867016335197334e-01,-1.255858383774213438e+00,2.783603713478978725e-01
3.593750000000000416e-02,9.862749685241266606e-01,-3.776001991327225249e-01,2.382674718346843856e-01,7.886301548797495231e-01,-2.529200862307187658e-01,6.818278324241247024e-01,-1.251497300682571368e+00,2.776807699632309334e-01
3.750000000000000555e-02,9.856852589718299029e-01,-3.772280885918035120e-01,2.380340583937406163e-01,7.882351626912103004e-01,-2.526699561296436580e-01,6.798757629170480987e-01,-1.247154749143863928e+00,2.770030488781053402e-01
3.906250000000000694e-02,9.850961305574172933e-01,-3.768563425820109503e-01,2.378008719565650742e-01,7.878405611386882779e-01,-2.524200720882827653e-01,6.779304642300153505e-01,-1.242830635454376553e+00,2.763272019507511112e-01
4.062500000000000833e-02,9.845075827115857825e-01,-3.764849607488212624e-01,2.375679123059102893e-01,7.874463498379039583e-01,-2.521704338654329192e-01,6.759919076267399962e-01,-1.238524866452638706e+00,2.756532230635085345e-01
4.218750000000000278e-02,9.839196148655864338e-01,-3.761139427380500444e-01,2.373351792247273273e-01,7.870525284049538772e-01,-2.519210412201261517e-01,6.740600645160786941e-01,-1.234237349515940663e+00,2.749811061227160347e-01
4.375000000000000416e-02,9.833322264512228683e-01,-3.757432881958520099e-01,2.371026724961656507e-01,7.866590964563114907e-01,-2.516718939116294185e-01,6.721349064511925597e-01,-1.229967992556874501e+00,2.743108450585983737e-01
4.531250000000000555e-02,9.827454169008519314e-01,-3.753729967687204350e-01,2.368703919035730077e-01,7.862660536088257324e-01,-2.514229916994443204e-01,6.702164051287133884e-01,-1.225716704019898184e+00,2.736424338251557953e-01
4.687500000000000000e-02,9.821591856473821380e-01,-3.750030681034869362e-01,2.366383372304952937e-01,7.858733994797214573e-01,-2.511743343433070486e-01,6.683045323879152066e-01,-1.221483392877925178e+00,2.729758664000532242e-01
4.843750000000000139e-02,9.815735321242737843e-01,-3.746335018473213596e-01,2.364065082606763013e-01,7.854811336865986648e-01,-2.509259216031878847e-01,6.663992602098910423e-01,-1.217267968628937158e+00,2.723111367845108544e-01
5.000000000000000278e-02,9.809884557655381698e-01,-3.742642976477310590e-01,2.361749047780576372e-01,7.850892558474322769e-01,-2.506777532392913677e-01,6.645005607167356887e-01,-1.213070341292620480e+00,2.716482390031944583e-01
5.156250000000000416e-02,9.804039560057369318e-01,-3.738954551525610626e-01,2.359435265667786108e-01,7.846977655805714713e-01,-2.504298290120555714e-01,6.626084061707322448e-01,-1.208890421407025739e+00,2.709871671041069741e-01
5.312500000000000555e-02,9.798200322799819340e-01,-3.735269740099934066e-01,2.357123734111759850e-01,7.843066625047396823e-01,-2.501821486821523832e-01,6.607227689735457599e-01,-1.204728120025251092e+00,2.703279151584800921e-01
5.468750000000000000e-02,9.792366840239342674e-01,-3.731588538685469136e-01,2.354814450957838923e-01,7.839159462390343780e-01,-2.499347120104868647e-01,6.588436216654203204e-01,-1.200583348712148668e+00,2.696704772606670075e-01
5.625000000000000139e-02,9.786539106738042504e-01,-3.727910943770769148e-01,2.352507414053336965e-01,7.835256164029260617e-01,-2.496875187581973077e-01,6.569709369243822428e-01,-1.196456019541053850e+00,2.690148475280353946e-01
5.781250000000000278e-02,9.780717116663500965e-01,-3.724236951847750832e-01,2.350202621247537704e-01,7.831356726162583826e-01,-2.494405686866548455e-01,6.551046875654483737e-01,-1.192346045090537654e+00,2.683610201008607699e-01
5.937499999999999722e-02,9.774900864388784694e-01,-3.720566559411688234e-01,2.347900070391693572e-01,7.827461144992478026e-01,-2.491938615574633420e-01,6.532448465398387194e-01,-1.188253338441179974e+00,2.677089891422209100e-01
6.093749999999999861e-02,9.769090344292430395e-01,-3.716899762961212716e-01,2.345599759339025425e-01,7.823569416724828196e-01,-2.489473971324590862e-01,6.513913869341947382e-01,-1.184177813172368365e+00,2.670587488378906027e-01
6.250000000000000000e-02,9.763285550758443732e-01,-3.713236558998306847e-01,2.343301685944719215e-01,7.819681537569243002e-01,-2.487011751737105425e-01,6.495442819698026282e-01,-1.180119383359116370e+00,2.664102933962367303e-01
6.406249999999999445e-02,9.757486478176293776e-01,-3.709576944028304402e-01,2.341005848065925432e-01,7.815797503739043695e-01,-2.484551954435182675e-01,6.477035050018211670e-01,-1.176077963568905149e+00,2.657636170481142424e-01
6.562500000000000278e-02,9.751693120940907455e-01,-3.705920914559884816e-01,2.338712243561757720e-01,7.811917311451263002e-01,-2.482094577044144934e-01,6.458690295185146590e-01,-1.172053468858546887e+00,2.651187140467625714e-01
6.718750000000001110e-02,9.745905473452661782e-01,-3.702268467105072070e-01,2.336420870293290930e-01,7.808040956926645126e-01,-2.479639617191631562e-01,6.440408291404908780e-01,-1.168045814771070168e+00,2.644755786677026044e-01
6.875000000000000555e-02,9.740123530117386075e-01,-3.698619598179229695e-01,2.334131726123560291e-01,7.804168436389639085e-01,-2.477187072507593402e-01,6.422188776199441174e-01,-1.164054917332626005e+00,2.638342052086340428e-01
7.031250000000000000e-02,9.734347285346348633e-01,-3.694974304301059109e-01,2.331844808917558354e-01,7.800299746068392048e-01,-2.474736940624294168e-01,6.404031488399017924e-01,-1.160080693049416523e+00,2.631945879893335949e-01
7.187500000000000833e-02,9.728576733556253409e-01,-3.691332581992596285e-01,2.329560116542235548e-01,7.796434882194752669e-01,-2.472289219176304897e-01,6.385936168134778157e-01,-1.156123058904644951e+00,2.625567213515535570e-01
7.343750000000001665e-02,9.722811869169238896e-01,-3.687694427779208417e-01,2.327277646866497129e-01,7.792573841004262203e-01,-2.469843905800504225e-01,6.367902556831289695e-01,-1.152181932355484495e+00,2.619205996589208385e-01
7.500000000000001110e-02,9.717052686612868140e-01,-3.684059838189591707e-01,2.324997397761202067e-01,7.788716618736152286e-01,-2.467400998136074775e-01,6.349930397199168297e-01,-1.148257231330072292e+00,2.612862172968366536e-01
7.656250000000000555e-02,9.711299180320127622e-01,-3.680428809755765807e-01,2.322719367099162213e-01,7.784863211633340496e-01,-2.464960493824501497e-01,6.332019433227743521e-01,-1.144348874224519808e+00,2.606535686723767120e-01
7.812500000000001388e-02,9.705551344729417274e-01,-3.676801339013074377e-01,2.320443552755139249e-01,7.781013615942431461e-01,-2.462522390509569448e-01,6.314169410177767894e-01,-1.140456779899946538e+00,2.600226482141918538e-01
7.968750000000002220e-02,9.699809174284550473e-01,-3.673177422500179534e-01,2.318169952605845241e-01,7.777167827913705755e-01,-2.460086685837361009e-01,6.296380074574177144e-01,-1.136580867679533924e+00,2.593934503724096285e-01
8.125000000000001665e-02,9.694072663434744053e-01,-3.669557056759059632e-01,2.315898564529939307e-01,7.773325843801121016e-01,-2.457653377456254506e-01,6.278651174198889295e-01,-1.132721057345598581e+00,2.587659696185354852e-01
8.281250000000001110e-02,9.688341806634617193e-01,-3.665940238335005930e-01,2.313629386408026511e-01,7.769487659862309714e-01,-2.455222463016921153e-01,6.260982458083657054e-01,-1.128877269136687067e+00,2.581402004453555166e-01
8.437500000000000555e-02,9.682616598344183645e-01,-3.662326963776619815e-01,2.311362416122657581e-01,7.765653272358571391e-01,-2.452793940172323384e-01,6.243373676502961267e-01,-1.125049423744689303e+00,2.575161373668390374e-01
8.593750000000000000e-02,9.676897033028848405e-01,-3.658717229635809476e-01,2.309097651558325859e-01,7.761822677554870431e-01,-2.450367806577712915e-01,6.225824580966945465e-01,-1.121237442311973087e+00,2.568937749180419949e-01
8.750000000000000833e-02,9.671183105159398830e-01,-3.655111032467787680e-01,2.306835090601466465e-01,7.757995871719834957e-01,-2.447944059890627688e-01,6.208334924214405914e-01,-1.117441246428537927e+00,2.562731076550107123e-01
8.906250000000001665e-02,9.665474809212005747e-01,-3.651508368831067330e-01,2.304574731140454358e-01,7.754172851125750165e-01,-2.445522697770889931e-01,6.190904460205814974e-01,-1.113660758129188189e+00,2.556541301546861322e-01
9.062500000000001110e-02,9.659772139668211244e-01,-3.647909235287460361e-01,2.302316571065604056e-01,7.750353612048556107e-01,-2.443103717880604764e-01,6.173532944116396637e-01,-1.109895899890726012e+00,2.550368370148088371e-01
9.218750000000000555e-02,9.654075091014930887e-01,-3.644313628402071625e-01,2.300060608269166307e-01,7.746538150767845465e-01,-2.440687117884156598e-01,6.156220132329236483e-01,-1.106146594629163760e+00,2.544212228538242915e-01
9.375000000000000000e-02,9.648383657744441511e-01,-3.640721544743300009e-01,2.297806840645328086e-01,7.742726463566855788e-01,-2.438272895448208577e-01,6.138965782428447149e-01,-1.102412765696954677e+00,2.538072823107884735e-01
9.531249999999999445e-02,9.642697834354380104e-01,-3.637132980882831768e-01,2.295555266090210378e-01,7.738918546732470594e-01,-2.435861048241698967e-01,6.121769653192365990e-01,-1.098694336880243982e+00,2.531950100452745600e-01
9.687500000000000278e-02,9.637017615347738264e-01,-3.633547933395639418e-01,2.293305882501866511e-01,7.735114396555214933e-01,-2.433451573935839218e-01,6.104631504586800483e-01,-1.094991232396138159e+00,2.525844007372793354e-01
9.843750000000001110e-02,9.631342995232856641e-01,-3.629966398859978960e-01,2.291058687780281322e-01,7.731314009329247616e-01,-2.431044470204112573e-01,6.087551097758318042e-01,-1.091303376889992238e+00,2.519754490871308206e-01
1.000000000000000056e-01,9.625673968523419388e-01,-3.626388373857384329e-01,2.288813679827368941e-01,7.727517381352363435e-01,-2.428639734722271015e-01,6.070528195027575791e-01,-1.087630695432717287e+00,2.513681498153958471e-01
1.015625000000000000e-01,9.620010529738448612e-01,-3.622813854972667946e-01,2.286570856546971398e-01,7.723724508925986498e-01,-2.426237365168333882e-01,6.053562559882685878e-01,-1.083973113518104991e+00,2.507624976627883528e-01
1.031250000000000083e-01,9.614352673402303262e-01,-3.619242838793915729e-01,2.284330215844858070e-01,7.719935388355166905e-01,-2.423837359222584531e-01,6.036653956972638513e-01,-1.080330557060171115e+00,2.501584873900781769e-01
1.046875000000000167e-01,9.608700394044668025e-01,-3.615675321912483198e-01,2.282091755628722629e-01,7.716150015948577412e-01,-2.421439714567568957e-01,6.019802152100748316e-01,-1.076702952390517831e+00,2.495561137780002436e-01
1.062500000000000111e-01,9.603053686200549999e-01,-3.612111300922994928e-01,2.279855473808182487e-01,7.712368388018510101e-01,-2.419044428888094123e-01,6.003006912218155078e-01,-1.073090226255712487e+00,2.489553716271643846e-01
1.078125000000000056e-01,9.597412544410277579e-01,-3.608550772423338993e-01,2.277621368294777127e-01,7.708590500880873053e-01,-2.416651499871224351e-01,5.986268005417357818e-01,-1.069492305814685684e+00,2.483562557579651886e-01
1.093750000000000000e-01,9.591776963219492691e-01,-3.604993733014666968e-01,2.275389437001966719e-01,7.704816350855187013e-01,-2.414260925206280495e-01,5.969585200925792146e-01,-1.065909118636146902e+00,2.477587610104930171e-01
1.109374999999999944e-01,9.586146937179140792e-01,-3.601440179301387268e-01,2.273159677845130178e-01,7.701045934264580950e-01,-2.411872702584836603e-01,5.952958269099449806e-01,-1.062340592696017438e+00,2.471628822444447704e-01
1.125000000000000028e-01,9.580522460845476429e-01,-3.597890107891165146e-01,2.270932088741564048e-01,7.697279247435788729e-01,-2.409486829700718813e-01,5.936386981416530428e-01,-1.058786656374880897e+00,2.465686143390357354e-01
1.140625000000000111e-01,9.574903528780046580e-01,-3.594343515394917699e-01,2.268706667610481120e-01,7.693516286699144668e-01,-2.407103304250002296e-01,5.919871110471145448e-01,-1.055247238455452097e+00,2.459759521929114068e-01
1.156250000000000056e-01,9.569290135549696208e-01,-3.590800398426812756e-01,2.266483412373007933e-01,7.689757048388584648e-01,-2.404722123931010147e-01,5.903410429967049788e-01,-1.051722268120061088e+00,2.453848907240600841e-01
1.171875000000000000e-01,9.563682275726553828e-01,-3.587260753604264440e-01,2.264262320952184770e-01,7.686001528841635011e-01,-2.402343286444309500e-01,5.887004714711419062e-01,-1.048211674948157368e+00,2.447954248697256918e-01
1.187499999999999944e-01,9.558079943888033725e-01,-3.583724577547929835e-01,2.262043391272962889e-01,7.682249724399417001e-01,-2.399966789492711527e-01,5.870653740608663407e-01,-1.044715388913827647e+00,2.442075495863213486e-01
1.203124999999999889e-01,9.552483134616825966e-01,-3.580191866881708984e-01,2.259826621262203683e-01,7.678501631406636774e-01,-2.397592630781267553e-01,5.854357284654281290e-01,-1.041233340383333594e+00,2.436212598493430470e-01
1.218749999999999972e-01,9.546891842500894176e-01,-3.576662618232737123e-01,2.257612008848677021e-01,7.674757246211586503e-01,-2.395220808017267389e-01,5.838115124928748845e-01,-1.037765460112664684e+00,2.430365506532840281e-01
1.234375000000000056e-01,9.541306062133469990e-01,-3.573136828231385786e-01,2.255399551963059579e-01,7.671016565166136614e-01,-2.392851318910237390e-01,5.821927040591452496e-01,-1.034311679245107918e+00,2.424534170115494047e-01
1.250000000000000000e-01,9.535725788113045276e-01,-3.569614493511258368e-01,2.253189248537933731e-01,7.667279584625737998e-01,-2.390484161171938238e-01,5.805792811874654902e-01,-1.030871929308834867e+00,2.418718539563715630e-01
1.265624999999999944e-01,9.530151015043373253e-01,-3.566095610709186792e-01,2.250981096507785328e-01,7.663546300949410917e-01,-2.388119332516362991e-01,5.789712220077498639e-01,-1.027446142214503810e+00,2.412918565387254799e-01
1.281249999999999889e-01,9.524581737533455161e-01,-3.562580176465228177e-01,2.248775093809003145e-01,7.659816710499749437e-01,-2.385756830659734318e-01,5.773685047560050965e-01,-1.024034250252879197e+00,2.407134198282450399e-01
1.296875000000000111e-01,9.519017950197543598e-01,-3.559068187422664287e-01,2.246571238379876101e-01,7.656090809642912554e-01,-2.383396653320502268e-01,5.757711077737379668e-01,-1.020636186092466868e+00,2.401365389131393246e-01
1.312500000000000056e-01,9.513459647655130302e-01,-3.555559640227994311e-01,2.244369528160593263e-01,7.652368594748624187e-01,-2.381038798219343722e-01,5.741790095073674438e-01,-1.017251882777165939e+00,2.395612089001096512e-01
1.328125000000000000e-01,9.507906824530947265e-01,-3.552054531530937087e-01,2.242169961093241071e-01,7.648650062190164300e-01,-2.378683263079157950e-01,5.725921885076392659e-01,-1.013881273723935328e+00,2.389874249142668605e-01
1.343750000000000222e-01,9.502359475454955628e-01,-3.548552857984423881e-01,2.239972535121803054e-01,7.644935208344373345e-01,-2.376330045625065779e-01,5.710106234290455163e-01,-1.010524292720477835e+00,2.384151820990491333e-01
1.359375000000000167e-01,9.496817595062346795e-01,-3.545054616244597279e-01,2.237777248192156787e-01,7.641224029591642264e-01,-2.373979143584407925e-01,5.694342930292467519e-01,-1.007180873922937980e+00,2.378444756161401663e-01
1.375000000000000111e-01,9.491281177993532436e-01,-3.541559802970808413e-01,2.235584098252073326e-01,7.637516522315910272e-01,-2.371630554686741388e-01,5.678631761684982404e-01,-1.003850951853617612e+00,2.372753006453877378e-01
1.390625000000000056e-01,9.485750218894142272e-01,-3.538068414825612518e-01,2.233393083251216105e-01,7.633812682904664859e-01,-2.369284276663838340e-01,5.662972518090795271e-01,-1.000534461398704167e+00,2.367076523847228275e-01
1.406250000000000000e-01,9.480224712415017407e-01,-3.534580448474767822e-01,2.231204201141138710e-01,7.630112507748935124e-01,-2.366940307249683906e-01,5.647364990147276664e-01,-9.972313378060180256e-01,2.361415260500790703e-01
1.421875000000000222e-01,9.474704653212208116e-01,-3.531095900587231662e-01,2.229017449875283219e-01,7.626415993243288449e-01,-2.364598644180473663e-01,5.631808969500740059e-01,-9.939415166827714199e-01,2.355769168753125975e-01
1.437500000000000167e-01,9.469190035946966066e-01,-3.527614767835157705e-01,2.226832827408979365e-01,7.622723135785828275e-01,-2.362259285194611702e-01,5.616304248800840782e-01,-9.906649339933452092e-01,2.350138201121222958e-01
1.453125000000000111e-01,9.463680855285738769e-01,-3.524137046893892622e-01,2.224650331699442596e-01,7.619033931778188551e-01,-2.359922228032708680e-01,5.600850621695018239e-01,-9.874015260570787600e-01,2.344522310299705370e-01
1.468750000000000333e-01,9.458177105900167358e-01,-3.520662734441973862e-01,2.222469960705772962e-01,7.615348377625534848e-01,-2.357587470437578769e-01,5.585447882822960342e-01,-9.841512295460760340e-01,2.338921449160042687e-01
1.484375000000000278e-01,9.452678782467081042e-01,-3.517191827161126327e-01,2.220291712388953176e-01,7.611666469736554363e-01,-2.355255010154239659e-01,5.570095827811112343e-01,-9.809139814830262205e-01,2.333335570749766053e-01
1.500000000000000222e-01,9.447185879668489328e-01,-3.513724321736258482e-01,2.218115584711846944e-01,7.607988204523459252e-01,-2.352924844929907555e-01,5.554794253267216764e-01,-9.776897192390384683e-01,2.327764628291685289e-01
1.515625000000000167e-01,9.441698392191580913e-01,-3.510260214855461802e-01,2.215941575639198136e-01,7.604313578401977747e-01,-2.350596972513997185e-01,5.539542956774882176e-01,-9.744783805314918279e-01,2.322208575183114243e-01
1.531250000000000111e-01,9.436216314728714805e-01,-3.506799503210005775e-01,2.213769683137629118e-01,7.600642587791353044e-01,-2.348271390658119295e-01,5.524341736888193077e-01,-9.712799034218998484e-01,2.316667364995096401e-01
1.546875000000000056e-01,9.430739641977419208e-01,-3.503342183494334572e-01,2.211599905175638814e-01,7.596975229114341088e-01,-2.345948097116077879e-01,5.509190393126347507e-01,-9.680942263137884973e-01,2.311140951471636618e-01
1.562500000000000000e-01,9.425268368640384864e-01,-3.499888252406065936e-01,2.209432239723601310e-01,7.593311498797203907e-01,-2.343627089643867956e-01,5.494088725968330200e-01,-9.649212879505899565e-01,2.305629288528935616e-01
1.578124999999999944e-01,9.419802489425458392e-01,-3.496437706645988408e-01,2.207266684753765029e-01,7.589651393269710722e-01,-2.341308365999675012e-01,5.479036536847619043e-01,-9.617610274135491855e-01,2.300132330254630042e-01
1.593749999999999889e-01,9.414341999045641174e-01,-3.492990542918056329e-01,2.205103238240249952e-01,7.585994908965127959e-01,-2.338991923943871121e-01,5.464033628146921506e-01,-9.586133841196449179e-01,2.294650030907033067e-01
1.609375000000000111e-01,9.408886892219079368e-01,-3.489546757929387621e-01,2.202941898159047618e-01,7.582342042320223685e-01,-2.336677761239013273e-01,5.449079803192943272e-01,-9.554782978195254239e-01,2.289182344914383327e-01
1.625000000000000056e-01,9.403437163669065013e-01,-3.486106348390262122e-01,2.200782662488018349e-01,7.578692789775258731e-01,-2.334365875649841993e-01,5.434174866251194613e-01,-9.523557085954574841e-01,2.283729226874094131e-01
1.640625000000000000e-01,9.397992808124024933e-01,-3.482669311014117697e-01,2.198625529206890417e-01,7.575047147773983358e-01,-2.332056264943278556e-01,5.419318622520823414e-01,-9.492455568592885751e-01,2.278290631552007950e-01
1.656250000000000222e-01,9.392553820317520730e-01,-3.479235642517547467e-01,2.196470496297258934e-01,7.571405112763638368e-01,-2.329748926888422778e-01,5.404510878129478169e-01,-9.461477833504239321e-01,2.272866513881654504e-01
1.671875000000000167e-01,9.387120194988242128e-01,-3.475805339620295920e-01,2.194317561742582801e-01,7.567766681194945111e-01,-2.327443859256552172e-01,5.389751440128212057e-01,-9.430623291338164904e-01,2.267456828963513304e-01
1.687500000000000111e-01,9.381691926879998089e-01,-3.472378399045257802e-01,2.192166723528185257e-01,7.564131849522108819e-01,-2.325141059821117517e-01,5.375040116486404784e-01,-9.399891355979702601e-01,2.262061532064278957e-01
1.703125000000000056e-01,9.376269010741721255e-01,-3.468954817518474787e-01,2.190017979641250556e-01,7.560500614202810832e-01,-2.322840526357742852e-01,5.360376716086726612e-01,-9.369281444529574676e-01,2.256680578616129529e-01
1.718750000000000000e-01,9.370851441327452402e-01,-3.465534591769131034e-01,2.187871328070823962e-01,7.556872971698205266e-01,-2.320542256644222423e-01,5.345761048720129027e-01,-9.338792977284485763e-01,2.251313924216001294e-01
1.734375000000000222e-01,9.365439213396343776e-01,-3.462117718529551524e-01,2.185726766807808696e-01,7.553248918472916795e-01,-2.318246248460519021e-01,5.331192925080864287e-01,-9.308425377717558513e-01,2.245961524624864869e-01
1.750000000000000167e-01,9.360032321712649095e-01,-3.458704194535200394e-01,2.183584293844965940e-01,7.549628450995040652e-01,-2.315952499588761482e-01,5.316672156761543810e-01,-9.278178072458894698e-01,2.240623335767005231e-01
1.765625000000000111e-01,9.354630761045721332e-01,-3.455294016524674272e-01,2.181443907176912889e-01,7.546011565736131521e-01,-2.313661007813242743e-01,5.302198556248208794e-01,-9.248050491276273988e-01,2.235299313729306736e-01
1.781250000000000333e-01,9.349234526170006054e-01,-3.451887181239703950e-01,2.179305604800120255e-01,7.542398259171205765e-01,-2.311371770920417901e-01,5.287771936915454107e-01,-9.218042067055975952e-01,2.229989414760539801e-01
1.796875000000000278e-01,9.343843611865040311e-01,-3.448483685425148271e-01,2.177169384712912548e-01,7.538788527778739201e-01,-2.309084786698901715e-01,5.273392113021565519e-01,-9.188152235783731969e-01,2.224693595270653967e-01
1.812500000000000222e-01,9.338458012915439310e-01,-3.445083525828991911e-01,2.175035244915464738e-01,7.535182368040657108e-01,-2.306800052939466938e-01,5.259058899703689116e-01,-9.158380436525805912e-01,2.219411811830070969e-01
1.828125000000000167e-01,9.333077724110903084e-01,-3.441686699202343713e-01,2.172903183409801986e-01,7.531579776442336449e-01,-2.304517567435042380e-01,5.244772112973039579e-01,-9.128726111410193633e-01,2.214144021168984178e-01
1.843750000000000111e-01,9.327702740246200941e-01,-3.438293202299432250e-01,2.170773198199797971e-01,7.527980749472604760e-01,-2.302237327980709847e-01,5.230531569710122897e-01,-9.099188705607961225e-01,2.208890180176661111e-01
1.859375000000000056e-01,9.322333056121174799e-01,-3.434903031877604151e-01,2.168645287291172952e-01,7.524385283623726828e-01,-2.299959332373703591e-01,5.216337087660002370e-01,-9.069767667314695414e-01,2.203650245900747873e-01
1.875000000000000000e-01,9.316968666540728083e-01,-3.431516184697320226e-01,2.166519448691492933e-01,7.520793375391412461e-01,-2.297683578413406980e-01,5.202188485427583498e-01,-9.040462447732082740e-01,2.198424175546579984e-01
1.890624999999999944e-01,9.311609566314826836e-01,-3.428132657522152682e-01,2.164395680410167166e-01,7.517205021274805388e-01,-2.295410063901350273e-01,5.188085582472935497e-01,-9.011272501049614192e-01,2.193211926476493212e-01
1.906249999999999889e-01,9.306255750258486392e-01,-3.424752447118783460e-01,2.162273980458447875e-01,7.513620217776485477e-01,-2.293138786641210347e-01,5.174028199106628367e-01,-8.982197284426401973e-01,2.188013456209140783e-01
1.921875000000000111e-01,9.300907213191776934e-01,-3.421375550256999798e-01,2.160154346849427476e-01,7.510038961402459856e-01,-2.290869744438805977e-01,5.160016156485118799e-01,-8.953236257973128387e-01,2.182828722418812539e-01
1.937500000000000056e-01,9.295563949939811277e-01,-3.418001963709692559e-01,2.158036777598038580e-01,7.506461248662162911e-01,-2.288602935102098390e-01,5.146049276606143863e-01,-8.924388884734110183e-01,2.177657682934757977e-01
1.953125000000000000e-01,9.290225955332741536e-01,-3.414631684252852351e-01,2.155921270721050942e-01,7.502887076068455174e-01,-2.286338356441187381e-01,5.132127382304151331e-01,-8.895654630669478369e-01,2.172500295740512899e-01
1.968750000000000222e-01,9.284893224205755802e-01,-3.411264708665567857e-01,2.153807824237071455e-01,7.499316440137613338e-01,-2.284076006268309367e-01,5.118250297245763303e-01,-8.867032964637480141e-01,2.167356518973228285e-01
1.984375000000000167e-01,9.279565751399072582e-01,-3.407901033730021401e-01,2.151696436166541104e-01,7.495749337389333578e-01,-2.281815882397836559e-01,5.104417845925256492e-01,-8.838523358376904060e-01,2.162226310923004713e-01
2.000000000000000111e-01,9.274243531757934145e-01,-3.404540656231487272e-01,2.149587104531735238e-01,7.492185764346724897e-01,-2.279557982646274183e-01,5.090629853660078030e-01,-8.810125286489606244e-01,2.157109630032227610e-01
2.015625000000000056e-01,9.268926560132606518e-01,-3.401183572958328405e-01,2.147479827356759963e-01,7.488625717536305793e-01,-2.277302304832257429e-01,5.076886146586381265e-01,-8.781838226423168692e-01,2.152006434894908615e-01
2.031250000000000000e-01,9.263614831378368386e-01,-3.397829780701994151e-01,2.145374602667552977e-01,7.485069193487999817e-01,-2.275048846776551170e-01,5.063186551654599299e-01,-8.753661658453663064e-01,2.146916684256026664e-01
2.046875000000000222e-01,9.258308340355511090e-01,-3.394479276257016953e-01,2.143271428491879960e-01,7.481516188735138906e-01,-2.272797606302046913e-01,5.049530896625032961e-01,-8.725595065668531047e-01,2.141840337010876560e-01
2.062500000000000167e-01,9.253007081929331967e-01,-3.391132056421007901e-01,2.141170302859334573e-01,7.477966699814448948e-01,-2.270548581233760577e-01,5.035919010063473200e-01,-8.697637933949581290e-01,2.136777352204416724e-01
2.078125000000000111e-01,9.247711050970127689e-01,-3.387788117994657289e-01,2.139071223801336796e-01,7.474420723266057554e-01,-2.268301769398830825e-01,5.022350721336851231e-01,-8.669789751956090695e-01,2.131727689030624151e-01
2.093750000000000333e-01,9.242420242353195370e-01,-3.384447457781728508e-01,2.136974189351130149e-01,7.470878255633482956e-01,-2.266057168626517404e-01,5.008825860608906444e-01,-8.642050011108027840e-01,2.126691306831848538e-01
2.109375000000000278e-01,9.237134650958820359e-01,-3.381110072589058047e-01,2.134879197543781970e-01,7.467339293463634009e-01,-2.263814776748197810e-01,4.995344258835890949e-01,-8.614418205569378539e-01,2.121668165098174186e-01
2.125000000000000222e-01,9.231854271672276235e-01,-3.377775959226550495e-01,2.132786246416180920e-01,7.463803833306806856e-01,-2.261574591597366457e-01,4.981905747762290226e-01,-8.586893832231586865e-01,2.116658223466779953e-01
2.140625000000000167e-01,9.226579099383819260e-01,-3.374445114507175214e-01,2.130695334007035036e-01,7.460271871716682712e-01,-2.259336611009632456e-01,4.968510159916578184e-01,-8.559476390697103865e-01,2.111661441721307542e-01
2.156250000000000111e-01,9.221309128988681714e-01,-3.371117535246966335e-01,2.128606458356871733e-01,7.456743405250318979e-01,-2.257100832822717118e-01,4.955157328606992762e-01,-8.532165383263040637e-01,2.106677779791228389e-01
2.171875000000000056e-01,9.216044355387069675e-01,-3.367793218265017763e-01,2.126519617508035032e-01,7.453218430468152578e-01,-2.254867254876452010e-01,4.941847087917337067e-01,-8.504960314904942420e-01,2.101707197751217504e-01
2.187500000000000000e-01,9.210784773484155252e-01,-3.364472160383480404e-01,2.124434809504684996e-01,7.449696943933995508e-01,-2.252635875012777289e-01,4.928579272702808822e-01,-8.477860693260649283e-01,2.096749655820527858e-01
2.203124999999999944e-01,9.205530378190076579e-01,-3.361154358427559941e-01,2.122352032392794963e-01,7.446178942215025964e-01,-2.250406691075738930e-01,4.915353718585851461e-01,-8.450866028614284486e-01,2.091805114362368656e-01
2.218749999999999889e-01,9.200281164419926716e-01,-3.357839809225513505e-01,2.120271284220151264e-01,7.442664421881793890e-01,-2.248179700911487888e-01,4.902170261952033536e-01,-8.423975833880330555e-01,2.086873533883288057e-01
2.234375000000000111e-01,9.195037127093754759e-01,-3.354528509608648568e-01,2.118192563036351839e-01,7.439153379508208763e-01,-2.245954902368276773e-01,4.889028739945948110e-01,-8.397189624587823031e-01,2.081954875032555885e-01
2.250000000000000056e-01,9.189798261136556956e-01,-3.351220456411316828e-01,2.116115866892803732e-01,7.435645811671542926e-01,-2.243732293296458735e-01,4.875928990467143231e-01,-8.370506918864640822e-01,2.077049098601553012e-01
2.265625000000000000e-01,9.184564561478273381e-01,-3.347915646470913664e-01,2.114041193842721711e-01,7.432141714952426037e-01,-2.241511871548484414e-01,4.862870852166072400e-01,-8.343927237421902010e-01,2.072156165523161009e-01
2.281250000000000222e-01,9.179336023053784599e-01,-3.344614076627876464e-01,2.111968541941128263e-01,7.428641085934840627e-01,-2.239293634978901659e-01,4.849854164440067783e-01,-8.317450103538462924e-01,2.067276036871156242e-01
2.296875000000000167e-01,9.174112640802903895e-01,-3.341315743725678522e-01,2.109897909244850545e-01,7.425143921206119879e-01,-2.237077581444351648e-01,4.836878767429345083e-01,-8.291075043045518234e-01,2.062408673859606190e-01
2.312500000000000111e-01,9.168894409670377277e-01,-3.338020644610827925e-01,2.107829293812518712e-01,7.421650217356944301e-01,-2.234863708803567772e-01,4.823944502013022828e-01,-8.264801584311302074e-01,2.057554037842269923e-01
2.328125000000000056e-01,9.163681324605872369e-01,-3.334728776132866446e-01,2.105762693704566757e-01,7.418159970981340612e-01,-2.232652014917373695e-01,4.811051209805172202e-01,-8.238629258225889096e-01,2.052712090312000526e-01
2.343750000000000000e-01,9.158473380563978417e-01,-3.331440135144362880e-01,2.103698106983227512e-01,7.414673178676672860e-01,-2.230442497648680578e-01,4.798198733150889073e-01,-8.212557598186097652e-01,2.047882792900149740e-01
2.359375000000000222e-01,9.153270572504199620e-01,-3.328154718500913045e-01,2.101635531712534866e-01,7.411189837043644646e-01,-2.228235154862486245e-01,4.785386915122387119e-01,-8.186586140080486240e-01,2.043066107375978713e-01
2.375000000000000167e-01,9.148072895390952919e-01,-3.324872523061137564e-01,2.099574965958319328e-01,7.407709942686295790e-01,-2.226029984425872410e-01,4.772615599515118157e-01,-8.160714422274459867e-01,2.038261995646067359e-01
2.390625000000000111e-01,9.142880344193557995e-01,-3.321593545686676863e-01,2.097516407788207748e-01,7.404233492211992340e-01,-2.223826984208002178e-01,4.759884630843912445e-01,-8.134941985595458558e-01,2.033470419753730107e-01
2.406250000000000333e-01,9.137692913886238388e-01,-3.318317783242188401e-01,2.095459855271622762e-01,7.400760482231432125e-01,-2.221626152080119210e-01,4.747193854339142316e-01,-8.109268373318250234e-01,2.028691341878432752e-01
2.421875000000000278e-01,9.132510599448114830e-01,-3.315045232595346114e-01,2.093405306479779182e-01,7.397290909358635869e-01,-2.219427485915544951e-01,4.734543115942912994e-01,-8.083693131150330169e-01,2.023924724335213199e-01
2.437500000000000222e-01,9.127333395863197474e-01,-3.311775890616835971e-01,2.091352759485684276e-01,7.393824770210946085e-01,-2.217230983589676963e-01,4.721932262305268968e-01,-8.058215807217390392e-01,2.019170529574103312e-01
2.453125000000000167e-01,9.122161298120383677e-01,-3.308509754180353202e-01,2.089302212364136102e-01,7.390362061409024852e-01,-2.215036642979986425e-01,4.709361140780429222e-01,-8.032835952048913430e-01,2.014428720179556875e-01
2.468750000000000111e-01,9.116994301213456886e-01,-3.305246820162600074e-01,2.087253663191720732e-01,7.386902779576844935e-01,-2.212844461966016196e-01,4.696829599423041346e-01,-8.007553118563837113e-01,2.009699258869876437e-01
2.484375000000000056e-01,9.111832400141074428e-01,-3.301987085443281456e-01,2.085207110046812251e-01,7.383446921341694225e-01,-2.210654438429380253e-01,4.684337486984459509e-01,-7.982366862056325951e-01,2.004982108496645432e-01
2.500000000000000000e-01,9.106675589906769730e-01,-3.298730546905105920e-01,2.083162551009570818e-01,7.379994483334169075e-01,-2.208466570253758698e-01,4.671884652909044644e-01,-7.957276740181630226e-01,2.000277232044163911e-01
2.515625000000000222e-01,9.101523865518941214e-01,-3.295477201433777981e-01,2.081119984161940717e-01,7.376545462188168756e-01,-2.206280855324899426e-01,4.659470947330486279e-01,-7.932282312942037228e-01,1.995584592628883158e-01
2.531249999999999889e-01,9.096377221990853412e-01,-3.292227045917999195e-01,2.079079407587649531e-01,7.373099854540896558e-01,-2.204097291530612845e-01,4.647096221068146016e-01,-7.907383142672917975e-01,1.990904153498848361e-01
2.546874999999999556e-01,9.091235654340631411e-01,-3.288980077249463174e-01,2.077040819372206193e-01,7.369657657032852027e-01,-2.201915876760771884e-01,4.634760325623420996e-01,-7.882578794028859415e-01,1.986235878033139612e-01
2.562499999999999778e-01,9.086099157591250863e-01,-3.285736292322853913e-01,2.075004217602900158e-01,7.366218866307833180e-01,-2.199736608907309210e-01,4.622463113176134009e-01,-7.857868833969889888e-01,1.981579729741317075e-01
2.578125000000000000e-01,9.080967726770539095e-01,-3.282495688035841908e-01,2.072969600368798904e-01,7.362783479012927623e-01,-2.197559485864215845e-01,4.610204436580940812e-01,-7.833252831747795630e-01,1.976935672262870591e-01
2.593750000000000222e-01,9.075841356911169555e-01,-3.279258261289083598e-01,2.070936965760747095e-01,7.359351491798514777e-01,-2.195384505527538110e-01,4.597984149363759099e-01,-7.808730358892521650e-01,1.972303669366670120e-01
2.609375000000000444e-01,9.070720043050654047e-01,-3.276024008986215263e-01,2.068906311871366033e-01,7.355922901318255880e-01,-2.193211665795376797e-01,4.585802105718220223e-01,-7.784300989198668086e-01,1.967683684950417844e-01
2.625000000000000111e-01,9.065603780231342723e-01,-3.272792928033853577e-01,2.066877636795049766e-01,7.352497704229099540e-01,-2.191040964567884664e-01,4.573658160502141468e-01,-7.759964298712064279e-01,1.963075683040106933e-01
2.640624999999999778e-01,9.060492563500412988e-01,-3.269565015341590608e-01,2.064850938627966204e-01,7.349075897191269524e-01,-2.188872399747263942e-01,4.561552169234017740e-01,-7.735719865716440546e-01,1.958479627789477540e-01
2.656250000000000000e-01,9.055386387909872825e-01,-3.266340267821991605e-01,2.062826215468053781e-01,7.345657476868269198e-01,-2.186705969237765224e-01,4.549483988089534359e-01,-7.711567270720177669e-01,1.953895483479480832e-01
2.671875000000000222e-01,9.050285248516548586e-01,-3.263118682390593328e-01,2.060803465415021463e-01,7.342242439926871533e-01,-2.184541670945685243e-01,4.537453473898106493e-01,-7.687506096443150749e-01,1.949323214517742209e-01
2.687500000000000444e-01,9.045189140382086102e-01,-3.259900255965898497e-01,2.058782686570345688e-01,7.338830783037123551e-01,-2.182379502779364377e-01,4.525460484139427475e-01,-7.663535927803653003e-01,1.944762785438027552e-01
2.703125000000000666e-01,9.040098058572942907e-01,-3.256684985469377458e-01,2.056763877037270649e-01,7.335422502872334105e-01,-2.180219462649185813e-01,4.513504876940047095e-01,-7.639656351905399490e-01,1.940214160899713935e-01
2.718750000000000333e-01,9.035011998160383806e-01,-3.253472867825460968e-01,2.054747034920805238e-01,7.332017596109079438e-01,-2.178061548467571662e-01,4.501586511069968766e-01,-7.615866958024631872e-01,1.935677305687260596e-01
2.734375000000000000e-01,9.029930954220477535e-01,-3.250263899961540193e-01,2.052732158327722767e-01,7.328616059427194296e-01,-2.175905758148983238e-01,4.489705245939260569e-01,-7.592167337597280907e-01,1.931152184709683528e-01
2.750000000000000222e-01,9.024854921834092325e-01,-3.247058078807962267e-01,2.050719245366558197e-01,7.325217889509770819e-01,-2.173752089609917448e-01,4.477860941594692390e-01,-7.568557084206238850e-01,1.926638763000032839e-01
2.765625000000000444e-01,9.019783896086888131e-01,-3.243855401298028629e-01,2.048708294147608688e-01,7.321823083043154101e-01,-2.171600540768905130e-01,4.466053458716394142e-01,-7.545035793568698468e-01,1.922137005714873448e-01
2.781250000000000111e-01,9.014717872069317739e-01,-3.240655864367993355e-01,2.046699302782929719e-01,7.318431636716942190e-01,-2.169451109546509937e-01,4.454282658614527879e-01,-7.521603063523575328e-01,1.917646878133765220e-01
2.796874999999999778e-01,9.009656844876614556e-01,-3.237459464957057609e-01,2.044692269386336192e-01,7.315043547223977205e-01,-2.167303793865325567e-01,4.442548403225980991e-01,-7.498258494019012232e-01,1.913168345658749769e-01
2.812500000000000000e-01,9.004600809608794831e-01,-3.234266200007367420e-01,2.042687192073397995e-01,7.311658811260348667e-01,-2.165158591649973541e-01,4.430850555111083833e-01,-7.475001687099969150e-01,1.908701373813836144e-01
2.828125000000000222e-01,8.999549761370649881e-01,-3.231076066464014795e-01,2.040684068961441666e-01,7.308277425525386839e-01,-2.163015500827102366e-01,4.419188977450340672e-01,-7.451832246895888634e-01,1.904245928244491792e-01
2.843750000000000444e-01,8.994503695271743871e-01,-3.227889061275029947e-01,2.038682898169546509e-01,7.304899386721659393e-01,-2.160874519325384213e-01,4.407563534041184505e-01,-7.428749779608440074e-01,1.899801974717133801e-01
2.859375000000000666e-01,8.989462606426402713e-01,-3.224705181391380182e-01,2.036683677818544314e-01,7.301524691554968083e-01,-2.158735645075514353e-01,4.395974089294744647e-01,-7.405753893499343876e-01,1.895369479118624301e-01
2.875000000000000333e-01,8.984426489953718509e-01,-3.221524423766969902e-01,2.034686406031017969e-01,7.298153336734348740e-01,-2.156598876010207555e-01,4.384420508232643177e-01,-7.382844198878277808e-01,1.890948407455767810e-01
2.890625000000000000e-01,8.979395340977539552e-01,-3.218346785358633944e-01,2.032691080931298966e-01,7.294785318972062393e-01,-2.154464210064198082e-01,4.372902656483798056e-01,-7.360020308090856611e-01,1.886538725854809140e-01
2.906250000000000222e-01,8.974369154626464784e-01,-3.215172263126135910e-01,2.030697700645467119e-01,7.291420634983597493e-01,-2.152331645174236086e-01,4.361420400281255105e-01,-7.337281835506686001e-01,1.882140400560937676e-01
2.921875000000000444e-01,8.969347926033843788e-01,-3.212000854032167618e-01,2.028706263301348345e-01,7.288059281487666574e-01,-2.150201179279085939e-01,4.349973606459036080e-01,-7.314628397507506596e-01,1.877753397937790003e-01
2.937500000000000666e-01,8.964331650337767909e-01,-3.208832555042344659e-01,2.026716767028514110e-01,7.284701255206196269e-01,-2.148072810319525960e-01,4.338562142449000070e-01,-7.292059612475398911e-01,1.873377684466958071e-01
2.953125000000000888e-01,8.959320322681069149e-01,-3.205667363125202507e-01,2.024729209958278930e-01,7.281346552864335075e-01,-2.145946536238343416e-01,4.327185876277729881e-01,-7.269575100781074939e-01,1.869013226747497647e-01
2.968750000000000555e-01,8.954313938211312385e-01,-3.202505275252195971e-01,2.022743590223698706e-01,7.277995171190440038e-01,-2.143822354980335909e-01,4.315844676563432292e-01,-7.247174484772234138e-01,1.864659991495439817e-01
2.984375000000000222e-01,8.949312492080793158e-01,-3.199346288397695859e-01,2.020759905959571279e-01,7.274647106916078965e-01,-2.141700264492306660e-01,4.304538412512859957e-01,-7.224857388762009336e-01,1.860317945543304985e-01
3.000000000000000444e-01,8.944315979446529896e-01,-3.196190399538985649e-01,2.018778155302432264e-01,7.271302356776027098e-01,-2.139580262723063953e-01,4.293266953918246642e-01,-7.202623439017469265e-01,1.855987055839619371e-01
3.031250000000000333e-01,8.934337735318459428e-01,-3.189887903732616659e-01,2.014820447363951661e-01,7.264622785853963594e-01,-2.135346517146185230e-01,4.270827935175128820e-01,-7.158403493095335524e-01,1.847358613548871209e-01
3.062500000000000222e-01,8.924379167177596273e-01,-3.183597763709514195e-01,2.010870451535273495e-01,7.257956432366458044e-01,-2.131121101880190105e-01,4.248526590266251679e-01,-7.114511695788938717e-01,1.838774402513259631e-01
3.093750000000000111e-01,8.914440236449749921e-01,-3.177319955392538531e-01,2.006928152971146628e-01,7.251303270306824755e-01,-2.126904000587522547e-01,4.226361898298655051e-01,-7.070945126421763760e-01,1.830234162448399482e-01
3.125000000000000000e-01,8.904520904635899736e-01,-3.171054454750896756e-01,2.002993536854006107e-01,7.244663273719382790e-01,-2.122695196962517128e-01,4.204332847459236189e-01,-7.027700894502466600e-01,1.821737634880356005e-01
3.156249999999999889e-01,8.894621133312047290e-01,-3.164801237800059508e-01,1.999066588393926813e-01,7.238036416699358266e-01,-2.118494674731339067e-01,4.182438434920970338e-01,-6.984776139374521131e-01,1.813284563130715399e-01
3.187499999999999778e-01,8.884740884129075367e-01,-3.158560280601670489e-01,1.995147292828576557e-01,7.231422673392781109e-01,-2.114302417651921229e-01,4.160677666750219328e-01,-6.942168029870312562e-01,1.804874692301799421e-01
3.218750000000000222e-01,8.874880118812601415e-01,-3.152331559263465421e-01,1.991235635423171391e-01,7.224822017996388457e-01,-2.110118409513903059e-01,4.139049557815110969e-01,-6.899873763969648355e-01,1.796507769262021270e-01
3.250000000000000111e-01,8.865038799162833216e-01,-3.146115049939180452e-01,1.987331601470426756e-01,7.218234424757525858e-01,-2.105942634138569247e-01,4.117553131694984270e-01,-6.857890568462591263e-01,1.788183542631380518e-01
3.281250000000000000e-01,8.855216887054427888e-01,-3.139910728828471109e-01,1.983435176290513635e-01,7.211659867974048455e-01,-2.101775075378788382e-01,4.096187420590877704e-01,-6.816215698616581165e-01,1.779901762767097106e-01
3.312500000000000444e-01,8.845414344436345333e-01,-3.133718572176824035e-01,1.979546345231010529e-01,7.205098321994222177e-01,-2.097615717118952172e-01,4.074951465237049431e-01,-6.774846437847767966e-01,1.771662181749382170e-01
3.343750000000000333e-01,8.835631133331709464e-01,-3.127538556275470949e-01,1.975665093666858496e-01,7.198549761216623821e-01,-2.093464543274913547e-01,4.053844314813525029e-01,-6.733780097396517839e-01,1.763464553367344589e-01
3.375000000000000222e-01,8.825867215837660540e-01,-3.121370657461305376e-01,1.971791407000315077e-01,7.192014160090043351e-01,-2.089321537793926986e-01,4.032865026859645541e-01,-6.693014016007015066e-01,1.755308633105030769e-01
3.406250000000000111e-01,8.816122554125214172e-01,-3.115214852116796052e-01,1.967925270660906556e-01,7.185491493113390638e-01,-2.085186684654586620e-01,4.012012667188613046e-01,-6.652545559610920645e-01,1.747194178127597641e-01
3.437500000000000000e-01,8.806397110439122544e-01,-3.109071116669901436e-01,1.964066670105384382e-01,7.178981734835587769e-01,-2.081059967866766003e-01,3.991286309803022125e-01,-6.612372121015015480e-01,1.739120947267616402e-01
3.468750000000000444e-01,8.796690847097725641e-01,-3.102939427593984778e-01,1.960215590817677156e-01,7.172484859855482453e-01,-2.076941371471557607e-01,3.970685036811353319e-01,-6.572491119592793751e-01,1.731088701011505859e-01
3.500000000000000333e-01,8.787003726492818023e-01,-3.096819761407730298e-01,1.956372018308845939e-01,7.166000842821741434e-01,-2.072830879541212312e-01,3.950207938345433600e-01,-6.532900000979934285e-01,1.723097201486095686e-01
3.531250000000000222e-01,8.777335711089498949e-01,-3.090712094675058808e-01,1.952535938117037073e-01,7.159529658432759458e-01,-2.068728476179079456e-01,3.929854112478835537e-01,-6.493596236773606645e-01,1.715146212445313179e-01
3.562500000000000666e-01,8.767686763426035812e-01,-3.084616404005039447e-01,1.948707335807438601e-01,7.153071281436558237e-01,-2.064634145519545216e-01,3.909622665146211817e-01,-6.454577324235556413e-01,1.707235499256999078e-01
3.593750000000000555e-01,8.758056846113723148e-01,-3.078532666051810862e-01,1.944886196972231418e-01,7.146625686630692087e-01,-2.060547871727974878e-01,3.889512710063554590e-01,-6.415840785998927487e-01,1.699364828889846357e-01
3.625000000000000444e-01,8.748445921836739414e-01,-3.072460857514491828e-01,1.941072507230545974e-01,7.140192848862151331e-01,-2.056469639000649829e-01,3.869523368649361306e-01,-6.377384169778747003e-01,1.691533969900460843e-01
3.656250000000000333e-01,8.738853953352009318e-01,-3.066400955137100759e-01,1.937266252228415642e-01,7.133772743027261276e-01,-2.052399431564710941e-01,3.849653769946702053e-01,-6.339205048086057337e-01,1.683742692420545362e-01
3.687500000000000222e-01,8.729280903489062826e-01,-3.060352935708469113e-01,1.933467417638730923e-01,7.127365344071592279e-01,-2.048337233678096114e-01,3.829903050546175081e-01,-6.301301017945610816e-01,1.675990768144202392e-01
3.718750000000000111e-01,8.719726735149893049e-01,-3.054316776062159788e-01,1.929675989161193650e-01,7.120970626989859831e-01,-2.044283029629482273e-01,3.810270354509736057e-01,-6.263669700617110481e-01,1.668277970315357739e-01
3.750000000000000000e-01,8.710191411308820797e-01,-3.048292453076381081e-01,1.925891952522272577e-01,7.114588566825829075e-01,-2.040236803738224580e-01,3.790754833295397197e-01,-6.226308741319920292e-01,1.660604073715300499e-01
3.781249999999999889e-01,8.700674895012352472e-01,-3.042279943673905085e-01,1.922115293475155640e-01,7.108219138672218218e-01,-2.036198540354298980e-01,3.771355645682775704e-01,-6.189215808961221477e-01,1.652968854650339048e-01
3.812499999999999778e-01,8.691177149379037958e-01,-3.036279224821983869e-01,1.918345997799707492e-01,7.101862317670607494e-01,-2.032168223858240030e-01,3.752071957699493199e-01,-6.152388595867550602e-01,1.645372090939574705e-01
3.843750000000000222e-01,8.681698137599339615e-01,-3.030290273532263989e-01,1.914584051302420653e-01,7.095518079011335910e-01,-2.028145838661084555e-01,3.732902942548403380e-01,-6.115824817519691647e-01,1.637813561902786430e-01
3.875000000000000111e-01,8.672237822935485729e-01,-3.024313066860707666e-01,1.910829439816373321e-01,7.089186397933414652e-01,-2.024131369204310582e-01,3.713847780535645127e-01,-6.079522212290855432e-01,1.630293048348431528e-01
3.906250000000000000e-01,8.662796168721338397e-01,-3.018347581907505628e-01,1.907082149201181909e-01,7.082867249724422720e-01,-2.020124799959779338e-01,3.694905658999508846e-01,-6.043478541188123110e-01,1.622810332561755442e-01
3.937500000000000444e-01,8.653373138362250305e-01,-3.012393795816996622e-01,1.903342165342956083e-01,7.076560609720422557e-01,-2.016126115429675847e-01,3.676075772240104955e-01,-6.007691587597090432e-01,1.615365198293012838e-01
3.968750000000000333e-01,8.643968695334930397e-01,-3.006451685777582483e-01,1.899609474154254629e-01,7.070266453305856791e-01,-2.012135300146451200e-01,3.657357321449826726e-01,-5.972159157029693910e-01,1.607957430745799443e-01
4.000000000000000222e-01,8.634582803187305089e-01,-3.000521229021649861e-01,1.895884061574038826e-01,7.063984755913457203e-01,-2.008152338672762605e-01,3.638749514644594729e-01,-5.936879076875146710e-01,1.600586816565489623e-01
4.031250000000000111e-01,8.625215425538380609e-01,-2.994602402825481957e-01,1.892165913567627755e-01,7.057715493024150355e-01,-2.004177215601415096e-01,3.620251566595875659e-01,-5.901849196153965416e-01,1.593253143827782770e-01
4.062500000000000000e-01,8.615866526078106435e-01,-2.988695184509180813e-01,1.888455016126653896e-01,7.051458640166964331e-01,-2.000209915555304085e-01,3.601862698763464987e-01,-5.867067385275039904e-01,1.585956202027355155e-01
4.093750000000000444e-01,8.606536068567238740e-01,-2.982799551436583485e-01,1.884751355269017326e-01,7.045214172918933260e-01,-1.996250423187356515e-01,3.583582139229022911e-01,-5.832531535795700828e-01,1.578695782066616426e-01
4.125000000000000333e-01,8.597224016837201610e-01,-2.976915481015180442e-01,1.881054917038840479e-01,7.038982066905001833e-01,-1.992298723180472020e-01,3.565409122630359695e-01,-5.798239560184749175e-01,1.571471676244569626e-01
4.156250000000000222e-01,8.587930334789954934e-01,-2.971042950696031748e-01,1.877365687506424297e-01,7.032762297797937601e-01,-1.988354800247466025e-01,3.547342890096448764e-01,-5.764189391588406819e-01,1.564283678245775300e-01
4.187500000000000666e-01,8.578654986397856730e-01,-2.965181937973688786e-01,1.873683652768202146e-01,7.026554841318231048e-01,-1.984418639131010631e-01,3.529382689183176991e-01,-5.730378983599149212e-01,1.557131583129413577e-01
4.218750000000000555e-01,8.569397935703523261e-01,-2.959332420386109885e-01,1.870008798946695416e-01,7.020359673234006781e-01,-1.980490224603577432e-01,3.511527773809803854e-01,-5.696806310027385800e-01,1.550015187318452836e-01
4.250000000000000444e-01,8.560159146819699139e-01,-2.953494375514580383e-01,1.866341112190468832e-01,7.014176769360928043e-01,-1.976569541467380342e-01,3.493777404196134473e-01,-5.663469364675941531e-01,1.542934288588910519e-01
4.281250000000000333e-01,8.550938583929120762e-01,-2.947667780983629360e-01,1.862680578674085485e-01,7.008006105562104571e-01,-1.972656574554316200e-01,3.476130846800393193e-01,-5.630366161117307255e-01,1.535888686059218022e-01
4.312500000000000222e-01,8.541736211284378655e-01,-2.941852614460951365e-01,1.859027184598062155e-01,7.001847657748001552e-01,-1.968751308725908700e-01,3.458587374257787173e-01,-5.597494732473626833e-01,1.528878180179680524e-01
4.343750000000000111e-01,8.532551993207784236e-01,-2.936048853657323154e-01,1.855380916188824891e-01,6.995701401876344150e-01,-1.964853728873250938e-01,3.441146265319753317e-01,-5.564853131199374303e-01,1.521902572722033942e-01
4.375000000000000000e-01,8.523385894091237702e-01,-2.930256476326523196e-01,1.851741759698664058e-01,6.989567313952027572e-01,-1.960963819916947126e-01,3.423806804793881331e-01,-5.532439428866696707e-01,1.514961666769096271e-01
4.406249999999999889e-01,8.514237878396089254e-01,-2.924475460265252291e-01,1.848109701405689920e-01,6.983445370027024923e-01,-1.957081566807056250e-01,3.406568283484502913e-01,-5.500251715953377030e-01,1.508055266704514397e-01
4.437499999999999778e-01,8.505107910653010306e-01,-2.918705783313050306e-01,1.844484727613787678e-01,6.977335546200291727e-01,-1.953206954523035166e-01,3.389429998133940414e-01,-5.468288101633385079e-01,1.501183178202604440e-01
4.468750000000000222e-01,8.495995955461852489e-01,-2.912947423352218457e-01,1.840866824652573897e-01,6.971237818617679327e-01,-1.949339968073680041e-01,3.372391251364403875e-01,-5.436546713569991862e-01,1.494345208218282595e-01
4.500000000000000111e-01,8.486901977491522198e-01,-2.907200358307737154e-01,1.837255978877351814e-01,6.965152163471839408e-01,-1.945480592497071670e-01,3.355451351620532541e-01,-5.405025697711401955e-01,1.487541164977090880e-01
4.531250000000000000e-01,8.477825941479842919e-01,-2.901464566147187174e-01,1.833652176669066103e-01,6.959078557002136289e-01,-1.941628812860517472e-01,3.338609613112570873e-01,-5.373723218088866105e-01,1.480770857965309495e-01
4.562500000000000444e-01,8.468767812233423120e-01,-2.895740024880667507e-01,1.830055404434259569e-01,6.953016975494549223e-01,-1.937784614260494309e-01,3.321865355760170724e-01,-5.342637456617264080e-01,1.474034097920162711e-01
4.593750000000000333e-01,8.459727554627521906e-01,-2.890026712560718192e-01,1.826465648605028469e-01,6.946967395281590241e-01,-1.933947981822593531e-01,3.305217905136813572e-01,-5.311766612898103368e-01,1.467330696820109415e-01
4.625000000000000222e-01,8.450705133605919128e-01,-2.884324607282238162e-01,1.822882895638978928e-01,6.940929792742205340e-01,-1.930118900701463247e-01,3.288666592414843937e-01,-5.281108904024904849e-01,1.460660467875224966e-01
4.656250000000000111e-01,8.441700514180782156e-01,-2.878633687182406975e-01,1.819307132019180873e-01,6.934904144301686779e-01,-1.926297356080751977e-01,3.272210754311109526e-01,-5.250662564390957687e-01,1.454023225517668827e-01
4.687500000000000000e-01,8.432713661432532648e-01,-2.872953930440604320e-01,1.815738344254126668e-01,6.928890426431583149e-01,-1.922483333173053421e-01,3.255849733033195359e-01,-5.220425845499395701e-01,1.447418785392236285e-01
4.718750000000000444e-01,8.423744540509717771e-01,-2.867285315278331193e-01,1.812176518877684772e-01,6.922888615649611666e-01,-1.918676817219849562e-01,3.239582876226248520e-01,-5.190397015775578549e-01,1.440846964346997605e-01
4.750000000000000333e-01,8.414793116628874747e-01,-2.861627819959132180e-01,1.808621642449056988e-01,6.916898688519560467e-01,-1.914877793491454872e-01,3.223409536920389118e-01,-5.160574360381734449e-01,1.434307580424021566e-01
4.781250000000000222e-01,8.405859355074403183e-01,-2.855981422788513302e-01,1.805073701552734056e-01,6.910920621651204243e-01,-1.911086247286960249e-01,3.207329073478691894e-01,-5.130956181033845542e-01,1.427800452850180313e-01
4.812500000000000666e-01,8.396943221198431839e-01,-2.850346102113864299e-01,1.801532682798451801e-01,6.904954391700214300e-01,-1.907302163934177508e-01,3.191340849545739600e-01,-5.101540795820742602e-01,1.421325402028037477e-01
4.843750000000000555e-01,8.388044680420688737e-01,-2.844721836324381470e-01,1.797998572821147001e-01,6.898999975368066417e-01,-1.903525528789583032e-01,3.175444233996738697e-01,-5.072326539025379111e-01,1.414882249526820401e-01
4.875000000000000444e-01,8.379163698228369039e-01,-2.839108603850986068e-01,1.794471358280914641e-01,6.893057349401954248e-01,-1.899756327238263376e-01,3.159638600887187398e-01,-5.043311760948252509e-01,1.408470818073468966e-01
4.906250000000000333e-01,8.370300240176008488e-01,-2.833506383166249365e-01,1.790951025862962676e-01,6.887126490594696060e-01,-1.895994544693858641e-01,3.143923329403094935e-01,-5.014494827732958182e-01,1.402090931543767960e-01
4.937500000000000222e-01,8.361454271885349065e-01,-2.827915152784309938e-01,1.787437562277569281e-01,6.881207375784650360e-01,-1.892240166598507800e-01,3.128297803811741495e-01,-4.985874121193836772e-01,1.395742414953556887e-01
4.968750000000000111e-01,8.352625759045213538e-01,-2.822334891260799283e-01,1.783930954260039281e-01,6.875299981855623743e-01,-1.888493178422792906e-01,3.112761413412974965e-01,-4.957448038645680399e-01,1.389425094450019160e-01
5.000000000000000000e-01,8.343814667411372232e-01,-2.816765577192760772e-01,1.780431188570659740e-01,6.869404285736782079e-01,-1.884753565665684139e-01,3.097313552491033350e-01,-4.929214992735497236e-01,1.383138797303047618e-01
5.031250000000000444e-01,8.335020962806413136e-01,-2.811207189218573599e-01,1.776938251994657214e-01,6.863520264402562798e-01,-1.881021313854484844e-01,3.081953620266892901e-01,-4.901173411276275593e-01,1.376883351896687757e-01
5.062500000000000888e-01,8.326244611119618666e-01,-2.805659706017874511e-01,1.773452131342153903e-01,6.857647894872587191e-01,-1.877296408544777140e-01,3.066681020851131922e-01,-4.873321737082749183e-01,1.370658587720658683e-01
5.093750000000001332e-01,8.317485578306830218e-01,-2.800123106311479537e-01,1.769972813448125182e-01,6.851787154211569364e-01,-1.873578835320365843e-01,3.051495163197304183e-01,-4.845658427809118596e-01,1.364464335361944558e-01
5.125000000000000666e-01,8.308743830390322715e-01,-2.794597368861305720e-01,1.766500285172354079e-01,6.845938019529234086e-01,-1.869868579793224350e-01,3.036395461055816369e-01,-4.818181955788713444e-01,1.358300426496466262e-01
5.156250000000000000e-01,8.300019333458679149e-01,-2.789082472470296170e-01,1.763034533399389925e-01,6.840100467980220200e-01,-1.866165627603439958e-01,3.021381332928303465e-01,-4.790890807875561319e-01,1.352166693880822168e-01
5.187500000000000444e-01,8.291312053666652915e-01,-2.783578395982340137e-01,1.759575545038503941e-01,6.834274476763999573e-01,-1.862469964419159740e-01,3.006452202022497078e-01,-4.763783485287855779e-01,1.346062971344105241e-01
5.218750000000000888e-01,8.282621957235053456e-01,-2.778085118282196397e-01,1.756123307023647329e-01,6.828460023124787170e-01,-1.858781575936535591e-01,2.991607496207579486e-01,-4.736858503453280078e-01,1.339989093779790919e-01
5.250000000000000222e-01,8.273949010450606378e-01,-2.772602618295417765e-01,1.752677806313406306e-01,6.822657084351454460e-01,-1.855100447879669823e-01,2.976846647970020077e-01,-4.710114391856172200e-01,1.333944897137696040e-01
5.281249999999999556e-01,8.265293179665834655e-01,-2.767130874988272260e-01,1.749239029890960750e-01,6.816865637777439479e-01,-1.851426566000561325e-01,2.962169094369880851e-01,-4.683549693886500109e-01,1.327930218416010222e-01
5.312500000000000000e-01,8.256654431298925401e-01,-2.761669867367667619e-01,1.745806964764039515e-01,6.811085660780662465e-01,-1.847759916079051157e-01,2.947574276997597664e-01,-4.657162966690641115e-01,1.321944895653394958e-01
5.343750000000000444e-01,8.248032731833606634e-01,-2.756219574481073020e-01,1.742381597964878792e-01,6.805317130783440360e-01,-1.844100483922768707e-01,2.933061641931222208e-01,-4.630952781023922049e-01,1.315988767921155433e-01
5.374999999999999778e-01,8.239428047819021828e-01,-2.750779975416445811e-01,1.738962916550178539e-01,6.799560025252395778e-01,-1.840448255367078401e-01,2.918630639694122508e-01,-4.604917721104905826e-01,1.310061675315479235e-01
5.406249999999999112e-01,8.230840345869600005e-01,-2.745351049302151014e-01,1.735550907601059734e-01,6.793814321698373737e-01,-1.836803216275024186e-01,2.904280725213133074e-01,-4.579056384471403840e-01,1.304163458949741117e-01
5.437499999999999556e-01,8.222269592664928073e-01,-2.739932775306886947e-01,1.732145558223020798e-01,6.788079997676351729e-01,-1.833165352537277082e-01,2.890011357777158563e-01,-4.553367381838192562e-01,1.298293960946878822e-01
5.468750000000000000e-01,8.213715754949633130e-01,-2.734525132639610834e-01,1.728746855545896244e-01,6.782357030785357566e-01,-1.829534650072081881e-01,2.875822000996212657e-01,-4.527849336956405457e-01,1.292453024431834407e-01
5.500000000000000444e-01,8.205178799533248135e-01,-2.729128100549460534e-01,1.725354786723813094e-01,6.776645398668382780e-01,-1.825911094825202752e-01,2.861712122760901034e-01,-4.502500886474587460e-01,1.286640493524059681e-01
5.531250000000000888e-01,8.196658693290089781e-01,-2.723741658325678494e-01,1.721969338935147864e-01,6.770945079012292700e-01,-1.822294672769870227e-01,2.847681195202326765e-01,-4.477320679801384262e-01,1.280856213330089644e-01
5.562500000000000222e-01,8.188155403159135259e-01,-2.718365785297537918e-01,1.718590499382484649e-01,6.765256049547746509e-01,-1.818685369906728189e-01,2.833728694652432600e-01,-4.452307378969846963e-01,1.275100029936179213e-01
5.593749999999999556e-01,8.179668896143893475e-01,-2.713000460834265604e-01,1.715218255292572380e-01,6.759578288049106209e-01,-1.815083172263779743e-01,2.819854101604755137e-01,-4.427459658503336559e-01,1.269371790401003508e-01
5.625000000000000000e-01,8.171199139312282922e-01,-2.707645664344967007e-01,1.711852593916281251e-01,6.753911772334354469e-01,-1.811488065896335042e-01,2.806056900675603094e-01,-4.402776205282997180e-01,1.263671342748423909e-01
5.656250000000000444e-01,8.162746099796507337e-01,-2.702301375278551299e-01,1.708493502528562469e-01,6.748256480265008017e-01,-1.807900036886958550e-01,2.792336580565642490e-01,-4.378255718416794173e-01,1.257998535960313802e-01
5.687500000000000888e-01,8.154309744792928027e-01,-2.696967573123656425e-01,1.705140968428404125e-01,6.742612389746033275e-01,-1.804319071345414638e-01,2.778692634021892593e-01,-4.353896909110077651e-01,1.252353219969450093e-01
5.718750000000001332e-01,8.145890041561943962e-01,-2.691644237408571949e-01,1.701794978938788450e-01,6.736979478725760861e-01,-1.800745155408616516e-01,2.765124557800119898e-01,-4.329698500537665362e-01,1.246735245652462049e-01
5.750000000000000666e-01,8.137486957427867429e-01,-2.686331347701167438e-01,1.698455521406652124e-01,6.731357725195804553e-01,-1.797178275240572665e-01,2.751631852627632324e-01,-4.305659227717426596e-01,1.241144464822845350e-01
5.781250000000000000e-01,8.129100459778798582e-01,-2.681028883608814750e-01,1.695122583202840205e-01,6.725747107190968022e-01,-1.793618417032333823e-01,2.738214023166464783e-01,-4.281777837385334351e-01,1.235580730224033474e-01
5.812500000000000444e-01,8.120730516066499982e-01,-2.675736824778314205e-01,1.691796151722067543e-01,6.720147602789168229e-01,-1.790065567001941360e-01,2.724870577976952757e-01,-4.258053087871984110e-01,1.230043895522530129e-01
5.843750000000000888e-01,8.112377093806281136e-01,-2.670455150895821861e-01,1.688476214382874652e-01,6.714559190111349940e-01,-1.786519711394375098e-01,2.711601029481692238e-01,-4.234483748980550910e-01,1.224533815301101503e-01
5.875000000000000222e-01,8.104040160576868601e-01,-2.665183841686772914e-01,1.685162758627586077e-01,6.708981847321398018e-01,-1.782980836481499742e-01,2.698404893929877146e-01,-4.211068601866169159e-01,1.219050345052025419e-01
5.906249999999999556e-01,8.095719684020283857e-01,-2.659922876915807310e-01,1.681855771922267928e-01,6.703415552626056373e-01,-1.779448928562013810e-01,2.685281691362007006e-01,-4.187806438916708007e-01,1.213593341170399603e-01
5.937500000000000000e-01,8.087415631841727848e-01,-2.654672236386697581e-01,1.678555241756687355e-01,6.697860284274845810e-01,-1.775923973961397173e-01,2.672230945574971539e-01,-4.164696063634947265e-01,1.208162660947507544e-01
5.968750000000000444e-01,8.079127971809447750e-01,-2.649431899942273350e-01,1.675261155644268973e-01,6.692316020559975209e-01,-1.772405959031858602e-01,2.659252184087501081e-01,-4.141736290522110564e-01,1.202758162564240840e-01
6.000000000000000888e-01,8.070856671754624845e-01,-2.644201847464348609e-01,1.671973501122053785e-01,6.686782739816262700e-01,-1.768894870152285248e-01,2.646344938105973932e-01,-4.118925944962756880e-01,1.197379705084578305e-01
6.031250000000001332e-01,8.062601699571247948e-01,-2.638982058873645675e-01,1.668692265750657544e-01,6.681260420421050172e-01,-1.765390693728189075e-01,2.633508742490583976e-01,-4.096263863110999326e-01,1.192027148449119750e-01
6.062500000000000666e-01,8.054363023215992401e-01,-2.633772514129725795e-01,1.665417437114229127e-01,6.675749040794121125e-01,-1.761893416191656903e-01,2.620743135721864125e-01,-4.073748891778050107e-01,1.186700353468677083e-01
6.093750000000000000e-01,8.046140610708100160e-01,-2.628573193230909766e-01,1.662149002820407506e-01,6.670248579397617394e-01,-1.758403024001297110e-01,2.608047659867553936e-01,-4.051379888321057221e-01,1.181399181817917449e-01
6.125000000000000444e-01,8.037934430129256569e-01,-2.623384076214209659e-01,1.658886950500281510e-01,6.664759014735956999e-01,-1.754919503642189682e-01,2.595421860549816939e-01,-4.029155720533234009e-01,1.176123496029062715e-01
6.156250000000000888e-01,8.029744449623473779e-01,-2.618205143155254433e-01,1.655631267808348461e-01,6.659280325355747543e-01,-1.751442841625833469e-01,2.582865286912799929e-01,-4.007075266535254365e-01,1.170873159485642662e-01
6.187500000000000222e-01,8.021570637396963077e-01,-2.613036374168214993e-01,1.652381942422471717e-01,6.653812489845711831e-01,-1.747973024490096228e-01,2.570377491590524754e-01,-3.985137414667896394e-01,1.165648036416299244e-01
6.218749999999999556e-01,8.013412961718023864e-01,-2.607877749405732581e-01,1.649138962043839307e-01,6.648355486836597938e-01,-1.744510038799162166e-01,2.557958030675117622e-01,-3.963341063385927843e-01,1.160447991888644975e-01
6.250000000000000000e-01,8.005271390916912644e-01,-2.602729249058846617e-01,1.645902314396922583e-01,6.642909295001098169e-01,-1.741053871143481702e-01,2.545606463685366472e-01,-3.941685121153211679e-01,1.155272891803173357e-01
6.281250000000000444e-01,7.997145893385735338e-01,-2.597590853356919749e-01,1.642671987229435693e-01,6.637473893053773555e-01,-1.737604508139720394e-01,2.533322353535607530e-01,-3.920168506339017367e-01,1.150122602887221485e-01
6.312500000000000888e-01,7.989036437578316274e-01,-2.592462542567569028e-01,1.639447968312293391e-01,6.632049259750960601e-01,-1.734161936430707318e-01,2.521105266504927722e-01,-3.898790147115522298e-01,1.144996992688981502e-01
6.343750000000001332e-01,7.980942992010087167e-01,-2.587344296996589299e-01,1.636230245439569964e-01,6.626635373890703562e-01,-1.730726142685385383e-01,2.508954772206692940e-01,-3.877548981356490621e-01,1.139895929571565353e-01
6.375000000000000666e-01,7.972865525257961661e-01,-2.582236096987883811e-01,1.633018806428458425e-01,6.621232214312658959e-01,-1.727297113598759426e-01,2.496870443558383557e-01,-3.856443956537112805e-01,1.134819282707117960e-01
6.406250000000000000e-01,7.964804005960223199e-01,-2.577137922923389834e-01,1.629813639119228885e-01,6.615839759898025640e-01,-1.723874835891846258e-01,2.484851856751747468e-01,-3.835474029634992621e-01,1.129766922070980506e-01
6.437500000000000444e-01,7.956758402816396236e-01,-2.572049755223009271e-01,1.626614731375187473e-01,6.610457989569453741e-01,-1.720459296311624420e-01,2.472898591223257059e-01,-3.814638167032262661e-01,1.124738718435902701e-01
6.468750000000000888e-01,7.948728684587140769e-01,-2.566971574344533713e-01,1.623422071082636087e-01,6.605086882290974737e-01,-1.717050481630983116e-01,2.461010229624873147e-01,-3.793935344418828404e-01,1.119734543366304597e-01
6.500000000000000222e-01,7.940714820094122439e-01,-2.561903360783576167e-01,1.620235646150830766e-01,6.599726417067909301e-01,-1.713648378648672532e-01,2.449186357795106739e-01,-3.773364546696708066e-01,1.114754269212585580e-01
6.531249999999999556e-01,7.932716778219900400e-01,-2.556845095073495555e-01,1.617055444511940610e-01,6.594376572946794024e-01,-1.710252974189252761e-01,2.437426564730378609e-01,-3.752924767885461588e-01,1.109797769105480975e-01
6.562500000000000000e-01,7.924734527907808523e-01,-2.551796757785327885e-01,1.613881454121007808e-01,6.589037329015297040e-01,-1.706864255103044403e-01,2.425730442556674471e-01,-3.732615011028705410e-01,1.104864916950467069e-01
6.593750000000000444e-01,7.916768038161837717e-01,-2.546758329527713527e-01,1.610713662955905734e-01,6.583708664402141419e-01,-1.703482208266078601e-01,2.414097586501489090e-01,-3.712434288101688074e-01,1.099955587422212222e-01
6.625000000000000888e-01,7.908817278046516019e-01,-2.541729790946826717e-01,1.607552059017299528e-01,6.578390558277019684e-01,-1.700106820580045974e-01,2.402527594866058769e-01,-3.692381619919913316e-01,1.095069655959074600e-01
6.656250000000001332e-01,7.900882216686795356e-01,-2.536711122726303946e-01,1.604396630328604467e-01,6.573082989850518310e-01,-1.696738078972248875e-01,2.391020068997875003e-01,-3.672456036048802330e-01,1.090206998757645290e-01
6.687500000000000666e-01,7.892962823267934969e-01,-2.531702305587174018e-01,1.601247364935945161e-01,6.567785938374036681e-01,-1.693375970395549490e-01,2.379574613263483462e-01,-3.652656574714385207e-01,1.085367492767338321e-01
6.718750000000000000e-01,7.885059067035378177e-01,-2.526703320287783661e-01,1.598104250908115587e-01,6.562499383139704934e-01,-1.690020481828320986e-01,2.368190835021554974e-01,-3.632982282714997124e-01,1.080551015685023430e-01
6.750000000000000444e-01,7.877170917294642472e-01,-2.521714147623732027e-01,1.594967276336539119e-01,6.557223303480305132e-01,-1.686671600274398664e-01,2.356868344596235176e-01,-3.613432215333982067e-01,1.075757445949706015e-01
6.781250000000000888e-01,7.869298343411201824e-01,-2.516734768427795754e-01,1.591836429335226066e-01,6.551957678769195770e-01,-1.683329312763029162e-01,2.345606755250765063e-01,-3.594005436253379648e-01,1.070986662737249961e-01
6.812500000000000222e-01,7.861441314810367897e-01,-2.511765163569860126e-01,1.588711698040736475e-01,6.546702488420228505e-01,-1.679993606348822444e-01,2.334405683161367429e-01,-3.574701017468589481e-01,1.066238545955144612e-01
6.843749999999999556e-01,7.853599800977179024e-01,-2.506805313956848580e-01,1.585593070612136002e-01,6.541457711887666004e-01,-1.676664468111701556e-01,2.323264747391398655e-01,-3.555518039203992564e-01,1.061512976237314054e-01
6.875000000000000000e-01,7.845773771456275858e-01,-2.501855200532652201e-01,1.582480535230958441e-01,6.536223328666111998e-01,-1.673341885156853781e-01,2.312183569865765287e-01,-3.536455589829534674e-01,1.056809834938971376e-01
6.906250000000000444e-01,7.837963195851799236e-01,-2.496914804278060618e-01,1.579374080101165201e-01,6.530999318290423572e-01,-1.670025844614681509e-01,2.301161775345598459e-01,-3.517512765778242900e-01,1.052129004131514417e-01
6.937500000000000888e-01,7.830168043827261393e-01,-2.491984106210690109e-01,1.576273693449103952e-01,6.525785660335637894e-01,-1.666716333640753667e-01,2.290198991403183670e-01,-3.498688671464669220e-01,1.047470366597463010e-01
6.968750000000001332e-01,7.822388285105440486e-01,-2.487063087384914772e-01,1.573179363523468655e-01,6.520582334416890058e-01,-1.663413339415756032e-01,2.279294848397144801e-01,-3.479982419204257216e-01,1.042833805825439386e-01
7.000000000000000666e-01,7.814623889468260698e-01,-2.482151728891797138e-01,1.570091078595261536e-01,6.515389320189337585e-01,-1.660116849145443219e-01,2.268448979447878766e-01,-3.461393129133605306e-01,1.038219206005188827e-01
7.031250000000000000e-01,7.806874826756681207e-01,-2.477250011859017664e-01,1.567008826957750067e-01,6.510206597348080493e-01,-1.656826850060588996e-01,2.257661020413237740e-01,-3.442919929131634804e-01,1.033626452022641667e-01
7.062500000000000444e-01,7.799141066870576289e-01,-2.472357917450805631e-01,1.563932596926429219e-01,6.505034145628083575e-01,-1.653543329416938823e-01,2.246930609864456196e-01,-3.424561954741631720e-01,1.029055429455016241e-01
7.093750000000000888e-01,7.791422579768629841e-01,-2.467475426867870025e-01,1.560862376838981214e-01,6.499871944804098689e-01,-1.650266274495160723e-01,2.236257389062321632e-01,-3.406318349094171749e-01,1.024506024565961793e-01
7.125000000000000222e-01,7.783719335468214373e-01,-2.462602521347329876e-01,1.557798155055235001e-01,6.494719974690587039e-01,-1.646995672600796712e-01,2.225641001933582053e-01,-3.388188262830898467e-01,1.019978124300741223e-01
7.156249999999999556e-01,7.776031304045277759e-01,-2.457739182162645142e-01,1.554739919957126848e-01,6.489578215141639239e-01,-1.643731511064214779e-01,2.215081095047592707e-01,-3.370170854029155838e-01,1.015471616281452827e-01
7.187500000000000000e-01,7.768358455634234438e-01,-2.452885390623547324e-01,1.551687659948660647e-01,6.484446646050902041e-01,-1.640473777240560593e-01,2.204577317593195418e-01,-3.352265288127463938e-01,1.010986388802291858e-01
7.218750000000000444e-01,7.760700760427848843e-01,-2.448041128075971462e-01,1.548641363455869058e-01,6.479325247351498396e-01,-1.637222458509709211e-01,2.194129321355831608e-01,-3.334470737851826794e-01,1.006522330824850819e-01
7.250000000000000888e-01,7.753058188677122153e-01,-2.443206375901986749e-01,1.545601018926772430e-01,6.474213999015948628e-01,-1.633977542276216777e-01,2.183736760694882373e-01,-3.316786383142855676e-01,1.002079331973457221e-01
7.281250000000001332e-01,7.745430710691180165e-01,-2.438381115519727971e-01,1.542566614831340777e-01,6.469112881056099384e-01,-1.630739015969273620e-01,2.173399292521235315e-01,-3.299211411083708967e-01,9.976572825305507486e-02
7.312500000000000666e-01,7.737818296837161158e-01,-2.433565328383327786e-01,1.539538139661452421e-01,6.464021873523038142e-01,-1.627506867042655125e-01,2.163116576275075364e-01,-3.281745015828829715e-01,9.932560734320965146e-02
7.343750000000000000e-01,7.730220917540102654e-01,-2.428758995982845947e-01,1.536515581930857077e-01,6.458940956507023268e-01,-1.624281082974674550e-01,2.152888273903898475e-01,-3.264386398533474787e-01,9.888755962630366159e-02
7.375000000000000444e-01,7.722638543282830392e-01,-2.423962099844203522e-01,1.533498930175133945e-01,6.453870110137404081e-01,-1.621061651268135284e-01,2.142714049840741264e-01,-3.247134767284028944e-01,9.845157432527783248e-02
7.406250000000000888e-01,7.715071144605845088e-01,-2.419174621529114333e-01,1.530488172951654235e-01,6.448809314582547580e-01,-1.617848559450282830e-01,2.132593570982631859e-01,-3.229989337029088303e-01,9.801764072707197517e-02
7.437500000000000222e-01,7.707518692107211411e-01,-2.414396542635015852e-01,1.527483298839541759e-01,6.443758550049757394e-01,-1.614641795072758734e-01,2.122526506669250301e-01,-3.212949329511308738e-01,9.758574818218100633e-02
7.468749999999999556e-01,7.699981156442446961e-01,-2.409627844795001472e-01,1.524484296439632125e-01,6.438717796785201619e-01,-1.611441345711550899e-01,2.112512528661802391e-01,-3.196013973200004799e-01,9.715588610421468929e-02
7.500000000000000000e-01,7.692458508324407918e-01,-2.404868509677753619e-01,1.521491154374435550e-01,6.433687035073835103e-01,-1.608247198966948344e-01,2.102551311122103361e-01,-3.179182503224496914e-01,9.672804396946085848e-02
7.531250000000000444e-01,7.684950718523183566e-01,-2.400118518987475746e-01,1.518503861288096890e-01,6.428666245239325061e-01,-1.605059342463492356e-01,2.092642530591870553e-01,-3.162454161308194678e-01,9.630221131645236299e-02
7.562500000000000888e-01,7.677457757865980836e-01,-2.395377854463824063e-01,1.515522405846356502e-01,6.423655407643971138e-01,-1.601877763849930969e-01,2.082785865972216488e-01,-3.145828195703402885e-01,9.587837774553716053e-02
7.593750000000001332e-01,7.669979597237014390e-01,-2.390646497881841193e-01,1.512546776736511944e-01,6.418654502688635466e-01,-1.598702450799170394e-01,2.072980998503347327e-01,-3.129303861126849773e-01,9.545653291845221378e-02
7.625000000000000666e-01,7.662516207577395599e-01,-2.385924431051887895e-01,1.509576962667378563e-01,6.413663510812664947e-01,-1.595533391008229218e-01,2.063227611744463674e-01,-3.112880418695923579e-01,9.503666655790063422e-02
7.656250000000000000e-01,7.655067559885027073e-01,-2.381211635819576455e-01,1.506612952369250358e-01,6.408682412493813541e-01,-1.592370572198190115e-01,2.053525391553853441e-01,-3.096557135865607990e-01,9.461876844713219825e-02
7.687500000000000444e-01,7.647633625214484976e-01,-2.376508094065703236e-01,1.503654734593861675e-01,6.403711188248171204e-01,-1.589213982114155155e-01,2.043874026069187055e-01,-3.080333286366112588e-01,9.420282842952736047e-02
7.718750000000000888e-01,7.640214374676915776e-01,-2.371813787706182342e-01,1.500702298114349187e-01,6.398749818630085073e-01,-1.586063608525196678e-01,2.034273205688004182e-01,-3.064208150141188858e-01,9.378883640818456990e-02
7.750000000000000222e-01,7.632809779439921893e-01,-2.367128698691978450e-01,1.497755631725211367e-01,6.393798284232089513e-01,-1.582919439224313163e-01,2.024722623048391124e-01,-3.048181013287119545e-01,9.337678234551079204e-02
7.781249999999999556e-01,7.625419810727455117e-01,-2.362452809009040200e-01,1.494814724242271298e-01,6.388856565684825073e-01,-1.579781462028380379e-01,2.015221973009847789e-01,-3.032251167992373597e-01,9.296665626281537531e-02
7.812500000000000000e-01,7.618044439819707803e-01,-2.357786100678232744e-01,1.491879564502638089e-01,6.383924643656969655e-01,-1.576649664778106974e-01,2.005770952634343685e-01,-3.016417912477928898e-01,9.255844823990719283e-02
7.843750000000000444e-01,7.610683638053001854e-01,-2.353128555755272799e-01,1.488950141364668023e-01,6.379002498855160797e-01,-1.573524035337986737e-01,1.996369261167560138e-01,-3.000680550938240043e-01,9.215214841469494822e-02
7.875000000000000888e-01,7.603337376819678806e-01,-2.348480156330661484e-01,1.486026443707925415e-01,6.374090112023922394e-01,-1.570404561596252802e-01,1.987016600020312385e-01,-2.985038393482853381e-01,9.174774698279074270e-02
7.906250000000001332e-01,7.596005627567995466e-01,-2.343840884529617696e-01,1.483108460433146258e-01,6.369187463945591432e-01,-1.567291231464831569e-01,1.977712672750157052e-01,-2.969490756078658755e-01,9.134523419711665371e-02
7.937500000000000666e-01,7.588688361802011784e-01,-2.339210722512013729e-01,1.480196180462197142e-01,6.364294535440241374e-01,-1.564184032879297193e-01,1.968457185043176183e-01,-2.954036960492770203e-01,9.094460036751458865e-02
7.968750000000000000e-01,7.581385551081486485e-01,-2.334589652472306431e-01,1.477289592738039725e-01,6.359411307365612220e-01,-1.561082953798824391e-01,1.959249844695939990e-01,-2.938676334236025034e-01,9.054583586035913623e-02
8.000000000000000444e-01,7.574097167021762722e-01,-2.329977656639473926e-01,1.474388686224690215e-01,6.354537760617032793e-01,-1.557987982206142930e-01,1.950090361597645594e-01,-2.923408210507103533e-01,9.014893109817359584e-02
8.031250000000000888e-01,7.566823181293668155e-01,-2.325374717276948999e-01,1.471493449907183282e-01,6.349673876127351901e-01,-1.554899106107492657e-01,1.940978447712430055e-01,-2.908231928137250399e-01,8.975387655924893515e-02
8.062500000000000222e-01,7.559563565623399484e-01,-2.320780816682553038e-01,1.468603872791531817e-01,6.344819634866858404e-01,-1.551816313532577152e-01,1.931913817061852445e-01,-2.893146831535598484e-01,8.936066277726588403e-02
8.093749999999999556e-01,7.552318291792423643e-01,-2.316195937188431364e-01,1.465719943904691125e-01,6.339975017843214600e-01,-1.548739592534517651e-01,1.922896185707548278e-01,-2.878152270635082610e-01,8.896928034091981796e-02
8.125000000000000000e-01,7.545087331637362338e-01,-2.311620061160986617e-01,1.462841652294518680e-01,6.335140006101379617e-01,-1.545668931189808637e-01,1.913925271734051303e-01,-2.863247600838940143e-01,8.857971989354886111e-02
8.156250000000000444e-01,7.537870657049891010e-01,-2.307053171000814917e-01,1.459968987029738596e-01,6.330314580723537254e-01,-1.542604317598271213e-01,1.905000795231782396e-01,-2.848432182967793325e-01,8.819197213276476488e-02
8.187500000000000888e-01,7.530668239976627820e-01,-2.302495249142640088e-01,1.457101937199901387e-01,6.325498722829020481e-01,-1.539545739883008690e-01,1.896122478280201085e-01,-2.833705383207298922e-01,8.780602781008670088e-02
8.218750000000001332e-01,7.523480052419031505e-01,-2.297946278055248148e-01,1.454240491915348432e-01,6.320692413574244828e-01,-1.536493186190360516e-01,1.887290044931121680e-01,-2.819066573056362990e-01,8.742187773057794042e-02
8.250000000000000666e-01,7.516306066433290356e-01,-2.293406240241423755e-01,1.451384640307172014e-01,6.315895634152631777e-01,-1.533446644689857585e-01,1.878503221192189265e-01,-2.804515129275920171e-01,8.703951275248550390e-02
8.281250000000000000e-01,7.509146254130221187e-01,-2.288875118237883588e-01,1.448534371527179232e-01,6.311108365794534381e-01,-1.530406103574177279e-01,1.869761735010514458e-01,-2.790050433838255350e-01,8.665892378688240527e-02
8.312500000000000444e-01,7.502000587675158316e-01,-2.284352894615212515e-01,1.445689674747853704e-01,6.306330589767168426e-01,-1.527371551059097665e-01,1.861065316256467483e-01,-2.775671873876877638e-01,8.628010179731296359e-02
8.343750000000000888e-01,7.494869039287851420e-01,-2.279839551977800027e-01,1.442850539162318368e-01,6.301562287374541382e-01,-1.524342975383453369e-01,1.852413696707626845e-01,-2.761378841636931702e-01,8.590303779944072349e-02
8.375000000000000222e-01,7.487751581242357846e-01,-2.275335072963774463e-01,1.440016953984297465e-01,6.296803439957375792e-01,-1.521320364809090608e-01,1.843806610032882320e-01,-2.747170734426143124e-01,8.552772286069917906e-02
8.406249999999999556e-01,7.480648185866938249e-01,-2.270839440244938889e-01,1.437188908448079616e-01,6.292054028893041551e-01,-1.518303707620822229e-01,1.835243791776688949e-01,-2.733046954566282216e-01,8.515414809994518996e-02
8.437500000000000000e-01,7.473558825543953343e-01,-2.266352636526707542e-01,1.434366391808479524e-01,6.287314035595482631e-01,-1.515292992126382465e-01,1.826724979343474498e-01,-2.719006909345157985e-01,8.478230468711518697e-02
8.468750000000000444e-01,7.466483472709752878e-01,-2.261874644548040880e-01,1.431549393340801890e-01,6.282583441515143807e-01,-1.512288206656383638e-01,1.818249911982195988e-01,-2.705050010969122787e-01,8.441218384288401433e-02
8.500000000000000888e-01,7.459422099854579047e-01,-2.257405447081382854e-01,1.428737902340803112e-01,6.277862228138904044e-01,-1.509289339564270638e-01,1.809818330771040262e-01,-2.691175676516082138e-01,8.404377683832639501e-02
8.531250000000001332e-01,7.452374679522455470e-01,-2.252945026932595129e-01,1.425931908124654646e-01,6.273150376989998778e-01,-1.506296379226277071e-01,1.801429978602275550e-01,-2.677383327889007458e-01,8.367707499458104659e-02
8.562500000000000666e-01,7.445341184311088378e-01,-2.248493366940895744e-01,1.423131400028905535e-01,6.268447869627955527e-01,-1.503309314041380851e-01,1.793084600167243747e-01,-2.663672391769950076e-01,8.331206968251746170e-02
8.593750000000000000e-01,7.438321586871754487e-01,-2.244050449978793327e-01,1.420336367410444944e-01,6.263754687648518393e-01,-1.500328132431259232e-01,1.784781941941496752e-01,-2.650042299574537075e-01,8.294875232240517260e-02
8.625000000000000444e-01,7.431315859909205512e-01,-2.239616258952024652e-01,1.417546799646465794e-01,6.259070812683574792e-01,-1.497352822840245234e-01,1.776521752170075463e-01,-2.636492487406960072e-01,8.258711438358566637e-02
8.656250000000000888e-01,7.424323976181561591e-01,-2.235190776799491352e-01,1.414762686134427849e-01,6.254396226401094383e-01,-1.494383373735284348e-01,1.768303780852927554e-01,-2.623022396015437518e-01,8.222714738414681201e-02
8.687500000000000222e-01,7.417345908500204699e-01,-2.230773986493196359e-01,1.411984016292019695e-01,6.249730910505048032e-01,-1.491419773605889010e-01,1.760127779730464026e-01,-2.609631470748152715e-01,8.186884289059984110e-02
8.718749999999999556e-01,7.410381629729677622e-01,-2.226365871038180344e-01,1.409210779557123205e-01,6.245074846735342300e-01,-1.488462010964095861e-01,1.751993502269251213e-01,-2.596319161509660356e-01,8.151219251755870143e-02
8.750000000000000000e-01,7.403431112787581814e-01,-2.221966413472459267e-01,1.406442965387775246e-01,6.240428016867749506e-01,-1.485510074344421338e-01,1.743900703647840722e-01,-2.583084922717751031e-01,8.115718792742197818e-02
8.781250000000000444e-01,7.396494330644475257e-01,-2.217575596866961929e-01,1.403680563262132142e-01,6.235790402713837777e-01,-1.482563952303817545e-01,1.735849140742733443e-01,-2.569928213260782579e-01,8.080382083005738236e-02
8.812500000000000888e-01,7.389571256323764770e-01,-2.213193404325465574e-01,1.400923562678433043e-01,6.231161986120895557e-01,-1.479623633421630613e-01,1.727838572114472337e-01,-2.556848496455450537e-01,8.045208298248836265e-02
8.843750000000001332e-01,7.382661862901608307e-01,-2.208819818984534833e-01,1.398171953154961622e-01,6.226542748971869434e-01,-1.476689106299554355e-01,1.719868757993872066e-01,-2.543845240005016550e-01,8.010196618858345108e-02
8.875000000000000666e-01,7.375766123506811711e-01,-2.204454824013457881e-01,1.395425724230011655e-01,6.221932673185290863e-01,-1.473760359561588351e-01,1.711939460268374347e-01,-2.530917915957970887e-01,7.975346229874777371e-02
8.906250000000000000e-01,7.368884011320722127e-01,-2.200098402614184823e-01,1.392684865461848442e-01,6.217331740715204003e-01,-1.470837381853995207e-01,1.704050442468532378e-01,-2.518066000667133486e-01,7.940656320961701764e-02
8.937500000000000444e-01,7.362015499577133637e-01,-2.195750538021264964e-01,1.389949366428674116e-01,6.212739933551101323e-01,-1.467920161845254756e-01,1.696201469754624602e-01,-2.505288974749186881e-01,7.906126086375368789e-02
8.968750000000000888e-01,7.355160561562180677e-01,-2.191411213501784361e-01,1.387219216728589610e-01,6.208157233717849222e-01,-1.465008688226023814e-01,1.688392308903392536e-01,-2.492586323044637397e-01,7.871754724934586223e-02
9.000000000000000222e-01,7.348319170614235896e-01,-2.187080412355304759e-01,1.384494405979559972e-01,6.203583623275624737e-01,-1.462102949709090938e-01,1.680622728294902668e-01,-2.479957534578192402e-01,7.837541439990797221e-02
9.031249999999999556e-01,7.341491300123810237e-01,-2.182758117913799756e-01,1.381774923819376055e-01,6.199019084319838946e-01,-1.459202935029334236e-01,1.672892497899532427e-01,-2.467402102519557217e-01,7.803485439398405443e-02
9.062500000000000000e-01,7.334676923533454129e-01,-2.178444313541594568e-01,1.379060759905619826e-01,6.194463598981073682e-01,-1.456308632943678072e-01,1.665201389265078269e-01,-2.454919524144643928e-01,7.769585935485327777e-02
9.093750000000000444e-01,7.327876014337649790e-01,-2.174138982635303308e-01,1.376351903915628005e-01,6.189917149425011589e-01,-1.453420032231050318e-01,1.657549175503982841e-01,-2.442509300797188199e-01,7.735842145023757999e-02
9.125000000000000888e-01,7.321088546082719084e-01,-2.169842108623767640e-01,1.373648345546454874e-01,6.185379717852366177e-01,-1.450537121692339892e-01,1.649935631280684267e-01,-2.430170937850764934e-01,7.702253289201167752e-02
9.156250000000001332e-01,7.314314492366715825e-01,-2.165553674967995446e-01,1.370950074514837580e-01,6.180851286498812991e-01,-1.447659890150352624e-01,1.642360532799080064e-01,-2.417903944671203897e-01,7.668818593591515687e-02
9.187500000000000666e-01,7.307553826839328082e-01,-2.161273665161098645e-01,1.368257080557158667e-01,6.176331837634925215e-01,-1.444788326449771010e-01,1.634823657790109575e-01,-2.405707834579399462e-01,7.635537288126686972e-02
9.218750000000000000e-01,7.300806523201779363e-01,-2.157002062728232972e-01,1.365569353429411381e-01,6.171821353566099289e-01,-1.441922419457108695e-01,1.627324785499453530e-01,-2.393582124814505330e-01,7.602408607068134039e-02
9.250000000000000444e-01,7.294072555206724262e-01,-2.152738851226534966e-01,1.362886882907163033e-01,6.167319816632490515e-01,-1.439062158060670782e-01,1.619863696675344356e-01,-2.381526336497516716e-01,7.569431788978744913e-02
9.281250000000000888e-01,7.287351896658155193e-01,-2.148484014245063134e-01,1.360209658785518916e-01,6.162827209208943113e-01,-1.436207531170509422e-01,1.612440173556493883e-01,-2.369539994595232790e-01,7.536606076694925271e-02
9.312500000000000222e-01,7.280644521411296921e-01,-2.144237535404735495e-01,1.357537670879087610e-01,6.158343513704928052e-01,-1.433358527718382458e-01,1.605053999860130143e-01,-2.357622627884590760e-01,7.503930717298883113e-02
9.343749999999999556e-01,7.273950403372508866e-01,-2.139999398358268523e-01,1.354870909021944070e-01,6.153868712564464216e-01,-1.430515136657711239e-01,1.597704960770145177e-01,-2.345773768917373547e-01,7.471404962091122981e-02
9.375000000000000000e-01,7.267269516499186288e-01,-2.135769586790117192e-01,1.352209363067594372e-01,6.149402788266060682e-01,-1.427677346963537597e-01,1.590392842925354155e-01,-2.333992953985284668e-01,7.439028066563153907e-02
9.406250000000000444e-01,7.260601834799661480e-01,-2.131548084416413913e-01,1.349553022888939913e-01,6.144945723322647879e-01,-1.424845147632482489e-01,1.583117434407862734e-01,-2.322279723085385605e-01,7.406799290370402744e-02
9.437500000000000888e-01,7.253947332333103848e-01,-2.127334874984908031e-01,1.346901878378242434e-01,6.140497500281503207e-01,-1.422018527682704092e-01,1.575878524731540165e-01,-2.310633619885890666e-01,7.374717897305323178e-02
9.468750000000001332e-01,7.247305983209422209e-01,-2.123129942274905313e-01,1.344255919447087944e-01,6.136058101724193303e-01,-1.419197476153855608e-01,1.568675904830600931e-01,-2.299054191692316562e-01,7.342783155270715678e-02
9.500000000000000666e-01,7.240677761589165984e-01,-2.118933270097207722e-01,1.341615136026350907e-01,6.131627510266498549e-01,-1.416381982107043358e-01,1.561509367048289909e-01,-2.287540989413984760e-01,7.310994336253240355e-02
9.531250000000000000e-01,7.234062641683425277e-01,-2.114744842294053462e-01,1.338979518066159835e-01,6.127205708558354225e-01,-1.413572034624784868e-01,1.554378705125672444e-01,-2.276093567530865780e-01,7.279350716297137980e-02
9.562500000000000444e-01,7.227460597753737614e-01,-2.110564642739055641e-01,1.336349055535860919e-01,6.122792679283773909e-01,-1.410767622810967514e-01,1.547283714190527404e-01,-2.264711484060769886e-01,7.247851575478134190e-02
9.593750000000000888e-01,7.220871604111981368e-01,-2.106392655337144260e-01,1.333723738423983618e-01,6.118388405160792853e-01,-1.407968735790806891e-01,1.540224190746342925e-01,-2.253394300526876670e-01,7.216496197877553254e-02
9.625000000000000222e-01,7.214295635120289152e-01,-2.102228864024504595e-01,1.331103556738204852e-01,6.113992868941394709e-01,-1.405175362710806009e-01,1.533199932661412357e-01,-2.242141581925596594e-01,7.185283871556616409e-02
9.656249999999999556e-01,7.207732665190937915e-01,-2.098073252768518082e-01,1.328488500505314029e-01,6.109606053411447135e-01,-1.402387492738711439e-01,1.526210739158028740e-01,-2.230952896694764487e-01,7.154213888530934484e-02
9.687500000000000000e-01,7.201182668786262342e-01,-2.093925805567702636e-01,1.325878559771177245e-01,6.105227941390636293e-01,-1.399605115063475014e-01,1.519256410801781143e-01,-2.219827816682161392e-01,7.123285544745185105e-02
9.718750000000000444e-01,7.194645620418552712e-01,-2.089786506451653258e-01,1.323273724600703694e-01,6.100858515732398013e-01,-1.396828218895210527e-01,1.512336749490947041e-01,-2.208765917114360322e-01,7.092498140047993893e-02
9.750000000000000888e-01,7.188121494649956089e-01,-2.085655339480982640e-01,1.320673985077809309e-01,6.096497759323855625e-01,-1.394056793465153488e-01,1.505451558445981552e-01,-2.197766776565890645e-01,7.061850978166987758e-02
9.781250000000001332e-01,7.181610266092384176e-01,-2.081532288747260928e-01,1.318079331305382351e-01,6.092145655085751121e-01,-1.391290828025618931e-01,1.498600642199103272e-01,-2.186829976928718333e-01,7.031343366684032758e-02
9.812500000000000666e-01,7.175111909407412281e-01,-2.077417338372958000e-01,1.315489753405248430e-01,6.087802185972380764e-01,-1.388530311849962007e-01,1.491783806583974192e-01,-2.175955103382041511e-01,7.000974617010673196e-02
9.843750000000000000e-01,7.168626399306187169e-01,-2.073310472511382396e-01,1.312905241518135813e-01,6.083467334971525142e-01,-1.385775234232535513e-01,1.485000858725473716e-01,-2.165141744362391596e-01,6.970744044363724745e-02
9.875000000000000444e-01,7.162153710549326036e-01,-2.069211675346623869e-01,1.310325785803640175e-01,6.079141085104392550e-01,-1.383025584488649651e-01,1.478251607029565651e-01,-2.154389491534043910e-01,6.940650967741081312e-02
9.906250000000000888e-01,7.155693817946822133e-01,-2.065120931093494538e-01,1.307751376440190183e-01,6.074823419425545712e-01,-1.380281351954531499e-01,1.471535861173258741e-01,-2.143697939759728888e-01,6.910694709897668986e-02
9.937500000000000222e-01,7.149246696357953734e-01,-2.061038223997469221e-01,1.305182003625013354e-01,6.070514321022837390e-01,-1.377542525987283661e-01,1.464853432094655461e-01,-2.133066687071641654e-01,6.880874597321608166e-02
9.968749999999999556e-01,7.142812320691179773e-01,-2.056963538334626584e-01,1.302617657574099974e-01,6.066213773017350430e-01,-1.374809095964844019e-01,1.458204131983092955e-01,-2.122495334642748310e-01,6.851189960210518626e-02
1.000000000000000000e+00,7.136390665904051023e-01,-2.052896858411591141e-01,1.300058328522170070e-01,6.061921758563325602e-01,-1.372081051285945208e-01,1.451587774269371689e-01,-2.111983486758383377e-01,6.821640132448028582e-02
1.003125000000000044e+00,7.129981707003112401e-01,-2.048838168565475792e-01,1.297504006722638437e-01,6.057638260848102751e-01,-1.369358381370073541e-01,1.445004173616074861e-01,-2.101530750788137836e-01,6.792224451580443356e-02
1.006250000000000089e+00,7.123585419043805267e-01,-2.044787453163820767e-01,1.294954682447579108e-01,6.053363263092051971e-01,-1.366641075657429594e-01,1.438453145907972741e-01,-2.091136737158031667e-01,6.762942258793581962e-02
1.009374999999999911e+00,7.117201777130378604e-01,-2.040744696604538388e-01,1.292410345987692888e-01,6.049096748548511426e-01,-1.363929123608887406e-01,1.431934508242514725e-01,-2.080801059322970603e-01,6.733792898889796874e-02
1.012499999999999956e+00,7.110830756415787990e-01,-2.036709883315852287e-01,1.289870987652271539e-01,6.044838700503720741e-01,-1.361222514705953124e-01,1.425448078920404926e-01,-2.070523333739476557e-01,6.704775720265142291e-02
1.015625000000000000e+00,7.104472332101604559e-01,-2.032682997756241339e-01,1.287336597769163371e-01,6.040589102276757716e-01,-1.358521238450726698e-01,1.418993677436267975e-01,-2.060303179838704757e-01,6.675890074886736691e-02
1.018750000000000044e+00,7.098126479437919523e-01,-2.028664024414380540e-01,1.284807166684740765e-01,6.036347937219476156e-01,-1.355825284365860806e-01,1.412571124469391981e-01,-2.050140219999725122e-01,6.647135318270266935e-02
1.021875000000000089e+00,7.091793173723248689e-01,-2.024652947809083559e-01,1.282282684763864089e-01,6.032115188716437038e-01,-1.353134641994520881e-01,1.406180241874559200e-01,-2.040034079523077026e-01,6.618510809457667232e-02
1.025000000000000133e+00,7.085472390304441426e-01,-2.020649752489245832e-01,1.279763142389848118e-01,6.027890840184847443e-01,-1.350449300900345151e-01,1.399820852672957194e-01,-2.029984386604591351e-01,6.590015910994964643e-02
1.028125000000000178e+00,7.079164104576584071e-01,-2.016654423033784616e-01,1.277248529964428447e-01,6.023674875074497281e-01,-1.347769250667404661e-01,1.393492781043171314e-01,-2.019990772309476490e-01,6.561649988910278619e-02
1.031250000000000000e+00,7.072868291982905564e-01,-2.012666944051584861e-01,1.274738837907727906e-01,6.019467276867692673e-01,-1.345094480900164424e-01,1.387195852312257949e-01,-2.010052870546667481e-01,6.533412412691988469e-02
1.034375000000000044e+00,7.066584928014687517e-01,-2.008687300181438151e-01,1.272234056658220203e-01,6.015268029079194889e-01,-1.342424981223441782e-01,1.380929892946897164e-01,-2.000170318043427431e-01,6.505302555267043763e-02
1.037500000000000089e+00,7.060313988211167624e-01,-2.004715476091988302e-01,1.269734176672699111e-01,6.011077115256155956e-01,-1.339760741282368661e-01,1.374694730544627208e-01,-1.990342754320213181e-01,6.477319792979463475e-02
1.040625000000000133e+00,7.054055448159448627e-01,-2.000751456481673074e-01,1.267239188426242669e-01,6.006894518978054265e-01,-1.337101750742351325e-01,1.368490193825151469e-01,-1.980569821665787988e-01,6.449463505568954480e-02
1.043750000000000178e+00,7.047809283494400612e-01,-1.996795226078666441e-01,1.264749082412180148e-01,6.002720223856634618e-01,-1.334447999289030407e-01,1.362316112621728414e-01,-1.970851165112584569e-01,6.421733076149717390e-02
1.046875000000000000e+00,7.041575469898577744e-01,-1.992846769640822802e-01,1.262263849142058469e-01,5.998554213535840507e-01,-1.331799476628242052e-01,1.356172317872635091e-01,-1.961186432412316827e-01,6.394127891189381463e-02
1.050000000000000044e+00,7.035353983102113906e-01,-1.988906071955619248e-01,1.259783479145606955e-01,5.994396471691751938e-01,-1.329156172485978782e-01,1.350058641612705279e-01,-1.951575274011833616e-01,6.366647340488103268e-02
1.053125000000000089e+00,7.029144798882637213e-01,-1.984973117840099499e-01,1.257307962970706516e-01,5.990246982032527701e-01,-1.326518076608349250e-01,1.343974916964948696e-01,-1.942017343029219523e-01,6.339290817157822167e-02
1.056249999999999911e+00,7.022947893065181191e-01,-1.981047892140816447e-01,1.254837291183353298e-01,5.986105728298335427e-01,-1.323885178761540493e-01,1.337920978132237371e-01,-1.932512295230127963e-01,6.312057717601658735e-02
1.059374999999999956e+00,7.016763241522079309e-01,-1.977130379733775534e-01,1.252371454367627035e-01,5.981972694261292744e-01,-1.321257468731777129e-01,1.331896660389068066e-01,-1.923059789004353537e-01,6.284947441493449194e-02
1.062500000000000000e+00,7.010590820172889481e-01,-1.973220565524380077e-01,1.249910443125656911e-01,5.977847863725405109e-01,-1.318634936325284168e-01,1.325901800073401027e-01,-1.913659485342641409e-01,6.257959391757457468e-02
1.065625000000000044e+00,7.004430604984290820e-01,-1.969318434447372423e-01,1.247454248077587841e-01,5.973731220526501406e-01,-1.316017571368246486e-01,1.319936234578565626e-01,-1.904311047813722624e-01,6.231092974548207292e-02
1.068750000000000089e+00,6.998282571969994814e-01,-1.965423971466778996e-01,1.245002859861547712e-01,5.969622748532171785e-01,-1.313405363706770801e-01,1.313999802345240941e-01,-1.895014142541580904e-01,6.204347599230470439e-02
1.071874999999999911e+00,6.992146697190656512e-01,-1.961537161575855059e-01,1.242556269133614083e-01,5.965522431641707701e-01,-1.310798303206846815e-01,1.308092342853505174e-01,-1.885768438182947038e-01,6.177722678359399283e-02
1.074999999999999956e+00,6.986022956753780155e-01,-1.957657989797026155e-01,1.240114466567780183e-01,5.961430253786038636e-01,-1.308196379754307803e-01,1.302213696614955007e-01,-1.876573605905010322e-01,6.151217627660789805e-02
1.078125000000000000e+00,6.979911326813630357e-01,-1.953786441181834255e-01,1.237677442855922849e-01,5.957346198927668812e-01,-1.305599583254792861e-01,1.296363705164897129e-01,-1.867429319363362872e-01,6.124831866011509751e-02
1.081250000000000044e+00,6.973811783571139955e-01,-1.949922500810881698e-01,1.235245188707768393e-01,5.953270251060615026e-01,-1.303007903633707776e-01,1.290542211054604149e-01,-1.858335254680151538e-01,6.098564815420044055e-02
1.084375000000000089e+00,6.967724303273820086e-01,-1.946066153793774567e-01,1.232817694850860263e-01,5.949202394210351130e-01,-1.300421330836186995e-01,1.284749057843641296e-01,-1.849291090422452433e-01,6.072415901007190836e-02
1.087500000000000133e+00,6.961648862215666922e-01,-1.942217385269068008e-01,1.230394952030525596e-01,5.945142612433735874e-01,-1.297839854827054218e-01,1.278984090092259440e-01,-1.840296507580856944e-01,6.046384550986894091e-02
1.090625000000000178e+00,6.955585436737077298e-01,-1.938376180404209892e-01,1.227976951009842471e-01,5.941090889818960719e-01,-1.295263465590785201e-01,1.273247153353854744e-01,-1.831351189548272307e-01,6.020470196647209615e-02
1.093750000000000000e+00,6.949534003224751011e-01,-1.934542524395486129e-01,1.225563682569607155e-01,5.937047210485484339e-01,-1.292692153131469179e-01,1.267538094167494633e-01,-1.822454822098928673e-01,5.994672272331413171e-02
1.096875000000000044e+00,6.943494538111605330e-01,-1.930716402467964332e-01,1.223155137508300377e-01,5.933011558583972667e-01,-1.290125907472769173e-01,1.261856760050506787e-01,-1.813607093367593237e-01,5.968990215419230777e-02
1.100000000000000089e+00,6.937467017876686182e-01,-1.926897799875439965e-01,1.220751306642055695e-01,5.928983918296234501e-01,-1.287564718657886464e-01,1.256202999491138339e-01,-1.804807693828993642e-01,5.943423466308223047e-02
1.103125000000000133e+00,6.931451419045074891e-01,-1.923086701900380557e-01,1.218352180804626178e-01,5.924964273835167106e-01,-1.285008576749520348e-01,1.250576661941272261e-01,-1.796056316277439280e-01,5.917971468395281237e-02
1.106250000000000178e+00,6.925447718187801582e-01,-1.919283093853869915e-01,1.215957750847351804e-01,5.920952609444688486e-01,-1.282457471829831774e-01,1.244977597809210773e-01,-1.787352655806644930e-01,5.892633668058267632e-02
1.109375000000000000e+00,6.919455891921751922e-01,-1.915486961075555106e-01,1.213568007639126839e-01,5.916948909399679657e-01,-1.279911394000403935e-01,1.239405658452522735e-01,-1.778696409789753408e-01,5.867409514637780821e-02
1.112500000000000044e+00,6.913475916909583852e-01,-1.911698288933589562e-01,1.211182942066366813e-01,5.912953158005924692e-01,-1.277370333382204792e-01,1.233860696170948623e-01,-1.770087277859550834e-01,5.842298460419044492e-02
1.115625000000000089e+00,6.907507769859634328e-01,-1.907917062824579235e-01,1.208802545032977016e-01,5.908965339600049660e-01,-1.274834280115550444e-01,1.228342564199372267e-01,-1.761524961888883134e-01,5.817299960613944027e-02
1.118749999999999911e+00,6.901551427525830507e-01,-1.904143268173529302e-01,1.206426807460319189e-01,5.904985438549462673e-01,-1.272303224360066543e-01,1.222851116700850310e-01,-1.753009165971257943e-01,5.792413473343168556e-02
1.121874999999999956e+00,6.895606866707602034e-01,-1.900376890433786992e-01,1.204055720287178916e-01,5.901013439252290604e-01,-1.269777156294649711e-01,1.217386208759701077e-01,-1.744539596401636083e-01,5.767638459618486257e-02
1.125000000000000000e+00,6.889674064249794450e-01,-1.896617915086989681e-01,1.201689274469734392e-01,5.897049326137321357e-01,-1.267256066117432023e-01,1.211947696374657407e-01,-1.736115961657418161e-01,5.742974383325153559e-02
1.128125000000000044e+00,6.883752997042577038e-01,-1.892866327643008828e-01,1.199327460981522986e-01,5.893093083663947240e-01,-1.264739944045742415e-01,1.206535436452074311e-01,-1.727737972379608522e-01,5.718420711204434681e-02
1.131250000000000089e+00,6.877843642021358450e-01,-1.889122113639897238e-01,1.196970270813409593e-01,5.889144696322097250e-01,-1.262228780316068666e-01,1.201149286799197413e-01,-1.719405341354167671e-01,5.693976912836254400e-02
1.134374999999999911e+00,6.871945976166696779e-01,-1.885385258643834105e-01,1.194617694973554300e-01,5.885204148632183774e-01,-1.259722565184021870e-01,1.195789106117489120e-01,-1.711117783493546485e-01,5.669642460621966695e-02
1.137499999999999956e+00,6.866059976504209628e-01,-1.881655748249070059e-01,1.192269724487379778e-01,5.881271425145039311e-01,-1.257221288924296465e-01,1.190454753996010445e-01,-1.702875015818395843e-01,5.645416829767244127e-02
1.140625000000000000e+00,6.860185620104491955e-01,-1.877933568077875814e-01,1.189926350397540189e-01,5.877346510441859850e-01,-1.254724941830636376e-01,1.185146090904863753e-01,-1.694676757439462222e-01,5.621299498265096978e-02
1.143750000000000044e+00,6.854322884083022815e-01,-1.874218703780485829e-01,1.187587563763888160e-01,5.873429389134141587e-01,-1.252233514215794763e-01,1.179862978188687128e-01,-1.686522729539650933e-01,5.597289946878997863e-02
1.146875000000000089e+00,6.848471745600080984e-01,-1.870511141035046676e-01,1.185253355663443420e-01,5.869520045863625413e-01,-1.249746996411499195e-01,1.174605278060207869e-01,-1.678412655356269489e-01,5.573387659126134014e-02
1.150000000000000133e+00,6.842632181860660578e-01,-1.866810865547561538e-01,1.182923717190360602e-01,5.865618465302235851e-01,-1.247265378768413618e-01,1.169372853593849404e-01,-1.670346260163439178e-01,5.549592121260772670e-02
1.153125000000000178e+00,6.836804170114376689e-01,-1.863117863051838019e-01,1.180598639455897325e-01,5.861724632152021108e-01,-1.244788651656101586e-01,1.164165568719393862e-01,-1.662323271254680379e-01,5.525902822257742347e-02
1.156250000000000000e+00,6.830987687655386553e-01,-1.859432119309434861e-01,1.178278113588382969e-01,5.857838531145095340e-01,-1.242316805462989615e-01,1.158983288215698487e-01,-1.654343417925664417e-01,5.502319253796036230e-02
1.159375000000000044e+00,6.825182711822296300e-01,-1.855753620109606983e-01,1.175962130733185507e-01,5.853960147043579809e-01,-1.239849830596329999e-01,1.153825877704464514e-01,-1.646406431457130282e-01,5.478840910242512019e-02
1.162500000000000089e+00,6.819389219998078788e-01,-1.852082351269254412e-01,1.173650682052681388e-01,5.850089464639542935e-01,-1.237387717482164862e-01,1.148693203644062105e-01,-1.638512045097973435e-01,5.455467288635731937e-02
1.165625000000000133e+00,6.813607189609984793e-01,-1.848418298632867884e-01,1.171343758726223205e-01,5.846226468754944783e-01,-1.234930456565288825e-01,1.143585133323405112e-01,-1.630659994048489492e-01,5.432197888669892949e-02
1.168750000000000178e+00,6.807836598129460848e-01,-1.844761448072476384e-01,1.169041351950107499e-01,5.842371144241572667e-01,-1.232478038309212931e-01,1.138501534855878849e-01,-1.622850015443784433e-01,5.409032212678878404e-02
1.171875000000000000e+00,6.802077423072059315e-01,-1.841111785487593577e-01,1.166743452937544501e-01,5.838523475980988975e-01,-1.230030453196127860e-01,1.133442277173320190e-01,-1.615081848337344139e-01,5.385969765620418626e-02
1.175000000000000044e+00,6.796329641997350679e-01,-1.837469296805165908e-01,1.164450052918625245e-01,5.834683448884468993e-01,-1.227587691726867575e-01,1.128407230020046365e-01,-1.607355233684757689e-01,5.363010055060356274e-02
1.178125000000000089e+00,6.790593232508843613e-01,-1.833833967979519031e-01,1.162161143140291036e-01,5.830851047892943173e-01,-1.225149744420873099e-01,1.123396263946938728e-01,-1.599669914327605247e-01,5.340152591157035222e-02
1.181249999999999911e+00,6.784868172253898377e-01,-1.830205784992306184e-01,1.159876714866302228e-01,5.827026257976941626e-01,-1.222716601816156295e-01,1.118409250305572172e-01,-1.592025634977493331e-01,5.317396886645783111e-02
1.184374999999999956e+00,6.779154438923635784e-01,-1.826584733852454623e-01,1.157596759377205464e-01,5.823209064136533053e-01,-1.220288254469263367e-01,1.113446061242396035e-01,-1.584422142200244688e-01,5.294742456823500754e-02
1.187500000000000000e+00,6.773452010252859479e-01,-1.822970800596113716e-01,1.155321267970304128e-01,5.819399451401267021e-01,-1.217864692955238914e-01,1.108506569692965099e-01,-1.576859184400244140e-01,5.272188819533373677e-02
1.190625000000000044e+00,6.767760864019966016e-01,-1.819363971286603043e-01,1.153050231959626276e-01,5.815597404830119554e-01,-1.215445907867590131e-01,1.103590649376217925e-01,-1.569336511804927947e-01,5.249735495149670389e-02
1.193750000000000089e+00,6.762080978046863811e-01,-1.815764232014359381e-01,1.150783642675893281e-01,5.811802909511430970e-01,-1.213031889818250303e-01,1.098698174788803744e-01,-1.561853876449426082e-01,5.227382006562658612e-02
1.196875000000000133e+00,6.756412330198883209e-01,-1.812171568896885077e-01,1.148521491466489158e-01,5.808015950562851470e-01,-1.210622629437543424e-01,1.093829021199457380e-01,-1.554411032161348849e-01,5.205127879163615884e-02
1.200000000000000178e+00,6.750754898384697666e-01,-1.808585968078696149e-01,1.146263769695429202e-01,5.804236513131282305e-01,-1.208218117374147554e-01,1.088983064643421206e-01,-1.547007734545720048e-01,5.182972640829951877e-02
1.203125000000000222e+00,6.745108660556234925e-01,-1.805007415731269549e-01,1.144010468743329040e-01,5.800464582392821367e-01,-1.205818344295060129e-01,1.084160181916914018e-01,-1.539643740970052244e-01,5.160915821910427859e-02
1.206250000000000266e+00,6.739473594708597082e-01,-1.801435898052992646e-01,1.141761580007373544e-01,5.796700143552699913e-01,-1.203423300885561459e-01,1.079360250571646807e-01,-1.532318810549565813e-01,5.138956955210476768e-02
1.209375000000000089e+00,6.733849678879973988e-01,-1.797871401269109937e-01,1.139517094901286443e-01,5.792943181845232603e-01,-1.201032977849179340e-01,1.074583148909383779e-01,-1.525032704132548433e-01,5.117095575977629457e-02
1.212500000000000133e+00,6.728236891151555543e-01,-1.794313911631672809e-01,1.137277004855298257e-01,5.789193682533753105e-01,-1.198647365907653112e-01,1.069828755976548473e-01,-1.517785184285850297e-01,5.095331221887028361e-02
1.215625000000000178e+00,6.722635209647458421e-01,-1.790763415419487081e-01,1.135041301316117163e-01,5.785451630910565246e-01,-1.196266455800898826e-01,1.065096951558877347e-01,-1.510576015280523654e-01,5.073663433027061215e-02
1.218750000000000000e+00,6.717044612534632808e-01,-1.787219898938062490e-01,1.132809975746896930e-01,5.781717012296880842e-01,-1.193890238286973576e-01,1.060387616176115683e-01,-1.503404963077593637e-01,5.052091751885074561e-02
1.221875000000000044e+00,6.711465078022781361e-01,-1.783683348519559952e-01,1.130583019627206254e-01,5.777989812042764184e-01,-1.191518704142039559e-01,1.055700631076757073e-01,-1.496271795313962316e-01,5.030615723333183714e-02
1.225000000000000089e+00,6.705896584364280377e-01,-1.780153750522741607e-01,1.128360424452999194e-01,5.774270015527074307e-01,-1.189151844160329374e-01,1.051035878232830928e-01,-1.489176281288452641e-01,5.009234894614202072e-02
1.228125000000000133e+00,6.700339109854090980e-01,-1.776631091332919188e-01,1.126142181736583259e-01,5.770557608157412810e-01,-1.186789649154111198e-01,1.046393240334728136e-01,-1.482118191947978947e-01,4.987948815327637037e-02
1.231250000000000178e+00,6.694792632829681400e-01,-1.773115357361902678e-01,1.123928283006589840e-01,5.766852575370063905e-01,-1.184432109953652279e-01,1.041772600786073782e-01,-1.475097299873849577e-01,4.966757037415803905e-02
1.234375000000000000e+00,6.689257131670938161e-01,-1.769606535047950346e-01,1.121718719807943410e-01,5.763154902629938903e-01,-1.182079217407185218e-01,1.037173843698640241e-01,-1.468113379268199958e-01,4.945659115150021629e-02
1.237500000000000044e+00,6.683732584800089471e-01,-1.766104610855715740e-01,1.119513483701830153e-01,5.759464575430519595e-01,-1.179730962380871884e-01,1.032596853887302324e-01,-1.461166205940550300e-01,4.924654605116900868e-02
1.240625000000000089e+00,6.678218970681619737e-01,-1.762609571276199938e-01,1.117312566265669244e-01,5.755781579293804961e-01,-1.177387335758769138e-01,1.028041516865036975e-01,-1.454255557294494572e-01,4.903743066204742374e-02
1.243749999999999911e+00,6.672716267822187408e-01,-1.759121402826698266e-01,1.115115959093081616e-01,5.752105899770251218e-01,-1.175048328442794277e-01,1.023507718837961128e-01,-1.447381212314512167e-01,4.882924059590006832e-02
1.246874999999999956e+00,6.667224454770543929e-01,-1.755640092050750889e-01,1.112923653793859019e-01,5.748437522438719638e-01,-1.172713931352688393e-01,1.018995346700411475e-01,-1.440542951552900852e-01,4.862197148723883255e-02
1.250000000000000000e+00,6.661743510117451583e-01,-1.752165625518092296e-01,1.110735641993935291e-01,5.744776432906418817e-01,-1.170384135425984184e-01,1.014504288030066564e-01,-1.433740557116837955e-01,4.841561899318957973e-02
1.253125000000000044e+00,6.656273412495599118e-01,-1.748697989824600507e-01,1.108551915335354715e-01,5.741122616808850276e-01,-1.168058931617969032e-01,1.010034431083107059e-01,-1.426973812655559504e-01,4.821017879335957185e-02
1.256250000000000089e+00,6.650814140579526246e-01,-1.745237171592247394e-01,1.106372465476243017e-01,5.737476059809752948e-01,-1.165738310901651975e-01,1.005585664789416939e-01,-1.420242503347659280e-01,4.800564658970592896e-02
1.259375000000000133e+00,6.645365673085534830e-01,-1.741783157469047882e-01,1.104197284090776415e-01,5.733836747601046557e-01,-1.163422264267728046e-01,1.001157878747823693e-01,-1.413546415888507490e-01,4.780201810640490739e-02
1.262500000000000178e+00,6.639927988771613387e-01,-1.738335934129009996e-01,1.102026362869152343e-01,5.730204665902778327e-01,-1.161110782724544405e-01,9.967509632213779336e-02,-1.406885338477788239e-01,4.759928908972203832e-02
1.265625000000000222e+00,6.634501066437351602e-01,-1.734895488272084896e-01,1.099859693517558773e-01,5.726579800463064140e-01,-1.158803857298065787e-01,9.923648091326722764e-02,-1.400259060807150790e-01,4.739745530788321698e-02
1.268750000000000266e+00,6.629084884923862608e-01,-1.731461806624117195e-01,1.097697267758144524e-01,5.722962137058040799e-01,-1.156501479031839807e-01,9.879993080591974175e-02,-1.393667374047978247e-01,4.719651255094660380e-02
1.271875000000000089e+00,6.623679423113701947e-01,-1.728034875936795001e-01,1.095539077328990113e-01,5.719351661491802741e-01,-1.154203638986963376e-01,9.836543522287373442e-02,-1.387110070839270570e-01,4.699645663067537893e-02
1.275000000000000133e+00,6.618284659930782077e-01,-1.724614682987599124e-01,1.093385113984076257e-01,5.715748359596352079e-01,-1.151910328242047588e-01,9.793298345148011841e-02,-1.380586945275636135e-01,4.679728338041135027e-02
1.278125000000000178e+00,6.612900574340299098e-01,-1.721201214579755334e-01,1.091235369493255836e-01,5.712152217231544205e-01,-1.149621537893184414e-01,9.750256484320940498e-02,-1.374097792895401793e-01,4.659898865494949138e-02
1.281250000000000000e+00,6.607527145348649489e-01,-1.717794457542184128e-01,1.089089835642223641e-01,5.708563220285031159e-01,-1.147337259053912151e-01,9.707416881320234114e-02,-1.367642410668828967e-01,4.640156833041321482e-02
1.284375000000000044e+00,6.602164352003344616e-01,-1.714394398729449376e-01,1.086948504232485707e-01,5.704981354672207239e-01,-1.145057482855181136e-01,9.664778483982415513e-02,-1.361220596986437437e-01,4.620501830413047822e-02
1.287500000000000089e+00,6.596812173392939682e-01,-1.711001025021712252e-01,1.084811367081331135e-01,5.701406606336156813e-01,-1.142782200445320584e-01,9.622340246422275700e-02,-1.354832151647443195e-01,4.600933449451083401e-02
1.290625000000000133e+00,6.591470588646948237e-01,-1.707614323324679606e-01,1.082678416021801704e-01,5.697838961247597700e-01,-1.140511402990004031e-01,9.580101128989011727e-02,-1.348476875848299283e-01,4.581451284092317305e-02
1.293750000000000178e+00,6.586139576935763351e-01,-1.704234280569555393e-01,1.080549642902662727e-01,5.694278405404826771e-01,-1.138245081672215747e-01,9.538060098222746197e-02,-1.342154572171342375e-01,4.562054930357436339e-02
1.296875000000000000e+00,6.580819117470578794e-01,-1.700860883712992100e-01,1.078425039588373213e-01,5.690724924833669984e-01,-1.135983227692216879e-01,9.496216126811404812e-02,-1.335865044573547322e-01,4.542743986338864531e-02
1.300000000000000044e+00,6.575509189503307983e-01,-1.697494119737040230e-01,1.076304597959056586e-01,5.687178505587423549e-01,-1.133725832267511863e-01,9.454568193547908950e-02,-1.329608098375381908e-01,4.523518052188783833e-02
1.303125000000000089e+00,6.570209772326507380e-01,-1.694133975649101953e-01,1.074188309910471262e-01,5.683639133746800631e-01,-1.131472886632814562e-01,9.413115283287767920e-02,-1.323383540249767620e-01,4.504376730107240850e-02
1.306249999999999911e+00,6.564920845273293226e-01,-1.690780438481879755e-01,1.072076167353982062e-01,5.680106795419883614e-01,-1.129224382040015240e-01,9.371856386906972369e-02,-1.317191178211141456e-01,4.485319624330324356e-02
1.309374999999999956e+00,6.559642387717268264e-01,-1.687433495293328700e-01,1.069968162216529406e-01,5.676581476742060817e-01,-1.126980309758146420e-01,9.330790501260229075e-02,-1.311030821604615149e-01,4.466346341118421909e-02
1.312500000000000000e+00,6.554374379072438472e-01,-1.684093133166608691e-01,1.067864286440601829e-01,5.673063163875982085e-01,-1.124740661073349579e-01,9.289916629139571835e-02,-1.304902281095239591e-01,4.447456488744561814e-02
1.315625000000000044e+00,6.549116798793134242e-01,-1.680759339210034509e-01,1.065764531984205593e-01,5.669551843011498837e-01,-1.122505427288842256e-01,9.249233779233261010e-02,-1.298805368657364179e-01,4.428649677482823094e-02
1.318750000000000089e+00,6.543869626373935988e-01,-1.677432100557027794e-01,1.063668890820836238e-01,5.666047500365614109e-01,-1.120274599724884190e-01,9.208740966085038337e-02,-1.292739897564094131e-01,4.409925519596829407e-02
1.321875000000000133e+00,6.538632841349589775e-01,-1.674111404366069311e-01,1.061577354939449019e-01,5.662550122182429257e-01,-1.118048169718744572e-01,9.168437210053703712e-02,-1.286705682376845794e-01,4.391283629328313759e-02
1.325000000000000178e+00,6.533406423294934040e-01,-1.670797237820650094e-01,1.059489916344430183e-01,5.659059694733089563e-01,-1.115826128624668179e-01,9.128321537273019481e-02,-1.280702538934996304e-01,4.372723622885758832e-02
1.328125000000000222e+00,6.528190351824821880e-01,-1.667489588129223432e-01,1.057406567055568375e-01,5.655576204315730937e-01,-1.113608467813842900e-01,9.088392979611931155e-02,-1.274730284345629572e-01,4.354245118433118511e-02
1.331250000000000266e+00,6.522984606594036672e-01,-1.664188442525156297e-01,1.055327299108024808e-01,5.652099637255428854e-01,-1.111395178674366435e-01,9.048650574635114241e-02,-1.268788736973374132e-01,4.335847736078606712e-02
1.334375000000000089e+00,6.517789167297222130e-01,-1.660893788266682436e-01,1.053252104552305363e-01,5.648629979904146170e-01,-1.109186252611213536e-01,9.009093365563830558e-02,-1.262877716430335640e-01,4.317531097863563927e-02
1.337500000000000133e+00,6.512604013668800151e-01,-1.657605612636853520e-01,1.051180975454230893e-01,5.645167218640674278e-01,-1.106981681046202010e-01,8.969720401237098184e-02,-1.256997043566117911e-01,4.299294827751389686e-02
1.340625000000000178e+00,6.507429125482893095e-01,-1.654323902943491409e-01,1.049113903894909328e-01,5.641711339870589814e-01,-1.104781455417961772e-01,8.930530736073183373e-02,-1.251146540457940548e-01,4.281138551616563148e-02
1.343750000000000000e+00,6.502264482553249403e-01,-1.651048646519141239e-01,1.047050881970706532e-01,5.638262330026195812e-01,-1.102585567181900567e-01,8.891523430031386677e-02,-1.245326030400841638e-01,4.263061897233720587e-02
1.346875000000000044e+00,6.497110064733163659e-01,-1.647779830721022298e-01,1.044991901793217159e-01,5.634820175566470635e-01,-1.100394007810171493e-01,8.852697548574128827e-02,-1.239535337897969824e-01,4.245064494266807820e-02
1.350000000000000089e+00,6.491965851915402208e-01,-1.644517442930982509e-01,1.042936955489237316e-01,5.631384862977015793e-01,-1.098206768791640670e-01,8.814052162629364140e-02,-1.233774288650968942e-01,4.227145974258312427e-02
1.353125000000000133e+00,6.486831824032122107e-01,-1.641261470555449020e-01,1.040886035200734583e-01,5.627956378770003765e-01,-1.096023841631854484e-01,8.775586348553261751e-02,-1.228042709550444117e-01,4.209305970618554965e-02
1.356250000000000178e+00,6.481707961054800071e-01,-1.638011901025382133e-01,1.038839133084820676e-01,5.624534709484128037e-01,-1.093845217853006979e-01,8.737299188093211599e-02,-1.222340428666518902e-01,4.191544118615055797e-02
1.359375000000000000e+00,6.476594242994151429e-01,-1.634768721796227287e-01,1.036796241313722305e-01,5.621119841684548701e-01,-1.091670888993907795e-01,8.699189768351101026e-02,-1.216667275239475543e-01,4.173860055361972021e-02
1.362500000000000044e+00,6.471490649900053516e-01,-1.631531920347867870e-01,1.034757352074752446e-01,5.617711761962839168e-01,-1.089500846609948587e-01,8.661257181746891132e-02,-1.211023079670479480e-01,4.156253419809598920e-02
1.365625000000000089e+00,6.466397161861473508e-01,-1.628301484184578873e-01,1.032722457570283275e-01,5.614310456936938420e-01,-1.087335082273071934e-01,8.623500525982494280e-02,-1.205407673512390587e-01,4.138723852733947051e-02
1.368749999999999911e+00,6.461313759006387381e-01,-1.625077400834979424e-01,1.030691550017716618e-01,5.610915913251096621e-01,-1.085173587571739012e-01,8.585918904005919450e-02,-1.199820889460655182e-01,4.121270996726381086e-02
1.371874999999999956e+00,6.456240421501706628e-01,-1.621859657851985326e-01,1.028664621649456046e-01,5.607528117575824034e-01,-1.083016354110896001e-01,8.548511423975699297e-02,-1.194262561344278384e-01,4.103894496183323887e-02
1.375000000000000000e+00,6.451177129553204992e-01,-1.618648242812762983e-01,1.026641664712878710e-01,5.604147056607838850e-01,-1.080863373511943559e-01,8.511277199225623924e-02,-1.188732524116883071e-01,4.086593997296037589e-02
1.378125000000000044e+00,6.446123863405435195e-01,-1.615443143318682218e-01,1.024622671470307722e-01,5.600772717070020557e-01,-1.078714637412703792e-01,8.474215348229724443e-02,-1.183230613847844753e-01,4.069369148040461598e-02
1.381250000000000089e+00,6.441080603341661215e-01,-1.612244346995270750e-01,1.022607634198982873e-01,5.597405085711349981e-01,-1.076570137467388472e-01,8.437324994567539649e-02,-1.177756667713507482e-01,4.052219598167119963e-02
1.384375000000000133e+00,6.436047329683778351e-01,-1.609051841492164792e-01,1.020596545191033711e-01,5.594044149306865998e-01,-1.074429865346566842e-01,8.400605266889671352e-02,-1.172310523988479292e-01,4.035144999191093984e-02
1.387500000000000178e+00,6.431024022792238837e-01,-1.605865614483066306e-01,1.018589396753450671e-01,5.590689894657610015e-01,-1.072293812737133978e-01,8.364055298883586731e-02,-1.166892022037005205e-01,4.018145004382059349e-02
1.390625000000000222e+00,6.426010663065976347e-01,-1.602685653665693599e-01,1.016586181208057882e-01,5.587342308590578233e-01,-1.070161971342279000e-01,8.327674229239709347e-02,-1.161501002304417690e-01,4.001219268754388492e-02
1.393750000000000266e+00,6.421007230942334942e-01,-1.599511946761736636e-01,1.014586890891484433e-01,5.584001377958665024e-01,-1.068034332881452886e-01,8.291461201617762733e-02,-1.156137306308663848e-01,3.984367449057315408e-02
1.396875000000000089e+00,6.416013706896989133e-01,-1.596344481516809855e-01,1.012591518155137316e-01,5.580667089640621858e-01,-1.065910889090337099e-01,8.255415364613388762e-02,-1.150800776631908662e-01,3.967589203765166384e-02
1.400000000000000133e+00,6.411030071443868383e-01,-1.593183245700406925e-01,1.010600055365172556e-01,5.577339430540996235e-01,-1.063791631720811537e-01,8.219535871725006104e-02,-1.145491256912211236e-01,3.950884193067647626e-02
1.403125000000000178e+00,6.406056305135089390e-01,-1.590028227105853842e-01,1.008612494902468987e-01,5.574018387590086165e-01,-1.061676552540923163e-01,8.183821881320962888e-02,-1.140208591835279450e-01,3.934252078860207141e-02
1.406250000000000000e+00,6.401092388560876145e-01,-1.586879413550264240e-01,1.006628829162599104e-01,5.570703947743893547e-01,-1.059565643334855062e-01,8.148272556606916961e-02,-1.134952627126294272e-01,3.917692524734446569e-02
1.409375000000000044e+00,6.396138302349485549e-01,-1.583736792874491650e-01,1.004649050555801865e-01,5.567396097984063097e-01,-1.057458895902893409e-01,8.112887065593468727e-02,-1.129723209541807910e-01,3.901205195968596856e-02
1.412500000000000089e+00,6.391194027167136360e-01,-1.580600352943084819e-01,1.002673151506955351e-01,5.564094825317844606e-01,-1.055356302061397633e-01,8.077664581064072924e-02,-1.124520186861716065e-01,3.884789759518065405e-02
1.415625000000000133e+00,6.386259543717932585e-01,-1.577470081644243016e-01,1.000701124455548874e-01,5.560800116778031876e-01,-1.053257853642768083e-01,8.042604280543176609e-02,-1.119343407881299435e-01,3.868445884006029706e-02
1.418750000000000178e+00,6.381334832743793539e-01,-1.574345966889768023e-01,9.987329618556556321e-02,5.557511959422919423e-01,-1.051163542495415215e-01,8.007705346264606949e-02,-1.114192722403335861e-01,3.852173239714099667e-02
1.421875000000000000e+00,6.376419875024373907e-01,-1.571227996615020828e-01,9.967686561759053765e-02,5.554230340336252514e-01,-1.049073360483728234e-01,7.972966965140224072e-02,-1.109067981230284355e-01,3.835971498573040317e-02
1.425000000000000044e+00,6.371514651376993799e-01,-1.568116158778874170e-01,9.948081998994559583e-02,5.550955246627172768e-01,-1.046987299488043449e-01,7.938388328728775145e-02,-1.103969036156535743e-01,3.819840334153544459e-02
1.428125000000000089e+00,6.366619142656567698e-01,-1.565010441363669513e-01,9.928515855239673782e-02,5.547686665430169306e-01,-1.044905351404614019e-01,7.903968633205050998e-02,-1.098895739960734780e-01,3.803779421657077497e-02
1.431249999999999911e+00,6.361733329755527855e-01,-1.561910832375169866e-01,9.908988055615741697e-02,5.544424583905035453e-01,-1.042827508145578036e-01,7.869707079329221755e-02,-1.093847946398168874e-01,3.787788437906773609e-02
1.434374999999999956e+00,6.356857193603749900e-01,-1.558817319842514815e-01,9.889498525388566719e-02,5.541168989236809894e-01,-1.040753761638927855e-01,7.835602872416441711e-02,-1.088825510193221907e-01,3.771867061338385341e-02
1.437500000000000000e+00,6.351990715168482904e-01,-1.555729891818176946e-01,9.870047189968157719e-02,5.537919868635734488e-01,-1.038684103828479699e-01,7.801655222306688731e-02,-1.083828287031899790e-01,3.756014971991303991e-02
1.440625000000000044e+00,6.347133875454278318e-01,-1.552648536377914390e-01,9.850633974908444557e-02,5.534677209337199866e-01,-1.036618526673841745e-01,7.767863343334818760e-02,-1.078856133554416952e-01,3.740231851499623006e-02
1.443750000000000089e+00,6.342286655502910042e-01,-1.549573241620728625e-01,9.831258805907014398e-02,5.531440998601698800e-01,-1.034557022150384142e-01,7.734226454300871523e-02,-1.073908907347850689e-01,3.724517383083266603e-02
1.446875000000000133e+00,6.337449036393311141e-01,-1.546503995668817022e-01,9.811921608804831385e-02,5.528211223714778466e-01,-1.032499582249207654e-01,7.700743778440589937e-02,-1.068986466938859903e-01,3.708871251539174602e-02
1.450000000000000178e+00,6.332620999241490578e-01,-1.543440786667529818e-01,9.792622309585974349e-02,5.524987871986987154e-01,-1.030446198977113537e-01,7.667414543396171289e-02,-1.064088671786466711e-01,3.693293143232538600e-02
1.453125000000000222e+00,6.327802525200473260e-01,-1.540383602785325157e-01,9.773360834377364803e-02,5.521770930753826523e-01,-1.028396864356572321e-01,7.634237981187241839e-02,-1.059215382274903694e-01,3.677782746088096438e-02
1.456250000000000266e+00,6.322993595460218996e-01,-1.537332432213723843e-01,9.754137109448494936e-02,5.518560387375707199e-01,-1.026351570425693555e-01,7.601213328182059026e-02,-1.054366459706521375e-01,3.662339749581484949e-02
1.459375000000000089e+00,6.318194191247550329e-01,-1.534287263167265214e-01,9.734951061211163936e-02,5.515356229237893260e-01,-1.024310309238195688e-01,7.568339825068930160e-02,-1.049541766294759676e-01,3.646963844730640586e-02
1.462500000000000133e+00,6.313404293826088143e-01,-1.531248083883462729e-01,9.715802616219199050e-02,5.512158443750456716e-01,-1.022273072863374155e-01,7.535616716827837902e-02,-1.044741165157179325e-01,3.631654724087258340e-02
1.465625000000000178e+00,6.308623884496172840e-01,-1.528214882622759840e-01,9.696691701168201616e-02,5.508967018348228661e-01,-1.020239853386072648e-01,7.503043252702315535e-02,-1.039964520308556822e-01,3.616412081728308248e-02
1.468750000000000000e+00,6.303852944594794394e-01,-1.525187647668485580e-01,9.677618242895270895e-02,5.505781940490754867e-01,-1.018210642906652308e-01,7.470618686171499878e-02,-1.035211696654037283e-01,3.601235613247598388e-02
1.475000000000000089e+00,6.294339398608441716e-01,-1.519151029926701646e-01,9.639583404737896155e-02,5.499430777371495660e-01,-1.014164217420302355e-01,7.406213280823600864e-02,-1.025776976959302395e-01,3.571079987830480529e-02
1.481250000000000178e+00,6.284863507293250162e-01,-1.513138137380773685e-01,9.601697519263698022e-02,5.493104854561391415e-01,-1.010133733516403870e-01,7.342394612280239707e-02,-1.016435942864846870e-01,3.541185442605587069e-02
1.487500000000000044e+00,6.275425122657293242e-01,-1.507148877116715191e-01,9.563960006236249534e-02,5.486804072621435102e-01,-1.006119128553380482e-01,7.279156858056265444e-02,-1.007187544980447519e-01,3.511549596081518093e-02
1.493749999999999911e+00,6.266024097288219741e-01,-1.501183156582487632e-01,9.526370287657588698e-02,5.480528332503361577e-01,-1.002120340135037313e-01,7.216494260827056861e-02,-9.980307475247400528e-02,3.482170090244706556e-02
1.500000000000000000e+00,6.256660284351004409e-01,-1.495240883586604064e-01,9.488927787759766919e-02,5.474277535548116580e-01,-9.981373061096045218e-02,7.154401127584404663e-02,-9.889645281200258597e-02,3.453044590301997119e-02
1.506250000000000089e+00,6.247333537585697538e-01,-1.489321966296737465e-01,9.451631932996432117e-02,5.468051583484335731e-01,-9.941699645687840370e-02,7.092871828805104306e-02,-9.799878775906149808e-02,3.424170784426437686e-02
1.512500000000000178e+00,6.238043711305177874e-01,-1.483426313238335459e-01,9.414482152034438223e-02,5.461850378426821306e-01,-9.902182538467990680e-02,7.031900797632040234e-02,-9.710997997646397817e-02,3.395546383506231614e-02
1.518750000000000266e+00,6.228790660392928835e-01,-1.477553833293239749e-01,9.377477875745485192e-02,5.455673822875032331e-01,-9.862821125194487504e-02,6.971482529067546396e-02,-9.622993112792709025e-02,3.367169120896817275e-02
1.525000000000000133e+00,6.219574240300813628e-01,-1.471704435698309998e-01,9.340618537197789562e-02,5.449521819711576898e-01,-9.823614794031654274e-02,6.911611579178850162e-02,-9.535854413892733139e-02,3.339036752176017392e-02
1.531250000000000000e+00,6.210394307046854800e-01,-1.465878030044053815e-01,9.303903571647781368e-02,5.443394272200707817e-01,-9.784562935540754014e-02,6.852282564315360924e-02,-9.449572317788339226e-02,3.311147054902225523e-02
1.537500000000000089e+00,6.201250717213036001e-01,-1.460074526273262008e-01,9.267332416531837147e-02,5.437291083986833806e-01,-9.745664942670648201e-02,6.793490160337629924e-02,-9.364137363766024402e-02,3.283497828375581129e-02
1.543750000000000178e+00,6.192143327943100406e-01,-1.454293834679648845e-01,9.230904511458040695e-02,5.431212159093025127e-01,-9.706920210748477829e-02,6.735229101857775902e-02,-9.279540211738837585e-02,3.256086893402092980e-02
1.550000000000000044e+00,6.183071996940361359e-01,-1.448535865906497022e-01,9.194619298197967416e-02,5.425157401919534772e-01,-9.668328137470384720e-02,6.677494181491167025e-02,-9.195771640459178553e-02,3.228912092060663708e-02
1.556249999999999911e+00,6.174036582465524114e-01,-1.442800530945307635e-01,9.158476220678503366e-02,5.419126717242311875e-01,-9.629888122892263369e-02,6.620280249119171734e-02,-9.112822545761924131e-02,3.201971287472982902e-02
1.562500000000000000e+00,6.165036943334512021e-01,-1.437087741134455976e-01,9.122474724973687887e-02,5.413120010211541766e-01,-9.591599569420559968e-02,6.563582211162816149e-02,-9.030683938837306968e-02,3.175262363576240171e-02
1.568750000000000089e+00,6.156072938916301585e-01,-1.431397408157853157e-01,9.086614259296602047e-02,5.407137186350170488e-01,-9.553461881803104738e-02,6.507395029867132918e-02,-8.949346944532970971e-02,3.148783224898632493e-02
1.575000000000000178e+00,6.147144429130771970e-01,-1.425729444043609406e-01,9.050894273991259842e-02,5.401178151552447071e-01,-9.515474467119967861e-02,6.451713722596030820e-02,-8.868802799684639970e-02,3.122531796337602375e-02
1.581250000000000266e+00,6.138251274446550054e-01,-1.420083761162707625e-01,9.015314221524549365e-02,5.395242812082470252e-01,-9.477636734774363969e-02,6.396533361137514417e-02,-8.789042851474883344e-02,3.096506022940795008e-02
1.587500000000000133e+00,6.129393335878879912e-01,-1.414460272227676119e-01,8.979873556478200347e-02,5.389331074572737412e-01,-9.439948096483584405e-02,6.341849071019074746e-02,-8.710058555819444326e-02,3.070703869689678234e-02
1.593750000000000000e+00,6.120570474987486742e-01,-1.408858890291272148e-01,8.944571735540761404e-02,5.383442846022703510e-01,-9.402407966269971107e-02,6.287656030833070619e-02,-8.631841475780595296e-02,3.045123321285795465e-02
1.600000000000000089e+00,6.111782553874455237e-01,-1.403279528745165206e-01,8.909408217499634186e-02,5.377578033797337786e-01,-9.365015760451912696e-02,6.233949471571963857e-02,-8.554383280007038515e-02,3.019762381939616186e-02
1.606250000000000178e+00,6.103029435182119045e-01,-1.397722101318629173e-01,8.874382463233122798e-02,5.371736545625699355e-01,-9.327770897634900249e-02,6.180724675973203047e-02,-8.477675741199851289e-02,2.994619075161944130e-02
1.612500000000000044e+00,6.094310982090949125e-01,-1.392186522077238364e-01,8.839493935702501248e-02,5.365918289599505009e-01,-9.290672798702588608e-02,6.127976977873631631e-02,-8.401710734603951014e-02,2.969691443557849128e-02
1.618749999999999911e+00,6.085627058317462090e-01,-1.386672705421566620e-01,8.804742099944130873e-02,5.360123174171708138e-01,-9.253720886807907664e-02,6.075701761573225335e-02,-8.326480236524663736e-02,2.944977548623084820e-02
1.625000000000000000e+00,6.076977528112125215e-01,-1.381180566085893624e-01,8.770126423061583298e-02,5.354351108155086525e-01,-9.216914587364211098e-02,6.023894461208045836e-02,-8.251976322868875835e-02,2.920475470542966898e-02
1.631250000000000089e+00,6.068362256257278098e-01,-1.375710019136915929e-01,8.735646374217818921e-02,5.348602000720831251e-01,-9.180253328036451499e-02,5.972550560132226100e-02,-8.178191167710363585e-02,2.896183307993668160e-02
1.637500000000000178e+00,6.059781108065057653e-01,-1.370260979972461324e-01,8.701301424627364001e-02,5.342875761397138934e-01,-9.143736538732391561e-02,5.921665590308845123e-02,-8.105117041878792672e-02,2.872099177945900902e-02
1.643750000000000266e+00,6.051233949375333099e-01,-1.364833364320209297e-01,8.667091047548540483e-02,5.337172300067817288e-01,-9.107363651593852749e-02,5.871235131709556104e-02,-8.032746311571993536e-02,2.848221215470953666e-02
1.650000000000000133e+00,6.042720646553649821e-01,-1.359427088236417058e-01,8.633014718275705546e-02,5.331491526970888462e-01,-9.071134100987997273e-02,5.821254811722809813e-02,-7.961071436991075390e-02,2.824547573549053212e-02
1.656250000000000000e+00,6.034241066489173244e-01,-1.354042068104647223e-01,8.599071914131531380e-02,5.325833352697202372e-01,-9.035047323498633653e-02,5.771720304570540638e-02,-7.890084970997930658e-02,2.801076422880009395e-02
1.662500000000000089e+00,6.025795076592658228e-01,-1.348678220634505209e-01,8.565262114459307186e-02,5.320197688189053364e-01,-8.999102757917575024e-02,5.722627330733173062e-02,-7.819779557794759306e-02,2.777805951696128706e-02
1.668750000000000178e+00,6.017382544794402932e-01,-1.343335462860376361e-01,8.531584800615273079e-02,5.314584444738803537e-01,-8.963299845236012697e-02,5.673971656382822970e-02,-7.750147931625178677e-02,2.754734365577352767e-02
1.675000000000000044e+00,6.009003339542235977e-01,-1.338013712140172229e-01,8.498039455960976207e-02,5.308993533987510505e-01,-8.927638028635939693e-02,5.625749092824536279e-02,-7.681182915496524710e-02,2.731859887268590914e-02
1.681249999999999911e+00,6.000657329799483630e-01,-1.332712886154078236e-01,8.464625565855658784e-02,5.303424867923559605e-01,-8.892116753481588143e-02,5.577955495945450398e-02,-7.612877419922964295e-02,2.709180756499223602e-02
1.687500000000000000e+00,5.992344385042972510e-01,-1.327432902903307732e-01,8.431342617648668325e-02,5.297878358881304983e-01,-8.856735467310918042e-02,5.530586765671757776e-02,-7.545224441689037109e-02,2.686695229804747162e-02
1.693750000000000089e+00,5.984064375261018975e-01,-1.322173680708861321e-01,8.398190100671906744e-02,5.292353919539712903e-01,-8.821493619827126820e-02,5.483638845433327913e-02,-7.478217062633261969e-02,2.664401580350526585e-02
1.700000000000000178e+00,5.975817170951438495e-01,-1.316935138210289513e-01,8.365167506232290551e-02,5.286851462921009492e-01,-8.786390662890204706e-02,5.437107721635863616e-02,-7.411848448451417715e-02,2.642298097757628250e-02
1.706250000000000266e+00,5.967602643119557237e-01,-1.311717194364460382e-01,8.332274327604258235e-02,5.281370902389336264e-01,-8.751426050508505361e-02,5.390989423140490205e-02,-7.346111847519165572e-02,2.620383087930707941e-02
1.712500000000000133e+00,5.959420663276231434e-01,-1.306519768444333318e-01,8.299510060022280422e-02,5.275912151649412296e-01,-8.716599238830363694e-02,5.345280020750629857e-02,-7.281000589733653550e-02,2.598654872887923989e-02
1.718750000000000000e+00,5.951271103435877841e-01,-1.301342780037734459e-01,8.266874200673421380e-02,5.270475124745195306e-01,-8.681909686135740045e-02,5.299975626706064646e-02,-7.216508085373747605e-02,2.577111790592848117e-02
1.725000000000000089e+00,5.943153836114506428e-01,-1.296186149046140434e-01,8.234366248689908852e-02,5.265059736058556039e-01,-8.647356852827893514e-02,5.255072394184066159e-02,-7.152627823978574551e-02,2.555752194788348322e-02
1.731250000000000178e+00,5.935068734327767492e-01,-1.291049795683464618e-01,8.201985705141746907e-02,5.259665900307948228e-01,-8.612940201425102471e-02,5.210566516807478565e-02,-7.089353373244039469e-02,2.534574454832422621e-02
1.737500000000000044e+00,5.927015671589002110e-01,-1.285933640474847539e-01,8.169732073029339903e-02,5.254293532547098522e-01,-8.578659196552400334e-02,5.166454228159639284e-02,-7.026678377936972086e-02,2.513576955535942042e-02
1.743749999999999911e+00,5.918994521907298134e-01,-1.280837604255453399e-01,8.137604857276153902e-02,5.248942548163681998e-01,-8.544513304933343267e-02,5.122731801306031063e-02,-6.964596558826612049e-02,2.492758097002294171e-02
1.750000000000000000e+00,5.911005159785558405e-01,-1.275761608169269368e-01,8.105603564721400311e-02,5.243612862878019865e-01,-8.510501995381826446e-02,5.079395548322562792e-02,-6.903101711633108373e-02,2.472116294468894998e-02
1.756250000000000089e+00,5.903047460218573406e-01,-1.270705573667912369e-01,8.073727704112752812e-02,5.238304392741771620e-01,-8.476624738793921143e-02,5.036441819830374256e-02,-6.842187705992747171e-02,2.451649978150544432e-02
1.762500000000000178e+00,5.895121298691105016e-01,-1.265669422509437536e-01,8.041976786099078178e-02,5.233017054136641644e-01,-8.442881008139738186e-02,4.993867004537044796e-02,-6.781848484439567670e-02,2.431357593084598409e-02
1.768750000000000266e+00,5.887226551175969158e-01,-1.260653076757151103e-01,8.010350323223205948e-02,5.227750763773079123e-01,-8.409270278455333036e-02,4.951667528784124001e-02,-6.722078061403115312e-02,2.411237598977939919e-02
1.775000000000000133e+00,5.879363094132138423e-01,-1.255656458778431628e-01,7.978847829914717527e-02,5.222505438688993529e-01,-8.375792026834638637e-02,4.909839856100878253e-02,-6.662870522222030800e-02,2.391288470055721177e-02
1.781250000000000000e+00,5.871530804502840262e-01,-1.250679491243549823e-01,7.947468822482763040e-02,5.217280996248468972e-01,-8.342445732421428783e-02,4.868380486764146281e-02,-6.604220022173171167e-02,2.371508694911849541e-02
1.787500000000000089e+00,5.863729559713670714e-01,-1.245722097124498939e-01,7.916212819108901788e-02,5.212077354140486340e-01,-8.309230876401307864e-02,4.827285957364221142e-02,-6.546120785516038043e-02,2.351896776361206073e-02
1.793750000000000178e+00,5.855959237670709250e-01,-1.240784199693824585e-01,7.885079339839981549e-02,5.206894430377648764e-01,-8.276146941993750561e-02,4.786552840376659401e-02,-6.488567104552181442e-02,2.332451231293562049e-02
1.800000000000000044e+00,5.848219716758648046e-01,-1.235865722523463023e-01,7.854067906581026215e-02,5.201732143294915955e-01,-8.243193414444142941e-02,4.746177743739917604e-02,-6.431553338699368128e-02,2.313170590529178491e-02
1.806249999999999911e+00,5.840510875838920146e-01,-1.230966589483580009e-01,7.823178043088158118e-02,5.196590411548336341e-01,-8.210369781015883217e-02,4.706157310438726510e-02,-6.375073913580199536e-02,2.294053398676057856e-02
1.812500000000000000e+00,5.832832594247842062e-01,-1.226086724741417416e-01,7.792409274961546728e-02,5.191469154113790285e-01,-8.177675530982489449e-02,4.666488218093124696e-02,-6.319123320124983567e-02,2.275098213988840934e-02
1.818750000000000089e+00,5.825184751794759697e-01,-1.221226052760143038e-01,7.761761129638385104e-02,5.186368290285735538e-01,-8.145110155619758596e-02,4.627167178553057147e-02,-6.263696113688566047e-02,2.256303608229316346e-02
1.825000000000000178e+00,5.817567228760200937e-01,-1.216384498297703731e-01,7.731233136385881610e-02,5.181287739675961568e-01,-8.112673148197943607e-02,4.588190937498441008e-02,-6.208786913180895650e-02,2.237668166528520089e-02
1.831250000000000266e+00,5.809979905894041563e-01,-1.211561986405684521e-01,7.700824826294291880e-02,5.176227422212339446e-01,-8.080364003973956877e-02,4.549556274044627008e-02,-6.154390400211064843e-02,2.219190487250413679e-02
1.837500000000000133e+00,5.802422664413666720e-01,-1.206758442428170902e-01,7.670535732269967433e-02,5.171187258137587284e-01,-8.048182220183622282e-02,4.511260000353176786e-02,-6.100501318244621468e-02,2.200869181857114179e-02
1.843750000000000000e+00,5.794895386002152371e-01,-1.201973792000616409e-01,7.640365389028423715e-02,5.166167168008034549e-01,-8.016127296033932759e-02,4.473298961247848538e-02,-6.047114471773882421e-02,2.182702874775655638e-02
1.850000000000000089e+00,5.787397952806443424e-01,-1.197207961048713382e-01,7.610313333087451171e-02,5.161167072692393054e-01,-7.984198732695360623e-02,4.435670033835747289e-02,-5.994224725501054452e-02,2.164690203266265989e-02
1.856250000000000178e+00,5.779930247435546287e-01,-1.192460875787269697e-01,7.580379102760238796e-02,5.156186893370529045e-01,-7.952396033294184541e-02,4.398370127133535007e-02,-5.941827003533924761e-02,2.146829817292139272e-02
1.862500000000000044e+00,5.772492152958724754e-01,-1.187732462719087861e-01,7.550562238148522676e-02,5.151226551532247511e-01,-7.920718702904851194e-02,4.361396181698620755e-02,-5.889916288593897986e-02,2.129120379390677872e-02
1.868749999999999911e+00,5.765083552903701447e-01,-1.183022648633849788e-01,7.520862281135765048e-02,5.146285968976076486e-01,-7.889166248542360538e-02,4.324745169265269834e-02,-5.838487621236167213e-02,2.111560564546192953e-02
1.875000000000000000e+00,5.757704331254871466e-01,-1.178331360607004913e-01,7.491278775380354193e-02,5.141365067808050249e-01,-7.857738179154691305e-02,4.288414092385550019e-02,-5.787536099081828922e-02,2.094149060064041945e-02
1.881250000000000089e+00,5.750354372451517149e-01,-1.173658525998663715e-01,7.461811266308833457e-02,5.136463770440513610e-01,-7.826434005615245937e-02,4.252399984075039968e-02,-5.737056876061712857e-02,2.076884565446187117e-02
1.887500000000000178e+00,5.743033561386032826e-01,-1.169004072452494020e-01,7.432459301109153871e-02,5.131581999590913989e-01,-7.795253240715330212e-02,4.216699907463224151e-02,-5.687045161671726301e-02,2.059765792268148862e-02
1.893750000000000266e+00,5.735741783402159566e-01,-1.164367927894622706e-01,7.403222428723943427e-02,5.126719678280606818e-01,-7.764195399156662014e-02,4.181310955448510475e-02,-5.637496220239527484e-02,2.042791464057345727e-02
1.900000000000000133e+00,5.728478924293216590e-01,-1.159750020532540754e-01,7.374100199843819370e-02,5.121876729833663155e-01,-7.733259997543906472e-02,4.146230250357792885e-02,-5.588405370202328276e-02,2.025960316172799314e-02
1.906250000000000000e+00,5.721244870300352670e-01,-1.155150278854012863e-01,7.345092166900701880e-02,5.117053077875683975e-01,-7.702446554377238852e-02,4.111454943610493712e-02,-5.539767983395620793e-02,2.009271095686184991e-02
1.912500000000000089e+00,5.714039508110794197e-01,-1.150568631625991656e-01,7.316197884061174939e-02,5.112248646332617774e-01,-7.671754590044942146e-02,4.076982215387021241e-02,-5.491579484352671764e-02,1.992722561264212780e-02
1.925000000000000044e+00,5.699714408110516661e-01,-1.141459336978773165e-01,7.258748793993073656e-02,5.102697141689735982e-01,-7.610733188833201934e-02,4.008933357092232114e-02,-5.396531107077295886e-02,1.960042642564827423e-02
1.937500000000000000e+00,5.685502726645681459e-01,-1.132421572269196458e-01,7.201749397413927112e-02,5.093221613274852011e-01,-7.550191994497200410e-02,3.942061679795614421e-02,-5.303224662609988538e-02,1.927910856916440971e-02
1.950000000000000178e+00,5.671403573096152062e-01,-1.123454777573793945e-01,7.145196189431499145e-02,5.083821463188502587e-01,-7.490127237366320245e-02,3.876345627507533226e-02,-5.211625375284956868e-02,1.896317679376804261e-02
1.962500000000000133e+00,5.657416063813526241e-01,-1.114558397333239442e-01,7.089085692278115913e-02,5.074496098224843266e-01,-7.430535177278564662e-02,3.811764074041495975e-02,-5.121699248878846394e-02,1.865253759674912262e-02
1.975000000000000089e+00,5.643539322066792874e-01,-1.105731880318571170e-01,7.033414455103678686e-02,5.065244929834911147e-01,-7.371412103350380440e-02,3.748296313396864976e-02,-5.033413046591156403e-02,1.834709918749588900e-02
1.987500000000000044e+00,5.629772477988411739e-01,-1.096974679597673558e-01,6.978179053770218465e-02,5.056067374090165156e-01,-7.312754333748296143e-02,3.685922050388110160e-02,-4.946734271614652845e-02,1.804677145364074614e-02
2.000000000000000000e+00,5.616114668520814091e-01,-1.088286252502014412e-01,6.923376090647961889e-02,5.046962851646321635e-01,-7.254558215462314497e-02,3.624621391513350999e-02,-4.861631148276095160e-02,1.775146592794719230e-02
2.012500000000000178e+00,5.602565037363309575e-01,-1.079666060593637011e-01,6.869002194412900109e-02,5.037930787707458613e-01,-7.196820124081064474e-02,3.564374836055169554e-02,-4.778072603728385909e-02,1.746109575591961449e-02
2.024999999999999911e+00,5.589122734919416136e-01,-1.071113569632403673e-01,6.815054019845863398e-02,5.028970611990413175e-01,-7.139536463568711688e-02,3.505163267406923716e-02,-4.696028250175912633e-02,1.717557566411810968e-02
2.037500000000000089e+00,5.575786918244582946e-01,-1.062628249543487863e-01,6.761528247633062649e-02,5.020081758689444174e-01,-7.082703666043572988e-02,3.446967944617991553e-02,-4.615468367615501583e-02,1.689482192916101286e-02
2.050000000000000266e+00,5.562556750994329668e-01,-1.054209574385118753e-01,6.708421584168126894e-02,5.011263666441184705e-01,-7.026318191558483806e-02,3.389770494151640723e-02,-4.536363887076121093e-02,1.661875234739845428e-02
2.062500000000000000e+00,5.549431403372786509e-01,-1.045857022316568630e-01,6.655730761355599379e-02,5.002515778289854387e-01,-6.970376527882843343e-02,3.333552901849353572e-02,-4.458686374340969927e-02,1.634728620524045911e-02
2.075000000000000178e+00,5.536410052081623956e-01,-1.037570075566385530e-01,6.603452536415882479e-02,4.993837541652751399e-01,-6.914875190286355611e-02,3.278297505095689041e-02,-4.382408014136272151e-02,1.608034425012371676e-02
2.087499999999999911e+00,5.523491880269386645e-01,-1.029348220400871927e-01,6.551583691691638400e-02,4.985228408286010993e-01,-6.859810721324466343e-02,3.223986985177971359e-02,-4.307501594771647596e-02,1.581784866210174043e-02
2.100000000000000089e+00,5.510676077481219126e-01,-1.021190947092799201e-01,6.500121034455622060e-02,4.976687834250630438e-01,-6.805179690625443034e-02,3.170604359835196145e-02,-4.233940493217404344e-02,1.555972302604307668e-02
2.112500000000000266e+00,5.497961839608977996e-01,-1.013097749890367050e-01,6.449061396719941996e-02,4.968215279878763213e-01,-6.750978694679121705e-02,3.118132975990840425e-02,-4.161698660604749855e-02,1.530589230442326067e-02
2.125000000000000000e+00,5.485348368841729272e-01,-1.005068126986396332e-01,6.398401635046739588e-02,4.959810209740269094e-01,-6.697204356627298183e-02,3.066556502664332523e-02,-4.090750608135283045e-02,1.505628281069606306e-02
2.137500000000000178e+00,5.472834873616636564e-01,-9.971015804877589317e-02,6.348138630360267154e-02,4.951472092609533471e-01,-6.643853326055719488e-02,3.015858924056162224e-02,-4.021071393386701359e-02,1.481082218323027250e-02
2.149999999999999911e+00,5.460420568570221178e-01,-9.891976163850428605e-02,6.298269287760376034e-02,4.943200401432538693e-01,-6.590922278787736399e-02,2.966024532801776400e-02,-3.952636607002130847e-02,1.456943935979863533e-02
2.162500000000000089e+00,5.448104674490007460e-01,-9.813557445224475873e-02,6.248790536337383433e-02,4.934994613294196308e-01,-6.538407916679506160e-02,2.917037923389497953e-02,-3.885422359750827226e-02,1.433206455260562819e-02
2.175000000000000266e+00,5.435886418266535625e-01,-9.735754785679118228e-02,6.199699328988323571e-02,4.926854209385932437e-01,-6.486306967416832769e-02,2.868883985737953612e-02,-3.819405269948585036e-02,1.409862922384159424e-02
2.187500000000000000e+00,5.423765032845754286e-01,-9.658563359834691775e-02,6.150992642234565794e-02,4.918778674973529053e-01,-6.434616184313556031e-02,2.821547898928539189e-02,-3.754562451226450825e-02,1.386906606175058662e-02
2.200000000000000178e+00,5.411739757181777133e-01,-9.581978379958293324e-02,6.102667476040782996e-02,4.910767499365211175e-01,-6.383332346111507405e-02,2.775015125088655180e-02,-3.690871500636829644e-02,1.364330895719995281e-02
2.212499999999999911e+00,5.399809836190005985e-01,-9.505995095671895823e-02,6.054720853635296024e-02,4.902820175879988307e-01,-6.332452256782043765e-02,2.729271403421583073e-02,-3.628310487086451597e-02,1.342129298073996453e-02
2.225000000000000089e+00,5.387974520700620218e-01,-9.430608793662631495e-02,6.007149821331723982e-02,4.894936201816239008e-01,-6.281972745329091057e-02,2.684302744378931280e-02,-3.566857940085950418e-02,1.320295436014184282e-02
2.237500000000000266e+00,5.376233067412423683e-01,-9.355814797395363425e-02,5.959951448351998721e-02,4.887115078420544156e-01,-6.231890665593741579e-02,2.640095423971809685e-02,-3.506492838806291729e-02,1.298823045840329267e-02
2.250000000000000000e+00,5.364584738847052447e-01,-9.281608466827420689e-02,5.913122826650681757e-02,4.879356310856761691e-01,-6.182202896060361857e-02,2.596635978216915372e-02,-3.447194601432495425e-02,1.277705975221046959e-02
2.262500000000000178e+00,5.353028803303534477e-01,-9.207985198125520632e-02,5.866661070740592648e-02,4.871659408175340600e-01,-6.132906339664198625e-02,2.553911197713885223e-02,-3.388943074805507438e-02,1.256938181084590531e-02
2.274999999999999911e+00,5.341564534813207921e-01,-9.134940423384892150e-02,5.820563317519766161e-02,4.864023883282880267e-01,-6.083997923600498875e-02,2.511908122350387310e-02,-3.331718524343391108e-02,1.236513727553216306e-02
2.287500000000000089e+00,5.330191213094975788e-01,-9.062469610350516735e-02,5.774826726099666074e-02,4.856449252911921310e-01,-6.035474599135091239e-02,2.470614036131473304e-02,-3.275501624233237430e-02,1.216426783920102929e-02
2.300000000000000266e+00,5.318908123510930341e-01,-8.990568262140548328e-02,5.729448477634725007e-02,4.848935037590976216e-01,-5.987333341416458538e-02,2.430016462129904256e-02,-3.220273447885592388e-02,1.196671622667867460e-02
2.312500000000000000e+00,5.307714557022294999e-01,-8.919231916971820384e-02,5.684425775153129079e-02,4.841480761614792017e-01,-5.939571149289259167e-02,2.390103157554183955e-02,-3.166015458643380714e-02,1.177242617527710089e-02
2.325000000000000178e+00,5.296609810145731512e-01,-8.848456147887472090e-02,5.639755843388886969e-02,4.834085953014846671e-01,-5.892185045109296637e-02,2.350862108931179445e-02,-3.112709500737634999e-02,1.158134241578268400e-02
2.337499999999999911e+00,5.285593184909970210e-01,-8.778236562486682604e-02,5.595435928615156984e-02,4.826750143530074699e-01,-5.845172074559942810e-02,2.312281527400305084e-02,-3.060337790482606235e-02,1.139341065383284168e-02
2.350000000000000089e+00,5.274663988812784421e-01,-8.708568802656453667e-02,5.551463298478816200e-02,4.819472868577820424e-01,-5.798529306469964867e-02,2.274349844116290570e-02,-3.008882907703010201e-02,1.120857755167185485e-02
2.362500000000000266e+00,5.263821534778299061e-01,-8.639448544305473876e-02,5.507835241836283452e-02,4.812253667225023235e-01,-5.752253832632789332e-02,2.237055705757711593e-02,-2.958327787386515195e-02,1.102679071027748772e-02
2.375000000000000000e+00,5.253065141114625636e-01,-8.570871497100018832e-02,5.464549068590564274e-02,4.805092082159618250e-01,-5.706342767627162887e-02,2.200387970138479796e-02,-2.908655711554702580e-02,1.084799865184986160e-02
2.387500000000000178e+00,5.242394131471831420e-01,-8.502833404201871892e-02,5.421602109529519153e-02,4.797987659662170667e-01,-5.660793248639196806e-02,2.164335701919613969e-02,-2.859850301346018517e-02,1.067215080265451581e-02
2.400000000000000355e+00,5.231807834800232815e-01,-8.435330042008279405e-02,5.378991716165360676e-02,4.790939949577724954e-01,-5.615602435285819288e-02,2.128888168418694229e-02,-2.811895509304459043e-02,1.049919747621177839e-02
2.412500000000000089e+00,5.221305585309012898e-01,-8.368357219893889087e-02,5.336715260575344844e-02,4.783948505287878294e-01,-5.570767509439580184e-02,2.094034835514440446e-02,-2.764775611867876029e-02,1.032908985682457446e-02
2.425000000000000266e+00,5.210886722425155382e-01,-8.301910779954668751e-02,5.294770135243654502e-02,4.777012883683064426e-01,-5.526285675054819213e-02,2.059765363643973127e-02,-2.718475202050053482e-02,1.016177998343721807e-02
2.437500000000000000e+00,5.200550590752710534e-01,-8.235986596753817890e-02,5.253153752904499846e-02,4.770132645135066185e-01,-5.482154157995202531e-02,2.026069603890376034e-02,-2.672979182310886506e-02,9.997220733817844401e-03
2.450000000000000178e+00,5.190296540032360850e-01,-8.170580577069597172e-02,5.211863546386362456e-02,4.763307353469731220e-01,-5.438370205862579077e-02,1.992937594158217945e-02,-2.628272757609133314e-02,9.835365809057217482e-03
2.462500000000000355e+00,5.180123925101312032e-01,-8.105688659645136906e-02,5.170896968457446702e-02,4.756536575939907530e-01,-5.394931087827186528e-02,1.960359555434819726e-02,-2.584341428632474028e-02,9.676169718377028092e-03
2.475000000000000089e+00,5.170032105853494819e-01,-8.041306814940138437e-02,5.130251491672274677e-02,4.749819883198587167e-01,-5.351834094459165247e-02,1.928325888135051097e-02,-2.541170985199692547e-02,9.519587764240793407e-03
2.487500000000000266e+00,5.160020447200066585e-01,-7.977431044884494837e-02,5.089924608219437152e-02,4.743156849272262554e-01,-5.309076537561382980e-02,1.896827168527553953e-02,-2.498747499830030264e-02,9.365576027760683098e-03
2.500000000000000000e+00,5.150088319030236006e-01,-7.914057382633825355e-02,5.049913829770512341e-02,4.736547051534488184e-01,-5.266655750003575859e-02,1.865854145240335507e-02,-2.457057321474911613e-02,9.214091354393914163e-03
2.512500000000000178e+00,5.140235096172373064e-01,-7.851181892326861145e-02,5.010216687330092122e-02,4.729990070679650493e-01,-5.224569085557752984e-02,1.835397735843711034e-02,-2.416087069407342122e-02,9.065091339922181496e-03
2.525000000000000355e+00,5.130460158355437672e-01,-7.788800668844721165e-02,4.970830731086975374e-02,4.723485490696941458e-01,-5.182813918734908987e-02,1.805449023508683831e-02,-2.375823627264526255e-02,8.918534316708168902e-03
2.537500000000000089e+00,5.120762890170699189e-01,-7.726909837572039363e-02,4.931753530266455576e-02,4.717032898844538136e-01,-5.141387644622989750e-02,1.775999253738844152e-02,-2.336254137239295037e-02,8.774379340222931978e-03
2.550000000000000266e+00,5.111142681033753465e-01,-7.665505554159907087e-02,4.892982672983735987e-02,4.710631885623979276e-01,-5.100287678726116852e-02,1.747039831173970159e-02,-2.297365994416139534e-02,8.632586175838374495e-03
2.562500000000000000e+00,5.101598925146840768e-01,-7.604584004290686206e-02,4.854515766098458501e-02,4.704282044754748426e-01,-5.059511456805081825e-02,1.718562316463554882e-02,-2.259146841247777412e-02,8.493115285879100640e-03
2.575000000000000178e+00,5.092131021461447915e-01,-7.544141403444579175e-02,4.816350435070314295e-02,4.697982973149048558e-01,-5.019056434719057491e-02,1.690558423208502609e-02,-2.221584562168251939e-02,8.355927816927937596e-03
2.587500000000000355e+00,5.082738373641209062e-01,-7.484173996668049000e-02,4.778484323815765378e-02,4.691734270886779301e-01,-4.978920088268561778e-02,1.663020014969346025e-02,-2.184667278338774457e-02,8.220985587379816759e-03
2.600000000000000089e+00,5.073420390025094040e-01,-7.424678058343987808e-02,4.740915094565836818e-02,4.685535541190709030e-01,-4.939099913039629586e-02,1.635939102339317025e-02,-2.148383342522564368e-02,8.088251075238549193e-03
2.612500000000000266e+00,5.064176483590874245e-01,-7.365649891963663154e-02,4.703640427724983114e-02,4.679386390401835683e-01,-4.899593424249199664e-02,1.609307840080696078e-02,-2.112721334085097824e-02,7.957687406151346676e-03
2.625000000000000000e+00,5.055006071918883848e-01,-7.307085829900442087e-02,4.666658021731039108e-02,4.673286427954949640e-01,-4.860398156591717866e-02,1.583118524322902829e-02,-2.077670054116299847e-02,7.829258341676078453e-03
2.637500000000000178e+00,5.045908577156055230e-01,-7.248982233185223556e-02,4.629965592916206185e-02,4.667235266354375911e-01,-4.821511664086909621e-02,1.557363589820799470e-02,-2.043218520671269411e-02,7.702928267776142784e-03
2.650000000000000355e+00,5.036883425980237527e-01,-7.191335491283644410e-02,4.593560875369115393e-02,4.661232521149917818e-01,-4.782931519928763919e-02,1.532035607271776435e-02,-2.009355964126304309e-02,7.578662183538305980e-03
2.662500000000000089e+00,5.027930049564793835e-01,-7.134142021874965989e-02,4.557441620797920978e-02,4.655277810912979430e-01,-4.744655316335675416e-02,1.507127280690173481e-02,-1.976071822647028006e-02,7.456425690108625659e-03
2.675000000000000266e+00,5.019047883543463762e-01,-7.077398270632677402e-02,4.521605598394429909e-02,4.649370757212878957e-01,-4.706680664401755032e-02,1.482631444837665714e-02,-1.943355737765555674e-02,7.336184979841923678e-03
2.687500000000000000e+00,5.010236367975516858e-01,-7.021100711006808548e-02,4.486050594699275695e-02,4.643510984593346991e-01,-4.669005193949308380e-02,1.458541062708277117e-02,-1.911197550063740633e-02,7.217906825660320123e-03
2.700000000000000178e+00,5.001494947311160288e-01,-6.965245844007894593e-02,4.450774413468094881e-02,4.637698120549206826e-01,-4.631626553382445916e-02,1.434849223066692395e-02,-1.879587294959579255e-02,7.101558570616344108e-03
2.712500000000000355e+00,4.992823070357224613e-01,-6.909830197992623824e-02,4.415774875538737432e-02,4.631931795503239080e-01,-4.594542409541852584e-02,1.411549138038622683e-02,-1.848515198594018888e-02,6.987108117656435496e-03
2.725000000000000089e+00,4.984220190243115467e-01,-6.854850328451138342e-02,4.381049818699470771e-02,4.626211642783226163e-01,-4.557750447560671853e-02,1.388634140751962218e-02,-1.817971673815423073e-02,6.874523919580548433e-03
2.737500000000000266e+00,4.975685764387024479e-01,-6.800302817795959853e-02,4.346597097558187184e-02,4.620537298599174392e-01,-4.521248370721516613e-02,1.366097683027545778e-02,-1.787947316259078101e-02,6.763774969193793972e-03
2.750000000000000000e+00,4.967219254462413858e-01,-6.746184275152576626e-02,4.312414583412613189e-02,4.614908402020719280e-01,-4.485033900314601418e-02,1.343933333118335974e-02,-1.758432900519205783e-02,6.654830789646160559e-03
2.762500000000000178e+00,4.958820126364749115e-01,-6.692491336151604187e-02,4.278500164121487592e-02,4.609324594954700149e-01,-4.449104775496963426e-02,1.322134773495886075e-02,-1.729419376410972625e-02,6.547661424956300810e-03
2.775000000000000355e+00,4.950487850178499349e-01,-6.639220662722591926e-02,4.244851743976735953e-02,4.603785522122917917e-01,-4.413458753152799119e-02,1.300695798682988298e-02,-1.700897865320141755e-02,6.442237430715687038e-03
2.787500000000000089e+00,4.942221900144393998e-01,-6.586368942889392342e-02,4.211467243576606095e-02,4.598290831040059978e-01,-4.378093607754872385e-02,1.279610313131408252e-02,-1.672859656638004192e-02,6.338529864969298308e-03
2.800000000000000266e+00,4.934021754626926048e-01,-6.533932890567117902e-02,4.178344599699762574e-02,4.592840171991802167e-01,-4.343007131227007850e-02,1.258872329143661921e-02,-1.645296204279348556e-02,6.236510279269232536e-03
2.812500000000000000e+00,4.925886896082120048e-01,-6.481909245360675809e-02,4.145481765180358824e-02,4.587433198013078917e-01,-4.308197132807661117e-02,1.238475964837816926e-02,-1.618199123281286594e-02,6.136150709897731682e-03
2.825000000000000178e+00,4.917816811025542134e-01,-6.430294772364840428e-02,4.112876708784031499e-02,4.582069564866526612e-01,-4.273661438914536786e-02,1.218415442154304612e-02,-1.591560186480790035e-02,6.037423669256014418e-03
2.837500000000000355e+00,4.909810990000561537e-01,-6.379086261965892513e-02,4.080527415084862775e-02,4.576748931021090705e-01,-4.239397893010279916e-02,1.198685084903791491e-02,-1.565371321268897373e-02,5.940302137415660183e-03
2.850000000000000089e+00,4.901868927546860766e-01,-6.328280529644765562e-02,4.048431884343266229e-02,4.571470957630807130e-01,-4.205404355469201383e-02,1.179279316855147766e-02,-1.539624606419573959e-02,5.844759553829096017e-03
2.862500000000000266e+00,4.893990122169187829e-01,-6.277874415781728445e-02,4.016588132384799059e-02,4.566235308513741376e-01,-4.171678703445035746e-02,1.160192659862598584e-02,-1.514312268991289089e-02,5.750769809195995126e-03
2.875000000000000000e+00,4.886174076306355474e-01,-6.227864785462582792e-02,3.984994190479911047e-02,4.561041650131098524e-01,-4.138218830739752441e-02,1.141419732031167568e-02,-1.489426681299432266e-02,5.658307237482428260e-03
2.887500000000000178e+00,4.878420296300477466e-01,-6.178248528286332114e-02,3.953648105224591425e-02,4.555889651566493725e-01,-4.105022647673359226e-02,1.122955245919522380e-02,-1.464960357957719242e-02,5.567346608089589026e-03
2.900000000000000355e+00,4.870728292366447998e-01,-6.129022558174367086e-02,3.922547938421941383e-02,4.550778984505385871e-01,-4.072088080954746475e-02,1.104794006779389985e-02,-1.440905952986834722e-02,5.477863118169152765e-03
2.912500000000000089e+00,4.863097578561657586e-01,-6.080183813181110758e-02,3.891691766964638227e-02,4.545709323214671693e-01,-4.039413073553521638e-02,1.086930910830697337e-02,-1.417256256988565222e-02,5.389832385082207224e-03
2.925000000000000266e+00,4.855527672755942103e-01,-6.031729255306118864e-02,3.861077682718293269e-02,4.540680344522438072e-01,-4.006995584572843605e-02,1.069360943571632909e-02,-1.394004194383756563e-02,5.303230438998917003e-03
2.937500000000000000e+00,4.848018096601769966e-01,-5.983655870307656027e-02,3.830703792405714542e-02,4.535691727797876993e-01,-3.974833589123259736e-02,1.052079178122851920e-02,-1.371142820712474217e-02,5.218033715636074231e-03
2.950000000000000178e+00,4.840568375504658571e-01,-5.935960667517686806e-02,3.800568217492029249e-02,4.530743154931352046e-01,-3.942925078197506705e-02,1.035080773605038043e-02,-1.348665319994766902e-02,5.134219049129723489e-03
2.962500000000000355e+00,4.833178038593823889e-01,-5.888640679658322524e-02,3.770669094070702720e-02,4.525834310314623687e-01,-3.911268058546308463e-02,1.018360973549094911e-02,-1.326565002150523892e-02,5.051763665040209447e-03
2.975000000000000089e+00,4.825846618693054313e-01,-5.841692962659666283e-02,3.741004572750417090e-02,4.520964880821230492e-01,-3.879860552555126213e-02,1.001915104338221493e-02,-1.304835300476910563e-02,4.970645173486940190e-03
2.987500000000000266e+00,4.818573652291813780e-01,-5.795114595479074204e-02,3.711572818542807628e-02,4.516134555787020832e-01,-3.848700598121870819e-02,9.857385736811666993e-03,-1.283469769181945323e-02,4.890841562410286683e-03
3.000000000000000000e+00,4.811358679516573589e-01,-5.748902679921825271e-02,3.682372010751071983e-02,4.511343026990838334e-01,-3.817786248535581101e-02,9.698268691159778188e-03,-1.262462080972814524e-02,4.812331190958123867e-03
3.012500000000000178e+00,4.804201244102359047e-01,-5.703054340463156735e-02,3.653400342859411398e-02,4.506589988635358868e-01,-3.787115572356027776e-02,9.541755565435508166e-03,-1.241806024697539659e-02,4.735092782994445963e-03
3.025000000000000355e+00,4.797100893364525387e-01,-5.657566724071697722e-02,3.624656022423331653e-02,4.501875137328076315e-01,-3.756686653294272898e-02,9.387802787903411564e-03,-1.221495503038688875e-02,4.659105420727726286e-03
3.037500000000000089e+00,4.790057178170750163e-01,-5.612437000034255913e-02,3.596137270960773208e-02,4.497198172062439880e-01,-3.726497590094154932e-02,9.236367541995797736e-03,-1.201524530257822541e-02,4.584348538456564301e-03
3.050000000000000266e+00,4.783069652913243819e-01,-5.567662359781958004e-02,3.567842323844068464e-02,4.492558794199131289e-01,-3.696546496414686994e-02,9.087407752503735142e-03,-1.181887229989422687e-02,4.510801916430345719e-03
3.062500000000000000e+00,4.776137875481178408e-01,-5.523240016717750195e-02,3.539769430192742095e-02,4.487956707447500193e-01,-3.666831500713393921e-02,8.940882072040823650e-03,-1.162577833083094925e-02,4.438445674822637070e-03
3.075000000000000178e+00,4.769261407233328365e-01,-5.479167206045215677e-02,3.511916852767107272e-02,4.483391617847134469e-01,-3.637350746130536133e-02,8.796749867773675374e-03,-1.143590675492834295e-02,4.367260267815066543e-03
3.087500000000000355e+00,4.762439812970927222e-01,-5.435441184598731323e-02,3.484282867862695254e-02,4.478863233749580397e-01,-3.608102390374250124e-02,8.654971208413417619e-03,-1.124920196212224159e-02,4.297226477789552190e-03
3.100000000000000089e+00,4.755672660910733596e-01,-5.392059230674932369e-02,3.456865765205483637e-02,4.474371265800202724e-01,-3.579084605606584063e-02,8.515506851462446500e-03,-1.106560935254428772e-02,4.228325409626722091e-03
3.112500000000000266e+00,4.748959522658309229e-01,-5.349018643865475348e-02,3.429663847847918418e-02,4.469915426920189616e-01,-3.550295578330407709e-02,8.378318230710930445e-03,-1.088507531675892218e-02,4.160538485108440480e-03
3.125000000000000000e+00,4.742299973181502981e-01,-5.306316744891115267e-02,3.402675432065749295e-02,4.465495432288695832e-01,-3.521733509277227836e-02,8.243367443977722350e-03,-1.070754721642691240e-02,4.093847437422450108e-03
3.137500000000000178e+00,4.735693590784142426e-01,-5.263950875437041488e-02,3.375898847255633800e-02,4.461110999325126336e-01,-3.493396613295852299e-02,8.110617241090304491e-03,-1.053297336538491606e-02,4.028234305767054366e-03
3.150000000000000355e+00,4.729139957079931955e-01,-5.221918397989515348e-02,3.349332435833544952e-02,4.456761847671560917e-01,-3.465283119241947124e-02,7.980031012098752832e-03,-1.036130301113124055e-02,3.963681430053973484e-03
3.162500000000000089e+00,4.722638656966552384e-01,-5.180216695673751925e-02,3.322974553133939413e-02,4.452447699175310913e-01,-3.437391269868435295e-02,7.851572775718596367e-03,-1.019248631670784284e-02,3.900171445707407199e-03
3.175000000000000266e+00,4.716189278599960955e-01,-5.138843172093061212e-02,3.296823567309703495e-02,4.448168277871618059e-01,-3.409719321716755958e-02,7.725207167997724667e-03,-1.002647434296917439e-02,3.837687278557444254e-03
3.187500000000000000e+00,4.709791413368896174e-01,-5.097795251169252861e-02,3.270877859232873552e-02,4.443923309966485991e-01,-3.382265545008984048e-02,7.600899431202613049e-03,-9.863219031228614639e-03,3.776212139826022867e-03
3.200000000000000178e+00,4.703444655869577495e-01,-5.057070376984246912e-02,3.245135822396100905e-02,4.439712523819646095e-01,-3.355028223540767324e-02,7.478615402919087940e-03,-9.702673186273410091e-03,3.715729521203593819e-03
3.212500000000000355e+00,4.697148603880603179e-01,-5.016666013622941844e-02,3.219595862814885606e-02,4.435535649927656587e-01,-3.328005654575121736e-02,7.358321505363211480e-03,-9.544790459739481772e-03,3.656223190014793508e-03
3.225000000000000089e+00,4.690902858338046877e-01,-4.976579645017278897e-02,3.194256398930551272e-02,4.431392420907135365e-01,-3.301196148737042119e-02,7.239984734897729132e-03,-9.389525333837469082e-03,3.597677184471360576e-03
3.237500000000000266e+00,4.684707023310741292e-01,-4.936808774791519999e-02,3.169115861513962379e-02,4.427282571478121653e-01,-3.274598029908933755e-02,7.123572651749801588e-03,-9.236833105421744100e-03,3.540075809010635125e-03
3.250000000000000000e+00,4.678560705975761680e-01,-4.897350926108735153e-02,3.144172693569988880e-02,4.423205838447570315e-01,-3.248209635126872441e-02,7.009053369925802995e-03,-9.086669870394381912e-03,3.483403629718020717e-03
3.262500000000000178e+00,4.672463516594098087e-01,-4.858203641518459015e-02,3.119425350242687953e-02,4.419161960692973845e-01,-3.222029314477654893e-02,6.896395547318961462e-03,-8.938992508436102019e-03,3.427645469831735146e-03
3.275000000000000355e+00,4.666415068486514661e-01,-4.819364482805550687e-02,3.094872298721229598e-02,4.415150679146112589e-01,-3.196055430996671415e-02,6.785568376005917009e-03,-8.793758668056648672e-03,3.372786405328349023e-03
3.287500000000000089e+00,4.660414978009601583e-01,-4.780831030840208828e-02,3.070512018146530700e-02,4.411171736776932639e-01,-3.170286360566561962e-02,6.676541572728155946e-03,-8.650926751957074487e-03,3.318811760587505807e-03
3.300000000000000266e+00,4.654462864532009636e-01,-4.742600885429152507e-02,3.046342999518608652e-02,4.407224878577549187e-01,-3.144720491816664631e-02,6.569285369554501812e-03,-8.510455902696664049e-03,3.265707104134334907e-03
3.312500000000000000e+00,4.648558350410873508e-01,-4.704671665167962924e-02,3.022363745604650376e-02,4.403309851546376996e-01,-3.119356226023257614e-02,6.463770504720939281e-03,-8.372305988657527398e-03,3.213458244458098495e-03
3.325000000000000178e+00,4.642701060968416060e-01,-4.667041007294559646e-02,2.998572770847778013e-02,4.399426404672381885e-01,-3.094191977010566155e-02,6.359968213644008432e-03,-8.236437590299832551e-03,3.162051225905567180e-03
3.337500000000000355e+00,4.636890624468737454e-01,-4.629706567543823148e-02,2.974968601276523072e-02,4.395574288919458783e-01,-3.069226171052553964e-02,6.257850220104273047e-03,-8.102811986701102462e-03,3.111472324647769714e-03
3.350000000000000089e+00,4.631126672094784680e-01,-4.592666020003336597e-02,2.951549774414991348e-02,4.391753257210929684e-01,-3.044457246775473386e-02,6.157388727596274647e-03,-7.971391142372961924e-03,3.061708044718668663e-03
3.362500000000000266e+00,4.625408837925498173e-01,-4.555917056970246182e-02,2.928314839193713395e-02,4.387963064414163172e-01,-3.019883655061175731e-02,6.058556410841573966e-03,-7.842137694348985319e-03,3.012745114124428490e-03
3.375000000000000000e+00,4.619736758913140506e-01,-4.519457388809240694e-02,2.905262355861190290e-02,4.384203467325317738e-01,-2.995503858951184192e-02,5.961326407461572593e-03,-7.715014939537506895e-03,2.964570481021948541e-03
3.387500000000000178e+00,4.614110074860799382e-01,-4.483284743811619816e-02,2.882390895896104477e-02,4.380474224654197224e-01,-2.971316333551502625e-02,5.865672309806740752e-03,-7.589986822333232713e-03,2.917171309965318256e-03
3.400000000000000355e+00,4.608528428400067156e-01,-4.447396868055468466e-02,2.859699041920218607e-02,4.376775097009233950e-01,-2.947319565938180674e-02,5.771568156939172085e-03,-7.467017922481911443e-03,2.870534978218960802e-03
3.412500000000000089e+00,4.602991464968894664e-01,-4.411791525266904601e-02,2.837185387611933576e-02,4.373105846882581749e-01,-2.923512055063605744e-02,5.678988426765235395e-03,-7.346073443192211935e-03,2.824649072136169257e-03
3.425000000000000266e+00,4.597498832789616574e-01,-4.376466496682406698e-02,2.814848537620512348e-02,4.369466238635330013e-01,-2.899892311663528760e-02,5.587908028315323114e-03,-7.227119199489254707e-03,2.779501383601821942e-03
3.437500000000000000e+00,4.592050182847148831e-01,-4.341419580912217469e-02,2.792687107480969211e-02,4.365856038482832102e-01,-2.876458858164821636e-02,5.498302294167722350e-03,-7.110121606804405830e-03,2.735079906538092059e-03
3.450000000000000178e+00,4.586645168867356515e-01,-4.306648593804792563e-02,2.770699723529602282e-02,4.362275014480148094e-01,-2.853210228593942854e-02,5.410146973013620422e-03,-6.995047669795912207e-03,2.691372833471927361e-03
3.462500000000000355e+00,4.581283447295591560e-01,-4.272151368312314401e-02,2.748885022820186236e-02,4.358722936507602452e-01,-2.830144968486130938e-02,5.323418222360484092e-03,-6.881864971395313703e-03,2.648368552163195278e-03
3.475000000000000089e+00,4.575964677275394243e-01,-4.237925754357244751e-02,2.727241653040801336e-02,4.355199576256455485e-01,-2.807261634795296668e-02,5.238092601370941508e-03,-6.770541662074506042e-03,2.606055642292318640e-03
3.487500000000000266e+00,4.570688520627364526e-01,-4.203969618699904959e-02,2.705768272431303273e-02,4.351704707214684165e-01,-2.784558795804620637e-02,5.154147063834473713e-03,-6.661046449328552992e-03,2.564422872206308709e-03
3.500000000000000000e+00,4.565454641828197158e-01,-4.170280844807101178e-02,2.684463549701432764e-02,4.348238104652877856e-01,-2.762035031037854763e-02,5.071558951269276340e-03,-6.553348587369506838e-03,2.523459195722124303e-03
3.512500000000000178e+00,4.560262707989879427e-01,-4.136857332721750186e-02,2.663326163949546535e-02,4.344799545610240066e-01,-2.739688931171306227e-02,4.990305986151611327e-03,-6.447417867026444989e-03,2.483153748986252456e-03
3.525000000000000355e+00,4.555112388839052118e-01,-4.103696998933535622e-02,2.642354804581981131e-02,4.341388808880705663e-01,-2.717519097946518095e-02,4.910366265270187103e-03,-6.343224605847295680e-03,2.443495847389509645e-03
3.537500000000000089e+00,4.550003356696532553e-01,-4.070797776250552336e-02,2.621548171233033589e-02,4.338005674999161898e-01,-2.695524144083626811e-02,4.831718253202995500e-03,-6.240739638397886126e-03,2.404474982536004574e-03
3.550000000000000266e+00,4.544935286456994739e-01,-4.038157613671952001e-02,2.600904973685552735e-02,4.334649926227778227e-01,-2.673702693195392430e-02,4.754340775914206278e-03,-6.139934306753937893e-03,2.366080819265275852e-03
3.562500000000000000e+00,4.539907855568809381e-01,-4.005774476261589334e-02,2.580423931792154985e-02,4.331321346542445494e-01,-2.652053379701910935e-02,4.678213014468751360e-03,-6.040780451181784576e-03,2.328303192726629677e-03
3.575000000000000178e+00,4.534920744014043770e-01,-3.973646345022626564e-02,2.560103775397029255e-02,4.328019721619317806e-01,-2.630574848745979508e-02,4.603314498862203126e-03,-5.943250401003620682e-03,2.291132105504686128e-03
3.587500000000000355e+00,4.529973634288612661e-01,-3.941771216773135023e-02,2.539943244258358740e-02,4.324744838821463766e-01,-2.609265756109133833e-02,4.529625101963742802e-03,-5.847316965643334363e-03,2.254557724795225055e-03
3.600000000000000089e+00,4.525066211382590131e-01,-3.910147104022647369e-02,2.519941087971331456e-02,4.321496487185619850e-01,-2.588124768128334183e-02,4.457125033569926502e-03,-5.752953425848931525e-03,2.218570379630372281e-03
3.612500000000000266e+00,4.520198162760667437e-01,-3.878772034849669453e-02,2.500096065891743019e-02,4.318274457409045919e-01,-2.567150561613302379e-02,4.385794834567081392e-03,-5.660133525087730592e-03,2.183160558152236631e-03
3.625000000000000000e+00,4.515369178342772405e-01,-3.847644052780155310e-02,2.480406947060196168e-02,4.315078541836488424e-01,-2.546341823764508919e-02,4.315615371200230352e-03,-5.568831461110634699e-03,2.148318904934116112e-03
3.637500000000000178e+00,4.510578950484832594e-01,-3.816761216666910567e-02,2.460872510126870319e-02,4.311908534447239094e-01,-2.525697252091795020e-02,4.246567829446388012e-03,-5.479021877681741239e-03,2.114036218348367725e-03
3.650000000000000355e+00,4.505827173959693344e-01,-3.786121600569945095e-02,2.441491543276885431e-02,4.308764230842303533e-01,-2.505215554333634076e-02,4.178633709490256649e-03,-5.390679856469825400e-03,2.080303447980132951e-03
3.662500000000000089e+00,4.501113545938182359e-01,-3.755723293637746457e-02,2.422262844156230707e-02,4.305645428231662519e-01,-2.484895448377022822e-02,4.111794820300264559e-03,-5.303780909098136306e-03,2.047111692086034211e-03
3.675000000000000266e+00,4.496437765970321965e-01,-3.725564399989478304e-02,2.403185219798264008e-02,4.302551925421635448e-01,-2.464735662177994224e-02,4.046033274303005751e-03,-5.218300969349154265e-03,2.014452195097049102e-03
3.687500000000000000e+00,4.491799535966690682e-01,-3.695643038598100949e-02,2.384257486550786509e-02,4.299483522802346469e-01,-2.444734933682760070e-02,3.981331482154194454e-03,-5.134216385521010555e-03,1.982316345164754877e-03
3.700000000000000178e+00,4.487198560179927465e-01,-3.665957343174382904e-02,2.365478470003666567e-02,4.296440022335282216e-01,-2.424892010749456900e-02,3.917672147604201946e-03,-5.051503912932276373e-03,1.950695671750133503e-03
3.712500000000000355e+00,4.482634545186380826e-01,-3.636505462051835974e-02,2.346847004917033963e-02,4.293421227540952789e-01,-2.405205651070516787e-02,3.855038262456400664e-03,-4.970140706572039220e-03,1.919581843254188980e-03
3.725000000000000089e+00,4.478107199867904509e-01,-3.607285558072526044e-02,2.328361935150018852e-02,4.290426943486647104e-01,-2.385674622095635203e-02,3.793413101616473302e-03,-4.890104313892125118e-03,1.888966664689594767e-03
3.737500000000000266e+00,4.473616235393789164e-01,-3.578295808473778289e-02,2.310022113590040269e-02,4.287456976774282613e-01,-2.366297700955340838e-02,3.732780218230942210e-03,-4.811372667738469944e-03,1.858842075392635801e-03
3.750000000000000000e+00,4.469161365202841130e-01,-3.549534404775766400e-02,2.291826402082649053e-02,4.284511135528353276e-01,-2.347073674385169798e-02,3.673123438913226870e-03,-4.733924079418740279e-03,1.829200146774723028e-03
3.762500000000000178e+00,4.464742304985597210e-01,-3.520999552669965699e-02,2.273773671361897092e-02,4.281589229383969131e-01,-2.328001338650422317e-02,3.614426859055488214e-03,-4.657737231903266890e-03,1.800033080112741022e-03
3.775000000000000355e+00,4.460358772666681570e-01,-3.492689471908486804e-02,2.255862800981258895e-02,4.278691069474991893e-01,-2.309079499471516916e-02,3.556674838224670350e-03,-4.582791173156556055e-03,1.771333204377553445e-03
3.787500000000000089e+00,4.456010488387296409e-01,-3.464602396194256528e-02,2.238092679245073935e-02,4.275816468422261596e-01,-2.290306971949919793e-02,3.499851995641079135e-03,-4.509065309596588418e-03,1.743092974099956418e-03
3.800000000000000266e+00,4.451697174487854181e-01,-3.436736573072057127e-02,2.220462203140522589e-02,4.272965240321916491e-01,-2.271682580494656378e-02,3.443943205737935026e-03,-4.436539399679250394e-03,1.715304967273407599e-03
3.812500000000000000e+00,4.447418555490740277e-01,-3.409090263820419020e-02,2.202970278270129437e-02,4.270137200733804539e-01,-2.253205158749399528e-02,3.388933593800369341e-03,-4.365193547605319448e-03,1.687961883292885424e-03
3.825000000000000178e+00,4.443174358083214481e-01,-3.381661743344339249e-02,2.185615818784780728e-02,4.267332166669985938e-01,-2.234873549520120448e-02,3.334808531682303089e-03,-4.295008197147378616e-03,1.661056540929197866e-03
3.837500000000000355e+00,4.438964311100445093e-01,-3.354449300068852030e-02,2.168397747317266436e-02,4.264549956583322254e-01,-2.216686604703313468e-02,3.281553633599782437e-03,-4.225964125594252468e-03,1.634581876338134405e-03
3.850000000000000089e+00,4.434788145508673507e-01,-3.327451235833413234e-02,2.151314994916328840e-02,4.261790390356162694e-01,-2.198643185214775239e-02,3.229154751999265948e-03,-4.158042437810463045e-03,1.608530941103812227e-03
3.862500000000000266e+00,4.430645594388512021e-01,-3.300665865787107828e-02,2.134366500981221479e-02,4.259053289289109201e-01,-2.180742160918941117e-02,3.177597973499462786e-03,-4.091224560408356949e-03,1.582896900315611428e-03
3.875000000000000000e+00,4.426536392918373197e-01,-3.274091518284682339e-02,2.117551213196777748e-02,4.256338476089878697e-01,-2.162982410558779781e-02,3.126869614905347129e-03,-4.025492236030589477e-03,1.557673030678107277e-03
3.887500000000000178e+00,4.422460278358025798e-01,-3.247726534783369062e-02,2.100868087468972870e-02,4.253645774862244155e-01,-2.145362821686225968e-02,3.076956219292934554e-03,-3.960827517740660338e-03,1.532852718653385628e-03
3.900000000000000355e+00,4.418416990032281166e-01,-3.221569269740529734e-02,2.084316087860991693e-02,4.250975011095071698e-01,-2.127882290593165193e-02,3.027844552163541474e-03,-3.897212763519319976e-03,1.508429458635190522e-03
3.912500000000000089e+00,4.414406269314807285e-01,-3.195618090512085396e-02,2.067894186529784309e-02,4.248326011651434864e-01,-2.110539722242955538e-02,2.979521597666169325e-03,-3.834630630864649045e-03,1.484396851154310250e-03
3.925000000000000266e+00,4.410427859612067736e-01,-3.169871377251733124e-02,2.051601363663111896e-02,4.245698604757817129e-01,-2.093334030202479573e-02,2.931974554886752383e-03,-3.773064071493692495e-03,1.460748601114658478e-03
3.937500000000000000e+00,4.406481506347388333e-01,-3.144327522810961423e-02,2.035436607417084182e-02,4.243092619993403258e-01,-2.076264136574737171e-02,2.885190834203030154e-03,-3.712496326143612576e-03,1.437478516059506823e-03
3.950000000000000178e+00,4.402566956945145327e-01,-3.118984932639821961e-02,2.019398913854170488e-02,4.240507888279448911e-01,-2.059328971931953869e-02,2.839158053703764138e-03,-3.652910919470271287e-03,1.414580504467313326e-03
3.962500000000000355e+00,4.398683960815079064e-01,-3.093842024688497200e-02,2.003487286881699969e-02,4.237944241868734641e-01,-2.042527475249223193e-02,2.793864035671151432e-03,-3.594291655042332334e-03,1.392048574076647227e-03
3.975000000000000089e+00,4.394832269336732544e-01,-3.068897229309613950e-02,1.987700738190827099e-02,4.235401514335105921e-01,-2.025858593838659669e-02,2.749296803125210464e-03,-3.536622610428893313e-03,1.369876830239667720e-03
3.987500000000000266e+00,4.391011635844004335e-01,-3.044148989161323676e-02,1.972038287195975251e-02,4.232879540563090903e-01,-2.009321283284068102e-02,2.705444576428992203e-03,-3.479888132378773299e-03,1.348059474303664245e-03
4.000000000000000000e+00,4.387221815609831932e-01,-3.019595759111144695e-02,1.956498960974746223e-02,4.230378156737601425e-01,-1.992914507376127367e-02,2.662295769953507921e-03,-3.424072832089631799e-03,1.326590802020162409e-03
4.012500000000000178e+00,4.383462565830985591e-01,-2.995236006140536769e-02,1.941081794208292938e-02,4.227897200333715633e-01,-1.976637238048075881e-02,2.619838988801212552e-03,-3.369161580565057691e-03,1.305465201981094404e-03
4.025000000000000355e+00,4.379733645612987614e-01,-2.971068209250235168e-02,1.925785829122155304e-02,4.225436510106539978e-01,-1.960488455311904313e-02,2.578063025587011038e-03,-3.315139504057914698e-03,1.284677154081572065e-03
4.037500000000000533e+00,4.376034815955145985e-01,-2.947090859366307061e-02,1.910610115427551978e-02,4.222995926081149487e-01,-1.944467147195043724e-02,2.536956857275673560e-03,-3.261991979598170052e-03,1.264221228008776624e-03
4.049999999999999822e+00,4.372365839735707360e-01,-2.923302459246951077e-02,1.895553710263125913e-02,4.220575289542606856e-01,-1.928572309677551583e-02,2.496509642074646977e-03,-3.209704630603545366e-03,1.244092081756516732e-03
4.062500000000000000e+00,4.368726481697121633e-01,-2.899701523390006003e-02,1.880615678137138522e-02,4.218174443026062592e-01,-1.912802946629782799e-02,2.456710716381202593e-03,-3.158263322571302264e-03,1.224284460164987241e-03
4.075000000000000178e+00,4.365116508431429176e-01,-2.876286577941202308e-02,1.865795090870116246e-02,4.215793230306930095e-01,-1.897158069750559325e-02,2.417549591782974360e-03,-3.107654158849603668e-03,1.204793193485309381e-03
4.087500000000000355e+00,4.361535688365754670e-01,-2.853056160603106850e-02,1.851091027537935321e-02,4.213431496391138453e-01,-1.881636698505812291e-02,2.379015952110830664e-03,-3.057863476486791070e-03,1.185613195968385474e-03
4.100000000000000533e+00,4.357983791747919167e-01,-2.830008820544786807e-02,1.836502574415348199e-02,4.211089087505461848e-01,-1.866237860067710211e-02,2.341099650543169378e-03,-3.008877842157093273e-03,1.166739464477663983e-03
4.112499999999999822e+00,4.354460590632161510e-01,-2.807143118312174779e-02,1.822028824919949205e-02,4.208765851087924448e-01,-1.850960589254260422e-02,2.303790706760669525e-03,-2.960684048161220990e-03,1.148167077125383621e-03
4.125000000000000000e+00,4.350965858864975222e-01,-2.784457625739126391e-02,1.807668879556564856e-02,4.206461635778278585e-01,-1.835803928469381327e-02,2.267079304150564079e-03,-2.913269108500364090e-03,1.129891191931884720e-03
4.137500000000000178e+00,4.347499372071050860e-01,-2.761950925859184280e-02,1.793421845862089997e-02,4.204176291408563970e-01,-1.820766927643450300e-02,2.230955787059560932e-03,-2.866620255022181169e-03,1.111907045507594741e-03
4.150000000000000355e+00,4.344060907639335500e-01,-2.739621612818012378e-02,1.779286838350735422e-02,4.201909668993732971e-01,-1.805848644174309903e-02,2.195410658094470915e-03,-2.820724933637303034e-03,1.094209951757272670e-03
4.162500000000000533e+00,4.340650244709191585e-01,-2.717468291786523035e-02,1.765262978459707088e-02,4.199661620722354161e-01,-1.791048142868736232e-02,2.160434575469709784e-03,-2.775570800605010879e-03,1.076795300606133918e-03
4.174999999999999822e+00,4.337267164156674570e-01,-2.695489578874676537e-02,1.751349394495304787e-02,4.197431999947387471e-01,-1.776364495884369399e-02,2.126018350400802476e-03,-2.731145718886717009e-03,1.059658556747475810e-03
4.187500000000000000e+00,4.333911448580907710e-01,-2.673684101045946393e-02,1.737545221579431948e-02,4.195220661177030963e-01,-1.761796782672089487e-02,2.092152944543040471e-03,-2.687437754565902802e-03,1.042795258411412067e-03
4.200000000000000178e+00,4.330582882290572311e-01,-2.652050496032467425e-02,1.723849601596532180e-02,4.193027460065640866e-01,-1.747344089918856369e-02,2.058829467474507322e-03,-2.644435173333260173e-03,1.026201016154375386e-03
4.212500000000000355e+00,4.327281251290497344e-01,-2.630587412250824653e-02,1.710261683140923070e-02,4.190852253404721561e-01,-1.733005511490983905e-02,2.026039174222611042e-03,-2.602126437035705980e-03,1.009871511668993275e-03
4.225000000000000533e+00,4.324006343268356756e-01,-2.609293508718510402e-02,1.696780621464544919e-02,4.188694899113988290e-01,-1.718780148377866204e-02,1.993773462833377426e-03,-2.560500200288068091e-03,9.938024966140081729e-04
4.237499999999999822e+00,4.320757947581471692e-01,-2.588167454971029152e-02,1.683405578425113333e-02,4.186555256232494249e-01,-1.704667108636139655e-02,1.962023871982707633e-03,-2.519545307146211881e-03,9.779897914638786653e-04
4.250000000000000000e+00,4.317535855243710974e-01,-2.567207930979641811e-02,1.670135722434667666e-02,4.184433184909835401e-01,-1.690665507334281753e-02,1.930782078628837410e-03,-2.479250787840395903e-03,9.624292843777221057e-04
4.262500000000000178e+00,4.314339858912500381e-01,-2.546413627069764318e-02,1.656970228408529561e-02,4.182328546397417468e-01,-1.676774466497648469e-02,1.900039895705276293e-03,-2.439605855567741292e-03,9.471169300872719736e-04
4.275000000000000355e+00,4.311169752875930183e-01,-2.525783243839988326e-02,1.643908277714644164e-02,4.180241203039796183e-01,-1.662993115053936627e-02,1.869789269853458979e-03,-2.400599903342604067e-03,9.320487488035030270e-04
4.287500000000000533e+00,4.308025333039962601e-01,-2.505315492081739912e-02,1.630949058123319639e-02,4.178171018266080283e-01,-1.649320588779073365e-02,1.840022279194420806e-03,-2.362222500903784789e-03,9.172208251416130807e-04
4.299999999999999822e+00,4.304906396915743061e-01,-2.485009092699561745e-02,1.618091763757358026e-02,4.176117856581407772e-01,-1.635756030243532694e-02,1.810731131138782445e-03,-2.324463391677461001e-03,9.026293070640402719e-04
4.312500000000000000e+00,4.301812743607005829e-01,-2.464862776632012475e-02,1.605335595042563929e-02,4.174081583558483244e-01,-1.622298588759064214e-02,1.781908160234347508e-03,-2.287312489794757816e-03,8.882704048411968391e-04
4.325000000000000178e+00,4.298744173797581225e-01,-2.444875284773195476e-02,1.592679758658648720e-02,4.172062065829187372e-01,-1.608947420325851363e-02,1.753545826050661701e-03,-2.250759877162950961e-03,8.741403900296287411e-04
4.337500000000000355e+00,4.295700489739001093e-01,-2.425045367894882245e-02,1.580123467490504585e-02,4.170059171076246352e-01,-1.595701687580070027e-02,1.725636711099835059e-03,-2.214795800589214152e-03,8.602355944672788893e-04
4.350000000000000533e+00,4.292681495238199196e-01,-2.405371786569253378e-02,1.567665940579860209e-02,4.168072768024972397e-01,-1.582560559741866962e-02,1.698173518793001050e-03,-2.179410668955954113e-03,8.465524092855744890e-04
4.362499999999999822e+00,4.289686995645308198e-01,-2.385853311092238707e-02,1.555306403077312376e-02,4.166102726435062520e-01,-1.569523212563740319e-02,1.671149071431770033e-03,-2.144595050446726232e-03,8.330872839380419571e-04
4.375000000000000000e+00,4.286716797841554349e-01,-2.366488721407448981e-02,1.543044086194724461e-02,4.164148917092468927e-01,-1.556588828279322802e-02,1.644556308234034576e-03,-2.110339669821760262e-03,8.198367252451606952e-04
4.387500000000000178e+00,4.283770710227243206e-01,-2.347276807030714701e-02,1.530878227158000669e-02,4.162211211801326027e-01,-1.543756595552574912e-02,1.618388283393548113e-03,-2.076635405742182326e-03,8.067972964551883537e-04
4.400000000000000355e+00,4.280848542709840832e-01,-2.328216366975197418e-02,1.518808069160220570e-02,4.160289483375946840e-01,-1.531025709427364691e-02,1.592638164172629220e-03,-2.043473288141967829e-03,7.939656163206660440e-04
4.412500000000000533e+00,4.277950106692151588e-01,-2.309306209677092214e-02,1.506832861315138966e-02,4.158383605632877122e-01,-1.518395371277448530e-02,1.567299229027434466e-03,-2.010844495646742745e-03,7.813383581903447003e-04
4.424999999999999822e+00,4.275075215060583078e-01,-2.290545152921910979e-02,1.494951858611046590e-02,4.156493453383015568e-01,-1.505864788756842293e-02,1.542364865765207200e-03,-1.978740353038547714e-03,7.689122491162657695e-04
4.437500000000000000e+00,4.272223682173504899e-01,-2.271932023771329121e-02,1.483164321864985369e-02,4.154618902423794502e-01,-1.493433175750577893e-02,1.517828569732924829e-03,-1.947152328765675662e-03,7.566840689757287552e-04
4.450000000000000178e+00,4.269395323849700663e-01,-2.253465658490621734e-02,1.471469517677325041e-02,4.152759829531419977e-01,-1.481099752325852961e-02,1.493683942036814647e-03,-1.916072032496765479e-03,7.446506496079050323e-04
4.462500000000000355e+00,4.266589957356907714e-01,-2.235144902476646558e-02,1.459866718386685497e-02,4.150916112453176265e-01,-1.468863744683554344e-02,1.469924687792151631e-03,-1.885491212718278095e-03,7.328088739648283990e-04
4.475000000000000533e+00,4.263807401400446784e-01,-2.216968610186396960e-02,1.448355202025211619e-02,4.149087629899786966e-01,-1.456724385110166886e-02,1.446544614402832992e-03,-1.855401754374566949e-03,7.211556752765285044e-04
4.487499999999999822e+00,4.261047476111942678e-01,-2.198935645066113151e-02,1.436934252274194891e-02,4.147274261537841067e-01,-1.444680911930056391e-02,1.423537629870185416e-03,-1.825795676549732535e-03,7.096880362300610375e-04
4.500000000000000000e+00,4.258310003038128788e-01,-2.181044879480938115e-02,1.425603158420036057e-02,4.145475887982270069e-01,-1.432732569458124161e-02,1.400897741130488049e-03,-1.796665130190466721e-03,6.984029881621934416e-04
4.512500000000000178e+00,4.255594805129747082e-01,-2.163295194645133493e-02,1.414361215310556280e-02,4.143692390788895064e-01,-1.420878607952840052e-02,1.378619052420720741e-03,-1.768002395869151117e-03,6.872976102655220521e-04
4.525000000000000355e+00,4.252901706730524145e-01,-2.145685480552830121e-02,1.403207723311639642e-02,4.141923652447022097e-01,-1.409118283569633923e-02,1.356695763672012339e-03,-1.739799881586411500e-03,6.763690288077787690e-04
4.537500000000000533e+00,4.250230533566244362e-01,-2.128214635909320487e-02,1.392141988264215813e-02,4.140169556372101933e-01,-1.397450858314657623e-02,1.335122168930319604e-03,-1.712050120612427498e-03,6.656144163641102094e-04
4.549999999999999822e+00,4.247581112733900821e-01,-2.110881568062891386e-02,1.381163321441576143e-02,4.138429986898444213e-01,-1.385875599998908671e-02,1.313892654803854466e-03,-1.684745769366258498e-03,6.550309910621059930e-04
4.562500000000000000e+00,4.244953272690935031e-01,-2.093685192937176642e-02,1.370271039507017785e-02,4.136704829271991568e-01,-1.374391782192708848e-02,1.293001698936774996e-03,-1.657879605332474374e-03,6.446160158393552005e-04
4.575000000000000178e+00,4.242346843244557686e-01,-2.076624434964055924e-02,1.359464464471823140e-02,4.134993969643146472e-01,-1.362998684180547794e-02,1.272443868508706631e-03,-1.631444525014418999e-03,6.343667977133265242e-04
4.587500000000000355e+00,4.239761655541159358e-01,-2.059698227017057667e-02,1.348742923653558148e-02,4.133297295059659149e-01,-1.351695590916272317e-02,1.252213818759605104e-03,-1.605433541923395558e-03,6.242806870633496336e-04
4.600000000000000533e+00,4.237197542055794464e-01,-2.042905510345292483e-02,1.338105749634698263e-02,4.131614693459566556e-01,-1.340481792978630293e-02,1.232306291539543011e-03,-1.579839784603130929e-03,6.143550769245017303e-04
4.612499999999999822e+00,4.234654336581757939e-01,-2.026245234507900034e-02,1.327552280221574316e-02,4.129946053664189654e-01,-1.329356586527163583e-02,1.212716113882971814e-03,-1.554656494688856899e-03,6.045874022931922113e-04
4.625000000000000000e+00,4.232131874220234069e-01,-2.009716357309000029e-02,1.317081858403635133e-02,4.128291265371184515e-01,-1.318319273258441830e-02,1.193438196607025589e-03,-1.529877025000362907e-03,5.949751394442455129e-04
4.637500000000000178e+00,4.229629991370033593e-01,-1.993317844733163979e-02,1.306693832313031607e-02,4.126650219147649512e-01,-1.307369160362647185e-02,1.174467532933467541e-03,-1.505494837668415768e-03,5.855158052592939182e-04
4.650000000000000355e+00,4.227148525717406291e-01,-1.977048670881377535e-02,1.296387555184508669e-02,4.125022806423283006e-01,-1.296505560480491585e-02,1.155799197133835620e-03,-1.481503502293896480e-03,5.762069565662776907e-04
4.662500000000000533e+00,4.224687316225936295e-01,-1.960907817907507969e-02,1.286162385315611778e-02,4.123408919483598778e-01,-1.285727791660475766e-02,1.137428343197405831e-03,-1.457896694139081909e-03,5.670461894898721220e-04
4.674999999999999822e+00,4.222246203126516217e-01,-1.944894275955267801e-02,1.276017686027201489e-02,4.121808451463192524e-01,-1.275035177316482735e-02,1.119350203521565345e-03,-1.434668192350465254e-03,5.580311388126531691e-04
4.687500000000000000e+00,4.219825027907396220e-01,-1.929007043095664134e-02,1.265952825624272644e-02,4.120221296339060535e-01,-1.264427046185699101e-02,1.101560087624201207e-03,-1.411811878212534174e-03,5.491594773468180162e-04
4.700000000000000178e+00,4.217423633304316910e-01,-1.913245125264946903e-02,1.255967177357083034e-02,4.118647348923972773e-01,-1.253902732286875724e-02,1.084053380877737305e-03,-1.389321733431959048e-03,5.404289153162887159e-04
4.712500000000000355e+00,4.215041863290714397e-01,-1.897607536203028966e-02,1.246060119382578178e-02,4.117086504859895912e-01,-1.243461574878906503e-02,1.066825543264421057e-03,-1.367191838451605043e-03,5.318371997490132933e-04
4.725000000000000533e+00,4.212679563068004729e-01,-1.882093297392395392e-02,1.236231034726118644e-02,4.115538660611469668e-01,-1.233102918419735211e-02,1.049872108152506787e-03,-1.345416370793844300e-03,5.233821138792987566e-04
4.737499999999999822e+00,4.210336579055942718e-01,-1.866701437997484586e-02,1.226479311243504171e-02,4.114003713459533085e-01,-1.222826112525585499e-02,1.033188681092966736e-03,-1.323989603432627676e-03,5.150614765600054681e-04
4.750000000000000000e+00,4.208012758883057924e-01,-1.851430994804540570e-02,1.216804341583289754e-02,4.112481561494702453e-01,-1.212630511930506798e-02,1.016770938636369108e-03,-1.302905903193781086e-03,5.068731416844314639e-04
4.762500000000000178e+00,4.205707951377165577e-01,-1.836281012161944393e-02,1.207205523149401487e-02,4.110972103610998074e-01,-1.202515476446243750e-02,1.000614627169590281e-03,-1.282159729183038116e-03,4.988149976177333076e-04
4.775000000000000355e+00,4.203422006555948554e-01,-1.821250541920999000e-02,1.197682258064035332e-02,4.109475239499523203e-01,-1.192480370922413893e-02,9.847155617719940968e-04,-1.261745631241272024e-03,4.908849666377101137e-04
4.787500000000000533e+00,4.201154775617617632e-01,-1.806338643377182127e-02,1.188233953130847335e-02,4.107990869642191289e-01,-1.182524565207000548e-02,9.690696250907589139e-04,-1.241658248426456140e-03,4.830810043848019885e-04
4.800000000000000711e+00,4.198906110931641678e-01,-1.791544383211857855e-02,1.178860019798430060e-02,4.106518895305501515e-01,-1.172647434107155530e-02,9.536727662350149171e-04,-1.221892307521858703e-03,4.754010993211435108e-04
4.812500000000000000e+00,4.196675866029552227e-01,-1.776866835434440586e-02,1.169559874124073001e-02,4.105059218534365395e-01,-1.162848357350308899e-02,9.385209996884683785e-04,-1.202442621570000078e-03,4.678432721985214399e-04
4.825000000000000178e+00,4.194463895595819114e-01,-1.762305081325010389e-02,1.160332936737800205e-02,4.103611742145980013e-01,-1.153126719545581082e-02,9.236104042401874952e-04,-1.183304088431897045e-03,4.604055755350837235e-04
4.837500000000000355e+00,4.192270055458796607e-01,-1.747858209377380415e-02,1.151178632806695856e-02,4.102176369723749549e-01,-1.143481910145504633e-02,9.089371219332526269e-04,-1.164471689371157853e-03,4.530860931006592401e-04
4.850000000000000533e+00,4.190094202581743366e-01,-1.733525315242601811e-02,1.142096391999498223e-02,4.100753005611256219e-01,-1.133913323408038479e-02,8.944973570309416606e-04,-1.145940487662453194e-03,4.458829394105348599e-04
4.862500000000000711e+00,4.187936195053910127e-01,-1.719305501672915154e-02,1.133085648451474456e-02,4.099341554906274498e-01,-1.124420358358883994e-02,8.802873750001653569e-04,-1.127705627223940868e-03,4.387942592275536485e-04
4.875000000000000000e+00,4.185795892081698444e-01,-1.705197878466136949e-02,1.124145840729566179e-02,4.097941923454838653e-01,-1.115002418754097377e-02,8.663035015118488846e-04,-1.109762331273210067e-03,4.318182270723932149e-04
4.887500000000000178e+00,4.183673153979886039e-01,-1.691201562410475298e-02,1.115276411797804131e-02,4.096554017845348006e-01,-1.105658913042990507e-02,8.525421214579652915e-04,-1.092105901006312210e-03,4.249530467418838504e-04
4.900000000000000355e+00,4.181567842162926540e-01,-1.677315677229788971e-02,1.106476808982997419e-02,4.095177745402728275e-01,-1.096389254331331040e-02,8.389996779849478005e-04,-1.074731714299485006e-03,4.181969508352387428e-04
4.912500000000000533e+00,4.179479819136313057e-01,-1.663539353529260023e-02,1.097746483940682631e-02,4.093813014182630661e-01,-1.087192860344823701e-02,8.256726715431821247e-04,-1.057635224433135833e-03,4.115482002880543953e-04
4.925000000000000711e+00,4.177408948488007812e-01,-1.649871728741498719e-02,1.089084892621342872e-02,4.092459732965680330e-01,-1.078069153392881632e-02,8.125576589523158828e-04,-1.040811958837703890e-03,4.050050839139576536e-04
4.937500000000000000e+00,4.175355094879942830e-01,-1.636311947073065820e-02,1.080491495236885965e-02,4.091117811251771541e-01,-1.069017560332682221e-02,7.996512524821107037e-04,-1.024257517861005802e-03,3.985659179537695595e-04
4.950000000000000178e+00,4.173318124039587795e-01,-1.622859159451409822e-02,1.071965756227383736e-02,4.089787159254401061e-01,-1.060037512533501709e-02,7.869501189485651011e-04,-1.007967573556670495e-03,3.922290456320569590e-04
4.962500000000000355e+00,4.171297902751578413e-01,-1.609512523472227813e-02,1.063507144228073922e-02,4.088467687895053770e-01,-1.051128445841336030e-02,7.744509788250615720e-04,-9.919378684933076798e-04,3.859928367209563963e-04
4.975000000000000533e+00,4.169294298849415270e-01,-1.596271203347225318e-02,1.055115132036612245e-02,4.087159308797626567e-01,-1.042289800543792951e-02,7.621506053682623131e-04,-9.761642145840147963e-04,3.798556871111379127e-04
4.987500000000000711e+00,4.167307181207227651e-01,-1.583134369852292472e-02,1.046789196580584329e-02,4.085861934282899455e-01,-1.033521021335263336e-02,7.500458237585153586e-04,-9.606424919358774999e-04,3.738160183897978363e-04
5.000000000000000000e+00,4.165336419731597295e-01,-1.570101200276080924e-02,1.038528818885267949e-02,4.084575477363048823e-01,-1.024821557282365979e-02,7.381335102545183002e-04,-9.453686477191028869e-04,3.678722774255598375e-04
5.012500000000000178e+00,4.163381885353453216e-01,-1.557170878368979543e-02,1.030333484041644383e-02,4.083299851736201802e-01,-1.016190861789659401e-02,7.264105913619936950e-04,-9.303386950554293992e-04,3.620229359601668303e-04
5.025000000000000355e+00,4.161443450020022583e-01,-1.544342594292498309e-02,1.022202681174663903e-02,4.082034971781037247e-01,-1.007628392565630519e-02,7.148740430161484773e-04,-9.155487119254883659e-04,3.562664902068574677e-04
5.037500000000000533e+00,4.159520986686850996e-01,-1.531615544569035064e-02,1.014135903411752387e-02,4.080780752551425028e-01,-9.991336115889440372e-03,7.035208897776663818e-04,-9.009948400947584207e-04,3.506014604553063432e-04
5.050000000000000711e+00,4.157614369309881042e-01,-1.518988932032043493e-02,1.006132647851566003e-02,4.079537109771111392e-01,-9.907059850749588142e-03,6.923482040420152368e-04,-8.866732840578001084e-04,3.450263906830252237e-04
5.062500000000000000e+00,4.155723472837594690e-01,-1.506461965776585178e-02,9.981924155329884030e-03,4.078303959828442626e-01,-9.823449834425086041e-03,6.813531052618397111e-04,-8.725803100004407608e-04,3.395398481731159187e-04
5.075000000000000178e+00,4.153848173203217864e-01,-1.494033861110267807e-02,9.903147114043667903e-03,4.077081219771130915e-01,-9.740500812809404010e-03,6.705327591822113961e-04,-8.587122447795878487e-04,3.341404231382660937e-04
5.087500000000000355e+00,4.151988347316983297e-01,-1.481703839504571948e-02,9.824990442929931039e-03,4.075868807301062380e-01,-9.658207573174168101e-03,6.598843770885306614e-04,-8.450654749203730890e-04,3.288267283508906663e-04
5.100000000000000533e+00,4.150143873058458333e-01,-1.469471128546550633e-02,9.747449268748162657e-03,4.074666640769145087e-01,-9.576564943844708203e-03,6.494052150668497801e-04,-8.316364456303035639e-04,3.235973987793085778e-04
5.112500000000000711e+00,4.148314629268928799e-01,-1.457334961890910038e-02,9.670518756443936478e-03,4.073474639170197587e-01,-9.495567793878171431e-03,6.390925732764189161e-04,-8.184216598301317794e-04,3.184510912298604488e-04
5.125000000000000000e+00,4.146500495743844494e-01,-1.445294579212464368e-02,9.594194108850760336e-03,4.072292722137877408e-01,-9.415211032744175146e-03,6.289437952342418186e-04,-8.054176772011482433e-04,3.133864839948658572e-04
5.137500000000000178e+00,4.144701353225323515e-01,-1.433349226158957615e-02,9.518470566394220816e-03,4.071120809939647867e-01,-9.335489610007937158e-03,6.189562671114370689e-04,-7.926211132486000316e-04,3.084022765063221716e-04
5.150000000000000355e+00,4.142917083394715982e-01,-1.421498154304262282e-02,9.443343406798481929e-03,4.069958823471787612e-01,-9.256398515015949041e-03,6.091274170412138431e-04,-7.800286383809686315e-04,3.034971889952545708e-04
5.162500000000000533e+00,4.141147568865225503e-01,-1.409740621101935112e-02,9.368807944795012888e-03,4.068806684254438477e-01,-9.177932776584074581e-03,5.994547144382514218e-04,-7.676369770048069524e-04,2.986699621566162033e-04
5.175000000000000711e+00,4.139392693174587246e-01,-1.398075889839139364e-02,9.294859531833621347e-03,4.067664314426686634e-01,-9.100087462688121950e-03,5.899356693293021430e-04,-7.554429066348786583e-04,2.939193568196517498e-04
5.187500000000000000e+00,4.137652340777804860e-01,-1.386503229590927561e-02,9.221493555795715752e-03,4.066531636741693156e-01,-9.022857680156839283e-03,5.805678316948221021e-04,-7.434432570193254090e-04,2.892441536236323944e-04
5.200000000000000178e+00,4.135926397039945135e-01,-1.375021915174876562e-02,9.148705440709796813e-03,4.065408574561850119e-01,-8.946238574367324989e-03,5.713487908214421370e-04,-7.316349092795958403e-04,2.846431526988707516e-04
5.212500000000000355e+00,4.134214748228987601e-01,-1.363631227106085024e-02,9.076490646469191972e-03,4.064295051853984986e-01,-8.870225328942856272e-03,5.622761746651053043e-04,-7.200147950648892996e-04,2.801151733529337845e-04
5.225000000000000533e+00,4.132517281508729656e-01,-1.352330451552514849e-02,9.004844668551963485e-03,4.063190993184598865e-01,-8.794813165453057788e-03,5.533476492246776389e-04,-7.085798957208449145e-04,2.756590537619610674e-04
5.237500000000000711e+00,4.130833884931748301e-01,-1.341118880290684615e-02,8.933763037742993574e-03,4.062096323715138624e-01,-8.719997343116457286e-03,5.445609179258658825e-04,-6.973272414722386618e-04,2.712736506670080554e-04
5.250000000000000000e+00,4.129164447432418505e-01,-1.329995810661709424e-02,8.863241319858258804e-03,4.061010969197312304e-01,-8.645773158505374451e-03,5.359137210152653454e-04,-6.862539106194412387e-04,2.669578390753303879e-04
5.262500000000000178e+00,4.127508858819982640e-01,-1.318960545527680765e-02,8.793275115471206951e-03,4.059934855968436174e-01,-8.572135945253108250e-03,5.274038349643638901e-04,-6.753570287483912733e-04,2.627105119665256350e-04
5.275000000000000355e+00,4.125867009771678751e-01,-1.308012393228392967e-02,8.723860059641333486e-03,4.058867910946822311e-01,-8.499081073763481778e-03,5.190290718833448242e-04,-6.646337679538617208e-04,2.585305800034565379e-04
5.287500000000000533e+00,4.124238791825918238e-01,-1.297150667538402545e-02,8.654991821644806779e-03,4.057810061627197817e-01,-8.426603950922619685e-03,5.107872789445100283e-04,-6.540813460757709469e-04,2.544169712478708506e-04
5.300000000000000711e+00,4.122624097375519048e-01,-1.286374687624424265e-02,8.586666104707221803e-03,4.056761236076165122e-01,-8.354700019813025846e-03,5.026763378151725059e-04,-6.436970259483252351e-04,2.503686308806447078e-04
5.312500000000000000e+00,4.121022819660993819e-01,-1.275683778003061479e-02,8.518878645738437241e-03,4.055721362927692808e-01,-8.283364759429902302e-03,4.946941640998557240e-04,-6.334781146617639519e-04,2.463845209265715097e-04
5.325000000000000178e+00,4.119434852763887434e-01,-1.265077268498862768e-02,8.451625215069456104e-03,4.054690371378645852e-01,-8.212593684399686900e-03,4.868387067916399888e-04,-6.234219628364867346e-04,2.424636199836200246e-04
5.337500000000000355e+00,4.117860091600167305e-01,-1.254554494202712520e-02,8.384901616191394944e-03,4.053668191184348624e-01,-8.142382344700854757e-03,4.791079477325124692e-04,-6.135259639093572446e-04,2.386049229565921019e-04
5.350000000000000533e+00,4.116298431913669176e-01,-1.244114795430541036e-02,8.318703685496449743e-03,4.052654752654181736e-01,-8.072726325386865576e-03,4.714999010825569382e-04,-6.037875534319598171e-04,2.348074407951016896e-04
5.362500000000000711e+00,4.114749770269587326e-01,-1.233757517682358695e-02,8.253027292020896633e-03,4.051649986647218316e-01,-8.003621246311319257e-03,4.640126127978452114e-04,-5.942042083806111383e-04,2.310702002358084521e-04
5.375000000000000000e+00,4.113214004048023620e-01,-1.223482011601611900e-02,8.187868337190101417e-03,4.050653824567887473e-01,-7.935062761855285127e-03,4.566441601168806110e-04,-5.847734464779216030e-04,2.273922435488339399e-04
5.387500000000000178e+00,4.111691031437582078e-01,-1.213287632934851624e-02,8.123222754565487605e-03,4.049666198361677738e-01,-7.867046560656745791e-03,4.493926510554480613e-04,-5.754928255257017646e-04,2.237726282882904379e-04
5.400000000000000355e+00,4.110180751429013957e-01,-1.203173742491725137e-02,8.059086509593523656e-03,4.048687040510869917e-01,-7.799568365342227604e-03,4.422562239097385987e-04,-5.663599427490297782e-04,2.202104270468587931e-04
5.412500000000000533e+00,4.108683063808915570e-01,-1.193139706105272868e-02,7.995455599356625365e-03,4.047716284030307143e-01,-7.732623932260496331e-03,4.352330467675987304e-04,-5.573724341512721050e-04,2.167047272143428252e-04
5.425000000000000711e+00,4.107197869153472181e-01,-1.183184894592538040e-02,7.932326052326011540e-03,4.046753862463194351e-01,-7.666209051218376980e-03,4.283213170277772475e-04,-5.485279738798805359e-04,2.132546307401393052e-04
5.437500000000000000e+00,4.105725068822254631e-01,-1.173308683715485780e-02,7.869693928116507781e-03,4.045799709876933270e-01,-7.600319545218661363e-03,4.215192609270332087e-04,-5.398242736027750394e-04,2.098592538995575313e-04
5.450000000000000178e+00,4.104264564952058159e-01,-1.163510454142222678e-02,7.807555317243208143e-03,4.044853760858989067e-01,-7.534951270200050504e-03,4.148251330749714661e-04,-5.312590818951272529e-04,2.065177270639240148e-04
5.462500000000000355e+00,4.102816260450799501e-01,-1.153789591408526348e-02,7.745906340880112650e-03,4.043915950512789736e-01,-7.470100114779207323e-03,4.082372159964841956e-04,-5.228301836363763487e-04,2.032291944744135442e-04
5.475000000000000533e+00,4.101380058991451194e-01,-1.144145485879669716e-02,7.684743150620573261e-03,4.042986214453656579e-01,-7.405761999994787785e-03,4.017538196816618202e-04,-5.145353994172879733e-04,1.999928140195409744e-04
5.487500000000000711e+00,4.099955865006031930e-01,-1.134577532712545238e-02,7.624061928239650628e-03,4.042064488804769096e-01,-7.341932879053519011e-03,3.953732811430562340e-04,-5.063725849568923281e-04,1.968077570162566617e-04
5.500000000000000000e+00,4.098543583679638558e-01,-1.125085131818086975e-02,7.563858885458309665e-03,4.041150710193158191e-01,-7.278608737078287941e-03,3.890939639801715890e-04,-4.983396305291311725e-04,1.936732079945856395e-04
5.512500000000000178e+00,4.097143120944526373e-01,-1.115667687823981499e-02,7.504130263709444387e-03,4.040244815745731022e-01,-7.215785590858186764e-03,3.829142579510594791e-04,-4.904344603990420113e-04,1.905883644857508789e-04
5.525000000000000355e+00,4.095754383474239368e-01,-1.106324610037676993e-02,7.444872333905760628e-03,4.039346743085332481e-01,-7.153459488600581902e-03,3.768325785509081495e-04,-4.826550322683257808e-04,1.875524368137271530e-04
5.537500000000000533e+00,4.094377278677779342e-01,-1.097055312409675812e-02,7.386081396209432520e-03,4.038456430326828883e-01,-7.091626509685100728e-03,3.708473665974994769e-04,-4.749993367301262419e-04,1.845646478901643867e-04
5.550000000000000711e+00,4.093011714693829406e-01,-1.087859213497115347e-02,7.327753779803576964e-03,4.037573816073228850e-01,-7.030282764419577661e-03,3.649570878234264918e-04,-4.674653967328711891e-04,1.816242330126289616e-04
5.562500000000000000e+00,4.091657600385014137e-01,-1.078735736427635129e-02,7.269885842665506186e-03,4.036698839411833606e-01,-6.969424393797929267e-03,3.591602324749576568e-04,-4.600512670530182663e-04,1.787304396661070882e-04
5.575000000000000178e+00,4.090314845332211346e-01,-1.069684308863521477e-02,7.212473971341735839e-03,4.035831439910411711e-01,-6.909047569259931486e-03,3.534553149174342215e-04,-4.527550337765509441e-04,1.758825273277162774e-04
5.587500000000000355e+00,4.088983359828904929e-01,-1.060704362966140811e-02,7.155514580724783337e-03,4.034971557613414861e-01,-6.849148492452924140e-03,3.478408732470995531e-04,-4.455748137890820876e-04,1.730797672745746599e-04
5.600000000000000533e+00,4.087663054875584345e-01,-1.051795335360642195e-02,7.099004113831668822e-03,4.034119133038210903e-01,-6.789723394995371593e-03,3.423154689092447575e-04,-4.385087542744093669e-04,1.703214423947732375e-04
5.612500000000000711e+00,4.086353842174185735e-01,-1.042956667100939858e-02,7.042939041584170799e-03,4.033274107171354594e-01,-6.730768538242302979e-03,3.368776863225724709e-04,-4.315550322213848188e-04,1.676068470014026844e-04
5.625000000000000000e+00,4.085055634122577439e-01,-1.034187803634969809e-02,6.987315862590786145e-03,4.032436421464886123e-01,-6.672280213052619001e-03,3.315261325096736001e-04,-4.247118539389552801e-04,1.649352866495838493e-04
5.637500000000000178e+00,4.083768343809089374e-01,-1.025488194770214287e-02,6.932131102930379728e-03,4.031606017832654598e-01,-6.614254739558212380e-03,3.262594367335135245e-04,-4.179774545792318274e-04,1.623060779564520042e-04
5.650000000000000355e+00,4.082491885007086818e-01,-1.016857294639501690e-02,6.877381315937563556e-03,4.030782838646676525e-01,-6.556688466934960935e-03,3.210762501398345728e-04,-4.113500976684590377e-04,1.597185484240494101e-04
5.662500000000000533e+00,4.081226172169581945e-01,-1.008294561667067227e-02,6.823063081989705694e-03,4.029966826733517582e-01,-6.499577773175490951e-03,3.159752454053687924e-04,-4.048280746457401445e-04,1.571720362650744587e-04
5.675000000000000711e+00,4.079971120423892539e-01,-9.997994585348835006e-03,6.769173008295626195e-03,4.029157925370704940e-01,-6.442919064863763742e-03,3.109551163917706994e-04,-3.984097044093932961e-04,1.546658902314440739e-04
5.687500000000000000e+00,4.078726645566340125e-01,-9.913714521492519860e-03,6.715707728685941028e-03,4.028356078283167330e-01,-6.386708776951444642e-03,3.060145778051736763e-04,-3.920933328708074575e-04,1.521994694456221028e-04
5.700000000000000178e+00,4.077492664056989735e-01,-9.830100136076536793e-03,6.662663903405027094e-03,4.027561229639703422e-01,-6.330943372536028402e-03,3.011523648612749880e-04,-3.858773325156683934e-04,1.497721432346676995e-04
5.712500000000000355e+00,4.076269093014434075e-01,-9.747146181658653333e-03,6.610038218904646518e-03,4.026773324049476299e-01,-6.275619342640763494e-03,2.963672329558637636e-04,-3.797601019724357405e-04,1.473832909669621212e-04
5.725000000000000533e+00,4.075055850210612673e-01,-9.664847452053253185e-03,6.557827387639143454e-03,4.025992306558539013e-01,-6.220733205996275585e-03,2.916579573406949616e-04,-3.737400655879409041e-04,1.450323018915663413e-04
5.737500000000000711e+00,4.073852854065676543e-01,-9.583198782007581323e-03,6.506028147862268074e-03,4.025218122646380126e-01,-6.166281508823952609e-03,2.870233328046257288e-04,-3.678156730099903628e-04,1.427185749801696620e-04
5.750000000000000000e+00,4.072660023642892257e-01,-9.502195046880523507e-03,6.454637263425576539e-03,4.024450718222505885e-01,-6.112260824621042025e-03,2.824621733599264376e-04,-3.619853987768547427e-04,1.404415187715855775e-04
5.762500000000000178e+00,4.071477278643584885e-01,-9.421831162323862988e-03,6.403651523578394837e-03,4.023690039623041281e-01,-6.058667753947437687e-03,2.779733119336791802e-04,-3.562477419135246133e-04,1.382005512187530676e-04
5.775000000000000355e+00,4.070304539402122002e-01,-9.342102083966076845e-03,6.353067742769381160e-03,4.022936033607359407e-01,-6.005498924214200569e-03,2.735556000641840846e-04,-3.506012255346247484e-04,1.359950995382047472e-04
5.787500000000000533e+00,4.069141726880933230e-01,-9.263002807098560942e-03,6.302882760449600962e-03,4.022188647354741908e-01,-5.952750989473711875e-03,2.692079076022854678e-04,-3.450443964538671025e-04,1.338246000619581556e-04
5.800000000000000711e+00,4.067988762665575853e-01,-9.184528366364326860e-03,6.253093440877158064e-03,4.021447828461058305e-01,-5.900420630211527032e-03,2.649291224175409046e-04,-3.395758247999368460e-04,1.316884980917935898e-04
5.812500000000000000e+00,4.066845568959833734e-01,-9.106673835449130908e-03,6.203696672923357525e-03,4.020713524935476402e-01,-5.848504553139873344e-03,2.607181501091518946e-04,-3.341941036387025520e-04,1.295862477558783156e-04
5.825000000000000178e+00,4.065712068580853988e-01,-9.029434326774991859e-03,6.154689369880359494e-03,4.019985685197196568e-01,-5.796999490992773077e-03,2.565739137215769278e-04,-3.288978486016403790e-04,1.275173118676986637e-04
5.837500000000000355e+00,4.064588184954326944e-01,-8.952804991196156373e-03,6.106068469270377851e-03,4.019264258072210994e-01,-5.745902202322840553e-03,2.524953534647533305e-04,-3.236856975203747269e-04,1.254811617872642906e-04
5.850000000000000533e+00,4.063473842109700529e-01,-8.876781017697388948e-03,6.057830932656331664e-03,4.018549192790091262e-01,-5.695209471299650036e-03,2.484814264388472823e-04,-3.185563100672240706e-04,1.234772772845448908e-04
5.862500000000000711e+00,4.062368964675430738e-01,-8.801357633094638450e-03,6.009973745453995458e-03,4.017840438980795348e-01,-5.644918107509733392e-03,2.445311063634609877e-04,-3.135083674016565639e-04,1.215051464051050359e-04
5.875000000000000000e+00,4.061273477874272619e-01,-8.726530101738060388e-03,5.962493916745619654e-03,4.017137946671505699e-01,-5.595024945758170221e-03,2.406433833112230059e-04,-3.085405718225544191e-04,1.195642653379010471e-04
5.887500000000000178e+00,4.060187307518608457e-01,-8.652293725217306483e-03,5.915388479094991700e-03,4.016441666283487866e-01,-5.545526845871739247e-03,2.368172634456880681e-04,-3.036516464261876944e-04,1.176541382852035146e-04
5.900000000000000355e+00,4.059110380005808150e-01,-8.578643842069197736e-03,5.868654488363974318e-03,4.015751548628975764e-01,-5.496420692503678658e-03,2.330517687634796754e-04,-2.988403347698066889e-04,1.157742773346133566e-04
5.912500000000000533e+00,4.058042622313630665e-01,-8.505575827487612747e-03,5.822289023530449747e-03,4.015067544908079156e-01,-5.447703394939961731e-03,2.293459368406005055e-04,-2.941054005407516794e-04,1.139242023331345428e-04
5.925000000000000711e+00,4.056983961995660470e-01,-8.433085093035674537e-03,5.776289186507702934e-03,4.014389606705718871e-01,-5.399371886907140643e-03,2.256988205828463622e-04,-2.894456272309929926e-04,1.121034407632721198e-04
5.937500000000000000e+00,4.055934327176776710e-01,-8.361167086360176900e-03,5.730652101965216794e-03,4.013717685988581474e-01,-5.351423126381726382e-03,2.221094879802547664e-04,-2.848598178170077904e-04,1.103115276211218365e-04
5.950000000000000178e+00,4.054893646548664021e-01,-8.289817290908234673e-03,5.685374917150854378e-03,4.013051735102100559e-01,-5.303854095401067462e-03,2.185770218655210494e-04,-2.803467944449036906e-04,1.085480052964186092e-04
5.962500000000000355e+00,4.053861849365352765e-01,-8.219031225646187405e-03,5.640454801714467857e-03,4.012391706767461375e-01,-5.256661799875779473e-03,2.151005196763204738e-04,-2.759053981207052484e-04,1.068124234545137700e-04
5.975000000000000533e+00,4.052838865438797011e-01,-8.148804444780638478e-03,5.595888947532851911e-03,4.011737554078628198e-01,-5.209843269403639614e-03,2.116790932214676179e-04,-2.715344884057108187e-04,1.051043389202472428e-04
5.987500000000000711e+00,4.051824625134485824e-01,-8.079132537481725079e-03,5.551674568536085763e-03,4.011089230499394476e-01,-5.163395557084982622e-03,2.083118684508535805e-04,-2.672329431168398383e-04,1.034233155636859292e-04
6.000000000000000000e+00,4.050819059367093411e-01,-8.010011127608525350e-03,5.507808900535234378e-03,4.010446689860456826e-01,-5.117315739339579894e-03,2.049979852290982586e-04,-2.629996580318853631e-04,1.017689241876972288e-04
6.012500000000000178e+00,4.049822099596155911e-01,-7.941435873436599249e-03,5.464289201051381051e-03,4.009809886356510700e-01,-5.071600915724965367e-03,2.017365971128554927e-04,-2.588335465995882708e-04,1.001407424173275527e-04
6.025000000000000355e+00,4.048833677821788157e-01,-7.873402467387704759e-03,5.421112749146036504e-03,4.009178774543371571e-01,-5.026248208756249787e-03,1.985268711317148623e-04,-2.547335396544576111e-04,9.853835459095799324e-05
6.037500000000000533e+00,4.047853726580432632e-01,-7.805906635761577540e-03,5.378276845252836016e-03,4.008553309335113335e-01,-4.981254763727348787e-03,1.953679875726368153e-04,-2.506985851362511291e-04,9.696135165320641386e-05
6.050000000000000711e+00,4.046882178940641728e-01,-7.738944138469823486e-03,5.335778811010580096e-03,4.007933446001235578e-01,-4.936617748533657715e-03,1.922591397678664329e-04,-2.467276478140431563e-04,9.540933104954905529e-05
6.062500000000000000e+00,4.045918968498889989e-01,-7.672510768771901614e-03,5.293615989097574456e-03,4.007319140163845828e-01,-4.892334353496155010e-03,1.891995338862683946e-04,-2.428197090148021041e-04,9.388189662263341677e-05
6.075000000000000178e+00,4.044964029375424652e-01,-7.606602353013138321e-03,5.251785743067259767e-03,4.006710347794869564e-01,-4.848401791186896827e-03,1.861883887280256261e-04,-2.389737663564003129e-04,9.237865851025428945e-05
6.087500000000000355e+00,4.044017296210146717e-01,-7.541214750364834581e-03,5.210285457185155449e-03,4.006107025213279660e-01,-4.804817296255948014e-03,1.832249355226502931e-04,-2.351888334849871630e-04,9.089923304496793797e-05
6.100000000000000533e+00,4.043078704158520886e-01,-7.476343852566363739e-03,5.169112536267056815e-03,4.005509129082345798e-01,-4.761578125259677448e-03,1.803084177302484046e-04,-2.314639398166470072e-04,8.944324265531538730e-05
6.112500000000000711e+00,4.042148188887523252e-01,-7.411985583669295462e-03,5.128264405518504626e-03,4.004916616406909435e-01,-4.718681556490440278e-03,1.774380908459885866e-04,-2.277981302832747859e-04,8.801031576863060967e-05
6.125000000000000000e+00,4.041225686571616738e-01,-7.348135899783531967e-03,5.087738510375527066e-03,4.004329444530673743e-01,-4.676124889807642751e-03,1.746132222077213293e-04,-2.241904650825978472e-04,8.660008671540734713e-05
6.137500000000000178e+00,4.040311133888760398e-01,-7.284790788825392348e-03,5.047532316346609906e-03,4.003747571133521310e-01,-4.633905446470148841e-03,1.718330908066962074e-04,-2.206400194322737714e-04,8.521219563519891464e-05
6.150000000000000355e+00,4.039404468016448146e-01,-7.221946270267719584e-03,5.007643308855930404e-03,4.003170954228849610e-01,-4.592020568970064248e-03,1.690969871013301264e-04,-2.171458833280000419e-04,8.384628838402755134e-05
6.162500000000000533e+00,4.038505626627781342e-01,-7.159598394891886208e-03,4.968068993087798590e-03,4.002599552160923668e-01,-4.550467620867837057e-03,1.664042128339721137e-04,-2.137071613055642211e-04,8.250201644327706887e-05
6.175000000000000711e+00,4.037614547887569127e-01,-7.097743244541763682e-03,4.928806893832332787e-03,4.002033323602257608e-01,-4.509243986628705403e-03,1.637540808506194169e-04,-2.103229722067727250e-04,8.117903683004617751e-05
6.187500000000000000e+00,4.036731170448462080e-01,-7.036376931879616443e-03,4.889854555332344248e-03,4.001472227551007843e-01,-4.468347071460459195e-03,1.611459149235355229e-04,-2.069924489491927356e-04,7.987701200893848857e-05
6.200000000000000178e+00,4.035855433447113061e-01,-6.975495600143869455e-03,4.851209541131409203e-03,4.000916223328391808e-01,-4.427774301152513289e-03,1.585790495767219060e-04,-2.037147382996426081e-04,7.859560980526540848e-05
6.212500000000000355e+00,4.034987276500374143e-01,-6.915095422908825590e-03,4.812869433923163028e-03,4.000365270576126675e-01,-4.387523121916294712e-03,1.560528299142000007e-04,-2.004890006513724947e-04,7.733450331964055206e-05
6.225000000000000533e+00,4.034126639701514083e-01,-6.855172603846200127e-03,4.774831835401748860e-03,3.999819329253883060e-01,-4.347591000226909246e-03,1.535666114510536617e-04,-1.973144098048689691e-04,7.609337084394132125e-05
6.237500000000000711e+00,4.033273463616476318e-01,-6.795723376488555650e-03,4.737094366113456245e-03,3.999278359636765923e-01,-4.307975422666100382e-03,1.511197599471904502e-04,-1.941901527522274073e-04,7.487189577861696804e-05
6.250000000000000000e+00,4.032427689280156935e-01,-6.736744003994570539e-03,4.699654665309522042e-03,3.998742322312807129e-01,-4.268673895766477225e-03,1.487116512437758320e-04,-1.911154294650317361e-04,7.366976655132094259e-05
6.262500000000000178e+00,4.031589258192719294e-01,-6.678230778916123718e-03,4.662510390800076246e-03,3.998211178180483549e-01,-4.229683945857003538e-03,1.463416711022968628e-04,-1.880894526856825399e-04,7.248667653684561212e-05
6.275000000000000355e+00,4.030758112315931396e-01,-6.620180022967244240e-03,4.625659218809262223e-03,3.997684888446252915e-01,-4.191003118909763549e-03,1.440092150462143525e-04,-1.851114477221194802e-04,7.132232397833983490e-05
6.287500000000000533e+00,4.029934194069536568e-01,-6.562588086794816401e-03,4.589098843831471500e-03,3.997163414622105782e-01,-4.152628980387950731e-03,1.417136882051585681e-04,-1.821806522458780428e-04,7.017641190978675663e-05
6.300000000000000711e+00,4.029117446327651342e-01,-6.505451349751099378e-03,4.552826978488712199e-03,3.996646718523138020e-01,-4.114559115095105593e-03,1.394545051616295512e-04,-1.792963160934281917e-04,6.904864807972292348e-05
6.312500000000000000e+00,4.028307812415191091e-01,-6.448766219668019758e-03,4.516841353389112849e-03,3.996134762265147189e-01,-4.076791127025584244e-03,1.372310898001602561e-04,-1.764577010707400978e-04,6.793874487617809830e-05
6.325000000000000178e+00,4.027505236104322872e-01,-6.392529132633210064e-03,4.481139716986516468e-03,3.995627508262237226e-01,-4.039322639216233468e-03,1.350428751589022010e-04,-1.736640807610223233e-04,6.684641925281597987e-05
6.337500000000000355e+00,4.026709661610948787e-01,-6.336736552767833174e-03,4.445719835441206552e-03,3.995124919224450899e-01,-4.002151293599305257e-03,1.328893032835962835e-04,-1.709147403355832674e-04,6.577139265625731230e-05
6.350000000000000533e+00,4.025921033591216003e-01,-6.281384972006097238e-03,4.410579492481703397e-03,3.994626958155416685e-01,-3.965274750856544878e-03,1.307698250838868544e-04,-1.682089763677603904e-04,6.471339095456497467e-05
6.362500000000000711e+00,4.025139297138051742e-01,-6.226470909876518321e-03,4.375716489267664558e-03,3.994133588350012309e-01,-3.928690690274491519e-03,1.286839001919439234e-04,-1.655460966498693723e-04,6.367214436687347308e-05
6.375000000000000000e+00,4.024364397777729918e-01,-6.171990913284885680e-03,4.341128644253858249e-03,3.993644773392050484e-01,-3.892396809600956811e-03,1.266309968233544632e-04,-1.629254200131227952e-04,6.264738739414387522e-05
6.387500000000000178e+00,4.023596281466460534e-01,-6.117941556298901046e-03,4.306813793055200984e-03,3.993160477151977972e-01,-3.856390824902677320e-03,1.246105916402459786e-04,-1.603462761504680382e-04,6.163885875102582382e-05
6.400000000000000355e+00,4.022834894587009047e-01,-6.064319439934536156e-03,4.272769788312877695e-03,3.992680663784596851e-01,-3.820670470424156195e-03,1.226221696166079965e-04,-1.578080054422994474e-04,6.064630129880989833e-05
6.412500000000000533e+00,4.022080183945340726e-01,-6.011121191944025256e-03,4.238994499561497473e-03,3.992205297726798552e-01,-3.785233498447641929e-03,1.206652239057728941e-04,-1.553099587849936865e-04,5.966946197945114121e-05
6.425000000000000711e+00,4.021332096767291642e-01,-5.958343466605521208e-03,4.205485813097299685e-03,3.991734343695320653e-01,-3.750077679154271981e-03,1.187392557100234303e-04,-1.528514974222242777e-04,5.870809175064778401e-05
6.437500000000000000e+00,4.020590580695266314e-01,-5.905982944514399577e-03,4.172241631847413076e-03,3.991267766684514773e-01,-3.715200800486362625e-03,1.168437741522917702e-04,-1.504319927790092530e-04,5.776194552195776502e-05
6.450000000000000178e+00,4.019855583784960329e-01,-5.854036332376169952e-03,4.139259875240114926e-03,3.990805531964137787e-01,-3.680600668010822890e-03,1.149782961499152287e-04,-1.480508262984453775e-04,5.683078209193588088e-05
6.462500000000000355e+00,4.019127054502110163e-01,-5.802500362801035240e-03,4.106538479076156205e-03,3.990347605077156912e-01,-3.646275104783719932e-03,1.131423462904177906e-04,-1.457073892810880971e-04,5.591436408627635963e-05
6.475000000000000533e+00,4.018404941719267431e-01,-5.751371794100025234e-03,4.074075395401062505e-03,3.989893951837569230e-01,-3.612221951215945515e-03,1.113354567092815625e-04,-1.434010827269296951e-04,5.501245789694317572e-05
6.487500000000000711e+00,4.017689194712600331e-01,-5.700647410082731320e-03,4.041868592378461932e-03,3.989444538328245082e-01,-3.578439064940002693e-03,1.095571669696783262e-04,-1.411313171799359492e-04,5.412483362227328072e-05
6.500000000000000000e+00,4.016979763158716188e-01,-5.650324019856618925e-03,4.009916054164415662e-03,3.988999330898779783e-01,-3.544924320677903147e-03,1.078070239441284789e-04,-1.388975125750983007e-04,5.325126500803677783e-05
6.512500000000000178e+00,4.016276597131512860e-01,-5.600398457627888196e-03,3.978215780782718217e-03,3.988558296163367545e-01,-3.511675610110147859e-03,1.060845816980557273e-04,-1.366990980879591419e-04,5.239152938943833992e-05
6.525000000000000355e+00,4.015579647099055682e-01,-5.550867582503927165e-03,3.946765788001219480e-03,3.988121400998689836e-01,-3.478690841745822344e-03,1.043894013752087242e-04,-1.345355119865727651e-04,5.154540763404561344e-05
6.537500000000000533e+00,4.014888863920474393e-01,-5.501728278297258502e-03,3.915564107209087812e-03,3.987688612541817612e-01,-3.445967940793753098e-03,1.027210510849169308e-04,-1.324062014858578976e-04,5.071268408562856241e-05
6.550000000000000711e+00,4.014204198842888927e-01,-5.452977453331043188e-03,3.884608785295062382e-03,3.987259898188136864e-01,-3.413504849034750422e-03,1.010791057911529500e-04,-1.303106226043059110e-04,4.989314650889596924e-05
6.562500000000000000e+00,4.013525603498355188e-01,-5.404612040246093395e-03,3.853897884526668281e-03,3.986835225589278608e-01,-3.381299524694918960e-03,9.946314720337146042e-05,-1.282482400230044518e-04,4.908658603511440165e-05
6.575000000000000178e+00,4.012853029900841917e-01,-5.356628995809372892e-03,3.823429482430368807e-03,3.986414562651076077e-01,-3.349349942320020788e-03,9.787276366909555825e-05,-1.262185269469387103e-04,4.829279710859515120e-05
6.587500000000000355e+00,4.012186430443221430e-01,-5.309025300724029214e-03,3.793201671672697013e-03,3.985997877531530231e-01,-3.317654092650914460e-03,9.630755006822383762e-05,-1.242209649685342232e-04,4.751157743403608549e-05
6.600000000000000533e+00,4.011525757894293109e-01,-5.261797959440862177e-03,3.763212559942296677e-03,3.985585138638794156e-01,-3.286209982500015812e-03,9.476710770902840538e-05,-1.222550439334025034e-04,4.674272792470355383e-05
6.612500000000000711e+00,4.010870965395825771e-01,-5.214943999971284258e-03,3.733460269832916505e-03,3.985176314629170768e-01,-3.255015634628815203e-03,9.325104422581779703e-05,-1.203202618082551426e-04,4.598605265144166789e-05
6.625000000000000000e+00,4.010222006459623900e-01,-5.168460473701739014e-03,3.703942938727324170e-03,3.984771374405128297e-01,-3.224069087626426060e-03,9.175897347823787809e-05,-1.184161245509500921e-04,4.524135879249545903e-05
6.637500000000000178e+00,4.009578834964616645e-01,-5.122344455209545434e-03,3.674658718682134121e-03,3.984370287113326303e-01,-3.193368395789146497e-03,9.029051545218327369e-05,-1.165421459826350073e-04,4.450845658413445468e-05
6.650000000000000355e+00,4.008941405153971238e-01,-5.076593042080206411e-03,3.645605776313565194e-03,3.983973022142663911e-01,-3.162911629001066965e-03,8.884529616229528402e-05,-1.146978476619549541e-04,4.378715927206482204e-05
6.662500000000000533e+00,4.008309671632228621e-01,-5.031203354726114518e-03,3.616782292684086846e-03,3.983579549122335806e-01,-3.132696872615667143e-03,8.742294755601829974e-05,-1.128827587612883182e-04,4.307728306361618102e-05
6.675000000000000711e+00,4.007683589362460164e-01,-4.986172536206675068e-03,3.588186463189972641e-03,3.983189837919907106e-01,-3.102722227338428930e-03,8.602310741919140709e-05,-1.110964159449796530e-04,4.237864708069151936e-05
6.687500000000000000e+00,4.007063113663450471e-01,-4.941497752049842096e-03,3.559816497449745393e-03,3.982803858639400452e-01,-3.072985809110453416e-03,8.464541928314966307e-05,-1.093383632495362201e-04,4.169107331346776860e-05
6.700000000000000178e+00,4.006448200206895738e-01,-4.897176190075014368e-03,3.531670619193500501e-03,3.982421581619400852e-01,-3.043485748993057533e-03,8.328953233331040250e-05,-1.076081519657556162e-04,4.101438657483466761e-05
6.712500000000000355e+00,4.005838805014631521e-01,-4.853205060217349529e-03,3.503747066153125277e-03,3.982042977431170527e-01,-3.014220193053379453e-03,8.195510131922194394e-05,-1.059053405227545894e-04,4.034841445556080044e-05
6.725000000000000533e+00,4.005234884455879385e-01,-4.809581594353408776e-03,3.476044089953371757e-03,3.981668016876782623e-01,-2.985187302250946317e-03,8.064178646604932437e-05,-1.042294943738659085e-04,3.969298728017431316e-05
6.737500000000000711e+00,4.004636395244512426e-01,-4.766303046128178914e-03,3.448559956003806413e-03,3.981296670987263253e-01,-2.956385252325225560e-03,7.934925338747522933e-05,-1.025801858843743098e-04,3.904793806354737962e-05
6.750000000000000000e+00,4.004043294436347433e-01,-4.723366690783432735e-03,3.421292943391617686e-03,3.980928911020756300e-01,-2.927812233684144207e-03,7.807717299999287607e-05,-1.009569942210610839e-04,3.841310246817309282e-05
6.762500000000000178e+00,4.003455539426455378e-01,-4.680769824987412141e-03,3.394241344775267028e-03,3.980564708460690437e-01,-2.899466451293563132e-03,7.682522143856804079e-05,-9.935950524352733576e-05,3.778831876212330982e-05
6.775000000000000355e+00,4.002873087946492436e-01,-4.638509766665868672e-03,3.367403466279004273e-03,3.980204035013971686e-01,-2.871346124567725373e-03,7.559307997364944024e-05,-9.778731139726838098e-05,3.717342777767729939e-05
6.787500000000000533e+00,4.002295898062054880e-01,-4.596583854834381672e-03,3.340777627388209596e-03,3.979846862609180969e-01,-2.843449487260637717e-03,7.438043492950400853e-05,-9.624001160846875724e-05,3.656827287060952347e-05
6.800000000000000711e+00,4.001723928170052291e-01,-4.554989449431995699e-03,3.314362160845570320e-03,3.979493163394788868e-01,-2.815774787358405525e-03,7.318697760385703822e-05,-9.471721118049131508e-05,3.597269988012665929e-05
6.812500000000000000e+00,4.001157136996102426e-01,-4.513723931156155521e-03,3.288155412548092980e-03,3.979142909737385936e-01,-2.788320286972507337e-03,7.201240418881582714e-05,-9.321852169203237513e-05,3.538655708944329789e-05
6.825000000000000178e+00,4.000595483591947721e-01,-4.472784701298900510e-03,3.262155741444924210e-03,3.978796074219917989e-01,-2.761084262233993222e-03,7.085641569305562110e-05,-9.174356089691518257e-05,3.480969518698576838e-05
6.837500000000000355e+00,4.000038927332890126e-01,-4.432169181584368761e-03,3.236361519436004724e-03,3.978452629639947502e-01,-2.734065003188629848e-03,6.971871786524893319e-05,-9.029195262549677642e-05,3.424196722821476376e-05
6.850000000000000533e+00,3.999487427915247584e-01,-4.391874814007527654e-03,3.210771131271517378e-03,3.978112549007913334e-01,-2.707260813692951087e-03,6.859902111871644731e-05,-8.886332668765965065e-05,3.368322859805605521e-05
6.862500000000000711e+00,3.998940945353829379e-01,-4.351899060674171635e-03,3.185382974452145334e-03,3.977775805545417653e-01,-2.680670011311230179e-03,6.749704045728120976e-05,-8.745731877736425991e-05,3.313333697392999752e-05
6.875000000000000000e+00,3.998399439979434256e-01,-4.312239403642166395e-03,3.160195459130128205e-03,3.977442372683513971e-01,-2.654290927213370007e-03,6.641249540230628192e-05,-8.607357037873632178e-05,3.259215228937032565e-05
6.887500000000000178e+00,3.997862872436363513e-01,-4.272893344763903888e-03,3.135207008011102296e-03,3.977112224061014611e-01,-2.628121906073684153e-03,6.534510992089641930e-05,-8.471172867366357244e-05,3.205953669822232856e-05
6.900000000000000355e+00,3.997331203679958533e-01,-4.233858405530014149e-03,3.110416056256740981e-03,3.976785333522808719e-01,-2.602161305970599955e-03,6.429461235524632163e-05,-8.337144645087882797e-05,3.153535453941194348e-05
6.912500000000000533e+00,3.996804394974155517e-01,-4.195132126914255868e-03,3.085821051388161398e-03,3.976461675118194150e-01,-2.576407498287242373e-03,6.326073535311530112e-05,-8.205238201650326272e-05,3.101947230227574878e-05
6.925000000000000711e+00,3.996282407889057975e-01,-4.156712069219627333e-03,3.061420453190112200e-03,3.976141223099217692e-01,-2.550858867612910367e-03,6.224321579941167245e-05,-8.075419910602782761e-05,3.051175859244346618e-05
6.937500000000000000e+00,3.995765204298533657e-01,-4.118595811925668260e-03,3.037212733615928927e-03,3.975823951919034149e-01,-2.525513811645445795e-03,6.124179474886841921e-05,-7.947656679770873913e-05,3.001208409826400396e-05
6.950000000000000178e+00,3.995252746377822017e-01,-4.080780953536929968e-03,3.013196376693244843e-03,3.975509836230269878e-01,-2.500370741094470103e-03,6.025621735979234256e-05,-7.821915942735367449e-05,2.952032155776614409e-05
6.962500000000000355e+00,3.994744996601169995e-01,-4.043265111432650313e-03,2.989369878430476329e-03,3.975198850883405743e-01,-2.475428079585517433e-03,5.928623282887058476e-05,-7.698165650447772064e-05,2.903634572614584319e-05
6.975000000000000533e+00,3.994241917739479453e-01,-4.006045921717563130e-03,2.965731746724042071e-03,3.974890970925166744e-01,-2.450684263565019051e-03,5.833159432701597432e-05,-7.576374262980466916e-05,2.856003334377105375e-05
6.987500000000000711e+00,3.993743472857977928e-01,-3.969121039073876880e-03,2.942280501266339009e-03,3.974586171596925510e-01,-2.426137742206163368e-03,5.739205893623568173e-05,-7.456510741409353143e-05,2.809126310469633041e-05
7.000000000000000000e+00,3.993249625313902151e-01,-3.932488136614398222e-03,2.919014673454455554e-03,3.974284428333117458e-01,-2.401786977315618996e-03,5.646738758750642146e-05,-7.338544539826803443e-05,2.762991562567884923e-05
7.012500000000000178e+00,3.992760338754206551e-01,-3.896144905736780104e-03,2.895932806299614248e-03,3.973985716759667608e-01,-2.377630443241106079e-03,5.555734499963959825e-05,-7.222445597482792814e-05,2.717587341568775936e-05
7.025000000000000355e+00,3.992275577113285623e-01,-3.860089055978923028e-03,2.873033454337362968e-03,3.973690012692427942e-01,-2.353666626779834983e-03,5.466169961912161195e-05,-7.108184331052218221e-05,2.672902084589938925e-05
7.037500000000000533e+00,3.991795304610715744e-01,-3.824318314875467875e-03,2.850315183538469979e-03,3.973397292135628645e-01,-2.329894027087781559e-03,5.378022356091229897e-05,-6.995731627026230675e-05,2.628924412016995268e-05
7.050000000000000711e+00,3.991319485749012519e-01,-3.788830427815411111e-03,2.827776571220548887e-03,3.973107531280336002e-01,-2.306311155589808089e-03,5.291269255018715131e-05,-6.885058834225672860e-05,2.585643124597860178e-05
7.062500000000000000e+00,3.990848085311410887e-01,-3.753623157900821093e-03,2.805416205960400023e-03,3.972820706502926957e-01,-2.282916535890630334e-03,5.205888586500778892e-05,-6.776137756434621974e-05,2.543047200583316349e-05
7.075000000000000178e+00,3.990381068359658556e-01,-3.718694285806632086e-03,2.783232687507048754e-03,3.972536794363571988e-01,-2.259708703686606410e-03,5.121858627990556739e-05,-6.668940645152037416e-05,2.501125792913102742e-05
7.087500000000000355e+00,3.989918400231825535e-01,-3.684041609641545891e-03,2.761224626695508479e-03,3.972255771604726315e-01,-2.236686206678379155e-03,5.039158001036453139e-05,-6.563440192459732534e-05,2.459868226446835468e-05
7.100000000000000533e+00,3.989460046540138638e-01,-3.649662944809983420e-03,2.739390645361221895e-03,3.971977615149638874e-01,-2.213847604484323831e-03,4.957765665818810802e-05,-6.459609524004629401e-05,2.419263995238989638e-05
7.112500000000000711e+00,3.989005973168823771e-01,-3.615556123875110495e-03,2.717729376255208305e-03,3.971702302100864612e-01,-2.191191468554831105e-03,4.877660915773627230e-05,-6.357422192093563275e-05,2.379302759857279781e-05
7.125000000000000000e+00,3.988556146271970970e-01,-3.581718996422925735e-03,2.696239462959897429e-03,3.971429809738792893e-01,-2.168716382087407940e-03,4.798823372301888666e-05,-6.256852168898773252e-05,2.339974344743735141e-05
7.137500000000000178e+00,3.988110532271415543e-01,-3.548149428927378432e-03,2.674919559805641073e-03,3.971160115520182554e-01,-2.146420939942587751e-03,4.721232979563132334e-05,-6.157873839772272568e-05,2.301268735617773568e-05
7.150000000000000355e+00,3.987669097854635303e-01,-3.514845304616552417e-03,2.653768331787919113e-03,3.970893197076711956e-01,-2.124303748560665839e-03,4.644869999351954878e-05,-6.060461996667417358e-05,2.263176076920647887e-05
7.162500000000000533e+00,3.987231809972663910e-01,-3.481804523339856929e-03,2.632784454485203370e-03,3.970629032213533471e-01,-2.102363425879231074e-03,4.569715006056040616e-05,-5.964591831665831407e-05,2.225686669300547149e-05
7.175000000000000711e+00,3.986798635838021410e-01,-3.449025001436251386e-03,2.611966613977500639e-03,3.970367598907842965e-01,-2.080598601251505524e-03,4.495748881694479023e-05,-5.870238930608066689e-05,2.188790967137749986e-05
7.187500000000000000e+00,3.986369542922663101e-01,-3.416504671603483659e-03,2.591313506765559240e-03,3.970108875307459262e-01,-2.059007915365489421e-03,4.422952811035059574e-05,-5.777379266826300876e-05,2.152479576109173824e-05
7.200000000000000178e+00,3.985944498955940607e-01,-3.384241482768323653e-03,2.570823839690730434e-03,3.969852839729409166e-01,-2.037590020163895441e-03,4.351308276789252373e-05,-5.685989194977389286e-05,2.116743250791684652e-05
7.212500000000000355e+00,3.985523471922581273e-01,-3.352233399957817335e-03,2.550496329855495969e-03,3.969599470658529139e-01,-2.016343578764888747e-03,4.280797054883707717e-05,-5.596045444974754050e-05,2.081572892303584264e-05
7.225000000000000533e+00,3.985106430060685878e-01,-3.320478404171504829e-03,2.530329704544637473e-03,3.969348746746069745e-01,-1.995267265383610707e-03,4.211401209806950492e-05,-5.507525116017375786e-05,2.046959545983619030e-05
7.237500000000000711e+00,3.984693341859737448e-01,-3.288974492254635555e-03,2.510322701147054639e-03,3.969100646808316757e-01,-1.974359765254490601e-03,4.143103090030131683e-05,-5.420405670714429519e-05,2.012894399106947757e-05
7.250000000000000000e+00,3.984284176058631166e-01,-3.257719676772353936e-03,2.490474067078228722e-03,3.968855149825215589e-01,-1.953619774554346197e-03,4.075885323500639618e-05,-5.334664929303980558e-05,1.979368778637470648e-05
7.262500000000000178e+00,3.983878901643713166e-01,-3.226711985884837472e-03,2.470782559703314871e-03,3.968612234939010164e-01,-1.933046000326258014e-03,4.009730813207368176e-05,-5.250281063964204166e-05,1.946374149015929814e-05
7.275000000000000355e+00,3.983477487846843745e-01,-3.195949463223419270e-03,2.451246946260882825e-03,3.968371881452889549e-01,-1.912637160404238304e-03,3.944622732816574002e-05,-5.167232593215715465e-05,1.913902109983241277e-05
7.287500000000000533e+00,3.983079904143467243e-01,-3.165430167767632579e-03,2.431866003787269085e-03,3.968134068829641814e-01,-1.892391983338659409e-03,3.880544522377094881e-05,-5.085498376413430735e-05,1.881944394438460116e-05
7.300000000000000711e+00,3.982686120250702455e-01,-3.135152173723212022e-03,2.412638519041565306e-03,3.967898776690321205e-01,-1.872309208322463616e-03,3.817479884093893179e-05,-5.005057608326608906e-05,1.850492866330856305e-05
7.312500000000000000e+00,3.982296106125448598e-01,-3.105113570401026382e-03,2.393563288431222943e-03,3.967665984812920876e-01,-1.852387585118143868e-03,3.755412778168801523e-05,-4.925889813805609571e-05,1.819539518585547628e-05
7.325000000000000178e+00,3.981909831962502366e-01,-3.075312462096926446e-03,2.374639117938268096e-03,3.967435673131056717e-01,-1.832625873985485165e-03,3.694327418707380416e-05,-4.847974842533961447e-05,1.789076471062151294e-05
7.337500000000000355e+00,3.981527268192692759e-01,-3.045746967972535676e-03,2.355864823046142573e-03,3.967207821732660622e-01,-1.813022845610085497e-03,3.634208269690890325e-05,-4.771292863864436178e-05,1.759095968545954501e-05
7.350000000000000533e+00,3.981148385481030894e-01,-3.016415221936925156e-03,2.337239228667136945e-03,3.966982410858680419e-01,-1.793577281032625098e-03,3.575040041012253386e-05,-4.695824361737675322e-05,1.729590378771048292e-05
7.362500000000000711e+00,3.980773154724874252e-01,-2.987315372529208805e-03,2.318761169070435082e-03,3.966759420901790345e-01,-1.774287971578904178e-03,3.516807684575043159e-05,-4.621550129682114208e-05,1.700552190474948007e-05
7.375000000000000000e+00,3.980401547052103695e-01,-2.958445582802027643e-03,2.300429487810757168e-03,3.966538832405109294e-01,-1.755153718790637869e-03,3.459496390454474499e-05,-4.548451265893882636e-05,1.671974011484191752e-05
7.387500000000000178e+00,3.980033533819317682e-01,-2.929804030205918324e-03,2.282243037657593395e-03,3.966320626060928500e-01,-1.736173334357000997e-03,3.403091583119383171e-05,-4.476509168395352258e-05,1.643848566830410381e-05
7.400000000000000355e+00,3.979669086610040929e-01,-2.901388906474576795e-03,2.264200680525038298e-03,3.966104782709448662e-01,-1.717345640046940907e-03,3.347578917714274344e-05,-4.405705530271159008e-05,1.616168696896419025e-05
7.412500000000000533e+00,3.979308177232941945e-01,-2.873198417510981068e-03,2.246301287402203625e-03,3.965891283337521500e-01,-1.698669467642226899e-03,3.292944276400407242e-05,-4.336022334980341267e-05,1.588927355591814174e-05
7.425000000000000711e+00,3.978950777720073329e-01,-2.845230783274385698e-03,2.228543738284217979e-03,3.965680109077404092e-01,-1.680143658871257510e-03,3.239173764755028269e-05,-4.267441851743454675e-05,1.562117608557633138e-05
7.437500000000000000e+00,3.978596860325120943e-01,-2.817484237668176680e-03,2.210926922103807150e-03,3.965471241205518749e-01,-1.661767065343616560e-03,3.186253708227799867e-05,-4.199946631003432341e-05,1.535732631399614078e-05
7.450000000000000178e+00,3.978246397521664757e-01,-2.789957028428569855e-03,2.193449736663443880e-03,3.965264661141224001e-01,-1.643538548485366010e-03,3.134170648653497430e-05,-4.133519499958972085e-05,1.509765707949580919e-05
7.462500000000000355e+00,3.977899362001461325e-01,-2.762647417014168875e-03,2.176111088568083961e-03,3.965060350445587245e-01,-1.625456979475100368e-03,3.082911340820128604e-05,-4.068143558169377339e-05,1.484210228554548952e-05
7.475000000000000533e+00,3.977555726672730718e-01,-2.735553678496348024e-03,2.158909893158453535e-03,3.964858290820175157e-01,-1.607521239180727517e-03,3.032462749091514767e-05,-4.003802173229590656e-05,1.459059688393063545e-05
7.487500000000000711e+00,3.977215464658465649e-01,-2.708674101450466842e-03,2.141845074444912768e-03,3.964658464105841884e-01,-1.589730218096998930e-03,2.982812044083518841e-05,-3.940478976514370855e-05,1.434307685818375751e-05
7.500000000000000000e+00,3.976878549294747822e-01,-2.682006987847915247e-03,2.124915565041875926e-03,3.964460852281531111e-01,-1.572082816283780190e-03,2.933946599393045621e-05,-3.878157858990486918e-05,1.409947920728014505e-05
7.512500000000000178e+00,3.976544954129080933e-01,-2.655550652948959235e-03,2.108120306102785699e-03,3.964265437463085906e-01,-1.554577943305052255e-03,2.885853988378951672e-05,-3.816822967095804441e-05,1.385974192959335124e-05
7.525000000000000355e+00,3.976214652918735326e-01,-2.629303425196421844e-03,2.091458247255652183e-03,3.964072201902061332e-01,-1.537214518168665165e-03,2.838521980994090951e-05,-3.756458698684266511e-05,1.362380400710652258e-05
7.537500000000000533e+00,3.975887619629109859e-01,-2.603263646110139107e-03,2.074928346539128745e-03,3.963881127984549835e-01,-1.519991469266812091e-03,2.791938540667605054e-05,-3.697049699035621104e-05,1.339160538987522961e-05
7.550000000000000711e+00,3.975563828432098767e-01,-2.577429670182228728e-03,2.058529570339144316e-03,3.963692198230012731e-01,-1.502907734317247791e-03,2.746091821236710360e-05,-3.638580856928921251e-05,1.316308698073805285e-05
7.562500000000000000e+00,3.975243253704481283e-01,-2.551799864773143280e-03,2.042260893326076476e-03,3.963505395290114475e-01,-1.485962260305238912e-03,2.700970163927174305e-05,-3.581037300778757148e-05,1.293819062027092468e-05
7.575000000000000178e+00,3.974925870026317365e-01,-2.526372610008497093e-03,2.026121298392457096e-03,3.963320701947571356e-01,-1.469154003426243089e-03,2.656562094381683927e-05,-3.524404394833194945e-05,1.271685907198130168e-05
7.587500000000000355e+00,3.974611652179357857e-01,-2.501146298676685913e-03,2.010109776591230499e-03,3.963138101115003531e-01,-1.452481929029331154e-03,2.612856319735393465e-05,-3.468667735432492532e-05,1.249903600773859829e-05
7.600000000000000533e+00,3.974300575145470749e-01,-2.476119336127258989e-03,1.994225327074529430e-03,3.962957575833790935e-01,-1.435945011561329905e-03,2.569841725737829731e-05,-3.413813147327537917e-05,1.228466599343685309e-05
7.612500000000000711e+00,3.973992614105072985e-01,-2.451290140170060521e-03,1.978466957032989654e-03,3.962779109272944744e-01,-1.419542234511702574e-03,2.527507373920465775e-05,-3.359826680057118449e-05,1.207369447488617877e-05
7.625000000000000000e+00,3.973687744435583924e-01,-2.426657140975126137e-03,1.962833681635588884e-03,3.962602684727974944e-01,-1.403272590358157438e-03,2.485842498809215750e-05,-3.306694604383051875e-05,1.186606776392931949e-05
7.637500000000000178e+00,3.973385941709883795e-01,-2.402218780973320103e-03,1.947324523970006549e-03,3.962428285619774004e-01,-1.387135080512983711e-03,2.444836505181117122e-05,-3.254403408782249537e-05,1.166173302477968369e-05
7.650000000000000355e+00,3.973087181694787140e-01,-2.377973514757733206e-03,1.931938514983511579e-03,3.962255895493503322e-01,-1.371128715270127736e-03,2.404478965364543932e-05,-3.202939795994833494e-05,1.146063826057757429e-05
7.662500000000000533e+00,3.972791440349530134e-01,-2.353919808985795344e-03,1.916674693424360188e-03,3.962085498017483554e-01,-1.355252513752986049e-03,2.364759616582189802e-05,-3.152290679627361606e-05,1.126273230016088759e-05
7.675000000000000711e+00,3.972498693824266791e-01,-2.330056142282130576e-03,1.901532105783710833e-03,3.961917076982096053e-01,-1.339505503862936349e-03,2.325668358336188793e-05,-3.102443180810321010e-05,1.106796478504713167e-05
7.687500000000000000e+00,3.972208918458581817e-01,-2.306381005142132089e-03,1.886509806238051770e-03,3.961750616298688743e-01,-1.323886722228595318e-03,2.287195249834679561e-05,-3.053384624909001604e-05,1.087628615662333379e-05
7.700000000000000178e+00,3.971922090780008463e-01,-2.282892899836246221e-03,1.871606856592131045e-03,3.961586099998488653e-01,-1.308395214155802641e-03,2.249330507459143975e-05,-3.005102538286896760e-05,1.068764764354052824e-05
7.712500000000000355e+00,3.971638187502568029e-01,-2.259590340314982480e-03,1.856822326222403417e-03,3.961423512231518895e-01,-1.293030033578344883e-03,2.212064502271903914e-05,-2.957584645120820140e-05,1.050200124930978215e-05
7.725000000000000533e+00,3.971357185525311584e-01,-2.236471852114612670e-03,1.842155292020966487e-03,3.961262837265525083e-01,-1.277790243009398630e-03,2.175387757563084374e-05,-2.910818864266865832e-05,1.031929974009633045e-05
7.737500000000000711e+00,3.971079061930878340e-01,-2.213535972263574320e-03,1.827604838340006173e-03,3.961104059484903961e-01,-1.262674913493709149e-03,2.139290946436452000e-05,-2.864793306176437624e-05,1.013949663270891293e-05
7.750000000000000000e+00,3.970803793984066243e-01,-2.190781249189565835e-03,1.813170056936734423e-03,3.960947163389642034e-01,-1.247683124560501752e-03,2.103764889433494106e-05,-2.819496269861537986e-05,9.962546182781159126e-06
7.762500000000000178e+00,3.970531359130411997e-01,-2.168206242627318189e-03,1.798850046918818715e-03,3.960792133594255859e-01,-1.232813964177116974e-03,2.068800552195114429e-05,-2.774916239908511059e-05,9.788403373141968243e-06
7.775000000000000355e+00,3.970261734994784408e-01,-2.145809523527063105e-03,1.784643914690311811e-03,3.960638954826741220e-01,-1.218066528703391467e-03,2.034389043160385218e-05,-2.731041883539521382e-05,9.617023902372080489e-06
7.787500000000000533e+00,3.969994899379985509e-01,-2.123589673963656964e-03,1.770550773898061378e-03,3.960487611927526741e-01,-1.203439922846759888e-03,2.000521611301709547e-05,-2.687862047720933836e-05,9.448364173543682059e-06
7.800000000000000711e+00,3.969730830265368882e-01,-2.101545287046379957e-03,1.756569745378607937e-03,3.960338089848434162e-01,-1.188933259618095775e-03,1.967189643895854109e-05,-2.645365756317905344e-05,9.282381283140363765e-06
7.812500000000000000e+00,3.969469505805463538e-01,-2.079674966829395729e-03,1.742699957105569176e-03,3.960190373651640838e-01,-1.174545660288289469e-03,1.934384664330261955e-05,-2.603542207294428696e-05,9.119033010154534760e-06
7.825000000000000178e+00,3.969210904328613343e-01,-2.057977328222858511e-03,1.728940544137498288e-03,3.960044448508651671e-01,-1.160276254345556134e-03,1.902098329944074275e-05,-2.562380769958094631e-05,8.958277805359462270e-06
7.837500000000000355e+00,3.968955004335623094e-01,-2.036450996904683348e-03,1.715290648566230843e-03,3.959900299699274928e-01,-1.146124179453491231e-03,1.870322429903341469e-05,-2.521870982248900980e-05,8.800074780753372518e-06
7.850000000000000533e+00,3.968701784498420149e-01,-2.015094609232944301e-03,1.701749419465697433e-03,3.959757912610600838e-01,-1.132088581409856735e-03,1.839048883109826194e-05,-2.482002548071354019e-05,8.644383699172702431e-06
7.862500000000000711e+00,3.968451223658724381e-01,-1.993906812158917959e-03,1.688316012841215540e-03,3.959617272735989069e-01,-1.118168614106110695e-03,1.808269736142901346e-05,-2.442765334669210796e-05,8.491164964072011858e-06
7.875000000000000000e+00,3.968203300826729230e-01,-1.972886263140757098e-03,1.674989591579250639e-03,3.959478365674059530e-01,-1.104363439487681623e-03,1.777977161234001210e-05,-2.404149370042175691e-05,8.340379609467922018e-06
7.887500000000000178e+00,3.967957995179793307e-01,-1.952031630057780159e-03,1.661769325397642648e-03,3.959341177127687073e-01,-1.090672227514979291e-03,1.748163454273094517e-05,-2.366144840403869499e-05,8.191989290044445924e-06
7.900000000000000355e+00,3.967715286061143098e-01,-1.931341591125399762e-03,1.648654390796307906e-03,3.959205692903003393e-01,-1.077094156125163590e-03,1.718821032846697288e-05,-2.328742087680451352e-05,8.045956271417357701e-06
7.912500000000000533e+00,3.967475152978587327e-01,-1.910814834810643185e-03,1.635643971008393909e-03,3.959071898908400611e-01,-1.063628411194650434e-03,1.689942434306883692e-05,-2.291931607049202635e-05,7.902243420554927577e-06
7.925000000000000711e+00,3.967237575603239086e-01,-1.890450059748293886e-03,1.622737255951903733e-03,3.958939781153542059e-01,-1.050274186502372703e-03,1.661520313870827362e-05,-2.255704044516469142e-05,7.760814196352727094e-06
7.937500000000000000e+00,3.967002533768251848e-01,-1.870245974657630626e-03,1.609933442181776895e-03,3.958809325748376962e-01,-1.037030683693793620e-03,1.633547442750376459e-05,-2.220050194534331267e-05,7.621632640360066755e-06
7.950000000000000178e+00,3.966770007467563253e-01,-1.850201298259757923e-03,1.597231732842425153e-03,3.958680518902158441e-01,-1.023897112245670182e-03,1.606016706311170548e-05,-2.184960997655372721e-05,7.484663367655654627e-06
7.962500000000000355e+00,3.966539976854648875e-01,-1.830314759195540405e-03,1.584631337620731476e-03,3.958553346922469296e-01,-1.010872689431582903e-03,1.578921102260858462e-05,-2.150427538224978911e-05,7.349871557870317651e-06
7.975000000000000533e+00,3.966312422241288771e-01,-1.810585095944107015e-03,1.572131472699494180e-03,3.958427796214244454e-01,-9.979566402882166908e-04,1.552253738865910315e-05,-2.116441042110524953e-05,7.217222946354296229e-06
7.987500000000000711e+00,3.966087324096344013e-01,-1.791011056741943080e-03,1.559731360711326007e-03,3.958303853278808959e-01,-9.851481975824086940e-04,1.526007833196599118e-05,-2.082992874466903439e-05,7.086683815487030924e-06
8.000000000000000000e+00,3.965864663044538219e-01,-1.771591399502554180e-03,1.547430230693003141e-03,3.958181504712908194e-01,-9.724466017789614803e-04,1.500176709399685788e-05,-2.050074537537805117e-05,6.958220986127175469e-06
8.012500000000001066e+00,3.965644419865256842e-01,-1.752324891736690548e-03,1.535227318040255926e-03,3.958060737207750868e-01,-9.598511010092199321e-04,1.474753796998359989e-05,-2.017677668492173809e-05,6.831801809200626174e-06
8.025000000000000355e+00,3.965426575491349803e-01,-1.733210310473154566e-03,1.523121864463018640e-03,3.957941537548052002e-01,-9.473609510404340777e-04,1.449732629219034796e-05,-1.985794037295328008e-05,6.707394157424624626e-06
8.037499999999999645e+00,3.965211111007947986e-01,-1.714246442180134304e-03,1.511113117941102757e-03,3.957823892611079808e-01,-9.349754152458757692e-04,1.425106841344497468e-05,-1.954415544614111522e-05,6.584966417165489164e-06
8.050000000000000711e+00,3.964998007651287515e-01,-1.695432082687111687e-03,1.499200332680328610e-03,3.957707789365706996e-01,-9.226937645757505137e-04,1.400870169093067513e-05,-1.923534219755635067e-05,6.464487480428285278e-06
8.062500000000000000e+00,3.964787246807545684e-01,-1.676766037107318193e-03,1.487382769069095934e-03,3.957593214871464871e-01,-9.105152775288924243e-04,1.377016447023315680e-05,-1.893142218639029450e-05,6.345926736976247069e-06
8.075000000000001066e+00,3.964578810011683552e-01,-1.658247119760702720e-03,1.475659693635376392e-03,3.957480156277602412e-01,-8.984392401252266772e-04,1.353539606963896107e-05,-1.863231821799653660e-05,6.229254066577783028e-06
8.087500000000000355e+00,3.964372678946300743e-01,-1.639874154097474080e-03,1.464030379004168173e-03,3.957368600822148141e-01,-8.864649458790483738e-04,1.330433676468177236e-05,-1.833795432425350291e-05,6.114439831379529656e-06
8.099999999999999645e+00,3.964168835440500249e-01,-1.621645972622134425e-03,1.452494103855360647e-03,3.957258535830973090e-01,-8.745916957730698847e-04,1.307692777293171724e-05,-1.804825574424112321e-05,6.001454868403024443e-06
8.112500000000000711e+00,3.963967261468757664e-01,-1.603561416818061712e-03,1.441050152882049178e-03,3.957149948716860988e-01,-8.628187982332829716e-04,1.285311123902460591e-05,-1.776314890522782822e-05,5.890270482163522706e-06
8.125000000000000000e+00,3.963767939149808739e-01,-1.585619337072610192e-03,1.429697816749280143e-03,3.957042826978577343e-01,-8.511455691046237613e-04,1.263283021992689971e-05,-1.748256140396241406e-05,5.780858437408916907e-06
8.137500000000001066e+00,3.963570850745535279e-01,-1.567818592602699020e-03,1.418436392053213377e-03,3.956937158199945181e-01,-8.395713316274281031e-04,1.241602867043236059e-05,-1.720642198826573949e-05,5.673190951976781509e-06
8.150000000000000355e+00,3.963375978659871013e-01,-1.550158051380946854e-03,1.407265181280733905e-03,3.956832930048922448e-01,-8.280954164147231707e-04,1.220265142888739117e-05,-1.693466053891844083e-05,5.567240689768132185e-06
8.162499999999999645e+00,3.963183305437709136e-01,-1.532636590062269859e-03,1.396183492769470687e-03,3.956730130276678303e-01,-8.167171614303113999e-04,1.199264420314052669e-05,-1.666720805183886071e-05,5.462980753835659834e-06
8.175000000000000711e+00,3.962992813763821509e-01,-1.515253093911003148e-03,1.385190640668255762e-03,3.956628746716680523e-01,-8.054359119676926223e-04,1.178595355671318732e-05,-1.640399662054764323e-05,5.360384679585092634e-06
8.187500000000000000e+00,3.962804486461788955e-01,-1.498006456728512509e-03,1.374285944898008408e-03,3.956528767283777337e-01,-7.942510206298121446e-04,1.158252689518786546e-05,-1.614495941891406244e-05,5.259426428087809086e-06
8.200000000000001066e+00,3.962618306492936004e-01,-1.480895580781269299e-03,1.363468731113026732e-03,3.956430179973284833e-01,-7.831618473096255573e-04,1.138231245280996013e-05,-1.589003068417935439e-05,5.160080379502886027e-06
8.212500000000000355e+00,3.962434256955278955e-01,-1.463919376729440770e-03,1.352738330662727265e-03,3.956332972860079900e-01,-7.721677591715249422e-04,1.118525927930052948e-05,-1.563914570025358650e-05,5.062321326607289876e-06
8.224999999999999645e+00,3.962252321082481155e-01,-1.447076763555922964e-03,1.342094080553780065e-03,3.956237134097688180e-01,-7.612681306335845194e-04,1.099131722687572251e-05,-1.539224078128075522e-05,4.966124468432151138e-06
8.237500000000000711e+00,3.962072482242816052e-01,-1.430366668495865624e-03,1.331535323412680761e-03,3.956142651917381459e-01,-7.504623433506711627e-04,1.080043693747028838e-05,-1.514925325546878647e-05,4.871465404003888876e-06
8.250000000000000000e+00,3.961894723938140794e-01,-1.413788026966663518e-03,1.321061407448741089e-03,3.956049514627273944e-01,-7.397497861984103510e-04,1.061256983016155446e-05,-1.491012144917993263e-05,4.778320126188473310e-06
8.262500000000001066e+00,3.961719029802877601e-01,-1.397339782498383844e-03,1.310671686417483198e-03,3.955957710611419098e-01,-7.291298552579975794e-04,1.042766808879040582e-05,-1.467478467127722421e-05,4.686665015637137542e-06
8.275000000000000355e+00,3.961545383603003456e-01,-1.381020886664683679e-03,1.300365519584472176e-03,3.955867228328910357e-01,-7.186019538019009856e-04,1.024568464977676194e-05,-1.444318319772377100e-05,4.596476834832384769e-06
8.287499999999999645e+00,3.961373769235050912e-01,-1.364830299014142692e-03,1.290142271689543674e-03,3.955778056312983515e-01,-7.081654922804153998e-04,1.006657319012559365e-05,-1.421525825643003890e-05,4.507732722232374978e-06
8.300000000000000711e+00,3.961204170725112217e-01,-1.348766987002062703e-03,1.280001312911460644e-03,3.955690183170121332e-01,-6.978198883091122707e-04,9.890288115621096406e-06,-1.399095201234602265e-05,4.420410186512589990e-06
8.312500000000000000e+00,3.961036572227858432e-01,-1.332829925922706131e-03,1.269942018832985551e-03,3.955603597579155362e-01,-6.875645666571783120e-04,9.716784549205679549e-06,-1.377020755279423502e-05,4.334487100903171716e-06
8.325000000000001066e+00,3.960870958025561328e-01,-1.317018098841947742e-03,1.259963770406350271e-03,3.955518288290376105e-01,-6.773989592366337631e-04,9.546018319540576237e-06,-1.355296887303941471e-05,4.249941697620433548e-06
8.337500000000000355e+00,3.960707312527129154e-01,-1.301330496530386316e-03,1.250065953919162051e-03,3.955434244124638732e-01,-6.673225050924760145e-04,9.377945949745727970e-06,-1.333918086209213214e-05,4.166752562391445412e-06
8.349999999999999645e+00,3.960545620267142963e-01,-1.285766117396848788e-03,1.240247960960698913e-03,3.955351453972472120e-01,-6.573346503937110884e-04,9.212524646315323402e-06,-1.312878928874169559e-05,4.084898629069971334e-06
8.362500000000000711e+00,3.960385865904911262e-01,-1.270323967422334150e-03,1.230509188388632024e-03,3.955269906793189016e-01,-6.474348484253170978e-04,9.049712288206750198e-06,-1.292174078781562510e-05,4.004359174342732049e-06
8.375000000000000000e+00,3.960228034223523541e-01,-1.255003060094370864e-03,1.220849038296158325e-03,3.955189591613997857e-01,-6.376225595811345912e-04,8.889467416099905566e-06,-1.271798284666186886e-05,3.925113812524538319e-06
8.387500000000001066e+00,3.960072110128918244e-01,-1.239802416341761549e-03,1.211266917979529970e-03,3.955110497529113478e-01,-6.278972513576752158e-04,8.731749221823865233e-06,-1.251746379185005733e-05,3.847142490440917657e-06
8.400000000000000355e+00,3.959918078648955730e-01,-1.224721064469761573e-03,1.201762239906014858e-03,3.955032613698870048e-01,-6.182583983488949960e-04,8.576517537948793313e-06,-1.232013277608917086e-05,3.770425482397232025e-06
8.412499999999999645e+00,3.959765924932500680e-01,-1.209758040095625618e-03,1.192334421682245084e-03,3.954955929348834553e-01,-6.087054822418969894e-04,8.423732827539691373e-06,-1.212593976535739916e-05,3.694943385232716500e-06
8.425000000000000711e+00,3.959615634248512261e-01,-1.194912386084567542e-03,1.182982886022990177e-03,3.954880433768918624e-01,-5.992379918136082071e-04,8.273356174069950423e-06,-1.193483552624170083e-05,3.620677113458493219e-06
8.437500000000000000e+00,3.959467191985141521e-01,-1.180183152486107521e-03,1.173707060720337141e-03,3.954806116312495901e-01,-5.898554229284240762e-04,8.125349271491856421e-06,-1.174677161348355096e-05,3.547607894478251079e-06
8.450000000000001066e+00,3.959320583648837100e-01,-1.165569396470781532e-03,1.164506378613267088e-03,3.954732966395511640e-01,-5.805572785368184928e-04,7.979674414461293040e-06,-1.156170035772744641e-05,3.475717263890315982e-06
8.462500000000000355e+00,3.959175794863460385e-01,-1.151070182267260227e-03,1.155380277557660788e-03,3.954660973495601750e-01,-5.713430686749612067e-04,7.836294488714642712e-06,-1.137957485346979879e-05,3.404987060870209967e-06
8.474999999999999645e+00,3.959032811369405658e-01,-1.136684581099808031e-03,1.146328200396690405e-03,3.954590127151202950e-01,-5.622123104653118557e-04,7.695172961594792563e-06,-1.120034894720432885e-05,3.335399423632269855e-06
8.487500000000000711e+00,3.958891619022730790e-01,-1.122411671126131907e-03,1.137349594931635378e-03,3.954520416960670137e-01,-5.531645281182356443e-04,7.556273872724305558e-06,-1.102397722576166527e-05,3.266936784969455503e-06
8.500000000000000000e+00,3.958752203794293489e-01,-1.108250537375590501e-03,1.128443913893104012e-03,3.954451832581387105e-01,-5.441992529346348102e-04,7.419561824823153903e-06,-1.085041500483994087e-05,3.199581867870171145e-06
8.512500000000001066e+00,3.958614551768896428e-01,-1.094200271687741349e-03,1.119610614912652964e-03,3.954384363728883911e-01,-5.353160233095962056e-04,7.285001974668434660e-06,-1.067961831772324549e-05,3.133317681210921587e-06
8.525000000000000355e+00,3.958478649144439587e-01,-1.080259972651270587e-03,1.110849160494830875e-03,3.954318000175944814e-01,-5.265143847370959765e-04,7.152560024194246432e-06,-1.051154390418575357e-05,3.068127515524005786e-06
8.537499999999999645e+00,3.958344482231081485e-01,-1.066428745543239465e-03,1.102159017989614914e-03,3.954252731751726202e-01,-5.177938898157346658e-04,7.022202211728826060e-06,-1.034614919957795704e-05,3.003994938838928126e-06
8.550000000000000711e+00,3.958212037450405396e-01,-1.052705702268691467e-03,1.093539659565266045e-03,3.954188548340863418e-01,-5.091540982555454618e-04,6.893895303367176691e-06,-1.018339232409294184e-05,2.940903792596762102e-06
8.562500000000000000e+00,3.958081301334596125e-01,-1.039089961300598570e-03,1.084990562181593465e-03,3.954125439882583692e-01,-5.005945768858749379e-04,6.767606584476750342e-06,-1.002323207220970958e-05,2.878838187636375433e-06
8.575000000000001066e+00,3.957952260525621213e-01,-1.025580647620116933e-03,1.076511207563617166e-03,3.954063396369814631e-01,-4.921148996643344431e-04,6.643303851333815774e-06,-9.865627902310730469e-06,2.817782500251469245e-06
8.587500000000000355e+00,3.957824901774422144e-01,-1.012176892657201026e-03,1.068101082175656807e-03,3.954002407848294931e-01,-4.837146476868662680e-04,6.520955402888804924e-06,-9.710539926471684505e-06,2.757721368317700340e-06
8.599999999999999645e+00,3.957699211940112205e-01,-9.988778342315072362e-04,1.059759677195813059e-03,3.953942464415676761e-01,-4.753934091988990017e-04,6.400530032657951957e-06,-9.557928900420165416e-06,2.698639687488694765e-06
8.612500000000000711e+00,3.957575177989179904e-01,-9.856826164936361833e-04,1.051486488490872015e-03,3.953883556220637030e-01,-4.671507796076362581e-04,6.281997020739587605e-06,-9.407756213661424560e-06,2.640522607460260674e-06
8.625000000000000000e+00,3.957452786994702931e-01,-9.725903898666834893e-04,1.043281016591618990e-03,3.953825673461975887e-01,-4.589863614954777979e-04,6.165326125952823846e-06,-9.259983879768449394e-06,2.583355528301822982e-06
8.637500000000001066e+00,3.957332026135567671e-01,-9.596003109880792701e-04,1.035142766668553259e-03,3.953768806387723544e-01,-4.508997646345759731e-04,6.050487578096435938e-06,-9.114574526833786275e-06,2.527124096854122688e-06
8.650000000000000355e+00,3.957212882695694267e-01,-9.467115426517560325e-04,1.027071248508033222e-03,3.953712945294237113e-01,-4.428906060025690722e-04,5.937452070326336698e-06,-8.971491388081242411e-06,2.471814203192536680e-06
8.662499999999999645e+00,3.957095344063272235e-01,-9.339232537505844783e-04,1.019065976488815577e-03,3.953658080525300766e-01,-4.349585097994711842e-04,5.826190751649186616e-06,-8.830698292634544727e-06,2.417411977154935949e-06
8.675000000000000711e+00,3.956979397730001624e-01,-9.212346192191187390e-04,1.011126469559020784e-03,3.953604202471221463e-01,-4.271031074657608115e-04,5.716675219530576186e-06,-8.692159656441158215e-06,2.363903784933468954e-06
8.687500000000000000e+00,3.956865031290340284e-01,-9.086448199766262133e-04,1.003252251213513583e-03,3.953551301567923004e-01,-4.193240377016712109e-04,5.608877512615705228e-06,-8.555840473348861594e-06,2.311276225729383299e-06
8.700000000000001066e+00,3.956752232440761685e-01,-8.961530428703802162e-04,9.954428494716870308e-04,3.953499368296036209e-01,-4.116209464876858268e-04,5.502770103560508525e-06,-8.421706306332656081e-06,2.259516128470038682e-06
8.712500000000000355e+00,3.956640988979013840e-01,-8.837584806192540351e-04,9.876977968556808866e-04,3.953448393179987419e-01,-4.039934871062821281e-04,5.398325891971746323e-06,-8.289723278870352152e-06,2.208610548587530485e-06
8.724999999999999645e+00,3.956531288803392665e-01,-8.714603317575584989e-04,9.800166303689998408e-04,3.953398366787087004e-01,-3.964413201649047143e-04,5.295518197453750678e-06,-8.159858066464154293e-06,2.158546764857952026e-06
8.737500000000000711e+00,3.956423119912014230e-01,-8.592578005791610051e-04,9.723988914755634771e-04,3.953349279726609544e-01,-3.889641136202120868e-04,5.194320752760403787e-06,-8.032077888306629292e-06,2.109312276300758454e-06
8.750000000000000000e+00,3.956316470402104213e-01,-8.471500970818652979e-04,9.648441260791747361e-04,3.953301122648872901e-01,-3.815615428036009914e-04,5.094707697050401824e-06,-7.906350499088845627e-06,2.060894799137438631e-06
8.762500000000001066e+00,3.956211328469281807e-01,-8.351364369120259758e-04,9.573518845033995080e-04,3.953253886244318949e-01,-3.742332904480144009e-04,4.996653569243885748e-06,-7.782644180948507066e-06,2.013282263808737307e-06
8.775000000000000355e+00,3.956107682406861947e-01,-8.232160413094394714e-04,9.499217214718854363e-04,3.953207561242581547e-01,-3.669790467160761278e-04,4.900133301479078753e-06,-7.660927735556581240e-06,1.966462812049920235e-06
8.787499999999999645e+00,3.956005520605158088e-01,-8.113881370524512202e-04,9.425531960890884886e-04,3.953162138411558946e-01,-3.597985092295373217e-04,4.805122212666769573e-06,-7.541170476339963398e-06,1.920424794023217398e-06
8.800000000000000711e+00,3.955904831550791090e-01,-7.996519564033195693e-04,9.352458718214362457e-04,3.953117608556480644e-01,-3.526913831000783820e-04,4.711596002141310956e-06,-7.423342220838756573e-06,1.875156765506972124e-06
8.812500000000000000e+00,3.955805603826011985e-01,-7.880067370538111626e-04,9.279993164789178232e-04,3.953073962518964257e-01,-3.456573809614734414e-04,4.619530743406319815e-06,-7.307413283196125949e-06,1.830647485140793267e-06
8.825000000000001066e+00,3.955707826108021963e-01,-7.764517220710079630e-04,9.208131021970932710e-04,3.953031191176079040e-01,-3.386962230031252815e-04,4.528902877973307047e-06,-7.193354466778786043e-06,1.786885911726047021e-06
8.837500000000000355e+00,3.955611487168305684e-01,-7.649861598433606042e-04,9.136868054195479297e-04,3.952989285439394984e-01,-3.318076370050141019e-04,4.439689209291930073e-06,-7.081137056926756124e-06,1.743861201581244929e-06
8.849999999999999645e+00,3.955516575871969587e-01,-7.536093040269344068e-04,9.066200068807652888e-04,3.952948236254034131e-01,-3.249913583740492466e-04,4.351866896769890250e-06,-6.970732813830162107e-06,1.701562705951565353e-06
8.862500000000000711e+00,3.955423081177087408e-01,-7.423204134918826415e-04,8.996122915894432838e-04,3.952908034597713560e-01,-3.182471301818676906e-04,4.265413449881210555e-06,-6.862113965531814359e-06,1.659979968472101604e-06
8.875000000000000000e+00,3.955330992134050705e-01,-7.311187522691256838e-04,8.926632488122475265e-04,3.952868671479785045e-01,-3.115747032040883926e-04,4.180306722361198621e-06,-6.755253201053720842e-06,1.619102722684229205e-06
8.887500000000001066e+00,3.955240297884927148e-01,-7.200035894972143732e-04,8.857724720579925786e-04,3.952830137940270272e-01,-3.049738359610338441e-04,4.096524906486445946e-06,-6.650123663645783048e-06,1.578920889604502746e-06
8.900000000000000355e+00,3.955150987662824913e-01,-7.089741993694128165e-04,8.789395590622790235e-04,3.952792425048889946e-01,-2.984442947599621836e-04,4.014046527438637629e-06,-6.546698944155463493e-06,1.539424575345718962e-06
8.912499999999999645e+00,3.955063050791266521e-01,-6.980298610809456631e-04,8.721641117725582567e-04,3.952755523904086243e-01,-2.919858537388023948e-04,3.932850437750321014e-06,-6.444953074516417298e-06,1.500604068789471358e-06
8.925000000000000711e+00,3.954976476683563780e-01,-6.871698587764463921e-04,8.654457363336520975e-04,3.952719425632044148e-01,-2.855982949114376358e-04,3.852915811831444853e-06,-6.344860521354962136e-06,1.462449839309860767e-06
8.937500000000000000e+00,3.954891254842204940e-01,-6.763934814975823247e-04,8.587840430737199611e-04,3.952684121385700022e-01,-2.792814082145481948e-04,3.774222140575087154e-06,-6.246396179712741629e-06,1.424952534547838985e-06
8.950000000000001066e+00,3.954807374858242963e-01,-6.657000231308377123e-04,8.521786464906661073e-04,3.952649602343752955e-01,-2.730349915560277845e-04,3.696749226040823769e-06,-6.149535366884008390e-06,1.388102978235677705e-06
8.962500000000000355e+00,3.954724826410697114e-01,-6.550887823554872114e-04,8.456291652390137466e-04,3.952615859709660007e-01,-2.668588508650173580e-04,3.620477176214580237e-06,-6.054253816366455217e-06,1.351892168071271358e-06
8.974999999999999645e+00,3.954643599265953435e-01,-6.445590625917065096e-04,8.391352221172203090e-04,3.952582884710635347e-01,-2.607528001435535734e-04,3.545386399843239377e-06,-5.960527671923817377e-06,1.316311273641687939e-06
8.987500000000000711e+00,3.954563683277177444e-01,-6.341101719488549063e-04,8.326964440554592440e-04,3.952550668596634398e-01,-2.547166615198761955e-04,3.471457601342878901e-06,-5.868333481759226131e-06,1.281351634395703744e-06
9.000000000000000000e+00,3.954485068383730151e-01,-6.237414231739072962e-04,8.263124621038633660e-04,3.952519202639335760e-01,-2.487502653034104816e-04,3.398671775779156768e-06,-5.777648192797886266e-06,1.247004757664876057e-06
9.012500000000001066e+00,3.954407744610591857e-01,-6.134521336000154984e-04,8.199829114212218301e-04,3.952488478131116478e-01,-2.428534500414395673e-04,3.327010203918383965e-06,-5.688449145077651224e-06,1.213262316732740022e-06
9.025000000000000355e+00,3.954331702067793164e-01,-6.032416250952295049e-04,8.137074312641576256e-04,3.952458486384015091e-01,-2.370260625775132298e-04,3.256454447348197144e-06,-5.600714066246596280e-06,1.180116148951892302e-06
9.037499999999999645e+00,3.954256930949849869e-01,-5.931092240113302943e-04,8.074856649767613026e-04,3.952429218728695237e-01,-2.312679581115929459e-04,3.186986343666203114e-06,-5.514421066165982946e-06,1.147558253908479790e-06
9.050000000000000711e+00,3.954183421535206189e-01,-5.830542611328026151e-04,8.013172599807064089e-04,3.952400666513393168e-01,-2.255790002619798668e-04,3.118588001735529189e-06,-5.429548631617756561e-06,1.115580791633887322e-06
9.062500000000000000e+00,3.954111164185683536e-01,-5.730760716259287665e-04,7.952018677658413259e-04,3.952372821102864697e-01,-2.199590611290435174e-04,3.051241797005885189e-06,-5.346075621115308205e-06,1.084176080863268430e-06
9.075000000000001066e+00,3.954040149345937616e-01,-5.631739949879833182e-04,7.891391438812517560e-04,3.952345673877318832e-01,-2.144080213607700298e-04,2.984930366898750488e-06,-5.263981259816268511e-06,1.053336597340581597e-06
9.087500000000000355e+00,3.953970367542917197e-01,-5.533473749965567420e-04,7.831287479268192334e-04,3.952319216231346410e-01,-2.089257702201771844e-04,2.919636606255667558e-06,-5.183245134536552404e-06,1.023054972169969366e-06
9.099999999999999645e+00,3.953901809385335087e-01,-5.435955596589610089e-04,7.771703435452535389e-04,3.952293439572838185e-01,-2.035122056546004039e-04,2.855343662848087285e-06,-5.103847188864252938e-06,9.933239902130834975e-07
9.112500000000000711e+00,3.953834465563141332e-01,-5.339179011617456666e-04,7.712635984146243903e-04,3.952268335321895143e-01,-1.981672343668974866e-04,2.792034932947766544e-06,-5.025767718372670162e-06,9.641365885322231606e-07
9.125000000000000000e+00,3.953768326847003634e-01,-5.243137558203042311e-04,7.654081842413868776e-04,3.952243894909728272e-01,-1.928907718885932224e-04,2.729694056956388212e-06,-4.948987365931359502e-06,9.354858548790109983e-07
9.137500000000001066e+00,3.953703384087794981e-01,-5.147824840285506170e-04,7.596037767538967424e-04,3.952220109777553336e-01,-1.876827426549858172e-04,2.668304915093095776e-06,-4.873487117114161165e-06,9.073650262283534791e-07
9.150000000000000355e+00,3.953639628216087942e-01,-5.053234502086942316e-04,7.538500556964405431e-04,3.952196971375469547e-01,-1.825430800822639441e-04,2.607851623138956609e-06,-4.799248295703549060e-06,8.797674873575917261e-07
9.162499999999999645e+00,3.953577050241651181e-01,-4.959360227610661335e-04,7.481467048237595667e-04,3.952174471161334357e-01,-1.774717266466427140e-04,2.548318528236896162e-06,-4.726252559290105745e-06,8.526867694705386341e-07
9.175000000000000711e+00,3.953515641252958179e-01,-4.866195740140237427e-04,7.424934118960927485e-04,3.952152600599625476e-01,-1.724686339655680332e-04,2.489690204746134065e-06,-4.654481894966526255e-06,8.261165488663382177e-07
9.187500000000000000e+00,3.953455392416699854e-01,-4.773734801739145306e-04,7.368898686747340446e-04,3.952131351160292905e-01,-1.675337628810141214e-04,2.431951450149854562e-06,-4.583918615115234319e-06,8.000506456529572423e-07
9.200000000000001066e+00,3.953396294977298830e-01,-4.681971212750787956e-04,7.313357709181014408e-04,3.952110714317598750e-01,-1.626670835448989106e-04,2.375087281014873321e-06,-4.514545353288710565e-06,7.744830225051398386e-07
9.212500000000000355e+00,3.953338340256439265e-01,-4.590898811299176001e-04,7.258308183783422065e-04,3.952090681548952045e-01,-1.578685755066686612e-04,2.319082929002343921e-06,-4.446345060182044825e-06,7.494077834668024412e-07
9.224999999999999645e+00,3.953281519652593889e-01,-4.500511472789809264e-04,7.203747147984548805e-04,3.952071244333724698e-01,-1.531382278030639658e-04,2.263923836928113592e-06,-4.379300999696676622e-06,7.248191727976586709e-07
9.237500000000000711e+00,3.953225824640562713e-01,-4.410803109411007197e-04,7.149671679099517310e-04,3.952052394152061887e-01,-1.484760390501190202e-04,2.209595654871799023e-06,-4.313396745094896929e-06,7.007115738640822061e-07
9.250000000000000000e+00,3.953171246771016167e-01,-4.321767669635503853e-04,7.096078894310615818e-04,3.952034122483677470e-01,-1.438820175374218887e-04,2.156084236333361656e-06,-4.248616175244339556e-06,6.770795080741043059e-07
9.262500000000001066e+00,3.953117777670045463e-01,-4.233399137722103031e-04,7.042965950654668256e-04,3.952016420806640506e-01,-1.393561813246650390e-04,2.103375634435995357e-06,-4.184943470951754892e-06,6.539176338564639295e-07
9.275000000000000355e+00,3.953065409038715172e-01,-4.145691533217646754e-04,6.990330045016014031e-04,3.951999280596146247e-01,-1.348985583405387558e-04,2.051456098174397686e-06,-4.122363111385710248e-06,6.312207456837621184e-07
9.287499999999999645e+00,3.953014132652630241e-01,-4.058638910458849309e-04,6.938168414124918585e-04,3.951982693323276008e-01,-1.305091864839847012e-04,2.000312068707094509e-06,-4.060859870587374851e-06,6.089837731396054485e-07
9.300000000000000711e+00,3.952963940361499673e-01,-3.972235358074241874e-04,6.886478334561649999e-04,3.951966650453747065e-01,-1.261881137278638018e-04,1.949930175691904412e-06,-4.000418814069102341e-06,5.872017800298234631e-07
9.312500000000000000e+00,3.952914824088714085e-01,-3.886474998486028781e-04,6.835257122766210790e-04,3.951951143446643111e-01,-1.219353982250696774e-04,1.900297233663375304e-06,-3.941025295500226324e-06,5.658699635377472795e-07
9.325000000000001066e+00,3.952866775830924384e-01,-3.801351987411665141e-04,6.784502135053705396e-04,3.951936163753138054e-01,-1.177511084171214224e-04,1.851400238451033806e-06,-3.882664953479522644e-06,5.449836534235542362e-07
9.337500000000000355e+00,3.952819787657629869e-01,-3.716860513365388393e-04,6.734210767635582942e-04,3.951921702815201498e-01,-1.136353231452900730e-04,1.803226363637545364e-06,-3.825323708394142703e-06,5.245383112678133667e-07
9.349999999999999645e+00,3.952773851710771336e-01,-3.632994797159267374e-04,6.684380456646604610e-04,3.951907752064291457e-01,-1.095881317642816367e-04,1.755762957055495243e-06,-3.768987759364361386e-06,5.045295297592131710e-07
9.362500000000000711e+00,3.952728960204329733e-01,-3.549749091403997157e-04,6.635008678177766513e-04,3.951894302920034296e-01,-1.056096342585329130e-04,1.708997537321894466e-06,-3.713643581274012531e-06,4.849530320266372789e-07
9.375000000000000000e+00,3.952685105423932033e-01,-3.467117680009246098e-04,6.586092948315184614e-04,3.951881346788886917e-01,-1.016999413611558995e-04,1.662917790409270591e-06,-3.659277921886198596e-06,4.658046710156703796e-07
9.387500000000001066e+00,3.952642279726463759e-01,-3.385094877683357257e-04,6.537630823184915636e-04,3.951868875062787279e-01,-9.785917467556849670e-05,1.617511566252214859e-06,-3.605877799043918767e-06,4.470804289096333618e-07
9.400000000000000355e+00,3.952600475539686520e-01,-3.303675029432635098e-04,6.489619899003974202e-04,3.951856879117786603e-01,-9.408746679986886897e-05,1.572766875388489769e-06,-3.553430497955569340e-06,4.287764165953671513e-07
9.412499999999999645e+00,3.952559685361862751e-01,-3.222852510059771879e-04,6.442057812137393308e-04,3.951845350312668259e-01,-9.038496145398150039e-05,1.528671885633441782e-06,-3.501923568564867459e-06,4.108888731738493667e-07
9.425000000000000711e+00,3.952519901761386012e-01,-3.142621723661646297e-04,6.394942239161572088e-04,3.951834279987547216e-01,-8.675181360963402089e-05,1.485214918786828064e-06,-3.451344823005224459e-06,3.934141655158988048e-07
9.437500000000000000e+00,3.952481117376417941e-01,-3.062977103126285653e-04,6.348270896933920623e-04,3.951823659462458393e-01,-8.318818962320524387e-05,1.442384447370934535e-06,-3.401682333138346894e-06,3.763487878631453657e-07
9.450000000000001066e+00,3.952443324914532985e-01,-2.983913109628806180e-04,6.302041542668787707e-04,3.951813480035922810e-01,-7.969426737148659057e-05,1.400169091398875182e-06,-3.352924428176907283e-06,3.596893614744699241e-07
9.462500000000000355e+00,3.952406517152365351e-01,-2.905424232126532064e-04,6.256251974019935019e-04,3.951803732983499851e-01,-7.627023639041739962e-05,1.358557615172173728e-06,-3.305059692391390867e-06,3.434326343182206148e-07
9.474999999999999645e+00,3.952370686935267052e-01,-2.827504986852876325e-04,6.210900029169418935e-04,3.951794409556320664e-01,-7.291629801682796258e-05,1.317538924106393101e-06,-3.258076962900894773e-06,3.275754808104018834e-07
9.487500000000000711e+00,3.952335827176968741e-01,-2.750149916810180851e-04,6.165983586923123915e-04,3.951785500979604349e-01,-6.963266553325232874e-05,1.277102061583916118e-06,-3.211965327548070151e-06,3.121149015991838517e-07
9.500000000000000000e+00,3.952301930859249413e-01,-2.673353591261318283e-04,6.121500566812968077e-04,3.951776998451155820e-01,-6.641956431585634819e-05,1.237236205832761214e-06,-3.166714122858186130e-06,2.970480233960172891e-07
9.512500000000001066e+00,3.952268991031610001e-01,-2.597110605219868167e-04,6.077448929205788537e-04,3.951768893139843142e-01,-6.327723198552818334e-05,1.197930666830326772e-06,-3.122312932082361308e-06,2.823720988536655266e-07
9.525000000000000355e+00,3.952237000810957523e-01,-2.521415578939049528e-04,6.033826675419146123e-04,3.951761176184059865e-01,-6.020591856219516914e-05,1.159174883231154128e-06,-3.078751583325255022e-06,2.680845064915597315e-07
9.537499999999999645e+00,3.952205953381288106e-01,-2.446263157399003289e-04,5.990631847843962739e-04,3.951753838690162945e-01,-5.720588662240691351e-05,1.120958419317480637e-06,-3.036020147757209922e-06,2.541827506687908911e-07
9.550000000000000711e+00,3.952175841993385008e-01,-2.371648009792602890e-04,5.947862530074202788e-04,3.951746871730894561e-01,-5.427741146025024597e-05,1.083270961971668634e-06,-2.994108937911225309e-06,2.406644616051882804e-07
9.562500000000000000e+00,3.952146659964518860e-01,-2.297564829009601458e-04,5.905516847043651776e-04,3.951740266343781172e-01,-5.142078125164701262e-05,1.046102317669388398e-06,-2.953008506064968358e-06,2.275273954508862787e-07
9.575000000000001066e+00,3.952118400678151788e-01,-2.224008331118917958e-04,5.863592965169808378e-04,3.951734013529513700e-01,-4.863629722208709106e-05,1.009442409492441684e-06,-2.912709642708065452e-06,2.147694344048054050e-07
9.587500000000000355e+00,3.952091057583654310e-01,-2.150973254849238210e-04,5.822089092505128467e-04,3.951728104250306073e-01,-4.592427381786448972e-05,9.732812741602864863e-07,-2.873203375095186532e-06,2.023885868825652717e-07
9.600000000000001421e+00,3.952064624196023890e-01,-2.078454361067509583e-04,5.781003478895540898e-04,3.951722529428229880e-01,-4.328503888086255587e-05,9.376090590790287736e-07,-2.834480965885131233e-06,1.903829877342653308e-07
9.612500000000000711e+00,3.952039094095610716e-01,-2.006446432255576547e-04,5.740334416146503907e-04,3.951717279943531280e-01,-4.071893382696052053e-05,9.024160194069661000e-07,-2.796533911866558871e-06,1.787508985127106685e-07
9.625000000000000000e+00,3.952014460927852357e-01,-1.934944271984538318e-04,5.700080238196534926e-04,3.951712346632920148e-01,-3.822631382811034553e-05,8.676925151354401717e-07,-2.759353942770667211e-06,1.674907077925722988e-07
9.637500000000001066e+00,3.951990718403011749e-01,-1.863942704386990681e-04,5.660239321298443649e-04,3.951707720287841452e-01,-3.580754799815507103e-05,8.334290081840357159e-07,-2.722933020171517119e-06,1.566009315410959245e-07
9.650000000000000355e+00,3.951967860295925727e-01,-1.793436573626955213e-04,5.620810084208320394e-04,3.951703391652719999e-01,-3.346301958244788109e-05,7.996160595089723113e-07,-2.687263336474523178e-06,1.460802135409378455e-07
9.662500000000001421e+00,3.951945880445755788e-01,-1.723420743367295592e-04,5.581790988382317716e-04,3.951699351423180184e-01,-3.119312615133271123e-05,7.662443262235396514e-07,-2.652337313993713364e-06,1.359273258657369281e-07
9.675000000000000711e+00,3.951924772755748272e-01,-1.653890096234775773e-04,5.543180538181487638e-04,3.951695590244245770e-01,-2.899827979756019469e-05,7.333045587295780108e-07,-2.618147604118573461e-06,1.261411694091125149e-07
9.687500000000000000e+00,3.951904531193002335e-01,-1.584839533282356963e-04,5.504977281084596444e-04,3.951692098708511347e-01,-2.687890733769555306e-05,7.007875978587403543e-07,-2.584687086571072111e-06,1.167207744677221214e-07
9.700000000000001066e+00,3.951885149788239571e-01,-1.516263973448883304e-04,5.467179807909168564e-04,3.951688867354286039e-01,-2.483545051759430841e-05,6.686843720225203895e-07,-2.551948868753792303e-06,1.076653013791244280e-07
9.712500000000000355e+00,3.951866622635588078e-01,-1.448158353015951332e-04,5.429786753040833280e-04,3.951685886663720004e-01,-2.286836622201141457e-05,6.369858943698534124e-07,-2.519926285189968483e-06,9.897404121516878839e-08
9.725000000000001421e+00,3.951848943892364852e-01,-1.380517625061764551e-04,5.392796794671012202e-04,3.951683147060892631e-01,-2.097812668841135327e-05,6.056832599510946749e-07,-2.488612897056303413e-06,9.064641653166719224e-08
9.737500000000000711e+00,3.951832107778873171e-01,-1.313336758912107816e-04,5.356208655043207716e-04,3.951680638909884635e-01,-1.916521972505786441e-05,5.747676428873173318e-07,-2.458002491809640940e-06,8.268198217517786137e-08
9.750000000000000000e+00,3.951816108578199982e-01,-1.246610739588044716e-04,5.320021100707857716e-04,3.951678352512815184e-01,-1.743014893344766765e-05,5.442302935436210878e-07,-2.428089082908388716e-06,7.508042614769229578e-08
9.762500000000001066e+00,3.951800940636023829e-01,-1.180334567250471725e-04,5.284232942786000562e-04,3.951676278107855156e-01,-1.577343393516932146e-05,5.140625357053670271e-07,-2.398866909629894937e-06,6.784157053011747075e-08
9.775000000000000355e+00,3.951786598360430558e-01,-1.114503256641319719e-04,5.248843037241818568e-04,3.951674405867207640e-01,-1.419561060325976437e-05,4.842557637560906254e-07,-2.370330436984874288e-06,6.096537246543374175e-08
9.787500000000001421e+00,3.951773076221732905e-01,-1.049111836521198372e-04,5.213850285164155435e-04,3.951672725895065130e-01,-1.269723129813330603e-05,4.548014398558284860e-07,-2.342474355730067285e-06,5.445192520244652178e-08
9.800000000000000711e+00,3.951760368752300079e-01,-9.841553491036057907e-05,5.179253633057234220e-04,3.951671228225532850e-01,-1.127886510816709226e-05,4.256910911187298085e-07,-2.315293582480503473e-06,4.830145920111782309e-08
9.812500000000000000e+00,3.951748470546391778e-01,-9.196288494853057727e-05,5.145052073140579099e-04,3.951669902820519331e-01,-9.941098095016017358e-06,3.969163067885722986e-07,-2.288783259922602210e-06,4.251434330044462411e-08
9.825000000000001066e+00,3.951737376260001655e-01,-8.555274050729915305e-05,5.111244643658390289e-04,3.951668739567603117e-01,-8.684533543743764225e-06,3.684687354110180066e-07,-2.262938757129614097e-06,3.709108594994006696e-08
9.837500000000000355e+00,3.951727080610706877e-01,-7.918460950060206770e-05,5.077830429198456697e-04,3.951667728277862834e-01,-7.509792217850216637e-06,3.403400820012789885e-07,-2.237755669980857384e-06,3.203233650577557518e-08
9.850000000000001421e+00,3.951717578377525464e-01,-7.285800095750139796e-05,5.044808561020702785e-04,3.951666858683674510e-01,-6.417512619277849784e-06,3.125221052058452665e-07,-2.213229821686257530e-06,2.733888659268356208e-08
9.862500000000000711e+00,3.951708864400779730e-01,-6.657242496364203384e-05,5.012178217395628788e-04,3.951666120436480023e-01,-5.408351253487073437e-06,2.850066144570492193e-07,-2.189357263417921222e-06,2.301167153278357712e-08
9.875000000000000000e+00,3.951700933581968056e-01,-6.032739260226557820e-05,4.979938623952645353e-04,3.951665503104518362e-01,-4.482982899682712804e-06,2.577854671189984429e-07,-2.166134275050337717e-06,1.905177184249414165e-08
9.887500000000001066e+00,3.951693780883644980e-01,-5.412241589479135136e-05,4.948089054038571494e-04,3.951664996170523581e-01,-3.642100886284526699e-06,2.308505656236070605e-07,-2.143557366011081136e-06,1.546041479877181944e-08
9.900000000000000355e+00,3.951687401329306293e-01,-4.795700774094291180e-05,4.916628829086391265e-04,3.951664589029392216e-01,-2.886417371730342751e-06,2.041938545952926460e-07,-2.121623276243839068e-06,1.223897607593496044e-08
9.912500000000001421e+00,3.951681790003283012e-01,-4.183068185839828679e-05,4.885557318994388420e-04,3.951664270985807415e-01,-2.216663630702952944e-06,1.778073179628850684e-07,-2.100328977285690670e-06,9.388981454375761063e-09
9.925000000000000711e+00,3.951676942050645347e-01,-3.574295272197289838e-05,4.854873942515920888e-04,3.951664031251833076e-01,-1.633590345877280215e-06,1.516829760574016375e-07,-2.079671673460734487e-06,6.912108602523402136e-09
9.937500000000000000e+00,3.951672852677107217e-01,-2.969333550229543174e-05,4.824578167659856207e-04,3.951663858944470253e-01,-1.137967905280014788e-06,1.258128826941073278e-07,-2.059648803192102251e-06,4.810188933439785808e-09
9.950000000000001066e+00,3.951669517148948541e-01,-2.368134600398511612e-05,4.794669512101954151e-04,3.951663743083173586e-01,-7.305867053614628312e-07,1.001891222374609128e-07,-2.040258040434631257e-06,3.085209537499673674e-09
9.962500000000000355e+00,3.951666930792936405e-01,-1.770650060330780285e-05,4.765147543607304963e-04,3.951663672587331644e-01,-4.122574598772533434e-07,7.480380664738612722e-08,-2.021497296230478487e-06,1.739315192637258199e-09
9.975000000000001421e+00,3.951665088996257902e-01,-1.176831618528849031e-05,4.736011880463956015e-04,3.951663636273707869e-01,-1.838115146803360053e-07,4.964907250528094771e-08,-2.003364720390031233e-06,7.748104536933405219e-10
9.987500000000000711e+00,3.951663987206461282e-01,-5.866310080287431516e-06,4.707262191928001738e-04,3.951663622853839875e-01,-4.610116852700930597e-08,2.471707801827311518e-08,-1.985858703300685820e-06,1.941618224526132592e-10
1.000000000000000000e+01,3.951663620931403775e-01,7.298196124799515690e-28,4.678898198680187773e-04,3.951663620931403775e-01,0.000000000000000000e+00,-3.380181227601612168e-31,-1.968977877866003330e-06,0.000000000000000000e+00
