eta,f,f',f'',F,F',t,t',tp
0.000000000000000000e+00,1.000000000000000000e+00,-3.875742020360557483e-01,2.371289898197211921e-01,8.135987121084626850e-01,-2.759766149590933138e-01,7.396503866996472221e-01,-1.301748066501763557e+00,3.265823146241805253e-01
3.125000000000000173e-03,9.987899876233344854e-01,-3.868339913642530603e-01,2.366061077875326324e-01,8.127370766421752046e-01,-2.754702477779016889e-01,7.355962529683794937e-01,-1.292909962132744450e+00,3.251005559320377380e-01
6.250000000000000347e-03,9.975822858544940441e-01,-3.860954121936935879e-01,2.360848277003163853e-01,8.118770220340553179e-01,-2.749648653606426851e-01,7.315696220734312361e-01,-1.284146126494380979e+00,3.236265537222112743e-01
9.375000000000001388e-03,9.963768896028463162e-01,-3.853584595306786542e-01,2.355651416450832425e-01,8.110185452101923431e-01,-2.744604654833772694e-01,7.275702630901886847e-01,-1.275455815308159657e+00,3.221602591350454237e-01
1.250000000000000069e-02,9.951737937933258227e-01,-3.846231284061460420e-01,2.350470417673826140e-01,8.101616431036149368e-01,-2.739570459289485393e-01,7.235979474065595829e-01,-1.266838292820535727e+00,3.207016236861649494e-01
1.562500000000000000e-02,9.939729933663570272e-01,-3.838894138754880281e-01,2.345305202707479164e-01,8.093063126542696661e-01,-2.734546044869500814e-01,7.196524486965024670e-01,-1.258292831694701741e+00,3.192505992630320089e-01
1.875000000000000278e-02,9.927744832777783968e-01,-3.831573110183709163e-01,2.340155694161483169e-01,8.084525508090001367e-01,-2.729531389536943853e-01,7.157335428938914612e-01,-1.249818712903848716e+00,3.178071381215403224e-01
2.187500000000000208e-02,9.915782584987667958e-01,-3.824268149385563476e-01,2.335021815214465279e-01,8.076003545215262314e-01,-2.724526471321818133e-01,7.118410081667123634e-01,-1.241415225625899676e+00,3.163711928826442032e-01
2.500000000000000139e-02,9.903843140157624347e-01,-3.816979207637245519e-01,2.329903489608625700e-01,8.067497207524229053e-01,-2.719531268320693473e-01,7.079746248915853579e-01,-1.233081667139694471e+00,3.149427165290242803e-01
2.812500000000000069e-02,9.891926448303941521e-01,-3.809706236452989891e-01,2.324800641644433064e-01,8.059006464690993132e-01,-2.714545758696402245e-01,7.041341756286100262e-01,-1.224817342722602787e+00,3.135216624017875264e-01
3.125000000000000000e-02,9.880032459594059180e-01,-3.802449187582725987e-01,2.319713196175379744e-01,8.050531286457789371e-01,-2.709569920677729615e-01,7.003194450965283258e-01,-1.216621565549544925e+00,3.121079841972026481e-01
3.437500000000000278e-02,9.868161124345832258e-01,-3.795208013010358816e-01,2.314641078602794888e-01,8.042071642634781581e-01,-2.704603732559111018e-01,6.965302201482003186e-01,-1.208493656593400578e+00,3.107016359634692804e-01
3.750000000000000555e-02,9.856312393026802621e-01,-3.787982664952064815e-01,2.309584214870712693e-01,8.033627503099860512e-01,-2.699647172700331832e-01,6.927662897463896519e-01,-1.200432944526782952e+00,3.093025720975216553e-01
4.062500000000000833e-02,9.844486216253475197e-01,-3.780773095854604304e-01,2.304542531460798960e-01,8.025198837798444007e-01,-2.694700219526225959e-01,6.890274449398535728e-01,-1.192438765625160046e+00,3.079107473418652430e-01
4.375000000000000416e-02,9.832682544790599666e-01,-3.773579258393648939e-01,2.299515955387331223e-01,8.016785616743268283e-01,-2.689762851526378840e-01,6.853134788397335919e-01,-1.184510463671302194e+00,3.065261167814470333e-01
4.687500000000000000e-02,9.820901329550462133e-01,-3.766401105472124700e-01,2.294504414192235497e-01,8.008387810014190311e-01,-2.684835047254833240e-01,6.816241865962426871e-01,-1.176647389861036341e+00,3.051486358405582355e-01
5.000000000000000278e-02,9.809142521592171260e-01,-3.759238590218570986e-01,2.289507835940175762e-01,8.000005387757983533e-01,-2.679916785329793938e-01,6.779593653756454952e-01,-1.168848902710288851e+00,3.037782602797693965e-01
5.312500000000000555e-02,9.797406072120959930e-01,-3.752091665985514690e-01,2.284526149213698121e-01,7.991638320188143574e-01,-2.675008044433335175e-01,6.743188143375258292e-01,-1.161114367963396621e+00,3.024149461928976046e-01
5.625000000000000139e-02,9.785691932487484701e-01,-3.744960286347860379e-01,2.279559283108426870e-01,7.983286577584680632e-01,-2.670108803311114776e-01,6.707023346123404117e-01,-1.153443158502668320e+00,3.010586500040052238e-01
5.937499999999999722e-02,9.774000054187137465e-01,-3.737844405101291012e-01,2.274607167228313298e-01,7.974950130293927408e-01,-2.665219040772082160e-01,6.671097292792517175e-01,-1.145834654259177965e+00,2.997093284644300470e-01
6.250000000000000000e-02,9.762330388859354890e-01,-3.730743976260691430e-01,2.269669731680935831e-01,7.966628948728341486e-01,-2.660338735688196343e-01,6.635408033442385944e-01,-1.138288242124772198e+00,2.983669386498459253e-01
6.562500000000000278e-02,9.750682888286935635e-01,-3.723658954058578496e-01,2.264746907072851534e-01,7.958323003366306603e-01,-2.655467866994137838e-01,6.599953637184801103e-01,-1.130803315865273495e+00,2.970314379573542052e-01
6.875000000000000555e-02,9.739057504395365328e-01,-3.716589292943549006e-01,2.259838624504997284e-01,7.950032264751936140e-01,-2.650606413687031648e-01,6.564732191970079622e-01,-1.123379276034862428e+00,2.957027841026054760e-01
7.187500000000000833e-02,9.727454189252141559e-01,-3.709534947578744246e-01,2.254944815568141470e-01,7.941756703494883274e-01,-2.645754354826161392e-01,6.529741804376254510e-01,-1.116015529891621005e+00,2.943809351169508481e-01
7.500000000000001110e-02,9.715872895066105519e-01,-3.702495872840323998e-01,2.250065412338384252e-01,7.933496290270142248e-01,-2.640911669532695627e-01,6.494980599400880239e-01,-1.108711491314219977e+00,2.930658493446225976e-01
7.812500000000001388e-02,9.704313574186779201e-01,-3.695472023815958296e-01,2.245200347372705574e-01,7.925250995817858524e-01,-2.636078336989410298e-01,6.460446720255429431e-01,-1.101466580719735244e+00,2.917574854399443418e-01
8.125000000000001665e-02,9.692776179103710366e-01,-3.688463355803330290e-01,2.240349553704563401e-01,7.917020790943134489e-01,-2.631254336440411734e-01,6.426138328162234181e-01,-1.094280224982574046e+00,2.904558023645696929e-01
8.437500000000000555e-02,9.681260662445811960e-01,-3.681469824308655214e-01,2.235512964839536931e-01,7.908805646515838506e-01,-2.626439647190867421e-01,6.392053602153949798e-01,-1.087151857354498041e+00,2.891607593847494995e-01
8.750000000000000833e-02,9.669766976980715967e-01,-3.674491385045211000e-01,2.230690514751017817e-01,7.900605533470417274e-01,-2.621634248606731221e-01,6.358190738875493242e-01,-1.080080917385723316e+00,2.878723160686270655e-01
9.062500000000001110e-02,9.658295075614131697e-01,-3.667527993931883890e-01,2.225882137875947742e-01,7.892420422805703772e-01,-2.616838120114476918e-01,6.324547952388444028e-01,-1.073066850847087306e+00,2.865904322835612361e-01
9.375000000000000000e-02,9.646844911389199639e-01,-3.660579607091725141e-01,2.221087769110600130e-01,7.884250285584726292e-01,-2.612051241200830098e-01,6.291123473977843217e-01,-1.066109109653259779e+00,2.853150681934771282e-01
9.687500000000000278e-02,9.635416437485859742e-01,-3.653646180850523284e-01,2.216307343806409036e-01,7.876095092934528585e-01,-2.607273591412501146e-01,6.257915551961388267e-01,-1.059207151786990986e+00,2.840461842562438943e-01
1.000000000000000056e-01,9.624009607220219698e-01,-3.646727671735388032e-01,2.211540797765841337e-01,7.867954816045972244e-01,-2.602505150355922670e-01,6.224922451500978227e-01,-1.052360441224374554e+00,2.827837412210789658e-01
1.031250000000000083e-01,9.612624374043925446e-01,-3.639824036473346958e-01,2.206788067238314166e-01,7.859829426173559064e-01,-2.597745897696985828e-01,6.192142454416575958e-01,-1.045568447861115358e+00,2.815277001259796630e-01
1.062500000000000111e-01,9.601260691543541670e-01,-3.632935231989953828e-01,2.202049088916152586e-01,7.851718894635241197e-01,-2.592995813160781648e-01,6.159573859002354101e-01,-1.038830647439786148e+00,2.802780222951802847e-01
1.093750000000000000e-01,9.589918513439932291e-01,-3.626061215407914151e-01,2.197323799930595289e-01,7.843623192812236855e-01,-2.588254876531338455e-01,6.127214979845110321e-01,-1.032146521478057410e+00,2.790346693366354547e-01
1.125000000000000028e-01,9.578597793587646514e-01,-3.619201944045715713e-01,2.192612137847838316e-01,7.835542292148850452e-01,-2.583523067651369853e-01,6.095064147644904118e-01,-1.025515557197890226e+00,2.777976031395290035e-01
1.156250000000000056e-01,9.567298485974308209e-01,-3.612357375416279104e-01,2.187914040665123738e-01,7.827476164152282756e-01,-2.578800366422013823e-01,6.063119709037887439e-01,-1.018937247455672379e+00,2.765667858718084404e-01
1.187499999999999944e-01,9.556020544720013055e-01,-3.605527467225614346e-01,2.183229446806866925e-01,7.819424780392454366e-01,-2.574086752802581812e-01,6.031380026421312435e-01,-1.012411090673291270e+00,2.753421799777440726e-01
1.218749999999999972e-01,9.544763924076723471e-01,-3.598712177371491960e-01,2.178558295120828492e-01,7.811388112501823633e-01,-2.569382206810307268e-01,5.999843477780671952e-01,-1.005936590770122541e+00,2.741237481755132710e-01
1.250000000000000000e-01,9.533528578427673539e-01,-3.591911463942127902e-01,2.173900524874322893e-01,7.803366132175203473e-01,-2.564686708520090841e-01,5.968508456518956118e-01,-9.995132570959287532e-01,2.729114534548088833e-01
1.281249999999999889e-01,9.522314462286778358e-01,-3.585125285214875723e-01,2.169256075750469748e-01,7.795358811169581514e-01,-2.560000238064254474e-01,5.937373371287988366e-01,-9.931406043646489046e-01,2.717052590744722385e-01
1.312500000000000056e-01,9.511121530298038973e-01,-3.578353599654936490e-01,2.164624887844483481e-01,7.787366121303945787e-01,-2.555322775632294374e-01,5.906436645821815379e-01,-9.868181525890693528e-01,2.705051285601496325e-01
1.343750000000000222e-01,9.499949737234965053e-01,-3.571596365914072035e-01,2.160006901660002088e-01,7.779388034459100432e-01,-2.550654301470632879e-01,5.875696718772135396e-01,-9.805454270163632691e-01,2.693110257019729614e-01
1.375000000000000111e-01,9.488799037999984254e-01,-3.564853542829339306e-01,2.155402058105454766e-01,7.771424522577492500e-01,-2.545994795882373651e-01,5.845152043545709386e-01,-9.743219580644848499e-01,2.681229145522633361e-01
1.406250000000000000e-01,9.477669387623874897e-01,-3.558125089421826370e-01,2.150810298490467565e-01,7.763475557663033211e-01,-2.541344239227062984e-01,5.814801088143766172e-01,-9.681472812594070776e-01,2.669407594232579006e-01
1.437500000000000167e-01,9.466560741265187540e-01,-3.551410964895408973e-01,2.146231564522307067e-01,7.755541111780921426e-01,-2.536702611920442774e-01,5.784642335003338243e-01,-9.620209371731909265e-01,2.657645248848598540e-01
1.468750000000000333e-01,9.455473054209675432e-01,-3.544711128635508190e-01,2.141665798302360146e-01,7.747621157057469343e-01,-2.532069894434215152e-01,5.754674280840538225e-01,-9.559424713628740244e-01,2.645941757624105661e-01
1.500000000000000222e-01,9.444406281869731634e-01,-3.538025540207868636e-01,2.137112942322652309e-01,7.739715665679930412e-01,-2.527446067295802123e-01,5.724895436495711643e-01,-9.499114343101671132e-01,2.634296771344843968e-01
1.531250000000000111e-01,9.433360379783825023e-01,-3.531354159357342204e-01,2.132572939462400730e-01,7.731824609896320588e-01,-2.522831111088109646e-01,5.695304326780483706e-01,-9.439273813619462050e-01,2.622709943307054981e-01
1.562500000000000000e-01,9.422335303615944069e-01,-3.524696946006680154e-01,2.128045732984603644e-01,7.723947962015248470e-01,-2.518225006449291148e-01,5.665899490326632426e-01,-9.379898726715303336e-01,2.611180929295864317e-01
1.593749999999999889e-01,9.411331009155041727e-01,-3.518053860255344611e-01,2.123531266532667217e-01,7.716085694405742101e-01,-2.513627734072515496e-01,5.636679479436803586e-01,-9.320984731407327972e-01,2.599709387563884366e-01
1.625000000000000056e-01,9.400347452314485874e-01,-3.511424862378318967e-01,2.119029484127063490e-01,7.708237779497079112e-01,-2.509039274705732736e-01,5.607642859937007618e-01,-9.262527523626753467e-01,2.588294978810030678e-01
1.656250000000000222e-01,9.389384589131514192e-01,-3.504809912824940477e-01,2.114540330162027193e-01,7.700404189778612407e-01,-2.504459609151444277e-01,5.578788211030907274e-01,-9.204522845653541063e-01,2.576937366158550402e-01
1.687500000000000111e-01,9.378442375766685712e-01,-3.498208972217733415e-01,2.110063749402284194e-01,7.692584897799603638e-01,-2.499888718266473631e-01,5.550114125155846123e-01,-9.146966485559467896e-01,2.565636215138255016e-01
1.718750000000000000e-01,9.367520768503347917e-01,-3.491622001351257776e-01,2.105599686979814644e-01,7.684779876169053336e-01,-2.495326582961737427e-01,5.521619207840607890e-01,-9.089854276658513310e-01,2.554391193661966764e-01
1.750000000000000167e-01,9.356619723747094941e-01,-3.485048961190965744e-01,2.101148088390650259e-01,7.676989097555527719e-01,-2.490773184202019486e-01,5.493302077564889974e-01,-9.033182096964440522e-01,2.543201972006163269e-01
1.781250000000000333e-01,9.345739198025243555e-01,-3.478489812872070930e-01,2.096708899491702693e-01,7.669212534686997707e-01,-2.486228503005745438e-01,5.465161365620447853e-01,-8.976945868655490379e-01,2.532068222790826439e-01
1.812500000000000222e-01,9.334879147986292480e-01,-3.471944517698423716e-01,2.092282066497627713e-01,7.661450160350665728e-01,-2.481692520444758465e-01,5.437195715973914822e-01,-8.921141557546072853e-01,2.520989620959491195e-01
1.843750000000000111e-01,9.324039530399409470e-01,-3.465413037141398811e-01,2.087867535977718236e-01,7.653701947392802518e-01,-2.477165217644097250e-01,5.409403785131250419e-01,-8.865765172565365226e-01,2.509965843759490722e-01
1.875000000000000000e-01,9.313220302153900620e-01,-3.458895332838791692e-01,2.083465254852832071e-01,7.645967868718581695e-01,-2.472646575781775324e-01,5.381784242003814223e-01,-8.810812765242712619e-01,2.498996570722397670e-01
1.906249999999999889e-01,9.302421420258697449e-01,-3.452391366593725031e-01,2.079075170392350180e-01,7.638247897291909894e-01,-2.468136576088560130e-01,5.354335767776038368e-01,-8.756280429199749804e-01,2.488081483644657699e-01
1.937500000000000056e-01,9.291642841841838418e-01,-3.445901100373563453e-01,2.074697230211165755e-01,7.630542006135266897e-01,-2.463635199847755697e-01,5.327057055774669925e-01,-8.702164299649124413e-01,2.477220266568414542e-01
1.968750000000000222e-01,9.280884524149958237e-01,-3.439424496308839951e-01,2.070331382266704934e-01,7.622850168329542431e-01,-2.459142428394984758e-01,5.299946811339575348e-01,-8.648460552899762677e-01,2.466412605762522692e-01
2.000000000000000111e-01,9.270146424547781594e-01,-3.432961516692188408e-01,2.065977574855977217e-01,7.615172357013867410e-01,-2.454658243117973648e-01,5.273003751696081487e-01,-8.595165405868551156e-01,2.455658189703749106e-01
2.031250000000000000e-01,9.259428500517615790e-01,-3.426512123977288327e-01,2.061635756612656967e-01,7.607508545385458509e-01,-2.450182625456338303e-01,5.246226605828825384e-01,-8.542275115598367830e-01,2.444956709058156152e-01
2.062500000000000167e-01,9.248730709658851135e-01,-3.420076280777816780e-01,2.057305876504193498e-01,7.599858706699448296e-01,-2.445715556901369436e-01,5.219614114357110646e-01,-8.489785978782368181e-01,2.434307856662669689e-01
2.093750000000000333e-01,9.238053009687461348e-01,-3.413653949866408688e-01,2.052987883828952254e-01,7.592222814268733133e-01,-2.441257018995822425e-01,5.193165029411732636e-01,-8.437694331294433026e-01,2.423711327506827551e-01
2.125000000000000222e-01,9.227395358435507289e-01,-3.407245094173629307e-01,2.048681728213383457e-01,7.584600841463806642e-01,-2.436806993333706095e-01,5.166878114513264730e-01,-8.385996547725699246e-01,2.413166818714704565e-01
2.156250000000000111e-01,9.216757713850647349e-01,-3.400849676786951714e-01,2.044387359609220189e-01,7.576992761712599833e-01,-2.432365461560073439e-01,5.140752144451785632e-01,-8.334689040927085735e-01,2.402674029527016031e-01
2.187500000000000000e-01,9.206140033995647842e-01,-3.394467660949746501e-01,2.040104728290705605e-01,7.569398548500324564e-01,-2.427932405370813174e-01,5.114785905168021118e-01,-8.283768261557723500e-01,2.392232661283396067e-01
2.218749999999999889e-01,9.195542277047897839e-01,-3.388099010060274252e-01,2.035833784851846517e-01,7.561818175369314776e-01,-2.423507806512444629e-01,5.088978193635891323e-01,-8.233230697639225548e-01,2.381842417404845813e-01
2.250000000000000056e-01,9.184964401298923997e-01,-3.381743687670695775e-01,2.031574480203697519e-01,7.554251615918865514e-01,-2.419091646781909855e-01,5.063327817746448023e-01,-8.183072874115697726e-01,2.371503003376356777e-01
2.281250000000000222e-01,9.174406365153915388e-01,-3.375401657486081231e-01,2.027326765571668965e-01,7.546698843805080825e-01,-2.414683908026371284e-01,5.037833596193163066e-01,-8.133291352419417253e-01,2.361214126729699325e-01
2.312500000000000111e-01,9.163868127131244989e-01,-3.369072883363434801e-01,2.023090592492866047e-01,7.539159832740711664e-01,-2.410284572143007453e-01,5.012494358358582369e-01,-8.083882730042103448e-01,2.350975497026379368e-01
2.343750000000000000e-01,9.153349645861994510e-01,-3.362757329310723242e-01,2.018865912813451180e-01,7.531634556495002686e-01,-2.405893621078812605e-01,4.987308944202296646e-01,-8.034843640111694052e-01,2.340786825840761864e-01
2.375000000000000167e-01,9.142850880089488097e-01,-3.356454959485913880e-01,2.014652678686035536e-01,7.524122988893537922e-01,-2.401511036830394075e-01,4.962276204150234959e-01,-7.986170750974566079e-01,2.330647826743355577e-01
2.406250000000000333e-01,9.132371788668823820e-01,-3.350165738196022591e-01,2.010450842567095275e-01,7.516625103818084241e-01,-2.397136801443774112e-01,4.937394998985255024e-01,-7.937860765783110173e-01,2.320558215284260484e-01
2.437500000000000222e-01,9.121912330566405158e-01,-3.343889629896167337e-01,2.006260357214414702e-01,7.509140875206435917e-01,-2.392770897014191989e-01,4.912664199739006921e-01,-7.889910422088585173e-01,2.310517708976775331e-01
2.468750000000000111e-01,9.111472464859486919e-01,-3.337626599188630028e-01,2.002081175684554404e-01,7.501670277052266966e-01,-2.388413305685905264e-01,4.888082687585070807e-01,-7.842316491439197401e-01,2.300526027281162289e-01
2.500000000000000000e-01,9.101052150735711166e-01,-3.331376610821927264e-01,1.997913251330344919e-01,7.494213283404970172e-01,-2.384064009651996052e-01,4.863649353733335290e-01,-7.795075778983312498e-01,2.290582891588569259e-01
2.531249999999999889e-01,9.090651347492653134e-01,-3.325139629689888299e-01,1.993756537798405670e-01,7.486769868369510528e-01,-2.379722991154173961e-01,4.839363099325609818e-01,-7.748185123077736547e-01,2.280688025205105662e-01
2.562499999999999778e-01,9.080270014537371592e-01,-3.318915620830741320e-01,1.989610989026688592e-01,7.479340006106273142e-01,-2.375390232482584296e-01,4.815222835332456652e-01,-7.701641394901000970e-01,2.270841153336073115e-01
2.593750000000000222e-01,9.069908111385952543e-01,-3.312704549426205847e-01,1.985476559242045913e-01,7.471923670830907804e-01,-2.371065715975614885e-01,4.791227482451216879e-01,-7.655441498071572370e-01,2.261042003070344031e-01
2.625000000000000111e-01,9.059565597663068459e-01,-3.306506380800594558e-01,1.981353202957823467e-01,7.464520836814186877e-01,-2.366749424019704562e-01,4.767375971005229363e-01,-7.609582368270932928e-01,2.251290303364895107e-01
2.656250000000000000e-01,9.049242433101533090e-01,-3.300321080419921227e-01,1.977240874971475659e-01,7.457131478381844314e-01,-2.362441339049152766e-01,4.743667240844215427e-01,-7.564060972871449184e-01,2.241585785029482913e-01
2.687500000000000444e-01,9.038938577541854036e-01,-3.294148613891016986e-01,1.973139530362206240e-01,7.449755569914435771e-01,-2.358141443545931082e-01,4.720100241245817063e-01,-7.518874310568974817e-01,2.231928180711471033e-01
2.718750000000000333e-01,9.028653990931804207e-01,-3.287988946960653247e-01,1.969049124488631564e-01,7.442393085847187617e-01,-2.353849720039495053e-01,4.696673930818285325e-01,-7.474019411020120796e-01,2.222317224880799580e-01
2.750000000000000222e-01,9.018388633325976622e-01,-3.281842045514671291e-01,1.964969612986467162e-01,7.435044000669843722e-01,-2.349566151106597112e-01,4.673387277404282836e-01,-7.429493334484118527e-01,2.212752653815098502e-01
2.781250000000000111e-01,9.008142464885355860e-01,-3.275707875577122397e-01,1.960900951766237355e-01,7.427708288926525571e-01,-2.345290719371099786e-01,4.650239257985806507e-01,-7.385293171469233808e-01,2.203234205584942151e-01
2.812500000000000000e-01,8.997915445876886187e-01,-3.269586403309409639e-01,1.956843097011007060e-01,7.420385925215580158e-01,-2.341023407503793341e-01,4.627228858590206606e-01,-7.341416042383641649e-01,2.193761620039246241e-01
2.843750000000000444e-01,8.987707536673045228e-01,-3.263477595009441901e-01,1.952796005174136373e-01,7.413076884189435667e-01,-2.336764198222209543e-01,4.604355074197288289e-01,-7.297859097190734223e-01,2.184334638790799976e-01
2.875000000000000333e-01,8.977518697751415422e-01,-3.257381417110791766e-01,1.948759632977057621e-01,7.405781140554453801e-01,-2.332513074290440414e-01,4.581616908647485609e-01,-7.254619515068766455e-01,2.174953005201940015e-01
2.906250000000000222e-01,8.967348889694264358e-01,-3.251297836181860079e-01,1.944733937407072677e-01,7.398498669070788791e-01,-2.328270018518956153e-01,4.559013374551089126e-01,-7.211694504074804835e-01,2.165616464370355987e-01
2.937500000000000666e-01,8.957198073188126219e-01,-3.245226818925052159e-01,1.940718875715174707e-01,7.391229444552236405e-01,-2.324035013764425284e-01,4.536543493198521571e-01,-7.169081300812916169e-01,2.156324763115031740e-01
2.968750000000000555e-01,8.947066209023376571e-01,-3.239168332175952902e-01,1.936714405413888784e-01,7.383973441866096277e-01,-2.319808042929534520e-01,4.514206294471640457e-01,-7.126777170106529669e-01,2.147077649962322310e-01
3.000000000000000444e-01,8.936953258093828234e-01,-3.233122342902515767e-01,1.932720484275134709e-01,7.376730635933025360e-01,-2.315589088962810016e-01,4.492000816756058224e-01,-7.084779404674921288e-01,2.137874875132157459e-01
3.031250000000000333e-01,8.926859181396309406e-01,-3.227088818204253418e-01,1.928737070328110925e-01,7.369501001726891376e-01,-2.311378134858440847e-01,4.469926106854469339e-01,-7.043085324813769255e-01,2.128716190524378993e-01
3.062500000000000222e-01,8.916783940030259537e-01,-3.221067725311438368e-01,1.924764121857198418e-01,7.362284514274638481e-01,-2.307175163656101646e-01,4.447981219900967731e-01,-7.001692278079715281e-01,2.119601349705204918e-01
3.093750000000000111e-01,8.906727495197320765e-01,-3.215059031584309168e-01,1.920801597399885985e-01,7.355081148656139600e-01,-2.302980158440778025e-01,4.426165219276342877e-01,-6.960597638978884838e-01,2.110530107893822671e-01
3.125000000000000000e-01,8.896689808200931582e-01,-3.209062704512281039e-01,1.916849455744715214e-01,7.347890880004055436e-01,-2.298793102342591710e-01,4.404477176524346227e-01,-6.919798808659313183e-01,2.101502221949105853e-01
3.156249999999999889e-01,8.886670840445923814e-01,-3.203078711713165938e-01,1.912907655929245165e-01,7.340713683503695686e-01,-2.294613978536626797e-01,4.382916171268907424e-01,-6.879293214607213880e-01,2.092517450356457531e-01
3.187499999999999778e-01,8.876670553438127387e-01,-3.197107020932396515e-01,1.908976157238037874e-01,7.333549534392878044e-01,-2.290442770242757664e-01,4.361481291132301430e-01,-6.839078310347052048e-01,2.083575553214777054e-01
3.218750000000000222e-01,8.866688908783965095e-01,-3.191147600042257282e-01,1.905054919200662444e-01,7.326398407961788317e-01,-2.286279460725477441e-01,4.340171631654239914e-01,-6.799151575145364612e-01,2.074676292223545659e-01
3.250000000000000111e-01,8.856725868190067352e-01,-3.185200417041125220e-01,1.901143901589718299e-01,7.319260279552840531e-01,-2.282124033293728149e-01,4.318986296211886344e-01,-6.759510513718272051e-01,2.065819430670038648e-01
3.281250000000000000e-01,8.846781393462866960e-01,-3.179265440052707059e-01,1.897243064418879799e-01,7.312135124560539268e-01,-2.277976471300729722e-01,4.297924395940777020e-01,-6.720152655942639441e-01,2.057004733416649689e-01
3.312500000000000444e-01,8.836855446508221634e-01,-3.173342637325295423e-01,1.893352367940955572e-01,7.305022918431341994e-01,-2.273836758143812364e-01,4.276985049656641391e-01,-6.681075556570832408e-01,2.048231966888340305e-01
3.343750000000000333e-01,8.826947989331013211e-01,-3.167431977231020546e-01,1.889471772645971992e-01,7.297923636663520286e-01,-2.269704877264248910e-01,4.256167383778108326e-01,-6.642276794949026897e-01,2.039500899060200656e-01
3.375000000000000222e-01,8.817058984034773506e-01,-3.161533428265113632e-01,1.885601239259269701e-01,7.290837254807023271e-01,-2.265580812147087453e-01,4.235470532250282805e-01,-6.603753974739016153e-01,2.030811299445129947e-01
3.406250000000000111e-01,8.807188392821293510e-01,-3.155646959045174116e-01,1.881740728739622892e-01,7.283763748463341070e-01,-2.261464546320986480e-01,4.214893636469193572e-01,-6.565504723643468266e-01,2.022162939081628419e-01
3.437500000000000000e-01,8.797336177990241479e-01,-3.149772538310441350e-01,1.877890202277373854e-01,7.276703093285369350e-01,-2.257356063358049725e-01,4.194435845207086788e-01,-6.527526693134603208e-01,2.013555590521705352e-01
3.468750000000000444e-01,8.787502301938789895e-01,-3.143910134921077959e-01,1.874049621292586953e-01,7.269655264977272768e-01,-2.253255346873661025e-01,4.174096314538568442e-01,-6.489817558186212754e-01,2.004989027818895875e-01
3.500000000000000333e-01,8.777686727161233549e-01,-3.138059717857450415e-01,1.870218947433219536e-01,7.262620239294351743e-01,-2.249162380526323335e-01,4.153874207767574989e-01,-6.452375017009023273e-01,1.996463026516392125e-01
3.531250000000000222e-01,8.767889416248617618e-01,-3.132221256219422378e-01,1.866398142573310881e-01,7.255597992042903677e-01,-2.245077148017495250e-01,4.133768695355167777e-01,-6.415196790789302606e-01,1.987977363635281269e-01
3.562500000000000666e-01,8.758110331888363520e-01,-3.126394719225649710e-01,1.862587168811188076e-01,7.248588499080095282e-01,-2.240999633091429744e-01,4.113778954848136271e-01,-6.378280623430717666e-01,1.979531817662893711e-01
3.593750000000000555e-01,8.748349436863899209e-01,-3.120580076212883802e-01,1.858785988467689665e-01,7.241591736313823802e-01,-2.236929819535015129e-01,4.093904170808411180e-01,-6.341624281299367283e-01,1.971126168541257606e-01
3.625000000000000444e-01,8.738606694054292801e-01,-3.114777296635277692e-01,1.854994564084404829e-01,7.234607679702587113e-01,-2.232867691177613245e-01,4.074143534743256412e-01,-6.305225552971961411e-01,1.962760197655661620e-01
3.656250000000000333e-01,8.728882066433885090e-01,-3.108986350063698278e-01,1.851212858421931173e-01,7.227636305255350502e-01,-2.228813231890903468e-01,4.054496245036255386e-01,-6.269082248987100092e-01,1.954433687823320387e-01
3.687500000000000222e-01,8.719175517071927617e-01,-3.103207206185047418e-01,1.847440834458148606e-01,7.220677589031412325e-01,-2.224766425588723395e-01,4.034961506879063409e-01,-6.233192201599612181e-01,1.946146423282145710e-01
3.718750000000000111e-01,8.709487009132218516e-01,-3.097439834801581915e-01,1.843678455386508208e-01,7.213731507140276333e-01,-2.220727256226912305e-01,4.015538532203923316e-01,-6.197553264537914997e-01,1.937898189679619632e-01
3.750000000000000000e-01,8.699816505872743910e-01,-3.091684205830245724e-01,1.839925684614339418e-01,7.206798035741518449e-01,-2.216695707803155724e-01,3.996226539616937745e-01,-6.162163312764353806e-01,1.929688774061772139e-01
3.781249999999999889e-01,8.690163970645322644e-01,-3.085940289302002149e-01,1.836182485761171101e-01,7.199877151044656864e-01,-2.212671764356829163e-01,3.977024754332081358e-01,-6.127020242238476744e-01,1.921517964862254901e-01
3.812499999999999778e-01,8.680529366895248788e-01,-3.080208055361175479e-01,1.832448822657071208e-01,7.192968829309021039e-01,-2.208655409968845185e-01,3.957932408105952482e-01,-6.092121969683212956e-01,1.913385551891519931e-01
3.843750000000000222e-01,8.670912658160940811e-01,-3.074487474264792075e-01,1.828724659341000036e-01,7.186073046843624024e-01,-2.204646628761499083e-01,3.938948739173248614e-01,-6.057466432353915131e-01,1.905291326326093437e-01
3.875000000000000111e-01,8.661313808073585196e-01,-3.068778516381933663e-01,1.825009960059178760e-01,7.179189780007030341e-01,-2.200645404898316504e-01,3.920072992182960236e-01,-6.023051587810220875e-01,1.897235080697950160e-01
3.906250000000000000e-01,8.651732780356793384e-01,-3.063081152193091183e-01,1.821304689263475163e-01,7.172319005207231646e-01,-2.196651722583901623e-01,3.901304418135271290e-01,-5.988875413690705196e-01,1.889216608883981241e-01
3.937500000000000444e-01,8.642169538826252051e-01,-3.057395352289523083e-01,1.817608811609804365e-01,7.165460698901513492e-01,-2.192665566063786431e-01,3.882642274319162978e-01,-5.954935907490279678e-01,1.881235706095560900e-01
3.968750000000000333e-01,8.632624047389377830e-01,-3.051721087372621377e-01,1.813922291956541477e-01,7.158614837596333214e-01,-2.188686919624279748e-01,3.864085824250705903e-01,-5.921231086340311700e-01,1.873292168868206653e-01
4.000000000000000222e-01,8.623096270044972034e-01,-3.046058328253282710e-01,1.810245095362954248e-01,7.151781397847188915e-01,-2.184715767592319280e-01,3.845634337612034992e-01,-5.887758986791408189e-01,1.865385795051333340e-01
4.031250000000000111e-01,8.613586170882885362e-01,-3.040407045851279966e-01,1.806577187087645975e-01,7.144960356258492906e-01,-2.180752094335322022e-01,3.827287090191004437e-01,-5.854517664598862803e-01,1.857516383798099024e-01
4.062500000000000000e-01,8.604093714083671518e-01,-3.034767211194644987e-01,1.802918532587015343e-01,7.138151689483446249e-01,-2.176795884261036318e-01,3.809043363821498773e-01,-5.821505194510685488e-01,1.849683735555345265e-01
4.093750000000000444e-01,8.594618863918255247e-01,-3.029138795419049623e-01,1.799269097513729876e-01,7.131355374223914412e-01,-2.172847121817396143e-01,3.790902446324414532e-01,-5.788719670058228850e-01,1.841887652053624813e-01
4.125000000000000333e-01,8.585161584747594832e-01,-3.023521769767197886e-01,1.795628847715214360e-01,7.124571387230299591e-01,-2.168905791492373447e-01,3.772863631449282495e-01,-5.756159203349341391e-01,1.834127936297323958e-01
4.156250000000000222e-01,8.575721841022347913e-01,-3.017916105588217546e-01,1.791997749232152326e-01,7.117799705301415258e-01,-2.164971877813834378e-01,3.754926218816537209e-01,-5.723821924864024302e-01,1.826404392554868139e-01
4.187500000000000666e-01,8.566299597282539535e-01,-3.012321774337059499e-01,1.788375768297002510e-01,7.111040305284366259e-01,-2.161045365349393010e-01,3.737089513860418766e-01,-5.691705983252575152e-01,1.818716826349020821e-01
4.218750000000000555e-01,8.556894818157236848e-01,-3.006738747573899917e-01,1.784762871332528089e-01,7.104293164074420019e-01,-2.157126238706268684e-01,3.719352827772505754e-01,-5.659809545136159636e-01,1.811065044447267014e-01
4.250000000000000444e-01,8.547507468364214933e-01,-3.001166996963549605e-01,1.781159024950340619e-01,7.097558258614883320e-01,-2.153214482531142504e-01,3.701715477445862157e-01,-5.628130794909795842e-01,1.803448854852284233e-01
4.281250000000000333e-01,8.538137512709634835e-01,-2.995606494274862808e-01,1.777564195949457027e-01,7.090835565896982384e-01,-2.149310081510014958e-01,3.684176785419798761e-01,-5.596667934547723267e-01,1.795868066792496720e-01
4.312500000000000222e-01,8.528784916087716050e-01,-2.990057211380158231e-01,1.773978351314869084e-01,7.084125062959739649e-01,-2.145413020368064916e-01,3.666736079825241856e-01,-5.565419183411106641e-01,1.788322490712718205e-01
4.343750000000000111e-01,8.519449643480420109e-01,-2.984519120254636726e-01,1.770401458216128987e-01,7.077426726889847197e-01,-2.141523283869507799e-01,3.649392694330693687e-01,-5.534382778058062335e-01,1.780811938264874883e-01
4.375000000000000000e-01,8.510131659957123063e-01,-2.978992192975806752e-01,1.766833484005943811e-01,7.070740534821550183e-01,-2.137640856817456247e-01,3.632145968088785759e-01,-5.503556972055971830e-01,1.773336222298812215e-01
4.406249999999999889e-01,8.500830930674299069e-01,-2.973476401722916496e-01,1.763274396218786344e-01,7.064066463936522489e-01,-2.133765724053780788e-01,3.614995245683417791e-01,-5.472940035796046709e-01,1.765895156853185821e-01
4.437499999999999778e-01,8.491547420875206198e-01,-2.967971718776386547e-01,1.759724162569517303e-01,7.057404491463747931e-01,-2.129897870458970777e-01,3.597939877077468429e-01,-5.442530256310120773e-01,1.758488557146430098e-01
4.468750000000000222e-01,8.482281095889567801e-01,-2.962478116517248128e-01,1.756182750952020866e-01,7.050754594679398135e-01,-2.126037280951997011e-01,3.580979217561076067e-01,-5.412325937089644823e-01,1.751116239567809540e-01
4.500000000000000111e-01,8.473031921133260536e-01,-2.956995567426586313e-01,1.752650129437851867e-01,7.044116750906711522e-01,-2.122183940490174059e-01,3.564112627700484759e-01,-5.382325397906840836e-01,1.743778021668550005e-01
4.531250000000000000e-01,8.463799862108001282e-01,-2.951524044084987142e-01,1.749126266274896035e-01,7.037490937515876732e-01,-2.118337834069024816e-01,3.547339473287439704e-01,-5.352526974638007751e-01,1.736473722153046573e-01
4.562500000000000444e-01,8.454584884401037392e-01,-2.946063519171986389e-01,1.745611129886042168e-01,7.030877131923912726e-01,-2.114498946722142836e-01,3.530659125289139499e-01,-5.322929019088928904e-01,1.729203160870151634e-01
4.593750000000000333e-01,8.445386953684840270e-01,-2.940613965465528890e-01,1.742104688867867623e-01,7.024275311594546656e-01,-2.110667263521059933e-01,3.514070959798724081e-01,-5.293529898822378899e-01,1.721966158804538460e-01
4.625000000000000222e-01,8.436206035716795615e-01,-2.935175355841423972e-01,1.738606911989333537e-01,7.017685454038099513e-01,-2.106842769575109631e-01,3.497574357986302229e-01,-5.264327996987673286e-01,1.714762538068142494e-01
4.656250000000000111e-01,8.427042096338902555e-01,-2.929747663272811442e-01,1.735117768190494458e-01,7.011107536811368446e-01,-2.103025450031294208e-01,3.481168706050505879e-01,-5.235321712152264384e-01,1.707592121891677583e-01
4.687500000000000000e-01,8.417895101477465003e-01,-2.924330860829626455e-01,1.731637226581217992e-01,7.004541537517503524e-01,-2.099215290074152307e-01,3.464853395170569561e-01,-5.206509458135334389e-01,1.700454734616226593e-01
4.718750000000000444e-01,8.408765017142793008e-01,-2.918924921678073825e-01,1.728165256439917197e-01,6.997987433805896718e-01,-2.095412274925626261e-01,3.448627821458927212e-01,-5.177889663843369128e-01,1.693350201684907519e-01
4.750000000000000333e-01,8.399651809428904103e-01,-2.913529819080099559e-01,1.724701827212293259e-01,6.991445203372065320e-01,-2.091616389844930535e-01,3.432491385914318016e-01,-5.149460773107692457e-01,1.686278349634612039e-01
4.781250000000000222e-01,8.390555444513222438e-01,-2.908145526392873492e-01,1.721246908510091767e-01,6.984914823957530938e-01,-2.087827620128420436e-01,3.416443494375396850e-01,-5.121221244523919136e-01,1.679239006087816510e-01
4.812500000000000666e-01,8.381475888656283457e-01,-2.902772017068270261e-01,1.717800470109867306e-01,6.978396273349705137e-01,-2.084045951109463057e-01,3.400483557474844321e-01,-5.093169551293323938e-01,1.672231999744465125e-01
4.843750000000000555e-01,8.372413108201436360e-01,-2.897409264652358041e-01,1.714362481951761941e-01,6.971889529381777306e-01,-2.080271368158306267e-01,3.384610990593971969e-01,-5.065304181066079270e-01,1.665257160373925516e-01
4.875000000000000444e-01,8.363367069574555446e-01,-2.892057242784886739e-01,1.710932914138293126e-01,6.965394569932596980e-01,-2.076503856681950477e-01,3.368825213817808195e-01,-5.037623635786359078e-01,1.658314318807012078e-01
4.906250000000000333e-01,8.354337739283742570e-01,-2.886715925198783950e-01,1.707511736933153279e-01,6.958911372926559480e-01,-2.072743402124021528e-01,3.353125651890672132e-01,-5.010126431539265734e-01,1.651403306928082293e-01
4.937500000000000222e-01,8.345325083919038489e-01,-2.881385285719653133e-01,1.704098920760019342e-01,6.952439916333491565e-01,-2.068989989964640508e-01,3.337511734172218247e-01,-4.982811098399569927e-01,1.644523957667198832e-01
4.968750000000000111e-01,8.336329070152138643e-01,-2.876065298265275127e-01,1.700694436201375392e-01,6.945980178168538188e-01,-2.065243605720299136e-01,3.321982894593953906e-01,-4.955676180282234666e-01,1.637676104992363268e-01
5.000000000000000000e-01,8.327349664736098944e-01,-2.870755936845115208e-01,1.697298253997342188e-01,6.939532136492045922e-01,-2.061504234943732916e-01,3.306538571616219890e-01,-4.928720234794702892e-01,1.630859583901815291e-01
5.031250000000000444e-01,8.318386834505053784e-01,-2.865457175559828484e-01,1.693910345044520593e-01,6.933095769409456377e-01,-2.057771863223794850e-01,3.291178208185627230e-01,-4.901941833090923129e-01,1.624074230416399089e-01
5.062500000000000888e-01,8.309440546373930703e-01,-2.860168988600777507e-01,1.690530680394843055e-01,6.926671055071188521e-01,-2.054046476185330539e-01,3.275901251692955873e-01,-4.875339559727093208e-01,1.617319881571998297e-01
5.093750000000001332e-01,8.300510767338169504e-01,-2.854891350249545434e-01,1.687159231254437008e-01,6.920257971672526542e-01,-2.050328059489054666e-01,3.260707153931489688e-01,-4.848912012519099868e-01,1.610596375412033654e-01
5.125000000000000666e-01,8.291597464473439150e-01,-2.849624234877455864e-01,1.683795968982498004e-01,6.913856497453509942e-01,-2.046616598831426659e-01,3.245595371055805534e-01,-4.822657802401633109e-01,1.603903550980027293e-01
5.156250000000000000e-01,8.282700604935356870e-01,-2.844367616945099320e-01,1.680440865090171709e-01,6.907466610698821396e-01,-2.042912079944527171e-01,3.230565363540990886e-01,-4.796575553288952021e-01,1.597241248312231687e-01
5.187500000000000444e-01,8.273820155959213940e-01,-2.839121471001855856e-01,1.677093891239447299e-01,6.901088289737672410e-01,-2.039214488595935959e-01,3.215616596142299999e-01,-4.770663901937279294e-01,1.590609308430321056e-01
5.218750000000000888e-01,8.264956084859695906e-01,-2.833885771685428212e-01,1.673755019242060826e-01,6.894721512943701169e-01,-2.035523810588610039e-01,3.200748537855236941e-01,-4.744921497808818889e-01,1.584007573334148544e-01
5.250000000000000222e-01,8.256108359030608357e-01,-2.828660493721376623e-01,1.670424221058407210e-01,6.888366258734850422e-01,-2.031840031760762944e-01,3.185960661876058864e-01,-4.719347002937347990e-01,1.577435885994562526e-01
5.281249999999999556e-01,8.247276945944602700e-01,-2.823445611922651421e-01,1.667101468796462760e-01,6.882022505573267557e-01,-2.028163137985742603e-01,3.171252445562695033e-01,-4.693939091795388818e-01,1.570894090346287297e-01
5.312500000000000000e-01,8.238461813152901936e-01,-2.818241101189138398e-01,1.663786734710716309e-01,6.875690231965189136e-01,-2.024493115171911994e-01,3.156623370396085537e-01,-4.668696451162926975e-01,1.564382031280863727e-01
5.343750000000000444e-01,8.229662928285036427e-01,-2.813046936507199169e-01,1.660479991201112004e-01,6.869369416460835431e-01,-2.020829949262530900e-01,3.142072921941921337e-01,-4.643617779997668005e-01,1.557899554639652073e-01
5.374999999999999778e-01,8.220880259048565231e-01,-2.807863092949220429e-01,1.657181210811998762e-01,6.863060037654298284e-01,-2.017173626235634898e-01,3.127600589812790099e-01,-4.618701789306794425e-01,1.551446507206893366e-01
5.406249999999999112e-01,8.212113773228814084e-01,-2.802689545673163196e-01,1.653890366231090536e-01,6.856762074183432309e-01,-2.013524132103918229e-01,3.113205867630720047e-01,-4.593947202020219889e-01,1.545022736702830746e-01
5.437499999999999556e-01,8.203363438688606735e-01,-2.797526269922117614e-01,1.650607430288435484e-01,6.850475504729751641e-01,-2.009881452914615563e-01,3.098888252990116832e-01,-4.569352752865319944e-01,1.538628091776890472e-01
5.468750000000000000e-01,8.194629223367999593e-01,-2.792373241023856645e-01,1.647332375955394002e-01,6.844200308018316692e-01,-2.006245574749386251e-01,3.084647247421091198e-01,-4.544917188243114414e-01,1.532262422000920110e-01
5.500000000000000444e-01,8.185911095284018613e-01,-2.787230434390400857e-01,1.644065176343627033e-01,6.837936462817632011e-01,-2.002616483724195540e-01,3.070482356353171349e-01,-4.520639266105883625e-01,1.525925577862486116e-01
5.531250000000000888e-01,8.177209022530395055e-01,-2.782097825517577117e-01,1.640805804704090765e-01,6.831683947939531931e-01,-1.998994165989200489e-01,3.056393089079391667e-01,-4.496517755836210162e-01,1.519617410758226650e-01
5.562500000000000222e-01,8.168522973277307919e-01,-2.776975389984587816e-01,1.637554234426042143e-01,6.825442742239081761e-01,-1.995378607728633402e-01,3.042378958720763360e-01,-4.472551438127413403e-01,1.513337772987262686e-01
5.625000000000000000e-01,8.151198818334126628e-01,-2.766760941669229035e-01,1.631074392197063017e-01,6.812994174006891113e-01,-1.988167714537409647e-01,3.014574180163696604e-01,-4.425079559015042130e-01,1.500863499115325794e-01
5.687500000000000888e-01,8.133938377334941627e-01,-2.756586895729120634e-01,1.624625439499468305e-01,6.800590589822086418e-01,-1.980983694301539921e-01,2.987064200881124343e-01,-4.378214096069817374e-01,1.488501592442043886e-01
5.750000000000000666e-01,8.116741398366860150e-01,-2.746453059755826209e-01,1.618207168326651624e-01,6.788231822070575072e-01,-1.973826437709965687e-01,2.959845260108783793e-01,-4.331945690145121430e-01,1.476250903190467756e-01
5.812500000000000444e-01,8.099607630715496276e-01,-2.736359242634305855e-01,1.611819372792247240e-01,6.775917703819783755e-01,-1.966695835985951546e-01,2.932913655044106505e-01,-4.286265152053506666e-01,1.464110295409750406e-01
5.875000000000000222e-01,8.082536824856922930e-01,-2.726305254529763356e-01,1.605461849100317251e-01,6.763648068815335535e-01,-1.959591780883524481e-01,2.906265739794979819e-01,-4.241163459059079099e-01,1.452078646777322513e-01
5.937500000000000000e-01,8.065528732449713800e-01,-2.716290906874670452e-01,1.599134395516051688e-01,6.751422751477738071e-01,-1.952514164683949172e-01,2.879897924350175442e-01,-4.196631751449900749e-01,1.440154848404389121e-01
6.000000000000000888e-01,8.048583106327062975e-01,-2.706316012355975964e-01,1.592836812336974606e-01,6.739241586899106240e-01,-1.945462880192234123e-01,2.853806673570957186e-01,-4.152661329188447881e-01,1.428337804644684295e-01
6.062500000000000666e-01,8.031699700488984517e-01,-2.696380384902490879e-01,1.586568901864646164e-01,6.727104410839894744e-01,-1.938437820733675265e-01,2.827988506203386598e-01,-4.109243648638183921e-01,1.416626432906424315e-01
6.125000000000000444e-01,8.014878270094588641e-01,-2.686483839672452745e-01,1.580330468376846820e-01,6.715011059725656262e-01,-1.931438880150427029e-01,2.802439993910847971e-01,-4.066370319364369657e-01,1.405019663467390878e-01
6.187500000000000222e-01,7.998118571454436720e-01,-2.676626193041257151e-01,1.574121318100241418e-01,6.702961370643827355e-01,-1.924465952798112833e-01,2.777157760326350311e-01,-4.024033101007291613e-01,1.393516439293094600e-01
6.250000000000000000e-01,7.981420362022969561e-01,-2.666807262589364624e-01,1.567941259183507352e-01,6.690955181340522140e-01,-1.917518933542461113e-01,2.752138480124142750e-01,-3.982223900226113389e-01,1.382115715857952787e-01
6.312500000000000888e-01,7.964783400391020063e-01,-2.657026867090366840e-01,1.561790101670918474e-01,6.678992330217362605e-01,-1.910597717755977976e-01,2.727378878110216509e-01,-3.940934767711631315e-01,1.370816460969426498e-01
6.375000000000000666e-01,7.948207446278383603e-01,-2.647284826499225474e-01,1.555667657476381138e-01,6.667072656328313363e-01,-1.903702201314648457e-01,2.702875728331270988e-01,-3.900157895266239683e-01,1.359617654595063063e-01
6.437500000000000444e-01,7.931692260526479465e-01,-2.637580961940661495e-01,1.549573740357905183e-01,6.655195999376553040e-01,-1.896832280594669962e-01,2.678625853201713203e-01,-3.859885612949453537e-01,1.348518288692383549e-01
6.500000000000000222e-01,7.915237605091067774e-01,-2.627915095697713199e-01,1.543508165892509276e-01,6.643362199711351224e-01,-1.889987852469215690e-01,2.654626122648310882e-01,-3.820110386287410842e-01,1.337517367041569372e-01
6.562500000000000000e-01,7.898843243035053030e-01,-2.618287051200441362e-01,1.537470751451546491e-01,6.631571098324977598e-01,-1.883168814305228034e-01,2.630873453272078999e-01,-3.780824813544775287e-01,1.326613905080888667e-01
6.625000000000000888e-01,7.882508938521344266e-01,-2.608696653014791478e-01,1.531461316176444543e-01,6.619822536849622185e-01,-1.876375063960242506e-01,2.607364807527032813e-01,-3.742021623057529278e-01,1.315806929744813558e-01
6.687500000000000666e-01,7.866234456805792918e-01,-2.599143726831606993e-01,1.525479680954854311e-01,6.608116357554341125e-01,-1.869606499779240261e-01,2.584097192915421615e-01,-3.703693670625186063e-01,1.305095479304780037e-01
6.750000000000000444e-01,7.850019564230196201e-01,-2.589628099455786869e-01,1.519525668397191664e-01,6.596452403342020210e-01,-1.862863020591530305e-01,2.561067661199077361e-01,-3.665833936960969930e-01,1.294478603212536050e-01
6.812500000000000222e-01,7.833864028215365982e-01,-2.580149598795591914e-01,1.513599102813575625e-01,6.584830517746356193e-01,-1.856144525707659476e-01,2.538273307626528474e-01,-3.628435525198568934e-01,1.283955361946033935e-01
6.875000000000000000e-01,7.817767617254268719e-01,-2.570708053852092112e-01,1.507699810191146517e-01,6.573250544928856964e-01,-1.849450914916351274e-01,2.515711270175515768e-01,-3.591491658454097347e-01,1.273524826857819481e-01
6.937500000000000888e-01,7.801730100905224230e-01,-2.561303294708754397e-01,1.501827618171758527e-01,6.561712329675866151e-01,-1.842782088481472735e-01,2.493378728810581868e-01,-3.554995677441931123e-01,1.263186080025868185e-01
7.000000000000000666e-01,7.785751249785176631e-01,-2.551935152521173089e-01,1.495982356030045868e-01,6.550215717395603265e-01,-1.836137947139029059e-01,2.471272904755396349e-01,-3.518941038143127975e-01,1.252938214106827375e-01
7.062500000000000444e-01,7.769830835563023008e-01,-2.542603459506926344e-01,1.490163854651843367e-01,6.538760554115216062e-01,-1.829518392094184320e-01,2.449391059779488511e-01,-3.483321309525161391e-01,1.242780332191615600e-01
7.125000000000000222e-01,7.753968630953007590e-01,-2.533308048935579149e-01,1.484371946512968166e-01,6.527346686477863980e-01,-1.822923325018310503e-01,2.427730495499080265e-01,-3.448130171311746817e-01,1.232711547663339763e-01
7.187500000000000000e-01,7.738164409708179203e-01,-2.524048755118806775e-01,1.478606465658345026e-01,6.515973961739811582e-01,-1.816352648046061224e-01,2.406288552691699389e-01,-3.413361411801559830e-01,1.222730984057485565e-01
7.250000000000000888e-01,7.722417946613906459e-01,-2.514825413400653686e-01,1.472867247681474701e-01,6.504642227767538643e-01,-1.809806263772474888e-01,2.385062610624278379e-01,-3.379008925734676705e-01,1.212837774924337836e-01
7.312500000000000666e-01,7.706729017481456223e-01,-2.505637860147920115e-01,1.467154129704235921e-01,6.493351333034879103e-01,-1.803284075250100038e-01,2.364050086394443029e-01,-3.345066712205604920e-01,1.203031063693595082e-01
7.375000000000000444e-01,7.691097399141633151e-01,-2.496485932740667713e-01,1.461466950357017125e-01,6.482101126620163356e-01,-1.796785985986149026e-01,2.343248434284696813e-01,-3.311528872621787301e-01,1.193310003541129816e-01
7.437500000000000222e-01,7.675522869438472506e-01,-2.487369469562857038e-01,1.455805549759169315e-01,6.470891458203388291e-01,-1.790311899939674711e-01,2.322655145129232657e-01,-3.278389608706510638e-01,1.183673757257865666e-01
7.500000000000000000e-01,7.660005207222999601e-01,-2.478288309993098848e-01,1.450169769499774775e-01,6.459722178063402875e-01,-1.783861721518775201e-01,2.302267745693083734e-01,-3.245643220545160745e-01,1.174121497120723667e-01
7.562500000000000888e-01,7.644544192347034750e-01,-2.469242294395529169e-01,1.444559452618727480e-01,6.448593137075109283e-01,-1.777435355577820231e-01,2.282083798063357094e-01,-3.213284104673799213e-01,1.164652404765605664e-01
7.625000000000000666e-01,7.629139605657070389e-01,-2.460231264110799010e-01,1.438974443588116048e-01,6.437504186706681786e-01,-1.771032707414702534e-01,2.262100899052281733e-01,-3.181306752209061006e-01,1.155265671062377236e-01
7.687500000000000444e-01,7.613791228988189275e-01,-2.451255061447181471e-01,1.433414588293907277e-01,6.426455179016804520e-01,-1.764653682768115850e-01,2.242316679611818520e-01,-3.149705747018404778e-01,1.145960495991810713e-01
7.750000000000000222e-01,7.598498845158045967e-01,-2.442313529671790162e-01,1.427879734017920288e-01,6.415445966651923682e-01,-1.758298187814852365e-01,2.222728804259582747e-01,-3.118475763929758338e-01,1.136736088524456789e-01
7.812500000000000000e-01,7.583262237960903818e-01,-2.433406513001912796e-01,1.422369729420091822e-01,6.404476402843519711e-01,-1.751966129167127906e-01,2.203334970515835878e-01,-3.087611566979644451e-01,1.127591666501409351e-01
7.875000000000000888e-01,7.568081192161718596e-01,-2.424533856596449988e-01,1.416884424521019092e-01,6.393546341405391686e-01,-1.745657413869927399e-01,2.184132908351308355e-01,-3.057108007698874363e-01,1.118526456516926448e-01
7.937500000000000666e-01,7.552955493490285388e-01,-2.415695406547467561e-01,1.411423670684785470e-01,6.382655636730962811e-01,-1.739371949398374473e-01,2.165120379645621429e-01,-3.026960023434940861e-01,1.109539693802878702e-01
8.000000000000000444e-01,7.537884928635427695e-01,-2.406891009871850728e-01,1.405987320602052892e-01,6.371804143790598118e-01,-1.733109643655124377e-01,2.146295177656082076e-01,-2.997162635710242662e-01,1.100630622114988771e-01
8.062500000000000222e-01,7.522869285239244252e-01,-2.398120514503066514e-01,1.400575228273424067e-01,6.360991718128943262e-01,-1.726870404967776607e-01,2.127655126496628690e-01,-2.967710948615312483e-01,1.091798493620831922e-01
8.125000000000000000e-01,7.507908351891408039e-01,-2.389383769283026648e-01,1.395187248993066120e-01,6.350218215862275528e-01,-1.720654142086314176e-01,2.109198080626712990e-01,-2.938600147236238302e-01,1.083042568789565757e-01
8.187500000000000888e-01,7.493001918123510796e-01,-2.380680623954054553e-01,1.389823239332590998e-01,6.339483493675868164e-01,-1.714460764180559538e-01,2.090921924349903593e-01,-2.909825496115466259e-01,1.074362116283358176e-01
8.250000000000000666e-01,7.478149774403463068e-01,-2.372010929150950020e-01,1.384483057125190097e-01,6.328787408821381355e-01,-1.708290180837657157e-01,2.072824571322010867e-01,-2.881382337745237443e-01,1.065756412850484836e-01
8.312500000000000444e-01,7.463351712129938642e-01,-2.363374536393154368e-01,1.379166561450013151e-01,6.318129819114256529e-01,-1.702142302059572732e-01,2.054903964068522382e-01,-2.853266091092875323e-01,1.057224743220063906e-01
8.375000000000000222e-01,7.448607523626871174e-01,-2.354771298077009689e-01,1.373873612616794693e-01,6.307510582931132870e-01,-1.696017038260617393e-01,2.037158073511163847e-01,-2.825472250157212151e-01,1.048766399998401350e-01
8.437500000000000000e-01,7.433917002137994112e-01,-2.346201067468117185e-01,1.368604072150716167e-01,6.296929559207277149e-01,-1.689914300264990787e-01,2.019584898503382075e-01,-2.797996382555419381e-01,1.040380683566919373e-01
8.500000000000000888e-01,7.419279941821438351e-01,-2.337663698693785153e-01,1.363357802777505068e-01,6.286386607434032436e-01,-1.683833999304344686e-01,2.002182465374569287e-01,-2.770834128139554320e-01,1.032066901981635865e-01
8.562500000000000666e-01,7.404696137744362083e-01,-2.329159046735573835e-01,1.358134668408762791e-01,6.275881587656274574e-01,-1.677776047015368255e-01,1.984948827482844735e-01,-2.743981197642133552e-01,1.023824370874174272e-01
8.625000000000000444e-01,7.390165385877640603e-01,-2.320686967421927149e-01,1.352934534127519239e-01,6.265414360469894195e-01,-1.671740355437392467e-01,1.967882064776206585e-01,-2.717433371350064797e-01,1.015652413354268813e-01
8.687500000000000222e-01,7.375687483090591634e-01,-2.312247317420896564e-01,1.347757266174009483e-01,6.254984787019278736e-01,-1.665726837010014227e-01,1.950980283361891110e-01,-2.691186497806301037e-01,1.007550359913747806e-01
8.750000000000000000e-01,7.361262227145756176e-01,-2.303839954232951848e-01,1.342602731931668569e-01,6.244592728994827757e-01,-1.659735404570741313e-01,1.934241615083759080e-01,-2.665236492538569091e-01,9.995175483319626575e-02
8.812500000000000888e-01,7.346889416693711539e-01,-2.295464736183880639e-01,1.337470799913340891e-01,6.234238048630467155e-01,-1.653765971352655351e-01,1.917664217107543367e-01,-2.639579336814561472e-01,9.915533235826400060e-02
8.875000000000000666e-01,7.332568851267938781e-01,-2.287121522417771002e-01,1.332361339747699380e-01,6.223920608701187795e-01,-1.647818450982095895e-01,1.901246271513798158e-01,-2.614211076422995328e-01,9.836570377421334499e-02
8.937500000000000444e-01,7.318300331279729010e-01,-2.278810172890079477e-01,1.327274222165870932e-01,6.213640272520589702e-01,-1.641892757476361708e-01,1.884985984898383815e-01,-2.589127820479932840e-01,9.758280498990475060e-02
9.000000000000000222e-01,7.304083658013135194e-01,-2.270530548360782386e-01,1.322209318988266658e-01,6.203396903938452889e-01,-1.635988805241431199e-01,1.868881587980338876e-01,-2.564325740259814079e-01,9.680657260652136831e-02
9.062500000000000000e-01,7.289918633619962840e-01,-2.262282510387608192e-01,1.317166503111608100e-01,6.193190367338307079e-01,-1.630106509069702836e-01,1.852931335216979059e-01,-2.539801068050621113e-01,9.603694390879927156e-02
9.125000000000000888e-01,7.275805061114806183e-01,-2.254065921319350907e-01,1.312145648496153005e-01,6.183020527635031405e-01,-1.624245784137753057e-01,1.837133504426077812e-01,-2.515550096032644345e-01,9.527385685638810331e-02
9.187500000000000666e-01,7.261742744370125457e-01,-2.245880644289262040e-01,1.307146630153111500e-01,6.172887250272455217e-01,-1.618406546004110824e-01,1.821486396414985776e-01,-2.491569175180305407e-01,9.451725007534003686e-02
9.250000000000000444e-01,7.247731488111363030e-01,-2.237726543208521657e-01,1.302169324132250172e-01,6.162790401220978875e-01,-1.612588710607053277e-01,1.805988334616537572e-01,-2.467854714186528131e-01,9.376706284972453898e-02
9.312500000000000222e-01,7.233771097912102821e-01,-2.229603482759784094e-01,1.297213607509683786e-01,6.152729846975206751e-01,-1.606792194262416373e-01,1.790637664731615786e-01,-2.444403178409145228e-01,9.302323511336721418e-02
9.375000000000000000e-01,7.219861380189266375e-01,-2.221511328390802786e-01,1.292279358375847675e-01,6.142705454551597999e-01,-1.601016913661425511e-01,1.775432754378233058e-01,-2.421211088838846892e-01,9.228570744171017692e-02
9.437500000000000888e-01,7.206002142198353333e-01,-2.213449946308126692e-01,1.287366455823651668e-01,6.132717091486120653e-01,-1.595262785868540867e-01,1.760371992746994629e-01,-2.398275021088189518e-01,9.155442104379228618e-02
9.500000000000000666e-01,7.192193192028717430e-01,-2.205419203470872502e-01,1.282474779936806086e-01,6.122764625831932372e-01,-1.589529728319322155e-01,1.745453790262819216e-01,-2.375591604401196544e-01,9.082931775434688326e-02
9.562500000000000444e-01,7.178434338598883580e-01,-2.197418967584566785e-01,1.277604211778324839e-01,6.112847926157061185e-01,-1.583817658818309770e-01,1.730676578252783315e-01,-2.353157520683084591e-01,9.011034002601525650e-02
9.625000000000000222e-01,7.164725391651898256e-01,-2.189449107095061131e-01,1.272754633379195033e-01,6.102966861542110655e-01,-1.578126495536922580e-01,1.716038808619970435e-01,-2.330969503549674415e-01,8.939743092167370953e-02
9.687500000000000000e-01,7.151066161750723182e-01,-2.181509491182518912e-01,1.267925927727216462e-01,6.093121301577972826e-01,-1.572456157011371258e-01,1.701538953523199782e-01,-2.309024337396046178e-01,8.869053410687259553e-02
9.750000000000000888e-01,7.137456460273667869e-01,-2.173599989755467254e-01,1.263117978756001791e-01,6.083311116363552262e-01,-1.566806562140590775e-01,1.687175505062517289e-01,-2.287318856484008844e-01,8.798959384238505543e-02
9.812500000000000666e-01,7.123896099409848803e-01,-2.165720473444921190e-01,1.258330671334142170e-01,6.073536176503508965e-01,-1.561177630184187037e-01,1.672946974970332679e-01,-2.265849944047974296e-01,8.729455497686397503e-02
9.875000000000000444e-01,7.110384892154700820e-01,-2.157870813598573578e-01,1.253563891254526885e-01,6.063796353106004622e-01,-1.555569280760399908e-01,1.658851894308087105e-01,-2.244614531418819281e-01,8.660536293960499621e-02
9.937500000000000222e-01,7.096922652305506229e-01,-2.150050882275049702e-01,1.248817525223822195e-01,6.054091517780476606e-01,-1.549981433844082046e-01,1.644888813168342290e-01,-2.223609597165347729e-01,8.592196373341429161e-02
1.000000000000000000e+00,7.083509194456976132e-01,-2.142260552238230420e-01,1.244091460852100733e-01,6.044421542635407540e-01,-1.544414009764695228e-01,1.631056300382182078e-01,-2.202832166252959578e-01,8.524430392757874342e-02
1.006250000000000089e+00,7.070144333996858377e-01,-2.134499696951636938e-01,1.239385586642623160e-01,6.034786300276117066e-01,-1.538866929204319445e-01,1.617352943231818718e-01,-2.182279309219150865e-01,8.457233065093744395e-02
1.012499999999999956e+00,7.056827887101582153e-01,-2.126768190572880524e-01,1.234699791981766909e-01,6.025185663802568037e-01,-1.533340113195680310e-01,1.603777347168301171e-01,-2.161948141365473974e-01,8.390599158505233912e-02
1.018750000000000044e+00,7.043559670731935896e-01,-2.119065907948172733e-01,1.230033967129099404e-01,6.015619506807173833e-01,-1.527833483120188962e-01,1.590328135534221088e-01,-2.141835821965594744e-01,8.324523495747664092e-02
1.025000000000000133e+00,7.030339502628781823e-01,-2.111392724606900584e-01,1.225388003207595472e-01,6.006087703372634534e-01,-1.522346960705999452e-01,1.577003949291324036e-01,-2.121939553489103347e-01,8.259000953511938525e-02
1.031250000000000000e+00,7.017167201308802671e-01,-2.103748516756259734e-01,1.220761792193994638e-01,5.996590128069766434e-01,-1.516880468026079454e-01,1.563803446752917714e-01,-2.102256580840724809e-01,8.194026461770444192e-02
1.037500000000000089e+00,7.004042586060281739e-01,-2.096133161275946510e-01,1.216155226909296089e-01,5.987126655955358201e-01,-1.511433927496296792e-01,1.550725303320990567e-01,-2.082784190614595798e-01,8.129595003132233932e-02
1.043750000000000178e+00,6.990965476938916234e-01,-2.088546535712913210e-01,1.211568201009389500e-01,5.977697162570034806e-01,-1.506007261873519298e-01,1.537768211227946991e-01,-2.063519710363289350e-01,8.065701612207386295e-02
1.050000000000000044e+00,6.977935694763663932e-01,-2.080988518276178367e-01,1.207000608975820344e-01,5.968301523936129227e-01,-1.500600394253731318e-01,1.524930879282862528e-01,-2.044460507881251388e-01,8.002341374980322108e-02
1.056249999999999911e+00,6.964953061112620913e-01,-2.073458987831693356e-01,1.202452346106683834e-01,5.958939616555567476e-01,-1.495213248070161871e-01,1.512212032622172742e-01,-2.025603990502349572e-01,7.939509428191980633e-02
1.062500000000000000e+00,6.952017398318928176e-01,-2.065957823897268120e-01,1.197923308507650303e-01,5.949611317407771383e-01,-1.489845747091428918e-01,1.499610412464713882e-01,-2.006947604411222774e-01,7.877200958730698477e-02
1.068750000000000089e+00,6.939128529466721540e-01,-2.058484906637552680e-01,1.193413393083116864e-01,5.940316503947563609e-01,-1.484497815419697220e-01,1.487124775871021820e-01,-1.988488833968138358e-01,7.815411203031652487e-02
1.074999999999999956e+00,6.926286278387094875e-01,-2.051040116859070284e-01,1.188922497527482441e-01,5.931055054103093749e-01,-1.479169377488849524e-01,1.474753895506808188e-01,-1.970225201047057784e-01,7.754135446484709815e-02
1.081250000000000044e+00,6.913490469654111070e-01,-2.043623336005307989e-01,1.184450520316546324e-01,5.921826846273763323e-01,-1.473860358062671350e-01,1.462496559410535191e-01,-1.952154264386632421e-01,7.693369022850568562e-02
1.087500000000000133e+00,6.900740928580831879e-01,-2.036234446151860000e-01,1.179997360699027720e-01,5.912631759328178527e-01,-1.468570682233051317e-01,1.450351570765007758e-01,-1.934273618953853136e-01,7.633107313685053019e-02
1.093750000000000000e+00,6.888037481215385505e-01,-2.028873330001622066e-01,1.175562918688203423e-01,5.903469672602097429e-01,-1.463300275418192575e-01,1.438317747672901714e-01,-1.916580895320077471e-01,7.573345747771424719e-02
1.100000000000000089e+00,6.875379954337055288e-01,-2.021539870880038614e-01,1.171147095053660520e-01,5.894340465896401593e-01,-1.458049063360837561e-01,1.426393922936153025e-01,-1.899073759049169086e-01,7.514079800560571898e-02
1.106250000000000178e+00,6.862768175452412800e-01,-2.014233952730402621e-01,1.166749791313167195e-01,5.885244019475066590e-01,-1.452816972126508288e-01,1.414578943839139291e-01,-1.881749910097500478e-01,7.455304993618983023e-02
1.112500000000000044e+00,6.850201972791460925e-01,-2.006955460109204337e-01,1.162370909724652901e-01,5.876180214063161378e-01,-1.447603928101757476e-01,1.402871671935569109e-01,-1.864607082225550883e-01,7.397016894084340599e-02
1.118749999999999911e+00,6.837681175303822467e-01,-1.999704278181528294e-01,1.158010353278301208e-01,5.867148930844832133e-01,-1.442409857992433542e-01,1.391270982839015458e-01,-1.847643042420864523e-01,7.339211114128631197e-02
1.125000000000000000e+00,6.825205612654946519e-01,-1.992480292716502788e-01,1.153668025688751181e-01,5.858150051461327168e-01,-1.437234688821957262e-01,1.379775766017020400e-01,-1.830855590332121918e-01,7.281883310428666212e-02
1.131250000000000089e+00,6.812775115222352573e-01,-1.985283390082796529e-01,1.149343831387406728e-01,5.849183458009005188e-01,-1.432078347929613693e-01,1.368384924588705864e-01,-1.814242557714093318e-01,7.225029183643867647e-02
1.137499999999999956e+00,6.800389514091890186e-01,-1.978113457244161100e-01,1.145037675514850306e-01,5.840249033037376858e-01,-1.426940762968852972e-01,1.357097375125814465e-01,-1.797801807883237235e-01,7.168644477901217615e-02
1.143750000000000044e+00,6.788048641054039711e-01,-1.970970381755023093e-01,1.140749463913361128e-01,5.831346659547135269e-01,-1.421821861905606943e-01,1.345912047457122895e-01,-1.781531235183721196e-01,7.112724980287259136e-02
1.150000000000000133e+00,6.775752328600230801e-01,-1.963854051756120933e-01,1.136479103119535927e-01,5.822476220988219708e-01,-1.416721573016614943e-01,1.334827884476163518e-01,-1.765428764463652378e-01,7.057266520347034444e-02
1.156250000000000000e+00,6.763500409919195322e-01,-1.956764355970189440e-01,1.132226500357009502e-01,5.813637601257870546e-01,-1.411639824887765404e-01,1.323843841952183353e-01,-1.749492350561292209e-01,7.002264969589852561e-02
1.162500000000000089e+00,6.751292718893334710e-01,-1.949701183697686024e-01,1.127991563529273794e-01,5.804830684698705223e-01,-1.406576546412445228e-01,1.312958888344284702e-01,-1.733719977801047307e-01,6.947716241001762605e-02
1.168750000000000178e+00,6.739129090095132835e-01,-1.942664424812566293e-01,1.123774201212595497e-01,5.796055356096798672e-01,-1.401531666789904151e-01,1.302172004618689649e-01,-1.718109659499043040e-01,6.893616288564667627e-02
1.175000000000000044e+00,6.727009358783578863e-01,-1.935653969758100168e-01,1.119574322649028175e-01,5.787311500679781506e-01,-1.396505115523630769e-01,1.291482184069061012e-01,-1.702659437478060145e-01,6.839961106781923539e-02
1.181249999999999911e+00,6.714933360900623427e-01,-1.928669709542731037e-01,1.115391837739518471e-01,5.778599004114941540e-01,-1.391496822419737989e-01,1.280888432139826727e-01,-1.687367381591653448e-01,6.786746730210356515e-02
1.187500000000000000e+00,6.702900933067659217e-01,-1.921711535735980692e-01,1.111226657037105991e-01,5.769917752507333075e-01,-1.386506717585362092e-01,1.270389766252451591e-01,-1.672231589257254791e-01,6.733969232998590626e-02
1.193750000000000089e+00,6.690911912582023779e-01,-1.914779340464394242e-01,1.107078691740213533e-01,5.761267632397908400e-01,-1.381534731427073448e-01,1.259985215634601141e-01,-1.657250184998077525e-01,6.681624728431583005e-02
1.200000000000000178e+00,6.678966137413536730e-01,-1.907873016407527211e-01,1.102947853686026963e-01,5.752648530761643730e-01,-1.376580794649296668e-01,1.249673821152137015e-01,-1.642421319993629392e-01,6.629709368481273568e-02
1.206250000000000266e+00,6.667063446201052512e-01,-1.900992456793972885e-01,1.098834055343963501e-01,5.744060335005689577e-01,-1.371644838252742971e-01,1.239454635143898836e-01,-1.627743171638668107e-01,6.578219343363246596e-02
1.212500000000000133e+00,6.655203678249040911e-01,-1.894137555397432948e-01,1.094737209809227146e-01,5.735502932967516676e-01,-1.366726793532855311e-01,1.229326721259215854e-01,-1.613213943110415882e-01,6.527150881099326452e-02
1.218750000000000000e+00,6.643386673524190877e-01,-1.887308206532823662e-01,1.090657230796448496e-01,5.726976212913085229e-01,-1.361826592078260456e-01,1.219289154298097144e-01,-1.598831862943863868e-01,6.476500247085993645e-02
1.225000000000000089e+00,6.631612272652043227e-01,-1.880504305052426439e-01,1.086594032633410450e-01,5.718480063535010816e-01,-1.356944165769236599e-01,1.209341020054051918e-01,-1.584595184615001928e-01,6.426263743668561568e-02
1.231250000000000178e+00,6.619880316913643314e-01,-1.873725746342073673e-01,1.082547530254854840e-01,5.710014373950752509e-01,-1.352079446776189020e-01,1.199481415159492081e-01,-1.570502186131809697e-01,6.376437709720995939e-02
1.237500000000000044e+00,6.608190648242218135e-01,-1.866972426317375644e-01,1.078517639196372169e-01,5.701579033700802102e-01,-1.347232367558136579e-01,1.189709446933664289e-01,-1.556551169632845455e-01,6.327018520231304788e-02
1.243749999999999911e+00,6.596543109219873413e-01,-1.860244241419981848e-01,1.074504275588370056e-01,5.693173932746882215e-01,-1.342402860861210134e-01,1.180024233233068348e-01,-1.542740460993279605e-01,6.278002585892404619e-02
1.250000000000000000e+00,6.584937543074322885e-01,-1.853541088613884502e-01,1.070507356150121048e-01,5.684798961470159950e-01,-1.337590859717159020e-01,1.170424902304316173e-01,-1.529068409438223142e-01,6.229386352698398216e-02
1.256250000000000089e+00,6.573373793675632015e-01,-1.846862865381755370e-01,1.066526798183889679e-01,5.676454010669464978e-01,-1.332796297441871392e-01,1.160910592639385203e-01,-1.515533387163197354e-01,6.181166301546160008e-02
1.262500000000000178e+00,6.561851705532987244e-01,-1.840209469721319768e-01,1.062562519569133362e-01,5.668138971559520956e-01,-1.328019107633901519e-01,1.151480452833219537e-01,-1.502133788961599326e-01,6.133338947842156830e-02
1.268750000000000266e+00,6.550371123791490779e-01,-1.833580800141768330e-01,1.058614438756780574e-01,5.659853735769175831e-01,-1.323259224173009563e-01,1.142133641443640601e-01,-1.488868031859022223e-01,6.085900841114427057e-02
1.275000000000000133e+00,6.538931894228972030e-01,-1.826976755660202067e-01,1.054682474763582317e-01,5.651598195339659902e-01,-1.318516581218709682e-01,1.132869326853521014e-01,-1.475734554754290773e-01,6.038848564629631377e-02
1.281250000000000000e+00,6.527533863252824586e-01,-1.820397235798113245e-01,1.050766547166536585e-01,5.643372242722832777e-01,-1.313791113208830075e-01,1.123686687135180551e-01,-1.462731818067074530e-01,5.992178735015109975e-02
1.287500000000000089e+00,6.516176877896867614e-01,-1.813842140577901774e-01,1.046866576097384566e-01,5.635175770779450310e-01,-1.309082754858080233e-01,1.114584909916966071e-01,-1.449858303391944880e-01,5.945888001885857310e-02
1.293750000000000178e+00,6.504860785818222801e-01,-1.807311370519424365e-01,1.042982482237178460e-01,5.627008672777443765e-01,-1.304391441156631803e-01,1.105563192251973331e-01,-1.437112513158750604e-01,5.899973047476361060e-02
1.300000000000000044e+00,6.493585435294219055e-01,-1.800804826636579759e-01,1.039114186810917995e-01,5.618870842390196740e-01,-1.299717107368705271e-01,1.096620740488871287e-01,-1.424492970299174044e-01,5.854430586277204612e-02
1.306249999999999911e+00,6.482350675219308300e-01,-1.794322410433922821e-01,1.035261611582255215e-01,5.610762173694837651e-01,-1.295059689031168859e-01,1.087756770144791135e-01,-1.411998217919353260e-01,5.809257364676374130e-02
1.312500000000000000e+00,6.471156355102020141e-01,-1.787864023903316946e-01,1.031424678848267551e-01,5.602682561170542197e-01,-1.290419121952145198e-01,1.078970505780244282e-01,-1.399626818978442766e-01,5.764450160605210510e-02
1.318750000000000089e+00,6.460002325061916517e-01,-1.781429569520614764e-01,1.027603311434297506e-01,5.594631899696840271e-01,-1.285795342209629655e-01,1.070261180876030532e-01,-1.387377355972996551e-01,5.720005783188929216e-02
1.325000000000000178e+00,6.448888435826585219e-01,-1.775018950242373550e-01,1.023797432688857145e-01,5.586610084551938415e-01,-1.281188286150115874e-01,1.061628037712100125e-01,-1.375248430627052099e-01,5.675921072401621942e-02
1.331250000000000266e+00,6.437814538728640068e-01,-1.768632069502600046e-01,1.020006966478597121e-01,5.578617011411035609e-01,-1.276597890387231593e-01,1.053070327248336463e-01,-1.363238663587804655e-01,5.632192898725704722e-02
1.337500000000000133e+00,6.426780485702746626e-01,-1.762268831209528874e-01,1.016231837183339676e-01,5.570652576344670148e-01,-1.272024091800383616e-01,1.044587309007222603e-01,-1.351346694126761283e-01,5.588818162815721580e-02
1.343750000000000000e+00,6.415786129282674555e-01,-1.755929139742429257e-01,1.012471969691172979e-01,5.562716675817054313e-01,-1.267466827533411389e-01,1.036178250958359054e-01,-1.339571179846259785e-01,5.545793795166449602e-02
1.350000000000000089e+00,6.404831322598354415e-01,-1.749612899948443934e-01,1.008727289393608895e-01,5.554809206684427902e-01,-1.262926034993250013e-01,1.027842429404799557e-01,-1.327910796391252313e-01,5.503116755785245062e-02
1.356250000000000178e+00,6.393915919372973322e-01,-1.743320017139458611e-01,1.004997722180799857e-01,5.546930066193420661e-01,-1.258401651848603531e-01,1.019579128871173079e-01,-1.316364237166245121e-01,5.460784033868561205e-02
1.362500000000000044e+00,6.383039773920070603e-01,-1.737050397088999720e-01,1.001283194436816404e-01,5.539079151979416915e-01,-1.253893616028623481e-01,1.011387641993556907e-01,-1.304930213057291510e-01,5.418792647482576635e-02
1.368749999999999911e+00,6.372202741140670090e-01,-1.730803946029161322e-01,9.975836330349821535e-02,5.531256362064933541e-01,-1.249401865721600224e-01,1.003267269411072388e-01,-1.293607452158938853e-01,5.377139643247870471e-02
1.375000000000000000e+00,6.361404676520415746e-01,-1.724580570647562261e-01,9.938989653332679086e-02,5.523461594858004586e-01,-1.244926339373659818e-01,9.952173196591730664e-02,-1.282394699506034241e-01,5.335822096028100536e-02
1.381250000000000089e+00,6.350645436126742815e-01,-1.718380178084331911e-01,9.902291191697434880e-02,5.515694749150572562e-01,-1.240466975687472412e-01,9.872371090645944147e-02,-1.271290716810290766e-01,5.294837108622613836e-02
1.387500000000000178e+00,6.339924876606050086e-01,-1.712202675929123119e-01,9.865740228580838211e-02,5.507955724116891938e-01,-1.236023713620966608e-01,9.793259616419328073e-02,-1.260294282201516181e-01,5.254181811462921986e-02
1.393750000000000266e+00,6.329242855180907679e-01,-1.706047972218153186e-01,9.829336051831315257e-02,5.500244419311933752e-01,-1.231596492386053537e-01,9.714832089918301605e-02,-1.249404189973421370e-01,5.213853362313008305e-02
1.400000000000000133e+00,6.318599229647270388e-01,-1.699915975431273429e-01,9.793077953965145799e-02,5.492560734669804656e-01,-1.227185251447359543e-01,9.637081902007323120e-02,-1.238619250333911348e-01,5.173848945973395091e-02
1.406250000000000000e+00,6.307993858371712115e-01,-1.693806594489064843e-01,9.756965232123161746e-02,5.484904570502171506e-01,-1.222789930520965795e-01,9.560002517421929691e-02,-1.227938289159773155e-01,5.134165773988914883e-02
1.412500000000000089e+00,6.297426600288688059e-01,-1.687719738749961784e-01,9.720997188027989677e-02,5.477275827496691507e-01,-1.218410469573158184e-01,9.483587473796996348e-02,-1.217360147755675859e-01,5.094801084360148918e-02
1.418750000000000178e+00,6.286897314897799127e-01,-1.681655318007400368e-01,9.685173127941808235e-02,5.469674406715456794e-01,-1.214046808819184281e-01,9.407830380709915341e-02,-1.206883682617398423e-01,5.055752141258457177e-02
1.425000000000000044e+00,6.276405862261086321e-01,-1.675613242486996279e-01,9.649492362624624564e-02,5.462100209593437894e-01,-1.209698888722017529e-01,9.332724918738440067e-02,-1.196507765199199269e-01,5.017016234744568759e-02
1.431249999999999911e+00,6.265952103000338447e-01,-1.669593422843744512e-01,9.613954207293042009e-02,5.454553137936940521e-01,-1.205366649991131411e-01,9.258264838532936913e-02,-1.186231281685251326e-01,4.978590680490657672e-02
1.437500000000000000e+00,6.255535898294413144e-01,-1.663595770159247422e-01,9.578557981579549629e-02,5.447033093922067915e-01,-1.201050033581279458e-01,9.184443959902813259e-02,-1.176053132765061265e-01,4.940472819505882518e-02
1.443750000000000089e+00,6.245157109876583457e-01,-1.657620195938968588e-01,9.543303009492284938e-02,5.439539980093195393e-01,-1.196748980691285519e-01,9.111256170916848252e-02,-1.165972233412798514e-01,4.902660017865322073e-02
1.450000000000000178e+00,6.234815600031897720e-01,-1.651666612109508880e-01,9.508188619375292083e-02,5.432073699361444907e-01,-1.192463432762839171e-01,9.038695427017197359e-02,-1.155987512670453299e-01,4.865149666442254023e-02
1.456250000000000266e+00,6.224511231594550553e-01,-1.645734931015909175e-01,9.473214143869244930e-02,5.424634155003170699e-01,-1.188193331479301396e-01,8.966755750146829240e-02,-1.146097913434753340e-01,4.827939180643745637e-02
1.462500000000000133e+00,6.214243867945282718e-01,-1.639825065418977768e-01,9.438378919872655870e-02,5.417221250658456055e-01,-1.183938618764516365e-01,8.895431227890171488e-02,-1.136302392247767745e-01,4.791026000149496006e-02
1.468750000000000000e+00,6.204013373008785415e-01,-1.633936928492640828e-01,9.403682288503538433e-02,5.409834890329610069e-01,-1.179699236781630717e-01,8.824716012626719619e-02,-1.126599919091122587e-01,4.754407588653887518e-02
1.475000000000000089e+00,6.193819611251129009e-01,-1.628070433821316165e-01,9.369123595061523702e-02,5.402474978379678827e-01,-1.175475127931921299e-01,8.754604320697406683e-02,-1.116989477183763374e-01,4.718081433611201470e-02
1.481250000000000178e+00,6.183662447677206186e-01,-1.622225495397313644e-01,9.334702188990440241e-02,5.395141419530957716e-01,-1.171266234853630961e-01,8.685090431583504522e-02,-1.107470062783195291e-01,4.682045045983959652e-02
1.487500000000000044e+00,6.173541747828187320e-01,-1.616402027618254744e-01,9.300417423841325637e-02,5.387834118863517041e-01,-1.167072500420809206e-01,8.616168687097833234e-02,-1.098040684990131549e-01,4.646295959994330149e-02
1.493749999999999911e+00,6.163457377779001378e-01,-1.610599945284517387e-01,9.266268657235877948e-02,5.380552981813730984e-01,-1.162893867742162829e-01,8.547833490588070682e-02,-1.088700365556487665e-01,4.610831732878565431e-02
1.500000000000000000e+00,6.153409204135820154e-01,-1.604819163596702958e-01,9.232255250830337379e-02,5.373297914172809886e-01,-1.158730280159912390e-01,8.480079306151974694e-02,-1.079448138696657983e-01,4.575649944644440831e-02
1.506250000000000089e+00,6.143397094033568040e-01,-1.599059598153127204e-01,9.198376570279802322e-02,5.366068822085353629e-01,-1.154581681248656733e-01,8.412900657864294529e-02,-1.070283050902011146e-01,4.540748197831627475e-02
1.512500000000000178e+00,6.133420915133444007e-01,-1.593321164947330282e-01,9.164631985202950637e-02,5.358865612047895022e-01,-1.150448014814244024e-01,8.346292129015164818e-02,-1.061204160758541792e-01,4.506124117274976082e-02
1.518750000000000266e+00,6.123480535620460241e-01,-1.587603780365611228e-01,9.131020869147181418e-02,5.351688190907459841e-01,-1.146329224892650017e-01,8.280248361359819620e-02,-1.052210538767621439e-01,4.471775349870663746e-02
1.525000000000000133e+00,6.113575824200989661e-01,-1.581907361184583527e-01,9.097542599554160614e-02,5.344536465860135754e-01,-1.142225255748864216e-01,8.214764054379396219e-02,-1.043301267169787494e-01,4.437699564345164854e-02
1.531250000000000000e+00,6.103706650100342301e-01,-1.576231824568750939e-01,9.064196557725770487e-02,5.337410344449639021e-01,-1.138136051875781041e-01,8.149833964552666288e-02,-1.034475439771514182e-01,4.403894451027008661e-02
1.537500000000000089e+00,6.093872883060340584e-01,-1.570577088068106364e-01,9.030982128790451813e-02,5.330309734565895630e-01,-1.134061557993100156e-01,8.085452904638502913e-02,-1.025732161774908779e-01,4.370357721621281888e-02
1.543750000000000178e+00,6.084074393336923459e-01,-1.564943069615750693e-01,8.997898701669937438e-02,5.323234544443627980e-01,-1.130001719046232617e-01,8.021615742968905838e-02,-1.017070549610278735e-01,4.337087108986840966e-02
1.550000000000000044e+00,6.074311051697754982e-01,-1.559329687525531360e-01,8.964945669046375798e-02,5.316184682660949345e-01,-1.125956480205214105e-01,7.958317402752393410e-02,-1.008489730771514048e-01,4.304080366916196443e-02
1.556249999999999911e+00,6.064582729419857321e-01,-1.553736860489702554e-01,8.932122427329813874e-02,5.309160058137958327e-01,-1.121925786863623431e-01,7.895552861387596100e-02,-9.999888436542320180e-02,4.271335269918019595e-02
1.562500000000000000e+00,6.054889298287243760e-01,-1.548164507576606508e-01,8.899428376626078441e-02,5.302160580135349965e-01,-1.117909584637510612e-01,7.833317149786893363e-02,-9.915670373966355144e-02,4.238849613002264316e-02
1.568750000000000089e+00,6.045230630588588339e-01,-1.542612548228371738e-01,8.866862920705012585e-02,5.295186158253023523e-01,-1.113907819364329255e-01,7.771605351709903742e-02,-9.832234717230321774e-02,4.206621211467837657e-02
1.575000000000000178e+00,6.035606599114883286e-01,-1.537080902258634307e-01,8.834425466969074436e-02,5.288236702428708025e-01,-1.109920437101876295e-01,7.710412603106675533e-02,-9.749573167899620862e-02,4.174647900692800284e-02
1.581250000000000266e+00,6.026017077157134194e-01,-1.531569489850276855e-01,8.802115426422299493e-02,5.281312122936585585e-01,-1.105947384127238253e-01,7.649734091470410113e-02,-9.667677530348901815e-02,4.142927535927056620e-02
1.587500000000000133e+00,6.016461938504054086e-01,-1.526078231553186504e-01,8.769932213639609897e-02,5.274412330385922498e-01,-1.101988606935744158e-01,7.589565055199574972e-02,-9.586539710274132042e-02,4.111457992087507590e-02
1.593750000000000000e+00,6.006941057439779685e-01,-1.520607048282033025e-01,8.737875246736480361e-02,5.267537235719709221e-01,-1.098044052239924295e-01,7.529900782969217721e-02,-9.506151713229325784e-02,4.080237163555616720e-02
1.600000000000000089e+00,5.997454308741595463e-01,-1.515155861314065877e-01,8.705943947338934397e-02,5.260686750213308116e-01,-1.094113666968475895e-01,7.470736613111372826e-02,-9.426505643187524375e-02,4.049262963977378477e-02
1.606250000000000178e+00,5.988001567677675441e-01,-1.509724592286928180e-01,8.674137740553898579e-02,5.253860785473104533e-01,-1.090197398265235346e-01,7.412067933004379272e-02,-9.347593701125539445e-02,4.018533326065639594e-02
1.612500000000000044e+00,5.978582710004838319e-01,-1.504313163196492609e-01,8.642456054939873233e-02,5.247059253435164550e-01,-1.086295193488155814e-01,7.353890178470966210e-02,-9.269408183632020515e-02,3.988046201404744223e-02
1.618749999999999911e+00,5.969197611966314820e-01,-1.498921496394709785e-01,8.610898322477932021e-02,5.240282066363901592e-01,-1.082407000208291670e-01,7.296198833184962262e-02,-9.191941481538436209e-02,3.957799560257473787e-02
1.625000000000000000e+00,5.959846150289529465e-01,-1.493549514587481364e-01,8.579463978543067082e-02,5.233529136850745278e-01,-1.078532766208788879e-01,7.238989428086502198e-02,-9.115186078572537487e-02,3.927791391374251678e-02
1.631250000000000089e+00,5.950528202183893445e-01,-1.488197140832545617e-01,8.548152461875829777e-02,5.226800377812821363e-01,-1.074672439483881914e-01,7.182257540805582485e-02,-9.039134550033901816e-02,3.898019701804586457e-02
1.637500000000000178e+00,5.941243645338611934e-01,-1.482864298537384662e-01,8.516963214554300332e-02,5.220095702491633904e-01,-1.070825968237896220e-01,7.125998795093810290e-02,-8.963779561491115599e-02,3.868482516710704255e-02
1.643750000000000266e+00,5.931992357920508052e-01,-1.477550911457145011e-01,8.485895681966369730e-02,5.213415024451756308e-01,-1.066993300884256646e-01,7.070208860264240447e-02,-8.889113867500250676e-02,3.839177879183364173e-02
1.650000000000000133e+00,5.922774218571852378e-01,-1.472256903692579222e-01,8.454949312782325532e-02,5.206758257579527926e-01,-1.063174386044502817e-01,7.014883450639158857e-02,-8.815130310344204689e-02,3.810103850059816388e-02
1.662500000000000089e+00,5.904436901016399952e-01,-1.461726724229346075e-01,8.393417875557547536e-02,5.193516114484471036e-01,-1.055577609427556102e-01,6.905609286100594657e-02,-8.669181406923232025e-02,3.752639948036605444e-02
1.675000000000000044e+00,5.886230731237797054e-01,-1.451273159788511735e-01,8.332364556866457550e-02,5.180368590683265273e-01,-1.048035231484535368e-01,6.798142895721924484e-02,-8.525877297358178120e-02,3.696075645474508620e-02
1.687500000000000000e+00,5.868154755272346756e-01,-1.440895615411658115e-01,8.271785061510487924e-02,5.167315008718590397e-01,-1.040546848580718720e-01,6.692451559864023847e-02,-8.385163754143468151e-02,3.640396049858880823e-02
1.700000000000000178e+00,5.850208026559907681e-01,-1.430593501478037155e-01,8.211675144279527438e-02,5.154354696158296445e-01,-1.033112060318625292e-01,6.588503228634812192e-02,-8.246987839209365956e-02,3.585586535853271806e-02
1.712500000000000133e+00,5.832389605877559280e-01,-1.420366233642592901e-01,8.152030609144259032e-02,5.141486985555128175e-01,-1.025730469507868253e-01,6.486266505995688658e-02,-8.111297868213288020e-02,3.531632739959598283e-02
1.725000000000000089e+00,5.814698561274038724e-01,-1.410213232774979730e-01,8.092847308465898892e-02,5.128711214406820318e-01,-1.018401682135360448e-01,6.385710634307194267e-02,-7.978043375964957717e-02,3.478520555299925709e-02
1.737500000000000044e+00,5.797133968004934967e-01,-1.400133924899560345e-01,8.034121142222910850e-02,5.116026725116564755e-01,-1.011125307335872248e-01,6.286805479299981125e-02,-7.847175082945125058e-02,3.426236126516688657e-02
1.750000000000000000e+00,5.779694908468623327e-01,-1.390127741136358841e-01,7.975848057254204815e-02,5.103432864953849624e-01,-1.003900957362933305e-01,6.189521515457675066e-02,-7.718644862879055213e-02,3.374765844788259889e-02
1.762500000000000178e+00,5.762380472142932808e-01,-1.380194117642949136e-01,7.918024046518414016e-02,5.090928986015648139e-01,-9.967282475600716674e-02,6.093829811798659457e-02,-7.592405711327589179e-02,3.324096342956863598e-02
1.775000000000000133e+00,5.745189755522538411e-01,-1.370332495557260721e-01,7.860645148368823609e-02,5.078514445187977122e-01,-9.896067963323899874e-02,5.999702018044316548e-02,-7.468411715259964945e-02,3.274214490765938596e-02
1.787500000000000089e+00,5.728121862057056202e-01,-1.360542320941280636e-01,7.803707445843538482e-02,5.066188604107803028e-01,-9.825362251184664719e-02,5.907110351161627693e-02,-7.346618023573961431e-02,3.225107390204107888e-02
1.800000000000000044e+00,5.711175902089841161e-01,-1.350823044725632249e-01,7.747207065970508622e-02,5.053950829125291033e-01,-9.755161583625825139e-02,5.816027582268543106e-02,-7.226980818530327755e-02,3.176762370953041537e-02
1.812500000000000000e+00,5.694350992797471145e-01,-1.341174122655015843e-01,7.691140179087001261e-02,5.041800491266414941e-01,-9.685462234872674325e-02,5.726427023890867662e-02,-7.109457288069619130e-02,3.129166985936531614e-02
1.825000000000000178e+00,5.677646258129908086e-01,-1.331595015234489365e-01,7.635502998173188116e-02,5.029736966195891279e-01,-9.616260508661578221e-02,5.638282517559829732e-02,-6.994005598980869431e-02,3.082309006968210821e-02
1.837500000000000133e+00,5.661060828751323104e-01,-1.322085187676575457e-01,7.580291778199459152e-02,5.017759634180463113e-01,-9.547552737971660985e-02,5.551568421739877524e-02,-6.880584870892664240e-02,3.036176420495407396e-02
1.850000000000000089e+00,5.644593841981582205e-01,-1.312644109849172291e-01,7.525502815487099262e-02,5.005867880052511376e-01,-9.479335284759525526e-02,5.466259600076580488e-02,-6.769155151058255104e-02,2.990757423436691056e-02
1.862500000000000044e+00,5.628244441738373682e-01,-1.303271256224259600e-01,7.471132447082043382e-02,4.994061093173996491e-01,-9.411604539696986904e-02,5.382331409954914381e-02,-6.659677389907514566e-02,2.946040419110767736e-02
1.875000000000000000e+00,5.612011778479973900e-01,-1.293966105827376312e-01,7.417177050141313122e-02,4.982338667400726395e-01,-9.344356921911749214e-02,5.299759691358481989e-02,-6.552113417339487655e-02,2.902014013254406929e-02
1.887500000000000178e+00,5.595895009148640353e-01,-1.284728142187860356e-01,7.363633041331871243e-02,4.970700001046949867e-01,-9.277588878731003741e-02,5.218520756020576801e-02,-6.446425919730304488e-02,2.858667010127185007e-02
1.900000000000000133e+00,5.579893297114619788e-01,-1.275556853289829262e-01,7.310496876241544262e-02,4.959144496850264039e-01,-9.211296885427888714e-02,5.138591376858317461e-02,-6.342578417632177556e-02,2.815988408700877479e-02
1.912500000000000089e+00,5.564005812120768057e-01,-1.266451731523891566e-01,7.257765048801735619e-02,4.947671561936837770e-01,-9.145477444970775971e-02,5.059948777681327892e-02,-6.240535244140092003e-02,2.773967398931386982e-02
1.925000000000000044e+00,5.548231730227763947e-01,-1.257412273639571532e-01,7.205434090721626883e-02,4.936280607786950325e-01,-9.080127087775344275e-02,4.982570623166795304e-02,-6.140261523903690205e-02,2.732593358111173529e-02
1.937500000000000000e+00,5.532570233759922518e-01,-1.248437980698435812e-01,7.153500570933579716e-02,4.924971050200834255e-01,-9.015242371459396276e-02,4.906435009092952743e-02,-6.041723152762682597e-02,2.691855847300196614e-02
1.950000000000000178e+00,5.517020511251574666e-01,-1.239528358027904981e-01,7.101961095049477701e-02,4.913742309264825248e-01,-8.950819880600378864e-02,4.831520452823331868e-02,-5.944886777984894483e-02,2.651744607833434603e-02
1.962500000000000133e+00,5.501581757394039540e-01,-1.230682915175737857e-01,7.050812304827722143e-02,4.902593809317812301e-01,-8.886856226495573607e-02,4.757805884034383564e-02,-5.849719779086878096e-02,2.612249557903111377e-02
1.975000000000000089e+00,5.486253172983142079e-01,-1.221901165865176692e-01,7.000050877650626502e-02,4.891524978917985989e-01,-8.823348046924907317e-02,4.685270635679289475e-02,-5.756190249217690152e-02,2.573360789213797323e-02
1.987500000000000044e+00,5.471033964867303423e-01,-1.213182627950737807e-01,6.949673526011969360e-02,4.880535250809884262e-01,-8.760292005916359148e-02,4.613894435181067205e-02,-5.664266977087230315e-02,2.535068563708620451e-02
2.000000000000000000e+00,5.455923345896166454e-01,-1.204526823374638539e-01,6.899676997014443647e-02,4.869624061891724143e-01,-8.697684793513917045e-02,4.543657395848253733e-02,-5.573919429421130695e-02,2.497363310364859174e-02
2.012500000000000178e+00,5.440920534869776448e-01,-1.195933278123843951e-01,6.850058071876766186e-02,4.858790853183027614e-01,-8.635523125548047463e-02,4.474540008506704830e-02,-5.485117733924910199e-02,2.460235622057237517e-02
2.024999999999999911e+00,5.426024756488280198e-01,-1.187401522187726127e-01,6.800813565450235243e-02,4.848035069792532847e-01,-8.573803743408664468e-02,4.406523133341250231e-02,-5.397832662740696674e-02,2.423676252487301161e-02
2.037500000000000089e+00,5.411235241302160270e-01,-1.178931089516318947e-01,6.751940325744468230e-02,4.837356160886379097e-01,-8.512523413820509421e-02,4.339587991941130929e-02,-5.312035616380413744e-02,2.387676113177271756e-02
2.050000000000000266e+00,5.396551225662985507e-01,-1.170521517979164483e-01,6.703435233462155807e-02,4.826753579656584692e-01,-8.451678928620987019e-02,4.273716159543398951e-02,-5.227698608119987073e-02,2.352226270526863033e-02
2.062500000000000000e+00,5.381971951674670018e-01,-1.162172349324731013e-01,6.655295201542568706e-02,4.816226783289788704e-01,-8.391267104540348076e-02,4.208889557468568909e-02,-5.144794248839568152e-02,2.317317942931533883e-02
2.075000000000000178e+00,5.367496667145235101e-01,-1.153883129140397951e-01,6.607517174713639641e-02,4.805775232936273511e-01,-8.331284782984220427e-02,4.145090445743046526e-02,-5.063295732295378798e-02,2.282942497960727471e-02
2.087499999999999911e+00,5.353124625539076309e-01,-1.145653406812997266e-01,6.560098129052419069e-02,4.795398393679253246e-01,-8.271728829818479622e-02,4.082301415903065445e-02,-4.983176820809331886e-02,2.249091449594689540e-02
2.100000000000000089e+00,5.338855085929705702e-01,-1.137482735489895314e-01,6.513035071553681388e-02,4.785095734504434817e-01,-8.212596135156360888e-02,4.020505383974924685e-02,-4.904411831362945340e-02,2.215756455518457305e-02
2.112500000000000266e+00,5.324687312952993690e-01,-1.129370672040613532e-01,6.466325039706533051e-02,4.774866728269837046e-01,-8.153883613147853981e-02,3.959685583626627176e-02,-4.826975622082713135e-02,2.182929314471704699e-02
2.125000000000000000e+00,5.310620576760874956e-01,-1.121316777018969424e-01,6.419965101078800584e-02,4.764710851675878489e-01,-8.095588201771310166e-02,3.899825559486045506e-02,-4.750843579104399583e-02,2.150601963653109988e-02
2.137500000000000178e+00,5.296654152975527330e-01,-1.113320614625733923e-01,6.373952352909030561e-02,4.754627585235718379e-01,-8.037706862627215509e-02,3.840909160620983170e-02,-4.675991603804261626e-02,2.118766476177984248e-02
2.149999999999999911e+00,5.282787322644021399e-01,-1.105381752671795448e-01,6.328283921705948889e-02,4.744616413245859032e-01,-7.980236580734165197e-02,3.782920534176629351e-02,-4.602396100385614669e-02,2.087415058587927322e-02
2.162500000000000089e+00,5.269019372193414208e-01,-1.097499762541816887e-01,6.282956962855155980e-02,4.734676823756996944e-01,-7.923174364326926455e-02,3.725844119165991342e-02,-4.530033963809484976e-02,2.056540048411284113e-02
2.175000000000000266e+00,5.255349593386307028e-01,-1.089674219158383445e-01,6.237968660232958568e-02,4.724808308545130342e-01,-7.866517244656635877e-02,3.669664640409128764e-02,-4.458882568058625262e-02,2.026133911773250404e-02
2.187500000000000000e+00,5.241777283276841670e-01,-1.081904700946625941e-01,6.193316225827120991e-02,4.715010363082912104e-01,-7.810262275793050657e-02,3.614367102617040139e-02,-4.388919754724390776e-02,1.996189241054466268e-02
2.200000000000000178e+00,5.228301744167135334e-01,-1.074190789799314566e-01,6.148996899364400637e-02,4.705282486511245810e-01,-7.754406534428852360e-02,3.559936784616244548e-02,-4.320123821906439454e-02,1.966698752596984789e-02
2.212499999999999911e+00,5.214922283564155103e-01,-1.066532071042416152e-01,6.105007947944729452e-02,4.695624181611133818e-01,-7.698947119685975449e-02,3.506359233710236445e-02,-4.252473513415567369e-02,1.937655284456549568e-02
2.225000000000000089e+00,5.201638214137010996e-01,-1.058928133401100397e-01,6.061346665681859036e-02,4.686034954775755157e-01,-7.643881152923913402e-02,3.453620260174027762e-02,-4.185948008270226617e-02,1.909051794200091259e-02
2.237500000000000266e+00,5.188448853674678674e-01,-1.051378568966196692e-01,6.018010373350358988e-02,4.676514315982791548e-01,-7.589205777550014909e-02,3.401705931878228062e-02,-4.120526910477739779e-02,1.880881356747451244e-02
2.250000000000000000e+00,5.175353525044138481e-01,-1.043882973161083805e-01,5.974996418038801965e-02,4.667061778766983249e-01,-7.534918158831696577e-02,3.350602569039098921e-02,-4.056190239091402722e-02,1.853137162256299555e-02
2.262500000000000178e+00,5.162351556148915277e-01,-1.036440944709010742e-01,5.932302172809004320e-02,4.657676860192919710e-01,-7.481015483710573566e-02,3.300296739091223425e-02,-3.992918418535051917e-02,1.825812514049280147e-02
2.274999999999999911e+00,5.149442279888042373e-01,-1.029052085600841576e-01,5.889925036361206429e-02,4.648359080828065037e-01,-7.427494960618508113e-02,3.250775251679502431e-02,-3.930692269186943782e-02,1.798900826582449167e-02
2.287500000000000089e+00,5.136625034115406274e-01,-1.021716001063211754e-01,5.847862432705028951e-02,4.639107964716003285e-01,-7.374353819295481616e-02,3.202025153767248250e-02,-3.869492998215016272e-02,1.772395623454042432e-02
2.300000000000000266e+00,5.123899161599505536e-01,-1.014432299527095738e-01,5.806111810836113440e-02,4.629923039349924108e-01,-7.321589310609342982e-02,3.154033724857330245e-02,-3.809302190655971393e-02,1.746290535452707168e-02
2.312500000000000000e+00,5.111264009983583767e-01,-1.007200592596773081e-01,5.764670644418297407e-02,4.620803835646318247e-01,-7.269198706377359709e-02,3.106788472323331746e-02,-3.750101800730763768e-02,1.720579298644290406e-02
2.325000000000000178e+00,5.098718931746156757e-01,-1.000020495019188077e-01,5.723536431471210745e-02,4.611749887918903390e-01,-7.217179299189553643e-02,3.060277126847822660e-02,-3.691874143389405061e-02,1.695255752496334020e-02
2.337499999999999911e+00,5.086263284161922638e-01,-9.928916246536993728e-02,5.682706694063193592e-02,4.602760733852768738e-01,-7.165528402233843630e-02,3.014487637964939973e-02,-3.634601886078218241e-02,1.670313838039448259e-02
2.350000000000000089e+00,5.073896429263036190e-01,-9.858136024422062271e-02,5.642178978009384366e-02,4.593835914478734961e-01,-7.114243349122886806e-02,2.969408169704498487e-02,-3.578268040722858839e-02,1.645747596064730048e-02
2.362500000000000266e+00,5.061617733800771735e-01,-9.787860523796530765e-02,5.601950852574909961e-02,4.584974974147930649e-01,-7.063321493722699018e-02,2.925027096335022433e-02,-3.522855955920721482e-02,1.621551165356452384e-02
2.375000000000000000e+00,5.049426569207532411e-01,-9.718086014848983933e-02,5.562019910183034488e-02,4.576177460506582473e-01,-7.012760209982939197e-02,2.881332998203080600e-02,-3.468349309336480474e-02,1.597718780959230672e-02
2.387500000000000178e+00,5.037322311559240262e-01,-9.648808797719472807e-02,5.522383766128176330e-02,4.567442924471014076e-01,-6.962556891768899303e-02,2.838314657666438437e-02,-3.414732100294774059e-02,1.574244772478916587e-02
2.400000000000000355e+00,5.025304341538067154e-01,-9.580025202215398938e-02,5.483040058293694313e-02,4.558770920202858123e-01,-6.912708952695154063e-02,2.795961055118614466e-02,-3.361988642564241181e-02,1.551123562416494191e-02
2.412500000000000089e+00,5.013372044395532079e-01,-9.511731587530893040e-02,5.443986446874332641e-02,4.550161005084471522e-01,-6.863213825960849668e-02,2.754261365102454728e-02,-3.310103557327252755e-02,1.528349664534238081e-02
2.425000000000000266e+00,5.001524809915939285e-01,-9.443924341969620051e-02,5.405220614103226767e-02,4.541612739694557144e-01,-6.814068964186606459e-02,2.713204952510454848e-02,-3.259061766329930665e-02,1.505917682253445598e-02
2.437500000000000000e+00,4.989762032380161139e-01,-9.376599882670999531e-02,5.366740263983390408e-02,4.533125687783986502e-01,-6.765271839253049480e-02,2.672781368869620033e-02,-3.208848485207208001e-02,1.483822307083063584e-02
2.450000000000000178e+00,4.978083110529766264e-01,-9.309754655339723406e-02,5.328543122023560868e-02,4.524699416251827810e-01,-6.716819942140878075e-02,2.632980348708675866e-02,-3.159449216977804065e-02,1.462058317078524655e-02
2.462500000000000355e+00,4.966487447531477417e-01,-9.243385133978575252e-02,5.290626934978349266e-02,4.516333495121567232e-01,-6.668710782772543921e-02,2.593791806005574935e-02,-3.110849745704242358e-02,1.440620575330165201e-02
2.475000000000000089e+00,4.954974450941965758e-01,-9.177487820624451176e-02,5.252989470592574900e-02,4.508027497517531623e-01,-6.620941889855443130e-02,2.555205830713231513e-02,-3.063036130313115737e-02,1.419504028480569717e-02
2.487500000000000266e+00,4.943543532672970420e-01,-9.112059245087557324e-02,5.215628517349705368e-02,4.499780999641503909e-01,-6.573510810726627962e-02,2.517212685361528215e-02,-3.015994698570994767e-02,1.398703705270231377e-02
2.500000000000000000e+00,4.932194108956743928e-01,-9.047095964693735448e-02,5.178541884224344832e-02,4.491593580749532744e-01,-6.526415111199056207e-02,2.479802801733686779e-02,-2.969712041211550538e-02,1.378214715110931063e-02
2.512500000000000178e+00,4.920925600311817361e-01,-8.982594564029840190e-02,5.141727400438635825e-02,4.483464823128931465e-01,-6.479652375409289400e-02,2.442966777615105875e-02,-2.924175006209522518e-02,1.358032246686225950e-02
2.525000000000000355e+00,4.909737431509081373e-01,-8.918551654692159769e-02,5.105182915222550299e-02,4.475394312075469117e-01,-6.433220205666689839e-02,2.406695373612899660e-02,-2.879370693197408002e-02,1.338151566578493767e-02
2.537500000000000089e+00,4.898629031538179190e-01,-8.854963875037788479e-02,5.068906297577953357e-02,4.467381635870750212e-01,-6.387116222304053959e-02,2.370979510044344402e-02,-2.835286448020781988e-02,1.318568017921954716e-02
2.550000000000000266e+00,4.887599833574211572e-01,-8.791827889938925999e-02,5.032895436046373044e-02,4.459426385759772127e-01,-6.341338063529679270e-02,2.335810263892535571e-02,-2.791909857428351988e-02,1.299277019081126333e-02
2.562500000000000000e+00,4.876649274944742651e-01,-8.729140390540085503e-02,4.997148238480417226e-02,4.451528155928679009e-01,-6.295883385280862110e-02,2.301178865827610553e-02,-2.749228743892961901e-02,1.280274062354185699e-02
2.575000000000000178e+00,4.865776797097110529e-01,-8.666898094018089804e-02,4.961662631818736929e-02,4.443686543482686657e-01,-6.250749861078776226e-02,2.267076697291892096e-02,-2.707231160559839603e-02,1.261554712700698258e-02
2.587500000000000355e+00,4.854981845566037069e-01,-8.605097743344905514e-02,4.926436561864493135e-02,4.435901148424195028e-01,-6.205935181884752322e-02,2.233495287647419350e-02,-2.665905386318568118e-02,1.243114606493222508e-02
2.600000000000000089e+00,4.844263869941529133e-01,-8.543736107053190310e-02,4.891467993067238895e-02,4.428171573631077829e-01,-6.161437055957915548e-02,2.200426311384310815e-02,-2.625239920995301249e-02,1.224949450292276039e-02
2.612500000000000266e+00,4.833622323837071799e-01,-8.482809979004561629e-02,4.856754908308148072e-02,4.420497424835144740e-01,-6.117253208714167750e-02,2.167861585388492288e-02,-2.585223480661897472e-02,1.207055019644183436e-02
2.625000000000000000e+00,4.823056664858114129e-01,-8.422316178160534073e-02,4.822295308688551163e-02,4.412878310600787390e-01,-6.073381382586525573e-02,2.135793066267358681e-02,-2.545844993058745537e-02,1.189427157901336990e-02
2.637500000000000178e+00,4.812566354570831928e-01,-8.362251548356053332e-02,4.788087213321669949e-02,4.405313842303790750e-01,-6.029819336886750591e-02,2.104212847731936134e-02,-2.507093593128120051e-02,1.172061775064389341e-02
2.650000000000000355e+00,4.802150858471179729e-01,-8.302612958075659966e-02,4.754128659127532935e-02,4.397803634110324378e-01,-5.986564847668308237e-02,2.073113158034223594e-02,-2.468958618655063206e-02,1.154954846645946456e-02
2.662500000000000089e+00,4.791809645954214769e-01,-8.243397300232148395e-02,4.720417700630980679e-02,4.390347302956097431e-01,-5.943615707590600705e-02,2.042486357458352803e-02,-2.431429606012814118e-02,1.138102412555298815e-02
2.675000000000000266e+00,4.781542190283699645e-01,-8.184601491947755825e-02,4.686952409762700639e-02,4.382944468525685200e-01,-5.900969725784472458e-02,2.012324935864290287e-02,-2.394496286009949876e-02,1.121500576003767700e-02
2.687500000000000000e+00,4.771347968561976960e-01,-8.126222474337831125e-02,4.653730875663264488e-02,4.375594753232025513e-01,-5.858624727718989011e-02,1.982621510282845528e-02,-2.358148579836479367e-02,1.105145502430249227e-02
2.700000000000000178e+00,4.761226461700110435e-01,-8.068257212296903180e-02,4.620751204490063102e-02,4.368297782196076673e-01,-5.816578555069441131e-02,1.953368822560725207e-02,-2.322376595106176445e-02,1.089033418446527963e-02
2.712500000000000355e+00,4.751177154388293578e-01,-8.010702694287173686e-02,4.588011519227128826e-02,4.361053183226642482e-01,-5.774829065586595950e-02,1.924559737054492084e-02,-2.287170621992593023e-02,1.073160610801975577e-02
2.725000000000000089e+00,4.741199535066522586e-01,-7.953555932129359463e-02,4.555509959497756889e-02,4.353860586800358812e-01,-5.733374132967155451e-02,1.896187238372237446e-02,-2.252521129456190249e-02,1.057523425367224573e-02
2.737500000000000266e+00,4.731293095895525158e-01,-7.896813960795841247e-02,4.523244681379884335e-02,4.346719626041840034e-01,-5.692211646725409829e-02,1.868244429161860024e-02,-2.218418761560167832e-02,1.042118266136440353e-02
2.750000000000000000e+00,4.721457332727951317e-01,-7.840473838206146739e-02,4.491213857224193168e-02,4.339629936703989221e-01,-5.651339512066103077e-02,1.840724527944862313e-02,-2.184854333872616669e-02,1.026941594247817759e-02
2.762500000000000178e+00,4.711691745079814586e-01,-7.784532645024640207e-02,4.459415675474840551e-02,4.332591157148462657e-01,-5.610755649758440711e-02,1.813620866994581152e-02,-2.151818829952675816e-02,1.011989927021922885e-02
2.775000000000000355e+00,4.701995836102186854e-01,-7.728987484460476953e-02,4.427848340492823026e-02,4.325602928326292007e-01,-5.570457996011290297e-02,1.786926890257839809e-02,-2.119303397918490678e-02,9.972598370175379118e-03
2.787500000000000089e+00,4.692369112553142485e-01,-7.673835482069726877e-02,4.396510072381877576e-02,4.318664893758663026e-01,-5.530444502349510238e-02,1.760636151318992898e-02,-2.087299347094780794e-02,9.827479511046406657e-03
2.800000000000000266e+00,4.682811084769943899e-01,-7.619073785559662970e-02,4.365399106816898050e-02,4.311776699517845257e-01,-5.490713135491415847e-02,1.734742311405387469e-02,-2.055798144737927199e-02,9.684509495541844537e-03
2.812500000000000000e+00,4.673321266641477512e-01,-7.564699564595188386e-02,4.334513694874821826e-02,4.304937994208279939e-01,-5.451261877227383396e-02,1.709239137433300054e-02,-2.024791412836551147e-02,9.543655651443466725e-03
2.825000000000000178e+00,4.663899175580923373e-01,-7.510710010607346554e-02,4.303852102867915946e-02,4.298148428947810573e-01,-5.412088724299539411e-02,1.684120500093386555e-02,-1.994270924985580909e-02,9.404885822829046199e-03
2.837500000000000355e+00,4.654544332498669612e-01,-7.457102336603917137e-02,4.273412612179458558e-02,4.291407657349073368e-01,-5.373191688282572681e-02,1.659380371974775517e-02,-1.964228603331916526e-02,9.268168361454326779e-03
2.850000000000000089e+00,4.645256261775456141e-01,-7.403873776982042298e-02,4.243193519101729622e-02,4.284715335501024791e-01,-5.334568795465617630e-02,1.635012825726888872e-02,-1.934656515589801284e-02,9.133472118289966482e-03
2.862500000000000266e+00,4.636034491235753729e-01,-7.351021587342855546e-02,4.213193134676296997e-02,4.278071121950624556e-01,-5.296218086735206276e-02,1.611012032258148791e-02,-1.905546872124107630e-02,9.000766435210402761e-03
2.875000000000000000e+00,4.626878552121375665e-01,-7.298543044308117289e-02,4.183409784536551435e-02,4.271474677684663490e-01,-5.258137617459302665e-02,1.587372258970733488e-02,-1.876892023099782994e-02,8.870021136831733946e-03
2.887500000000000178e+00,4.617787979065314796e-01,-7.246435445338773873e-02,4.153841808752434944e-02,4.264925666111728519e-01,-5.220325457372361477e-02,1.564087868030549985e-02,-1.848684455695731935e-02,8.741206522495508294e-03
2.900000000000000355e+00,4.608762310065806500e-01,-7.194696108555471981e-02,4.124487561677347980e-02,4.258423753044320859e-01,-5.182779690461444128e-02,1.541153314671649815e-02,-1.820916791381504626e-02,8.614293358395742201e-03
2.912500000000000089e+00,4.599801086460616473e-01,-7.143322372560956257e-02,4.095345411797167434e-02,4.251968606681109097e-01,-5.145498414853357655e-02,1.518563145534295757e-02,-1.793581783255163847e-02,8.489252869846220309e-03
2.925000000000000266e+00,4.590903852901546678e-01,-7.092311596264343210e-02,4.066413741581360181e-02,4.245559897589322174e-01,-5.108479742702796284e-02,1.496311997035928987e-02,-1.766672313440770595e-02,8.366056733685385202e-03
2.937500000000000000e+00,4.582070157329161120e-01,-7.041661158707254731e-02,4.037690947336153996e-02,4.239197298687287785e-01,-5.071721800081509246e-02,1.474394593774312583e-02,-1.740181390543992651e-02,8.244677070816176442e-03
2.950000000000000178e+00,4.573299550947729775e-01,-6.991368458891755733e-02,4.009175439059702029e-02,4.232880485227102363e-01,-5.035222726868441440e-02,1.452805746962111677e-02,-1.714102147164328974e-02,8.125086438878085029e-03
2.962500000000000355e+00,4.564591588200382910e-01,-6.941430915610105612e-02,3.980865640299248442e-02,4.226609134777442045e-01,-4.998980676640874671e-02,1.431540352892236509e-02,-1.688427837462551026e-02,8.007257825048973848e-03
2.975000000000000089e+00,4.555945826744480787e-01,-6.891845967276280516e-02,3.952759988010225156e-02,4.220382927206504098e-01,-4.962993816566529243e-02,1.410593391433246496e-02,-1.663151834781950722e-02,7.891164638974072429e-03
2.987500000000000266e+00,4.547361827427187086e-01,-6.842611071759230335e-02,3.924856932417254002e-02,4.214201544665089338e-01,-4.927260327296626580e-02,1.389959924554160127e-02,-1.638267629322045713e-02,7.776780705819679243e-03
3.000000000000000000e+00,4.538839154261258280e-01,-6.793723706217885683e-02,3.897154936877039733e-02,4.208064671569812232e-01,-4.891778402859918440e-02,1.369635094878028994e-02,-1.613768825863445139e-02,7.664080259449266089e-03
3.012500000000000178e+00,4.530377374401029500e-01,-6.745181366937845480e-02,3.869652477743090041e-02,4.201971994586445325e-01,-4.856546250557633448e-02,1.349614124263627882e-02,-1.589649141542575153e-02,7.553037935719476154e-03
3.025000000000000355e+00,4.521976058118609698e-01,-6.696981569169754844e-02,3.842348044232259119e-02,4.195923202613393577e-01,-4.821562090859379812e-02,1.329892312414666412e-02,-1.565902403675048515e-02,7.443628765893862097e-03
3.037500000000000089e+00,4.513634778780275525e-01,-6.649121846969345551e-02,3.815240138293065492e-02,4.189917986765297475e-01,-4.786824157299950783e-02,1.310465035515902786e-02,-1.542522547626454764e-02,7.335828170172001457e-03
3.050000000000000266e+00,4.505353112823061723e-01,-6.601599753039086305e-02,3.788327274475754292e-02,4.183956040356768269e-01,-4.752330696377047442e-02,1.291327744895582989e-02,-1.519503614729408175e-02,7.229611951331819247e-03
3.062500000000000000e+00,4.497130639731553581e-01,-6.554412858571488643e-02,3.761607979804094948e-02,4.178037058886244770e-01,-4.718079967449909790e-02,1.272475965713641861e-02,-1.496839750245718137e-02,7.124956288483000506e-03
3.075000000000000178e+00,4.488966942014869232e-01,-6.507558753093954651e-02,3.735080793648846986e-02,4.172160740019981717e-01,-4.684070242638824905e-02,1.253905295675087489e-02,-1.474525201372559741e-02,7.021837730929277564e-03
3.087500000000000355e+00,4.480861605183840135e-01,-6.461035044315244225e-02,3.708744267602907124e-02,4.166326783576158599e-01,-4.650299806725537860e-02,1.235611403768052848e-02,-1.452554315291588322e-02,6.920233192137640460e-03
3.100000000000000089e+00,4.472814217728376396e-01,-6.414839357973456391e-02,3.682596965358077290e-02,4.160534891509116706e-01,-4.616766957054516812e-02,1.217590029025961140e-02,-1.430921537259934213e-02,6.820119943812347207e-03
3.112500000000000266e+00,4.464824371095025279e-01,-6.368969337685558008e-02,3.656637462583438303e-02,4.154784767893715536e-01,-4.583470003435093781e-02,1.199836979313298642e-02,-1.409621408742062210e-02,6.721475610071790154e-03
3.125000000000000000e+00,4.456891659664717342e-01,-6.323422644798423753e-02,3.630864346805309784e-02,4.149076118909813538e-01,-4.550407268044460302e-02,1.182348130134494926e-02,-1.388648565581519605e-02,6.624278161726311100e-03
3.137500000000000178e+00,4.449015680730694089e-01,-6.278196958241354098e-02,3.605276217288753970e-02,4.143408652826866545e-01,-4.517577085331501985e-02,1.165119423465403245e-02,-1.367997736211585581e-02,6.528505910654973723e-03
3.150000000000000355e+00,4.441196034476623811e-01,-6.233289974380083059e-02,3.579871684920608865e-02,4.137782079988651107e-01,-4.484977801921479629e-02,1.148146866606917886e-02,-1.347663739903908614e-02,6.434137504279536894e-03
3.162500000000000089e+00,4.433432323954894505e-01,-6.188699406872226472e-02,3.554649372094025733e-02,4.132196112798100507e-01,-4.452607776521536054e-02,1.131426531060245218e-02,-1.327641485054202423e-02,6.341151920133721552e-03
3.175000000000000266e+00,4.425724155065088872e-01,-6.144422986524161745e-02,3.529607912594468627e-02,4.126650465702260129e-01,-4.420465379827014096e-02,1.114954551423377044e-02,-1.307925967504121323e-02,6.249528460526018216e-03
3.187500000000000000e+00,4.418071136532638055e-01,-6.100458461149336348e-02,3.504745951487188427e-02,4.121144855177364397e-01,-4.388548994428606576e-02,1.098727124308323914e-02,-1.288512268898456790e-02,6.159246747294317738e-03
3.200000000000000178e+00,4.410472879887650244e-01,-6.056803595427959902e-02,3.480062145006097146e-02,4.115678999714020847e-01,-4.356857014720285498e-02,1.082740507278658927e-02,-1.269395555076799700e-02,6.070286716650579416e-03
3.212500000000000355e+00,4.402928999443914138e-01,-6.013456170768088221e-02,3.455555160444071655e-02,4.110252619802516882e-01,-4.325387846808049358e-02,1.066991017806963489e-02,-1.250571074498871282e-02,5.982628614113943977e-03
3.225000000000000089e+00,4.395439112278074489e-01,-5.970413985168063209e-02,3.431223676044620197e-02,4.104865437918233106e-01,-4.294139908419437879e-02,1.051475032251743442e-02,-1.232034156702709396e-02,5.896252989530580135e-03
3.237500000000000266e+00,4.388002838208980294e-01,-5.927674853080296125e-02,3.407066380894916563e-02,4.099517178507173787e-01,-4.263111628813836401e-02,1.036188984853417781e-02,-1.213780210794944588e-02,5.811140692178681788e-03
3.250000000000000000e+00,4.380619799777202839e-01,-5.885236605276391447e-02,3.383081974820170701e-02,4.094207567971610007e-01,-4.232301448693554652e-02,1.021129366748987043e-02,-1.195804723972415315e-02,5.727272865957071940e-03
3.262500000000000178e+00,4.373289622224717510e-01,-5.843097088713562759e-02,3.359269168279306605e-02,4.088936334655826621e-01,-4.201707820115652831e-02,1.006292725004981521e-02,-1.178103260074375713e-02,5.644630944655796602e-03
3.275000000000000355e+00,4.366011933474757134e-01,-5.801254166402369794e-02,3.335626682261948889e-02,4.083703208831986897e-01,-4.171329206404542078e-02,9.916756616683277889e-03,-1.160671458164599240e-02,5.563196647307275776e-03
3.287500000000000089e+00,4.358786364111825740e-01,-5.759705717275715592e-02,3.312153248186668758e-02,4.078507922686102627e-01,-4.141164082065321855e-02,9.772748328347494531e-03,-1.143505031142666439e-02,5.482951973616473698e-03
3.300000000000000266e+00,4.351612547361877192e-01,-5.718449636059107916e-02,3.288847607800487322e-02,4.073350210304110264e-01,-4.111210932697852843e-02,9.630869477343494828e-03,-1.126599764383766182e-02,5.403879199468645048e-03
3.312500000000000000e+00,4.344490119072656475e-01,-5.677483833142190489e-02,3.265708513079618180e-02,4.068229807658055863e-01,-4.081468254911579940e-02,9.491087678340235159e-03,-1.109951514406356393e-02,5.325960872513284088e-03
3.325000000000000178e+00,4.337418717694195291e-01,-5.636806234451473968e-02,3.242734726131409756e-02,4.063146452592387714e-01,-4.051934556241058860e-02,9.353371059563509587e-03,-1.093556207567027844e-02,5.249179807822792684e-03
3.337500000000000355e+00,4.330397984259474753e-01,-5.596414781324319382e-02,3.219925019097499841e-02,4.058099884810351665e-01,-4.022608355062221031e-02,9.217688254146396559e-03,-1.077409838781961254e-02,5.173519083624601722e-03
3.350000000000000089e+00,4.323427562365236287e-01,-5.556307430384101881e-02,3.197278174058131722e-02,4.053089845860490259e-01,-3.993488180509333768e-02,9.084008391637844737e-03,-1.061508470274354597e-02,5.098962037105331246e-03
3.362500000000000266e+00,4.316507098152953525e-01,-5.516482153416564505e-02,3.174792982937627017e-02,4.048116079123247335e-01,-3.964572572392670302e-02,8.952301089666252903e-03,-1.045848230347233565e-02,5.025492260285696969e-03
3.375000000000000000e+00,4.309636240289954623e-01,-5.476936937247364051e-02,3.152468247411014529e-02,4.043178329797674220e-01,-3.935860081116882014e-02,8.822536445754916232e-03,-1.030425312181069281e-02,4.953093595964928007e-03
3.387500000000000178e+00,4.302814639950699460e-01,-5.437669783620752845e-02,3.130302778811755449e-02,4.038276344888236391e-01,-3.907349267600047915e-02,8.694685029286204278e-03,-1.015235972655629051e-02,4.881750133733341913e-03
3.400000000000000355e+00,4.296041950798205056e-01,-5.398678709079430399e-02,3.108295398040595778e-02,4.033409873191723949e-01,-3.879038703193418702e-02,8.568717873611566768e-03,-1.000276531195525356e-02,4.811446206051941607e-03
3.412500000000000089e+00,4.289317828965625301e-01,-5.359961744845509468e-02,3.086444935475491855e-02,4.028578665284258120e-01,-3.850926969601833894e-02,8.444606468304371311e-03,-9.855433686389145423e-03,4.742166384397751393e-03
3.425000000000000266e+00,4.282641933037971138e-01,-5.321516936702606893e-02,3.064750230882607590e-02,4.023782473508398794e-01,-3.823012658804798847e-02,8.322322751552707273e-03,-9.710329261288295002e-03,4.673895475473728058e-03
3.437500000000000000e+00,4.276013924033984503e-01,-5.283342344879049524e-02,3.043210133328372660e-02,4.019021051960350865e-01,-3.795294372978243874e-02,8.201839102689460065e-03,-9.567417040266429015e-03,4.606618517482118612e-03
3.450000000000000178e+00,4.269433465388154936e-01,-5.245436043932155679e-02,3.021823501092569045e-02,4.014294156477267173e-01,-3.767770724416920347e-02,8.083128334856748420e-03,-9.426662608471525484e-03,4.540320776460052971e-03
3.462500000000000355e+00,4.262900222932878846e-01,-5.207796122633614327e-02,3.000589201582449031e-02,4.009601544624647462e-01,-3.740440335457460158e-02,7.966163687802240573e-03,-9.288032122148204631e-03,4.474987742676338545e-03
3.475000000000000089e+00,4.256413864880763676e-01,-5.170420683855918992e-02,2.979506111247852765e-02,4.004942975683835060e-01,-3.713301838402071481e-02,7.850918820804580686e-03,-9.151492298406843293e-03,4.410605127088284942e-03
3.487500000000000266e+00,4.249974061807070824e-01,-5.133307844459858438e-02,2.958573115497316330e-02,4.000318210639606242e-01,-3.686353875442873601e-02,7.737367805725452706e-03,-9.017010405194833197e-03,4.347158857857528341e-03
3.500000000000000000e+00,4.243580486632303472e-01,-5.096455735183061386e-02,2.937789108615166192e-02,3.995727012167853975e-01,-3.659595098586868739e-02,7.625485120185781888e-03,-8.884554251465606386e-03,4.284635076923808648e-03
3.512500000000000178e+00,4.237232814604924291e-01,-5.059862500529548751e-02,2.917152993679561490e-02,3.991169144623368803e-01,-3.633024169581524493e-02,7.515245640863569068e-03,-8.754092177540894956e-03,4.223020136635618690e-03
3.525000000000000355e+00,4.230930723284220818e-01,-5.023526298660330180e-02,2.896663682481496679e-02,3.986644374027706328e-01,-3.606639759840993276e-02,7.406624636911064360e-03,-8.625593045662139843e-03,4.162300596436778292e-03
3.537500000000000089e+00,4.224673892523300722e-01,-4.987445301284990778e-02,2.876320095444728428e-02,3.982152468057151840e-01,-3.580440550372932657e-02,7.299597763488843011e-03,-8.499026230726774295e-03,4.102463219607887200e-03
3.550000000000000266e+00,4.218462004452221414e-01,-4.951617693554272170e-02,2.856121161546624349e-02,3.977693196030770983e-01,-3.554425231705932164e-02,7.194141055414549069e-03,-8.374361611205367872e-03,4.043494970061694942e-03
3.562500000000000000e+00,4.212294743461257318e-01,-4.916041673953652769e-02,2.836065818239923153e-02,3.973266328898558686e-01,-3.528592503817552795e-02,7.090230920924104653e-03,-8.251569560235755621e-03,3.985383009191472564e-03
3.575000000000000178e+00,4.206171796184296485e-01,-4.880715454197877279e-02,2.816153011375375700e-02,3.968871639229666348e-01,-3.502941076062944525e-02,6.987844135543096712e-03,-8.130620936890152126e-03,3.928114692771380971e-03
3.587500000000000355e+00,4.200092851482369882e-01,-4.845637259126472224e-02,2.796381695125280814e-02,3.964508901200730073e-01,-3.477469667104071682e-02,6.886957836066318582e-03,-8.011487077611656113e-03,3.871677567907983245e-03
3.600000000000000089e+00,4.194057600427311128e-01,-4.810805326600194054e-02,2.776750831907873890e-02,3.960177890584276050e-01,-3.452177004839510760e-02,6.787549514643279741e-03,-7.894139787816350021e-03,3.816059370041957697e-03
3.612500000000000266e+00,4.188065736285540019e-01,-4.776217907398422335e-02,2.757259392312575233e-02,3.955878384737222531e-01,-3.427061826334824868e-02,6.689597012967676663e-03,-7.778551333657480853e-03,3.761248019999137784e-03
3.625000000000000000e+00,4.182116954501985395e-01,-4.741873265117486219e-02,2.737906355026084940e-02,3.951610162589461184e-01,-3.402122877753525898e-02,6.593078516568845471e-03,-7.664694433948248536e-03,3.707231621090037108e-03
3.637500000000000178e+00,4.176210952684118460e-01,-4.707769676069901987e-02,2.718690706759295181e-02,3.947373004632528937e-01,-3.377358914288583480e-02,6.497972549203161544e-03,-7.552542252239719325e-03,3.653998456256959178e-03
3.650000000000000355e+00,4.170347430586126558e-01,-4.673905429184527227e-02,2.699611442175034112e-02,3.943166692908364190e-01,-3.352768700094515414e-02,6.404257967343555957e-03,-7.442068389050643731e-03,3.601536985267920002e-03
3.662500000000000089e+00,4.164526090093202404e-01,-4.640278825907608040e-02,2.680667563816605328e-02,3.938991010998146303e-01,-3.328351008220021418e-02,6.311913954765201520e-03,-7.333246874245843115e-03,3.549835841956510470e-03
3.675000000000000266e+00,4.158746635205957665e-01,-4.606888180104710961e-02,2.661858082037122514e-02,3.934845744011218338e-01,-3.304104620541174070e-02,6.220920017225547820e-03,-7.226052159560041564e-03,3.498883831506920550e-03
3.687500000000000000e+00,4.153008772024960882e-01,-4.573731817963545138e-02,2.643182014929635476e-02,3.930730678574097525e-01,-3.280028327695157231e-02,6.131255977236960142e-03,-7.120459111264083006e-03,3.448669927783357212e-03
3.700000000000000178e+00,4.147312208735394745e-01,-4.540808077897640765e-02,2.624638388258015986e-02,3.926645602819561209e-01,-3.256120929014540838e-02,6.042901968930095707e-03,-7.016443002970430137e-03,3.399183270703032972e-03
3.712500000000000355e+00,4.141656655591833824e-01,-4.508115310450892810e-02,2.606226235388614185e-02,3.922590306375822733e-01,-3.232381232462096937e-02,5.955838433006409999e-03,-6.913979508575108894e-03,3.350413163652025093e-03
3.725000000000000089e+00,4.136041824903141650e-01,-4.475651878202957512e-02,2.587944597222661264e-02,3.918564580355780036e-01,-3.208808054566143070e-02,5.870046111778022893e-03,-6.813044695333130354e-03,3.302349070943217876e-03
3.737500000000000266e+00,4.130467431017482149e-01,-4.443416155675475321e-02,2.569792522129409756e-02,3.914568217346351409e-01,-3.185400220356413709e-02,5.785506044293313097e-03,-6.713615017064626656e-03,3.254980615315612464e-03
3.750000000000000000e+00,4.124933190307452646e-01,-4.411406529239146612e-02,2.551769065880008305e-02,3.910601011397887294e-01,-3.162156563300452805e-02,5.702199561546671819e-03,-6.615667307488980881e-03,3.208297575474311145e-03
3.762500000000000178e+00,4.119438821155329000e-01,-4.379621397021606771e-02,2.533873291582089404e-02,3.906662758013663139e-01,-3.139075925240519122e-02,5.620108281770746887e-03,-6.519178773684204849e-03,3.162289883670423712e-03
3.775000000000000355e+00,4.113984043938427870e-01,-4.348059168816133246e-02,2.516104269615073580e-02,3.902753254139449401e-01,-3.116157156331011632e-02,5.539214105809717528e-03,-6.424126989669044253e-03,3.116947623320264881e-03
3.787500000000000089e+00,4.108568581014579446e-01,-4.316718265991145026e-02,2.498461077566166075e-02,3.898872298153163163e-01,-3.093399114976392097e-02,5.459499212572011678e-03,-6.330489890105170034e-03,3.072261026663118937e-03
3.800000000000000266e+00,4.103192156707716753e-01,-4.285597121400500781e-02,2.480942800167044993e-02,3.895019689854588019e-01,-3.070800667769612441e-02,5.380946054561007788e-03,-6.238245764117010018e-03,3.028220472456926316e-03
3.812500000000000000e+00,4.097854497293572651e-01,-4.254694179294590817e-02,2.463548529231233616e-02,3.891195230455183895e-01,-3.048360689431046586e-02,5.303537353482296046e-03,-6.147373249226804372e-03,2.984816483711257625e-03
3.825000000000000178e+00,4.092555330985490625e-01,-4.224007895232192306e-02,2.446277363592137474e-02,3.887398722567959597e-01,-3.026078062747902808e-02,5.227256095926000219e-03,-6.057851325402433679e-03,2.942039725456893368e-03
3.837500000000000355e+00,4.087294387920342165e-01,-4.193536735993114162e-02,2.429128409041748232e-02,3.883629970197431391e-01,-3.003951678514136386e-02,5.152085529122850394e-03,-5.969659309215786212e-03,2.899881002551431275e-03
3.850000000000000089e+00,4.082071400144559048e-01,-4.163279179491591320e-02,2.412100778269997414e-02,3.879888778729648768e-01,-2.981980435470838603e-02,5.078009156772569400e-03,-5.882776848109322505e-03,2.858331257520264641e-03
3.862500000000000266e+00,4.076886101600262213e-01,-4.133233714690431188e-02,2.395193590804752318e-02,3.876174954922299021e-01,-2.960163240247104879e-02,5.005010734943265809e-03,-5.797183914768641068e-03,2.817381568432344476e-03
3.875000000000000000e+00,4.071738228111510538e-01,-4.103398841515919215e-02,2.378405972952452735e-02,3.872488306894883436e-01,-2.938499007301384816e-02,4.933074268040539383e-03,-5.712860801598921949e-03,2.777023146810143027e-03
3.887500000000000178e+00,4.066627517370646205e-01,-4.073773070773446109e-02,2.361737057739367665e-02,3.868828644118967874e-01,-2.916986658863293322e-02,4.862184004844959800e-03,-5.629788115303031165e-03,2.737247335573205018e-03
3.900000000000000355e+00,4.061553708924748873e-01,-4.044354924063883749e-02,2.345185984853475833e-02,3.865195777408503841e-01,-2.895625124875898099e-02,4.792324434616727739e-03,-5.547946771559340504e-03,2.698045607014752743e-03
3.912500000000000089e+00,4.056516544162193649e-01,-4.015142933700665412e-02,2.328751900586951973e-02,3.861589518910222285e-01,-2.874413342938460236e-02,4.723480283266229436e-03,-5.467317989797131593e-03,2.659409560810749133e-03
3.925000000000000266e+00,4.051515766299309540e-01,-3.986135642627591791e-02,2.312433957779253674e-02,3.858009682094101223e-01,-2.853350258249636937e-02,4.655636509589298165e-03,-5.387883288067659565e-03,2.621330922060886685e-03
3.937500000000000000e+00,4.046551120367146703e-01,-3.957331604337346875e-02,2.296231315760810521e-02,3.854456081743899420e-01,-2.832434823551140471e-02,4.588778301566021241e-03,-5.309624478008967245e-03,2.583801539360963597e-03
3.950000000000000178e+00,4.041622353198336959e-01,-3.928729382790700775e-02,2.280143140297286042e-02,3.850928533947761134e-01,-2.811665999071839492e-02,4.522891072721874767e-03,-5.232523659902487898e-03,2.546813382906097656e-03
3.962500000000000355e+00,4.036729213414060324e-01,-3.900327552336425863e-02,2.264168603534430502e-02,3.847426856088897451e-01,-2.791042752472315189e-02,4.457960458550132288e-03,-5.156563217819673181e-03,2.510358542624281739e-03
3.975000000000000089e+00,4.031871451411110918e-01,-3.872124697631879053e-02,2.248306883943495399e-02,3.843950866836325364e-01,-2.770564058789850431e-02,4.393972312994346048e-03,-5.081725814856782354e-03,2.474429226339742299e-03
3.987500000000000266e+00,4.027048819349058340e-01,-3.844119413564273807e-02,2.232557166267213136e-02,3.840500386135684008e-01,-2.750228900383860572e-02,4.330912704989867829e-03,-5.007994388456082392e-03,2.439017757965615107e-03
4.000000000000000000e+00,4.022261071137510080e-01,-3.816310305172621736e-02,2.216918641466336659e-02,3.837075235200114731e-01,-2.730036266881760015e-02,4.268767915063339906e-03,-4.935352145811775469e-03,2.404116575725446896e-03
4.012500000000000178e+00,4.017507962423471635e-01,-3.788695987570338264e-02,2.201390506666719635e-02,3.833675236501210004e-01,-2.709985155125251358e-02,4.207524431989055451e-03,-4.863782559358885253e-03,2.369718230403016369e-03
4.025000000000000355e+00,4.012789250578798206e-01,-3.761275085868506091e-02,2.185971965106945844e-02,3.830300213760029493e-01,-2.690074569117049952e-02,4.147168949501233402e-03,-4.793269362343546836e-03,2.335815383620031341e-03
4.037500000000000533e+00,4.008104694687748548e-01,-3.734046235099792999e-02,2.170662226086487664e-02,3.826949991938181639e-01,-2.670303519968023065e-02,4.087688363061143561e-03,-4.723796544473008938e-03,2.302400806141201989e-03
4.049999999999999822e+00,4.003454055534629852e-01,-3.707008080143011503e-02,2.155460504914394337e-02,3.823624397228970739e-01,-2.650671025844749881e-02,4.029069766678125206e-03,-4.655348347643827912e-03,2.269467376206253488e-03
4.062500000000000000e+00,3.998837095591534219e-01,-3.680159275648309247e-02,2.140366022858496836e-02,3.820323257048608978e-01,-2.631176111917493676e-02,3.971300449783505236e-03,-4.587909261746649786e-03,2.237008077888410097e-03
4.075000000000000178e+00,3.994253579006172283e-01,-3.653498485963013048e-02,2.125378007095135233e-02,3.817046400027497288e-01,-2.611817810308592405e-02,3.914367894156523323e-03,-4.521464020546171747e-03,2.205015999478934785e-03
4.087500000000000355e+00,3.989703271589800093e-01,-3.627024385058073841e-02,2.110495690659384971e-02,3.813793656001563948e-01,-2.592595160041248278e-02,3.858259770901257494e-03,-4.455997597634686266e-03,2.173484331897255172e-03
4.100000000000000533e+00,3.985185940805232585e-01,-3.600735656455143763e-02,2.095718312395786556e-02,3.810564856003672563e-01,-2.573507206988723262e-02,3.802963937473694944e-03,-4.391495202457853901e-03,2.142406367126271135e-03
4.112499999999999822e+00,3.980701355754950321e-01,-3.574630993154265940e-02,2.081045116909573112e-02,3.807359832255089449e-01,-2.554553003823938420e-02,3.748468434758039924e-03,-4.327942276411264957e-03,2.111775496672422571e-03
4.125000000000000000e+00,3.976249287169297264e-01,-3.548709097562159631e-02,2.066475354518378452e-02,3.804178418157016517e-01,-2.535731609969460107e-02,3.694761484191357546e-03,-4.265324489006373614e-03,2.081585210050088813e-03
4.137500000000000178e+00,3.971829507394767367e-01,-3.522968681421125708e-02,2.052008281204438511e-02,3.801020448282184105e-01,-2.517042091547894503e-02,3.641831484935756369e-03,-4.203627734104549429e-03,2.051829093289951524e-03
4.150000000000000355e+00,3.967441790382379430e-01,-3.497408465738528760e-02,2.037643158567259416e-02,3.797885758366508768e-01,-2.498483521332657206e-02,3.589667011097188217e-03,-4.142838126217800350e-03,2.022500827470876967e-03
4.162500000000000533e+00,3.963085911676137441e-01,-3.472027180716875244e-02,2.023379253776758438e-02,3.794774185300807123e-01,-2.480054978699136603e-02,3.538256808990099343e-03,-4.082941996874968511e-03,1.993594187274960305e-03
4.174999999999999822e+00,3.958761648401582511e-01,-3.446823565684475899e-02,2.009215839526872979e-02,3.791685567122577982e-01,-2.461755549576238183e-02,3.487589794447096790e-03,-4.023925891052094334e-03,1.965103039565339448e-03
4.187500000000000000e+00,3.954468779254426414e-01,-3.421796369026677831e-02,1.995152193989617809e-02,3.788619743007834995e-01,-2.443584326398304252e-02,3.437655050172829397e-03,-3.965776563665696433e-03,1.937021341986390303e-03
4.200000000000000178e+00,3.950207084489275045e-01,-3.396944348117681561e-02,1.981187600769611021e-02,3.785576553263011457e-01,-2.425540408057420480e-02,3.388441823141345732e-03,-3.908480976127821568e-03,1.909343141585964285e-03
4.212500000000000355e+00,3.945976345908434046e-01,-3.372266269252909010e-02,1.967321348859032287e-02,3.782555839316910640e-01,-2.407622899856083631e-02,3.339939522036101949e-03,-3.852026292961579623e-03,1.882062573459261298e-03
4.225000000000000533e+00,3.941776346850797696e-01,-3.347760907581939088e-02,1.953552732593030056e-02,3.779557443712728282e-01,-2.389830913460244330e-02,3.292137714731919150e-03,-3.796399878476087227e-03,1.855173859414015755e-03
4.237499999999999822e+00,3.937606872180826056e-01,-3.323427047042002563e-02,1.939881051605564857e-02,3.776581210100123931e-01,-2.372163566852716898e-02,3.245026125818140442e-03,-3.741589293499645186e-03,1.828671306656632191e-03
4.250000000000000000e+00,3.933467708277597619e-01,-3.299263480292007750e-02,1.926305610785678663e-02,3.773626983227353904e-01,-2.354619984286945161e-02,3.198594634162247371e-03,-3.687582292170025165e-03,1.802549306498915519e-03
4.262500000000000178e+00,3.929358643023951325e-01,-3.275269008647138658e-02,1.912825720234197918e-02,3.770694608933463643e-01,-2.337199296241142255e-02,3.152833270513277861e-03,-3.634366818780836519e-03,1.776802333085087142e-03
4.275000000000000355e+00,3.925279465795706302e-01,-3.251442442013966622e-02,1.899440695220850836e-02,3.767783934140533364e-01,-2.319900639372772522e-02,3.107732215144291040e-03,-3.581931004682828781e-03,1.751424942138715257e-03
4.287500000000000533e+00,3.921229967450960974e-01,-3.227782598826106630e-02,1.886149856141801015e-02,3.764894806845983655e-01,-2.302723156473395968e-02,3.063281795533239274e-03,-3.530263165239139276e-03,1.726411769729262928e-03
4.299999999999999822e+00,3.917209940319477668e-01,-3.204288305980403095e-02,1.872952528477593928e-02,3.762027076114934365e-01,-2.285665996423861049e-02,3.019472484081572178e-03,-3.479351796833456741e-03,1.701757531057918483e-03
4.312500000000000000e+00,3.913219178192138825e-01,-3.180958398773627016e-02,1.859848042751503436e-02,3.759180592072621785e-01,-2.268728314149840927e-02,2.976294895869893015e-03,-3.429185573930070528e-03,1.677457019262389246e-03
4.325000000000000178e+00,3.909257476310489809e-01,-3.157791720839713684e-02,1.846835734488287001e-02,3.756355205896870775e-01,-2.251909270577725705e-02,2.933739786450081585e-03,-3.379753346184887278e-03,1.653505104240371969e-03
4.337500000000000355e+00,3.905324631356356102e-01,-3.134787124087489579e-02,1.833914944173329828e-02,3.753550769810619636e-01,-2.235208032590843205e-02,2.891798049673179310e-03,-3.331044135606385948e-03,1.629896731491358190e-03
4.350000000000000533e+00,3.901420441441535991e-01,-3.111943468638919685e-02,1.821085017212182439e-02,3.750767137074502711e-01,-2.218623772986027740e-02,2.850460715552474884e-03,-3.283047133765618682e-03,1.606626920976506317e-03
4.362499999999999822e+00,3.897544706097575418e-01,-3.089259622767861688e-02,1.808345303890484743e-02,3.748004161979485160e-01,-2.202155670430520559e-02,2.809718948161161241e-03,-3.235751699054325962e-03,1.583690765996273366e-03
4.375000000000000000e+00,3.893697226265613320e-01,-3.066734462839302428e-02,1.795695159334268279e-02,3.745261699839550484e-01,-2.185802909419201287e-02,2.769564043563955361e-03,-3.189147353990250122e-03,1.561083432085508867e-03
4.387500000000000178e+00,3.889877804286308027e-01,-3.044366873249111996e-02,1.783133943470644953e-02,3.742539606984443545e-01,-2.169564680232159010e-02,2.729987427782141433e-03,-3.143223782568811946e-03,1.538800155925753969e-03
4.400000000000000355e+00,3.886086243889834146e-01,-3.022155746364264817e-02,1.770661020988857637e-02,3.739837740752465778e-01,-2.153440178892579090e-02,2.690980654791401590e-03,-3.097970827660217075e-03,1.516836244274431984e-03
4.412500000000000533e+00,3.882322350185956616e-01,-3.000099982463558940e-02,1.758275761301705820e-02,3.737155959483322021e-01,-2.137428607124961660e-02,2.652535404551920745e-03,-3.053378488451208121e-03,1.495187072910679916e-03
4.424999999999999822e+00,3.878585929654179143e-01,-2.978198489678809957e-02,1.745977538507333462e-02,3.734494122511018976e-01,-2.121529172313660686e-02,2.614643481070193492e-03,-3.009436917930602504e-03,1.473848085597543418e-03
4.437500000000000000e+00,3.874876790133959803e-01,-2.956450183936516762e-02,1.733765731351374559e-02,3.731852090156818069e-01,-2.105741087461737021e-02,2.577296810491975371e-03,-2.966136420417799825e-03,1.452814793060263699e-03
4.450000000000000178e+00,3.871194740815009916e-01,-2.934853988900010605e-02,1.721639723189460208e-02,3.729229723722236045e-01,-2.090063571150139327e-02,2.540487439225897533e-03,-2.923467449133504165e-03,1.432082771980416327e-03
4.462500000000000355e+00,3.867539592227655088e-01,-2.913408835912056558e-02,1.709598901950070554e-02,3.726626885482097196e-01,-2.074495847497186130e-02,2.504207532097154146e-03,-2.881420603811825180e-03,1.411647664005616799e-03
4.475000000000000533e+00,3.863911156233272304e-01,-2.892113663937926488e-02,1.697642660097738176e-02,3.724043438677639983e-01,-2.059037146118366732e-02,2.468449370530800217e-03,-2.839986628353034174e-03,1.391505174774563874e-03
4.487499999999999822e+00,3.860309246014796969e-01,-2.870967419508925825e-02,1.685770394596593919e-02,3.721479247509667521e-01,-2.043686702086448467e-02,2.433205350764139005e-03,-2.799156408516221411e-03,1.371651072957165256e-03
4.500000000000000000e+00,3.856733676067301553e-01,-2.849969056666369627e-02,1.673981506874249250e-02,3.718934177131751895e-01,-2.028443755891885802e-02,2.398467982087694201e-03,-2.758920969651099640e-03,1.352081189309494932e-03
4.512500000000000178e+00,3.853184262188641962e-01,-2.829117536906022509e-02,1.662275402786021067e-02,3.716408093643486232e-01,-2.013307553403542033e-02,2.364229885114317153e-03,-2.719271474468283340e-03,1.332791415743364702e-03
4.525000000000000355e+00,3.849660821470173300e-01,-2.808411829122968092e-02,1.650651492579481225e-02,3.713900864083787279e-01,-1.998277345829702414e-02,2.330483790075903953e-03,-2.680199220847280864e-03,1.313777704410247493e-03
4.537500000000000533e+00,3.846163172287537235e-01,-2.787850909556925313e-02,1.639109190859337414e-02,3.711412356424243497e-01,-1.983352389679389483e-02,2.297222535147294773e-03,-2.641695639681556750e-03,1.295036066799341076e-03
4.549999999999999822e+00,3.842691134291512656e-01,-2.767433761738007092e-02,1.627647916552638421e-02,3.708942439562514792e-01,-1.968531946723976397e-02,2.264439064796878835e-03,-2.603752292759969455e-03,1.276562572849537953e-03
4.562500000000000000e+00,3.839244528398936263e-01,-2.747159376432897412e-02,1.616267092874295111e-02,3.706490983315777754e-01,-1.953815283959084437e-02,2.232126428163447914e-03,-2.566360870683912290e-03,1.258353350075073346e-03
4.575000000000000178e+00,3.835823176783694222e-01,-2.727026751591477699e-02,1.604966147292928233e-02,3.704057858414218085e-01,-1.939201673566784759e-02,2.200277777458888983e-03,-2.529513190819550859e-03,1.240404582704650663e-03
4.587500000000000355e+00,3.832426902867770435e-01,-2.707034892293860850e-02,1.593744511497019803e-02,3.701642936494572989e-01,-1.924690392878078068e-02,2.168886366396233743e-03,-2.493201195284460488e-03,1.222712510833800755e-03
4.600000000000000533e+00,3.829055531312371974e-01,-2.687182810697854793e-02,1.582601621361377775e-02,3.699246090093716299e-01,-1.910280724335662594e-02,2.137945548642675164e-03,-2.457416948968091201e-03,1.205273429590285415e-03
4.612499999999999822e+00,3.825708888009111686e-01,-2.667469525986842019e-02,1.571536916913909149e-02,3.696867192642294686e-01,-1.895971955456989336e-02,2.107448776297119516e-03,-2.422152637585424460e-03,1.188083688312327859e-03
4.625000000000000000e+00,3.822386800071257973e-01,-2.647894064318066440e-02,1.560549842302690407e-02,3.694506118458402710e-01,-1.881763378797590702e-02,2.077389598391855829e-03,-2.387400565763220153e-03,1.171139689739459852e-03
4.637500000000000178e+00,3.819089095825051738e-01,-2.628455458771345246e-02,1.549639845763345868e-02,3.692162742741313397e-01,-1.867654291914699199e-02,2.047761659417962447e-03,-2.353153155158297857e-03,1.154437889215802898e-03
4.650000000000000355e+00,3.815815604801083838e-01,-2.609152749298169691e-02,1.538806379586713999e-02,3.689836941565243777e-01,-1.853643997331132220e-02,2.018558697874020015e-03,-2.319402942607231340e-03,1.137974793905558628e-03
4.662500000000000533e+00,3.812566157725737481e-01,-2.589984982671217004e-02,1.528048900086810893e-02,3.687528591873173722e-01,-1.839731802499456476e-02,1.989774544837772264e-03,-2.286142578306925473e-03,1.121746962020535136e-03
4.674999999999999822e+00,3.809340586512693361e-01,-2.570951212434261987e-02,1.517366867569082921e-02,3.685237571470705298e-01,-1.825917019766425467e-02,1.961403122560333862e-03,-2.253364824025514811e-03,1.105751002059508466e-03
4.687500000000000000e+00,3.806138724254494732e-01,-2.552050498852474411e-02,1.506759746298942659e-02,3.682963759019964867e-01,-1.812198966337678213e-02,1.933438443082570631e-03,-2.221062551343023963e-03,1.089983572059226909e-03
4.700000000000000178e+00,3.802960405214180217e-01,-2.533281908863123724e-02,1.496227004470595395e-02,3.680707034033554592e-01,-1.798576964242720039e-02,1.905874606873305841e-03,-2.189228739921300539e-03,1.074441378856890936e-03
4.712500000000000355e+00,3.799805464816971012e-01,-2.514644516026656035e-02,1.485768114176137973e-02,3.678467276868543356e-01,-1.785050340300155941e-02,1.878705801488952509e-03,-2.157856475802644343e-03,1.059121177363899716e-03
4.725000000000000533e+00,3.796673739642023593e-01,-2.496137400478163834e-02,1.475382551374939018e-02,3.676244368720500422e-01,-1.771618426083191797e-02,1.851926300254245128e-03,-2.126938949736665706e-03,1.044019769850707902e-03
4.737499999999999822e+00,3.793565067414242375e-01,-2.477759648879237706e-02,1.465069795863292550e-02,3.674038191617575722e-01,-1.758280557885398901e-02,1.825530460963714369e-03,-2.096469455534849535e-03,1.029134005242606604e-03
4.750000000000000000e+00,3.790479286996149555e-01,-2.459510354370185101e-02,1.454829331244340308e-02,3.671848628414618454e-01,-1.745036076686730386e-02,1.799512724603546509e-03,-2.066441388452334126e-03,1.014460778426251640e-03
4.762500000000000178e+00,3.787416238379818778e-01,-2.441388616522642205e-02,1.444660644898268162e-02,3.669675562787342304e-01,-1.731884328119804792e-02,1.773867614093524447e-03,-2.036848243596445923e-03,9.999970295667844327e-04
4.775000000000000355e+00,3.784375762678862665e-01,-2.423393541292537950e-02,1.434563227952761338e-02,3.667518879226530082e-01,-1.718824662436434919e-02,1.748589733048676927e-03,-2.007683614361477180e-03,9.857397434353582129e-04
4.787500000000000533e+00,3.781357702120483610e-01,-2.405524240973436201e-02,1.424536575253725242e-02,3.665378463032279988e-01,-1.705856434474413777e-02,1.723673764560341689e-03,-1.978941190889279764e-03,9.716859487469177437e-04
4.800000000000000711e+00,3.778361900037580656e-01,-2.387779834150239797e-02,1.414580185336265956e-02,3.663254200308292408e-01,-1.692979003624549977e-02,1.699114469996310149e-03,-1.950614758555198293e-03,9.578327175080684087e-04
4.812500000000000000e+00,3.775388200860912979e-01,-2.370159445653256119e-02,1.404693560395927319e-02,3.661145977956203335e-01,-1.680191733797953627e-02,1.674906687819742446e-03,-1.922698196478911077e-03,9.441771643748731249e-04
4.825000000000000178e+00,3.772436450111322781e-01,-2.352662206512615498e-02,1.394876206260178830e-02,3.659053683669949431e-01,-1.667493993393561608e-02,1.651045332426537542e-03,-1.895185476059718741e-03,9.307164460204178083e-04
4.837500000000000355e+00,3.769506494392012019e-01,-2.335287253913056332e-02,1.385127632360162730e-02,3.656977205930180830e-01,-1.654885155265919602e-02,1.627525393000875875e-03,-1.868070659535891933e-03,9.174477605120050965e-04
4.850000000000000533e+00,3.766598181380880206e-01,-2.318033731149049537e-02,1.375447351702681169e-02,3.654916433998712799e-01,-1.642364596693194831e-02,1.604341932388607091e-03,-1.841347898567607813e-03,9.043683466978043751e-04
4.862500000000000711e+00,3.763711359822912716e-01,-2.300900787580278245e-02,1.365834880842434207e-02,3.652871257913013481e-01,-1.629931699345436510e-02,1.581490085988213577e-03,-1.815011432843098658e-03,8.914754836028251830e-04
4.875000000000000000e+00,3.760845879522626833e-01,-2.283887578587461345e-02,1.356289739854501381e-02,3.650841568480734933e-01,-1.617585849253072236e-02,1.558965060659053348e-03,-1.789055588707594508e-03,8.787664898340613422e-04
4.887500000000000178e+00,3.758001591336574965e-01,-2.266993265528515974e-02,1.346811452307059530e-02,3.648827257274282476e-01,-1.605326436775637161e-02,1.536762133646593902e-03,-1.763474777814653949e-03,8.662387229946585769e-04
4.900000000000000355e+00,3.755178347165897268e-01,-2.250217015695070086e-02,1.337399545234346267e-02,3.646828216625422892e-01,-1.593152856570750203e-02,1.514876651524382041e-03,-1.738263495799519586e-03,8.538895791069757348e-04
4.912500000000000533e+00,3.752375999948935337e-01,-2.233558002269298709e-02,1.328053549109853813e-02,3.644844339619929818e-01,-1.581064507563307783e-02,1.493304029152445200e-03,-1.713416320974082540e-03,8.417164920443837017e-04
4.925000000000000711e+00,3.749594403653892516e-01,-2.217015404281101262e-02,1.318772997819757202e-02,3.642875520092271335e-01,-1.569060792914920774e-02,1.472039748651880363e-03,-1.688927913043101201e-03,8.297169329716777607e-04
4.937500000000000000e+00,3.746833413271552504e-01,-2.200588406565609847e-02,1.309557428636575274e-02,3.640921652620329185e-01,-1.557141119993572451e-02,1.451079358395359047e-03,-1.664793011841305195e-03,8.178884097939636416e-04
4.950000000000000178e+00,3.744092884808048471e-01,-2.184276199721017775e-02,1.300406382193056154e-02,3.638982632520162963e-01,-1.545304900343507336e-02,1.430418472013284068e-03,-1.641006436091007464e-03,8.062284666138813021e-04
4.962500000000000355e+00,3.741372675277685467e-01,-2.168077980066746013e-02,1.291319402456295694e-02,3.637058355840807611e-01,-1.533551549655347637e-02,1.410052767415361256e-03,-1.617563082179898767e-03,7.947346831970476116e-04
4.975000000000000533e+00,3.738672642695816672e-01,-2.151992949601919461e-02,1.282296036702072761e-02,3.635148719359108105e-01,-1.521880487736429130e-02,1.389977985827314019e-03,-1.594457922958642969e-03,7.834046744455737399e-04
4.987500000000000711e+00,3.735992646071766843e-01,-2.136020315964169344e-02,1.273335835489409693e-02,3.633253620574593556e-01,-1.510291138481361164e-02,1.370189930842509582e-03,-1.571686006557955007e-03,7.722360898795423232e-04
5.000000000000000000e+00,3.733332545401810698e-01,-2.120159292388752031e-02,1.264438352635351842e-02,3.631372957704384619e-01,-1.498782929842807678e-02,1.350684467488252969e-03,-1.549242455224819149e-03,7.612266131263177756e-04
5.012500000000000178e+00,3.730692201662201279e-01,-2.104409097667973849e-02,1.255603145189961023e-02,3.629506629678140306e-01,-1.487355293802481403e-02,1.331457521306504991e-03,-1.527122464177511430e-03,7.503739614175620239e-04
5.025000000000000355e+00,3.728071476802250483e-01,-2.088768956110942723e-02,1.246829773411529778e-02,3.627654536133039231e-01,-1.476007666342364806e-02,1.312505077448807836e-03,-1.505321300479123573e-03,7.396758850938476822e-04
5.037500000000000533e+00,3.725470233737455672e-01,-2.073238097503613334e-02,1.238117800742001909e-02,3.625816577408796926e-01,-1.464739487416135896e-02,1.293823179785165423e-03,-1.483834301929246426e-03,7.291301671167356316e-04
5.050000000000000711e+00,3.722888336342680127e-01,-2.057815757069144519e-02,1.229466793782606378e-02,3.623992654542720349e-01,-1.453550200920812781e-02,1.275407930026672097e-03,-1.462656875973518010e-03,7.187346225882112983e-04
5.062500000000000000e+00,3.720325649445379024e-01,-2.042501175428561994e-02,1.220876322269700241e-02,3.622182669264794597e-01,-1.442439254668608645e-02,1.257255486861662622e-03,-1.441784498630728712e-03,7.084870982773618835e-04
5.075000000000000178e+00,3.717782038818878698e-01,-2.027293598561713539e-02,1.212345959050813507e-02,3.620386523992806249e-01,-1.431406100358994030e-02,1.239362065105157305e-03,-1.421212713437174395e-03,6.983854721541784280e-04
5.087500000000000355e+00,3.715257371175701984e-01,-2.012192277768535750e-02,1.203875280060904759e-02,3.618604121827504461e-01,-1.420450193550973871e-02,1.221723934861411670e-03,-1.400937130407984860e-03,6.884276529303825316e-04
5.100000000000000533e+00,3.712751514160941846e-01,-1.997196469630602503e-02,1.195463864298812982e-02,3.616835366547789810e-01,-1.409570993635563853e-02,1.204337420699328441e-03,-1.380953425015111515e-03,6.786115796071545605e-04
5.112500000000000711e+00,3.710264336345682201e-01,-1.982305435972975260e-02,1.187111293803910957e-02,3.615080162605944225e-01,-1.398767963808476324e-02,1.187198900840552964e-03,-1.361257337181709685e-03,6.689352210296666337e-04
5.125000000000000000e+00,3.707795707220469805e-01,-1.967518443826342042e-02,1.178817153632958845e-02,3.613338415122891445e-01,-1.388040571043008299e-02,1.170304806360033482e-03,-1.341844670292634137e-03,6.593965754483124006e-04
5.137500000000000178e+00,3.705345497188826664e-01,-1.952834765389438107e-02,1.170581031837148074e-02,3.611610029883490780e-01,-1.377388286063128617e-02,1.153651620398848292e-03,-1.322711290220764157e-03,6.499936700865243224e-04
5.150000000000000355e+00,3.702913577560817959e-01,-1.938253677991766399e-02,1.162402519439347318e-02,3.609894913331866961e-01,-1.366810583316772042e-02,1.137235877389115683e-03,-1.303853124368911653e-03,6.407245607150897698e-04
5.162500000000000533e+00,3.700499820546658825e-01,-1.923774464056587225e-02,1.154281210411534087e-02,3.608192972566771628e-01,-1.356306940949325059e-02,1.121054162290774153e-03,-1.285266160727023023e-03,6.315873312328484099e-04
5.175000000000000711e+00,3.698104099250371091e-01,-1.909396411064195886e-02,1.146216701652418013e-02,3.606504115336975902e-01,-1.345876840777312199e-02,1.105103109840058131e-03,-1.266946446944435152e-03,6.225800932536850124e-04
5.187500000000000000e+00,3.695726287663483323e-01,-1.895118811515478230e-02,1.138208592965254083e-02,3.604828250036700710e-01,-1.335519768262277696e-02,1.089379403809477304e-03,-1.248890089416924715e-03,6.137009856997155443e-04
5.200000000000000178e+00,3.693366260658781375e-01,-1.880940962895737839e-02,1.130256487035838885e-02,3.603165285701074860e-01,-1.325235212484858309e-02,1.073879776279113062e-03,-1.231093252388296838e-03,6.049481744005688654e-04
5.212500000000000355e+00,3.691023893984095028e-01,-1.866862167638806691e-02,1.122359989410697152e-02,3.601515132001628650e-01,-1.315022666119055293e-02,1.058601006919063572e-03,-1.213552157066286313e-03,5.963198516986775071e-04
5.225000000000000533e+00,3.688699064256139581e-01,-1.852881733091417751e-02,1.114518708475444042e-02,3.599877699241816886e-01,-1.304881625406690074e-02,1.043539922282844075e-03,-1.196263080752504870e-03,5.878142360604751834e-04
5.237500000000000711e+00,3.686391648954394640e-01,-1.838998971477850963e-02,1.106732255433333541e-02,3.598252898352574114e-01,-1.294811590132053519e-02,1.028693395111579317e-03,-1.179222355986220272e-03,5.794295716934162515e-04
5.250000000000000000e+00,3.684101526415028416e-01,-1.825213199864847077e-02,1.099000244283984511e-02,3.596640640887905915e-01,-1.284812063596743603e-02,1.014058343648814456e-03,-1.162426369701725437e-03,5.711641281687266985e-04
5.262500000000000178e+00,3.681828575824867555e-01,-1.811523740126781690e-02,1.091322291802281075e-02,3.595040839020503531e-01,-1.274882552594684693e-02,9.996317309657702915e-04,-1.145871562399067333e-03,5.630162000497946056e-04
5.275000000000000355e+00,3.679572677215409149e-01,-1.797929918911110592e-02,1.083698017517455148e-02,3.593453405537397893e-01,-1.265022567387340952e-02,9.854105642968910474e-04,-1.129554427327928746e-03,5.549841065261214854e-04
5.287500000000000533e+00,3.677333711456876042e-01,-1.784431067604067001e-02,1.076127043692337235e-02,3.591878253835636414e-01,-1.255231621679105472e-02,9.713918943855042940e-04,-1.113471509684419228e-03,5.470661910527383235e-04
5.300000000000000711e+00,3.675111560252313780e-01,-1.771026522296621081e-02,1.068608995302781743e-02,3.590315297917999748e-01,-1.245509232592875194e-02,9.575728148394442498e-04,-1.097619405820577428e-03,5.392608209950111890e-04
5.312500000000000000e+00,3.672906106131731407e-01,-1.757715623750695164e-02,1.061143500017262820e-02,3.588764452388738535e-01,-1.235854920645807278e-02,9.439504614964800691e-04,-1.081994762466369090e-03,5.315663872787489185e-04
5.325000000000000178e+00,3.670717232446283340e-01,-1.744497717365630154e-02,1.053730188176637585e-02,3.587225632449349000e-01,-1.226268209725250857e-02,9.305220117993853951e-04,-1.066594275963964706e-03,5.239813040455318848e-04
5.337500000000000355e+00,3.668544823362494545e-01,-1.731372153144910761e-02,1.046368692774081108e-02,3.585698753894374646e-01,-1.216748627064865619e-02,9.172846841805150668e-04,-1.051414691514109727e-03,5.165040083131860636e-04
5.350000000000000533e+00,3.666388763856525124e-01,-1.718338285663132889e-02,1.039058649435181149e-02,3.584183733107237368e-01,-1.207295703220907443e-02,9.042357374557168049e-04,-1.036452802434367640e-03,5.091329596413170710e-04
5.362500000000000711e+00,3.664248939708476538e-01,-1.705395474033222919e-02,1.031799696398201169e-02,3.582680487056099095e-01,-1.197908972048696355e-02,8.913724702274473423e-04,-1.021705449429049671e-03,5.018666398018301229e-04
5.375000000000000000e+00,3.662125237496740571e-01,-1.692543081873902969e-02,1.024591474494505536e-02,3.581188933289753962e-01,-1.188587970679255354e-02,8.786922202969415325e-04,-1.007169519870638108e-03,4.947035524543611038e-04
5.387500000000000178e+00,3.660017544592384930e-01,-1.679780477277394504e-02,1.017433627129141205e-02,3.579708989933546026e-01,-1.179332239496121842e-02,8.661923640852890478e-04,-9.928419470925035472e-04,4.876422228265377026e-04
5.400000000000000355e+00,3.657925749153583261e-01,-1.667107032777373488e-02,1.010325800261587664e-02,3.578240575685319724e-01,-1.170141322112334438e-02,8.538703160632913789e-04,-9.787197096927473510e-04,4.806811973990069179e-04
5.412500000000000533e+00,3.655849740120084013e-01,-1.654522125317155548e-02,1.003267642386655549e-02,3.576783609811395870e-01,-1.161014765347585451e-02,8.417235281899424718e-04,-9.647998308489638642e-04,4.738190435951439858e-04
5.425000000000000711e+00,3.653789407207715390e-01,-1.642025136218124362e-02,9.962588045155481437e-03,3.575338012142579291e-01,-1.151952119205544404e-02,8.297494893594131943e-04,-9.510793776437575934e-04,4.670543494753800627e-04
5.437500000000000000e+00,3.651744640902934713e-01,-1.629615451148395261e-02,9.892989401570743274e-03,3.573903703070192006e-01,-1.142952936851350174e-02,8.179457248563996646e-04,-9.375554604008344995e-04,4.603857234360749927e-04
5.450000000000000178e+00,3.649715332457413308e-01,-1.617292460091706782e-02,9.823877052990155623e-03,3.572480603542133593e-01,-1.134016774589264795e-02,8.063097958197014328e-04,-9.242252320314872129e-04,4.538117939128637635e-04
5.462500000000000355e+00,3.647701373882661913e-01,-1.605055557316557163e-02,9.755247583896477920e-03,3.571068635058974872e-01,-1.125143191840501100e-02,7.948392987139125303e-04,-9.110858873913176090e-04,4.473312090884152864e-04
5.475000000000000533e+00,3.645702657944693281e-01,-1.592904141345556635e-02,9.687097603194099252e-03,3.569667719670073236e-01,-1.116331751121205432e-02,7.835318648090824900e-04,-8.981346626470110240e-04,4.409426366045268459e-04
5.487500000000000711e+00,3.643719078158724756e-01,-1.580837614925015983e-02,9.619423744027241069e-03,3.568277779969717400e-01,-1.107582018020607760e-02,7.723851596682345787e-04,-8.853688346530101021e-04,4.346447632784953478e-04
5.500000000000000000e+00,3.641750528783915808e-01,-1.568855384994762014e-02,9.552222663599627475e-03,3.566898739093299908e-01,-1.098893561179333477e-02,7.613968826426146088e-04,-8.727857203379219605e-04,4.284362948236979281e-04
5.512500000000000178e+00,3.639796904818145551e-01,-1.556956862658169342e-02,9.485491042995614422e-03,3.565530520713516838e-01,-1.090265952267870792e-02,7.505647663745458609e-04,-8.603826761004947392e-04,4.223159555743151894e-04
5.525000000000000355e+00,3.637858101992828552e-01,-1.545141463152426529e-02,9.419225587002798619e-03,3.564173049036594709e-01,-1.081698765965204839e-02,7.398865763077828919e-04,-8.481570972150206380e-04,4.162824882141415010e-04
5.537500000000000533e+00,3.635934016767763399e-01,-1.533408605819014912e-02,9.353423023936026370e-03,3.562826248798540707e-01,-1.073191579937603050e-02,7.293601102052322789e-04,-8.361064172459938123e-04,4.103346535094107490e-04
5.550000000000000711e+00,3.634024546326022898e-01,-1.521757714074407908e-02,9.288080105462850899e-03,3.561490045261423987e-01,-1.064743974817560293e-02,7.189831976739362177e-04,-8.242281074718851071e-04,4.044712300455831659e-04
5.562500000000000000e+00,3.632129588568875911e-01,-1.510188215380990628e-02,9.223193606430391336e-03,3.560164364209678634e-01,-1.056355534182899097e-02,7.087536996972038312e-04,-8.125196763178805419e-04,3.986910139680312215e-04
5.575000000000000178e+00,3.630249042110751945e-01,-1.498699541218189053e-02,9.158760324693574276e-03,3.558849131946438815e-01,-1.048025844536022017e-02,6.986695081737730965e-04,-8.009786687974342501e-04,3.929928187265634815e-04
5.587500000000000355e+00,3.628382806274233485e-01,-1.487291127053821591e-02,9.094777080944806483e-03,3.557544275289891145e-01,-1.039754495283323234e-02,6.887285454639073285e-04,-7.896026659625040352e-04,3.873754748237333073e-04
5.600000000000000533e+00,3.626530781085091082e-01,-1.475962412315655337e-02,9.031240718544965990e-03,3.556249721569662015e-01,-1.031541078714745194e-02,6.789287639423021879e-04,-7.783892843623123337e-04,3.818378295668684291e-04
5.612500000000000711e+00,3.624692867267351182e-01,-1.464712840363175533e-02,8.968148103355786174e-03,3.554965398623221584e-01,-1.023385189983490838e-02,6.692681455577099720e-04,-7.673361755105067086e-04,3.763787468237696221e-04
5.625000000000000000e+00,3.622868966238396715e-01,-1.453541858459564927e-02,8.905496123573577311e-03,3.553691234792321629e-01,-1.015286427085884506e-02,6.597447013991714678e-04,-7.564410253605795796e-04,3.709971067820220527e-04
5.637500000000000178e+00,3.621058980104107650e-01,-1.442448917743885395e-02,8.843281689564268244e-03,3.552427158919450045e-01,-1.007244390841379594e-02,6.503564712687521501e-04,-7.457015537894090594e-04,3.656918057118616690e-04
5.650000000000000355e+00,3.619262811654030410e-01,-1.431433473203472945e-02,8.781501733699802886e-03,3.551173100344318101e-01,-9.992586848727186971e-03,6.411015232606894843e-04,-7.351155140888016373e-04,3.604617557325495822e-04
5.662500000000000533e+00,3.617480364356588374e-01,-1.420494983646528563e-02,8.720153210195825608e-03,3.549928988900365456e-01,-9.913289155862354748e-03,6.319779533468409616e-04,-7.246806924648915328e-04,3.553058845821928553e-04
5.675000000000000711e+00,3.615711542354319019e-01,-1.409632911674915494e-02,8.659233094950659002e-03,3.548694754911294602e-01,-9.834546921523051877e-03,6.229838849683434201e-04,-7.143949075452817954e-04,3.502231353909660005e-04
5.687500000000000000e+00,3.613956250459151587e-01,-1.398846723657156538e-02,8.598738385385591362e-03,3.547470329187628613e-01,-9.756356264859388644e-03,6.141174686333868322e-04,-7.042560098937978045e-04,3.452124664576794628e-04
5.700000000000000178e+00,3.612214394147714724e-01,-1.388135889701625977e-02,8.538666100286402758e-03,3.546255643023290549e-01,-9.678713332275181574e-03,6.053768815210019451e-04,-6.942618815327275105e-04,3.402728510296430483e-04
5.712500000000000355e+00,3.610485879556676880e-01,-1.377499883629947769e-02,8.479013279646212958e-03,3.545050628192208952e-01,-9.601614297236799045e-03,5.967603270907812169e-04,-6.844104354724379370e-04,3.354032770857794652e-04
5.725000000000000533e+00,3.608770613478123335e-01,-1.366938182950579866e-02,8.419776984509519391e-03,3.543855216944948872e-01,-9.525055360083335698e-03,5.882660346984272320e-04,-6.746996152482358884e-04,3.306027471229326838e-04
5.737500000000000711e+00,3.607068503354962652e-01,-1.356450268832598560e-02,8.360954296817517048e-03,3.542669342005362876e-01,-9.449032747838250965e-03,5.798922592170492303e-04,-6.651273944643660684e-04,3.258702779453272582e-04
5.750000000000000000e+00,3.605379457276368660e-01,-1.346035626079673461e-02,8.302542319254634443e-03,3.541492936567267047e-01,-9.373542714022374545e-03,5.716372806641150522e-04,-6.556917763450289746e-04,3.212049004571300393e-04
5.762500000000000178e+00,3.603703383973251850e-01,-1.335693743104231918e-02,8.244538175096273458e-03,3.540325934291141952e-01,-9.298581538468289262e-03,5.634994038339695942e-04,-6.463907932923027748e-04,3.166056594580657596e-04
5.775000000000000355e+00,3.602040192813764641e-01,-1.325424111901818240e-02,8.186939008057801670e-03,3.539168269300852487e-01,-9.224145527136122513e-03,5.554769579358424716e-04,-6.372225064508682275e-04,3.120716134420450190e-04
5.787500000000000533e+00,3.600389793798839388e-01,-1.315226228025634554e-02,8.129741982144694790e-03,3.538019876180397150e-01,-9.150231011930666514e-03,5.475682962372483949e-04,-6.281850052794143470e-04,3.076018343987533903e-04
5.800000000000000711e+00,3.598752097557756380e-01,-1.305099590561273164e-02,8.072944281503884739e-03,3.536880689970672842e-01,-9.076834350519872446e-03,5.397717957127075089e-04,-6.192764071286279955e-04,3.031954076181618530e-04
5.812500000000000000e+00,3.597127015343744572e-01,-1.295043702101631063e-02,8.016543110276301218e-03,3.535750646166267996e-01,-9.003951926154680346e-03,5.320858566976995009e-04,-6.104948568256593055e-04,2.988514314979124763e-04
5.825000000000000178e+00,3.595514459029612309e-01,-1.285058068722007459e-02,7.960535692450528694e-03,3.534629680712274014e-01,-8.931580147490176050e-03,5.245089025477695129e-04,-6.018385262649548388e-04,2.945690173535353345e-04
5.837500000000000355e+00,3.593914341103410237e-01,-1.275142199955388647e-02,7.904919271717693319e-03,3.533517730001122792e-01,-8.859715448408108165e-03,5.170393793027144077e-04,-5.933056140053684932e-04,2.903472892314581640e-04
5.850000000000000533e+00,3.592326574664125305e-01,-1.265295608767907226e-02,7.849691111327423629e-03,3.532414730869443686e-01,-8.788354287840688742e-03,5.096757553557623287e-04,-5.848943448734357725e-04,2.861853837247611116e-04
5.862500000000000711e+00,3.590751073417401962e-01,-1.255517811534484496e-02,7.794848493944994336e-03,3.531320620594942117e-01,-8.717493149595712323e-03,5.024165211276738867e-04,-5.766029695727236011e-04,2.820824497916397662e-04
5.875000000000000000e+00,3.589187751671299997e-01,-1.245808328014649455e-02,7.740388721509572530e-03,3.530235336893302600e-01,-8.647128542182976052e-03,4.952601887456913564e-04,-5.684297642991546339e-04,2.780376485765340263e-04
5.887500000000000178e+00,3.587636524332075694e-01,-1.236166681328532656e-02,7.686309115093573237e-03,3.529158817915110657e-01,-8.577256998641967847e-03,4.882052917272545686e-04,-5.603730303622105448e-04,2.740501532338822008e-04
5.900000000000000355e+00,3.586097306899998505e-01,-1.226592397933040299e-02,7.632607014763160766e-03,3.528091002242797480e-01,-8.507875076370892062e-03,4.812503846684228355e-04,-5.524310938119269057e-04,2.701191487544644010e-04
5.912500000000000533e+00,3.584570015465191606e-01,-1.217085007598196419e-02,7.579279779439794355e-03,3.527031828887607356e-01,-8.438979356956893829e-03,4.743940429369167700e-04,-5.446023050715776337e-04,2.662438317942910433e-04
5.925000000000000711e+00,3.583054566703509636e-01,-1.207644043383660458e-02,7.526324786762897054e-03,3.525981237286580638e-01,-8.370566446007600067e-03,4.676348623697202051e-04,-5.368850385759670399e-04,2.624234105060031775e-04
5.937500000000000000e+00,3.581550877872436422e-01,-1.198269041615415004e-02,7.473739432953587121e-03,3.524939167299566134e-01,-8.302632972983886930e-03,4.609714589751683794e-04,-5.292776924152386249e-04,2.586571043727446868e-04
5.950000000000000178e+00,3.580058866807020457e-01,-1.188959541862621809e-02,7.421521132679468474e-03,3.523905559206247373e-01,-8.235175591033896264e-03,4.544024686394520780e-04,-5.217786879841083535e-04,2.549441440444683059e-04
5.962500000000000355e+00,3.578578451915833125e-01,-1.179715086914650407e-02,7.369667318920510544e-03,3.522880353703192191e-01,-8.168190976828311467e-03,4.479265468374778810e-04,-5.143864696364472758e-04,2.512837711766440136e-04
5.975000000000000533e+00,3.577109552176959140e-01,-1.170535222758269274e-02,7.318175442835946412e-03,3.521863491900923404e-01,-8.101675830396832048e-03,4.415423683480080284e-04,-5.070995043451166726e-04,2.476752382713268662e-04
5.987500000000000711e+00,3.575652087134011947e-01,-1.161419498555004391e-02,7.267042973632224789e-03,3.520854915321007805e-01,-8.035626874965881572e-03,4.352486269730228741e-04,-4.999162813669809184e-04,2.441178085205545647e-04
6.000000000000000000e+00,3.574205976892181336e-01,-1.152367466618663128e-02,7.216267398431998499e-03,3.519854565893169029e-01,-7.970040856797538584e-03,4.290440352612381100e-04,-4.928353119130140332e-04,2.406107556520376489e-04
6.012500000000000178e+00,3.572771142114306575e-01,-1.143378682393017716e-02,7.165846222144111287e-03,3.518862385952414851e-01,-7.904914545029638473e-03,4.229273242357123601e-04,-4.858551288234169837e-04,2.371533637771073254e-04
6.025000000000000355e+00,3.571347504016976204e-01,-1.134452704429657517e-02,7.115776967334641948e-03,3.517878318236190016e-01,-7.840244731517113930e-03,4.168972431254895248e-04,-4.789742862476743389e-04,2.337449272408906537e-04
6.037500000000000533e+00,3.569934984366660569e-01,-1.125589094365993942e-02,7.066057174098913825e-03,3.516902305881546287e-01,-7.776028230674500268e-03,4.109525591012048594e-04,-4.721913593294623499e-04,2.303847504746752784e-04
6.050000000000000711e+00,3.568533505475863787e-01,-1.116787416903430169e-02,7.016684399934519992e-03,3.515934292422331353e-01,-7.712261879319610818e-03,4.050920570146027458e-04,-4.655049438963397178e-04,2.270721478504344071e-04
6.062500000000000000e+00,3.567142990199310693e-01,-1.108047239785686991e-02,6.967656219615334622e-03,3.514974221786398290e-01,-7.648942536518412751e-03,3.993145391419033281e-04,-4.589136561541434724e-04,2.238064435374787766e-04
6.075000000000000178e+00,3.565763361930155972e-01,-1.099368133777283568e-02,6.918970225066494936e-03,3.514022038292834993e-01,-7.586067083431029603e-03,3.936188249309582714e-04,-4.524161323860134741e-04,2.205869713612027276e-04
6.087500000000000355e+00,3.564394544596222181e-01,-1.090749672642179514e-02,6.870624025240378019e-03,3.513077686649211384e-01,-7.523632423158948569e-03,3.880037507521441999e-04,-4.460110286559804300e-04,2.174130746638967425e-04
6.100000000000000533e+00,3.563036462656262171e-01,-1.082191433122565646e-02,6.822615245993516112e-03,3.512141111948844929e-01,-7.461635480593335409e-03,3.824681696529292491e-04,-4.396970205170356227e-04,2.142841061675908830e-04
6.112500000000000711e+00,3.561689041096252062e-01,-1.073692994917810686e-02,6.774941529964478154e-03,3.511212259668090030e-01,-7.400073202264509896e-03,3.770109511160628585e-04,-4.334728027236201724e-04,2.111994278389025116e-04
6.125000000000000000e+00,3.560352205425705852e-01,-1.065253940663559752e-02,6.727600536452708023e-03,3.510291075663638516e-01,-7.338942556192557497e-03,3.716309808213322111e-04,-4.273370889484615705e-04,2.081584107558574499e-04
6.137500000000000178e+00,3.559025881674017788e-01,-1.056873855910982034e-02,6.680589941298273500e-03,3.509377506169845118e-01,-7.278240531739047815e-03,3.663271604108298603e-04,-4.212886115036874445e-04,2.051604349766536484e-04
6.150000000000000355e+00,3.557709996386833051e-01,-1.048552329106172513e-02,6.633907436762588421e-03,3.508471497796066818e-01,-7.217964139459911825e-03,3.610984072576843540e-04,-4.153261210661563277e-04,2.022048894103425389e-04
6.162500000000000533e+00,3.556404476622440081e-01,-1.040288951569696800e-02,6.587550731410024736e-03,3.507572997524025515e-01,-7.158110410959394633e-03,3.559436542381946020e-04,-4.094483864069310025e-04,1.992911716893943502e-04
6.175000000000000711e+00,3.555109249948190109e-01,-1.032083317476287405e-02,6.541517549990455253e-03,3.506681952705184013e-01,-7.098676398745128874e-03,3.508618495073223434e-04,-4.036541941248357620e-04,1.964186880441234006e-04
6.187500000000000000e+00,3.553824244436943336e-01,-1.023935023834684696e-02,6.495805633322707107e-03,3.505798311058143657e-01,-7.039659176084314858e-03,3.458519562774898040e-04,-3.979423483840321052e-04,1.935868531789443900e-04
6.200000000000000178e+00,3.552549388663537311e-01,-1.015843670467620960e-02,6.450412738178898202e-03,3.504922020666055293e-01,-6.981055836860963239e-03,3.409129526006308281e-04,-3.923116706555483538e-04,1.907950901504311793e-04
6.212500000000000355e+00,3.551284611701284177e-01,-1.007808859991954180e-02,6.405336637169700871e-03,3.504053029974055211e-01,-6.922863495434270452e-03,3.360438311534526571e-04,-3.867609994627070852e-04,1.880428302471550696e-04
6.225000000000000533e+00,3.550029843118487904e-01,-9.998301977989383291e-03,6.360575118630462481e-03,3.503191287786711627e-01,-6.865079286498028052e-03,3.312435990258515454e-04,-3.812891901303822376e-04,1.853295128712714398e-04
6.237500000000000711e+00,3.548785012974989272e-01,-9.919072920346397315e-03,6.316125986508214218e-03,3.502336743265491714e-01,-6.807700364941125792e-03,3.265112775124414985e-04,-3.758951145380318962e-04,1.826545854218323249e-04
6.250000000000000000e+00,3.547550051818735839e-01,-9.840397535804921991e-03,6.271987060249560250e-03,3.501489345926247498e-01,-6.750723905709120690e-03,3.218459019071463170e-04,-3.705776608764463679e-04,1.800175031797981561e-04
6.262500000000000178e+00,3.546324890682372999e-01,-9.762271960339904270e-03,6.228156174689409956e-03,3.500649045636715639e-01,-6.694147103666839120e-03,3.172465213008077286e-04,-3.653357334081521325e-04,1.774177291947226151e-04
6.275000000000000355e+00,3.545109461079862800e-01,-9.684692356895270235e-03,6.184631179940600076e-03,3.499815792614038301e-01,-6.637967173462080463e-03,3.127121983817697081e-04,-3.601682522314195731e-04,1.748547341730884836e-04
6.287500000000000533e+00,3.543903695003122745e-01,-9.607654915193615530e-03,6.141409941284342588e-03,3.498989537422295126e-01,-6.582181349390319076e-03,3.082420092393865123e-04,-3.550741530478126865e-04,1.723279963682667606e-04
6.300000000000000711e+00,3.542707524918691231e-01,-9.531155851547281829e-03,6.098490339061521728e-03,3.498170230970059635e-01,-6.526786885260467928e-03,3.038350431704166439e-04,-3.500523869332299791e-04,1.698370014720770925e-04
6.312500000000000000e+00,3.541520883764416316e-01,-9.455191408670798534e-03,6.055870268564834090e-03,3.497357824507966173e-01,-6.471781054261676984e-03,2.994904024882568284e-04,-3.451019201123814157e-04,1.673812425079257708e-04
6.325000000000000178e+00,3.540343704946165015e-01,-9.379757855494625512e-03,6.013547639931748380e-03,3.496552269626295728e-01,-6.417161148831138605e-03,2.952072023349726912e-04,-3.402217337366465083e-04,1.649602197254963082e-04
6.337500000000000355e+00,3.539175922334559798e-01,-9.304851486980295766e-03,5.971520378038309117e-03,3.495753518252577852e-01,-6.362924480522955464e-03,2.909845704960883493e-04,-3.354108236652657824e-04,1.625734404969728585e-04
6.350000000000000533e+00,3.538017470261736186e-01,-9.230468623936817496e-03,5.929786422393732229e-03,3.494961522649211449e-01,-6.309068379877980776e-03,2.868216472180870505e-04,-3.306682002498084337e-04,1.602204192147699746e-04
6.362500000000000711e+00,3.536868283518121991e-01,-9.156605612838425792e-03,5.888343727035828985e-03,3.494176235411096676e-01,-6.255590196294688078e-03,2.827175850285878946e-04,-3.259928881218690619e-04,1.579006771907492392e-04
6.375000000000000000e+00,3.535728297349241545e-01,-9.083258825643623219e-03,5.847190260427230502e-03,3.493397609463287368e-01,-6.202487297901054103e-03,2.786715485591558655e-04,-3.213839259839434493e-04,1.556137425569000584e-04
6.387500000000000178e+00,3.534597447452539898e-01,-9.010424659615493687e-03,5.806324005352393736e-03,3.492625598058656800e-01,-6.149757071427406144e-03,2.746827143707053823e-04,-3.168403664034318825e-04,1.533591501674617648e-04
6.400000000000000355e+00,3.533475669974232569e-01,-8.938099537143353798e-03,5.765742958815431481e-03,3.491860154775582314e-01,-6.097396922080310262e-03,2.707502707814620261e-04,-3.123612756097269216e-04,1.511364415024687372e-04
6.412500000000000533e+00,3.532362901506176378e-01,-8.866279905565621969e-03,5.725445131938696960e-03,3.491101233515639946e-01,-6.045404273417409255e-03,2.668734176974388024e-04,-3.079457332943314049e-04,1.489451645726941136e-04
6.425000000000000711e+00,3.531259079082758601e-01,-8.794962236993966037e-03,5.685428549862162929e-03,3.490348788501322908e-01,-5.993776567223252014e-03,2.630513664453936547e-04,-3.035928324139653290e-04,1.467848738259736388e-04
6.437500000000000000e+00,3.530164140177815546e-01,-8.724143028138727635e-03,5.645691251643569254e-03,3.489602774273767305e-01,-5.942511263386109945e-03,2.592833396082300105e-04,-2.993016789966135185e-04,1.446551300548888587e-04
6.450000000000000178e+00,3.529078022701563899e-01,-8.653818800135536574e-03,5.606231290159329438e-03,3.488863145690497825e-01,-5.891605839775739678e-03,2.555685708628018709e-04,-2.950713919504676275e-04,1.425555003057888423e-04
6.462500000000000355e+00,3.528000664997563152e-01,-8.583986098373228013e-03,5.567046732006220369e-03,3.488129857923189525e-01,-5.841057792122150184e-03,2.519063048200919481e-04,-2.909011028757224658e-04,1.404855577891327611e-04
6.475000000000000533e+00,3.526932005839690798e-01,-8.514641492322932298e-03,5.528135657403801528e-03,3.487402866455438510e-01,-5.790864633895293628e-03,2.482957968677224092e-04,-2.867899558791768859e-04,1.384448817911310711e-04
6.487500000000000711e+00,3.525871984429144734e-01,-8.445781575368394717e-03,5.489496160097596597e-03,3.486682127080557581e-01,-5.741023896185732008e-03,2.447363130147667308e-04,-2.827371073916003599e-04,1.364330575866683573e-04
6.500000000000000000e+00,3.524820540391463419e-01,-8.377402964637511301e-03,5.451126347263018403e-03,3.485967595899376326e-01,-5.691533127586250948e-03,2.412271297388276180e-04,-2.787417259878218812e-04,1.344496763534882709e-04
6.512500000000000178e+00,3.523777613773570461e-01,-8.309502300835030358e-03,5.413024339410015505e-03,3.485259229318062313e-01,-5.642389894074405048e-03,2.377675338353458308e-04,-2.748029922094975494e-04,1.324943350876213693e-04
6.525000000000000355e+00,3.522743145040835300e-01,-8.242076248076494333e-03,5.375188270288480327e-03,3.484556984045956707e-01,-5.593591778896038133e-03,2.343568222691101591e-04,-2.709200983905202470e-04,1.305666365200394317e-04
6.537500000000000533e+00,3.521717075074157766e-01,-8.175121493723302296e-03,5.337616286794355513e-03,3.483860817093420992e-01,-5.545136382449707309e-03,2.309943020279311662e-04,-2.670922484850253857e-04,1.286661890345157605e-04
6.550000000000000711e+00,3.520699345167075389e-01,-8.108634748218981544e-03,5.300306548876471471e-03,3.483170685769699793e-01,-5.497021322172049827e-03,2.276792899784499705e-04,-2.633186578979569942e-04,1.267926065866757201e-04
6.562500000000000000e+00,3.519689897022884040e-01,-8.042612744926604107e-03,5.263257229444102958e-03,3.482486547680801459e-01,-5.449244232424085843e-03,2.244111127240492145e-04,-2.595985533181542518e-04,1.249455086242192163e-04
6.575000000000000178e+00,3.518688672751785762e-01,-7.977052239967336034e-03,5.226466514275216954e-03,3.481808360727385310e-01,-5.401802764378419754e-03,2.211891064648337203e-04,-2.559311725539173215e-04,1.231245200082974175e-04
6.587500000000000355e+00,3.517695614868053822e-01,-7.911950012060178436e-03,5.189932601925458661e-03,3.481136083102669976e-01,-5.354694585907399974e-03,2.180126168596535391e-04,-2.523157643710200642e-04,1.213292709360285935e-04
6.600000000000000533e+00,3.516710666287217180e-01,-7.847302862362792730e-03,5.153653703637801897e-03,3.480469673290352284e-01,-5.307917381472153015e-03,2.148809988901345907e-04,-2.487515883331261582e-04,1.195593968641341104e-04
6.612500000000000711e+00,3.515733770323266061e-01,-7.783107614313475135e-03,5.117628043252909001e-03,3.479809090062540022e-01,-5.261468852012549102e-03,2.117936167266901127e-04,-2.452379146445759898e-04,1.178145384336795127e-04
6.625000000000000000e+00,3.514764870685876397e-01,-7.719361113474245729e-03,5.081853857120179410e-03,3.479154292477699140e-01,-5.215346714838069858e-03,2.087498435964830774e-04,-2.417740239955071529e-04,1.160943413959044155e-04
6.637500000000000178e+00,3.513803911477654807e-01,-7.656060227375022578e-03,5.046329394009473057e-03,3.478505239878614264e-01,-5.169548703519567627e-03,2.057490616533085958e-04,-2.383592074092713976e-04,1.143984565391242521e-04
6.650000000000000355e+00,3.512850837191400233e-01,-7.593201845358945982e-03,5.011052915023525046e-03,3.477861891890364210e-01,-5.124072567781945940e-03,2.027906618493721571e-04,-2.349927660921171551e-04,1.127265396166902983e-04
6.662500000000000533e+00,3.511905592707390555e-01,-7.530782878428738357e-03,4.976022693511022998e-03,3.477224208418306928e-01,-5.078916073397711679e-03,1.998740438089301478e-04,-2.316740112850979017e-04,1.110782512759897847e-04
6.675000000000000711e+00,3.510968123290680309e-01,-7.468800259094174332e-03,4.941237014980353129e-03,3.476592149646081098e-01,-5.034077002081424092e-03,1.969986157037693952e-04,-2.284022641181764394e-04,1.094532569884728576e-04
6.687500000000000000e+00,3.510038374588426158e-01,-7.407250941220628118e-03,4.906694177014014197e-03,3.475965676033621610e-01,-4.989553151385037189e-03,1.941637941304963247e-04,-2.251768554664902895e-04,1.078512269806907343e-04
6.700000000000000178e+00,3.509116292627222911e-01,-7.346131899878659971e-03,4.872392489183681105e-03,3.475344748315182808e-01,-4.945342334594106035e-03,1.913690039896088720e-04,-2.219971258087444265e-04,1.062718361663295759e-04
6.712500000000000355e+00,3.508201823810465081e-01,-7.285440131194701602e-03,4.838330272965937241e-03,3.474729327497382281e-01,-4.901442380624904636e-03,1.886136783663272141e-04,-2.188624250877022948e-04,1.047147640792274340e-04
6.725000000000000533e+00,3.507294914915723427e-01,-7.225172652202753801e-03,4.804505861658639986e-03,3.474119374857250753e-01,-4.857851133922391242e-03,1.858972584131532609e-04,-2.157721125727388980e-04,1.031796948073574372e-04
6.737500000000000711e+00,3.506395513092138705e-01,-7.165326500697146578e-03,4.770917600297936746e-03,3.473514851940297521e-01,-4.814566454359053144e-03,1.832191932341367896e-04,-2.127255567244278230e-04,1.016663169277648465e-04
6.750000000000000000e+00,3.505503565857838733e-01,-7.105898735086322790e-03,4.737563845575921105e-03,3.472915720558589769e-01,-4.771586217134631859e-03,1.805789397708214695e-04,-2.097221350611306234e-04,1.001743234424435979e-04
6.762500000000000178e+00,3.504619021097369891e-01,-7.046886434247641787e-03,4.704442965758917801e-03,3.472321942788841320e-01,-4.728908312676691379e-03,1.779759626898453240e-04,-2.067612340275568766e-04,9.870341171513786007e-05
6.775000000000000355e+00,3.503741827059146385e-01,-6.988286697383227358e-03,4.671553340606409560e-03,3.471733480970516372e-01,-4.686530646542083275e-03,1.754097342721738393e-04,-2.038422488652682954e-04,9.725328340905692282e-05
6.787500000000000533e+00,3.502871932352918938e-01,-6.930096643876794936e-03,4.638893361290578020e-03,3.471150297703943788e-01,-4.644451139319241868e-03,1.728797343039379633e-04,-2.009645834850932859e-04,9.582364442548787391e-05
6.800000000000000711e+00,3.502009285947262351e-01,-6.872313413151491870e-03,4.606461430316470020e-03,3.470572355848444146e-01,-4.602667726531347626e-03,1.703854499688560421e-04,-1.981276503414264453e-04,9.441420484329440712e-05
6.812500000000000000e+00,3.501153837167078064e-01,-6.814934164528740380e-03,4.574255961442783187e-03,3.469999618520470119e-01,-4.561178358540351856e-03,1.679263757422153546e-04,-1.953308703083829663e-04,9.302467885928865723e-05
6.825000000000000178e+00,3.500305535691115022e-01,-6.757956077088042406e-03,4.542275379603254344e-03,3.469432049091755177e-01,-4.519981000451829718e-03,1.655020132863894197e-04,-1.925736725577794348e-04,9.165478472946248206e-05
6.837500000000000355e+00,3.499464331549511642e-01,-6.701376349527800140e-03,4.510518120828675009e-03,3.468869611187480051e-01,-4.479073632020719696e-03,1.631118713478710172e-04,-1.898554944389160295e-04,9.030424471106733597e-05
6.850000000000000533e+00,3.498630175121347774e-01,-6.645192200027075918e-03,4.478982632169491510e-03,3.468312268684443089e-01,-4.438454247557875772e-03,1.607554656557949851e-04,-1.871757813601293585e-04,8.897278500552839630e-05
6.862500000000000711e+00,3.497803017132222192e-01,-6.589400866108327884e-03,4.447667371619013106e-03,3.467759985709251147e-01,-4.398120855837480032e-03,1.584323188219318172e-04,-1.845339866720918111e-04,8.766013570218227687e-05
6.875000000000000000e+00,3.496982808651840635e-01,-6.533999604501106694e-03,4.416570808037219471e-03,3.467212726636513254e-01,-4.358071480005292278e-03,1.561419602421287801e-04,-1.819295715528303995e-04,8.636603072282567051e-05
6.887500000000000178e+00,3.496169501091624943e-01,-6.478985691006678566e-03,4.385691421075145827e-03,3.466670456087053154e-01,-4.318304157487734898e-03,1.538839259991773786e-04,-1.793620048944381752e-04,8.509020776706296724e-05
6.900000000000000355e+00,3.495363046202336066e-01,-6.424356420363629312e-03,4.355027701099877836e-03,3.466133138926127399e-01,-4.278816939901830367e-03,1.516577587670876553e-04,-1.768307631914552906e-04,8.383240825844231786e-05
6.912500000000000533e+00,3.494563396071716510e-01,-6.370109106114366093e-03,4.324578149120108551e-03,3.465600740261658430e-01,-4.239607892965958393e-03,1.494630077167461216e-04,-1.743353304308914605e-04,8.259237729136705117e-05
6.925000000000000711e+00,3.493770503122147764e-01,-6.316241080472563725e-03,4.294341276712288630e-03,3.465073225442477090e-01,-4.200675096411450940e-03,1.472992284229389707e-04,-1.718751979838670837e-04,8.136986357877237525e-05
6.937500000000000000e+00,3.492984320108323826e-01,-6.262749694191525190e-03,4.264315605947344677e-03,3.464550560056577910e-01,-4.162016643895022523e-03,1.451659827727196735e-04,-1.694498644988486026e-04,8.016461940055591103e-05
6.950000000000000178e+00,3.492204800114943053e-01,-6.209632316433447673e-03,4.234499669317969180e-03,3.464032709929379950e-01,-4.123630642912018418e-03,1.430628388751007383e-04,-1.670588357964525675e-04,7.897640055275068744e-05
6.962500000000000355e+00,3.491431896554414993e-01,-6.156886334639618402e-03,4.204892009666490703e-03,3.463519641122007608e-01,-4.085515214710512891e-03,1.409893709720521238e-04,-1.647016247657981044e-04,7.780496629743094883e-05
6.975000000000000533e+00,3.490665563164583318e-01,-6.104509154401479600e-03,4.175491180113291394e-03,3.463011319929572007e-01,-4.047668494206211470e-03,1.389451593507841874e-04,-1.623777512623803291e-04,7.665007931333857739e-05
6.987500000000000711e+00,3.489905754006463745e-01,-6.052498199332603281e-03,4.146295743985795208e-03,3.462507712879471233e-01,-4.010088629898189358e-03,1.369297902572986082e-04,-1.600867420074454075e-04,7.551150564722094191e-05
7.000000000000000000e+00,3.489152423462002495e-01,-6.000850910941544700e-03,4.117304274748016454e-03,3.462008786729696141e-01,-3.972773783785453830e-03,1.349428558111878771e-04,-1.578281304888428966e-04,7.438901466586937152e-05
7.012500000000000178e+00,3.488405526231844189e-01,-5.949564748505556215e-03,4.088515355930641762e-03,3.461514508467147810e-01,-3.935722131284315889e-03,1.329839539216641367e-04,-1.556014568633332464e-04,7.328237900884765636e-05
7.025000000000000355e+00,3.487665017333120288e-01,-5.898637188945215354e-03,4.059927581061692319e-03,3.461024845305966102e-01,-3.898931861146611062e-03,1.310526882048019756e-04,-1.534062678603305429e-04,7.219137454190195581e-05
7.037500000000000533e+00,3.486930852097249733e-01,-5.848065726699869932e-03,4.031539553597711725e-03,3.460539764685868214e-01,-3.862401175378710368e-03,1.291486679019736815e-04,-1.512421166870561761e-04,7.111578031104040477e-05
7.050000000000000711e+00,3.486202986167760698e-01,-5.797847873603963545e-03,4.003349886855495088e-03,3.460059234270496109e-01,-3.826128289161367848e-03,1.272715077994624811e-04,-1.491085629350842720e-04,7.005537849727412397e-05
7.062500000000000000e+00,3.485481375498117873e-01,-5.747981158764210209e-03,3.975357203944375820e-03,3.459583221945774500e-01,-3.790111430770384295e-03,1.254208281492351709e-04,-1.470051724882579089e-04,6.900995437200951052e-05
7.075000000000000178e+00,3.484765976349577521e-01,-5.698463128437592992e-03,3.947560137699022455e-03,3.459111695818279375e-01,-3.754348841498074581e-03,1.235962545908567112e-04,-1.449315174319541072e-04,6.797929625308214577e-05
7.087500000000000355e+00,3.484056745289046408e-01,-5.649291345910236080e-03,3.919957330612795776e-03,3.458644624213615959e-01,-3.718838775575582841e-03,1.217974180745319703e-04,-1.428871759636804375e-04,6.696319546142399915e-05
7.100000000000000533e+00,3.483353639186962947e-01,-5.600463391377071345e-03,3.892547434771618554e-03,3.458181975674806119e-01,-3.683579500095982614e-03,1.200239547852555096e-04,-1.408717323049799074e-04,6.596144627835341136e-05
7.112500000000000711e+00,3.482656615215190543e-01,-5.551976861822345392e-03,3.865329111788373510e-03,3.457723718960684089e-01,-3.648569294938210084e-03,1.182755060680552070e-04,-1.388847766146268355e-04,6.497384590347999634e-05
7.125000000000000000e+00,3.481965630844926496e-01,-5.503829370900942784e-03,3.838301032737829500e-03,3.457269823044305523e-01,-3.613806452691813078e-03,1.165517183543127774e-04,-1.369259049030941420e-04,6.400019441321497531e-05
7.137500000000000178e+00,3.481280643844625322e-01,-5.456018548820502044e-03,3.811461878092078578e-03,3.456820257111360428e-01,-3.579289278582501940e-03,1.148522430891451581e-04,-1.349947189482717544e-04,6.304029471987821496e-05
7.150000000000000355e+00,3.480601612277937629e-01,-5.408542042224372993e-03,3.784810337656507786e-03,3.456374990558601090e-01,-3.545016090398540876e-03,1.131767366598328674e-04,-1.330908262124202177e-04,6.209395253139401462e-05
7.162500000000000533e+00,3.479928494501661751e-01,-5.361397514075330432e-03,3.758345110506265338e-03,3.455933992992273884e-01,-3.510985218417935101e-03,1.115248603252775423e-04,-1.312138397603379331e-04,6.116097631156611485e-05
7.175000000000000711e+00,3.479261249163712599e-01,-5.314582643540105740e-03,3.732064904923247228e-03,3.455497234226563852e-01,-3.477195005336439389e-03,1.098962801464756038e-04,-1.293633781787260342e-04,6.024117724092429058e-05
7.187500000000000000e+00,3.478599835201101609e-01,-5.268095125874689560e-03,3.705968438333595138e-03,3.455064684282047049e-01,-3.443643806196391034e-03,1.082906669179923160e-04,-1.275390654967326846e-04,5.933436917813424838e-05
7.200000000000000178e+00,3.477944211837933897e-01,-5.221932672310409911e-03,3.680054437245685716e-03,3.454636313384150115e-01,-3.410329988316341231e-03,1.067076961004213842e-04,-1.257405311076583126e-04,5.844036862196210657e-05
7.212500000000000355e+00,3.477294338583418187e-01,-5.176093009940805657e-03,3.654321637188643300e-03,3.454212091961623154e-01,-3.377251931221532128e-03,1.051470477538170561e-04,-1.239674096918066579e-04,5.755899467378666859e-05
7.225000000000000533e+00,3.476650175229891171e-01,-5.130573881609238121e-03,3.628768782651334464e-03,3.453791990645013743e-01,-3.344408026575168384e-03,1.036084064720823938e-04,-1.222193411404618975e-04,5.669006900065013820e-05
7.237500000000000711e+00,3.476011681850854629e-01,-5.085373045797272895e-03,3.603394627021864766e-03,3.453375980265159240e-01,-3.311796678110517055e-03,1.020914613183015611e-04,-1.204959704809771602e-04,5.583341579884066973e-05
7.250000000000000000e+00,3.475378818799029768e-01,-5.040488276513821475e-03,3.578197932527574666e-03,3.452964031851676885e-01,-3.279416301563831473e-03,1.005959057610014885e-04,-1.187969478029572316e-04,5.498886175799859482e-05
7.262500000000000178e+00,3.474751546704421545e-01,-4.995917363185007135e-03,3.553177470175514219e-03,3.452556116631472216e-01,-3.247265324608082215e-03,9.912143761132905233e-05,-1.171219281855186714e-04,5.415623602573866154e-05
7.275000000000000355e+00,3.474129826472397986e-01,-4.951658110544811427e-03,3.528332019693426053e-03,3.452152206027248038e-01,-3.215342186787536333e-03,9.766775896113193633e-05,-1.154705716256131131e-04,5.333537017278164533e-05
7.287500000000000533e+00,3.473513619281785592e-01,-4.907708338526414575e-03,3.503660369471196280e-03,3.451752271656025606e-01,-3.183645339453135010e-03,9.623457612192775289e-05,-1.138425429673956663e-04,5.252609815858696291e-05
7.300000000000000711e+00,3.472902886582973636e-01,-4.864065882154289602e-03,3.479161316502798508e-03,3.451356285327672468e-01,-3.152173245698710376e-03,9.482159956475017556e-05,-1.122375118326247347e-04,5.172825629747981120e-05
7.312500000000000000e+00,3.472297590096037334e-01,-4.820728591437011164e-03,3.454833666328717932e-03,3.450964219043439751e-01,-3.120924380298030227e-03,9.342854386085871978e-05,-1.106551525520772295e-04,5.094168322526564151e-05
7.325000000000000178e+00,3.471697691808867670e-01,-4.777694331260769547e-03,3.430676232978847710e-03,3.450576044994503877e-01,-3.089897229642656756e-03,9.205512762329905315e-05,-1.090951440979639060e-04,5.016621986632451518e-05
7.337500000000000355e+00,3.471103153975322320e-01,-4.734960981283630604e-03,3.406687838915878428e-03,3.450191735560519946e-01,-3.059090291680666152e-03,9.070107344930291194e-05,-1.075571700173313635e-04,4.940170940117945888e-05
7.350000000000000533e+00,3.470513939113383794e-01,-4.692526435830457476e-03,3.382867314979142066e-03,3.449811263308181220e-01,-3.028502075856170060e-03,8.936610786351344767e-05,-1.060409183664342311e-04,4.864799723453081676e-05
7.362500000000000711e+00,3.469930010003330900e-01,-4.650388603788558305e-03,3.359213500328939953e-03,3.449434600989783606e-01,-2.998131103049692277e-03,8.804996126202536532e-05,-1.045460816460646089e-04,4.790493096375079897e-05
7.375000000000000000e+00,3.469351329685929630e-01,-4.608545408504025227e-03,3.335725242391339527e-03,3.449061721541801795e-01,-2.967975905519377230e-03,8.675236785722765566e-05,-1.030723567378242226e-04,4.717236034783140971e-05
7.387500000000000178e+00,3.468777861460627387e-01,-4.566994787678736040e-03,3.312401396803427763e-03,3.448692598083470950e-01,-2.938035026843032003e-03,8.547306562343646703e-05,-1.016194448413248314e-04,4.645013727677891740e-05
7.400000000000000355e+00,3.468209568883767191e-01,-4.525734693268080103e-03,3.289240827359049893e-03,3.448327203915373396e-01,-2.908307021861031381e-03,8.421179624330831816e-05,-1.001870514123048416e-04,4.573811574144936483e-05
7.412500000000000533e+00,3.467646415766812984e-01,-4.484763091379321762e-03,3.266242405954993509e-03,3.447965512518035847e-01,-2.878790456620047757e-03,8.296830505502018058e-05,-9.877488610164633577e-05,4.503615180381771949e-05
7.425000000000000711e+00,3.467088366174584935e-01,-4.444077962170648113e-03,3.243405012537641050e-03,3.447607497550531641e-01,-2.849483908317642332e-03,8.174234100020682224e-05,-9.738266269528106681e-05,4.434410356767535150e-05
7.437500000000000000e+00,3.466535384423511390e-01,-4.403677299750887245e-03,3.220727535050082850e-03,3.447253132849090740e-01,-2.820385965247706322e-03,8.053365657264377031e-05,-9.601009905497167403e-05,4.366183114974930011e-05
7.450000000000000178e+00,3.465987435079890266e-01,-4.363559112079863113e-03,3.198208869379679919e-03,3.446902392425715278e-01,-2.791495226746751324e-03,7.934200776766468560e-05,-9.465691705995471809e-05,4.298919665123729779e-05
7.462500000000000355e+00,3.465444482958162653e-01,-4.323721420869434777e-03,3.175847919306096397e-03,3.446555250466802334e-01,-2.762810303141075268e-03,7.816715403230378354e-05,-9.332284254943451647e-05,4.232606412975315136e-05
7.475000000000000533e+00,3.464906493119203623e-01,-4.284162261485156657e-03,3.153643596449770027e-03,3.446211681331775578e-01,-2.734329815694774499e-03,7.700885821615091479e-05,-9.200760526591307499e-05,4.167229957167587319e-05
7.487500000000000711e+00,3.464373430868616932e-01,-4.244879682848585849e-03,3.131594820220845368e-03,3.445871659551718036e-01,-2.706052396558632309e-03,7.586688652291034732e-05,-9.071093879934555792e-05,4.102777086489738545e-05
7.500000000000000000e+00,3.463845261755050808e-01,-4.205871747340235618e-03,3.109700517768551088e-03,3.445535159828017058e-01,-2.677976688719877017e-03,7.474100846265242142e-05,-8.943258053210847611e-05,4.039234777196298339e-05
7.512500000000000178e+00,3.463321951568518742e-01,-4.167136530703138657e-03,3.087959623931023963e-03,3.445202157031012069e-01,-2.650101345952806959e-03,7.363099680474781839e-05,-8.817227158476838224e-05,3.976590190359875033e-05
7.525000000000000355e+00,3.462803466338736369e-01,-4.128672121947059986e-03,3.066371081185589962e-03,3.444872626198648424e-01,-2.622425032770316251e-03,7.253662753147536275e-05,-8.692975676264055635e-05,3.914830669262108626e-05
7.537500000000000533e+00,3.462289772333468907e-01,-4.090476623253310080e-03,3.044933839599479886e-03,3.444546542535138478e-01,-2.594946424376280529e-03,7.145767979229243453e-05,-8.570478450312445453e-05,3.853943736822208174e-05
7.550000000000000711e+00,3.461780836056890243e-01,-4.052548149880174679e-03,3.023646856780991266e-03,3.444223881409629318e-01,-2.567664206618849084e-03,7.039393585875907430e-05,-8.449710682380583767e-05,3.793917093062606181e-05
7.562500000000000000e+00,3.461276624247955902e-01,-4.014884830068959562e-03,3.002509097831095215e-03,3.443904618354873826e-01,-2.540577075944624313e-03,6.934518108010614479e-05,-8.330647927131381648e-05,3.734738612611181082e-05
7.575000000000000178e+00,3.460777103878783234e-01,-3.977484804950623398e-03,2.981519535295476097e-03,3.443588729065907850e-01,-2.513683739353734549e-03,6.831120383943781865e-05,-8.213266087092148317e-05,3.676396342239515903e-05
7.587500000000000355e+00,3.460282242153047694e-01,-3.940346228453026414e-03,2.960677149117024818e-03,3.443276189398736808e-01,-2.486982914355830628e-03,6.729179551056008450e-05,-8.097541407688057505e-05,3.618878498436745180e-05
7.600000000000000533e+00,3.459792006504389672e-01,-3.903467267208755431e-03,2.939980926588755400e-03,3.442966975369021743e-01,-2.460473328926974113e-03,6.628675041542487654e-05,-7.983450472347756620e-05,3.562173465018399242e-05
7.612500000000000711e+00,3.459306364594829653e-01,-3.866846100463538702e-03,2.919429862307163469e-03,3.442661063150774803e-01,-2.434153721467448815e-03,6.529586578218192657e-05,-7.870970197680216137e-05,3.506269790769826419e-05
7.625000000000000000e+00,3.458825284313201132e-01,-3.830480919985244492e-03,2.899022958126024497e-03,3.442358429075058068e-01,-2.408022840760499095e-03,6.431894170382904141e-05,-7.760077828721710603e-05,3.451156187123677484e-05
7.637500000000000178e+00,3.458348733773585759e-01,-3.794369929973442999e-03,2.878759223110614451e-03,3.442059049628690692e-01,-2.382079445931981499e-03,6.335578109745187460e-05,-7.650750934251912105e-05,3.396821525870954972e-05
7.650000000000000355e+00,3.457876681313770129e-01,-3.758511346969559824e-03,2.858637673492380165e-03,3.441762901452955492e-01,-2.356322306410976557e-03,6.240618966404567070e-05,-7.542967402178152954e-05,3.343254836905221460e-05
7.662500000000000533e+00,3.457409095493705897e-01,-3.722903399767570239e-03,2.838657332624026485e-03,3.441469961342313866e-01,-2.330750201891317389e-03,6.146997584890889917e-05,-7.436705434986769312e-05,3.290445305999417939e-05
7.675000000000000711e+00,3.456945945093984340e-01,-3.687544329325265040e-03,2.818817230935041426e-03,3.441180206243128481e-01,-2.305361922294080646e-03,6.054695080260191336e-05,-7.331943545260609612e-05,3.238382272614891806e-05
7.687500000000000000e+00,3.456487199114320896e-01,-3.652432388676068922e-03,2.799116405887651544e-03,3.440893613252381522e-01,-2.280156267731031552e-03,5.963692834246160879e-05,-7.228660551261759093e-05,3.187055227742177058e-05
7.700000000000000178e+00,3.456032826772051925e-01,-3.617565842841394003e-03,2.779553901933199712e-03,3.440610159616409036e-01,-2.255132048469021735e-03,5.873972491466404394e-05,-7.126835572578461299e-05,3.136453811773049670e-05
7.712500000000000355e+00,3.455582797500642012e-01,-3.582942968743560615e-03,2.760128770468963516e-03,3.440329822729628062e-01,-2.230288084895376294e-03,5.785515955682780009e-05,-7.026448025835427464e-05,3.086567812403485434e-05
7.725000000000000533e+00,3.455137080948200157e-01,-3.548562055119231992e-03,2.740840069795388682e-03,3.440052580133279303e-01,-2.205623207484243634e-03,5.698305386114902040e-05,-6.927477620466482094e-05,3.037387162567020861e-05
7.737500000000000711e+00,3.454695646976009837e-01,-3.514421402433392377e-03,2.721686865073753587e-03,3.439778409514162583e-01,-2.181136256763936687e-03,5.612323193806133828e-05,-6.829904354548728895e-05,2.988901938398136321e-05
7.750000000000000000e+00,3.454258465657067956e-01,-3.480519322793849003e-03,2.702668228284263105e-03,3.439507288703387289e-01,-2.156826083285270750e-03,5.527552038041273313e-05,-6.733708510697329023e-05,2.941102357225240617e-05
7.762500000000000178e+00,3.453825507274634887e-01,-3.446854139866249288e-03,2.683783238184558363e-03,3.439239195675117267e-01,-2.132691547590897900e-03,5.443974822815149346e-05,-6.638870652019967372e-05,2.893978775592819568e-05
7.775000000000000355e+00,3.453396742320793966e-01,-3.413424188789630602e-03,2.665030980268665375e-03,3.438974108545327923e-01,-2.108731520185667084e-03,5.361574693351478228e-05,-6.545371618130264228e-05,2.847521687312401010e-05
7.787500000000000533e+00,3.452972141495024849e-01,-3.380227816092463977e-03,2.646410546726352640e-03,3.438712005570557784e-01,-2.084944881507991201e-03,5.280335032671129380e-05,-6.453192521219128035e-05,2.801721721541870649e-05
7.800000000000000711e+00,3.452551675702781875e-01,-3.347263379609207411e-03,2.627921036402923287e-03,3.438452865146673365e-01,-2.061330521902250690e-03,5.200239458209171290e-05,-6.362314742183335071e-05,2.756569640892794225e-05
7.812500000000000000e+00,3.452135316054088521e-01,-3.314529248397367431e-03,2.609561554759426590e-03,3.438196665807629060e-01,-2.037887341592241417e-03,5.121271818479955083e-05,-6.272719926810456457e-05,2.712056339565349555e-05
7.825000000000000178e+00,3.451723033862140189e-01,-3.282023802655035984e-03,2.591331213833287118e-03,3.437943386224235343e-01,-2.014614250655658197e-03,5.043416189789514021e-05,-6.184389982019315301e-05,2.668172841510468323e-05
7.837500000000000355e+00,3.451314800641913649e-01,-3.249745433638945129e-03,2.573229132199368434e-03,3.437693005202928642e-01,-1.991510168999661209e-03,4.966656872994665013e-05,-6.097307072155246863e-05,2.624910298618865414e-05
7.850000000000000533e+00,3.450910588108792587e-01,-3.217692543582981006e-03,2.555254434931450956e-03,3.437445501684543991e-01,-1.968574026337493229e-03,4.890978390308030154e-05,-6.011453615339267973e-05,2.582259988936523449e-05
7.862500000000000711e+00,3.450510368177199805e-01,-3.185863545617187431e-03,2.537406253564130059e-03,3.437200854743090450e-01,-1.945804762166187347e-03,4.816365482148385368e-05,-5.926812279870469246e-05,2.540213314906317779e-05
7.875000000000000000e+00,3.450114112959238866e-01,-3.154256863687244367e-03,2.519683726055145685e-03,3.436959043584529860e-01,-1.923201325745366261e-03,4.742803104035652433e-05,-5.843365980680835932e-05,2.498761801635411607e-05
7.887500000000000178e+00,3.449721794763349614e-01,-3.122870932474403928e-03,2.502085996748120052e-03,3.436720047545556711e-01,-1.900762676077139002e-03,4.670276423529854044e-05,-5.761097875841722868e-05,2.457897095188057358e-05
7.900000000000000355e+00,3.449333386092969800e-01,-3.091704197315909078e-03,2.484612216335734675e-03,3.436483846092382444e-01,-1.878487781887128909e-03,4.598770817213470848e-05,-5.679991363121328942e-05,2.417610960903498002e-05
7.912500000000000533e+00,3.448948859645207254e-01,-3.060755114125849469e-03,2.467261541823317222e-03,3.436250418819521979e-01,-1.856375621606610972e-03,4.528271867716465222e-05,-5.600030076592329466e-05,2.377895281738579041e-05
7.925000000000000711e+00,3.448568188309523719e-01,-3.030022149316483927e-03,2.450033136492852509e-03,3.436019745448579688e-01,-1.834425183355800366e-03,4.458765360783425628e-05,-5.521197883289042345e-05,2.338742056634774362e-05
7.937500000000000000e+00,3.448191345166428667e-01,-2.999503779720002691e-03,2.432926169867421964e-03,3.435791805827040357e-01,-1.812635464928290035e-03,4.390237282382185763e-05,-5.443478879913383361e-05,2.300143398909286791e-05
7.950000000000000178e+00,3.447818303486178682e-01,-2.969198492510728964e-03,2.415939817676055965e-03,3.435566579927061270e-01,-1.791005473776648149e-03,4.322673815853300520e-05,-5.366857389588905133e-05,2.262091534669883193e-05
7.962500000000000355e+00,3.447449036727492366e-01,-2.939104785127772800e-03,2.399073261819023323e-03,3.435344047844264281e-01,-1.769534226999207966e-03,4.256061339099843422e-05,-5.291317958662310585e-05,2.224578801253194075e-05
7.975000000000000533e+00,3.447083518536270819e-01,-2.909221165198097418e-03,2.382325690333532333e-03,3.435124189796532335e-01,-1.748220751328036227e-03,4.190386421816841810e-05,-5.216845353551655546e-05,2.187597645686099925e-05
7.987500000000000711e+00,3.446721722744327532e-01,-2.879546150460021367e-03,2.365696297359861592e-03,3.434906986122804873e-01,-1.727064083118113463e-03,4.125635822759853765e-05,-5.143424557640676023e-05,2.151140623169949827e-05
8.000000000000000000e+00,3.446363623368132734e-01,-2.850078268687143094e-03,2.349184283107916271e-03,3.434692417281876575e-01,-1.706063268337736213e-03,4.061796487052070121e-05,-5.071040768218543541e-05,2.115200395587286421e-05
8.012500000000001066e+00,3.446009194607560500e-01,-2.820816057612664067e-03,2.332788853824202448e-03,3.434480463851194987e-01,-1.685217362560144589e-03,3.998855543529368294e-05,-4.999679393464394648e-05,2.079769730030768546e-05
8.025000000000000355e+00,3.445658410844650299e-01,-2.791758064854162492e-03,2.316509221759245965e-03,3.434271106525662587e-01,-1.664525430956425092e-03,3.936800302122855119e-05,-4.929326049476103323e-05,2.044841497354057787e-05
8.037499999999999645e+00,3.445311246642374647e-01,-2.762902847838713104e-03,2.300344605135412439e-03,3.434064326116433863e-01,-1.643986548289641829e-03,3.875618251278165483e-05,-4.859966557342480423e-05,2.010408670744273193e-05
8.050000000000000711e+00,3.444967676743419527e-01,-2.734248973728453658e-03,2.284294228115174401e-03,3.433860103549719600e-01,-1.623599798910278736e-03,3.815297055411178648e-05,-4.791586940258503078e-05,1.976464324315848145e-05
8.062500000000000000e+00,3.444627676068970357e-01,-2.705795019346541284e-03,2.268357320769808644e-03,3.433658419865588396e-01,-1.603364276752978742e-03,3.755824552399524073e-05,-4.724173420682876767e-05,1.943001631725455638e-05
8.075000000000001066e+00,3.444291219717510177e-01,-2.677539571103455807e-03,2.252533119048502099e-03,3.433459256216767064e-01,-1.583279085334568124e-03,3.697188751109275025e-05,-4.657712417537246337e-05,1.910013864807685543e-05
8.087500000000000355e+00,3.443958282963625050e-01,-2.649481224923751470e-03,2.236820864747919146e-03,3.433262593867444923e-01,-1.563343337753455870e-03,3.639377828956518265e-05,-4.592190543446709707e-05,1.877494392231324072e-05
8.099999999999999645e+00,3.443628841256819451e-01,-2.621618586173120932e-03,2.221219805482170517e-03,3.433068414192074203e-01,-1.543556156690337969e-03,3.582380129503036115e-05,-4.527594602020777053e-05,1.845436678175829562e-05
8.112500000000000711e+00,3.443302870220341094e-01,-2.593950269585876007e-03,2.205729194653237996e-03,3.432876698674173221e-01,-1.523916674410299033e-03,3.526184160085814963e-05,-4.463911585174452256e-05,1.813834281027862949e-05
8.125000000000000000e+00,3.442980345650014096e-01,-2.566474899192794021e-03,2.190348291421830625e-03,3.432687428905127902e-01,-1.504424032766294968e-03,3.470778589479785913e-05,-4.401128670488779976e-05,1.782680852097566647e-05
8.137500000000001066e+00,3.442661243513081559e-01,-2.539191108249285074e-03,2.175076360678659428e-03,3.432500586582994395e-01,-1.485077383204014539e-03,3.416152245593235165e-05,-4.339233218610229540e-05,1.751970134354306888e-05
8.150000000000000355e+00,3.442345539947057054e-01,-2.512097539163975646e-03,2.159912673016179622e-03,3.432316153511296708e-01,-1.465875886768203953e-03,3.362294113195606282e-05,-4.278212770688603227e-05,1.721695961181734168e-05
8.162499999999999645e+00,3.442033211258583303e-01,-2.485192843427584501e-03,2.144856504700740508e-03,3.432134111597828774e-01,-1.446818714110392019e-03,3.309193331676969297e-05,-4.218055045852669386e-05,1.691852255151796240e-05
8.175000000000000711e+00,3.441724233922304754e-01,-2.458475681542182396e-03,2.129907137645198952e-03,3.431954442853450971e-01,-1.427905045498106297e-03,3.256839192838886278e-05,-4.158747938723226259e-05,1.662433026817571478e-05
8.187500000000000000e+00,3.441418584579742923e-01,-2.431944722950790498e-03,2.115063859381973495e-03,3.431777129390889969e-01,-1.409134070825571140e-03,3.205221138716137359e-05,-4.100279516962997524e-05,1.633432373524646865e-05
8.200000000000001066e+00,3.441116240038182283e-01,-2.405598645967275007e-03,2.100325963036525634e-03,3.431602153423533030e-01,-1.390504989625882632e-03,3.154328759428769191e-05,-4.042638018862769320e-05,1.604844478240772564e-05
8.212500000000000355e+00,3.440817177269569482e-01,-2.379436137706629050e-03,2.085692747301313814e-03,3.431429497264222861e-01,-1.372017011084750420e-03,3.104151791064199505e-05,-3.985811850963488903e-05,1.576663608403671462e-05
8.224999999999999645e+00,3.440521373409413664e-01,-2.353455894015519124e-03,2.071163516410170699e-03,3.431259143324049132e-01,-1.353669354055745712e-03,3.054680113588717797e-05,-3.929789585713587677e-05,1.548884114786658090e-05
8.237500000000000711e+00,3.440228805755701780e-01,-2.327656619403185422e-03,2.056737580113147511e-03,3.431091074111140005e-01,-1.335461247077146746e-03,3.005903748788125968e-05,-3.874559959161257548e-05,1.521500430381958660e-05
8.250000000000000000e+00,3.439939451767820011e-01,-2.302037026972656580e-03,2.042414253651814605e-03,3.430925272229451428e-01,-1.317391928390375866e-03,2.957812858237002921e-05,-3.820111868681129013e-05,1.494507069301474404e-05
8.262500000000001066e+00,3.439653289065481290e-01,-2.276595838352232001e-03,2.028192857734993550e-03,3.430761720377548674e-01,-1.299460645960029718e-03,2.910397741296107932e-05,-3.766434370734810915e-05,1.467898625694743059e-05
8.275000000000000355e+00,3.439370295427667257e-01,-2.251331783627318929e-03,2.014072718514982319e-03,3.430600401347396189e-01,-1.281666657495585853e-03,2.863648833137670720e-05,-3.713516678665030300e-05,1.441669772683995512e-05
8.287499999999999645e+00,3.439090448791573551e-01,-2.226243601272508924e-03,2.000053167564204166e-03,3.430441298023131913e-01,-1.264009230474738652e-03,2.817556702797943774e-05,-3.661348160522698818e-05,1.415815261315987596e-05
8.300000000000000711e+00,3.438813727251565089e-01,-2.201330038083983923e-03,1.986133541852347448e-03,3.430284393379848251e-01,-1.246487642168449825e-03,2.772112051256780461e-05,-3.609918336926661042e-05,1.390329919530512338e-05
8.312500000000000000e+00,3.438540109058141336e-01,-2.176589849112197696e-03,1.972313183723962970e-03,3.430129670482364723e-01,-1.229101179667716490e-03,2.727305709543765571e-05,-3.559216878955606325e-05,1.365208651145357344e-05
8.325000000000001066e+00,3.438269572616907133e-01,-2.152021797594805795e-03,1.958591440876517129e-03,3.429977112484000612e-01,-1.211849139912055551e-03,2.683128636870431782e-05,-3.509233606071658331e-05,1.340446434857489820e-05
8.337500000000000355e+00,3.438002096487555725e-01,-2.127624654889915135e-03,1.944967666338940542e-03,3.429826702625339285e-01,-1.194730829719796309e-03,2.639571918788329930e-05,-3.459958484075407103e-05,1.316038323260370111e-05
8.349999999999999645e+00,3.437737659382855693e-01,-2.103397200409548237e-03,1.931441218450626615e-03,3.429678424232992517e-01,-1.177745565820132942e-03,2.596626765372377120e-05,-3.411381623091752136e-05,1.291979441877112549e-05
8.362500000000000711e+00,3.437476240167649522e-01,-2.079338221553402814e-03,1.918011460840923429e-03,3.429532260718360925e-01,-1.160892674887026646e-03,2.554284509429248211e-05,-3.363493275586345010e-05,1.268264988209401454e-05
8.375000000000000000e+00,3.437217817857858293e-01,-2.055446513642861586e-03,1.904677762409108955e-03,3.429388195576387188e-01,-1.144171493574961968e-03,2.512536604730375640e-05,-3.316283834412150488e-05,1.244890230801959340e-05
8.387500000000001066e+00,3.436962371619497469e-01,-2.031720879855217644e-03,1.891439497304830963e-03,3.429246212384305936e-01,-1.127581368556563636e-03,2.471374624269120519e-05,-3.269743830885690360e-05,1.221850508322361152e-05
8.400000000000000355e+00,3.436709880767696013e-01,-2.008160131158192967e-03,1.878296044909063232e-03,3.429106294800389754e-01,-1.111121656562162347e-03,2.430790258541894777e-05,-3.223863932892740992e-05,1.199141228656119656e-05
8.412499999999999645e+00,3.436460324765729935e-01,-1.984763086244636498e-03,1.865246789815524489e-03,3.428968426562689076e-01,-1.094791724421269189e-03,2.390775313852693589e-05,-3.178634943022925542e-05,1.176757868016776711e-05
8.425000000000000711e+00,3.436213683224059179e-01,-1.961528571467491960e-03,1.852291121812612998e-03,3.428832591487767645e-01,-1.078590949106051277e-03,2.351321710640823985e-05,-3.134047796732992129e-05,1.154695970070930758e-05
8.437500000000000000e+00,3.435969935899372829e-01,-1.938455420774982301e-03,1.839428435865838370e-03,3.428698773469430749e-01,-1.062518717776813823e-03,2.312421481831414567e-05,-3.090093560538353094e-05,1.132951145078010161e-05
8.450000000000001066e+00,3.435729062693646529e-01,-1.915542475645981265e-03,1.826658132100738652e-03,3.428566956477450134e-01,-1.046574427829501195e-03,2.274066771208300457e-05,-3.046763430232474695e-05,1.111519069044616847e-05
8.462500000000000355e+00,3.435491043653202681e-01,-1.892788585025642146e-03,1.813979615786333668e-03,3.428437124556280580e-01,-1.030757486945305893e-03,2.236249831809077464e-05,-3.004048729133927179e-05,1.090395482893369644e-05
8.474999999999999645e+00,3.435255858967783960e-01,-1.870192605261183309e-03,1.801392297319059964e-03,3.428309261823770382e-01,-1.015067313142354634e-03,2.198963024341813192e-05,-2.961940906360565996e-05,1.069576191646013505e-05
8.487500000000000711e+00,3.435023488969627392e-01,-1.847753400037902265e-03,1.788895592207241994e-03,3.428183352469867384e-01,-9.995033348295578532e-04,2.162198815623218916e-05,-2.920431535130672371e-05,1.049057063620736021e-05
8.500000000000000000e+00,3.434793914132557302e-01,-1.825469840315381218e-03,1.776488921056082644e-03,3.428059380755316687e-01,-9.840649908626425760e-04,2.125949777037889528e-05,-2.879512311090660223e-05,1.028834029643522658e-05
8.512500000000001066e+00,3.434567115071074928e-01,-1.803340804263845040e-03,1.764171709553159859e-03,3.427937331010348920e-01,-9.687517306023753737e-04,2.090208583018229399e-05,-2.839175050668977751e-05,1.008903082273393339e-05
8.525000000000000355e+00,3.434343072539462471e-01,-1.781365177200744778e-03,1.751943388454482936e-03,3.427817187633366292e-01,-9.535630139750765665e-04,2.054968009544871682e-05,-2.799411689456032570e-05,9.892602750414668339e-06
8.537499999999999645e+00,3.434121767430895478e-01,-1.759541851527464092e-03,1.739803393571052971e-03,3.427698935089616428e-01,-9.384983115353896744e-04,2.020220932667109959e-05,-2.760214280609662700e-05,9.699017217036425700e-06
8.550000000000000711e+00,3.433903180776559094e-01,-1.737869726666222813e-03,1.727751165755983835e-03,3.427582557909858441e-01,-9.235571045314070566e-04,1.985960327043154527e-05,-2.721574993286001587e-05,9.508235955068513912e-06
8.562500000000000000e+00,3.433687293744774882e-01,-1.716347708997138137e-03,1.715786150892166777e-03,3.427468040689025108e-01,-9.087388849721634481e-04,1.952179264499844349e-05,-2.683486111095377021e-05,9.320221284687333203e-06
8.575000000000001066e+00,3.433474087640135397e-01,-1.694974711795403568e-03,1.703907799880468015e-03,3.427355368084872289e-01,-8.940431556975217886e-04,1.918870912611457226e-05,-2.645940030582912925e-05,9.134936106706005232e-06
8.587500000000000355e+00,3.433263543902647097e-01,-1.673749655168660843e-03,1.692115568628507673e-03,3.427244524816618898e-01,-8.794694304505433925e-04,1.886028533297432191e-05,-2.608929259733682558e-05,8.952343895636468517e-06
8.599999999999999645e+00,3.433055644106877691e-01,-1.652671465994461205e-03,1.680408918039976492e-03,3.427135495663580778e-01,-8.650172339523221846e-04,1.853645481438552799e-05,-2.572446416501984881e-05,8.772408692882188038e-06
8.612500000000000711e+00,3.432850369961116810e-01,-1.631739077857886910e-03,1.668787314004534315e-03,3.427028265463794576e-01,-8.506861019793791716e-04,1.821715203511415168e-05,-2.536484227364600423e-05,8.595095100061133435e-06
8.625000000000000000e+00,3.432647703306538900e-01,-1.610951430989296341e-03,1.657250227388282551e-03,3.426922819112628860e-01,-8.364755814436401326e-04,1.790231236240827015e-05,-2.501035525897719013e-05,8.420368272457775554e-06
8.637500000000001066e+00,3.432447626116377215e-01,-1.590307472202153686e-03,1.645797134024800865e-03,3.426819141561388005e-01,-8.223852304750215760e-04,1.759187205269806010e-05,-2.466093251377232397e-05,8.248193912602939240e-06
8.650000000000000355e+00,3.432250120495106693e-01,-1.569806154831012573e-03,1.634427514706793174e-03,3.426717217815904992e-01,-8.084146185067226471e-04,1.728576823846998548e-05,-2.431650447402267757e-05,8.078538263981229457e-06
8.662499999999999645e+00,3.432055168677630164e-01,-1.549446438669555004e-03,1.623140855178300049e-03,3.426617032935121987e-01,-7.945633263632083517e-04,1.698393891531088646e-05,-2.397700260541567397e-05,7.911368104864421362e-06
8.675000000000000711e+00,3.431862753028475654e-01,-1.529227289908754528e-03,1.611936646127528879e-03,3.426518572029662035e-01,-7.808309463509836238e-04,1.668632292912036028e-05,-2.364235939002607196e-05,7.746650742270628004e-06
8.687500000000000000e+00,3.431672856041000363e-01,-1.509147681075124212e-03,1.600814383180287079e-03,3.426421820260387441e-01,-7.672170823521867527e-04,1.639285996348802897e-05,-2.331250831323170922e-05,7.584354006048187693e-06
8.700000000000001066e+00,3.431485460336604065e-01,-1.489206590969014690e-03,1.589773566894014424e-03,3.426326762836945927e-01,-7.537213499210337203e-04,1.610349052723259028e-05,-2.298738385085106312e-05,7.424446243083315587e-06
8.712500000000000355e+00,3.431300548663946404e-01,-1.469403004603024761e-03,1.578813702752455495e-03,3.426233385016307365e-01,-7.403433763832126518e-04,1.581815594210087662e-05,-2.266692145650168373e-05,7.266896311631370419e-06
8.724999999999999645e+00,3.431118103898175842e-01,-1.449735913140434099e-03,1.567934301160939714e-03,3.426141672101283842e-01,-7.270828009382231767e-04,1.553679833062296110e-05,-2.235105754917593831e-05,7.111673575770399751e-06
8.737500000000000711e+00,3.430938109040165274e-01,-1.430204313833716850e-03,1.557134877442307996e-03,3.426051609439040857e-01,-7.139392747647626148e-04,1.525936060412160322e-05,-2.203972950103319294e-05,6.958747899976879049e-06
8.750000000000000000e+00,3.430760547215751521e-01,-1.410807209963104228e-03,1.546414951833484071e-03,3.425963182419591302e-01,-7.009124611291938983e-04,1.498578645087298977e-05,-2.173287562540593789e-05,6.808089643822836499e-06
8.762500000000001066e+00,3.430585401674989265e-01,-1.391543610775156439e-03,1.535774049482680056e-03,3.425876376474279450e-01,-6.880020354971329603e-04,1.471602032441562704e-05,-2.143043516501753212e-05,6.659669656793577538e-06
8.775000000000000355e+00,3.430412655791408305e-01,-1.372412531421407901e-03,1.525211700447282265e-03,3.425791177074247740e-01,-6.752076856482583725e-04,1.445000743200582208e-05,-2.113234828041075412e-05,6.513459273226057367e-06
8.787499999999999645e+00,3.430242293061276371e-01,-1.353412992896992940e-03,1.514727439692383415e-03,3.425707569728889679e-01,-6.625291117943474598e-04,1.418769372321590268e-05,-2.083855603858407224e-05,6.369430307366752020e-06
8.800000000000000711e+00,3.430074297102876923e-01,-1.334544021979314210e-03,1.504320807090001998e-03,3.425625539984289425e-01,-6.499660267006422167e-04,1.392902587867358688e-05,-2.054900040183493327e-05,6.227555048549150819e-06
8.812500000000000000e+00,3.429908651655786955e-01,-1.315804651166713711e-03,1.493991347418988178e-03,3.425545073421644715e-01,-6.375181558105891527e-04,1.367395129893951032e-05,-2.026362421680800253e-05,6.087806256490234937e-06
8.825000000000001066e+00,3.429745340580167001e-01,-1.297193918617117574e-03,1.483738610365606652e-03,3.425466155655673695e-01,-6.251852373739965425e-04,1.342241809352002477e-05,-1.998237120374627175e-05,5.950157156705399111e-06
8.837500000000000355e+00,3.429584347856058368e-01,-1.278710868086706210e-03,1.473562150524843333e-03,3.425388772333005649e-01,-6.129670225787160927e-04,1.317437507001363131e-05,-1.970518594594452980e-05,5.814581436041994397e-06
8.849999999999999645e+00,3.429425657582683695e-01,-1.260354548868525271e-03,1.463461527402402452e-03,3.425312909130556194e-01,-6.008632756858618175e-04,1.292977172338746536e-05,-1.943201387940247924e-05,5.681053238330630529e-06
8.862500000000000711e+00,3.429269253977763610e-01,-1.242124015731093127e-03,1.453436305417438309e-03,3.425238551753883032e-01,-5.888737741686758459e-04,1.268855822538220702e-05,-1.916280128267708503e-05,5.549547160154480123e-06
8.875000000000000000e+00,3.429115121376832831e-01,-1.224018328856969979e-03,1.443486053906019089e-03,3.425165685935528948e-01,-5.769983088550890808e-04,1.245068541404263190e-05,-1.889749526693234642e-05,5.420038246736206121e-06
8.887500000000001066e+00,3.428963244232566820e-01,-1.206036553781252799e-03,1.433610347125314913e-03,3.425094297433337598e-01,-5.652366840740309217e-04,1.221610478337093257e-05,-1.863604376618483498e-05,5.292501987942171104e-06
8.900000000000000355e+00,3.428813607114120088e-01,-1.188177761330051416e-03,1.423808764258561749e-03,3.425024372028762643e-01,-5.535887178055993963e-04,1.198476847310129105e-05,-1.837839552774474827e-05,5.166914314404290170e-06
8.912499999999999645e+00,3.428666194706465054e-01,-1.170441027558860722e-03,1.414080889420763019e-03,3.424955895525148009e-01,-5.420542418351123040e-04,1.175662925859220929e-05,-1.812450010285006661e-05,5.043251593758904794e-06
8.925000000000000711e+00,3.428520991809743679e-01,-1.152825433690881285e-03,1.404426311665179844e-03,3.424888853745993167e-01,-5.306331019111557024e-04,1.153164054083503890e-05,-1.787430783749379952e-05,4.921490627003119838e-06
8.937500000000000000e+00,3.428377983338624646e-01,-1.135330066055253214e-03,1.394844624990603226e-03,3.424823232533198425e-01,-5.193251579076854684e-04,1.130975633657597617e-05,-1.762776986344272937e-05,4.801608644968431746e-06
8.950000000000001066e+00,3.428237154321671643e-01,-1.117954016025171421e-03,1.385335428349408803e-03,3.424759017745288014e-01,-5.081302839902444900e-04,1.109093126854880144e-05,-1.738483808944647993e-05,4.683583304911562388e-06
8.962500000000000355e+00,3.428098489900712198e-01,-1.100696379955929749e-03,1.375898325656437545e-03,3.424696195255613196e-01,-4.970483687864117161e-04,1.087512055581680106e-05,-1.714546519263678787e-05,4.567392687223025401e-06
8.974999999999999645e+00,3.427961975330222621e-01,-1.083556259122813977e-03,1.366532925798675515e-03,3.424634750950534823e-01,-4.860793155605148312e-04,1.066228000422054817e-05,-1.690960461011514084e-05,4.453015292253081972e-06
8.987500000000000711e+00,3.427827595976715713e-01,-1.066532759658892458e-03,1.357238842645775833e-03,3.424574670727579817e-01,-4.752230423927278238e-04,1.045236599692996507e-05,-1.667721053072886682e-05,4.340430037255713732e-06
9.000000000000000000e+00,3.427695337318137359e-01,-1.049624992492669299e-03,1.348015695061425667e-03,3.424515940493582100e-01,-4.644794823626192037e-04,1.024533548509802104e-05,-1.644823788703460746e-05,4.229616253450695754e-06
9.012500000000001066e+00,3.427565184943269228e-01,-1.032832073285567523e-03,1.338863106915553266e-03,3.424458546162790773e-01,-4.538485837372211807e-04,1.004114597861339925e-05,-1.622264234744828445e-05,4.120553683203908572e-06
9.025000000000000355e+00,3.427437124551144798e-01,-1.016153122369288205e-03,1.329780707097424691e-03,3.424402473654964418e-01,-4.433303101637430226e-04,9.839755536950597832e-06,-1.600038030858173829e-05,4.013222477326644781e-06
9.037499999999999645e+00,3.427311141950467044e-01,-9.995872646829670818e-04,1.320768129529601613e-03,3.424347708893432651e-01,-4.329246408669716909e-04,9.641122760114195588e-06,-1.578140888776465725e-05,3.907603192493831441e-06
9.050000000000000711e+00,3.427187223059035559e-01,-9.831336297101726449e-04,1.311825013182808764e-03,3.424294237803138796e-01,-4.226315708514869840e-04,9.445206779675744177e-06,-1.556568591575216583e-05,3.803676788782011071e-06
9.062500000000000000e+00,3.427065353903185341e-01,-9.667913514157130917e-04,1.302951002091707559e-03,3.424242046308653142e-01,-4.124511111087672457e-04,9.251967249900647369e-06,-1.535316992961741195e-05,3.701424627327422190e-06
9.075000000000001066e+00,3.426945520617228347e-01,-9.505595681822188482e-04,1.294145745371583917e-03,3.424191120332162330e-01,-4.023832888292655442e-04,9.061364338962447318e-06,-1.514382016582857012e-05,3.600828468104591031e-06
9.087500000000000355e+00,3.426827709442905601e-01,-9.344374227465425094e-04,1.285408897235989752e-03,3.424141445791429872e-01,-3.924281476195866977e-04,8.873358720242910207e-06,-1.493759655351093326e-05,3.501870467826402193e-06
9.099999999999999645e+00,3.426711906728848178e-01,-9.184240621359004162e-04,1.276740117015319476e-03,3.424093008597731691e-01,-3.825857477248204388e-04,8.687911563714785678e-06,-1.473445970789296307e-05,3.404533177965876477e-06
9.112500000000000711e+00,3.426598098930042635e-01,-9.025186376037972824e-04,1.268139069176366616e-03,3.424045794653760577e-01,-3.728561662561653248e-04,8.504984527405590059e-06,-1.453437092393712909e-05,3.308799542900726169e-06
9.125000000000000000e+00,3.426486272607308647e-01,-8.867203045657004803e-04,1.259605423342862731e-03,3.423999789851504549e-01,-3.632394974239302348e-04,8.324539748939853637e-06,-1.433729217015523500e-05,3.214652898181313683e-06
9.137500000000001066e+00,3.426376414426782757e-01,-8.710282225344296138e-04,1.251138854317003805e-03,3.423954980070094134e-01,-3.537358527760038249e-04,8.146539837157273941e-06,-1.414318608260813205e-05,3.122076968922707322e-06
9.150000000000000355e+00,3.426268511159408781e-01,-8.554415550553033393e-04,1.242739042102010113e-03,3.423911351173620221e-01,-3.443453614419311509e-04,7.970947863805091132e-06,-1.395201595909072440e-05,3.031055868322054292e-06
9.162499999999999645e+00,3.426162549680439873e-01,-8.399594696409646124e-04,1.234405671925697858e-03,3.423868889008920280e-01,-3.350681703826650600e-04,7.797727355301615858e-06,-1.376374575350176653e-05,2.941574096301813487e-06
9.175000000000000711e+00,3.426058516968943923e-01,-8.245811377059274021e-04,1.226138434265113550e-03,3.423827579403334598e-01,-3.259044446461358446e-04,7.626842284569227364e-06,-1.357834007039953354e-05,2.853616538280185099e-06
9.187500000000000000e+00,3.425956400107322830e-01,-8.093057345008080120e-04,1.217937024872232194e-03,3.423787408162428103e-01,-3.168543676287375504e-04,7.458257062934262636e-06,-1.339576415974357617e-05,2.767168464069661163e-06
9.200000000000001066e+00,3.425856186280835103e-01,-7.941324390462072870e-04,1.209801144800728197e-03,3.423748361067679991e-01,-3.079181413428331237e-04,7.291936532091220763e-06,-1.321598391182289245e-05,2.682215526904709660e-06
9.212500000000000355e+00,3.425757862777130680e-01,-7.790604340662836066e-04,1.201730500433864516e-03,3.423710423874140596e-01,-2.990959866904272608e-04,7.127845956129563872e-06,-1.303896585237183922e-05,2.598743762600082533e-06
9.224999999999999645e+00,3.425661416985790186e-01,-7.640889059219376249e-04,1.193724803513484655e-03,3.423673582308053298e-01,-2.903881437430881098e-04,6.965951013620026376e-06,-1.286467713787376638e-05,2.516739588840644211e-06
9.237500000000000711e+00,3.425566836397874737e-01,-7.492170445436494150e-04,1.185783771170153492e-03,3.423637822064438119e-01,-2.817948720282708610e-04,6.806217789758693547e-06,-1.269308555105391562e-05,2.436189804604341421e-06
9.250000000000000000e+00,3.425474108605485180e-01,-7.344440433639314817e-04,1.177907125954457974e-03,3.423603128804643125e-01,-2.733164508221551164e-04,6.648612768566227031e-06,-1.252415949656225445e-05,2.357081589719578498e-06
9.262500000000001066e+00,3.425383221301328551e-01,-7.197690992493619702e-04,1.170094595869471165e-03,3.423569488153858087e-01,-2.649531794491106909e-04,6.493102825139635193e-06,-1.235786799684710096e-05,2.279402504558350904e-06
9.275000000000000355e+00,3.425294162278291199e-01,-7.051914124322362356e-04,1.162345914404433423e-03,3.423536885698587051e-01,-2.567053775879513870e-04,6.339655217954760417e-06,-1.219418068822130123e-05,2.203140489866943668e-06
9.287499999999999645e+00,3.425206919429024666e-01,-6.907101864417582778e-04,1.154660820569631619e-03,3.423505306984086505e-01,-2.485733855850727481e-04,6.188237581216400986e-06,-1.203306781712153194e-05,2.128283866735462765e-06
9.300000000000000711e+00,3.425121480745537128e-01,-6.763246280348092282e-04,1.147039058932531903e-03,3.423474737511761345e-01,-2.405575647746381292e-04,6.038817917254188851e-06,-1.187450023656271193e-05,2.054821336708152686e-06
9.312500000000000000e+00,3.425037834318792607e-01,-6.620339471262570025e-04,1.139480379655168421e-03,3.423445162736520331e-01,-2.326582978059392318e-04,5.891364588961568651e-06,-1.171844940278876614e-05,1.982741982036136247e-06
9.325000000000001066e+00,3.424955968338322942e-01,-6.478373567187687386e-04,1.131984538532807482e-03,3.423416568064092114e-01,-2.248759889780590105e-04,5.745846312275187001e-06,-1.156488737212114980e-05,1.912035266074301194e-06
9.337500000000000355e+00,3.424875871091845880e-01,-6.337340728321639661e-04,1.124551297033928596e-03,3.423388938848296870e-01,-2.172110645820095039e-04,5.602232148692748922e-06,-1.141378679800743151e-05,1.842691033824506033e-06
9.349999999999999645e+00,3.424797530964891479e-01,-6.197233144322279513e-04,1.117180422341518481e-03,3.423362260388275180e-01,-2.096639732504562887e-04,5.460491497826190463e-06,-1.126512092827110607e-05,1.774699512626776700e-06
9.362500000000000711e+00,3.424720936440437402e-01,-6.058043033590217565e-04,1.109871687395726182e-03,3.423336517925674172e-01,-2.022351863152066617e-04,5.320594089988179536e-06,-1.111886360256517285e-05,1.708051313000823419e-06
9.375000000000000000e+00,3.424646076098557534e-01,-5.919762642546496549e-04,1.102624870937890999e-03,3.423311696641787583e-01,-1.949251981726024140e-04,5.182509978809142116e-06,-1.097498925003136195e-05,1.642737429639927140e-06
9.387500000000001066e+00,3.424572938616072815e-01,-5.782384244904476911e-04,1.095439757555959721e-03,3.423287781654646422e-01,-1.877345266569619396e-04,5.046209533882070280e-06,-1.083347288716703249e-05,1.578749242559344482e-06
9.400000000000000355e+00,3.424501512766215949e-01,-5.645900140936262364e-04,1.088316137731341286e-03,3.423264758016070219e-01,-1.806637134222562361e-04,4.911663433432966545e-06,-1.069429011590264158e-05,1.516078518401798739e-06
9.412499999999999645e+00,3.424431787418304451e-01,-5.510302656732872853e-04,1.081253807887195412e-03,3.423242610708661093e-01,-1.737133243321491182e-04,4.778842657013708314e-06,-1.055741712189165600e-05,1.454717411902194245e-06
9.425000000000000711e+00,3.424363751537423117e-01,-5.375584143458485850e-04,1.074252570438205285e-03,3.423221324642755081e-01,-1.668839498585927893e-04,4.647718478215131011e-06,-1.042283067301607770e-05,1.394658467514302914e-06
9.437500000000000000e+00,3.424297394184112053e-01,-5.241736976598373012e-04,1.067312233841850996e-03,3.423200884653319620e-01,-1.601762054891355739e-04,4.518262457397435568e-06,-1.029050811811015833e-05,1.335894621201935051e-06
9.450000000000001066e+00,3.424232704514072467e-01,-5.108753555200125623e-04,1.060432612651201513e-03,3.423181275496801623e-01,-1.535907321431049567e-04,4.390446434434981930e-06,-1.016042738590506897e-05,1.278419202397219170e-06
9.462500000000000355e+00,3.424169671777872459e-01,-4.976626301108478916e-04,1.053613527569273759e-03,3.423162481847921157e-01,-1.471281965968644710e-04,4.264242521473153616e-06,-1.003256698419808794e-05,1.222225936129010299e-06
9.474999999999999645e+00,3.424108285320668355e-01,-4.845347658192961679e-04,1.046854805504964653e-03,3.423144488296412380e-01,-1.407892919182950075e-04,4.139623095693912006e-06,-9.906905999248999967e-06,1.167308945324084520e-06
9.487500000000000711e+00,3.424048534581936587e-01,-4.714910091568630282e-04,1.040156279630600122e-03,3.423127279343710638e-01,-1.345747379107062151e-04,4.016560792087644910e-06,-9.783424095407596547e-06,1.113662753284342517e-06
9.500000000000000000e+00,3.423990409095208354e-01,-4.585306086809519573e-04,1.033517789441129727e-03,3.423110839399580163e-01,-1.284852815663543391e-04,3.895028496228198308e-06,-9.662101514975655306e-06,1.061282286343057044e-06
9.512500000000001066e+00,3.423933898487823146e-01,-4.456528149154396481e-04,1.026939180814978592e-03,3.423095152778688477e-01,-1.225216975297482641e-04,3.774999337047982185e-06,-9.542919078307013551e-06,1.010162876703329458e-06
9.525000000000000355e+00,3.423878992480686168e-01,-4.328568802705081960e-04,1.020420306076619309e-03,3.423080203697119184e-01,-1.166847885709587044e-04,3.656446679610568320e-06,-9.425858184150076209e-06,9.603002654622857520e-07
9.537499999999999645e+00,3.423825680888036294e-01,-4.201420589616564972e-04,1.013961024060859063e-03,3.423065976268827026e-01,-1.109753860691026315e-04,3.539344117877222882e-06,-9.310900810236402079e-06,9.116906058242553883e-07
9.550000000000000711e+00,3.423773953617228472e-01,-4.075076069279156806e-04,1.007561200178902884e-03,3.423052454502030773e-01,-1.053943505062258918e-04,3.423665467464682830e-06,-9.198029514120052502e-06,8.643304665066971282e-07
9.562500000000000000e+00,3.423723800668521666e-01,-3.949527817492272104e-04,1.001220706486213863e-03,3.423039622295543372e-01,-9.994257197178095943e-05,3.309384758390851501e-06,-9.087227434272088364e-06,8.182168353425047974e-07
9.575000000000001066e+00,3.423675212134877355e-01,-3.824768425629435434e-04,9.949394217521930883e-04,3.423027463435039386e-01,-9.462097067790205566e-05,3.196476227805032466e-06,-8.978478291434719981e-06,7.733471230824571942e-07
9.587500000000000355e+00,3.423628178201774674e-01,-3.700790499794729175e-04,9.887172315317393784e-04,3.423015961589256917e-01,-8.943049748571161824e-05,3.084914312699827652e-06,-8.871766390240452927e-06,7.297191674019412157e-07
9.600000000000001421e+00,3.423582689147026681e-01,-3.577586659969893409e-04,9.825540282386913994e-04,3.423005100306133475e-01,-8.437213444285251919e-05,2.974673642600859732e-06,-8.767076621100849533e-06,6.873312371158358733e-07
9.612500000000000711e+00,3.423538735340614925e-01,-3.455149539152409591e-04,9.764497112212205910e-04,3.422994863008871902e-01,-7.944689533249320139e-05,2.865729032231423597e-06,-8.664394462370760751e-06,6.461820366059946943e-07
9.625000000000000000e+00,3.423496307244532355e-01,-3.333471782483770013e-04,9.704041868391778246e-04,3.422985232991940241e-01,-7.465582623401041792e-05,2.758055474148101972e-06,-8.563705982793122425e-06,6.062707104654991024e-07
9.637500000000001066e+00,3.423455395412635660e-01,-3.212546046368133660e-04,9.644173685434583032e-04,3.422976193416998325e-01,-7.000000609559988948e-05,2.651628131344189540e-06,-8.464997844230528134e-06,5.675968483643524678e-07
9.650000000000000355e+00,3.423415990490510930e-01,-3.092364997580929328e-04,9.584891769574098571e-04,3.422967727308752206e-01,-6.548054731904401219e-05,2.546422329817149081e-06,-8.368257304689434963e-06,5.301604901412097705e-07
9.662500000000001421e+00,3.423378083215349310e-01,-2.972921312366983738e-04,9.526195399603148853e-04,3.422959817550736417e-01,-6.109859635687225389e-05,2.442413551096254529e-06,-8.273472221643227918e-06,4.939621311259047889e-07
9.675000000000000711e+00,3.423341664415834873e-01,-2.854207675528337251e-04,9.468083927730078491e-04,3.422952446881019073e-01,-5.685533432217682563e-05,2.339577424727015435e-06,-8.180631055661002245e-06,4.590027276978773404e-07
9.687500000000000000e+00,3.423306725012042473e-01,-2.736216779500968196e-04,9.410556780456412213e-04,3.422945597887829816e-01,-5.275197761131586465e-05,2.237889720708073566e-06,-8.089722874348523131e-06,4.252837030854695350e-07
9.700000000000001066e+00,3.423273256015348376e-01,-2.618941323420579770e-04,9.353613459476629909e-04,3.422939253005111149e-01,-4.878977853977678529e-05,2.137326341876998859e-06,-8.000737356608786182e-06,3.928069534115147510e-07
9.712500000000000355e+00,3.423241248528354208e-01,-2.502374012176995766e-04,9.297253542600374902e-04,3.422933394507987614e-01,-4.497002599145483604e-05,2.037863316240789785e-06,-7.913664797229449607e-06,3.615748539906268988e-07
9.725000000000001421e+00,3.423210693744817568e-01,-2.386507555456724404e-04,9.241476684697452152e-04,3.422928004508152822e-01,-4.129404608160877898e-05,1.939476789246803589e-06,-7.828496111804691957e-06,3.315902658837817116e-07
9.737500000000000711e+00,3.423181582949601509e-01,-2.271334666773809250e-04,9.186282618666245228e-04,3.422923064949173200e-01,-3.776320283378005634e-05,1.842143015990248836e-06,-7.745222841999821738e-06,3.028565427161194554e-07
9.750000000000000000e+00,3.423153907518630135e-01,-2.156848062488181731e-04,9.131671156425758039e-04,3.422918557601709044e-01,-3.437889887093720465e-05,1.745838353353470001e-06,-7.663837161166553590e-06,2.753775377638313697e-07
9.762500000000001066e+00,3.423127658918861949e-01,-2.043040460811626632e-04,9.077642189931923187e-04,3.422914464058641193e-01,-3.114257612114250639e-05,1.650539252072946896e-06,-7.584331880317915165e-06,2.491576113164286973e-07
9.775000000000000355e+00,3.423102828708269874e-01,-1.929904580800888964e-04,9.024195692218570488e-04,3.422910765730117211e-01,-2.805571653802475731e-05,1.556222248729310029e-06,-7.506700454471626050e-06,2.242016383207275384e-07
9.787500000000001421e+00,3.423079408535839585e-01,-1.817433141337450287e-04,8.971331718463441659e-04,3.422907443838500430e-01,-2.511984283634916264e-05,1.462863957655580650e-06,-7.430936989371150889e-06,2.005150163130976004e-07
9.800000000000000711e+00,3.423057390141576728e-01,-1.705618860094062323e-04,8.919050407079919017e-04,3.422904479413227397e-01,-2.233651924299691761e-05,1.370441062759183900e-06,-7.357036248594414075e-06,1.781036736468525089e-07
9.812500000000000000e+00,3.423036765356529676e-01,-1.594454452487231472e-04,8.867351980834741430e-04,3.422901853285572060e-01,-1.970735226364858555e-05,1.278930309252432852e-06,-7.284993661059874542e-06,1.569740780216721635e-07
9.825000000000001066e+00,3.423017526102822838e-01,-1.483932630615725256e-04,8.816236747992390547e-04,3.422899546083313371e-01,-1.723399146549567048e-05,1.188308495286778169e-06,-7.214805328940697635e-06,1.371332453223606788e-07
9.837500000000000355e+00,3.422999664393707175e-01,-1.374046102184604118e-04,8.765705103486571247e-04,3.422897538225299630e-01,-1.491813027629563279e-05,1.098552463485524144e-06,-7.146468035997741583e-06,1.185887487743405034e-07
9.850000000000001421e+00,3.422983172333618485e-01,-1.264787569414281749e-04,8.715757530119262264e-04,3.422895809915918464e-01,-1.276150680009376890e-05,1.009639092369576749e-06,-7.079979256342522449e-06,1.013487284235285132e-07
9.862500000000000711e+00,3.422968042118256782e-01,-1.156149727934654861e-04,8.666394599788013534e-04,3.422894341139458008e-01,-1.076590464995331096e-05,9.215452876711002269e-07,-7.015337163642094818e-06,8.542190094856766354e-08
9.875000000000000000e+00,3.422954266034672344e-01,-1.048125265663481270e-04,8.617616974741851288e-04,3.422893111654367049e-01,-8.933153798023669260e-06,8.342479735290954792e-07,-6.952540640777665995e-06,7.081756981348503362e-08
9.887500000000001066e+00,3.422941836461370624e-01,-9.407068616690309425e-05,8.569425408866497822e-04,3.422892100987404707e-01,-7.265131443301438631e-06,7.477240835614724807e-07,-6.891589289969789846e-06,5.754563576924167039e-08
9.900000000000000355e+00,3.422930745868431046e-01,-8.338871850164851311e-05,8.521820748999414403e-04,3.422891288427682421e-01,-5.763762897434176559e-06,6.619505518075717553e-07,-6.832483443383082922e-06,4.561660771280413364e-08
9.912500000000001421e+00,3.422920986817638012e-01,-7.276588935975569306e-05,8.474803936275167142e-04,3.422890653020594920e-01,-4.431022488925876317e-06,5.769043035349378108e-07,-6.775224174223943411e-06,3.504161391264851608e-08
9.925000000000000711e+00,3.422912551962627448e-01,-6.220146329433278473e-05,8.428376007501880204e-04,3.422890173561631832e-01,-3.268934486117745736e-06,4.925622459043989971e-07,-6.719813308345536940e-06,2.583241360993913634e-08
9.937500000000000000e+00,3.422905434049050566e-01,-5.169470350194567990e-05,8.382538096569168819e-04,3.422889828590081618e-01,-2.279574039313358685e-06,4.089012584866582000e-07,-6.666253436374398823e-06,1.800140900481142329e-08
9.950000000000001066e+00,3.422899625914749278e-01,-4.124487170037392510e-05,8.337291435888341410e-04,3.422889596382607258e-01,-1.465068142436419339e-06,3.258981836240824933e-07,-6.614547926373969646e-06,1.156165763757011952e-08
9.962500000000000355e+00,3.422895120489951037e-01,-3.085122800454586007e-05,8.292637357865414007e-04,3.422889454946707599e-01,-8.275966146094532536e-07,2.435298166307600564e-07,-6.564700937060697029e-06,6.526885174851812766e-09
9.975000000000001421e+00,3.422891910797474790e-01,-2.051303080059686671e-05,8.248577296407530023e-04,3.422889382014048243e-01,-3.693931020515946600e-07,1.617728958237012577e-07,-6.516717431588903920e-06,2.911498611123981224e-09
9.987500000000000711e+00,3.422889989952955236e-01,-1.022953661804548367e-05,8.205112788463575762e-04,3.422889355033674197e-01,-9.274610070469150322e-08,8.060409237826076177e-08,-6.470603191921506380e-06,7.305998962331438872e-10
1.000000000000000000e+01,3.422889351165084859e-01,-3.284470676847252853e-30,8.162245475599489309e-04,3.422889351165084859e-01,0.000000000000000000e+00,-9.133636693029466764e-32,-6.426364833803862870e-06,0.000000000000000000e+00
