eta,f,f',f'',F,F',t,t',tp
0.000000000000000000e+00,1.000000000000000000e+00,-3.697980944413606919e-01,3.610095277931964497e-01,7.913936206187336397e-01,-1.719293345495473690e-01,1.000000000000000000e+00,-2.377075211003941924e+00,2.586371059116844284e-01
3.125000000000000173e-03,9.988461417322067604e-01,-3.686718249549552073e-01,3.598037512194603438e-01,7.908571334256748742e-01,-1.714227302422334787e-01,9.926009049369763915e-01,-2.358372051577891870e+00,2.568288645709262963e-01
6.250000000000000347e-03,9.976957971768549704e-01,-3.675493159613766880e-01,3.586028081211069529e-01,7.903222269247951459e-01,-1.709176906633420590e-01,9.852600102941591054e-01,-2.339826700894326983e+00,2.550338716260547867e-01
9.375000000000001388e-03,9.965489546059640436e-01,-3.664305523958847899e-01,3.574066730111126744e-01,7.897888962346650832e-01,-1.704142104746375896e-01,9.779768251727563033e-01,-2.321437719092104945e+00,2.532520247092041599e-01
1.250000000000000069e-02,9.954056023385062790e-01,-3.653155192731069589e-01,3.562153205807444545e-01,7.892571364905028863e-01,-1.699122843596753141e-01,9.707508631511508890e-01,-2.303203680614679616e+00,2.514832222926661753e-01
1.562500000000000000e-02,9.942657287401602817e-01,-3.642042016864839304e-01,3.550287256980184658e-01,7.887269428441066044e-01,-1.694119070236874969e-01,9.635816422404412940e-01,-2.285123174054741746e+00,2.497273636815076636e-01
1.875000000000000278e-02,9.931293222230651585e-01,-3.630965848077197244e-01,3.538468634061737728e-01,7.881983104637871884e-01,-1.689130731934703200e-01,9.564686848404659880e-01,-2.267194802000709331e+00,2.479843490062582090e-01
2.187500000000000208e-02,9.919963712455766025e-01,-3.619926538862363596e-01,3.526697089221613735e-01,7.876712345343004351e-01,-1.684157776172715559e-01,9.494115176963038305e-01,-2.249417180885036061e+00,2.462540792156670544e-01
2.500000000000000139e-02,9.908668643120254194e-01,-3.608923942486333969e-01,3.514972376351481187e-01,7.871457102567805952e-01,-1.679200150646789069e-01,9.424096718552463781e-01,-2.231788940834317003e+00,2.445364560695286738e-01
2.812500000000000069e-02,9.897407899724768310e-01,-3.597957912981522566e-01,3.503294251050358410e-01,7.866217328486737603e-01,-1.674257803265093159e-01,9.354626826242359305e-01,-2.214308725521171972e+00,2.428313821315761512e-01
3.125000000000000000e-02,9.886181368224918886e-01,-3.587028305141445883e-01,3.491662470609947500e-01,7.860992975436716934e-01,-1.669330682146985823e-01,9.285700895277624323e-01,-2.196975192017875056e+00,2.411387607624416451e-01
3.437500000000000278e-02,9.874988935028902182e-01,-3.576134974515459142e-01,3.480076794000119822e-01,7.855783995916459927e-01,-1.664418735621922829e-01,9.217314362662171190e-01,-2.179787010651718759e+00,2.394584961126834111e-01
3.750000000000000555e-02,9.863830486995152080e-01,-3.565277777403533244e-01,3.468536981854538626e-01,7.850590342585826997e-01,-1.659521912228368867e-01,9.149462706746932517e-01,-2.162742864862079450e+00,2.377904931158786594e-01
4.062500000000000833e-02,9.852705911429996410e-01,-3.554456570851077246e-01,3.457042796456429312e-01,7.845411968265169067e-01,-1.654640160712718688e-01,9.082141446822331599e-01,-2.145841451059171234e+00,2.361346574817815014e-01
4.375000000000000416e-02,9.841615096085338799e-01,-3.543671212643806911e-01,3.445594001724489042e-01,7.840248825934682531e-01,-1.649773430028224908e-01,9.015346142715117139e-01,-2.129081478484459389e+00,2.344908956895452035e-01
4.687500000000000000e-02,9.830557929156351626e-01,-3.532921561302653779e-01,3.434190363198934004e-01,7.835100868733761992e-01,-1.644921669333933301e-01,8.949072394389555596e-01,-2.112461669072720483e+00,2.328591149810085859e-01
5.000000000000000278e-02,9.819534299279188971e-01,-3.522207476078721977e-01,3.422831648027686580e-01,7.829968049960360776e-01,-1.640084827993622818e-01,8.883315841552893444e-01,-2.095980757315717202e+00,2.312392233540450925e-01
5.312500000000000555e-02,9.808544095528710649e-01,-3.511528816948282228e-01,3.411517624952696837e-01,7.824850323070350333e-01,-1.635262855574755869e-01,8.818072163265064933e-01,-2.079637490127476340e+00,2.296311295559748944e-01
5.625000000000000139e-02,9.797587207416220689e-01,-3.500885444607815811e-01,3.400248064296401140e-01,7.819747641676889627e-01,-1.630455701847433325e-01,8.753337077552578727e-01,-2.063430626711147742e+00,2.280347430770383321e-01
5.937499999999999722e-02,9.786663524887232457e-01,-3.490277220469092945e-01,3.389022737948310104e-01,7.814659959549788981e-01,-1.625663316783356460e-01,8.689106341026541225e-01,-2.047358938427417563e+00,2.264499741439310043e-01
6.250000000000000000e-02,9.775772938319232663e-01,-3.479704006654298354e-01,3.377841419351733099e-01,7.809587230614881692e-01,-1.620885650554796942e-01,8.625375748504771067e-01,-2.031421208664466072e+00,2.248767337133992517e-01
6.562500000000000278e-02,9.764915338519473131e-01,-3.469165665991195135e-01,3.366703883490630433e-01,7.804529408953405634e-01,-1.616122653533571818e-01,8.562141132637954843e-01,-2.015616232709441125e+00,2.233149334658956486e-01
6.875000000000000555e-02,9.754090616722775886e-01,-3.458662062008331928e-01,3.355609906876592108e-01,7.799486448801370431e-01,-1.611374276290026830e-01,8.499398363539788503e-01,-1.999942817621436220e+00,2.217644857992940310e-01
7.187500000000000833e-02,9.743298664589342684e-01,-3.448193058930288379e-01,3.344559267535949787e-01,7.794458304548950167e-01,-1.606640469592025000e-01,8.437143348421068945e-01,-1.984399782105944476e+00,2.202253038226630599e-01
7.500000000000001110e-02,9.732539374202594518e-01,-3.437758521672961698e-01,3.333551744997010347e-01,7.789444930739856110e-01,-1.601921184403943266e-01,8.375372031227693581e-01,-1.968985956390779668e+00,2.186973013500981278e-01
7.812500000000001388e-02,9.721812638067016676e-01,-3.427358315838892611e-01,3.322587120277414874e-01,7.784446282070736078e-01,-1.597216371885673836e-01,8.314080392282500176e-01,-1.953700182103439875e+00,2.171803928946109685e-01
8.125000000000001665e-02,9.711118349106018233e-01,-3.416992307712631294e-01,3.311665175871622013e-01,7.779462313390553829e-01,-1.592525983391633038e-01,8.253264447930928061e-01,-1.938541312149895113e+00,2.156744936620759723e-01
8.437500000000000555e-02,9.700456400659810408e-01,-3.406660364256140494e-01,3.300785695738513992e-01,7.774492979699991757e-01,-1.587849970469777106e-01,8.192920250190440790e-01,-1.923508210594785162e+00,2.141795195452332323e-01
8.750000000000000833e-02,9.689826686483296037e-01,-3.396362353104240839e-01,3.289948465289120327e-01,7.769538236150842492e-01,-1.583188284860623518e-01,8.133043886403669154e-01,-1.908599752543004957e+00,2.126953871177472422e-01
9.062500000000001110e-02,9.679229100743972358e-01,-3.386098142560088342e-01,3.279153271374465328e-01,7.764598038045408268e-01,-1.578540878496278443e-01,8.073631478895241242e-01,-1.893814824022663101e+00,2.112220136283211314e-01
9.375000000000000000e-02,9.668663538019850456e-01,-3.375867601590697431e-01,3.268399902273528834e-01,7.759672340835908066e-01,-1.573907703499471122e-01,8.014679184632236275e-01,-1.879152321869395958e+00,2.097593169948654135e-01
9.687500000000000278e-02,9.658129893297390245e-01,-3.365670599822493392e-01,3.257688147681326307e-01,7.754761100123878093e-01,-1.569288712182594081e-01,7.956183194888246657e-01,-1.864611153612017569e+00,2.083072157987210238e-01
1.000000000000000056e-01,9.647628061969443225e-01,-3.355507007536908115e-01,3.247017798697107160e-01,7.749864271659585579e-01,-1.564683857046750282e-01,7.898139734910978316e-01,-1.850190237359492507e+00,2.068656292789360085e-01
1.031250000000000083e-01,9.637157939833214115e-01,-3.345376695666009148e-01,3.236388647812659669e-01,7.744981811341438149e-01,-1.560093090780804714e-01,7.840545063593375996e-01,-1.835888501689212582e+00,2.054344773265954216e-01
1.062500000000000111e-01,9.626719423088232475e-01,-3.335279535788167049e-01,3.225800488900739116e-01,7.740113675215395395e-01,-1.555516366260444039e-01,7.783395473148209120e-01,-1.821704885536560070e+00,2.040136804792035130e-01
1.093750000000000000e-01,9.616312408334343198e-01,-3.325215400123756604e-01,3.215253117203597522e-01,7.735259819474393783e-01,-1.550953636547240944e-01,7.726687288786098229e-01,-1.807638338085745033e+00,2.026031599151183471e-01
1.125000000000000028e-01,9.605936792569703675e-01,-3.315184161530895235e-01,3.204746329321631615e-01,7.730420200457760460e-01,-1.546404854887724056e-01,7.670416868396924270e-01,-1.793687818661896083e+00,2.012028374480374915e-01
1.156250000000000056e-01,9.595592473188799820e-01,-3.305185693501218047e-01,3.194279923202136828e-01,7.725594774650640373e-01,-1.541869974712456459e-01,7.614580602234597428e-01,-1.779852296624393038e+00,1.998126355215353034e-01
1.187499999999999944e-01,9.585279347980468767e-01,-3.295219870155683961e-01,3.183853698128170651e-01,7.720783498683422286e-01,-1.537348949635116702e-01,7.559174912605137742e-01,-1.766130751261423271e+00,1.984324772036500373e-01
1.218749999999999972e-01,9.574997315125947095e-01,-3.285286566240418482e-01,3.173467454707520896e-01,7.715986329331164795e-01,-1.532841733451587585e-01,7.504196253558027552e-01,-1.752522171685747754e+00,1.970622861815215510e-01
1.250000000000000000e-01,9.564746273196912396e-01,-3.275385657122594218e-01,3.163120994861784441e-01,7.711203223513033445e-01,-1.528348280139050774e-01,7.449641110580811354e-01,-1.739025556731659927e+00,1.957019867560780835e-01
1.281249999999999889e-01,9.554526121153560370e-01,-3.265517018786339154e-01,3.152814121815544768e-01,7.706434138291732294e-01,-1.523868543855086133e-01,7.395506000296893090e-01,-1.725639914853126733e+00,1.943515038367722159e-01
1.312500000000000056e-01,9.544336758342671923e-01,-3.255680527828681559e-01,3.142546640085658316e-01,7.701679030872941034e-01,-1.519402478936777434e-01,7.341787470166490914e-01,-1.712364264023090055e+00,1.930107629363653765e-01
1.343750000000000222e-01,9.534178084495714689e-01,-3.245876061455530981e-01,3.132318355470642413e-01,7.696937858604758764e-01,-1.514950039899824186e-01,7.288482098190736114e-01,-1.699197631633922567e+00,1.916796901657602525e-01
1.375000000000000111e-01,9.524049999726938998e-01,-3.236103497477685886e-01,3.122129075040159796e-01,7.692210578977143332e-01,-1.510511181437658168e-01,7.235586492618850674e-01,-1.686139054399016235e+00,1.903582122288808298e-01
1.406250000000000000e-01,9.513952404531497153e-01,-3.226362714306881263e-01,3.111978607124611940e-01,7.687497149621358439e-01,-1.506085858420566082e-01,7.183097291658391281e-01,-1.673187578255493246e+00,1.890462564175994786e-01
1.437500000000000167e-01,9.503885199783571602e-01,-3.216653590951861208e-01,3.101866761304824527e-01,7.682797528309426305e-01,-1.501674025894817743e-01,7.131011163188509805e-01,-1.660342258268025395e+00,1.877437506067106132e-01
1.468750000000000333e-01,9.493848286734514197e-01,-3.206976007014490926e-01,3.091793348401833397e-01,7.678111672953572553e-01,-1.497275639081798726e-01,7.079324804476213595e-01,-1.647602158533746808e+00,1.864506232489506476e-01
1.500000000000000222e-01,9.483841567010997675e-01,-3.197329842685894263e-01,3.081758180466771524e-01,7.673439541605685532e-01,-1.492890653377150767e-01,7.028034941895565657e-01,-1.634966352088247810e+00,1.851668033700633598e-01
1.531250000000000111e-01,9.473864942613184903e-01,-3.187714978742627325e-01,3.071761070770844260e-01,7.668781092456767867e-01,-1.488519024349915509e-01,6.977138330649811371e-01,-1.622433920812633934e+00,1.838922205639108298e-01
1.562500000000000000e-01,9.463918315912898116e-01,-3.178131296542878181e-01,3.061801833795408379e-01,7.664136283836402441e-01,-1.484160707741683238e-01,6.926631754496404003e-01,-1.610003955341641868e+00,1.826268049876288158e-01
1.593749999999999889e-01,9.454001589651817028e-01,-3.168578678022705430e-01,3.051880285222136613e-01,7.659505074212210607e-01,-1.479815659465750499e-01,6.876512025474866840e-01,-1.597675554972793455e+00,1.813704873568267317e-01
1.625000000000000056e-01,9.444114666939666947e-01,-3.159057005692297304e-01,3.041996241923284883e-01,7.654887422189314838e-01,-1.475483835606277438e-01,6.826775983637488610e-01,-1.585447827576579538e+00,1.801231989408314249e-01
1.656250000000000222e-01,9.434257451252441307e-01,-3.149566162632269073e-01,3.032149521952043902e-01,7.650283286509812486e-01,-1.471165192417455969e-01,6.777420496782814441e-01,-1.573319889507658109e+00,1.788848715579744175e-01
1.687500000000000111e-01,9.424429846430617541e-01,-3.140106032489988763e-01,3.022339944532984046e-01,7.645692626052240648e-01,-1.466859686322679324e-01,6.728442460191884633e-01,-1.561290865517056758e+00,1.776554375709222533e-01
1.718750000000000000e-01,9.414631756677394048e-01,-3.130676499475927299e-01,3.012567330052593473e-01,7.641115399831047705e-01,-1.462567273913718269e-01,6.679838796367204568e-01,-1.549359888665363227e+00,1.764348298820493099e-01
1.750000000000000167e-01,9.404863086556939367e-01,-3.121277448360045281e-01,3.002831500049900071e-01,7.636551566996072626e-01,-1.458287911949902038e-01,6.631606454774422454e-01,-1.537526100236897397e+00,1.752229819288529111e-01
1.781250000000000333e-01,9.395123740992642469e-01,-3.111908764468205857e-01,2.993132277207188885e-01,7.632001086832023162e-01,-1.454021557357305372e-01,6.583742411586660515e-01,-1.525788649654846729e+00,1.740198276794103494e-01
1.812500000000000222e-01,9.385413625265388582e-01,-3.102570333678615344e-01,2.983469485340798921e-01,7.627463918757948491e-01,-1.449768167227939164e-01,6.536243669431490710e-01,-1.514146694397359161e+00,1.728253016278769871e-01
1.843750000000000111e-01,9.375732645011832789e-01,-3.093262042418293833e-01,2.973842949392012658e-01,7.622940022326729625e-01,-1.445527698818945828e-01,6.489107257140513951e-01,-1.502599399914575917e+00,1.716393387900254641e-01
1.875000000000000000e-01,9.366080706222692509e-01,-3.083983777659572989e-01,2.964252495418028266e-01,7.618429357224564269e-01,-1.441300109551803266e-01,6.442330229501522787e-01,-1.491145939546597798e+00,1.704618746988255940e-01
1.906249999999999889e-01,9.356457715241049966e-01,-3.074735426916625491e-01,2.954697950583016763e-01,7.613931883270447232e-01,-1.437085357011527453e-01,6.395909667013208733e-01,-1.479785494442370730e+00,1.692928454000641458e-01
1.937500000000000056e-01,9.346863578760665758e-01,-3.065516878242016685e-01,2.945179143149264100e-01,7.609447560415670830e-01,-1.432883398945886955e-01,6.349842675642389800e-01,-1.468517253479480367e+00,1.681321874480046497e-01
1.968750000000000222e-01,9.337298203824294651e-01,-3.056328020223288422e-01,2.935695902468394292e-01,7.604976348743308634e-01,-1.428694193264616608e-01,6.304126386583732700e-01,-1.457340413184842864e+00,1.669798379010863920e-01
2.000000000000000111e-01,9.327761497822026904e-01,-3.047168741979567885e-01,2.926248058972676924e-01,7.600518208467716974e-01,-1.424517698038639257e-01,6.258757956021941959e-01,-1.446254177656284723e+00,1.658357343176625476e-01
2.031250000000000000e-01,9.318253368489629596e-01,-3.038038933158204169e-01,2.916835444166411828e-01,7.596073099934026462e-01,-1.420353871499290821e-01,6.213734564896379320e-01,-1.435257758484996593e+00,1.646998147517767797e-01
2.062500000000000167e-01,9.308773723906900166e-01,-3.028938483931430947e-01,2.907457890617400342e-01,7.591640983617646832e-01,-1.416202672037551180e-01,6.169053418668095645e-01,-1.424350374678853726e+00,1.635720177489781713e-01
2.093750000000000333e-01,9.299322472496029945e-01,-3.019867284993057455e-01,2.898115231948489301e-01,7.587221820123769556e-01,-1.412064058203279238e-01,6.124711747089250924e-01,-1.413531252586589959e+00,1.624522823421739870e-01
2.125000000000000222e-01,9.289899523019985450e-01,-3.010825227555183337e-01,2.888807302829199397e-01,7.582815570186867138e-01,-1.407937988704452137e-01,6.080706803974883501e-01,-1.402799625822817031e+00,1.613405480475199882e-01
2.156250000000000111e-01,9.280504784580887456e-01,-3.001812203344942920e-01,2.879533938967426820e-01,7.578422194670205725e-01,-1.403824422406409478e-01,6.037035866977010778e-01,-1.392154735193877890e+00,1.602367548603476910e-01
2.187500000000000000e-01,9.271138166618407839e-01,-2.992828104601269468e-01,2.870294977101224276e-01,7.574041654565352166e-01,-1.399723318331103084e-01,5.993696237361036960e-01,-1.381595828624524014e+00,1.591408432511285664e-01
2.218749999999999889e-01,9.261799578908178621e-01,-2.983872824071692187e-01,2.861090254990659720e-01,7.569673910991684407e-01,-1.395634635656350653e-01,5.950685239784440084e-01,-1.371122161085406299e+00,1.580527541614745457e-01
2.250000000000000056e-01,9.252488931560203245e-01,-2.974946255009153218e-01,2.851919611409745592e-01,7.565318925195909650e-01,-1.391558333715092743e-01,5.908000222077705033e-01,-1.360732994521371308e+00,1.569724290001746903e-01
2.281250000000000222e-01,9.243206135017286718e-01,-2.966048291168851825e-01,2.842782886138449094e-01,7.560976658551574747e-01,-1.387494371994656139e-01,5.865638555027494760e-01,-1.350427597780551547e+00,1.558998096392674171e-01
2.312500000000000111e-01,9.233951100053464645e-01,-2.957178826805114680e-01,2.833679919954770199e-01,7.556647072558593248e-01,-1.383442710136021381e-01,5.823597632162017534e-01,-1.340205246544240225e+00,1.548348384101481678e-01
2.343750000000000000e-01,9.224723737772455578e-01,-2.948337756668286125e-01,2.824610554626897918e-01,7.552330128842756896e-01,-1.379403307933093625e-01,5.781874869538576878e-01,-1.330065223257542728e+00,1.537774580997119667e-01
2.375000000000000167e-01,9.215523959606111148e-01,-2.939524976001648970e-01,2.815574632905433194e-01,7.548025789155266008e-01,-1.375376125331978505e-01,5.740467705533276455e-01,-1.320006817060792814e+00,1.527276119465309501e-01
2.406250000000000333e-01,9.206351677312879511e-01,-2.930740380538364720e-01,2.806571998515692279e-01,7.543734015372252077e-01,-1.371361122430263257e-01,5.699373600632856585e-01,-1.310029323721727534e+00,1.516852436370657586e-01
2.437500000000000222e-01,9.197206802976284346e-01,-2.921983866498442106e-01,2.797602496150070062e-01,7.539454769494304820e-01,-1.367358259476300908e-01,5.658590037228635738e-01,-1.300132045568408667e+00,1.506502973019114844e-01
2.468750000000000111e-01,9.188089249003402736e-01,-2.913255330585722835e-01,2.788665971460482229e-01,7.535188013646003657e-01,-1.363367496868498896e-01,5.618114519412540364e-01,-1.290314291422883564e+00,1.496227175120767583e-01
2.500000000000000000e-01,9.178998928123361933e-01,-2.904554669984896753e-01,2.779762271050872924e-01,7.530933710075451426e-01,-1.359388795154613250e-01,5.577944572775194176e-01,-1.280575376535576737e+00,1.486024492752965054e-01
2.531249999999999889e-01,9.169935753385836108e-01,-2.895881782358540879e-01,2.770891242469790683e-01,7.526691821153804751e-01,-1.355422115031045815e-01,5.538077744206050257e-01,-1.270914622520401549e+00,1.475894380323777844e-01
2.562499999999999778e-01,9.160899638159566427e-01,-2.887236565844173430e-01,2.762052734203034876e-01,7.522462309374811085e-01,-1.351467417342145094e-01,5.498511601695529327e-01,-1.261331357290585320e+00,1.465836296535779903e-01
2.593750000000000222e-01,9.151890496130871133e-01,-2.878618919051342817e-01,2.753246595666367647e-01,7.518245137354353513e-01,-1.347524663079513463e-01,5.459243734139166415e-01,-1.251824914995199212e+00,1.455849704350158091e-01
2.625000000000000111e-01,9.142908241302182271e-01,-2.870028741058727184e-01,2.744472677198292465e-01,7.514040267829982245e-01,-1.343593813381316893e-01,5.420271751143724837e-01,-1.242394635956383553e+00,1.445934070951140626e-01
2.656250000000000000e-01,9.133952787990581301e-01,-2.861465931411265040e-01,2.735730830052899298e-01,7.509847663660467187e-01,-1.339674829531599110e-01,5.381593282835250847e-01,-1.233039866607259283e+00,1.436088867710743344e-01
2.687500000000000444e-01,9.125024050826346933e-01,-2.852930390117304760e-01,2.727020906392773614e-01,7.505667287825334988e-01,-1.335767672959599361e-01,5.343205979669074512e-01,-1.223759959430520627e+00,1.426313570153830701e-01
2.718750000000000333e-01,9.116121944751510719e-01,-2.844422017645776846e-01,2.718342759281973664e-01,7.501499103424422721e-01,-1.331872305239075738e-01,5.305107512241709067e-01,-1.214554272897699239e+00,1.416607657923490693e-01
2.750000000000000222e-01,9.107246385018424872e-01,-2.835940714923385619e-01,2.709696242679067169e-01,7.497343073677421588e-01,-1.327988688087631264e-01,5.267295571104638752e-01,-1.205422171409089138e+00,1.406970614746713422e-01
2.781250000000000111e-01,9.098397287188331184e-01,-2.827486383331827002e-01,2.701081211430232387e-01,7.493199161923432827e-01,-1.324116783366044159e-01,5.229767866579977387e-01,-1.196363025234329802e+00,1.397401928400379412e-01
2.812500000000000000e-01,9.089574567129948823e-01,-2.819058924705025171e-01,2.692497521262424143e-01,7.489067331620521406e-01,-1.320256553077602535e-01,5.192522128577968799e-01,-1.187376210453634950e+00,1.387901090677551019e-01
2.843750000000000444e-01,9.080778141018061023e-01,-2.810658241326389195e-01,2.683945028776600350e-01,7.484947546345268599e-01,-1.316407959367442149e-01,5.155556106416318007e-01,-1.178461108899662380e+00,1.378467597354059715e-01
2.875000000000000333e-01,9.072007925332117306e-01,-2.802284235926094103e-01,2.675423591441009608e-01,7.480839769792331229e-01,-1.312570964521889705e-01,5.118867568641328747e-01,-1.169617108100016623e+00,1.369100948155395070e-01
2.906250000000000222e-01,9.063263836854841271e-01,-2.793936811678379151e-01,2.666933067584537631e-01,7.476743965774000911e-01,-1.308745530967808379e-01,5.082454302850822891e-01,-1.160843601220374222e+00,1.359800646723883788e-01
2.937500000000000666e-01,9.054545792670846138e-01,-2.785615872198871079e-01,2.658473316390119745e-01,7.472660098219768843e-01,-1.304931621271948061e-01,5.046314115518834020e-01,-1.152139987008228950e+00,1.350566200586163224e-01
2.968750000000000555e-01,9.045853710165260297e-01,-2.777321321541922905e-01,2.650044197888206110e-01,7.468588131175886158e-01,-1.301129198140299204e-01,5.010444831822046252e-01,-1.143505669737246766e+00,1.341397121120942171e-01
3.000000000000000444e-01,9.037187507022360622e-01,-2.769053064197976588e-01,2.641645572950289123e-01,7.464528028804930937e-01,-1.297338224417450281e-01,4.974844295467961697e-01,-1.134940059152222069e+00,1.332292923527045869e-01
3.031250000000000333e-01,9.028547101224211335e-01,-2.760811005090946235e-01,2.633277303282491322e-01,7.460479755385375222e-01,-1.293558663085949412e-01,4.939510368524782091e-01,-1.126442570414632804e+00,1.323253126791747725e-01
3.062500000000000222e-01,9.019932411049319532e-01,-2.752595049575617403e-01,2.624939251419203812e-01,7.456443275311158692e-01,-1.289790477265670421e-01,4.904440931252979641e-01,-1.118012624048781323e+00,1.314277253659378031e-01
3.093750000000000111e-01,9.011343355071284034e-01,-2.744405103435069160e-01,2.616631280716791297e-01,7.452418553091254561e-01,-1.286033630213180567e-01,4.869633881938540410e-01,-1.109649645888519887e+00,1.305364830600211912e-01
3.125000000000000000e-01,9.002779852157468676e-01,-2.736241072878117242e-01,2.608353255347345412e-01,7.448405553349248809e-01,-1.282288085321113269e-01,4.835087136727869717e-01,-1.101353067024549937e+00,1.296515387779632322e-01
3.156249999999999889e-01,8.994241821467672260e-01,-2.728102864536772199e-01,2.600105040292499670e-01,7.444404240822911634e-01,-1.278553806117545544e-01,4.800798629464329004e-01,-1.093122323752290459e+00,1.287728459027564776e-01
3.187499999999999778e-01,8.985729182452810715e-01,-2.719990385463720295e-01,2.591886501337295479e-01,7.440414580363778896e-01,-1.274830756265377396e-01,4.766766311526396960e-01,-1.084956857520306794e+00,1.279003581808182965e-01
3.218750000000000222e-01,8.977241854853605929e-01,-2.711903543129821070e-01,2.583697505064107558e-01,7.436436536936729125e-01,-1.271118899561714810e-01,4.732988151667429921e-01,-1.076856114879296555e+00,1.270340297189881396e-01
3.250000000000000111e-01,8.968779758699282345e-01,-2.703842245421628765e-01,2.575537918846618757e-01,7.432470075619566074e-01,-1.267418199937257739e-01,4.699462135857014333e-01,-1.068819547431622885e+00,1.261738149815511412e-01
3.281250000000000000e-01,8.960342814306274661e-01,-2.695806400638923184e-01,2.567407610843853161e-01,7.428515161602602390e-01,-1.263728621455690870e-01,4.666186267123879627e-01,-1.060846611781390614e+00,1.253196687872881743e-01
3.312500000000000444e-01,8.951930942276935532e-01,-2.687795917492269981e-01,2.559306449994259158e-01,7.424571760188245495e-01,-1.260050128313077167e-01,4.633158565400368745e-01,-1.052936769485057322e+00,1.244715463065516614e-01
3.343750000000000333e-01,8.943544063498262142e-01,-2.679810705100591495e-01,2.551234306009848019e-01,7.420639836790582367e-01,-1.256382684837256958e-01,4.600377067368442985e-01,-1.045089487002575979e+00,1.236294030583673653e-01
3.375000000000000222e-01,8.935182099140616119e-01,-2.671850672988757558e-01,2.543191049370380208e-01,7.416719356934970975e-01,-1.252726255487247586e-01,4.567839826307201201e-01,-1.037304235649059381e+00,1.227931949075613538e-01
3.406250000000000111e-01,8.926844970656466760e-01,-2.663915731085197969e-01,2.535176551317608884e-01,7.412810286257630610e-01,-1.249080804852650134e-01,4.535544911941907231e-01,-1.029580491546962406e+00,1.219628780619125552e-01
3.437500000000000000e-01,8.918532599779124270e-01,-2.656005789719529386e-01,2.527190683849570019e-01,7.408912590505235540e-01,-1.245446297653055728e-01,4.503490410294500035e-01,-1.021917735578776742e+00,1.211384090693300025e-01
3.468750000000000444e-01,8.910244908521500751e-01,-2.648120759620198328e-01,2.519233319714926922e-01,7.405026235534508672e-01,-1.241822698737458930e-01,4.471674423535574872e-01,-1.014315453340228990e+00,1.203197448150551130e-01
3.500000000000000333e-01,8.901981819174857868e-01,-2.640260551912148035e-01,2.511304332407360285e-01,7.401151187311817425e-01,-1.238209973083671533e-01,4.440095069837821096e-01,-1.006773135093981475e+00,1.195068425188883510e-01
3.531250000000000222e-01,8.893743254307576729e-01,-2.632425078114496442e-01,2.503403596160012068e-01,7.397287411912775168e-01,-1.234608085797741506e-01,4.408750483230894912e-01,-9.992902757238233402e-01,1.186996597324402603e-01
3.562500000000000666e-01,8.885529136763928859e-01,-2.624614250138234683e-01,2.495530985939977409e-01,7.393434875521835981e-01,-1.231017002113374698e-01,4.377638813457718769e-01,-9.918663746893517930e-01,1.178981543364065049e-01
3.593750000000000555e-01,8.877339389662852742e-01,-2.616827980283941701e-01,2.487686377442842600e-01,7.389593544431902750e-01,-1.227436687391360304e-01,4.346758225832192402e-01,-9.845009359811366378e-01,1.171022845378669186e-01
3.625000000000000444e-01,8.869173936396743674e-01,-2.609066181239517168e-01,2.479869647087274975e-01,7.385763385043926377e-01,-1.223867107118998127e-01,4.316106901098289983e-01,-9.771934680763585401e-01,1.163120088676080216e-01
3.656250000000000333e-01,8.861032700630244729e-01,-2.601328766077929400e-01,2.472080672009657476e-01,7.381944363866514980e-01,-1.220308226909531668e-01,4.285683035290544507e-01,-9.699434838949222426e-01,1.155272861774689769e-01
3.687500000000000222e-01,8.852915606299045503e-01,-2.593615648254980477e-01,2.464319330058772628e-01,7.378136447515537544e-01,-1.216760012501582056e-01,4.255484839595888857e-01,-9.627505007560330785e-01,1.147480756377108613e-01
3.718750000000000111e-01,8.844822577608693059e-01,-2.585926741607089685e-01,2.456585499790531479e-01,7.374339602713735342e-01,-1.213222429758586407e-01,4.225510540216851352e-01,-9.556140403352353374e-01,1.139743367344087377e-01
3.750000000000000000e-01,8.836753539033402882e-01,-2.578261960349090276e-01,2.448879060462750279e-01,7.370553796290330029e-01,-1.209695444668239667e-01,4.195758378236087993e-01,-9.485336286219057111e-01,1.132060292668665979e-01
3.781249999999999889e-01,8.828708415314880931e-01,-2.570621219072045105e-01,2.441199892029971008e-01,7.366778995180642831e-01,-1.206179023341938522e-01,4.166226609482228671e-01,-9.415087958771960475e-01,1.124431133450547876e-01
3.812499999999999778e-01,8.820687131461150132e-01,-2.563004432741077254e-01,2.433547875138330208e-01,7.363015166425700420e-01,-1.202673132014229346e-01,4.136913504397040642e-01,-9.345390765924219689e-01,1.116855493870697880e-01
3.843750000000000222e-01,8.812689612745386869e-01,-2.555411516693216756e-01,2.425922891120469160e-01,7.359262277171855215e-01,-1.199177737042258912e-01,4.107817347903874872e-01,-9.276240094478905851e-01,1.109332981166161053e-01
3.875000000000000111e-01,8.804715784704760795e-01,-2.547842386635262302e-01,2.418324821990492091e-01,7.355520294670404580e-01,-1.195692804905229001e-01,4.078936439277404680e-01,-9.207631372721631902e-01,1.101863205605101703e-01
3.906250000000000000e-01,8.796765573139281313e-01,-2.540296958641661274e-01,2.410753550438965442e-01,7.351789186277207788e-01,-1.192218302203852526e-01,4.050269092014617267e-01,-9.139560070017469506e-01,1.094445780462057205e-01
3.937500000000000444e-01,8.788838904110657380e-01,-2.532775149152401428e-01,2.403208959827962121e-01,7.348068919452305225e-01,-1.188754195659814106e-01,4.021813633707065905e-01,-9.072021696412125857e-01,1.087080321993409426e-01
3.968750000000000333e-01,8.780935703941149528e-01,-2.525276874970922014e-01,2.395690934186149867e-01,7.344359461759547569e-01,-1.185300452115233549e-01,3.993568405914365571e-01,-9.005011802237311569e-01,1.079766449413068485e-01
4.000000000000000222e-01,8.773055899212445219e-01,-2.517802053262037654e-01,2.388199358203919320e-01,7.340660780866213875e-01,-1.181857038532131560e-01,3.965531764038904283e-01,-8.938525977720259696e-01,1.072503784868366339e-01
4.031250000000000111e-01,8.765199416764530849e-01,-2.510350601549877214e-01,2.380734117228558155e-01,7.336972844542640759e-01,-1.178423921991899187e-01,3.937702077201776785e-01,-8.872559852597350361e-01,1.065291953416161175e-01
4.062500000000000000e-01,8.757366183694568207e-01,-2.502922437715839332e-01,2.373295097259463804e-01,7.333295620661849368e-01,-1.175001069694770056e-01,3.910077728119917828e-01,-8.807109095731797677e-01,1.058130582999148028e-01
4.093750000000000444e-01,8.749556127355785362e-01,-2.495517479996561261e-01,2.365882184943400579e-01,7.329629077199176779e-01,-1.171588448959295509e-01,3.882657112984421732e-01,-8.742169414735333488e-01,1.051019304422375206e-01
4.125000000000000333e-01,8.741769175356370880e-01,-2.488135646981905480e-01,2.358495267569795384e-01,7.325973182231902969e-01,-1.168186027221823214e-01,3.855438641340039330e-01,-8.677736555593879020e-01,1.043957751329964156e-01
4.156250000000000222e-01,8.734005255558365821e-01,-2.480776857612954911e-01,2.351134233066075607e-01,7.322327903938887772e-01,-1.164793772035977171e-01,3.828420735965838428e-01,-8.613806302297106754e-01,1.036945560182029602e-01
4.187500000000000666e-01,8.726264296076579052e-01,-2.473441031180029226e-01,2.343798969993046710e-01,7.318693210600202281e-01,-1.161411651072142559e-01,3.801601832757016686e-01,-8.550374476471905849e-01,1.029982370231801031e-01
4.218750000000000555e-01,8.718546225277491457e-01,-2.466128087320712536e-01,2.336489367540310336e-01,7.315069070596765810e-01,-1.158039632116952544e-01,3.774980380607852459e-01,-8.487436937019666727e-01,1.023067823502940843e-01
4.250000000000000444e-01,8.710850971778176799e-01,-2.458837946017893850e-01,2.329205315521720998e-01,7.311455452409985067e-01,-1.154677683072777711e-01,3.748554841295783091e-01,-8.424989579757347080e-01,1.016201564767058585e-01
4.281250000000000333e-01,8.703178464445225915e-01,-2.451570527597824734e-01,2.321946704370882186e-01,7.307852324621390006e-01,-1.151325771957218830e-01,3.722323689366600075e-01,-8.363028337062297091e-01,1.009383241521419616e-01
4.312500000000000222e-01,8.695528632393674240e-01,-2.444325752728189194e-01,2.314713425136682712e-01,7.304259655912277438e-01,-1.147983866902601985e-01,3.696285412020748895e-01,-8.301549177520778366e-01,1.002612503966845703e-01
4.343750000000000111e-01,8.687901404985941545e-01,-2.437103542416187985e-01,2.307505369478868029e-01,7.300677415063350217e-01,-1.144651936155477306e-01,3.670438509000719107e-01,-8.240548105580148830e-01,9.958890049858065696e-02
4.375000000000000000e-01,8.680296711830771672e-01,-2.429903818006636240e-01,2.300322429663653467e-01,7.297105570954365295e-01,-1.141329948076119372e-01,3.644781492479519103e-01,-8.180021161204661384e-01,9.892124001206997752e-02
4.406249999999999889e-01,8.672714482782182266e-01,-2.422726501180075542e-01,2.293164498559372155e-01,7.293544092563774006e-01,-1.138017871138031628e-01,3.619312886950217245e-01,-8.119964419534846378e-01,9.825823475523183526e-02
4.437499999999999778e-01,8.665154647938413390e-01,-2.415571513950898197e-01,2.286031469632161806e-01,7.289992948968374575e-01,-1.134715673927452345e-01,3.594031229116543824e-01,-8.060373990550431245e-01,9.759985080785026079e-02
4.468750000000000222e-01,8.657617137640895022e-01,-2.408438778665486779e-01,2.278923236941688135e-01,7.286452109342955730e-01,-1.131423325142864034e-01,3.568935067784540505e-01,-8.001246018736757337e-01,9.694605450929769108e-02
4.500000000000000111e-01,8.650101882473205661e-01,-2.401328218000365611e-01,2.271839695136903814e-01,7.282921542959949202e-01,-1.128140793594506058e-01,3.544022963755250055e-01,-7.942576682754659556e-01,9.629681245643677279e-02
4.531250000000000000e-01,8.642608813260047596e-01,-2.394239754960365008e-01,2.264780739451844882e-01,7.279401219189080008e-01,-1.124868048203887944e-01,3.519293489718424151e-01,-7.884362195113759908e-01,9.565209150154009576e-02
4.562500000000000444e-01,8.635137861066221054e-01,-2.387173312876801068e-01,2.257746265701462141e-01,7.275891107497023391e-01,-1.121605058003308092e-01,3.494745230147254800e-01,-7.826598801849145026e-01,9.501185875022798155e-02
4.593750000000000333e-01,8.627688957195610575e-01,-2.380128815405665732e-01,2.250736170277489179e-01,7.272391177447050659e-01,-1.118351792135373196e-01,3.470376781194109417e-01,-7.769282782201398785e-01,9.437608155942389665e-02
4.625000000000000222e-01,8.620262033190166928e-01,-2.373106186525830164e-01,2.243750350144344541e-01,7.268901398698697225e-01,-1.115108219852520705e-01,3.446186750587257319e-01,-7.712410448299917842e-01,9.374472753532724079e-02
4.656250000000000111e-01,8.612857020828909027e-01,-2.366105350537263119e-01,2.236788702835067477e-01,7.265421741007408452e-01,-1.111874310516544478e-01,3.422173757528582660e-01,-7.655978144849522327e-01,9.311776453140371834e-02
4.687500000000000000e-01,8.605473852126916956e-01,-2.359126232059259032e-01,2.229851126447292275e-01,7.261952174224205470e-01,-1.108650033598122392e-01,3.398336432592271583e-01,-7.599982248820278397e-01,9.249516064639287660e-02
4.718750000000000444e-01,8.598112459334336100e-01,-2.352168756028679419e-01,2.222937519639251736e-01,7.258492668295344341e-01,-1.105435358676346985e-01,3.374673417624465266e-01,-7.544419169140533787e-01,9.187688422233256103e-02
4.750000000000000333e-01,8.590772774935396816e-01,-2.345232847698209833e-01,2.216047781625818114e-01,7.255043193261978551e-01,-1.102230255438258477e-01,3.351183365643866097e-01,-7.489285346393100840e-01,9.126290384260048183e-02
4.781250000000000222e-01,8.583454731647416347e-01,-2.338318432634623190e-01,2.209181812174576542e-01,7.251603719259820391e-01,-1.099034693678379998e-01,3.327864940743284761e-01,-7.434577252514574797e-01,9.065318832997236453e-02
4.812500000000000666e-01,8.576158262419832923e-01,-2.331425436717060318e-01,2.202339511601929534e-01,7.248174216518806778e-01,-1.095848643298256292e-01,3.304716817992128797e-01,-7.380291390497735193e-01,9.004770674469669833e-02
4.843750000000000555e-01,8.568883300433223216e-01,-2.324553786135321876e-01,2.195520780769239233e-01,7.244754655362765083e-01,-1.092672074305993946e-01,3.281737683339812639e-01,-7.326424294097014789e-01,8.944642838258609618e-02
4.875000000000000444e-01,8.561629779098339776e-01,-2.317703407388169434e-01,2.188725521078996039e-01,7.241345006209083390e-01,-1.089504956815804532e-01,3.258926233520081928e-01,-7.272972527536976095e-01,8.884932277312468374e-02
4.906250000000000333e-01,8.554397632055144030e-01,-2.310874227281640714e-01,2.181953634471024972e-01,7.237945239568377431e-01,-1.086347261047550528e-01,3.236281175956247091e-01,-7.219932685223786617e-01,8.825635967759182243e-02
4.937500000000000222e-01,8.547186793171850372e-01,-2.304066172927377865e-01,2.175205023418719796e-01,7.234555326044158630e-01,-1.083198957326293038e-01,3.213801228667313437e-01,-7.167301391459650617e-01,8.766750908720183366e-02
4.968750000000000111e-01,8.539997196543976932e-01,-2.297279171740964354e-01,2.168479590925312395e-01,7.231175236332512135e-01,-1.080060016081842433e-01,3.191485120174997192e-01,-7.115075300160154104e-01,8.708274122125937711e-02
5.000000000000000000e-01,8.532828776493392997e-01,-2.290513151440275452e-01,2.161777240520169896e-01,7.227804941221765977e-01,-1.076930407848311760e-01,3.169331589411621963e-01,-7.063251094574513056e-01,8.650202652533077463e-02
5.031250000000000444e-01,8.525681467567379768e-01,-2.283768040043839820e-01,2.155097876255125666e-01,7.224444411592163551e-01,-1.073810103263671267e-01,3.147339385628884489e-01,-7.011825487008664926e-01,8.592533566943072465e-02
5.062500000000000888e-01,8.518555204537692216e-01,-2.277043765869212755e-01,2.148441402700839997e-01,7.221093618415548310e-01,-1.070699073069306950e-01,3.125507268307483044e-01,-6.960795218551204533e-01,8.535263954622454574e-02
5.093750000000001332e-01,8.511449922399629830e-01,-2.270340257531360262e-01,2.141807724943189939e-01,7.217752532755032924e-01,-1.067597288109580489e-01,3.103834007067593492e-01,-6.910157058802098851e-01,8.478390926924558868e-02
5.125000000000000666e-01,8.504365556371106250e-01,-2.263657443941054503e-01,2.135196748579692716e-01,7.214421125764679532e-01,-1.064504719331391819e-01,3.082318381580193556e-01,-6.859907805604178455e-01,8.421911617112795567e-02
5.156250000000000000e-01,8.497302041891727775e-01,-2.256995254303280352e-01,2.128608379715954124e-01,7.211099368689184441e-01,-1.061421337783743923e-01,3.060959181479218083e-01,-6.810044284777347912e-01,8.365823180185395780e-02
5.187500000000000444e-01,8.490259314621879660e-01,-2.250353618115653598e-01,2.122042524962151344e-01,7.207787232863555049e-01,-1.058347114617309570e-01,3.039755206274542543e-01,-6.760563349855521764e-01,8.310122792701674088e-02
5.218750000000000888e-01,8.483237310441810175e-01,-2.243732465166849710e-01,2.115499091429542122e-01,7.204484689712795653e-01,-1.055282021084002347e-01,3.018705265265788085e-01,-6.711461881826217279e-01,8.254807652609751079e-02
5.250000000000000222e-01,8.476235965450726884e-01,-2.237131725535042581e-01,2.108977986727003651e-01,7.201191710751591035e-01,-1.052226028536547148e-01,2.997808177456927625e-01,-6.662736788872799520e-01,8.199874979075726100e-02
5.281249999999999556e-01,8.469255215965891814e-01,-2.230551329586355491e-01,2.102479118957600868e-01,7.197908267583988939e-01,-1.049179108428054813e-01,2.977062771471700175e-01,-6.614385006119336552e-01,8.145322012314314131e-02
5.312500000000000000e-01,8.462294998521725509e-01,-2.223991207973321504e-01,2.096002396715181126e-01,7.194634331903094759e-01,-1.046141232311598446e-01,2.956467885469816759e-01,-6.566403495378041466e-01,8.091146013420900951e-02
5.343750000000000444e-01,8.455355249868911072e-01,-2.217451291633356081e-01,2.089547729081001337e-01,7.191369875490749575e-01,-1.043112371839792218e-01,2.936022367063950145e-01,-6.518789244899289015e-01,8.037344264205038835e-02
5.374999999999999778e-01,8.448435906973514875e-01,-2.210931511787238568e-01,2.083115025620378147e-01,7.188114870217229280e-01,-1.040092498764372542e-01,2.915725073237506182e-01,-6.471539269124140237e-01,7.983914067025324468e-02
5.406249999999999112e-01,8.441536907016090607e-01,-2.204431799937604242e-01,2.076704196379368372e-01,7.184869288040928170e-01,-1.037081584935780898e-01,2.895574870263155076e-01,-6.424650608439376187e-01,7.930852744625695172e-02
5.437499999999999556e-01,8.434658187390813300e-01,-2.197952087867447446e-01,2.070315151881477467e-01,7.181633101008055853e-01,-1.034079602302749035e-01,2.875570633622135941e-01,-6.378120328935014127e-01,7.878157639973090709e-02
5.468750000000000000e-01,8.427799685704596699e-01,-2.191492307638635284e-01,2.063947803124392966e-01,7.178406281252329713e-01,-1.031086522911887071e-01,2.855711247924307972e-01,-6.331945522164270646e-01,7.825826116096498697e-02
5.500000000000000444e-01,8.420961339776228405e-01,-2.185052391590430187e-01,2.057602061576747354e-01,7.175188800994666272e-01,-1.028102318907273133e-01,2.835995606828951021e-01,-6.286123304905940623e-01,7.773855555927350336e-02
5.531250000000000888e-01,8.414143087635505003e-01,-2.178632272338023590e-01,2.051277839174905082e-01,7.171980632542884759e-01,-1.025126962530045066e-01,2.816422612966301697e-01,-6.240650818929168731e-01,7.722243362141262280e-02
5.562500000000000222e-01,8.407344867522371645e-01,-2.172231882771079314e-01,2.044975048319778443e-01,7.168781748291394029e-01,-1.022160426117994791e-01,2.796991177859824984e-01,-6.195525230760603463e-01,7.670986957001116324e-02
5.593749999999999556e-01,8.400566617886064957e-01,-2.165851156052285842e-01,2.038693601873666772e-01,7.165592120720901681e-01,-1.019202682105164459e-01,2.777700221849205287e-01,-6.150743731453877094e-01,7.620083782201449163e-02
5.625000000000000000e-01,8.393808277384262606e-01,-2.159490025615920517e-01,2.032433413157124225e-01,7.162411722398106528e-01,-1.016253703021444549e-01,2.758548674014059676e-01,-6.106303536361414874e-01,7.569531298714164691e-02
5.656250000000000444e-01,8.387069784882240642e-01,-2.153148425166422075e-01,2.026194395945853377e-01,7.159240525975403280e-01,-1.013313461492175022e-01,2.739535472098356683e-01,-6.062201884908536842e-01,7.519326986635548049e-02
5.687500000000000888e-01,8.380351079452025287e-01,-2.146826288676972894e-01,2.019976464467620469e-01,7.156078504190581668e-01,-1.010381930237747444e-01,2.720659562435537304e-01,-6.018436040369817830e-01,7.469468345034542545e-02
5.718750000000001332e-01,8.373652100371561380e-01,-2.140523550388091500e-01,2.013779533399200627e-01,7.152925629866535573e-01,-1.007459082073209888e-01,2.701919899874334896e-01,-5.975003289647699001e-01,7.419952891802329698e-02
5.750000000000000666e-01,8.366972787123875266e-01,-2.134240144806233974e-01,2.007603517863345011e-01,7.149781875910962148e-01,-1.004544889907873495e-01,2.683315447705279522e-01,-5.931900943053314279e-01,7.370778163503151348e-02
5.781250000000000000e-01,8.360313079396245461e-01,-2.127976006702404499e-01,2.001448333425773218e-01,7.146647215316070945e-01,-1.001639326744921399e-01,2.664845177587884528e-01,-5.889126334089505033e-01,7.321941715226389091e-02
5.812500000000000444e-01,8.353672917079379978e-01,-2.121731071110775357e-01,1.995313896092191230e-01,7.143521621158290813e-01,-9.987423656810195949e-02,2.646508069478510361e-01,-5.846676819236020783e-01,7.273441120439895491e-02
5.843750000000000888e-01,8.347052240266596979e-01,-2.115505273327318858e-01,1.989200122305332663e-01,7.140405066597976802e-01,-9.958539799059298869e-02,2.628303111558893956e-01,-5.804549777736854876e-01,7.225273970844540983e-02
5.875000000000000222e-01,8.340450989253007652e-01,-2.109298548908444537e-01,1.983106928942025282e-01,7.137297524879121502e-01,-9.929741427021250566e-02,2.610229300165341493e-01,-5.762742611389707337e-01,7.177437876229993130e-02
5.906249999999999556e-01,8.333869104534701311e-01,-2.103110833669646351e-01,1.977034233310278888e-01,7.134198969329065276e-01,-9.901028274444052812e-02,2.592285639718571177e-01,-5.721252744337544938e-01,7.129930464331681039e-02
5.937500000000000000e-01,8.327306526807943809e-01,-2.096942063684161528e-01,1.970981953146398458e-01,7.131109373358208714e-01,-9.872400075995171886e-02,2.574471142654208289e-01,-5.680077622862246267e-01,7.082749380688982410e-02
5.968750000000000444e-01,8.320763196968370412e-01,-2.090792175281635523e-01,1.964950006612123101e-01,7.128028710459727302e-01,-9.843856567257755485e-02,2.556784829353923039e-01,-5.639214715180300708e-01,7.035892288504588810e-02
6.000000000000000888e-01,8.314239056110186432e-01,-2.084661105046797525e-01,1.958938312291781947e-01,7.124956954209280546e-01,-9.815397484726848254e-02,2.539225728077200706e-01,-5.598661511240540234e-01,6.989356868505035292e-02
6.031250000000001332e-01,8.307734045525374533e-01,-2.078548789818144282e-01,1.952946789189480004e-01,7.121894078264734418e-01,-9.787022565805653107e-02,2.521792874893737935e-01,-5.558415522523877383e-01,6.943140818802412406e-02
6.062500000000000666e-01,8.301248106702899809e-01,-2.072455166686632266e-01,1.946975356726302064e-01,7.118840056365872693e-01,-9.758731548801791167e-02,2.504485313616471309e-01,-5.518474281845046070e-01,6.897241854757218960e-02
6.093750000000000000e-01,8.294781181327928188e-01,-2.066380172994378983e-01,1.941023934737539369e-01,7.115794862334119397e-01,-9.730524172923592230e-02,2.487302095735209884e-01,-5.478835343156298610e-01,6.851657708842370798e-02
6.125000000000000444e-01,8.288333211281038171e-01,-2.060323746333372619e-01,1.935092443469942358e-01,7.112758470072254591e-01,-9.702400178276394949e-02,2.470242280350889164e-01,-5.439496281353056739e-01,6.806386130508329524e-02
6.156250000000000888e-01,8.281904138637447010e-01,-2.054285824544191952e-01,1.929180803578991188e-01,7.109730853564134589e-01,-9.674359305858887259e-02,2.453304934110424607e-01,-5.400454692081493313e-01,6.761424886049383076e-02
6.187500000000000222e-01,8.275493905666231331e-01,-2.048266345714731540e-01,1.923288936126191229e-01,7.106711986874417741e-01,-9.646401297559432930e-02,2.436489131142162146e-01,-5.361708191548010261e-01,6.716771758471005993e-02
6.218749999999999556e-01,8.269102454829559967e-01,-2.042265248178938564e-01,1.917416762576388267e-01,7.103701844148280209e-01,-9.618525896152448074e-02,2.419793952991922126e-01,-5.323254416330608363e-01,6.672424547358350722e-02
6.250000000000000000e-01,8.262729728781923466e-01,-2.036282470515554388e-01,1.911564204795105082e-01,7.100700399611143965e-01,-9.590732845294772102e-02,2.403218488559631660e-01,-5.285091023192121096e-01,6.628381068745815841e-02
6.281250000000000444e-01,8.256375670369374697e-01,-2.030317951546869448e-01,1.905731185045902998e-01,7.097707627568402566e-01,-9.563021889522081709e-02,2.386761834036537633e-01,-5.247215688895299213e-01,6.584639154987720344e-02
6.312500000000000888e-01,8.250040222628766129e-01,-2.024371630337481187e-01,1.899917625987759817e-01,7.094723502405144711e-01,-9.535392774245296521e-02,2.370423092842990631e-01,-5.209626110019710543e-01,6.541196654630031249e-02
6.343750000000001332e-01,8.243723328786999316e-01,-2.018443446193063928e-01,1.894123450672471343e-01,7.091747998585880008e-01,-9.507845245747026386e-02,2.354201375566803700e-01,-5.172320002780457227e-01,6.498051432283170892e-02
6.375000000000000666e-01,8.237424932260267729e-01,-2.012533338659144022e-01,1.888348582542072607e-01,7.088781090654272532e-01,-9.480379051178020045e-02,2.338095799902171201e-01,-5.135295102848672633e-01,6.455201368495877556e-02
6.406250000000000000e-01,8.231144976653311796e-01,-2.006641247519885818e-01,1.882592945426281028e-01,7.085822753232862148e-01,-9.452993938553641562e-02,2.322105490589145005e-01,-5.098549165173789088e-01,6.412644359630106927e-02
6.437500000000000444e-01,8.224883405758678379e-01,-2.000767112796882630e-01,1.876856463539957887e-01,7.082872961022802505e-01,-9.425689656750363410e-02,2.306229579353668291e-01,-5.062079963807553096e-01,6.370378317736984097e-02
6.468750000000000888e-01,8.218640163555972489e-01,-1.994910874747957696e-01,1.871139061480592836e-01,7.079931688803589029e-01,-9.398465955502273428e-02,2.290467204848152527e-01,-5.025885291729779158e-01,6.328401170433775591e-02
6.500000000000000222e-01,8.212415194211131197e-01,-1.989072473865973745e-01,1.865440664225805067e-01,7.076998911432790251e-01,-9.371322585397605376e-02,2.274817512592597624e-01,-4.989962960675807246e-01,6.286710860781885568e-02
6.531249999999999556e-01,8.206208442075682008e-01,-1.983251850877646438e-01,1.859761197130866683e-01,7.074074603845783571e-01,-9.344259297875279202e-02,2.259279654916245550e-01,-4.954310800965651684e-01,6.245305347165851229e-02
6.562500000000000000e-01,8.200019851686017880e-01,-1.977448946742369762e-01,1.854100585926244937e-01,7.071158741055489916e-01,-9.317275845221469066e-02,2.243852790899771577e-01,-4.918926661334835915e-01,6.204182603173361010e-02
6.593750000000000444e-01,8.193849367762672253e-01,-1.971663702651046679e-01,1.848458756715163631e-01,7.068251298152107287e-01,-9.290371980566176913e-02,2.228536086317996767e-01,-4.883808408766885378e-01,6.163340617476246314e-02
6.625000000000000888e-01,8.187696935209598514e-01,-1.965896060024929226e-01,1.842835635971185326e-01,7.065352250302850967e-01,-9.263547457879837965e-02,2.213328713583121998e-01,-4.848953928327449647e-01,6.122777393712470345e-02
6.656250000000001332e-01,8.181562499113447240e-01,-1.960145960514462771e-01,1.837231150535809932e-01,7.062461572751688177e-01,-9.236802031969926219e-02,2.198229851688478786e-01,-4.814361123000061027e-01,6.082490950369083549e-02
6.687500000000000666e-01,8.175446004742857875e-01,-1.954413345998142204e-01,1.831645227616095495e-01,7.059579240819079393e-01,-9.210135458477596015e-02,2.183238686152790820e-01,-4.780027913523492433e-01,6.042479320666152565e-02
6.718750000000000000e-01,8.169347397547740419e-01,-1.948698158581372020e-01,1.826077794782293984e-01,7.056705229901717447e-01,-9.183547493874320844e-02,2.168354408964939528e-01,-4.745952238230704001e-01,6.002740552441644672e-02
6.750000000000000444e-01,8.163266623158577096e-01,-1.943000340595334163e-01,1.820528779965509547e-01,7.053839515472267729e-01,-9.157037895458561283e-02,2.153576218529232866e-01,-4.712132052889367317e-01,5.963272708037259395e-02
6.781250000000000888e-01,8.157203627385709588e-01,-1.937319834595866708e-01,1.814998111455373153e-01,7.050982073079110624e-01,-9.130606421352453761e-02,2.138903319611169529e-01,-4.678565330543944523e-01,5.924073864185215588e-02
6.812500000000000222e-01,8.151158356218647372e-01,-1.931656583362344748e-01,1.809485717897735546e-01,7.048132878346087260e-01,-9.104252830498503479e-02,2.124334923283693610e-01,-4.645250061359305072e-01,5.885142111895953071e-02
6.843749999999999556e-01,8.145130755825363833e-01,-1.926010529896571011e-01,1.803991528292377688e-01,7.045291906972238616e-01,-9.077976882656302315e-02,2.109870246873934152e-01,-4.612184252465860723e-01,5.846475556346771019e-02
6.875000000000000000e-01,8.139120772551604599e-01,-1.920381617421674514e-01,1.798515471990741466e-01,7.042459134731556825e-01,-9.051778338399255053e-02,2.095508513910428472e-01,-4.579365927806220427e-01,5.808072316771381582e-02
6.906250000000000444e-01,8.133128352920202531e-01,-1.914769789381014220e-01,1.793057478693675932e-01,7.039634537472725384e-01,-9.025656959111338917e-02,2.081248954070823165e-01,-4.546793127983328464e-01,5.769930526350374594e-02
6.937500000000000888e-01,8.127153443630382723e-01,-1.909174989437090741e-01,1.787617478449201880e-01,7.036818091118869356e-01,-8.999612506983857563e-02,2.067090803130044729e-01,-4.514463910110079192e-01,5.732048332102580857e-02
6.968750000000001332e-01,8.121195991557086380e-01,-1.903597161470465537e-01,1.782195401650294442e-01,7.034009771667305566e-01,-8.973644745012228363e-02,2.053033302908938984e-01,-4.482376347660394500e-01,5.694423894777327771e-02
7.000000000000000666e-01,8.115255943750290246e-01,-1.898036249578685664e-01,1.776791179032682078e-01,7.031209555189287252e-01,-8.947753436992776643e-02,2.039075701223374004e-01,-4.450528530321744558e-01,5.657055388747585234e-02
7.031250000000000000e-01,8.109333247434324932e-01,-1.892492198075216292e-01,1.771404741672663041e-01,7.028417417829756486e-01,-8.921938347519549339e-02,2.025217251833801024e-01,-4.418918563849095205e-01,5.619941001903982353e-02
7.062500000000000444e-01,8.103427850007207667e-01,-1.886964951488379061e-01,1.766036020984939336e-01,7.025633335807097701e-01,-8.896199241981139760e-02,2.011457214395269144e-01,-4.387544569920280857e-01,5.583078935549701249e-02
7.093750000000000888e-01,8.097539699039970618e-01,-1.881454454560300416e-01,1.760684948720466769e-01,7.022857285412885675e-01,-8.870535886557541494e-02,1.997794854407893006e-01,-4.356404685992768533e-01,5.546467404296234749e-02
7.125000000000000222e-01,8.091668742275992532e-01,-1.875960652245861338e-01,1.755351456964323043e-01,7.020089243011640168e-01,-8.844948048216998149e-02,1.984229443167761509e-01,-4.325497065161810206e-01,5.510104635959992003e-02
7.156249999999999556e-01,8.085814927630338156e-01,-1.870483489711657343e-01,1.750035478133589451e-01,7.017329185040582784e-01,-8.819435494712885015e-02,1.970760257718289221e-01,-4.294819876019964067e-01,5.473988871459752048e-02
7.187500000000000000e-01,8.079978203189097652e-01,-1.865022912334965144e-01,1.744736944975252280e-01,7.014577088009388284e-01,-8.793997994580599054e-02,1.957386580802005782e-01,-4.264371302517976359e-01,5.438118364714965985e-02
7.218750000000000444e-01,8.074158517208728236e-01,-1.859578865702714301e-01,1.739455790564120030e-01,7.011832928499943662e-01,-8.768635317134462759e-02,1.944107700812778006e-01,-4.234149543827007145e-01,5.402491382544885590e-02
7.250000000000000888e-01,8.068355818115402478e-01,-1.854151295610466099e-01,1.734191948300753960e-01,7.009096683166101682e-01,-8.743347232464653007e-02,1.930922911748458315e-01,-4.204152814202178901e-01,5.367106204568519723e-02
7.281250000000001332e-01,8.062570054504356598e-01,-1.848740148061398247e-01,1.728945351909416950e-01,7.006368328733443285e-01,-8.718133511434128513e-02,1.917831513163958945e-01,-4.174379342847444052e-01,5.331961123105408845e-02
7.312500000000000666e-01,8.056801175139243210e-01,-1.843345369265298184e-01,1.723715935436039015e-01,7.003647841999034451e-01,-8.692993925675589206e-02,1.904832810124748033e-01,-4.144827373781754809e-01,5.297054443077209990e-02
7.343750000000000000e-01,8.051049128951489608e-01,-1.837966905637558324e-01,1.718503633246195039e-01,7.000935199831184175e-01,-8.667928247588441160e-02,1.891926113160756762e-01,-4.115495165706514746e-01,5.262384481910085954e-02
7.375000000000000444e-01,8.045313865039654955e-01,-1.832604703798182966e-01,1.713308380023102484e-01,6.998230379169207982e-01,-8.642936250335776782e-02,1.879110738220705068e-01,-4.086380991874312141e-01,5.227949569437895933e-02
7.406250000000000888e-01,8.039595332668789673e-01,-1.827258710570796585e-01,1.708130110765630760e-01,6.995533357023190346e-01,-8.618017707841373054e-02,1.866386006626832295e-01,-4.057483139958912299e-01,5.193748047806175799e-02
7.437500000000000222e-01,8.033893481269805958e-01,-1.821928872981663228e-01,1.702968760786328084e-01,6.992844110473743768e-01,-8.593172394786706414e-02,1.853751245030031969e-01,-4.028799911926497224e-01,5.159778271376896930e-02
7.468749999999999556e-01,8.028208260438843835e-01,-1.816615138258705631e-01,1.697824265709461933e-01,6.990162616671776741e-01,-8.568400086607970423e-02,1.841205785365386816e-01,-4.000329623908135956e-01,5.126038606634003569e-02
7.500000000000000000e-01,8.022539619936640554e-01,-1.811317453830537660e-01,1.692696561469076155e-01,6.987488852838256159e-01,-8.543700559493126734e-02,1.828748964808102062e-01,-3.972070606073485610e-01,5.092527432089727357e-02
7.531250000000000444e-01,8.016887509687907754e-01,-1.806035767325497310e-01,1.687585584307061959e-01,6.984822796263971956e-01,-8.519073590378951899e-02,1.816380125729831208e-01,-3.944021202505698653e-01,5.059243138191657496e-02
7.562500000000000888e-01,8.011251879780708629e-01,-1.800770026570687743e-01,1.682491270771243885e-01,6.982164424309306172e-01,-8.494518956948113320e-02,1.804098615655388982e-01,-3.916179771077526461e-01,5.026184127230571425e-02
7.593750000000001332e-01,8.005632680465833984e-01,-1.795520179591025278e-01,1.677413557713479941e-01,6.979513714403996483e-01,-8.470036437626246584e-02,1.791903787219851496e-01,-3.888544683328607476e-01,4.993348813249014195e-02
7.625000000000000666e-01,8.000029862156192717e-01,-1.790286174608291536e-01,1.672352382287776440e-01,6.976870644046909709e-01,-8.445625811579063336e-02,1.779794998126038308e-01,-3.861114324343932203e-01,4.960735621950625174e-02
7.656250000000000000e-01,7.994443375426192322e-01,-1.785067960040191415e-01,1.667307681948418385e-01,6.974235190805806450e-01,-8.421286858709448042e-02,1.767771611102369467e-01,-3.833887092633461724e-01,4.928342990610195401e-02
7.687500000000000444e-01,7.988873171011130481e-01,-1.779865484499419392e-01,1.662279394448111236e-01,6.971607332317113492e-01,-8.397019359654599169e-02,1.755832993861099756e-01,-3.806861400012900853e-01,4.896169367984463255e-02
7.718750000000000888e-01,7.983319199806585553e-01,-1.774678696792728050e-01,1.657267457836141267e-01,6.968987046285693987e-01,-8.372823095783163416e-02,1.743978519056925136e-01,-3.780035671485610926e-01,4.864213214223633147e-02
7.750000000000000222e-01,7.977781412867814836e-01,-1.769507545920005753e-01,1.652271810456544532e-01,6.966374310484618748e-01,-8.348697849192389386e-02,1.732207564245952791e-01,-3.753408345125637813e-01,4.832473000783613082e-02
7.781249999999999556e-01,7.972259761409150602e-01,-1.764351981073357112e-01,1.647292390946294149e-01,6.963769102754940876e-01,-8.324643402705292350e-02,1.720519511845035043e-01,-3.726977871961860700e-01,4.800947210338957216e-02
7.812500000000000000e-01,7.966754196803397248e-01,-1.759211951636190097e-01,1.642329138233498409e-01,6.961171401005468162e-01,-8.300659539867839831e-02,1.708913749091467427e-01,-3.700742715863242216e-01,4.769634336696525895e-02
7.843750000000000444e-01,7.961264670581240654e-01,-1.754087407182311209e-01,1.637381991535614978e-01,6.958581183212535493e-01,-8.276746044946149683e-02,1.697389668003040641e-01,-3.674701353425169903e-01,4.738532884709843740e-02
7.875000000000000888e-01,7.955791134430654221e-01,-1.748978297475021482e-01,1.632450890357676210e-01,6.955998427419786134e-01,-8.252902702923689549e-02,1.685946665338446393e-01,-3.648852273856876272e-01,4.707641370194141917e-02
7.906250000000001332e-01,7.950333540196302673e-01,-1.743884572466222471e-01,1.627535774490529163e-01,6.953423111737940809e-01,-8.229129299498505468e-02,1.674584142558033784e-01,-3.623193978869926890e-01,4.676958319842102613e-02
7.937500000000000666e-01,7.944891839878959194e-01,-1.738806182295524472e-01,1.622636584009089500e-01,6.950855214344581201e-01,-8.205425621080458809e-02,1.663301505784912371e-01,-3.597724982567768737e-01,4.646482271140275899e-02
7.968750000000000000e-01,7.939465985634917011e-01,-1.733743077289362500e-01,1.617753259270605648e-01,6.948294713483922358e-01,-8.181791454788464590e-02,1.652098165766398563e-01,-3.572443811336322161e-01,4.616211772286177295e-02
8.000000000000000444e-01,7.934055929775412075e-01,-1.728695207960115332e-01,1.612885740912940458e-01,6.945741587466596201e-01,-8.158226588447767269e-02,1.640973537835802298e-01,-3.547349003735612016e-01,4.586145382106051466e-02
8.031250000000000888e-01,7.928661624766034643e-01,-1.723662525005233426e-01,1.608033969852861733e-01,6.943195814669428367e-01,-8.134730810587202654e-02,1.629927041874551508e-01,-3.522439110392427408e-01,4.556281669973313853e-02
8.062500000000000222e-01,7.923283023226161959e-01,-1.718644979306368226e-01,1.603197887284348033e-01,6.940657373535220609e-01,-8.111303910436498676e-02,1.618958102274651034e-01,-3.497712693893988423e-01,4.526619215727634843e-02
8.093749999999999556e-01,7.917920077928376488e-01,-1.713642521928508966e-01,1.598377434676906128e-01,6.938126242572529856e-01,-8.087945677923562282e-02,1.608066147901467402e-01,-3.473168328682623152e-01,4.497156609594683829e-02
8.125000000000000000e-01,7.912572741797899711e-01,-1.708655104119123913e-01,1.593572553773900391e-01,6.935602400355452835e-01,-8.064655903671803794e-02,1.597250612056848318e-01,-3.448804600951440036e-01,4.467892452106527607e-02
8.156250000000000444e-01,7.907240967912017027e-01,-1.703682677307308546e-01,1.588783186590897456e-01,6.933085825523407353e-01,-8.041434378997461274e-02,1.586510932442562472e-01,-3.424620108540986085e-01,4.438825354022664371e-02
8.187500000000000888e-01,7.901924709499520416e-01,-1.698725193102935960e-01,1.584009275414019202e-01,6.930576496780916917e-01,-8.018280895906937378e-02,1.575846551124061024e-01,-3.400613460836871549e-01,4.409953936251695406e-02
8.218750000000001332e-01,7.896623919940134462e-01,-1.693782603295814482e-01,1.579250762798312113e-01,6.928074392897397571e-01,-7.995195247094151469e-02,1.565256914494557727e-01,-3.376783278668370469e-01,4.381276829773630282e-02
8.250000000000000666e-01,7.891338552763964564e-01,-1.688854859854850288e-01,1.574507591566125242e-01,6.925579492706939178e-01,-7.972177225937909784e-02,1.554741473239425742e-01,-3.353128194207968815e-01,4.352792675562817265e-02
8.281250000000000000e-01,7.886068561650931841e-01,-1.683941914927213346e-01,1.569779704805502607e-01,6.923091775108093371e-01,-7.949226626499272808e-02,1.544299682300904475e-01,-3.329646850871857966e-01,4.324500124511492655e-02
8.312500000000000444e-01,7.880813900430221342e-01,-1.679043720837511133e-01,1.565067045868586693e-01,6.920611219063664832e-01,-7.926343243518951809e-02,1.533931000843117010e-01,-3.306337903221368002e-01,4.296397837353951171e-02
8.343750000000000888e-01,7.875574523079726941e-01,-1.674160230086964296e-01,1.560369558370033882e-01,6.918137803600493685e-01,-7.903526872414710913e-02,1.523634892217397563e-01,-3.283200016865325255e-01,4.268484484591320016e-02
8.375000000000000222e-01,7.870350383725501775e-01,-1.669291395352590912e-01,1.555687186185441828e-01,6.915671507809245666e-01,-7.880777309278777509e-02,1.513410823927915372e-01,-3.260231868363327457e-01,4.240758746416944946e-02
8.406249999999999556e-01,7.865141436641209793e-01,-1.664437169486390755e-01,1.551019873449786812e-01,6.913212310844204511e-01,-7.858094350875270695e-02,1.503258267597605835e-01,-3.237432145129921501e-01,4.213219312642365461e-02
8.437500000000000000e-01,7.859947636247579528e-01,-1.659597505514538995e-01,1.546367564555876928e-01,6.910760191923058793e-01,-7.835477794637639437e-02,1.493176698934396418e-01,-3.214799545339687148e-01,4.185864882623899219e-02
8.468750000000000444e-01,7.854768937111861193e-01,-1.654772356636582675e-01,1.541730204152810813e-01,6.908315130326697640e-01,-7.812927438666113222e-02,1.483165597697729265e-01,-3.192332777833207236e-01,4.158694165189803782e-02
8.500000000000000888e-01,7.849605293947289342e-01,-1.649961676224641904e-01,1.537107737144453312e-01,6.905877105398996463e-01,-7.790443081725166585e-02,1.473224447665375525e-01,-3.170030562023916643e-01,4.131705878568033008e-02
8.531250000000001332e-01,7.844456661612537740e-01,-1.645165417822616050e-01,1.532500108687918638e-01,6.903446096546616007e-01,-7.768024523240986412e-02,1.463352736600539716e-01,-3.147891627805822212e-01,4.104898750314562444e-02
8.562500000000000666e-01,7.839322995111192016e-01,-1.640383535145394367e-01,1.527907264192065739e-01,6.901022083238792515e-01,-7.745671563298971163e-02,1.453549956219250539e-01,-3.125914715462091986e-01,4.078271517242301053e-02
8.625000000000000444e-01,7.829100380344415910e-01,-1.630862712675204274e-01,1.518765709967674904e-01,6.896194961445415439e-01,-7.701161642664129670e-02,1.434149173943190525e-01,-3.082441968937149612e-01,4.025551729758177627e-02
8.687500000000000222e-01,7.818937092553571722e-01,-1.621398841923270828e-01,1.509682642720527046e-01,6.891395577016476981e-01,-7.656911733592981772e-02,1.415018112399258343e-01,-3.039602449073710577e-01,3.973536593088562718e-02
8.750000000000000000e-01,7.808832776929952590e-01,-1.611991558684951753e-01,1.500657634633406623e-01,6.886623767937737339e-01,-7.612920260246330839e-02,1.396152844356362555e-01,-2.997386443017815427e-01,3.922216327865261226e-02
8.812500000000000888e-01,7.798787080932799709e-01,-1.602640501417290642e-01,1.491690261776346393e-01,6.881879373176633674e-01,-7.569185657094940067e-02,1.377549502794380709e-01,-2.955784395654812990e-01,3.871581296199141931e-02
8.875000000000000666e-01,7.788799654272744455e-01,-1.593345311214864890e-01,1.482780104061066917e-01,6.877162232675853026e-01,-7.525706368841873772e-02,1.359204279926836678e-01,-2.914786906882338990e-01,3.821621999538146741e-02
8.937500000000000444e-01,7.778870148895394854e-01,-1.584105631785914792e-01,1.473926745196078303e-01,6.872472187346969630e-01,-7.482480850345550605e-02,1.341113426240463646e-01,-2.874384728933719879e-01,3.772329076559372690e-02
9.000000000000000222e-01,7.768998218965077474e-01,-1.574921109428753796e-01,1.465129772642431716e-01,6.867809079064113309e-01,-7.439507566543505923e-02,1.323273249551341624e-01,-2.834568763750821563e-01,3.723693301094670866e-02
9.062500000000000000e-01,7.759183520848720317e-01,-1.565791393008449939e-01,1.456388777570110649e-01,6.863172750657702270e-01,-7.396784992376874424e-02,1.305680114077302223e-01,-2.795330060405347705e-01,3.675705580089198843e-02
9.125000000000000888e-01,7.749425713099886703e-01,-1.556716133933780943e-01,1.447703354815049470e-01,6.858563045908205869e-01,-7.354311612715544455e-02,1.288330439526302607e-01,-2.756659812567636703e-01,3.628356951592359714e-02
9.187500000000000666e-01,7.739724456442941269e-01,-1.547694986134454387e-01,1.439073102836773144e-01,6.853979809539969548e-01,-7.312085922284014550e-02,1.271220700200472176e-01,-2.718549356022016417e-01,3.581638582780607288e-02
9.250000000000000444e-01,7.730079413757372508e-01,-1.538727606038590989e-01,1.430497623676640906e-01,6.849422887215074196e-01,-7.270106425587929966e-02,1.254347424115545284e-01,-2.680990166227789628e-01,3.535541768011560282e-02
9.312500000000000222e-01,7.720490250062239657e-01,-1.529813652550466585e-01,1.421976522916690577e-01,6.844892125527245463e-01,-7.228371636841277037e-02,1.237707192135397011e-01,-2.643973855924968697e-01,3.490057926908918945e-02
9.375000000000000000e-01,7.710956632500772789e-01,-1.520952787028511111e-01,1.413509409639068515e-01,6.840387371995814147e-01,-7.186880079894254758e-02,1.221296637121408318e-01,-2.607492172783857920e-01,3.445178602477665109e-02
9.437500000000000888e-01,7.701478230325098373e-01,-1.512144673263557115e-01,1.405095896386039100e-01,6.835908475059707667e-01,-7.145630288161800014e-02,1.205112443096383046e-01,-2.571536997097639277e-01,3.400895459249039798e-02
9.500000000000000666e-01,7.692054714881104704e-01,-1.503388977457338349e-01,1.396735599120561833e-01,6.831455284071501488e-01,-7.104620804552756741e-02,1.189151344422756662e-01,-2.536100339517106117e-01,3.357200281454797430e-02
9.562500000000000444e-01,7.682685759593441688e-01,-1.494685368201231490e-01,1.388428137187426858e-01,6.827027649291502742e-01,-7.063850181399683459e-02,1.173410124994831022e-01,-2.501174338826724908e-01,3.314084971230258497e-02
9.625000000000000222e-01,7.673371039950647177e-01,-1.486033516455239623e-01,1.380173133274940900e-01,6.822625421881886032e-01,-7.023316980389308906e-02,1.157885617444784354e-01,-2.466751259761213455e-01,3.271541546845673637e-02
9.687500000000000000e-01,7.664110233490415425e-01,-1.477433095527214413e-01,1.371970213377154413e-01,6.818248453900863648e-01,-6.983019772493602451e-02,1.142574702362200573e-01,-2.432823490861850679e-01,3.229562140965432093e-02
9.750000000000000888e-01,7.654903019784979890e-01,-1.468883781052311155e-01,1.363819006756618324e-01,6.813896598296910190e-01,-6.942957137901464848e-02,1.127474307526876579e-01,-2.399383542371730516e-01,3.188138998934655216e-02
9.812500000000000666e-01,7.645749080426637034e-01,-1.460385250972676408e-01,1.355719145907666734e-01,6.809569708903014940e-01,-6.903127665951039327e-02,1.112581407154663304e-01,-2.366424044169217755e-01,3.147264477092716339e-02
9.875000000000000444e-01,7.636648099013384483e-01,-1.451937185517361562e-01,1.347670266520211435e-01,6.805267640430994192e-01,-6.863529955062619425e-02,1.097893021156105126e-01,-2.333937743738845605e-01,3.106931041113235661e-02
9.937500000000000222e-01,7.627599761134696843e-01,-1.443539267182463448e-01,1.339672007444043800e-01,6.800990248465828003e-01,-6.824162612672160511e-02,1.083406214407646867e-01,-2.301917504178942753e-01,3.067131264370129284e-02
1.000000000000000000e+00,7.618603754357413660e-01,-1.435191180711484216e-01,1.331724010653633494e-01,6.796737389460048018e-01,-6.785024255165389429e-02,1.069118096035179544e-01,-2.270356302245269131e-01,3.027857826329265201e-02
1.006250000000000089e+00,7.609659768211755049e-01,-1.426892613075911864e-01,1.323825921213418744e-01,6.792508920728165256e-01,-6.746113507812487309e-02,1.055025818709702939e-01,-2.239247226429965931e-01,2.989103510965308852e-02
1.012499999999999956e+00,7.600767494177456118e-01,-1.418643253456015330e-01,1.315977387243576491e-01,6.788304700441140094e-01,-6.707429004703363562e-02,1.041126577954887000e-01,-2.208583475075138469e-01,2.950861205203347132e-02
1.018750000000000044e+00,7.591926625670023521e-01,-1.410442793221850510e-01,1.308178059886265232e-01,6.784124587620884439e-01,-6.668969388683493316e-02,1.027417611466313607e-01,-2.178358354520394946e-01,2.913123897384867905e-02
1.025000000000000133e+00,7.583136858027105243e-01,-1.402290925914478070e-01,1.300427593272338311e-01,6.779968442134813866e-01,-6.630733311290330778e-02,1.013896198442197222e-01,-2.148565277283705499e-01,2.875884675757721387e-02
1.031250000000000000e+00,7.574397888494984743e-01,-1.394187347227387463e-01,1.292725644488511572e-01,6.775836124690430839e-01,-6.592719432690280490e-02,1.000559658925368467e-01,-2.119197760274916242e-01,2.839136726989636289e-02
1.037500000000000089e+00,7.565709416215180561e-01,-1.386131754988122189e-01,1.285071873544983423e-01,6.771727496829956783e-01,-6.554926421616205645e-02,9.874053531563223296e-02,-2.090249423041305732e-01,2.802873334704920200e-02
1.043750000000000178e+00,7.557071142211166936e-01,-1.378123849140110435e-01,1.277465943343499832e-01,6.767642420924991908e-01,-6.517352955305520668e-02,9.744306809371378053e-02,-2.061713986044569902e-01,2.767087878043976434e-02
1.050000000000000044e+00,7.548482769375208790e-01,-1.370163331724691125e-01,1.269907519645856464e-01,6.763580760171221673e-01,-6.479997719438790327e-02,9.616330810060655376e-02,-2.033585268968624016e-01,2.731773830245233514e-02
1.056249999999999911e+00,7.539944002455299943e-01,-1.362249906863333415e-01,1.262396271042827978e-01,6.759542378583159872e-01,-6.442859408078881189e-02,9.490100304225970729e-02,-2.005857189057634049e-01,2.696924757249138591e-02
1.062500000000000000e+00,7.531454548042223474e-01,-1.354383280740054929e-01,1.254931868923521432e-01,6.755527140988926149e-01,-6.405936723610645978e-02,9.365590439628306008e-02,-1.978523759483707123e-01,2.662534316323856773e-02
1.068750000000000089e+00,7.523014114556709764e-01,-1.346563161584025115e-01,1.247513987445149214e-01,6.751534913025063478e-01,-6.369228376681122794e-02,9.242776735249474962e-02,-1.951579087743670060e-01,2.628596254712311717e-02
1.074999999999999956e+00,7.514622412236713345e-01,-1.338789259652358177e-01,1.240142303503205951e-01,6.747565561131397827e-01,-6.332733086140264478e-02,9.121635075446167529e-02,-1.925017374084377064e-01,2.595104408300221224e-02
1.081250000000000044e+00,7.506279153124786330e-01,-1.331061287213090860e-01,1.232816496702050513e-01,6.743618952545921141e-01,-6.296449578982168949e-02,9.002141704201549466e-02,-1.898832909956006398e-01,2.562052700304780217e-02
1.087500000000000133e+00,7.497984051055566201e-01,-1.323378958528343696e-01,1.225536249325887422e-01,6.739694955299726509e-01,-6.260376590286825804e-02,8.884273219472692273e-02,-1.873020076492826480e-01,2.529435139983675362e-02
1.093750000000000000e+00,7.489736821643364628e-01,-1.315741989837660997e-01,1.218301246310134062e-01,6.735793438211971074e-01,-6.224512863162368764e-02,8.768006567632076476e-02,-1.847573343020887382e-01,2.497245821364070875e-02
1.100000000000000089e+00,7.481537182269858421e-01,-1.308150099341528205e-01,1.211111175213174379e-01,6.731914270884873375e-01,-6.188857148687802734e-02,8.653319038001545949e-02,-1.822487265592142025e-01,2.465478921991255332e-02
1.106250000000000178e+00,7.473384852071888185e-01,-1.300603007185068272e-01,1.203965726188490487e-01,6.728057323698753978e-01,-6.153408205856256835e-02,8.540188257477086820e-02,-1.797756485544500515e-01,2.434128701696638281e-02
1.112500000000000044e+00,7.465279551929350221e-01,-1.293100435441906504e-01,1.196864591957166046e-01,6.724222467807101644e-01,-6.118164801518696100e-02,8.428592185242780865e-02,-1.773375728087315251e-01,2.403189501384765669e-02
1.118749999999999911e+00,7.457221004453197244e-01,-1.285642108098207781e-01,1.189807467780755468e-01,6.720409575131683910e-01,-6.083125710328122354e-02,8.318509107572387429e-02,-1.749339800911820508e-01,2.372655741839047733e-02
1.125000000000000000e+00,7.449208933973531233e-01,-1.278227751036883630e-01,1.182794051434513105e-01,6.716618518357685419e-01,-6.048289714684252499e-02,8.209917632717014802e-02,-1.725643592826064388e-01,2.342521922545910684e-02
1.131250000000000089e+00,7.441243066527801764e-01,-1.270857092021963342e-01,1.175824043180979661e-01,6.712849170928886222e-01,-6.013655604678673494e-02,8.102796685877364236e-02,-1.702282072413865144e-01,2.312782620537059616e-02
1.137499999999999956e+00,7.433323129849092048e-01,-1.263529860683131889e-01,1.168897145743915122e-01,6.709101407042867837e-01,-5.979222178040450447e-02,7.997125504259021411e-02,-1.679250286717337004e-01,2.283432489249560132e-02
1.143750000000000044e+00,7.425448853354512657e-01,-1.256245788500424398e-01,1.162013064282575309e-01,6.705375101646259273e-01,-5.944988240082201003e-02,7.892883632209372891e-02,-1.656543359942548310e-01,2.254466257403453522e-02
1.150000000000000133e+00,7.417619968133679631e-01,-1.249004608789087423e-01,1.155171506366329814e-01,6.701670130430013028e-01,-5.910952603646631859e-02,7.790050916434738959e-02,-1.634156492187883170e-01,2.225878727896630008e-02
1.156250000000000000e+00,7.409836206937291392e-01,-1.241806056684592735e-01,1.148372181949609827e-01,6.697986369824715513e-01,-5.877114089053519369e-02,7.688607501296251812e-02,-1.612084958194669737e-01,2.197664776716666199e-02
1.162500000000000089e+00,7.402097304165803360e-01,-1.234649869127807109e-01,1.141614803347185264e-01,6.694323696995929662e-01,-5.843471524047134935e-02,7.588533824183124610e-02,-1.590324106119663239e-01,2.169819351869358912e-02
1.168750000000000178e+00,7.394402995858183614e-01,-1.227535784850318085e-01,1.134899085209765263e-01,6.690681989839573074e-01,-5.810023743744122809e-02,7.489810610962018000e-02,-1.568869356328987386e-01,2.142337472323698269e-02
1.175000000000000044e+00,7.386753019680770693e-01,-1.220463544359909613e-01,1.128224744499915499e-01,6.687061126977325021e-01,-5.776769590581803254e-02,7.392418871501083011e-02,-1.547716200213113402e-01,2.115214226972996284e-02
1.181249999999999911e+00,7.379147114916217998e-01,-1.213432889926186337e-01,1.121591500468288732e-01,6.683460987752065652e-01,-5.743707914266914238e-02,7.296339895267421605e-02,-1.526860199022500308e-01,2.088444773611920074e-02
1.187500000000000000e+00,7.371585022452523672e-01,-1.206443565566347464e-01,1.114999074630163428e-01,6.679881452223350724e-01,-5.710837571724779183e-02,7.201555246996702020e-02,-1.506296982723507316e-01,2.062024337929179232e-02
1.193750000000000089e+00,7.364066484772153753e-01,-1.199495317031105263e-01,1.108447190742286870e-01,6.676322401162916309e-01,-5.678157427048904221e-02,7.108046762433657684e-02,-1.486022248874205587e-01,2.035948212515608854e-02
1.200000000000000178e+00,7.356591245941251911e-01,-1.192587891790747590e-01,1.101935574780015109e-01,6.672783716050210145e-01,-5.645666351450984860e-02,7.015796544142219315e-02,-1.466031761519708820e-01,2.010211755887400878e-02
1.206250000000000266e+00,7.349159051598934678e-01,-1.185721039021341572e-01,1.095463954914748378e-01,6.669265279067962959e-01,-5.613363223211335212e-02,6.924786957384089503e-02,-1.446321350106678227e-01,1.984810391524243281e-02
1.212500000000000133e+00,7.341769648946674387e-01,-1.178894509591078832e-01,1.089032061491655712e-01,6.665766973097785320e-01,-5.581246927629727322e-02,6.835000626064591245e-02,-1.426886908416631627e-01,1.959739606922132615e-02
1.218750000000000000e+00,7.334422786737762046e-01,-1.172108056046757829e-01,1.082639627007683930e-01,6.662288681715793359e-01,-5.549316356976628090e-02,6.746420428744573372e-02,-1.407724393517718886e-01,1.934994952660614581e-02
1.225000000000000089e+00,7.327118215266862356e-01,-1.165361432600403174e-01,1.076286386089849584e-01,6.658830289188265583e-01,-5.517570410444852524e-02,6.659029494717293163e-02,-1.388829824734620355e-01,1.910572041484232333e-02
1.231250000000000178e+00,7.319855686359644231e-01,-1.158654395116020391e-01,1.069972075473805684e-01,6.655391680467339643e-01,-5.486007994101606278e-02,6.572811200149110411e-02,-1.370199282636234694e-01,1.886466547397952498e-02
1.237500000000000044e+00,7.312634953362501244e-01,-1.151986701096483073e-01,1.063696433982681405e-01,6.651972741186722438e-01,-5.454628020840922992e-02,6.487749164282902159e-02,-1.351828908040826061e-01,1.862674204776340950e-02
1.243749999999999911e+00,7.305455771132342013e-01,-1.145358109670550906e-01,1.057459202506190049e-01,6.648573357657440175e-01,-5.423429410336493006e-02,6.403827245703107296e-02,-1.333714901038312028e-01,1.839190807486273949e-02
1.250000000000000000e+00,7.298317896026476070e-01,-1.138768381580018418e-01,1.051260123980000266e-01,6.645193416863617308e-01,-5.392411088994875090e-02,6.321029538661376845e-02,-1.315853520029380552e-01,1.816012208022967783e-02
1.256250000000000089e+00,7.291221085892568565e-01,-1.132217279166992385e-01,1.045098943365370403e-01,6.641832806458284333e-01,-5.361571989909100916e-02,6.239340369461742614e-02,-1.298241080781122603e-01,1.793134316659121541e-02
1.262500000000000178e+00,7.284165100058677123e-01,-1.125704566361293707e-01,1.038975407629035286e-01,6.638491414759207787e-01,-5.330911052812641049e-02,6.158744292904307083e-02,-1.280873955498879613e-01,1.770553100606945401e-02
1.268750000000000266e+00,7.277149699323369747e-01,-1.119230008667985998e-01,1.032889265723348216e-01,6.635169130744759114e-01,-5.300427224033761597e-02,6.079226088786438692e-02,-1.263748571914010688e-01,1.748264583192894739e-02
1.275000000000000133e+00,7.270174645945919334e-01,-1.112793373155027132e-01,1.026840268566670406e-01,6.631865844049805725e-01,-5.270119456450239603e-02,6.000770758460500370e-02,-1.246861412387288010e-01,1.726264843044888336e-02
1.281250000000000000e+00,7.263239703636568123e-01,-1.106394428441041106e-01,1.020828169024005361e-01,6.628581444961632041e-01,-5.239986709444450358e-02,5.923363521447120444e-02,-1.230209013027634551e-01,1.704550013291821278e-02
1.287500000000000089e+00,7.256344637546879861e-01,-1.100032944683212444e-01,1.014852721887875148e-01,6.625315824415884958e-01,-5.210027948858819702e-02,5.846989812103087214e-02,-1.213787962825926270e-01,1.683116280775179274e-02
1.293750000000000178e+00,7.249489214260159686e-01,-1.093708693565298845e-01,1.008913683859434252e-01,6.622068873992555949e-01,-5.180242146951635068e-02,5.771635276342912402e-02,-1.197594902803585520e-01,1.661959885272560125e-02
1.300000000000000044e+00,7.242673201781947290e-01,-1.087421448285759568e-01,1.003010813529817274e-01,6.618840485911977600e-01,-5.150628282353209714e-02,5.697285768413145463e-02,-1.181626525175693554e-01,1.641077118732910817e-02
1.306249999999999911e+00,7.235896369530592231e-01,-1.081170983546000802e-01,9.971438713617164495e-02,6.615630553030863448e-01,-5.121185340022399446e-02,5.623927347718547104e-02,-1.165879572528358554e-01,1.620464324523298444e-02
1.312500000000000000e+00,7.229158488327891430e-01,-1.074957075538735818e-01,9.913126196711875837e-02,6.612438968838355580e-01,-5.091912311203471847e-02,5.551546275699244248e-02,-1.150350837010087751e-01,1.600117896687034552e-02
1.318750000000000089e+00,7.222459330389808807e-01,-1.068779501936458071e-01,9.855168226096805428e-02,6.609265627452121095e-01,-5.062808193383323135e-02,5.480129012757998380e-02,-1.135037159536903817e-01,1.580034279212973181e-02
1.325000000000000178e+00,7.215798669317258218e-01,-1.062638041880024781e-01,9.797562461462883121e-02,6.606110423614454108e-01,-5.033871990249027401e-02,5.409662215236715754e-02,-1.119935429010955746e-01,1.560209965315799419e-02
1.331250000000000266e+00,7.209176280086967425e-01,-1.056532475967352086e-01,9.740306580502144929e-02,6.602973252688418837e-01,-5.005102711645734170e-02,5.340132732441388308e-02,-1.105042581552386494e-01,1.540641496727143504e-02
1.337500000000000133e+00,7.202591939042400915e-01,-1.050462586242218582e-01,9.683398278734549336e-02,6.599854010654013781e-01,-4.976499373534896964e-02,5.271527603714638160e-02,-1.090355599744214504e-01,1.521325462997349595e-02
1.343750000000000000e+00,7.196045423884759318e-01,-1.044428156183175582e-01,9.626835269336898870e-02,6.596752594104359213e-01,-4.948060997952832135e-02,5.203834055555043442e-02,-1.075871511889994192e-01,1.502258500807722962e-02
1.350000000000000089e+00,7.189536513664049888e-01,-1.038428970692565623e-01,9.570615282973846116e-02,6.593668900241916875e-01,-4.919786612969612866e-02,5.137039498782481478e-02,-1.061587391284028459e-01,1.483437293293103296e-02
1.356250000000000178e+00,7.183064988770215820e-01,-1.032464816085644499e-01,9.514736067630945315e-02,6.590602826874727427e-01,-4.891675252648283040e-02,5.071131525748693442e-02,-1.047500355493906632e-01,1.464858569374593786e-02
1.362500000000000044e+00,7.176630630924347720e-01,-1.026535480079807522e-01,9.459195388449725961e-02,6.587554272412682321e-01,-4.863725957004397943e-02,5.006097907592306495e-02,-1.033607565655144528e-01,1.446519103102287575e-02
1.368749999999999911e+00,7.170233223169942827e-01,-1.020640751783916944e-01,9.403991027564739813e-02,6.584523135863813437e-01,-4.835937771965877902e-02,4.941926591537566804e-02,-1.019906225777710423e-01,1.428415713007833918e-02
1.375000000000000000e+00,7.163872549864251926e-01,-1.014780421687733192e-01,9.349120783942591051e-02,6.581509316830608247e-01,-4.808309749333182503e-02,4.878605698236054139e-02,-1.006393582064227799e-01,1.410545261466696065e-02
1.381250000000000089e+00,7.157548396669672908e-01,-1.008954281651443935e-01,9.294582473222887109e-02,6.578512715506356079e-01,-4.780840946739802616e-02,4.816123519150655036e-02,-9.930669222396430740e-02,1.392904654069944057e-02
1.387500000000000178e+00,7.151260550545225358e-01,-1.003162124895292800e-01,9.240373927561092160e-02,6.575533232671511019e-01,-4.753530427613051473e-02,4.754468513981065930e-02,-9.799235748921514277e-02,1.375490839005430108e-02
1.393750000000000266e+00,7.145008799738076233e-01,-9.974037459893052293e-02,9.186492995473252710e-02,6.572570769690087022e-01,-4.726377261135172869e-02,4.693629308130145561e-02,-9.669609088251843176e-02,1.358300806448207998e-02
1.400000000000000133e+00,7.138792933775141014e-01,-9.916789408431120334e-02,9.132937541682591143e-02,6.569625228506069670e-01,-4.699380522204745642e-02,4.633594690210436629e-02,-9.541763324202597041e-02,1.341331587960046569e-02
1.406250000000000000e+00,7.132612743454738169e-01,-9.859875066958660728e-02,9.079705446967892279e-02,6.566696511639854572e-01,-4.672539291398394856e-02,4.574353609590160047e-02,-9.415672930105001281e-02,1.324580255897895090e-02
1.412500000000000089e+00,7.126468020838311324e-01,-9.803292421062555217e-02,9.026794608013712085e-02,6.563784522184715753e-01,-4.645852654932800668e-02,4.515895173978044796e-02,-9.291312762646319889e-02,1.308043922831165183e-02
1.418750000000000178e+00,7.120358559242218055e-01,-9.747039469426087288e-02,8.974202937262351631e-02,6.560889163803286239e-01,-4.619319704626999312e-02,4.458208647046343898e-02,-9.168658055812793639e-02,1.291719740967689316e-02
1.425000000000000044e+00,7.114284153229569752e-01,-9.691114223730917798e-02,8.921928362767569953e-02,6.558010340724075293e-01,-4.592939537864982463e-02,4.401283446091372453e-02,-9.047684414933669650e-02,1.275604901588218813e-02
1.431249999999999911e+00,7.108244598602140307e-01,-9.635514708559955732e-02,8.869968828050014964e-02,6.555147957737991193e-01,-4.566711257558577625e-02,4.345109139730963382e-02,-8.928367810824551498e-02,1.259696634489330773e-02
1.437500000000000000e+00,7.102239692392331438e-01,-9.580238961301149048e-02,8.818322291954354408e-02,6.552301920194911755e-01,-4.540633972110624111e-02,4.289675445638231610e-02,-8.810684574028328220e-02,1.243992207434613598e-02
1.443750000000000089e+00,7.096269232855204612e-01,-9.525285032052144274e-02,8.766986728508095739e-02,6.549472134000251522e-01,-4.514706795378430754e-02,4.234972228311025683e-02,-8.694611389151957193e-02,1.228488925614004169e-02
1.450000000000000178e+00,7.090333019460558495e-01,-9.470650983525839839e-02,8.715960126782018591e-02,6.546658505611570034e-01,-4.488928846637513237e-02,4.180989496876477002e-02,-8.580125289297353686e-02,1.213184131111143607e-02
1.456250000000000266e+00,7.084430852885080787e-01,-9.416334890956783166e-02,8.665240490752267044e-02,6.543860942035198969e-01,-4.463299250545613855e-02,4.127717402930068669e-02,-8.467203650584802233e-02,1.198075202378633651e-02
1.462500000000000133e+00,7.078562535004547795e-01,-9.362334842008453173e-02,8.614825839164017007e-02,6.541079350822881500e-01,-4.437817137106993270e-02,4.075146238408650784e-02,-8.355824186767225881e-02,1.183159553721069637e-02
1.468750000000000000e+00,7.072727868886088398e-01,-9.308648936681367114e-02,8.564714205396739555e-02,6.538313640068450505e-01,-4.412481641636997742e-02,4.023266433496826278e-02,-8.245964943933699332e-02,1.168434634785727247e-02
1.475000000000000089e+00,7.066926658780496862e-01,-9.255275287222029801e-02,8.514903637331013020e-02,6.535563718404514555e-01,-4.387291904726901837e-02,3.972068554566179910e-02,-8.137604295300673862e-02,1.153897930060787669e-02
1.481250000000000178e+00,7.061158710114608938e-01,-9.202212018032730756e-02,8.465392197216881076e-02,6.532829494999172759e-01,-4.362247072209014115e-02,3.921543302146784926e-02,-8.030720936089370821e-02,1.139546958380985298e-02
1.487500000000000044e+00,7.055423829483739029e-01,-9.149457265582125465e-02,8.416177961543708230e-02,6.530110879552749603e-01,-4.337346295122052747e-02,3.871681508930460008e-02,-7.925293878487786603e-02,1.125379272440557576e-02
1.493749999999999911e+00,7.049721824644155088e-01,-9.097009178316649292e-02,8.367259020911538281e-02,6.527407782294555316e-01,-4.312588729676781335e-02,3.822474137805247085e-02,-7.821302446695876931e-02,1.111392458313389259e-02
1.500000000000000000e+00,7.044052504505629031e-01,-9.044865916572716880e-02,8.318633479903919659e-02,6.524720113979658453e-01,-4.287973537221907022e-02,3.773912279920613871e-02,-7.718726272052459092e-02,1.097584134980240586e-02
1.506250000000000089e+00,7.038415679124028212e-01,-8.993025652489736177e-02,8.270299456962193485e-02,6.522047785885688453e-01,-4.263499884210241592e-02,3.725987152782856554e-02,-7.617545288242397183e-02,1.083951953862947841e-02
1.512500000000000178e+00,7.032811159693967973e-01,-8.941486569923867700e-02,8.222255084261195779e-02,6.519390709809654849e-01,-4.239166942165115137e-02,3.678690098380202333e-02,-7.517739726582652049e-02,1.070493598365488373e-02
1.518750000000000266e+00,7.027238758541514141e-01,-8.890246864362585932e-02,8.174498507586380747e-02,6.516748798064790904e-01,-4.214973887647041617e-02,3.632012581337144830e-02,-7.419290111385846986e-02,1.057206783421806538e-02
1.525000000000000133e+00,7.021698289116938829e-01,-8.839304742839990126e-02,8.127027886212336016e-02,6.514121963477411681e-01,-4.190919902220640453e-02,3.585946187097505122e-02,-7.322177255399997531e-02,1.044089255050295942e-02
1.531250000000000000e+00,7.016189565987535071e-01,-8.788658423852867274e-02,8.079841392782662057e-02,6.511510119383802087e-01,-4.167004172421805153e-02,3.540482620135768088e-02,-7.226382255323059167e-02,1.031138789914833910e-02
1.537500000000000089e+00,7.010712404830469202e-01,-8.738306137277516983e-02,8.032937213191214398e-02,6.508913179627113799e-01,-4.143225889725119654e-02,3.495613702196220113e-02,-7.131886487391016216e-02,1.018353194892270344e-02
1.543750000000000178e+00,7.005266622425704304e-01,-8.688246124287303529e-02,7.986313546464680890e-02,6.506331058554295499e-01,-4.119584250511522383e-02,3.451331370559439921e-02,-7.038671603038240687e-02,1.005730306646272082e-02
1.550000000000000044e+00,6.999852036648962494e-01,-8.638476637270936509e-02,7.939968604646469030e-02,6.503763671013029768e-01,-4.096078456036206933e-02,3.407627676335680394e-02,-6.946719524628834630e-02,9.932679912074207640e-03
1.556249999999999911e+00,6.994468466464733858e-01,-8.588995939751473130e-02,7.893900612681892248e-02,6.501210932348701066e-01,-4.072707712396766294e-02,3.364494782784712562e-02,-6.856012441257750001e-02,9.809641435594719169e-03
1.562500000000000000e+00,6.989115731919351981e-01,-8.539802306306039370e-02,7.848107808304638500e-02,6.498672758401378147e-01,-4.049471230501574398e-02,3.321924963661705005e-02,-6.766532804620485619e-02,9.688166872316826203e-03
1.568750000000000089e+00,6.983793654134107243e-01,-8.490894022486260295e-02,7.802588441924508678e-02,6.496149065502817566e-01,-4.026368226038409825e-02,3.279910601588702929e-02,-6.678263324950178825e-02,9.568235738971118259e-03
1.575000000000000178e+00,6.978502055298406725e-01,-8.442269384739371774e-02,7.757340776516392922e-02,6.493639770473482731e-01,-4.003397919443301561e-02,3.238444186451287093e-02,-6.591186967020890020e-02,9.449827829768015636e-03
1.581250000000000266e+00,6.973240758662997418e-01,-8.393926700330038571e-02,7.712363087510477888e-02,6.491144790619590710e-01,-3.980559535869617610e-02,3.197518313820016389e-02,-6.505286946215989297e-02,9.332923212497519494e-03
1.587500000000000133e+00,6.968009588533223830e-01,-8.345864287262846903e-02,7.667653662683665550e-02,6.488664043730172359e-01,-3.957852305157376349e-02,3.157125683396239113e-02,-6.420546724660494697e-02,9.217502224686003123e-03
1.593750000000000000e+00,6.962808370262342228e-01,-8.298080474205474233e-02,7.623210802052192425e-02,6.486197448074151328e-01,-3.935275461802786867e-02,3.117259097481876046e-02,-6.336950007416262964e-02,9.103545469809149263e-03
1.600000000000000089e+00,6.957636930244878171e-01,-8.250573600412521025e-02,7.579032817765420094e-02,6.483744922397443045e-01,-3.912828244928018284e-02,3.077911459472798192e-02,-6.254480738738966983e-02,8.991033813560226837e-03
1.606250000000000178e+00,6.952495095910035117e-01,-8.203342015650018360e-02,7.535118034000808096e-02,6.481306385920072577e-01,-3.890509898251189730e-02,3.039075772375404022e-02,-6.173123098395805197e-02,8.879948380172839745e-03
1.612500000000000044e+00,6.947382695715148548e-01,-8.156384080120571145e-02,7.491464786860012326e-02,6.478881758333318031e-01,-3.868319670056583059e-02,3.000745137346023939e-02,-6.092861498042857066e-02,8.770270548797292481e-03
1.618749999999999911e+00,6.942299559139183396e-01,-8.109698164389148034e-02,7.448071424266128338e-02,6.476470959796853943e-01,-3.846256813165069982e-02,2.962912752252778309e-02,-6.013680577661111026e-02,8.661981949929790231e-03
1.625000000000000000e+00,6.937245516676281420e-01,-8.063282649309524985e-02,7.404936305862051815e-02,6.474073910935935761e-01,-3.824320584904766090e-02,2.925571910259536917e-02,-5.935565202050147732e-02,8.555064461893665054e-03
1.631250000000000089e+00,6.932220399829358559e-01,-8.017135925951346387e-02,7.362057802909943716e-02,6.471690532838586529e-01,-3.802510247081893752e-02,2.888715998431614501e-02,-5.858500457378489762e-02,8.449500207371840599e-03
1.637500000000000178e+00,6.927224041103735575e-01,-7.971256395527819005e-02,7.319434298191779265e-02,6.469320747052810239e-01,-3.780825065951860797e-02,2.852338496362846754e-02,-5.782471647789636654e-02,8.345271549989737372e-03
1.643750000000000266e+00,6.922256274000823106e-01,-7.925642469324019335e-02,7.277064185910972482e-02,6.466964475583816263e-01,-3.759264312190550850e-02,2.816432974823709565e-02,-5.707464292062860295e-02,8.242361090947865690e-03
1.650000000000000133e+00,6.917316933011852242e-01,-7.880292568625814342e-02,7.234945871595060973e-02,6.464621640891269339e-01,-3.737827260865823897e-02,2.780993094430143919e-02,-5.633464120327819763e-02,8.140751665703369055e-03
1.656250000000000000e+00,6.912405853611642836e-01,-7.835205124649383124e-02,7.193077771999432934e-02,6.462292165886549533e-01,-3.716513191409223649e-02,2.746012604332737778e-02,-5.560457070832056786e-02,8.040426340699735608e-03
1.662500000000000089e+00,6.907522872252418455e-01,-7.790378578471345017e-02,7.151458315012086675e-02,6.459975973930037751e-01,-3.695321387587893747e-02,2.711485340925960663e-02,-5.488429286760514864e-02,7.941368410144001092e-03
1.668750000000000178e+00,6.902667826357665737e-01,-7.745811380959483072e-02,7.110085939559421253e-02,6.457672988828412342e-01,-3.674251137476695905e-02,2.677405226577111649e-02,-5.417367113106168891e-02,7.843561392830688747e-03
1.675000000000000044e+00,6.897840554316040373e-01,-7.701501992704032351e-02,7.068959095513006885e-02,6.455383134831964576e-01,-3.653301733430535519e-02,2.643766268374664677e-02,-5.347257093590898624e-02,7.746989029011782692e-03
1.681249999999999911e+00,6.893040895475306407e-01,-7.657448883949567742e-02,7.028076243597367045e-02,6.453106336631937445e-01,-3.632472472056878093e-02,2.610562556895705197e-02,-5.278085967635758047e-02,7.651635277312042634e-03
1.687500000000000000e+00,6.888268690136325478e-01,-7.613650534527456604e-02,6.987435855298725074e-02,6.450842519357866678e-01,-3.611762654188475918e-02,2.577788264992152134e-02,-5.209840667379819767e-02,7.557484311688987717e-03
1.693750000000000089e+00,6.883523779547087162e-01,-7.570105433788887339e-02,6.947036412774736103e-02,6.448591608574959499e-01,-3.591171584856286264e-02,2.545437646595465411e-02,-5.142508314746756931e-02,7.464520518436871220e-03
1.700000000000000178e+00,6.878806005896777043e-01,-7.526812080538443361e-02,6.906876408765148800e-02,6.446353530281470068e-01,-3.570698573262588715e-02,2.513505035539533722e-02,-5.076076218558346620e-02,7.372728493233961754e-03
1.706250000000000266e+00,6.874115212309894751e-01,-7.483768982968250216e-02,6.866954346503421902e-02,6.444128210906107102e-01,-3.550342932754291247e-02,2.481984844401460832e-02,-5.010531871694129391e-02,7.282093038232503868e-03
1.712500000000000133e+00,6.869451242840398653e-01,-7.440974658592655611e-02,6.827268739629266392e-02,6.441915577305448171e-01,-3.530103980796433366e-02,2.450871563359964533e-02,-4.945862948296426281e-02,7.192599159190707532e-03
1.718750000000000000e+00,6.864813942465907148e-01,-7.398427634183467327e-02,6.787818112102099455e-02,6.439715556761375082e-01,-3.509981038945877291e-02,2.420159759071098191e-02,-4.882057301019947920e-02,7.104232062646120317e-03
1.725000000000000089e+00,6.860203157081929959e-01,-7.356126445705718497e-02,6.748600998115410199e-02,6.437528076978523695e-01,-3.489973432825190652e-02,2.389844073561032609e-02,-4.819102958325267166e-02,7.016977153129790729e-03
1.731250000000000178e+00,6.855618733496140482e-01,-7.314069638253974104e-02,6.709615942012014944e-02,6.435353066081754836e-01,-3.470080492096715846e-02,2.359919223135615099e-02,-4.756988121815397541e-02,6.930820030420591256e-03
1.737500000000000044e+00,6.851060519422692563e-01,-7.272255765989160681e-02,6.670861498200195139e-02,6.433190452613631871e-01,-3.450301550436823267e-02,2.330379997306440687e-02,-4.695701163614753038e-02,6.845746486839079242e-03
1.743749999999999911e+00,6.846528363476575008e-01,-7.230683392075910876e-02,6.632336231070699861e-02,6.431040165531923813e-01,-3.430635945510348422e-02,2.301221257733173514e-02,-4.635230623789786397e-02,6.761742504580334386e-03
1.750000000000000000e+00,6.842022115167996077e-01,-7.189351088620435370e-02,6.594038714914608745e-02,6.428902134207119534e-01,-3.411083018945215012e-02,2.272437937181864126e-02,-4.575565207810609186e-02,6.678794253085176998e-03
1.756250000000000089e+00,6.837541624896824599e-01,-7.148257436608898563e-02,6.555967533842058104e-02,6.426776288419957517e-01,-3.391642116307240495e-02,2.244025038499006253e-02,-4.516693784052903948e-02,6.596888086449198031e-03
1.762500000000000178e+00,6.833086743947051067e-01,-7.107401025846304954e-02,6.518121281701778902e-02,6.424662558358975595e-01,-3.372312587075110973e-02,2.215977633601077385e-02,-4.458605381339448420e-02,6.516010540869008466e-03
1.768750000000000266e+00,6.828657324481297586e-01,-7.066780454895874031e-02,6.480498562001478502e-02,6.422560874618069571e-01,-3.353093784615548273e-02,2.188290862479325832e-02,-4.401289186520596780e-02,6.436148332125184168e-03
1.775000000000000133e+00,6.824253219535365567e-01,-7.026394331018928630e-02,6.443097987829031481e-02,6.420471168194072931e-01,-3.333985066158642180e-02,2.160959932219562105e-02,-4.344734542093066365e-02,6.357288353101343305e-03
1.781250000000000000e+00,6.819874283012813398e-01,-6.986241270115252366e-02,6.405918181774478137e-02,6.418393370484347660e-01,-3.314985792773361695e-02,2.133980116036706537e-02,-4.288930943856388012e-02,6.279417671338804671e-03
1.787500000000000089e+00,6.815520369679576307e-01,-6.946319896663949445e-02,6.368957775852820968e-02,6.416327413284398373e-01,-3.296095329343241842e-02,2.107346752323878414e-02,-4.233868038606398293e-02,6.202523526626318659e-03
1.793750000000000178e+00,6.811191335158628402e-01,-6.906628843664777695e-02,6.332215411427601082e-02,6.414273228785487557e-01,-3.277313044542239096e-02,2.081055243715781988e-02,-4.179535621865155398e-02,6.126593328624346108e-03
1.800000000000000044e+00,6.806887035924670259e-01,-6.867166752579959010e-02,6.295689739135253149e-02,6.412230749572279676e-01,-3.258638310810763050e-02,2.055101056166167006e-02,-4.125923635646663867e-02,6.051614654523336002e-03
1.806249999999999911e+00,6.802607329298855365e-01,-6.827932273276449138e-02,6.259379418810223639e-02,6.410199908620495268e-01,-3.240070504331865608e-02,2.029479718039142039e-02,-4.073022166257819765e-02,5.977575246735525837e-03
1.812500000000000000e+00,6.798352073443564292e-01,-6.788924063968689027e-02,6.223283119410846081e-02,6.408180639294573933e-01,-3.221609005007611964e-02,2.004186819214127946e-02,-4.020821442133998974e-02,5.904463010619771975e-03
1.818750000000000089e+00,6.794121127357194423e-01,-6.750140791161811371e-02,6.187399518945970595e-02,6.406172875345360618e-01,-3.203253196435610489e-02,1.979218010204231507e-02,-3.969311831708705052e-02,5.832266012238901745e-03
1.825000000000000178e+00,6.789914350869007409e-01,-6.711581129595299566e-02,6.151727304402315744e-02,6.404176550907806353e-01,-3.185002465885704986e-02,1.954569001287823418e-02,-3.918483841316713207e-02,5.760972476149090263e-03
1.831250000000000266e+00,6.785731604633987724e-01,-6.673243762187103245e-02,6.116265171672560091e-02,6.402191600498672308e-01,-3.166856204276839032e-02,1.930235561653125334e-02,-3.868328113130152512e-02,5.690570783220819627e-03
1.837500000000000133e+00,6.781572750127760063e-01,-6.635127379978193740e-02,6.081011825484149841e-02,6.400217959014264935e-01,-3.148813806154073663e-02,1.906213518555589445e-02,-3.818835423126996226e-02,5.621049468490932170e-03
1.843750000000000000e+00,6.777437649641521178e-01,-6.597230682077571962e-02,6.045965979328811468e-02,6.398255561728170004e-01,-3.130874669665771604e-02,1.882498756487877012e-02,-3.769996679091404401e-02,5.552397219045304179e-03
1.850000000000000089e+00,6.773326166277017224e-01,-6.559552375607707875e-02,6.011126355392771431e-02,6.396304344289013288e-01,-3.113038196540937261e-02,1.859087216362237741e-02,-3.721802918645408798e-02,5.484602871931717680e-03
1.856250000000000178e+00,6.769238163941556641e-01,-6.522091175650422679e-02,5.976491684487673928e-02,6.394364242718222346e-01,-3.095303792066721876e-02,1.835974894705095367e-02,-3.674245307311426595e-02,5.417655412102459316e-03
1.862500000000000044e+00,6.765173507343044124e-01,-6.484845805193183155e-02,5.942060705982168262e-02,6.392435193407819405e-01,-3.077670865066076816e-02,1.813157842863644467e-02,-3.627315136605070017e-02,5.351543970386208292e-03
1.868749999999999911e+00,6.761132061985062336e-01,-6.447814995075841493e-02,5.907832167734178297e-02,6.390517133118209792e-01,-3.060138827875565418e-02,1.790632166224273222e-02,-3.581003822157775851e-02,5.286257821488771907e-03
1.875000000000000000e+00,6.757113694161979156e-01,-6.410997483937778962e-02,5.873804826023846376e-02,6.388609998975997017e-01,-3.042707096323332000e-02,1.768394023442631385e-02,-3.535302901868764974e-02,5.221786382022275755e-03
1.881250000000000089e+00,6.753118270954088231e-01,-6.374392018165483953e-02,5.839977445487128105e-02,6.386713728471807849e-01,-3.025375089707223533e-02,1.746439625685158523e-02,-3.490204034085839929e-02,5.158119208562350622e-03
1.887500000000000178e+00,6.749145660222786169e-01,-6.337997351840528315e-02,5.806348799050040088e-02,6.384828259458126265e-01,-3.008142230773058756e-02,1.724765235881888653e-02,-3.445698995814543836e-02,5.095245995732914507e-03
1.893750000000000266e+00,6.745195730605776374e-01,-6.301812246687960029e-02,5.772917667863552288e-02,6.382953530147150722e-01,-2.991007945693052381e-02,1.703367167990364056e-02,-3.401779680955232393e-02,5.033156574318146427e-03
1.900000000000000133e+00,6.741268351512307300e-01,-6.265835472025099717e-02,5.739682841239114597e-02,6.381089479108658091e-01,-2.973971664044387092e-02,1.682241786270480613e-02,-3.358438098567586433e-02,4.971840909401250425e-03
1.906250000000000000e+00,6.737363393118446231e-01,-6.230065804710731986e-02,5.706643116584811382e-02,6.379236045267876465e-01,-2.957032818787932310e-02,1.661385504570092597e-02,-3.315666371162121623e-02,4.911289098529607322e-03
1.912500000000000089e+00,6.733480726362379709e-01,-6.194502029094707540e-02,5.673797299342134282e-02,6.377393167903385729e-01,-2.940190846247111092e-02,1.640794785621217319e-02,-3.273456733018251241e-02,4.851491369905930849e-03
1.918750000000000178e+00,6.729620222939747265e-01,-6.159142936967924864e-02,5.641144202923375345e-02,6.375560786645017020e-01,-2.923445186086915878e-02,1.620466140346667888e-02,-3.231801528528482209e-02,4.792438080605053441e-03
1.925000000000000044e+00,6.725781755299009568e-01,-6.123987327512710882e-02,5.608682648649614827e-02,6.373738841471771055e-01,-2.906795281293063360e-02,1.600396127176952413e-02,-3.190693210568290583e-02,4.734119714815942723e-03
1.931249999999999911e+00,6.721965196636837669e-01,-6.089034007253579101e-02,5.576411465689311286e-02,6.371927272709752010e-01,-2.890240578151293677e-02,1.580581351377282132e-02,-3.150124338891278214e-02,4.676526882108587857e-03
1.937500000000000000e+00,6.718170420893544437e-01,-6.054281790008372854e-02,5.544329490997484261e-02,6.370126021030106944e-01,-2.873780526226816026e-02,1.561018464384535641e-02,-3.110087578549198747e-02,4.619650315725405340e-03
1.943750000000000089e+00,6.714397302748540408e-01,-6.019729496839795746e-02,5.512435569255479811e-02,6.368335027446987429e-01,-2.857414578343891662e-02,1.541704163154019452e-02,-3.070575698336440798e-02,4.563480870896783476e-03
1.950000000000000178e+00,6.710645717615819628e-01,-5.985375956007301518e-02,5.480728552811311993e-02,6.366554233315516731e-01,-2.841142190565558098e-02,1.522635189515873441e-02,-3.031581569258568268e-02,4.508009523180414244e-03
1.956250000000000266e+00,6.706915541639479894e-01,-5.951220002919364177e-02,5.449207301620571930e-02,6.364783580329769208e-01,-2.824962822173490706e-02,1.503808329540974771e-02,-2.993098163024535477e-02,4.453227366824070825e-03
1.962500000000000133e+00,6.703206651689262996e-01,-5.917260480086115881e-02,5.417870683187905878e-02,6.363023010520771905e-01,-2.808875935648004821e-02,1.485220412916194929e-02,-2.955118550562189569e-02,4.399125613151484704e-03
1.968750000000000000e+00,6.699518925356137133e-01,-5.883496237072341484e-02,5.386717572509040070e-02,6.361272466254502822e-01,-2.792880996648190381e-02,1.466868312328857213e-02,-2.917635900556674045e-02,4.345695588970977137e-03
1.975000000000000089e+00,6.695852240947900436e-01,-5.849926130450845002e-02,5.355746852013366921e-02,6.359531890229916939e-01,-2.776977473992185350e-02,1.448748942860265607e-02,-2.880643478011379877e-02,4.292928735006515395e-03
1.981250000000000178e+00,6.692206477484815563e-01,-5.816549023756164422e-02,5.324957411507067612e-02,6.357801225476976681e-01,-2.761164839637585480e-02,1.430859261388154127e-02,-2.844134642831066054e-02,4.240816604350884124e-03
1.987500000000000044e+00,6.688581514695269847e-01,-5.783363787438645931e-02,5.294348148116772429e-02,6.356080415354693480e-01,-2.745442568661981067e-02,1.413196265997924798e-02,-2.808102848426788714e-02,4.189350860940606672e-03
1.993749999999999911e+00,6.684977233011473174e-01,-5.750369298818858860e-02,5.263917966233749163e-02,6.354369403549184891e-01,-2.729810139243629696e-02,1.395756995402533916e-02,-2.772541640342294361e-02,4.138523278052329279e-03
2.000000000000000000e+00,6.681393513565171416e-01,-5.717564442042370743e-02,5.233665777458620244e-02,6.352668134071745021e-01,-2.714267032642261879e-02,1.378538528370902919e-02,-2.737444654901528829e-02,4.088325736820358491e-03
2.006250000000000089e+00,6.677830238183400935e-01,-5.684948108034859615e-02,5.203590500546600300e-02,6.350976551256920510e-01,-2.698812733180014703e-02,1.361537983164714735e-02,-2.702805617876924069e-02,4.038750224775025655e-03
2.012500000000000178e+00,6.674287289384263078e-01,-5.652519194457568397e-02,5.173691061353236087e-02,6.349294599760607616e-01,-2.683446728222494554e-02,1.344752516983467421e-02,-2.668618343178114083e-02,3.989788834401571463e-03
2.018749999999999822e+00,6.670764550372724200e-01,-5.620276605663093034e-02,5.143966392780664754e-02,6.347622224558149284e-01,-2.668168508159969934e-02,1.328179325417664161e-02,-2.634876731560769486e-02,3.941433761719277326e-03
2.024999999999999911e+00,6.667261905036453440e-01,-5.588219252651505098e-02,5.114415434724355752e-02,6.345959370942456657e-01,-2.652977566388685024e-02,1.311815641910003480e-02,-2.601574769355207220e-02,3.893677304880504425e-03
2.031250000000000000e+00,6.663779237941677147e-01,-5.556346053026817861e-02,5.085037134020369692e-02,6.344305984522131681e-01,-2.637873399292312016e-02,1.295658737224467637e-02,-2.568706527214487806e-02,3.846511862789419711e-03
2.037500000000000089e+00,6.660316434329069946e-01,-5.524655930953766003e-02,5.055830444393086265e-02,6.342662011219610818e-01,-2.622855506223515862e-02,1.279705918923162641e-02,-2.536266158881647637e-02,3.799929933740038047e-03
2.043750000000000178e+00,6.656873380109659122e-01,-5.493147817114914233e-02,5.026794326403424829e-02,6.341027397269308752e-01,-2.607923389485649474e-02,1.263954530850810477e-02,-2.504247899975789102e-02,3.753924114073361497e-03
2.050000000000000266e+00,6.653449961860774531e-01,-5.461820648668090639e-02,4.997927747397541698e-02,6.339402089215785407e-01,-2.593076554314571389e-02,1.248401952626768639e-02,-2.472646066796714906e-02,3.708487096853316494e-03
2.056250000000000355e+00,6.650046066822008495e-01,-5.430673369204140621e-02,4.969229681455994418e-02,6.337786033911916306e-01,-2.578314508860585219e-02,1.233045599144463877e-02,-2.441455055147809944e-02,3.663611670561212671e-03
2.062500000000000000e+00,6.646661582891207898e-01,-5.399704928704990997e-02,4.940699109343382744e-02,6.336179178517076238e-01,-2.563636764170501223e-02,1.217882920078127394e-02,-2.410669339176881032e-02,3.619290717808463110e-03
2.068750000000000089e+00,6.643296398620495147e-01,-5.368914283502029816e-02,4.912335018458435093e-02,6.334581470495335154e-01,-2.549042834169813754e-02,1.202911399396714397e-02,-2.380283470234656820e-02,3.575517214067280673e-03
2.075000000000000178e+00,6.639950403212314667e-01,-5.338300396234803985e-02,4.884136402784570313e-02,6.332992857613664039e-01,-2.534532235645007778e-02,1.188128554884913639e-02,-2.350292075750693918e-02,3.532284226419136162e-03
2.081249999999999822e+00,6.636623486515497161e-01,-5.307862235810015955e-02,4.856102262840897993e-02,6.331413287940156343e-01,-2.520104488225975020e-02,1.173531937671120316e-02,-2.320689858126372476e-02,3.489584912320662594e-03
2.087499999999999911e+00,6.633315539021360507e-01,-5.277598777360818783e-02,4.828231605633659385e-02,6.329842709842247173e-01,-2.505759114368547730e-02,1.159119131762273956e-02,-2.291471593644728647e-02,3.447412518386775739e-03
2.093750000000000000e+00,6.630026451859829528e-01,-5.247509002206437317e-02,4.800523444608126994e-02,6.328281071984963591e-01,-2.491495639337157342e-02,1.144887753585468668e-02,-2.262632131396874122e-02,3.405760379190798850e-03
2.100000000000000089e+00,6.626756116795580187e-01,-5.217591897812062091e-02,4.772976799600924663e-02,6.326728323329166015e-01,-2.477313591187600694e-02,1.130835451536209638e-02,-2.234166392224695014e-02,3.364621916081276740e-03
2.106250000000000178e+00,6.623504426224214869e-01,-5.187846457749056839e-02,4.745590696792781338e-02,6.325184413129812944e-01,-2.463212500749924552e-02,1.116959905533235209e-02,-2.206069367679609414e-02,3.323990636015291406e-03
2.112500000000000266e+00,6.620271273168453208e-01,-5.158271681655450525e-02,4.718364168661715735e-02,6.323649290934232337e-01,-2.449191901611423583e-02,1.103258826579794905e-02,-2.178336118997108856e-02,3.283860130408017275e-03
2.118750000000000355e+00,6.617056551274356213e-01,-5.128866575196727728e-02,4.691296253936635963e-02,6.322122906580400770e-01,-2.435251330099750741e-02,1.089729956331287122e-02,-2.150961776086837696e-02,3.244224073998288379e-03
2.125000000000000000e+00,6.613860154807573721e-01,-5.099630150026903536e-02,4.664385997551361712e-02,6.320605210195239243e-01,-2.421390325266143187e-02,1.076371066669163518e-02,-2.123941536537968591e-02,3.205076223729943705e-03
2.131250000000000089e+00,6.610681978649605162e-01,-5.070561423749882224e-02,4.637632450599047523e-02,6.319096152192916760e-01,-2.407608428868751940e-02,1.063179959280997205e-02,-2.097270664639613869e-02,3.166410417648714802e-03
2.137500000000000178e+00,6.607521918294102514e-01,-5.041659419881108078e-02,4.611034670287029319e-02,6.317595683273159457e-01,-2.393905185356092966e-02,1.050154465246635679e-02,-2.070944490416067041e-02,3.128220573814462224e-03
2.143749999999999822e+00,6.604379869843179929e-01,-5.012923167809490987e-02,4.584591719892061601e-02,6.316103754419576388e-01,-2.380280141850599912e-02,1.037292444630330719e-02,-2.044958408676604208e-02,3.090500689228496689e-03
2.149999999999999911e+00,6.601255730003761091e-01,-4.984351702759604735e-02,4.558302668715949468e-02,6.314620316897996410e-01,-2.366732848132285100e-02,1.024591786078760808e-02,-2.019307878079628499e-02,3.053244838775787638e-03
2.156250000000000000e+00,6.598149396083937690e-01,-4.955944065754178118e-02,4.532166592041589337e-02,6.313145322254807290e-01,-2.353262856622516733e-02,1.012050406424867995e-02,-1.993988420210951809e-02,3.016447174181867072e-03
2.162500000000000089e+00,6.595060765989362306e-01,-4.927699303576841411e-02,4.506182571089385747e-02,6.311678722315312573e-01,-2.339869722367893604e-02,9.996662502974011308e-03,-1.968995618675949827e-02,2.980101922984172789e-03
2.168750000000000178e+00,6.591989738219654615e-01,-4.899616468735157326e-02,4.480349692974057441e-02,6.310220469182097336e-01,-2.326553003024232902e-02,9.874372897360967835e-03,-1.944325118205405059e-02,2.944203387517657991e-03
2.175000000000000266e+00,6.588936211864839798e-01,-4.871694619423912881e-02,4.454667050661825778e-02,6.308770515233396159e-01,-2.313312258840660718e-02,9.753615238124041520e-03,-1.919972623774805764e-02,2.908745943914445645e-03
2.181250000000000355e+00,6.585900086601803594e-01,-4.843932819488679792e-02,4.429133742927976458e-02,6.307328813121487743e-01,-2.300147052643808018e-02,9.634369782556733222e-03,-1.895933899736895051e-02,2.873724041117333740e-03
2.187500000000000000e+00,6.582881262690769564e-01,-4.816330138389642718e-02,4.403748874314799416e-02,6.305895315771077314e-01,-2.287056949822111052e-02,9.516617050847248072e-03,-1.872204768967258154e-02,2.839132199906950656e-03
2.193750000000000089e+00,6.579879640971807442e-01,-4.788885651165680074e-02,4.378511555089885376e-02,6.304469976377709006e-01,-2.274041518310210633e-02,9.400337822447157182e-03,-1.848781112022737649e-02,2.804965011942348995e-03
2.200000000000000178e+00,6.576895122861349252e-01,-4.761598438398717548e-02,4.353420901204802657e-02,6.303052748406174910e-01,-2.261100328573465573e-02,9.285513132492330055e-03,-1.825658866312496881e-02,2.771217138814887834e-03
2.206249999999999822e+00,6.573927610348742068e-01,-4.734467586178327941e-02,4.328476034254127164e-02,6.301643585588939667e-01,-2.248232953592553540e-02,9.172124268275225201e-03,-1.802834025281500885e-02,2.737883311115160093e-03
2.212499999999999911e+00,6.570977005992817421e-01,-4.707492186066584289e-02,4.303676081434816558e-02,6.300242441924573944e-01,-2.235438968848179817e-02,9.060152765767824287e-03,-1.780302637606238220e-02,2.704958327512803264e-03
2.218750000000000000e+00,6.568043212918475149e-01,-4.680671335063182892e-02,4.279020175505962587e-02,6.298849271676192352e-01,-2.222717952305888409e-02,8.949580406194529783e-03,-1.758060806402502591e-02,2.672437053849029999e-03
2.225000000000000089e+00,6.565126134813303871e-01,-4.654004135570793954e-02,4.254507454748870238e-02,6.297464029369912453e-01,-2.210069484400968912e-02,8.840389212654122322e-03,-1.736104688445017086e-02,2.640314422241652609e-03
2.231250000000000178e+00,6.562225675924207025e-01,-4.627489695360677280e-02,4.230137062927491476e-02,6.296086669793310442e-01,-2.197493148023461906e-02,8.732561446790170628e-03,-1.714430493398736571e-02,2.608585430202453592e-03
2.237500000000000266e+00,6.559341741054067754e-01,-4.601127127538537365e-02,4.205908149249199673e-02,6.294717147993892370e-01,-2.184988528503263930e-02,8.626079605509109904e-03,-1.693034483061640200e-02,2.577245139766718308e-03
2.243750000000000355e+00,6.556474235558414909e-01,-4.574915550510621348e-02,4.181819868325899886e-02,6.293355419277575358e-01,-2.172555213595329243e-02,8.520926417745300005e-03,-1.671912970618833622e-02,2.546288676634754153e-03
2.250000000000000000e+00,6.553623065342127907e-01,-4.548854087950066766e-02,4.157871380135475664e-02,6.292001439207174363e-01,-2.160192793464968744e-02,8.417084841272353887e-03,-1.651062319907783266e-02,2.515711229325226679e-03
2.256250000000000089e+00,6.550788136856152688e-01,-4.522941868763474815e-02,4.134061849983559217e-02,6.290655163600902267e-01,-2.147900860673240125e-02,8.314538059560014696e-03,-1.630478944694505050e-02,2.485508048340133967e-03
2.262500000000000178e+00,6.547969357094243215e-01,-4.497178027057739669e-02,4.110390448465642971e-02,6.289316548530877737e-01,-2.135679010162442812e-02,8.213269478675996882e-03,-1.610159307960555911e-02,2.455674445341283953e-03
2.268749999999999822e+00,6.545166633589717398e-01,-4.471561702107103992e-02,4.086856351429499906e-02,6.287985550321638639e-01,-2.123526839241697550e-02,8.113262724232002052e-03,-1.590099921200630040e-02,2.426205792338069142e-03
2.274999999999999911e+00,6.542379874412244112e-01,-4.446092038320437201e-02,4.063458739937927250e-02,6.286662125548668767e-01,-2.111443947572622104e-02,8.014501638373302400e-03,-1.570297343730613082e-02,2.397097520886399061e-03
2.281250000000000000e+00,6.539608988164636871e-01,-4.420768185208772544e-02,4.040196800231818375e-02,6.285346231036932352e-01,-2.099429937155105133e-02,7.916970276811314058e-03,-1.550748182005938676e-02,2.368345121298649509e-03
2.287500000000000089e+00,6.536853883979681923e-01,-4.395589297353048874e-02,4.017069723693528910e-02,6.284037823859416338e-01,-2.087484412313165769e-02,7.820652905898384938e-03,-1.531449088950063639e-02,2.339944141864430411e-03
2.293750000000000178e+00,6.534114471516974110e-01,-4.370554534372093902e-02,3.994076706810570365e-02,6.282736861335683765e-01,-2.075606979680907904e-02,7.725533999744275786e-03,-1.512396763292925272e-02,2.311890188082053876e-03
2.300000000000000266e+00,6.531390660959780492e-01,-4.345663060890828100e-02,3.971216951139597967e-02,6.281443301030430471e-01,-2.063797248188566427e-02,7.631598237373668318e-03,-1.493587948919215640e-02,2.284178921900532899e-03
2.306250000000000355e+00,6.528682363011923950e-01,-4.320914046508694817e-02,3.948489663270710048e-02,6.280157100752060684e-01,-2.052054829048639145e-02,7.538830499924110626e-03,-1.475019434226324151e-02,2.256806060971965847e-03
2.312500000000000000e+00,6.525989488894679003e-01,-4.296306665768313132e-02,3.925894054792043730e-02,6.278878218551258161e-01,-2.040379335742116551e-02,7.447215867883797899e-03,-1.456688051491797711e-02,2.229767377914162324e-03
2.318750000000000089e+00,6.523311950343694265e-01,-4.271840098124345120e-02,3.903429342254665507e-02,6.277606612719576207e-01,-2.028770384004788263e-02,7.356739618368553571e-03,-1.438590676250166116e-02,2.203058699583351245e-03
2.325000000000000178e+00,6.520649659605933790e-01,-4.247513527912594872e-02,3.881094747137765755e-02,6.276342241788032128e-01,-2.017227591813652507e-02,7.267387222437546833e-03,-1.420724226679002423e-02,2.176675906356856632e-03
2.331249999999999822e+00,6.518002529436633941e-01,-4.223326144319310138e-02,3.858889495814134957e-02,6.275085064525712797e-01,-2.005750579373402967e-02,7.179144342447026615e-03,-1.403085662994056800e-02,2.150614931425565927e-03
2.337499999999999911e+00,6.515370473096279147e-01,-4.199277141350701847e-02,3.836812819515925121e-02,6.273835039938382430e-01,-1.994338969103000986e-02,7.091996829441586311e-03,-1.385671986853330255e-02,2.124871760096068082e-03
2.343750000000000000e+00,6.512753404347606523e-01,-4.175365717802686366e-02,3.814863954300710958e-02,6.272592127267105910e-01,-1.982992385622346990e-02,7.005930720582457909e-03,-1.368480240769963212e-02,2.099442429102340441e-03
2.350000000000000089e+00,6.510151237452613815e-01,-4.151591077230829679e-02,3.793042141017818197e-02,6.271356285986874335e-01,-1.971710455739023038e-02,6.920932236612155515e-03,-1.351507507533781204e-02,2.074323025926813960e-03
2.356250000000000178e+00,6.507563887169596217e-01,-4.127952427920498352e-02,3.771346625274938497e-02,6.270127475805246098e-01,-1.960492808435129047e-02,6.836987779355050213e-03,-1.334750909641378713e-02,2.049509688130715310e-03
2.362500000000000266e+00,6.504991268750202060e-01,-4.104448982857230449e-02,3.749776657405019809e-02,6.268905656660990200e-01,-1.949339074854201936e-02,6.754083929253280362e-03,-1.318207608734604970e-02,2.024998602693536213e-03
2.368750000000000355e+00,6.502433297936501821e-01,-4.081079959697301446e-02,3.728331492433426680e-02,6.267690788722736217e-01,-1.938248888288216301e-02,6.672207442937509031e-03,-1.301874805047324030e-02,2.000786005361512940e-03
2.375000000000000000e+00,6.499889890958079341e-01,-4.057844580738499685e-02,3.707010390045378107e-02,6.266482832387639812e-01,-1.927221884164672175e-02,6.591345250832005530e-03,-1.285749736860319729e-02,1.976868180004980654e-03
2.381250000000000089e+00,6.497360964529137473e-01,-4.034742072891100290e-02,3.685812614553643507e-02,6.265281748280049356e-01,-1.916257700033761543e-02,6.511484454793512421e-03,-1.269829679964217493e-02,1.953241457984474221e-03
2.387500000000000178e+00,6.494846435845628152e-01,-4.011771667649048634e-02,3.664737434866515570e-02,6.264087497250188097e-01,-1.905355975555620904e-02,6.432612325783495545e-03,-1.254111947130312835e-02,1.929902217525473595e-03
2.393750000000000266e+00,6.492346222582395798e-01,-3.988932601061334626e-02,3.643784124456035667e-02,6.262900040372829658e-01,-1.894516352487662578e-02,6.354716301573157776e-03,-1.238593887589166734e-02,1.906846883101638709e-03
2.400000000000000355e+00,6.489860242890334030e-01,-3.966224113703569615e-02,3.622951961326485032e-02,6.261719338946001301e-01,-1.883738474671987906e-02,6.277783984480842655e-03,-1.223272886516861384e-02,1.884071924826441957e-03
2.406250000000000000e+00,6.487388415393574581e-01,-3.943645450649754802e-02,3.602240227983131288e-02,6.260545354489681635e-01,-1.873021988022881279e-02,6.201803139141294496e-03,-1.208146364528796778e-02,1.861573857853068576e-03
2.412500000000000089e+00,6.484930659186676216e-01,-3.921195861444246727e-02,3.581648211401221998e-02,6.259378048744503875e-01,-1.862366540514381538e-02,6.126761690306312645e-03,-1.193211777180904105e-02,1.839349241782462212e-03
2.418750000000000178e+00,6.482486893831842512e-01,-3.898874600073921892e-02,3.561175202995250921e-02,6.258217383670480194e-01,-1.851771782167937336e-02,6.052647720676387899e-03,-1.178466614478181594e-02,1.817394680079423069e-03
2.425000000000000266e+00,6.480057039356155180e-01,-3.876680924940521106e-02,3.540820498588449078e-02,6.257063321445723858e-01,-1.841237365040136048e-02,5.979449468762794602e-03,-1.163908400390416958e-02,1.795706819496617696e-03
2.431250000000000355e+00,6.477641016248824046e-01,-3.854614098833191588e-02,3.520583398382538809e-02,6.255915824465176911e-01,-1.830762943210514915e-02,5.907155326779736822e-03,-1.149534692375004004e-02,1.774282349506407395e-03
2.437500000000000000e+00,6.475238745458448131e-01,-3.832673388901217115e-02,3.500463206927729304e-02,6.254774855339355621e-01,-1.820348172769447118e-02,5.835753838566114932e-03,-1.135343080906738716e-02,1.753118001740383352e-03
2.443750000000000089e+00,6.472850148390305591e-01,-3.810858066626926499e-02,3.480459233092943888e-02,6.253640376893091490e-01,-1.809992711806103147e-02,5.765233697536426005e-03,-1.121331189014483642e-02,1.732210549436487279e-03
2.450000000000000178e+00,6.470475146903650332e-01,-3.789167407798803289e-02,3.460570790036307520e-02,6.252512352164291132e-01,-1.799696220396495780e-02,5.695583744660474498e-03,-1.107496671824611395e-02,1.711556806893638422e-03
2.456250000000000266e+00,6.468113663309028594e-01,-3.767600692484763397e-02,3.440797195175852169e-02,6.251390744402695043e-01,-1.789458360591593411e-02,5.626792966471343312e-03,-1.093837216111102906e-02,1.691153628933727941e-03
2.462500000000000355e+00,6.465765620365615529e-01,-3.746157205005624935e-02,3.421137770160465053e-02,6.250275517068647479e-01,-1.779278796405511440e-02,5.558850493101320789e-03,-1.080350539852215248e-02,1.670997910370902381e-03
2.468750000000000000e+00,6.463430941278561770e-01,-3.724836233908754290e-02,3.401591840841072106e-02,6.249166633831875206e-01,-1.769157193803781378e-02,5.491745596345313542e-03,-1.067034391793612348e-02,1.651086585488025426e-03
2.475000000000000089e+00,6.461109549696364418e-01,-3.703637071941888459e-02,3.382158737242043495e-02,6.248064058570266255e-01,-1.759093220691685874e-02,5.425467687751360860e-03,-1.053886551017857269e-02,1.631416627520210390e-03
2.481250000000000178e+00,6.458801369708243589e-01,-3.682559016027148191e-02,3.362837793532837821e-02,6.246967755368668662e-01,-1.749086546902680478e-02,5.360006316737889014e-03,-1.040904826520182638e-02,1.611985048145346674e-03
2.487500000000000266e+00,6.456506325841548932e-01,-3.661601367235214899e-02,3.343628347999863526e-02,6.245877688517681436e-01,-1.739136844186875766e-02,5.295351168737250092e-03,-1.028087056790424891e-02,1.592788896981492050e-03
2.493750000000000355e+00,6.454224343059168367e-01,-3.640763430759685892e-02,3.324529743018567879e-02,6.244793822512465509e-01,-1.729243786199601007e-02,5.231492063365219235e-03,-1.015431109401043405e-02,1.573825261091058546e-03
2.500000000000000000e+00,6.451955346756965692e-01,-3.620044515891607945e-02,3.305541325025745936e-02,6.243716122051556905e-01,-1.719407048490036519e-02,5.168418952616053025e-03,-1.002934880601127031e-02,1.555091264491688515e-03
2.506250000000000089e+00,6.449699262761220409e-01,-3.599443935994173227e-02,3.286662444492065988e-02,6.242644552035679917e-01,-1.709626308489914370e-02,5.106121919082719576e-03,-9.905962949162934808e-03,1.536584067673719620e-03
2.512500000000000178e+00,6.447456017326095301e-01,-3.578961008477601208e-02,3.267892455894822606e-02,6.241579077566582479e-01,-1.699901245502300623e-02,5.044591174201986349e-03,-9.784133047544047238e-03,1.518300867124169982e-03
2.518750000000000266e+00,6.445225537131114013e-01,-3.558595054774177369e-02,3.249230717690889531e-02,6.240519663945864881e-01,-1.690231540690437240e-02,4.983817056523940671e-03,-9.663838900169929164e-03,1.500238894857123173e-03
2.525000000000000355e+00,6.443007749278653051e-01,-3.538345400313466088e-02,3.230676592289899451e-02,6.239466276673821810e-01,-1.680616877066659284e-02,4.923790030005633332e-03,-9.545060577163248794e-03,1.482395417950443418e-03
2.531250000000000000e+00,6.440802581291454887e-01,-3.518211374497687283e-02,3.212229446027625029e-02,6.238418881448289932e-01,-1.671056939481384285e-02,4.864500682328486147e-03,-9.427778415980135260e-03,1.464767738088729957e-03
2.537500000000000089e+00,6.438609961110149937e-01,-3.498192310677261663e-02,3.193888649139568076e-02,6.237377444163503259e-01,-1.661551414612161617e-02,4.805939723239087066e-03,-9.311973017690896789e-03,1.447353191112411884e-03
2.543750000000000178e+00,6.436429817090795202e-01,-3.478287546126519747e-02,3.175653575734769390e-02,6.236341930908954057e-01,-1.652099990952805159e-02,4.748097982913113482e-03,-9.197625243314635005e-03,1.430149146572922119e-03
2.550000000000000266e+00,6.434262078002432883e-01,-3.458496422019574634e-02,3.157523603769804565e-02,6.235312307968263745e-01,-1.642702358802579712e-02,4.690966410341951796e-03,-9.084716210206794304e-03,1.413153007293836000e-03
2.556250000000000355e+00,6.432106673024658994e-01,-3.438818283406355064e-02,3.139498115022996971e-02,6.234288541818049367e-01,-1.633358210255465154e-02,4.634536071741747823e-03,-8.973227288498940302e-03,1.396362208937914880e-03
2.562500000000000000e+00,6.429963531745208627e-01,-3.419252479188797378e-02,3.121576495068822954e-02,6.233270599126817801e-01,-1.624067239189482675e-02,4.578798148984556705e-03,-8.863140097589969346e-03,1.379774219579963648e-03
2.568750000000000089e+00,6.427832584157554541e-01,-3.399798362097199850e-02,3.103758133252517218e-02,6.232258446753842218e-01,-1.614829141256088688e-02,4.523743938051235855e-03,-8.754436502687919924e-03,1.363386539285414136e-03
2.575000000000000178e+00,6.425713760658524620e-01,-3.380455288666737307e-02,3.086042422664883947e-02,6.231252051748065179e-01,-1.605643613869640191e-02,4.469364847505839788e-03,-8.647098611401752774e-03,1.347196699694577391e-03
2.581250000000000266e+00,6.423606992045924891e-01,-3.361222619214125629e-02,3.068428760117291113e-02,6.230251381346996187e-01,-1.596510356196917391e-02,4.415652396991119610e-03,-8.541108770382171630e-03,1.331202263612457897e-03
2.587500000000000355e+00,6.421512209516194725e-01,-3.342099717814449311e-02,3.050916546116864622e-02,6.229256402975621443e-01,-1.587429069146719871e-02,4.362598215744889485e-03,-8.436449562010898268e-03,1.315400824604072948e-03
2.593750000000000000e+00,6.419429344662050951e-01,-3.323085952278137523e-02,3.033505184841874328e-02,6.228267084245314722e-01,-1.578399455359522432e-02,4.310194041136931366e-03,-8.333103801137595190e-03,1.299790006595192594e-03
2.600000000000000089e+00,6.417358329470173040e-01,-3.304180694128094203e-02,3.016194084117302179e-02,6.227283392952764896e-01,-1.569421219197196862e-02,4.258431717226130939e-03,-8.231054531863724738e-03,1.284367463478423409e-03
2.606250000000000178e+00,6.415299096318881622e-01,-3.285383318576987760e-02,2.998982655390612997e-02,6.226305297078895684e-01,-1.560494066732802040e-02,4.207303193337606252e-03,-8.130285024372716635e-03,1.269130878724572965e-03
2.612500000000000266e+00,6.413251577975842554e-01,-3.266693204504680231e-02,2.981870313707696979e-02,6.225332764787806505e-01,-1.551617705740430952e-02,4.156800522659465612e-03,-8.030778771805632127e-03,1.254077964999206988e-03
2.618750000000000355e+00,6.411215707595780966e-01,-3.248109734435815354e-02,2.964856477689003372e-02,6.224365764425706660e-01,-1.542791845685125528e-02,4.106915860858976162e-03,-7.932519487181722770e-03,1.239206463784335664e-03
2.625000000000000000e+00,6.409191418718214184e-01,-3.229632294517550961e-02,2.947940569505857339e-02,6.223404264519863949e-01,-1.534016197712853753e-02,4.057641464717831777e-03,-7.835491100363207312e-03,1.224514145005160988e-03
2.631250000000000089e+00,6.407178645265186878e-01,-3.211260274497434314e-02,2.931122014856950633e-02,6.222448233777558846e-01,-1.525290474640546116e-02,4.008969690786247028e-03,-7.739677755063552843e-03,1.209998806661802349e-03
2.637500000000000178e+00,6.405177321539035074e-01,-3.192993067701438425e-02,2.914400242945024491e-02,6.221497641085040886e-01,-1.516614390946200049e-02,3.960892994055643067e-03,-7.645063805898710298e-03,1.195658274465953921e-03
2.643750000000000266e+00,6.403187382220152379e-01,-3.174830071012128135e-02,2.897774686453718010e-02,6.220552455506492828e-01,-1.507987662759039879e-02,3.913403926649595792e-03,-7.551633815480541037e-03,1.181490401482379561e-03
2.650000000000000355e+00,6.401208762364773985e-01,-3.156770684846976760e-02,2.881244781524598675e-02,6.219612646283007029e-01,-1.499410007849741495e-02,3.866495136532842932e-03,-7.459372551551888934e-03,1.167493067775197046e-03
2.656250000000000000e+00,6.399241397402778420e-01,-3.138814313136828460e-02,2.864809967734366011e-02,6.218678182831552936e-01,-1.490881145620717198e-02,3.820159366238061634e-03,-7.368264984162662193e-03,1.153664180058879473e-03
2.662500000000000089e+00,6.397285223135492638e-01,-3.120960363304492100e-02,2.848469688072223158e-02,6.217749034743972336e-01,-1.482400797096457626e-02,3.774389451610158080e-03,-7.278296282886266566e-03,1.140001671353905489e-03
2.668750000000000178e+00,6.395340175733517096e-01,-3.103208246243493659e-02,2.832223388917431278e-02,6.216825171785959059e-01,-1.473968684913940473e-02,3.729178320567857943e-03,-7.189451814075887778e-03,1.126503500647003725e-03
2.675000000000000266e+00,6.393406191734568589e-01,-3.085557376296950774e-02,2.816070520017021142e-02,6.215906563896056447e-01,-1.465584533313092110e-02,3.684518991882293221e-03,-7.101717138159911909e-03,1.113167652555917481e-03
2.681250000000000355e+00,6.391483208041324193e-01,-3.068007171236595762e-02,2.800010534463679215e-02,6.214993181184661486e-01,-1.457248068127310961e-02,3.640404573972386409e-03,-7.015078006975986741e-03,1.099992136998632431e-03
2.687500000000000000e+00,6.389571161919288533e-01,-3.050557052241935005e-02,2.784042888673800287e-02,6.214084993933028933e-01,-1.448959016774050909e-02,3.596828263716776112e-03,-6.929520361143118659e-03,1.086974988867008343e-03
2.693750000000000089e+00,6.387669990994669922e-01,-3.033206443879538430e-02,2.768167042365697605e-02,6.213181972592285440e-01,-1.440717108245458122e-02,3.553783345282037799e-03,-6.845030327471215287e-03,1.074114267704745452e-03
2.700000000000000178e+00,6.385779633252267606e-01,-3.015954774082478529e-02,2.752382458537990656e-02,6.212284087782448116e-01,-1.432522073099073805e-02,3.511263188967006250e-03,-6.761594216407609825e-03,1.061408057389641880e-03
2.706250000000000266e+00,6.383900027033377889e-01,-2.998801474129890107e-02,2.736688603448140730e-02,6.211391310291446421e-01,-1.424373643448586732e-02,3.469261250062914779e-03,-6.679198519519883616e-03,1.048854465820064268e-03
2.712500000000000355e+00,6.382031111033706905e-01,-2.981745978626670207e-02,2.721084946591154421e-02,6.210503611074159602e-01,-1.416271552954647198e-02,3.427771067729170392e-03,-6.597829907014561047e-03,1.036451624605585434e-03
2.718750000000000000e+00,6.380172824301297840e-01,-2.964787725483311598e-02,2.705570960678445325e-02,6.209620961251443028e-01,-1.408215536815736468e-02,3.386786263884524178e-03,-6.517475225291097414e-03,1.024197688761732021e-03
2.725000000000000089e+00,6.378325106234473685e-01,-2.947926155895859782e-02,2.690146121616848740e-02,6.208743332109177837e-01,-1.400205331759091058e-02,3.346300542113406218e-03,-6.438121494530613283e-03,1.012090836408775785e-03
2.731250000000000178e+00,6.376487896579785541e-01,-2.931160714326014674e-02,2.674809908487801174e-02,6.207870695097313929e-01,-1.392240676031688239e-02,3.306307686587255448e-03,-6.359755906318952101e-03,1.000129268474529926e-03
2.737500000000000266e+00,6.374661135429984249e-01,-2.914490848481350593e-02,2.659561803526666948e-02,6.207003021828924050e-01,-1.384321309391280119e-02,3.266801561000567348e-03,-6.282365821303434808e-03,9.883112084010773919e-04
2.743750000000000355e+00,6.372844763221990894e-01,-2.897916009295666354e-02,2.644401292102220580e-02,6.206140284079265657e-01,-1.376446973097488272e-02,3.227776107521498992e-03,-6.205938766882902920e-03,9.766349018553895089e-04
2.750000000000000000e+00,6.371038720734892857e-01,-2.881435650909469973e-02,2.629327862696282173e-02,6.205282453784836116e-01,-1.368617409902950915e-02,3.189225345756806392e-03,-6.130462434930516666e-03,9.650986164437771629e-04
2.756250000000000089e+00,6.369242949087938754e-01,-2.865049230650577872e-02,2.614341006883500254e-02,6.204429503042454552e-01,-1.360832364044523880e-02,3.151143371730903350e-03,-6.055924679548822451e-03,9.537006414301206405e-04
2.762500000000000178e+00,6.367457389738560014e-01,-2.848756209014856322e-02,2.599440219311289699e-02,6.203581404108324815e-01,-1.353091581234538640e-02,3.113524356878875736e-03,-5.982313514856669838e-03,9.424392874578336804e-04
2.768750000000000266e+00,6.365681984480391353e-01,-2.832556049647072874e-02,2.584624997679912245e-02,6.202738129397126210e-01,-1.345394808652111869e-02,3.076362547053202237e-03,-5.909617112807415140e-03,9.313128862755004752e-04
2.775000000000000355e+00,6.363916675441311233e-01,-2.816448219321880664e-02,2.569894842722704811e-02,6.201899651481092013e-01,-1.337741794934508080e-02,3.039652261544028948e-03,-5.837823801038024771e-03,9.203197904661419328e-04
2.781250000000000000e+00,6.362161405081490084e-01,-2.800432187924922767e-02,2.555249258186455957e-02,6.201065943089105748e-01,-1.330132290168557080e-02,3.003387892112793518e-03,-5.766922060748608247e-03,9.094583731800618635e-04
2.787500000000000089e+00,6.360416116191451863e-01,-2.784507428434055201e-02,2.540687750811918347e-02,6.200236977105794134e-01,-1.322566045882121212e-02,2.967563902038991130e-03,-5.696900524611883850e-03,8.987270278712174761e-04
2.793750000000000178e+00,6.358680751890148919e-01,-2.768673416900702469e-02,2.526209830314477683e-02,6.199412726570632248e-01,-1.315042815035619844e-02,2.932174825179943104e-03,-5.627747974712242994e-03,8.881241680370799202e-04
2.800000000000000266e+00,6.356955255623046863e-01,-2.752929632431320647e-02,2.511815009364950016e-02,6.198593164677048684e-01,-1.307562352013600868e-02,2.897215265043328724e-03,-5.559453340513854751e-03,8.776482269619194972e-04
2.806250000000000355e+00,6.355239571160218315e-01,-2.737275557168987114e-02,2.497502803570526148e-02,6.197778264771538481e-01,-1.300124412616366493e-02,2.862679893872337612e-03,-5.492005696857465286e-03,8.672976574634827995e-04
2.812500000000000000e+00,6.353533642594451081e-01,-2.721710676275108584e-02,2.483272731455853435e-02,6.196968000352783834e-01,-1.292728754051650046e-02,2.828563451743256602e-03,-5.425394261985455949e-03,8.570709316430095157e-04
2.818750000000000089e+00,6.351837414339372989e-01,-2.706234477911241554e-02,2.469124314444251164e-02,6.196162345070770350e-01,-1.285375134926341339e-02,2.794860745675297256e-03,-5.359608395594703777e-03,8.469665406385417424e-04
2.825000000000000178e+00,6.350150831127573392e-01,-2.690846453221040074e-02,2.455057076839074412e-02,6.195361272725921076e-01,-1.278063315238268591e-02,2.761566648752534353e-03,-5.294637596916928687e-03,8.369829943814903472e-04
2.831250000000000266e+00,6.348473838008751313e-01,-2.675546096312308997e-02,2.441070545805198999e-02,6.194564757268230526e-01,-1.270793056368023539e-02,2.728676099257731566e-03,-5.230471502826007819e-03,8.271188213564001617e-04
2.837500000000000355e+00,6.346806380347866927e-01,-2.660332904239179341e-02,2.427164251350650073e-02,6.193772772796395376e-01,-1.263564121070841553e-02,2.696184099817924666e-03,-5.167099885971957775e-03,8.173725683638818039e-04
2.843750000000000000e+00,6.345148403823306360e-01,-2.645206376984394689e-02,2.413337726308360451e-02,6.192985293556967363e-01,-1.256376273468529092e-02,2.664085716561587040e-03,-5.104512652941148483e-03,8.077428002866625335e-04
2.850000000000000089e+00,6.343499854425055373e-01,-2.630166017441709289e-02,2.399590506318058716e-02,6.192202293943493974e-01,-1.249229279041440092e-02,2.632376078287200147e-03,-5.042699842442352302e-03,7.982280998587108203e-04
2.856250000000000178e+00,6.341860678452884148e-01,-2.615211331398407946e-02,2.385922129808295059e-02,6.191423748495675783e-01,-1.242122904620504044e-02,2.601050375643103145e-03,-4.981651623518328249e-03,7.888270674374037259e-04
2.862500000000000266e+00,6.340230822514547615e-01,-2.600341827517927557e-02,2.372332137978588190e-02,6.190649631898524907e-01,-1.235056918379300386e-02,2.570103860318420901e-03,-4.921358293782454769e-03,7.795383207786808289e-04
2.868750000000000355e+00,6.338610233523993553e-01,-2.585557017322594187e-02,2.358820074781706883e-02,6.189879918981527895e-01,-1.228031089826180783e-02,2.539531844244945474e-03,-4.861810277680137828e-03,7.703604948151550943e-04
2.875000000000000000e+00,6.336998858699576243e-01,-2.570856415176473592e-02,2.345385486906077094e-02,6.189114584717811951e-01,-1.221045189796442221e-02,2.509329698809808010e-03,-4.802998124774596200e-03,7.612922414371380789e-04
2.881250000000000089e+00,6.335396645562288986e-01,-2.556239538268320274e-02,2.332027923758311222e-02,6.188353604223318927e-01,-1.214098990444543481e-02,2.479492854078776259e-03,-4.744912508056644933e-03,7.523322292765349112e-04
2.887500000000000178e+00,6.333803541934007741e-01,-2.541705906594653522e-02,2.318746937445871625e-02,6.187596952755987090e-01,-1.207192265236374171e-02,2.450016798030068416e-03,-4.687544222278208078e-03,7.434791434935810730e-04
2.893750000000000266e+00,6.332219495935732523e-01,-2.527255042942922955e-02,2.305542082759850370e-02,6.186844605714928447e-01,-1.200324788941567120e-02,2.420897075798481186e-03,-4.630884182309109691e-03,7.347316855663694850e-04
2.900000000000000355e+00,6.330644455985855457e-01,-2.512886472874793081e-02,2.292412917157874222e-02,6.186096538639617171e-01,-1.193496337625858661e-02,2.392129288929732787e-03,-4.574923421516879397e-03,7.260885730831391624e-04
2.906250000000000000e+00,6.329078370798432163e-01,-2.498599724709530193e-02,2.279359000747134545e-02,6.185352727209088020e-01,-1.186706688643495745e-02,2.363709094644856051e-03,-4.519653090169222127e-03,7.175485395372863031e-04
2.912500000000000089e+00,6.327521189381458688e-01,-2.484394329507491964e-02,2.266379896267530988e-02,6.184613147241122544e-01,-1.179955620629687119e-02,2.335632205114500284e-03,-4.465064453858782513e-03,7.091103341250554149e-04
2.918750000000000178e+00,6.325972861035166206e-01,-2.470269821053730150e-02,2.253475169074945980e-02,6.183877774691461937e-01,-1.173242913493104979e-02,2.307894386743026497e-03,-4.411148891949966296e-03,7.007727215458861960e-04
2.925000000000000266e+00,6.324433335350322372e-01,-2.456225735841690780e-02,2.240644387124628156e-02,6.183146585653006566e-01,-1.166568348408427401e-02,2.280491459462223851e-03,-4.357897896047393735e-03,6.925344818053665117e-04
2.931250000000000355e+00,6.322902562206548227e-01,-2.442261613057018776e-02,2.227887120954698610e-02,6.182419556355027712e-01,-1.159931707808928292e-02,2.253419296034538891e-03,-4.305303068485754302e-03,6.843944100207652315e-04
2.937500000000000000e+00,6.321380491770630661e-01,-2.428376994561468397e-02,2.215202943669774757e-02,6.181696663162387084e-01,-1.153332775379112621e-02,2.226673821365681826e-03,-4.253356120840710505e-03,6.763513162291082776e-04
2.943750000000000089e+00,6.319867074494867065e-01,-2.414571424876909081e-02,2.202591430924704177e-02,6.180977882574753002e-01,-1.146771336047393633e-02,2.200251011826458939e-03,-4.202048872460545544e-03,6.684040251977592904e-04
2.950000000000000178e+00,6.318362261115395562e-01,-2.400844451169443020e-02,2.190052160908422321e-02,6.180263191225825459e-01,-1.140247175978819326e-02,2.174146894583742651e-03,-4.151373249018298905e-03,6.605513762374810556e-04
2.956250000000000266e+00,6.316866002650558531e-01,-2.387195623233612923e-02,2.177584714327918808e-02,6.179552565882568960e-01,-1.133760082567838480e-02,2.148357546940404469e-03,-4.101321281084020429e-03,6.527922230179317251e-04
2.962500000000000355e+00,6.315378250399256155e-01,-2.373624493476715960e-02,2.165188674392315785e-02,6.178845983444444245e-01,-1.127309844431112311e-02,2.122879095684122776e-03,-4.051885102716918166e-03,6.451254333855719779e-04
2.968750000000000000e+00,6.313898955939322155e-01,-2.360130616903214837e-02,2.152863626797062169e-02,6.178143420942644459e-01,-1.120896251400370185e-02,2.097707716444922790e-03,-4.003056950077075668e-03,6.375498891839483182e-04
2.975000000000000089e+00,6.312428071125905094e-01,-2.346713551099244635e-02,2.140609159708234746e-02,6.177444855539340196e-01,-1.114519094515306272e-02,2.072839633061330285e-03,-3.954829160056457654e-03,6.300644860763172754e-04
2.981250000000000178e+00,6.310965548089860766e-01,-2.333372856217224428e-02,2.128424863746955498e-02,6.176750264526930101e-01,-1.108178166016523560e-02,2.048271116955033711e-03,-3.907194168928958614e-03,6.226681333705863259e-04
2.987500000000000266e+00,6.309511339236150151e-01,-2.320108094960558753e-02,2.116310331973911968e-02,6.176059625327283698e-01,-1.101873259338515508e-02,2.023998486513911566e-03,-3.860144511019172973e-03,6.153597538465318574e-04
2.993750000000000355e+00,6.308065397242251793e-01,-2.306918832568440048e-02,2.104265159873989349e-02,6.175372915491007531e-01,-1.095604169102693155e-02,2.000018106483327906e-03,-3.813672817389646141e-03,6.081382835852692376e-04
3.000000000000000000e+00,6.306627675056581950e-01,-2.293804636800744409e-02,2.092288945341011508e-02,6.174690112696697986e-01,-1.089370691110454724e-02,1.976326387365578020e-03,-3.767771814546336251e-03,6.010026718009436539e-04
3.006250000000000089e+00,6.305198125896921413e-01,-2.280765077923021036e-02,2.080381288662581929e-02,6.174011194750209652e-01,-1.083172622336293044e-02,1.952919784827358276e-03,-3.722434323162006863e-03,5.939518806746077895e-04
3.012500000000000178e+00,6.303776703248856750e-01,-2.267799728691581931e-02,2.068541792505040888e-02,6.173336139583921467e-01,-1.077009760920950854e-02,1.929794799115176675e-03,-3.677653256817335539e-03,5.869848851902673614e-04
3.018750000000000266e+00,6.302363360864228214e-01,-2.254908164338680077e-02,2.056770061898518034e-02,6.172664925256013957e-01,-1.070881906164612360e-02,1.906947974478560761e-03,-3.633421620759424292e-03,5.801006729730513690e-04
3.025000000000000355e+00,6.300958052759585426e-01,-2.242089962557781632e-02,2.045065704222093911e-02,6.171997529949744266e-01,-1.064788858520137639e-02,1.884375898600979199e-03,-3.589732510677508953e-03,5.732982441294897074e-04
3.031250000000000000e+00,6.299560733214654151e-01,-2.229344703488932156e-02,2.033428329189064868e-02,6.171333931972725617e-01,-1.058730419586339025e-02,1.862075202038360579e-03,-3.546579111495602038e-03,5.665766110898659428e-04
3.037500000000000089e+00,6.298171356770810858e-01,-2.216671969704210252e-02,2.021857548832303383e-02,6.170674109756218995e-01,-1.052706392101293749e-02,1.840042557665100579e-03,-3.503954696181812815e-03,5.599347984526137009e-04
3.043750000000000178e+00,6.296789878229570592e-01,-2.204071346193280448e-02,2.010352977489733919e-02,6.170018041854418156e-01,-1.046716579935703766e-02,1.818274680127472936e-03,-3.461852624574149849e-03,5.533718428307398633e-04
3.050000000000000266e+00,6.295416252651075961e-01,-2.191542420349030032e-02,1.998914231789894469e-02,6.169365706943743533e-01,-1.040760788086288885e-02,1.796768325304314105e-03,-3.420266342222508943e-03,5.468867927002335873e-04
3.056250000000000355e+00,6.294050435352602779e-01,-2.179084781953295399e-02,1.987540930637606354e-02,6.168717083822146119e-01,-1.034838822669224140e-02,1.775520289774901389e-03,-3.379189379246662177e-03,5.404787082504462986e-04
3.062500000000000000e+00,6.292692381907070143e-01,-2.166698023162683812e-02,1.976232695199742553e-02,6.168072151408403592e-01,-1.028950490913614277e-02,1.754527410293921751e-03,-3.338615349209999531e-03,5.341466612364092603e-04
3.068750000000000089e+00,6.291342048141561616e-01,-2.154381738494473911e-02,1.964989148891088319e-02,6.167430888741430861e-01,-1.023095601155007105e-02,1.733786563273421793e-03,-3.298537948008787614e-03,5.278897348330651926e-04
3.075000000000000178e+00,6.289999390135850854e-01,-2.142135524812616848e-02,1.953809917360309692e-02,6.166793274979587292e-01,-1.017273962828949517e-02,1.713294664271666941e-03,-3.258950952776760307e-03,5.217070234913906337e-04
3.081250000000000266e+00,6.288664364220943881e-01,-2.129958981313814434e-02,1.942694628476008406e-02,6.166159289399995025e-01,-1.011485386464577342e-02,1.693048667488785547e-03,-3.219848220804774619e-03,5.155976327963788988e-04
3.087500000000000355e+00,6.287336926977624696e-01,-2.117851709513687841e-02,1.931642912312878796e-02,6.165528911397853973e-01,-1.005729683678247867e-02,1.673045565269125736e-03,-3.181223688475348730e-03,5.095606793268622802e-04
3.093750000000000000e+00,6.286017035235005324e-01,-2.105813313233034431e-02,1.920654401137957684e-02,6.164902120485766801e-01,-1.000006667167207403e-02,1.653282387610224792e-03,-3.143071370211861920e-03,5.035952905171485515e-04
3.100000000000000089e+00,6.284704646069095846e-01,-2.093843398584164378e-02,1.909728729396966210e-02,6.164278896293061694e-01,-9.943161507032984014e-03,1.633756201678295038e-03,-3.105385357442191734e-03,4.977006045204454294e-04
3.106250000000000178e+00,6.283399716801373325e-01,-2.081941573957332009e-02,1.898865533700752617e-02,6.163659218565128439e-01,-9.886579491267050851e-03,1.614464111330154647e-03,-3.068159817576622279e-03,4.918757700740536941e-04
3.112500000000000266e+00,6.282102204997361827e-01,-2.070107450007241737e-02,1.888064452811820046e-02,6.163043067162747857e-01,-9.830318783397351545e-03,1.595403256641490406e-03,-3.031388992999766926e-03,4.861199463662998045e-04
3.118750000000000355e+00,6.280812068465221332e-01,-2.058340639639643158e-02,1.877325127630948692e-02,6.162430422061432322e-01,-9.774377553006393174e-03,1.576570813441382406e-03,-2.995067200076348413e-03,4.804323029051884913e-04
3.125000000000000000e+00,6.279529265254346626e-01,-2.046640757998009763e-02,1.866647201183913723e-02,6.161821263350765188e-01,-9.718753980174681117e-03,1.557963992853002603e-03,-2.959188828170617770e-03,4.748120193887520719e-04
3.131250000000000089e+00,6.278253753653972868e-01,-2.035007422450295020e-02,1.856030318608284033e-02,6.161215571233751298e-01,-9.663446255419642916e-03,1.539580040840390560e-03,-2.923748338679215200e-03,4.692582855770710093e-04
3.137500000000000178e+00,6.276985492191787808e-01,-2.023440252575779350e-02,1.845474127140324036e-02,6.160613326026159742e-01,-9.608452579634944174e-03,1.521416237761247150e-03,-2.888740264077313286e-03,4.637703011659499394e-04
3.143750000000000266e+00,6.275724439632552887e-01,-2.011938870151992048e-02,1.834978276101972838e-02,6.160014508155885471e-01,-9.553771164030144467e-03,1.503469897925634787e-03,-2.854159206977804463e-03,4.583472756622189166e-04
3.150000000000000355e+00,6.274470554976738779e-01,-2.000502899141715779e-02,1.824542416887917767e-02,6.159419098162297601e-01,-9.499400230070719278e-03,1.485738369160524968e-03,-2.819999839203386153e-03,4.529884282606441584e-04
3.156250000000000000e+00,6.273223797459155371e-01,-1.989131965680073638e-02,1.814166202952756379e-02,6.158827076695607694e-01,-9.445338009418447964e-03,1.468219032380104665e-03,-2.786256900871346680e-03,4.476929877224255193e-04
3.162500000000000089e+00,6.271984126547606175e-01,-1.977825698061690465e-02,1.803849289798238609e-02,6.158238424516230269e-01,-9.391582743872143452e-03,1.450909301161757434e-03,-2.752925199490859846e-03,4.424601922552567337e-04
3.168750000000000178e+00,6.270751501941538297e-01,-1.966583726727944015e-02,1.793591334960607103e-02,6.157653122494153308e-01,-9.338132685308763586e-03,1.433806621327660255e-03,-2.719999609072648507e-03,4.372892893949344964e-04
3.175000000000000266e+00,6.269525883570702396e-01,-1.955405684254284127e-02,1.783391997998012152e-02,6.157071151608307646e-01,-9.284986095624848598e-03,1.416908470531894407e-03,-2.687475069250789932e-03,4.321795358884871602e-04
3.181250000000000355e+00,6.268307231593830409e-01,-1.944291205337636552e-02,1.773250940478017165e-02,6.156492492945944139e-01,-9.232141246678310723e-03,1.400212357853014436e-03,-2.655346584416531062e-03,4.271301975788095533e-04
3.187500000000000000e+00,6.267095506397306615e-01,-1.933239926783883456e-02,1.763167825965188465e-02,6.155917127702011937e-01,-9.179596420230596784e-03,1.383715823391992164e-03,-2.623609222863928971e-03,4.221405492907813646e-04
3.193750000000000089e+00,6.265890668593855350e-01,-1.922251487495417466e-02,1.753142320008764521e-02,6.155345037178545642e-01,-9.127349907889150890e-03,1.367416437875459837e-03,-2.592258115947136937e-03,4.172098747188479552e-04
3.200000000000000178e+00,6.264692679021236499e-01,-1.911325528458781078e-02,1.743174090130415396e-02,6.154776202784044692e-01,-9.075400011050269167e-03,1.351311802264193668e-03,-2.561288457249210823e-03,4.123374663160494472e-04
3.206250000000000266e+00,6.263501498740943196e-01,-1.900461692732372671e-02,1.733262805812078519e-02,6.154210606032868291e-01,-9.023745040842271956e-03,1.335399547366748416e-03,-2.530695501762218920e-03,4.075226251844719602e-04
3.212500000000000355e+00,6.262317089036916196e-01,-1.889659625434235088e-02,1.723408138483879110e-02,6.153648228544627008e-01,-8.972383318069002134e-03,1.319677333458183161e-03,-2.500474565078537707e-03,4.027646609671074436e-04
3.218750000000000000e+00,6.261139411414252676e-01,-1.878918973729915703e-02,1.713609761512131097e-02,6.153089052043579921e-01,-8.921313173153694667e-03,1.304142849903810412e-03,-2.470621022593159216e-03,3.980628917411016673e-04
3.225000000000000089e+00,6.259968427597938367e-01,-1.868239386820401762e-02,1.703867350187415405e-02,6.152533058358035101e-01,-8.870532946083135861e-03,1.288793814787889168e-03,-2.441130308716843878e-03,3.934166439123700410e-04
3.231250000000000178e+00,6.258804099531574128e-01,-1.857620515930133442e-02,1.694180581712746367e-02,6.151980229419757862e-01,-8.820040986352204251e-03,1.273627974547214461e-03,-2.411997916100003508e-03,3.888252521115691750e-04
3.237500000000000266e+00,6.257646389376114726e-01,-1.847062014295085958e-02,1.684549135191808558e-02,6.151430547263369020e-01,-8.769835652908709867e-03,1.258643103609512291e-03,-2.383219394867111020e-03,3.842880590913979981e-04
3.243750000000000355e+00,6.256495259508619844e-01,-1.836563537150926947e-02,1.674972691617277257e-02,6.150883994025764245e-01,-8.719915314098566558e-03,1.243837004036593783e-03,-2.354790351861530632e-03,3.798044156252179150e-04
3.250000000000000000e+00,6.255350672521002853e-01,-1.826124741721248113e-02,1.665450933859214527e-02,6.150340551945524536e-01,-8.670278347611297398e-03,1.229207505172195698e-03,-2.326706449900600715e-03,3.753736804069705921e-04
3.256250000000000089e+00,6.254212591218795136e-01,-1.815745287205864159e-02,1.655983546653544067e-02,6.149800203362335571e-01,-8.620923140425855793e-03,1.214752463294441589e-03,-2.298963407040827047e-03,3.709952199523771613e-04
3.262500000000000178e+00,6.253080978619912633e-01,-1.805424834769191189e-02,1.646570216590603070e-02,6.149262930716405950e-01,-8.571848088756784875e-03,1.200469761272871796e-03,-2.271556995853061568e-03,3.666684085014042596e-04
3.268750000000000266e+00,6.251955797953434590e-01,-1.795163047528689979e-02,1.637210632103770769e-02,6.148728716547896544e-01,-8.523051598000683932e-03,1.186357308229965286e-03,-2.244483042707495334e-03,3.623926279219758721e-04
3.275000000000000355e+00,6.250837012658382319e-01,-1.784959590543382449e-02,1.627904483458168794e-02,6.148197543496342066e-01,-8.474532082682985357e-03,1.172413039207104331e-03,-2.217737427068355079e-03,3.581672676149181829e-04
3.281250000000000000e+00,6.249724586382513492e-01,-1.774814130802439271e-02,1.618651462739443408e-02,6.147669394300088186e-01,-8.426287966405078544e-03,1.158634914834915037e-03,-2.191316080798152901e-03,3.539917244201198714e-04
3.287500000000000089e+00,6.248618482981114219e-01,-1.764726337213833735e-02,1.609451263842614013e-02,6.147144251795723102e-01,-8.378317681791699195e-03,1.145020921007926023e-03,-2.165214987471354626e-03,3.498654025238903979e-04
3.293750000000000178e+00,6.247518666515810004e-01,-1.754695880593071591e-02,1.600303582461003876e-02,6.146622098917512433e-01,-8.330619670438689853e-03,1.131569068563493229e-03,-2.139430181697354102e-03,3.457877133675051106e-04
3.300000000000000266e+00,6.246425101253372247e-01,-1.744722433651983706e-02,1.591208116075238863e-02,6.146102918696847439e-01,-8.283192382861024120e-03,1.118277392964921006e-03,-2.113957748452587743e-03,3.417580755569154367e-04
3.306250000000000355e+00,6.245337751664536974e-01,-1.734805670987590517e-02,1.582164563942320065e-02,6.145586694261679916e-01,-8.236034278441158735e-03,1.105143953988731598e-03,-2.088793822421693494e-03,3.377759147736132065e-04
3.312500000000000000e+00,6.244256582422832436e-01,-1.724945269071033807e-02,1.573172627084770681e-02,6.145073408835979301e-01,-8.189143825377692698e-03,1.092166835416026605e-03,-2.063934587347574130e-03,3.338406636866330106e-04
3.318750000000000089e+00,6.243181558403405607e-01,-1.715140906236573004e-02,1.564232008279849498e-02,6.144563045739175333e-01,-8.142519500634319563e-03,1.079344144727875611e-03,-2.039376275390229580e-03,3.299517618656751337e-04
3.325000000000000178e+00,6.242112644681870881e-01,-1.705392262670656772e-02,1.555342412048843492e-02,6.144055588385616273e-01,-8.096159789889100650e-03,1.066674012804697501e-03,-2.015115166494267640e-03,3.261086556953400129e-04
3.331250000000000266e+00,6.241049806533146560e-01,-1.695699020401052193e-02,1.546503544646424429e-02,6.143551020284023778e-01,-8.050063187484024496e-03,1.054154593629556607e-03,-1.991147587764933481e-03,3.223107982904526987e-04
3.337500000000000355e+00,6.239993009430311321e-01,-1.686060863286045763e-02,1.537715114050078151e-02,6.143049325036953334e-01,-8.004228196374868140e-03,1.041784063995337701e-03,-1.967469912852563407e-03,3.185576494124682653e-04
3.343750000000000000e+00,6.238942219043465132e-01,-1.676477477003707889e-02,1.528976829949603433e-02,6.142550486340258020e-01,-7.958653328081365455e-03,1.029560623215741710e-03,-1.944078561345338610e-03,3.148486753869414738e-04
3.350000000000000089e+00,6.237897401238589046e-01,-1.666948549041223637e-02,1.520288403736678312e-02,6.142054487982557820e-01,-7.913337102637642631e-03,1.017482492840047310e-03,-1.920969998170215989e-03,3.111833490220468107e-04
3.356250000000000178e+00,6.236858522076427214e-01,-1.657473768684289417e-02,1.511649548494498410e-02,6.141561313844700054e-01,-7.868278048542995395e-03,1.005547916371599777e-03,-1.898140733001943197e-03,3.075611495281377339e-04
3.362500000000000266e+00,6.235825547811357783e-01,-1.648052827006572449e-02,1.503059978987479790e-02,6.141070947899240906e-01,-7.823474702712905626e-03,9.937551589899598983e-04,-1.875587319680015056e-03,3.039815624383271288e-04
3.368750000000000355e+00,6.234798444890282676e-01,-1.638685416859234426e-02,1.494519411651030853e-02,6.140583374209919176e-01,-7.778925610430383226e-03,9.821025072766767158e-04,-1.853306355633484127e-03,3.004440795300793794e-04
3.375000000000000000e+00,6.233777179951518477e-01,-1.629371232860522475e-02,1.486027564581391888e-02,6.140098576931128926e-01,-7.734629325297585553e-03,9.705882689446307648e-04,-1.831294481313507300e-03,2.969481987477990380e-04
3.381250000000000089e+00,6.232761719823696200e-01,-1.620109971385414599e-02,1.477584157525537768e-02,6.139616540307408776e-01,-7.690584409187705729e-03,9.592107725708963082e-04,-1.809548379633514094e-03,2.934934241264026489e-04
3.387500000000000178e+00,6.231752031524667723e-01,-1.610901330555341432e-02,1.469188911871152810e-02,6.139137248672922320e-01,-7.646789432197186216e-03,9.479683673330867874e-04,-1.788064775416913638e-03,2.900792657158636446e-04
3.393750000000000266e+00,6.230748082260412213e-01,-1.601745010227957622e-02,1.460841550636665306e-02,6.138660686450946313e-01,-7.603242972598170911e-03,9.368594227491204964e-04,-1.766840434852201980e-03,2.867052395067134531e-04
3.400000000000000355e+00,6.229749839423962543e-01,-1.592640711986982593e-02,1.452541798461349544e-02,6.138186838153358860e-01,-7.559943616791266023e-03,9.258823284203737377e-04,-1.745872164955396006e-03,2.833708673564896020e-04
3.406250000000000000e+00,6.228757270594321716e-01,-1.583588139132102030e-02,1.444289381595493561e-02,6.137715688380139811e-01,-7.516889959258573305e-03,9.150354937781703937e-04,-1.725156813039675774e-03,2.800756769171171582e-04
3.412500000000000089e+00,6.227770343535397046e-01,-1.574586996668925556e-02,1.436084027890626759e-02,6.137247221818858955e-01,-7.474080602516985222e-03,9.043173478335606421e-04,-1.704691266192136841e-03,2.768192015632106552e-04
3.418750000000000178e+00,6.226789026194938792e-01,-1.565636991299014513e-02,1.427925466789817417e-02,6.136781423244179745e-01,-7.431514157071790645e-03,8.937263389303549879e-04,-1.684472450757568216e-03,2.736009803212872374e-04
3.425000000000000266e+00,6.225813286703479887e-01,-1.556737831409961935e-02,1.419813429318027634e-02,6.136318277517361919e-01,-7.389189241370519058e-03,8.832609345013561503e-04,-1.664497331829134725e-03,2.704205577998753025e-04
3.431250000000000355e+00,6.224843093373285674e-01,-1.547889227065536374e-02,1.411747648072534528e-02,6.135857769585764121e-01,-7.347104481757076207e-03,8.729196208277564947e-04,-1.644762912745886601e-03,2.672774841205094237e-04
3.437500000000000000e+00,6.223878414697312511e-01,-1.539090889995885399e-02,1.403727857213411638e-02,6.135399884482352073e-01,-7.305258512426149493e-03,8.627009028016541714e-04,-1.625266234596996553e-03,2.641713148496003323e-04
3.443750000000000089e+00,6.222919219348167497e-01,-1.530342533587795290e-02,1.395753792454071558e-02,6.134944607325211186e-01,-7.263649975377865775e-03,8.526033036916442695e-04,-1.606004375732621083e-03,2.611016109311658107e-04
3.450000000000000178e+00,6.221965476177072629e-01,-1.521643872875015104e-02,1.387825191051873970e-02,6.134491923317060280e-01,-7.222277520372746666e-03,8.426253649114534344e-04,-1.586974451281319498e-03,2.580679386204155572e-04
3.456250000000000266e+00,6.221017154212844513e-01,-1.512994624528635028e-02,1.379941791798789882e-02,6.134041817744765313e-01,-7.181139804886904100e-03,8.327656457915631966e-04,-1.568173612673908531e-03,2.550698694181747898e-04
3.462500000000000355e+00,6.220074222660870733e-01,-1.504394506847523197e-02,1.372103335012127799e-02,6.133594275978858645e-01,-7.140235494067507377e-03,8.230227233537928478e-04,-1.549599047173685776e-03,2.521069800061376980e-04
3.468750000000000000e+00,6.219136650902095109e-01,-1.495843239748823224e-02,1.364309562525321644e-02,6.133149283473066093e-01,-7.099563260688518222e-03,8.133951920887991455e-04,-1.531247977412926540e-03,2.491788521829401727e-04
3.475000000000000089e+00,6.218204408492009616e-01,-1.487340544758503254e-02,1.356560217678773848e-02,6.132706825763825087e-01,-7.059121785106671314e-03,8.038816637364492625e-04,-1.513117660935561293e-03,2.462850728010397235e-04
3.481250000000000178e+00,6.217277465159652960e-01,-1.478886145001970590e-02,1.348855045310763494e-02,6.132266888469816157e-01,-7.018909755217740166e-03,7.944807670690408503e-04,-1.495205389745968456e-03,2.434252337043943458e-04
3.487500000000000266e+00,6.216355790806614712e-01,-1.470479765194735063e-02,1.341193791748408401e-02,6.131829457291489982e-01,-6.978925866413036340e-03,7.851911476773152255e-04,-1.477508489863769547e-03,2.405989316669274874e-04
3.493750000000000355e+00,6.215439355506038321e-01,-1.462121131633133293e-02,1.333576204798687243e-02,6.131394518010605532e-01,-6.939168821536173190e-03,7.760114677592390648e-04,-1.460024320884567269e-03,2.378057683317704168e-04
3.500000000000000000e+00,6.214528129501646347e-01,-1.453809972185106901e-02,1.326002033739519942e-02,6.130962056489759338e-01,-6.899637330840090697e-03,7.669404059115125447e-04,-1.442750275546534613e-03,2.350453501512717437e-04
3.506250000000000089e+00,6.213622083206749025e-01,-1.445546016281035531e-02,1.318471029310902196e-02,6.130532058671928075e-01,-6.860330111944313615e-03,7.579766569237645669e-04,-1.425683779302769523e-03,2.323172883277629019e-04
3.512500000000000178e+00,6.212721187203281703e-01,-1.437328994904629384e-02,1.310982943706103486e-02,6.130104510580006716e-01,-6.821245889792493244e-03,7.491189315754106766e-04,-1.408822289899354634e-03,2.296211987550728952e-04
3.518750000000000266e+00,6.211825412240828959e-01,-1.429158640583871875e-02,1.303537530562915055e-02,6.129679398316356664e-01,-6.782383396610165184e-03,7.403659564351223890e-04,-1.392163296959019088e-03,2.269567019607783771e-04
3.525000000000000355e+00,6.210934729235665364e-01,-1.421034687382018158e-02,1.296134544954957377e-02,6.129256708062345016e-01,-6.743741371862779430e-03,7.317164736628862425e-04,-1.375704321570341048e-03,2.243234230491827214e-04
3.531250000000000000e+00,6.210049109269799583e-01,-1.412956870888650018e-02,1.288773743383043839e-02,6.128836426077898247e-01,-6.705318562213963794e-03,7.231692408146117015e-04,-1.359442915882413516e-03,2.217209916450135656e-04
3.537500000000000089e+00,6.209168523590022915e-01,-1.404924928210779002e-02,1.281454883766595595e-02,6.128418538701054796e-01,-6.667113721484032793e-03,7.147230306492536505e-04,-1.343376662704886485e-03,2.191490418378286916e-04
3.543750000000000178e+00,6.208292943606960046e-01,-1.396938597964011985e-02,1.274177725435118348e-02,6.128003032347514312e-01,-6.629125610608756734e-03,7.063766309384230226e-04,-1.327503175113335350e-03,2.166072121271237362e-04
3.550000000000000266e+00,6.207422340894133139e-01,-1.388997620263760641e-02,1.266942029119727531e-02,6.127589893510195784e-01,-6.591352997598351991e-03,6.981288442784424134e-04,-1.311820096059852997e-03,2.140951453681288054e-04
3.556250000000000355e+00,6.206556687187028132e-01,-1.381101736716509529e-02,1.259747556944730215e-02,6.127179108758801229e-01,-6.553794657496722804e-03,6.899784879048216331e-04,-1.296325097988816795e-03,2.116124887182884600e-04
3.562500000000000000e+00,6.205695954382158819e-01,-1.373250690411134851e-02,1.252594072419261316e-02,6.126770664739370487e-01,-6.516449372340943347e-03,6.819243935091189382e-04,-1.281015882457749167e-03,2.091588935844144765e-04
3.568750000000000089e+00,6.204840114536150919e-01,-1.365444225910272813e-02,1.245481340428970622e-02,6.126364548173849345e-01,-6.479315931120965301e-03,6.739654070581533544e-04,-1.265890179763199969e-03,2.067340155705025184e-04
3.575000000000000178e+00,6.203989139864818370e-01,-1.357682089241746617e-02,1.238409127227767074e-02,6.125960745859656553e-01,-6.442393129739585646e-03,6.661003886155453246e-04,-1.250945748571595604e-03,2.043375144262063502e-04
3.581250000000000266e+00,6.203143002742252943e-01,-1.349964027890036659e-02,1.231377200429611268e-02,6.125559244669249725e-01,-6.405679770972627814e-03,6.583282121655435054e-04,-1.236180375554966166e-03,2.019690539959577739e-04
3.587500000000000355e+00,6.202301675699916084e-01,-1.342289790787807614e-02,1.224385329000363121e-02,6.125160031549702344e-01,-6.369174664429363107e-03,6.506477654391162446e-04,-1.221591875031500986e-03,1.996283021687264895e-04
3.593750000000000000e+00,6.201465131425735189e-01,-1.334659128307484621e-02,1.217433283249681232e-02,6.124763093522271884e-01,-6.332876626513169772e-03,6.430579497422744557e-04,-1.207178088610859042e-03,1.973149308284110422e-04
3.600000000000000089e+00,6.200633342763205436e-01,-1.327071792252877171e-02,1.210520834822969780e-02,6.124368417681982368e-01,-6.296784480382407179e-03,6.355576797865937965e-04,-1.192936884844165513e-03,1.950286158048512614e-04
3.606250000000000178e+00,6.199806282710502714e-01,-1.319527535850859544e-02,1.203647756693384391e-02,6.123975991197195823e-01,-6.260897055911544135e-03,6.281458835219154435e-04,-1.178866158878645902e-03,1.927690368254573398e-04
3.612500000000000266e+00,6.198983924419593228e-01,-1.312026113743094274e-02,1.196813823153881386e-02,6.123585801309202603e-01,-6.225213189652495371e-03,6.208215019711859966e-04,-1.164963832116812717e-03,1.905358774674439514e-04
3.618750000000000355e+00,6.198166241195348647e-01,-1.304567281977809558e-02,1.190018809809320621e-02,6.123197835331799510e-01,-6.189731724796187010e-03,6.135834890674153738e-04,-1.151227851880158538e-03,1.883288251106641500e-04
3.625000000000000000e+00,6.197353206494676803e-01,-1.297150798001624195e-02,1.183262493568619338e-02,6.122812080650875677e-01,-6.154451511134356213e-03,6.064308114927233120e-04,-1.137656191077289535e-03,1.861475708910343481e-04
3.631250000000000089e+00,6.196544793925644612e-01,-1.289776420651420064e-02,1.176544652636952321e-02,6.122428524724005117e-01,-6.119371405021560746e-03,5.993624485194433589e-04,-1.124246847876432661e-03,1.839918096545424336e-04
3.637500000000000178e+00,6.195740977246615433e-01,-1.282443910146267678e-02,1.169865066508006361e-02,6.122047155080035941e-01,-6.084490269337428786e-03,5.923773918532655985e-04,-1.110997845382272501e-03,1.818612399118333051e-04
3.643750000000000266e+00,6.194941730365381982e-01,-1.275153028079394416e-02,1.163223515956278951e-02,6.121667959318681795e-01,-6.049806973449116040e-03,5.854746454783807050e-04,-1.097907231317038403e-03,1.797555637933616628e-04
3.650000000000000355e+00,6.194147027338319234e-01,-1.267903537410205311e-02,1.156619783029428847e-02,6.121290925110118852e-01,-6.015320393173985772e-03,5.786532255046059189e-04,-1.084973077705798971e-03,1.776744870051069842e-04
3.656250000000000000e+00,6.193356842369523996e-01,-1.260695202456348432e-02,1.150053651040673988e-02,6.120916040194585017e-01,-5.981029410742511737e-03,5.719121600164659477e-04,-1.072193480565902975e-03,1.756177187848426634e-04
3.662500000000000089e+00,6.192571149809972253e-01,-1.253527788885827957e-02,1.143524904561235046e-02,6.120543292381980249e-01,-5.946932914761382354e-03,5.652504889241986505e-04,-1.059566559600503373e-03,1.735849718589514527e-04
3.668750000000000178e+00,6.191789924156679836e-01,-1.246401063709167735e-02,1.137033329412832916e-02,6.120172669551466882e-01,-5.913029800176852063e-03,5.586672638166695695e-04,-1.047090457896123882e-03,1.715759623997823813e-04
3.675000000000000266e+00,6.191013140051860875e-01,-1.239314795271616657e-02,1.130578712660225936e-02,6.119804159651075492e-01,-5.879318968238276578e-03,5.521615478161576857e-04,-1.034763341624195037e-03,1.695904099835394486e-04
3.681250000000000355e+00,6.190240772282099568e-01,-1.232268753245404323e-02,1.124160842603799844e-02,6.119437750697314105e-01,-5.845799326461872773e-03,5.457324154349986293e-04,-1.022583399746519392e-03,1.676280375486971855e-04
3.687500000000000000e+00,6.189472795777523073e-01,-1.225262708622040439e-02,1.117779508772201620e-02,6.119073430774775169e-01,-5.812469788594695416e-03,5.393789524340550975e-04,-1.010548843724606892e-03,1.656885713549356839e-04
3.693750000000000089e+00,6.188709185610977714e-01,-1.218296433704660689e-02,1.111434501915019128e-02,6.118711188035748094e-01,-5.779329274578809059e-03,5.331002556829904067e-04,-9.986579072328251230e-04,1.637717409425879932e-04
3.700000000000000178e+00,6.187949916997212974e-01,-1.211369702100420498e-02,1.105125613995510542e-02,6.118351010699834003e-01,-5.746376710515694111e-03,5.268954330223275112e-04,-9.869088458753249617e-04,1.618772790925949773e-04
3.706250000000000266e+00,6.187194965292067694e-01,-1.204482288712930421e-02,1.098852638183374711e-02,6.117992887053560480e-01,-5.713611028630836801e-03,5.207636031272607413e-04,-9.752999369066720371e-04,1.600049217869586339e-04
3.712500000000000355e+00,6.186444305991664061e-01,-1.197633969734739241e-02,1.092615368847570621e-02,6.117636805449999660e-01,-5.681031167238538571e-03,5.147038953732046510e-04,-9.638294789561483193e-04,1.581544081696895933e-04
3.718750000000000000e+00,6.185697914731601577e-01,-1.190824522639860952e-02,1.086413601549180048e-02,6.117282754308392967e-01,-5.648636070706928441e-03,5.087154497030550379e-04,-9.524957917556698501e-04,1.563254805082414775e-04
3.725000000000000089e+00,6.184955767286161032e-01,-1.184053726176344593e-02,1.080247133034313578e-02,6.116930722113765873e-01,-5.616424689423174868e-03,5.027974164961360052e-04,-9.412972158712654266e-04,1.545178841554257511e-04
3.731250000000000178e+00,6.184217839567507369e-01,-1.177321360358892649e-02,1.074115761227066417e-02,6.116580697416561518e-01,-5.584395979758912699e-03,4.969489564388200565e-04,-9.302321124380828450e-04,1.527313675118023204e-04
3.737500000000000266e+00,6.183484107624905857e-01,-1.170627206461518147e-02,1.068019285222511841e-02,6.116232668832261021e-01,-5.552548904035858358e-03,4.911692403967878300e-04,-9.192988628988568939e-04,1.509656819885374769e-04
3.743750000000000355e+00,6.182754547643931620e-01,-1.163971047010249442e-02,1.061957505279743398e-02,6.115886625041015989e-01,-5.520882430491636655e-03,4.854574492889146228e-04,-9.084958687458057026e-04,1.492205819707252299e-04
3.750000000000000000e+00,6.182029135945692477e-01,-1.157352665775875783e-02,1.055930222814957693e-02,6.115542554787281038e-01,-5.489395533245798424e-03,4.798127739627595294e-04,-8.978215512659034041e-04,1.474958247811653043e-04
3.756250000000000089e+00,6.181307848986050679e-01,-1.150771847766736064e-02,1.049937240394580550e-02,6.115200446879442975e-01,-5.458087192266035045e-03,4.742344150716337205e-04,-8.872743512894820574e-04,1.457911706445913806e-04
3.762500000000000178e+00,6.180590663354855741e-01,-1.144228379221554071e-02,1.043978361728439483e-02,6.114860290189459979e-01,-5.426956393334609816e-03,4.687215829532339847e-04,-8.768527289421268337e-04,1.441063826523457012e-04
3.768750000000000266e+00,6.179877555775175058e-01,-1.137722047602310500e-02,1.038053391662974688e-02,6.114522073652497447e-01,-5.396002128014955844e-03,4.632734975098125297e-04,-8.665551633998062452e-04,1.424412267274919653e-04
3.775000000000000355e+00,6.179168503102528964e-01,-1.131252641587161996e-02,1.032162136174494434e-02,6.114185786266569389e-01,-5.365223393618489926e-03,4.578893880898696547e-04,-8.563801526472052160e-04,1.407954715903625279e-04
3.781250000000000000e+00,6.178463482324140221e-01,-1.124819951063400596e-02,1.026304402362472612e-02,6.113851417092176499e-01,-5.334619193171615502e-03,4.525684933713463079e-04,-8.463262132392129636e-04,1.391688887245340486e-04
3.787500000000000089e+00,6.177762470558173513e-01,-1.118423767120451870e-02,1.020479998442885318e-02,6.113518955251955322e-01,-5.304188535382902553e-03,4.473100612462963086e-04,-8.363918800655204813e-04,1.375612523432253285e-04
3.793750000000000178e+00,6.177065445052987158e-01,-1.112063882042921975e-02,1.014688733741595308e-02,6.113188389930320765e-01,-5.273930434610488681e-03,4.421133487070234890e-04,-8.265757061182961787e-04,1.359723393561138667e-04
3.800000000000000266e+00,6.176372383186392589e-01,-1.105740089303678016e-02,1.008930418687769767e-02,6.112859710373113042e-01,-5.243843910829644114e-03,4.369776217336580068e-04,-8.168762622628842783e-04,1.344019293365631112e-04
3.806250000000000355e+00,6.175683262464910506e-01,-1.099452183556974723e-02,1.003204864807345081e-02,6.112532905887252399e-01,-5.213927989600533608e-03,4.319021551831580034e-04,-8.072921370114949586e-04,1.328498044892575882e-04
3.812500000000000000e+00,6.174998060523034793e-01,-1.093199960631618950e-02,9.975118847165292610e-03,6.112207965840383839e-01,-5.184181702036173497e-03,4.268862326797167130e-04,-7.978219362998434198e-04,1.313157496182394289e-04
3.818750000000000089e+00,6.174316755122501998e-01,-1.086983217524175108e-02,9.918512921153444309e-03,6.111884879660537395e-01,-5.154604084770557024e-03,4.219291465065543706e-04,-7.884642832666948278e-04,1.297995520953410648e-04
3.825000000000000178e+00,6.173639324151561913e-01,-1.080801752392213620e-02,9.862229017812123438e-03,6.111563636835782853e-01,-5.125194179926993027e-03,4.170301974990829347e-04,-7.792178180362856459e-04,1.283010018290105388e-04
3.831250000000000266e+00,6.172965745624253708e-01,-1.074655364547594943e-02,9.806265295625771899e-03,6.111244226913884470e-01,-5.095951035086601633e-03,4.121886949394178244e-04,-7.700811975035689889e-04,1.268198912335223593e-04
3.837500000000000355e+00,6.172295997679689838e-01,-1.068543854449796777e-02,9.750619923725674376e-03,6.110926639501964575e-01,-5.066873703257007699e-03,4.074039564522252839e-04,-7.610530951222577601e-04,1.253560151985704267e-04
3.843750000000000000e+00,6.171630058581337730e-01,-1.062467023699279096e-02,9.695291081827000015e-03,6.110610864266161624e-01,-5.037961242841217276e-03,4.026753079018855364e-04,-7.521322006956220963e-04,1.239091710592379100e-04
3.850000000000000089e+00,6.170967906716308127e-01,-1.056424675030887862e-02,9.640276960166192788e-03,6.110296890931297131e-01,-5.009212717606662327e-03,3.980020832909534007e-04,-7.433172201700042562e-04,1.224791585663385441e-04
3.856250000000000178e+00,6.170309520594653430e-01,-1.050416612307300372e-02,9.585575759438795529e-03,6.109984709280542603e-01,-4.980627196654444089e-03,3.933836246599043394e-04,-7.346068754310199457e-04,1.210657798571263119e-04
3.862500000000000266e+00,6.169654878848657154e-01,-1.044442640512506688e-02,9.531185690737620925e-03,6.109674309155080918e-01,-4.952203754388742954e-03,3.888192819881427890e-04,-7.259999041024021689e-04,1.196688394263666940e-04
3.868750000000000355e+00,6.169003960232141148e-01,-1.038502565745330966e-02,9.477104975491324954e-03,6.109365680453782144e-01,-4.923941470486405299e-03,3.843084130962609005e-04,-7.174950593474567050e-04,1.182881440977664507e-04
3.875000000000000000e+00,6.168356743619769489e-01,-1.032596195212990252e-02,9.423331845403355028e-03,6.109058813132872690e-01,-4.895839429866716795e-03,3.798503835495303424e-04,-7.090911096730957101e-04,1.169235029957569488e-04
3.881250000000000089e+00,6.167713208006354586e-01,-1.026723337224690925e-02,9.369864542391265899e-03,6.108753697205607791e-01,-4.867896722661336183e-03,3.754445665626091164e-04,-7.007868387364081346e-04,1.155747275176259917e-04
3.887500000000000178e+00,6.167073332506175509e-01,-1.020883801185266254e-02,9.316701318526429340e-03,6.108450322741946215e-01,-4.840112444184425065e-03,3.710903429054530824e-04,-6.925810451537446231e-04,1.142416313059951979e-04
3.893750000000000266e+00,6.166437096352290759e-01,-1.015077397588846388e-02,9.263840435974108126e-03,6.108148679868230513e-01,-4.812485694902932098e-03,3.667871008104091031e-04,-6.844725423122697324e-04,1.129240302216366675e-04
3.900000000000000355e+00,6.165804478895861029e-01,-1.009303938012569984e-02,9.211280166933885627e-03,6.107848758766862840e-01,-4.785015580407056719e-03,3.625342358804805893e-04,-6.764601581839587005e-04,1.116217423166259679e-04
3.906250000000000000e+00,6.165175459605476416e-01,-1.003563235110330708e-02,9.159018793580489190e-03,6.107550549675987428e-01,-4.757701211380890687e-03,3.583311509987475584e-04,-6.685427351420015780e-04,1.103345878078268856e-04
3.912500000000000089e+00,6.164550018066482506e-01,-9.978551026065598031e-03,9.107054608004943111e-03,6.107254042889169732e-01,-4.730541703573211409e-03,3.541772562389255388e-04,-6.607191297795813288e-04,1.090623890507031325e-04
3.918750000000000178e+00,6.163928133980314250e-01,-9.921793552900496152e-03,9.055385912156122333e-03,6.106959228755086677e-01,-4.703536177768474769e-03,3.500719687770523702e-04,-6.529882127310016136e-04,1.078049705134542151e-04
3.925000000000000266e+00,6.163309787163830933e-01,-9.865358090078083300e-03,9.004011017782646148e-03,6.106666097677206917e-01,-4.676683759757947582e-03,3.460147128042831660e-04,-6.453488684951222973e-04,1.065621587514697748e-04
3.931250000000000355e+00,6.162694957548660035e-01,-9.809242806589539218e-03,8.952928246375124050e-03,6.106374640113484409e-01,-4.649983580311022220e-03,3.420049194407828144e-04,-6.377999952610792630e-04,1.053337823820994307e-04
3.937500000000000000e+00,6.162083625180541091e-01,-9.753445881886438351e-03,8.902135929108764140e-03,6.106084846576042002e-01,-4.623434775146698615e-03,3.380420266507010011e-04,-6.303405047362573054e-04,1.041196720597339242e-04
3.943750000000000089e+00,6.161475770218670656e-01,-9.697965505820379736e-03,8.851632406786335422e-03,6.105796707630867237e-01,-4.597036484905218066e-03,3.341254791582134358e-04,-6.229693219764808687e-04,1.029196604511930656e-04
3.950000000000000178e+00,6.160871372935055046e-01,-9.642799878583022816e-03,8.801416029781482242e-03,6.105510213897507032e-01,-4.570787855119883523e-03,3.302547283646210981e-04,-6.156853852184031133e-04,1.017335822114179755e-04
3.956250000000000266e+00,6.160270413713870852e-01,-9.587947210646419888e-03,8.751485157982378735e-03,6.105225356048755714e-01,-4.544688036189025587e-03,3.264292322664869559e-04,-6.084876457140525434e-04,1.005612739594619970e-04
3.962500000000000355e+00,6.159672873050816566e-01,-9.533405722703738872e-03,8.701838160735738889e-03,6.104942124810359694e-01,-4.518736183348137647e-03,3.226484553748015381e-04,-6.013750675675162737e-04,9.940257425477787962e-05
3.968750000000000000e+00,6.159078731552481978e-01,-9.479173645610324342e-03,8.652473416791159680e-03,6.104660510960713271e-01,-4.492931456642173214e-03,3.189118686351627235e-04,-5.943466275737295740e-04,9.825732357379691161e-05
3.975000000000000089e+00,6.158487969935712014e-01,-9.425249220325077754e-03,8.603389314245802472e-03,6.104380505330555540e-01,-4.467273020897995911e-03,3.152189493489554895e-04,-5.874013150593404694e-04,9.712536428679613854e-05
3.981250000000000178e+00,6.157900569026975024e-01,-9.371630697852241856e-03,8.554584250489443917e-03,6.104102098802677290e-01,-4.441760045697009003e-03,3.115691810955218636e-04,-5.805381317256295536e-04,9.600654063505109290e-05
3.987500000000000266e+00,6.157316509761743273e-01,-9.318316339183469604e-03,8.506056632149816554e-03,6.103825282311621248e-01,-4.416391705347918507e-03,3.079620536553042700e-04,-5.737560914934481532e-04,9.490069870826878988e-05
3.993750000000000355e+00,6.156735773183862337e-01,-9.265304415240267766e-03,8.457804875038324108e-03,6.103550046843391197e-01,-4.391167178859674107e-03,3.043970629339527874e-04,-5.670542203501550017e-04,9.380768642229883473e-05
4.000000000000000000e+00,6.156158340444939370e-01,-9.212593206816761457e-03,8.409827404096067299e-03,6.103276383435152219e-01,-4.366085649914554917e-03,3.008737108873828724e-04,-5.604315561985221501e-04,9.272735349711861623e-05
4.006249999999999645e+00,6.155584192803724708e-01,-9.160181004522800416e-03,8.362122653340199260e-03,6.103004283174949807e-01,-4.341146306841414844e-03,2.973915054477704292e-04,-5.538871487075834425e-04,9.165955143508873774e-05
4.012500000000000178e+00,6.155013311625496808e-01,-9.108066108727398344e-03,8.314689065810615745e-03,6.102733737201408992e-01,-4.316348342589083203e-03,2.939499604504740358e-04,-5.474200591654019210e-04,9.060413349947623251e-05
4.018750000000000711e+00,6.154445678381462725e-01,-9.056246829502524395e-03,8.267525093516987084e-03,6.102464736703455683e-01,-4.291690954699927535e-03,2.905485955618722902e-04,-5.410293603337315484e-04,8.956095469324174159e-05
4.025000000000000355e+00,6.153881274648145272e-01,-9.004721486567198244e-03,8.220629197386081569e-03,6.102197272920024673e-01,-4.267173345283556060e-03,2.871869362081016955e-04,-5.347141363045422417e-04,8.852987173808669701e-05
4.031250000000000000e+00,6.153320082106783495e-01,-8.953488409231899134e-03,8.173999847209414971e-03,6.101931337139775424e-01,-4.242794720990671065e-03,2.838645135046853249e-04,-5.284734823583877228e-04,8.751074305375784030e-05
4.037500000000000533e+00,6.152762082542739819e-01,-8.902545936343342695e-03,8.127635521591243528e-03,6.101666920700814511e-01,-4.218554292987087943e-03,2.805808641870431068e-04,-5.223065048245943958e-04,8.650342873760631169e-05
4.043750000000000178e+00,6.152207257844899413e-01,-8.851892416229587349e-03,8.081534707896869188e-03,6.101404014990408076e-01,-4.194451276927907771e-03,2.773355305418705001e-04,-5.162123209432465309e-04,8.550779054439778637e-05
4.049999999999999822e+00,6.151655590005083996e-01,-8.801526206645392258e-03,8.035695902201227606e-03,6.101142611444702046e-01,-4.170484892931805229e-03,2.741280603393701667e-04,-5.101900587289321916e-04,8.452369186636903627e-05
4.056250000000000355e+00,6.151107061117458974e-01,-8.751445674717960380e-03,7.990117609237816151e-03,6.100882701548449027e-01,-4.146654365555505622e-03,2.709580067663340920e-04,-5.042388568362457871e-04,8.355099771353040252e-05
4.062500000000000000e+00,6.150561653377958349e-01,-8.701649196893007643e-03,7.944798342347960188e-03,6.100624276834727411e-01,-4.122958923768398933e-03,2.678249283600604865e-04,-4.983578644270133130e-04,8.258957469420976033e-05
4.068749999999999645e+00,6.150019349083692966e-01,-8.652135158881078467e-03,7.899736623430310065e-03,6.100367328884670481e-01,-4.099397800927273572e-03,2.647283889430915912e-04,-4.925462410392116583e-04,8.163929099583377513e-05
4.075000000000000178e+00,6.149480130632382080e-01,-8.602901955604239440e-03,7.854930982890716284e-03,6.100111849327185531e-01,-4.075970234751234017e-03,2.616679575587691343e-04,-4.868031564575741178e-04,8.070001636594592131e-05
4.081250000000000711e+00,6.148943980521774932e-01,-8.553947991143080049e-03,7.810379959592396101e-03,6.099857829838689627e-01,-4.052675467296748546e-03,2.586432084075931817e-04,-4.811277905858514807e-04,7.977162209345689970e-05
4.087500000000000355e+00,6.148410881349080093e-01,-8.505271678683992698e-03,7.766082100806377675e-03,6.099605262142837603e-01,-4.029512744932833151e-03,2.556537207843721836e-04,-4.755193333207048440e-04,7.885398099012418767e-05
4.093750000000000000e+00,6.147880815810400357e-01,-8.456871440466764978e-03,7.722035962162250404e-03,6.099354138010248949e-01,-4.006481318316383773e-03,2.526990790161563576e-04,-4.699769844272111766e-04,7.794696737225835005e-05
4.100000000000000533e+00,6.147353766700165423e-01,-8.408745707732510205e-03,7.678240107599232714e-03,6.099104449258245797e-01,-3.983580442367655981e-03,2.497788724009460050e-04,-4.644999534159644492e-04,7.705045704265382062e-05
4.106250000000000178e+00,6.146829716910573449e-01,-8.360892920671899806e-03,7.634693109317550359e-03,6.098856187750585356e-01,-3.960809376245895581e-03,2.468926951471629434e-04,-4.590874594217483158e-04,7.616432727274094212e-05
4.112499999999999822e+00,6.146308649431031501e-01,-8.313311528373642026e-03,7.591393547730044579e-03,6.098609345397193460e-01,-3.938167383325078506e-03,2.440401463138721250e-04,-4.537387310837518307e-04,7.528845678495522616e-05
4.118750000000000355e+00,6.145790547347602661e-01,-8.265999988773328408e-03,7.548340011414137601e-03,6.098363914153906995e-01,-3.915653731169818109e-03,2.412208297517506503e-04,-4.484530064273222947e-04,7.442272573532329098e-05
4.125000000000000000e+00,6.145275393842454248e-01,-8.218956768602569962e-03,7.505531097064087852e-03,6.098119886022207448e-01,-3.893267691511418608e-03,2.384343540447911118e-04,-4.432295327472276884e-04,7.356701569626187198e-05
4.131249999999999645e+00,6.144763172193308254e-01,-8.172180343338376202e-03,7.462965409443471539e-03,6.097877253048964441e-01,-3.871008540224028707e-03,2.356803324527260675e-04,-4.380675664924020790e-04,7.272120963958589356e-05
4.137500000000000178e+00,6.144253865772897338e-01,-8.125669197152893264e-03,7.420641561338020727e-03,6.097636007326175944e-01,-3.848875557300969561e-03,2.329583828541722623e-04,-4.329663731521685762e-04,7.188519191972529059e-05
4.143750000000000711e+00,6.143747458048424148e-01,-8.079421822863423058e-03,7.378558173508725955e-03,6.097396140990711810e-01,-3.826868026831191979e-03,2.302681276904805833e-04,-4.279252271439117593e-04,7.105884825714679819e-05
4.150000000000000355e+00,6.143243932581019529e-01,-8.033436721882706091e-03,7.336713874645209472e-03,6.097157646224061756e-01,-3.804985236975858519e-03,2.276091939102822359e-04,-4.229434117021798408e-04,7.024206572197768783e-05
4.156250000000000000e+00,6.142743273025210726e-01,-7.987712404169506134e-03,7.295107301319376028e-03,6.096920515252076678e-01,-3.783226479945060467e-03,2.249812129147235509e-04,-4.180202187691993833e-04,6.943473271782949797e-05
4.162500000000000533e+00,6.142245463128386262e-01,-7.942247388179501932e-03,7.253737097939366371e-03,6.096684740344716635e-01,-3.761591051974682697e-03,2.223838205033823478e-04,-4.131549488867882034e-04,6.863673896581968593e-05
4.168750000000000178e+00,6.141750486730266356e-01,-7.897040200816466890e-03,7.212601916703799583e-03,6.096450313815806599e-01,-3.740078253303402971e-03,2.198166568208557178e-04,-4.083469110896445617e-04,6.784797548878840887e-05
4.174999999999999822e+00,6.141258327762376679e-01,-7.852089377383693336e-03,7.171700417556233983e-03,6.096217228022775547e-01,-3.718687388149798795e-03,2.172793663040072185e-04,-4.035954227999887867e-04,6.706833459570674799e-05
4.181250000000000355e+00,6.140768970247525438e-01,-7.807393461535737725e-03,7.131031268139957635e-03,6.095985475366422213e-01,-3.697417764689612998e-03,2.147715976298717182e-04,-3.988998097235515864e-04,6.629770986627626711e-05
4.187500000000000000e+00,6.140282398299284905e-01,-7.762951005230459001e-03,7.090593143753052933e-03,6.095755048290655287e-01,-3.676268695033149854e-03,2.122930036642062084e-04,-3.942594057468850862e-04,6.553599613571621963e-05
4.193749999999999645e+00,6.139798596121467389e-01,-7.718760568681283345e-03,7.050384727303678038e-03,6.095525939282258054e-01,-3.655239495202776585e-03,2.098432414106749281e-04,-3.896735528359734457e-04,6.478308947973530029e-05
4.200000000000000178e+00,6.139317548007618974e-01,-7.674820720309791580e-03,7.010404709265670962e-03,6.095298140870638592e-01,-3.634329485110578389e-03,2.074219719606674734e-04,-3.851416009361383931e-04,6.403888719968741305e-05
4.206250000000000711e+00,6.138839238340503268e-01,-7.631130036698589338e-03,6.970651787634416473e-03,6.095071645627591073e-01,-3.613537988536141832e-03,2.050288604437381539e-04,-3.806629078732150641e-04,6.330328780790837884e-05
4.212500000000000355e+00,6.138363651591591807e-01,-7.587687102544422683e-03,6.931124667882952381e-03,6.094846446167051512e-01,-3.592864333104455778e-03,2.026635759786575986e-04,-3.762368392559809079e-04,6.257619101323058793e-05
4.218750000000000000e+00,6.137890772320562238e-01,-7.544490510611560029e-03,6.891822062918347321e-03,6.094622535144861297e-01,-3.572307850263935474e-03,2.003257916250703768e-04,-3.718627683798230235e-04,6.185749770667420115e-05
4.225000000000000533e+00,6.137420585174793164e-01,-7.501538861685486288e-03,6.852742693038354344e-03,6.094399905258525152e-01,-3.551867875264589757e-03,1.980151843357522905e-04,-3.675400761316303185e-04,6.114710994731293464e-05
4.231250000000000178e+00,6.136953074888863435e-01,-7.458830764526858982e-03,6.813885285888338604e-03,6.094178549246979104e-01,-3.531543747136314457e-03,1.957314349094584223e-04,-3.632681508958931983e-04,6.044493094831190764e-05
4.237499999999999822e+00,6.136488226284058101e-01,-7.416364835825683781e-03,6.775248576418411474e-03,6.093958459890351786e-01,-3.511334808667284681e-03,1.934742279443515836e-04,-3.590463884619880179e-04,5.975086506313448338e-05
4.243750000000000355e+00,6.136026024267871026e-01,-7.374139700155811841e-03,6.736831306840873439e-03,6.093739630009729069e-01,-3.491240406382500189e-03,1.912432517920093465e-04,-3.548741919326423911e-04,5.906481777191783904e-05
4.250000000000000000e+00,6.135566453833515288e-01,-7.332153989929702555e-03,6.698632226587906795e-03,6.093522052466923133e-01,-3.471259890522451329e-03,1.890381985119996596e-04,-3.507509716335607602e-04,5.838669566801412715e-05
4.256249999999999645e+00,6.135109500059435783e-01,-7.290406345353390993e-03,6.660650092269483451e-03,6.093305720164242656e-01,-3.451392615021884724e-03,1.868587638270147731e-04,-3.466761450241886478e-04,5.771640644469446397e-05
4.262500000000000178e+00,6.134655148108819622e-01,-7.248895414381780616e-03,6.622883667631567634e-03,6.093090626044257441e-01,-3.431637937488715099e-03,1.847046470785621453e-04,-3.426491366096126655e-04,5.705385888201533798e-05
4.268750000000000711e+00,6.134203383229117623e-01,-7.207619852674182308e-03,6.585331723514564924e-03,6.092876763089575265e-01,-3.411995219183056819e-03,1.825755511832022218e-04,-3.386693778535749188e-04,5.639896283384453175e-05
4.275000000000000355e+00,6.133754190751562474e-01,-7.166578323550092805e-03,6.547993037811999407e-03,6.092664124322610952e-01,-3.392463824996366003e-03,1.804711825893252517e-04,-3.347363070925856560e-04,5.575162921504428010e-05
4.281250000000000000e+00,6.133307556090690227e-01,-7.125769497945225531e-03,6.510866395429442365e-03,6.092452702805357667e-01,-3.373043123430700171e-03,1.783912512344614236e-04,-3.308493694511221777e-04,5.511176998881003853e-05
4.287500000000000533e+00,6.132863464743867343e-01,-7.085192054367831990e-03,6.473950588243703765e-03,6.092242491639170421e-01,-3.353732486578111030e-03,1.763354705031187908e-04,-3.270080167579022461e-04,5.447929815416341148e-05
4.293750000000000178e+00,6.132421902290816629e-01,-7.044844678855267765e-03,6.437244415062274433e-03,6.092033483964530705e-01,-3.334531290100157391e-03,1.743035571851416681e-04,-3.232117074632163251e-04,5.385412773359694356e-05
4.299999999999999822e+00,6.131982854393150939e-01,-7.004726064930772746e-03,6.400746681582969444e-03,6.091825672960835547e-01,-3.315438913207512193e-03,1.722952314345795792e-04,-3.194599065572993547e-04,5.323617376086802242e-05
4.306250000000000355e+00,6.131546306793903556e-01,-6.964834913560548867e-03,6.364456200353850804e-03,6.091619051846167698e-01,-3.296454738639709604e-03,1.703102167290659148e-04,-3.157520854897379373e-04,5.262535226894170351e-05
4.312500000000000000e+00,6.131112245317067444e-01,-6.925169933111085044e-03,6.328371790733400802e-03,6.091413613877080246e-01,-3.277578152645013558e-03,1.683482398296970309e-04,-3.120877220898958071e-04,5.202158027807974640e-05
4.318749999999999645e+00,6.130680655867132289e-01,-6.885729839306683336e-03,6.292492278850876641e-03,6.091209352348375683e-01,-3.258808544960371291e-03,1.664090307414029250e-04,-3.084663004883377957e-04,5.142477578407330773e-05
4.325000000000000178e+00,6.130251524428624865e-01,-6.846513355187281748e-03,6.256816497566959102e-03,6.091006260592890520e-01,-3.240145308791512156e-03,1.644923226738086760e-04,-3.048873110392508841e-04,5.083485774661904041e-05
4.331250000000000711e+00,6.129824837065657173e-01,-6.807519211066518153e-03,6.221343286434624122e-03,6.090804331981276576e-01,-3.221587840793153999e-03,1.625978520025771613e-04,-3.013502502438422290e-04,5.025174607783601695e-05
4.337500000000000355e+00,6.129400579921465697e-01,-6.768746144490009331e-03,6.186071491660230341e-03,6.090603559921788923e-01,-3.203135541049317078e-03,1.607253582312264111e-04,-2.978546206747013708e-04,4.967536163092139690e-05
4.343750000000000000e+00,6.128978739217970650e-01,-6.730192900193884137e-03,6.150999966064838245e-03,6.090403937860069394e-01,-3.184787813053748147e-03,1.588745839534169907e-04,-2.943999309011156168e-04,4.910562618894357789e-05
4.350000000000000533e+00,6.128559301255319669e-01,-6.691858230063564734e-03,6.116127569045785167e-03,6.090205459278937861e-01,-3.166544063690469001e-03,1.570452748157039914e-04,-2.909856954153281394e-04,4.854246245377131234e-05
4.356250000000000178e+00,6.128142252411444835e-01,-6.653740893092808910e-03,6.081453166538488414e-03,6.090008117698176848e-01,-3.148403703214438642e-03,1.552371794807473669e-04,-2.876114345597251807e-04,4.798579403513702812e-05
4.362499999999999822e+00,6.127727579141621916e-01,-6.615839655342925854e-03,6.046975630978436607e-03,6.089811906674320596e-01,-3.130366145232304793e-03,1.534500495909721872e-04,-2.842766744549358299e-04,4.743554543983171718e-05
4.368750000000000355e+00,6.127315267978026281e-01,-6.578153289902291187e-03,6.012693841263449905e-03,6.089616819800454106e-01,-3.112430806683288542e-03,1.516836397326776708e-04,-2.809809469288407423e-04,4.689164206103137167e-05
4.375000000000000000e+00,6.126905305529298795e-01,-6.540680576846086627e-03,5.978606682716166611e-03,6.089422850705994428e-01,-3.094597107820179147e-03,1.499377074005871886e-04,-2.777237894464737521e-04,4.635401016775246732e-05
4.381249999999999645e+00,6.126497678480106179e-01,-6.503420303196232218e-03,5.944713047046709317e-03,6.089229993056495260e-01,-3.076864472190414708e-03,1.482120129628312173e-04,-2.745047450408012561e-04,4.582257689443434588e-05
4.387500000000000178e+00,6.126092373590711349e-01,-6.466371262881595236e-03,5.911011832315617338e-03,6.089038240553430459e-01,-3.059232326617295113e-03,1.465063196263627267e-04,-2.713233622443755183e-04,4.529727023064823916e-05
4.393750000000000711e+00,6.125689377696540427e-01,-6.429532256698424625e-03,5.877501942896994243e-03,6.088847586934000855e-01,-3.041700101181301664e-03,1.448203934027963546e-04,-2.681791950218466621e-04,4.477801901093059005e-05
4.400000000000000355e+00,6.125288677707759755e-01,-6.392902092270998787e-03,5.844182289441861820e-03,6.088658025970922205e-01,-3.024267229201510390e-03,1.431540030746662729e-04,-2.650718027033206118e-04,4.426475290473899004e-05
4.406250000000000000e+00,6.124890260608842896e-01,-6.356479584012496298e-03,5.811051788841720481e-03,6.088469551472228680e-01,-3.006933147217115930e-03,1.415069201620974338e-04,-2.620007499185537134e-04,4.375740240652946605e-05
4.412500000000000533e+00,6.124494113458153199e-01,-6.320263553086114677e-03,5.778109364192360320e-03,6.088282157281069695e-01,-2.989697294969071231e-03,1.398789188898869149e-04,-2.589656065319757925e-04,4.325589882595387662e-05
4.418750000000000178e+00,6.124100223387520803e-01,-6.284252827366425091e-03,5.745353944757879486e-03,6.088095837275513400e-01,-2.972559115381832612e-03,1.382697761549886689e-04,-2.559659475785281552e-04,4.276017427817586545e-05
4.424999999999999822e+00,6.123708577601826297e-01,-6.248446241400900519e-03,5.712784465934883822e-03,6.087910585368342398e-01,-2.955518054545191141e-03,1.366792714943950099e-04,-2.530013532003036253e-04,4.227016167430296025e-05
4.431250000000000355e+00,6.123319163378582175e-01,-6.212842636371711941e-03,5.680399869216933711e-03,6.087726395506865007e-01,-2.938573561696227604e-03,1.351071870534134003e-04,-2.500714085839841221e-04,4.178579471193495220e-05
4.437500000000000000e+00,6.122931968067520936e-01,-6.177440860057751768e-03,5.648199102159212961e-03,6.087543261672709871e-01,-2.921725089201372000e-03,1.335533075543319777e-04,-2.471757038990630376e-04,4.130700786582618437e-05
4.443749999999999645e+00,6.122546979090183195e-01,-6.142239766796825547e-03,5.616181118343352950e-03,6.087361177881637220e-01,-2.904972092538546727e-03,1.320174202654666670e-04,-2.443138342368378845e-04,4.083373637865999418e-05
4.450000000000000178e+00,6.122164183939511339e-01,-6.107238217448111676e-03,5.584344877342518713e-03,6.087180138183344580e-01,-2.888314030279429036e-03,1.304993149705892274e-04,-2.414853995501708853e-04,4.036591625193499799e-05
4.456250000000000711e+00,6.121783570179439860e-01,-6.072435079354833627e-03,5.552689344686693659e-03,6.087000136661270266e-01,-2.871750364071819304e-03,1.289987839387291316e-04,-2.386900045940037595e-04,3.990348423696122573e-05
4.462500000000000355e+00,6.121405125444492334e-01,-6.037829226307127317e-03,5.521213491828147295e-03,6.086821167432405755e-01,-2.855280558622095601e-03,1.275156218943442098e-04,-2.359272588666152159e-04,3.944637782596449284e-05
4.468750000000000000e+00,6.121028837439381753e-01,-6.003419538505123595e-03,5.489916296107119793e-03,6.086643224647101391e-01,-2.838904081677771484e-03,1.260496259878558832e-04,-2.331967765516139684e-04,3.899453524329809460e-05
4.475000000000000533e+00,6.120654693938605284e-01,-5.969204902522268381e-03,5.458796740717717332e-03,6.086466302488880986e-01,-2.822620404010163942e-03,1.246005957665457359e-04,-2.304981764606587897e-04,3.854789543676055577e-05
4.481250000000000178e+00,6.120282682786056805e-01,-5.935184211268850103e-03,5.427853814674019062e-03,6.086290395174247525e-01,-2.806428999397162817e-03,1.231683331458079209e-04,-2.278310819768953048e-04,3.810639806901812101e-05
4.487499999999999822e+00,6.119912791894620563e-01,-5.901356363955708416e-03,5.397086512776346282e-03,6.086115496952504422e-01,-2.790329344606076560e-03,1.217526423807511272e-04,-2.251951209990966484e-04,3.766998350912992592e-05
4.493750000000000355e+00,6.119545009245788147e-01,-5.867720266058184912e-03,5.366493835577767525e-03,6.085941602105559012e-01,-2.774320919376599848e-03,1.203533300381491312e-04,-2.225899258865054109e-04,3.723859282417586242e-05
4.500000000000000000e+00,6.119179322889262140e-01,-5.834274829280288073e-03,5.336074789350809221e-03,6.085768704947746022e-01,-2.758403206403877914e-03,1.189702049687341184e-04,-2.200151334043649745e-04,3.681216777098511909e-05
4.506249999999999645e+00,6.118815720942569758e-01,-5.801018971519023015e-03,5.305828386054314665e-03,6.085596799825637726e-01,-2.742575691321647198e-03,1.176030782798264470e-04,-2.174703846701273925e-04,3.639065078796385814e-05
4.512500000000000178e+00,6.118454191590679825e-01,-5.767951616828965837e-03,5.275753643300546726e-03,6.085425881117865199e-01,-2.726837862685493104e-03,1.162517633083001885e-04,-2.149553251003366431e-04,3.597398498702167693e-05
4.518750000000000711e+00,6.118094723085611975e-01,-5.735071695387046128e-03,5.245849584322480504e-03,6.085255943234931797e-01,-2.711189211956203590e-03,1.149160755938785779e-04,-2.124696043581740350e-04,3.556211414559516638e-05
4.525000000000000355e+00,6.117737303746063615e-01,-5.702378143457505558e-03,5.216115237941265116e-03,6.085086980619034414e-01,-2.695629233483205593e-03,1.135958328527542365e-04,-2.100128763016568157e-04,3.515498269876719779e-05
4.531250000000000000e+00,6.117381921957022461e-01,-5.669869903357068093e-03,5.186549638533887591e-03,6.084918987743884733e-01,-2.680157424488101205e-03,1.122908549515313478e-04,-2.075847989324830468e-04,3.475253573148092144e-05
4.537500000000000533e+00,6.117028566169395720e-01,-5.637545923420319259e-03,5.157151826001042313e-03,6.084751959114527153e-01,-2.664773285048304026e-03,1.110009638814862110e-04,-2.051850343455152638e-04,3.435471897084765711e-05
4.543750000000000178e+00,6.116677224899631504e-01,-5.605405157965304835e-03,5.127920845735188700e-03,6.084585889267163372e-01,-2.649476318080771792e-03,1.097259837331416828e-04,-2.028132486788945994e-04,3.396147877854723316e-05
4.549999999999999822e+00,6.116327886729348018e-01,-5.573446567259272670e-03,5.098855748588769325e-03,6.084420772768973640e-01,-2.634266029325813170e-03,1.084657406711499406e-04,-2.004691120647730102e-04,3.357276214331918852e-05
4.556250000000000355e+00,6.115980540304960522e-01,-5.541669117484662559e-03,5.069955590842648366e-03,6.084256604217942455e-01,-2.619141927331009468e-03,1.072200629094827650e-04,-1.981522985806626047e-04,3.318851667354462756e-05
4.562500000000000000e+00,6.115635174337313851e-01,-5.510071780705291279e-03,5.041219434174739125e-03,6.084093378242682038e-01,-2.604103523435222656e-03,1.059887806869240582e-04,-1.958624862013903084e-04,3.280869058991726413e-05
4.568749999999999645e+00,6.115291777601316037e-01,-5.478653534832690283e-03,5.012646345628776409e-03,6.083931089502260248e-01,-2.589150331752683182e-03,1.047717262428591212e-04,-1.935993567516480535e-04,3.243323271820185903e-05
4.575000000000000178e+00,6.114950338935576379e-01,-5.447413363592681912e-03,4.984235397583312681e-03,6.083769732686026277e-01,-2.574281869157182302e-03,1.035687337933602982e-04,-1.913625958591360548e-04,3.206209248208017980e-05
4.581250000000000711e+00,6.114610847242035740e-01,-5.416350256492136889e-03,4.955985667720896361e-03,6.083609302513437456e-01,-2.559497655266355920e-03,1.023796395075633904e-04,-1.891518929082888171e-04,3.169521989608274789e-05
4.587500000000000355e+00,6.114273291485615713e-01,-5.385463208785918297e-03,4.927896238997410590e-03,6.083449793733890498e-01,-2.544797212426049091e-03,1.012042814843308413e-04,-1.869669409945750921e-04,3.133256555860511978e-05
4.593750000000000000e+00,6.113937660693852250e-01,-5.354751221444005102e-03,4.899966199611595873e-03,6.083291201126550529e-01,-2.530180065694772468e-03,1.000424997291987926e-04,-1.848074368793662552e-04,3.097408064500809216e-05
4.600000000000000533e+00,6.113603943956543718e-01,-5.324213301118829039e-03,4.872194642974768744e-03,6.083133519500183439e-01,-2.515645742828251982e-03,9.889413613160507178e-05,-1.826730809453664620e-04,3.061971690080071972e-05
4.606250000000000178e+00,6.113272130425397854e-01,-5.293848460112802329e-03,4.844580667680722583e-03,6.082976743692984911e-01,-2.501193774264072207e-03,9.775903444239420544e-05,-1.805635771525971299e-04,3.026942663490524453e-05
4.612499999999999822e+00,6.112942209313675379e-01,-5.263655716345998908e-03,4.817123377475770671e-03,6.082820868572414996e-01,-2.486823693106389975e-03,9.663704025159431082e-05,-1.784786329949250930e-04,2.992316271300226986e-05
4.618750000000000355e+00,6.112614169895843608e-01,-5.233634093324050773e-03,4.789821881229003493e-03,6.082665889035032691e-01,-2.472535035110751643e-03,9.552800096646553896e-05,-1.764179594571332649e-04,2.958087855095613110e-05
4.625000000000000000e+00,6.112288001507226731e-01,-5.203782620106240341e-03,4.762675292902716039e-03,6.082511800006329405e-01,-2.458327338668997962e-03,9.443176578981502835e-05,-1.743812709725242138e-04,2.924252810831910174e-05
4.631249999999999645e+00,6.111963693543660536e-01,-5.174100331273735059e-03,4.735682731522978216e-03,6.082358596440564646e-01,-2.444200144794239637e-03,9.334818569857386962e-05,-1.723682853810468380e-04,2.890806588191293343e-05
4.637500000000000178e+00,6.111641235461146016e-01,-5.144586266898038864e-03,4.708843321150416907e-03,6.082206273320603929e-01,-2.430152997105933937e-03,9.227711342263553911e-05,-1.703787238879453283e-04,2.857744689948775731e-05
4.643750000000000711e+00,6.111320616775511860e-01,-5.115239472509629237e-03,4.682156190851160214e-03,6.082054825657753350e-01,-2.416185441815046301e-03,9.121840342395096308e-05,-1.684123110229204172e-04,2.825062671345685231e-05
4.650000000000000355e+00,6.111001827062068070e-01,-5.086058999066753010e-03,4.655620474667938706e-03,6.081904248491604159e-01,-2.402297027709289576e-03,9.017191187587666188e-05,-1.664687745997957562e-04,2.792756139470622346e-05
4.656250000000000000e+00,6.110684855955272887e-01,-5.057043902924405164e-03,4.629235311591361861e-03,6.081754536889864005e-01,-2.388487306138446092e-03,8.913749664277348026e-05,-1.645478456766839761e-04,2.760820752647831250e-05
4.662500000000000533e+00,6.110369693148394177e-01,-5.028193245803500196e-03,4.602999845531372328e-03,6.081605685948204831e-01,-2.374755830999785138e-03,8.811501725985317990e-05,-1.626492585166474682e-04,2.729252219832907172e-05
4.668750000000000178e+00,6.110056328393175251e-01,-4.999506094760230827e-03,4.576913225288877993e-03,6.081457690790098569e-01,-2.361102158723561543e-03,8.710433491326969571e-05,-1.607727505488465414e-04,2.698046300015738454e-05
4.674999999999999822e+00,6.109744751499502913e-01,-4.970981522155559426e-03,4.550974604527510681e-03,6.081310546566662811e-01,-2.347525848258582345e-03,8.610531242045025831e-05,-1.589180623301659839e-04,2.667198801630551156e-05
4.681250000000000355e+00,6.109434952335075497e-01,-4.942618605624929731e-03,4.525183141745593024e-03,6.081164248456500943e-01,-2.334026461057874501e-03,8.511781421066623356e-05,-1.570849375073191611e-04,2.636705581973049082e-05
4.687500000000000000e+00,6.109126920825075358e-01,-4.914416428048144249e-03,4.499538000248260589e-03,6.081018791665548928e-01,-2.320603561064432403e-03,8.414170630583934249e-05,-1.552731227794208150e-04,2.606562546624521836e-05
4.693749999999999645e+00,6.108820646951843569e-01,-4.886374077519389965e-03,4.474038348119723646e-03,6.080874171426918773e-01,-2.307256714697030441e-03,8.317685630157904653e-05,-1.534823678610204047e-04,2.576765648882801317e-05
4.700000000000000178e+00,6.108516120754550194e-01,-4.858490647317464418e-03,4.448683358195719764e-03,6.080730383000745309e-01,-2.293985490836136180e-03,8.222313334845082733e-05,-1.517124254455948782e-04,2.547310889200055117e-05
4.706250000000000711e+00,6.108213332328875644e-01,-4.830765235876170911e-03,4.423472208036127729e-03,6.080587421674028548e-01,-2.280789460809898132e-03,8.128040813347106467e-05,-1.499630511694925261e-04,2.518194314627294860e-05
4.712500000000000355e+00,6.107912271826688722e-01,-4.803196946754873312e-03,4.398404079897724576e-03,6.080445282760487125e-01,-2.267668198380211591e-03,8.034855286182534140e-05,-1.482340035763210875e-04,2.489412018265503595e-05
4.718750000000000000e+00,6.107612929455723538e-01,-4.775784888609213921e-03,4.373478160707103095e-03,6.080303961600403984e-01,-2.254621279728858622e-03,7.942744123880797990e-05,-1.465250440817759871e-04,2.460960138723319906e-05
4.725000000000000533e+00,6.107315295479268658e-01,-4.748528175162023031e-03,4.348693642033769728e-03,6.080163453560474274e-01,-2.241648283443738697e-03,7.851694845198045169e-05,-1.448359369389039350e-04,2.432834859581215029e-05
4.731250000000000178e+00,6.107019360215844017e-01,-4.721425925174391539e-03,4.324049720063394275e-03,6.080023754033656580e-01,-2.228748790505179992e-03,7.761695115354585517e-05,-1.431664492037952997e-04,2.405032408862069142e-05
4.737499999999999822e+00,6.106725114038892288e-01,-4.694477262416884081e-03,4.299545595571190558e-03,6.079884858439023043e-01,-2.215922384272309229e-03,7.672732744293513790e-05,-1.415163507016979931e-04,2.377549058508031957e-05
4.743750000000000355e+00,6.106432547376463571e-01,-4.667681315640943851e-03,4.275180473895483571e-03,6.079746762221615031e-01,-2.203168650469521268e-03,7.584795684960513138e-05,-1.398854139935514016e-04,2.350381123863665248e-05
4.750000000000000000e+00,6.106141650710906754e-01,-4.641037218550473492e-03,4.250953564911431892e-03,6.079609460852289926e-01,-2.190487177173019388e-03,7.497872031604430542e-05,-1.382734143429332368e-04,2.323524963165246360e-05
4.756249999999999645e+00,6.105852414578558651e-01,-4.614544109773532216e-03,4.226864083004874990e-03,6.079472949827576800e-01,-2.177877554797424519e-03,7.411950018098275911e-05,-1.366801296834115780e-04,2.296976977036134775e-05
4.762500000000000178e+00,6.105564829569442020e-01,-4.588201132834240220e-03,4.202911247046359211e-03,6.079337224669532080e-01,-2.165339376082468185e-03,7.327018016280615015e-05,-1.351053405863017031e-04,2.270733607988188534e-05
4.768750000000000711e+00,6.105278886326953591e-01,-4.562007436124838368e-03,4.179094280365321622e-03,6.079202280925595225e-01,-2.152872236079768700e-03,7.243064534316975443e-05,-1.335488302288197909e-04,2.244791339929122417e-05
4.775000000000000355e+00,6.104994575547566527e-01,-4.535962172877889241e-03,4.155412410724401359e-03,6.079068114168439951e-01,-2.140475732139669827e-03,7.160078215080979615e-05,-1.320103843626280746e-04,2.219146697675724884e-05
4.781250000000000000e+00,6.104711887980525109e-01,-4.510064501138644731e-03,4.131864870293911439e-03,6.078934719995835456e-01,-2.128149463898157054e-03,7.078047834555025960e-05,-1.304897912827674355e-04,2.193796246472876858e-05
4.787500000000000533e+00,6.104430814427547203e-01,-4.484313583737586234e-03,4.108450895626467557e-03,6.078802094030504310e-01,-2.115893033263854545e-03,6.996962300250302773e-05,-1.289868417969732342e-04,2.168736591518317109e-05
4.793750000000001066e+00,6.104151345742522272e-01,-4.458708588263117500e-03,4.085169727631767812e-03,6.078670231919975908e-01,-2.103706044405100149e-03,6.916810649645877256e-05,-1.275013291953689873e-04,2.143964377493068536e-05
4.800000000000000711e+00,6.103873472831221614e-01,-4.433248687034406672e-03,4.062020611551503402e-03,6.078539129336451019e-01,-2.091588103737081553e-03,6.837582048646545323e-05,-1.260330492205316805e-04,2.119476288097445037e-05
4.806250000000000355e+00,6.103597186650995265e-01,-4.407933057074383577e-03,4.039002796934425439e-03,6.078408781976659681e-01,-2.079538819909050942e-03,6.759265790059284954e-05,-1.245818000379257922e-04,2.095269045592583406e-05
4.812500000000000000e+00,6.103322478210487789e-01,-4.382760880082902689e-03,4.016115537611560093e-03,6.078279185561721309e-01,-2.067557803791620318e-03,6.681851292088136925e-05,-1.231473822067014740e-04,2.071339410347452486e-05
4.818749999999999645e+00,6.103049338569336291e-01,-4.357731342410061347e-03,3.993358091671572047e-03,6.078150335837004814e-01,-2.055644668464119262e-03,6.605328096847161900e-05,-1.217295986508511402e-04,2.047684180391239287e-05
4.825000000000000178e+00,6.102777758837892863e-01,-4.332843635029655013e-03,3.970729721436257187e-03,6.078022228571996477e-01,-2.043799029202031641e-03,6.529685868891331576e-05,-1.203282546307204705e-04,2.024300190971066321e-05
4.831250000000000711e+00,6.102507730176923717e-01,-4.308096953512810350e-03,3.948229693436202704e-03,6.077894859560157848e-01,-2.032020503464503861e-03,6.454914393765151959e-05,-1.189431577148700972e-04,2.001184314114979533e-05
4.837500000000000355e+00,6.102239243797331625e-01,-4.283490498001749254e-03,3.925857278386567749e-03,6.077768224618791404e-01,-2.020308710881920777e-03,6.381003576568702992e-05,-1.175741177522820016e-04,1.978333458200125811e-05
4.843750000000000000e+00,6.101972290959870593e-01,-4.259023473183702092e-03,3.903611751163005902e-03,6.077642319588905107e-01,-2.008663273243551858e-03,6.307943440540959010e-05,-1.162209468449071755e-04,1.955744567526061163e-05
4.850000000000000533e+00,6.101706862974857204e-01,-4.234695088264988326e-03,3.881492390777746375e-03,6.077517140335078061e-01,-1.997083814485271953e-03,6.235724125660193511e-05,-1.148834593205509588e-04,1.933414621893149552e-05
4.856250000000001066e+00,6.101442951201891951e-01,-4.210504556945241124e-03,3.859498480355808350e-03,6.077392682745326180e-01,-1.985569960677357505e-03,6.164335887261222942e-05,-1.135614717060911448e-04,1.911340636185974472e-05
4.862500000000000711e+00,6.101180547049580571e-01,-4.186451097391773353e-03,3.837629307111346290e-03,6.077268942730971180e-01,-1.974121340012340887e-03,6.093769094669253006e-05,-1.122548027010238542e-04,1.889519659961688054e-05
4.868750000000000355e+00,6.100919641975255381e-01,-4.162533932214084083e-03,3.815884162324130989e-03,6.077145916226505129e-01,-1.962737582792935427e-03,6.024014229850155382e-05,-1.109632731513338419e-04,1.867948777043255680e-05
4.875000000000000000e+00,6.100660227484695497e-01,-4.138752288438533357e-03,3.794262341316185887e-03,6.077023599189460557e-01,-1.951418321420041527e-03,5.955061886077021697e-05,-1.096867060236861221e-04,1.846625105117546300e-05
4.881249999999999645e+00,6.100402295131853725e-01,-4.115105397483147069e-03,3.772763143428547409e-03,6.076901987600280552e-01,-1.940163190380808514e-03,5.886902766612712881e-05,-1.084249263799330816e-04,1.825545795338189857e-05
4.887500000000000178e+00,6.100145836518584552e-01,-4.091592495132567557e-03,3.751385871998157151e-03,6.076781077462187763e-01,-1.928971826236770002e-03,5.819527683408241251e-05,-1.071777613519341417e-04,1.804708031933147601e-05
4.893750000000000711e+00,6.099890843294367704e-01,-4.068212821513160320e-03,3.730129834334908016e-03,6.076660864801054496e-01,-1.917843867612050585e-03,5.752927555816833550e-05,-1.059450401166843914e-04,1.784109031816957344e-05
4.900000000000000355e+00,6.099637307156040578e-01,-4.044965621068248238e-03,3.708994341698802679e-03,6.076541345665275040e-01,-1.906778955181633473e-03,5.687093409323397116e-05,-1.047265938717470126e-04,1.763746044207568280e-05
4.906250000000000000e+00,6.099385219847530681e-01,-4.021850142533487174e-03,3.687978709277249089e-03,6.076422516125639106e-01,-1.895776731659694261e-03,5.622016374289241444e-05,-1.035222558109865319e-04,1.743616350247723359e-05
4.912500000000000533e+00,6.099134573159583628e-01,-3.998865638912396832e-03,3.667082256162501261e-03,6.076304372275201926e-01,-1.884836841788008199e-03,5.557687684711916246e-05,-1.023318611005995910e-04,1.723717262630847534e-05
4.918750000000001066e+00,6.098885358929501121e-01,-3.976011367452033859e-03,3.646304305329227998e-03,6.076186910229158800e-01,-1.873958932324423397e-03,5.494098676999937630e-05,-1.011552468554392369e-04,1.704046125231375476e-05
4.925000000000000711e+00,6.098637569040872286e-01,-3.953286589618788122e-03,3.625644183612204349e-03,6.076070126124721860e-01,-1.863142652031394295e-03,5.431240788762179480e-05,-9.999225211562789517e-05,1.684600312739455404e-05
4.931250000000000355e+00,6.098391195423317201e-01,-3.930690571074321217e-03,3.605101221684131434e-03,6.075954016120992396e-01,-1.852387651664579764e-03,5.369105557611798552e-05,-9.884271782345650478e-05,1.665377230299982606e-05
4.937500000000000000e+00,6.098146230052218231e-01,-3.908222581651656785e-03,3.584674754033600249e-03,6.075838576398835400e-01,-1.841693583961514927e-03,5.307684619984550338e-05,-9.770648680056680561e-05,1.646374313155932496e-05
4.943749999999999645e+00,6.097902664948465778e-01,-3.885881895331397880e-03,3.564364118943173874e-03,6.075723803160761882e-01,-1.831060103630341093e-03,5.246969709971243588e-05,-9.658340372541191377e-05,1.627589026295908517e-05
4.950000000000000178e+00,6.097660492178197389e-01,-3.863667790218077921e-03,3.544168658467595871e-03,6.075609692630798975e-01,-1.820486867338600096e-03,5.186952658164197314e-05,-9.547331511099222995e-05,1.609018864105869631e-05
4.956250000000000711e+00,6.097419703852537953e-01,-3.841579548516664295e-03,3.524087718412137037e-03,6.075496241054373359e-01,-1.809973533702099102e-03,5.127625390517560666e-05,-9.437606928286395691e-05,1.590661350024997101e-05
4.962500000000000355e+00,6.097180292127351020e-01,-3.819616456509176017e-03,3.504120648311056640e-03,6.075383444698188029e-01,-1.799519763273831150e-03,5.068979927221249718e-05,-9.329151635741536066e-05,1.572514036205626003e-05
4.968750000000000000e+00,6.096942249202976782e-01,-3.797777804531439743e-03,3.484266801406185957e-03,6.075271299850097950e-01,-1.789125218532959007e-03,5.011008381588381210e-05,-9.221950822040828174e-05,1.554574503177206255e-05
4.975000000000000533e+00,6.096705567323987829e-01,-3.776062886949990184e-03,3.464525534625649290e-03,6.075159802818995702e-01,-1.778789563873867975e-03,4.953702958956068402e-05,-9.115989850578209118e-05,1.536840359514254179e-05
4.981250000000001066e+00,6.096470238778929351e-01,-3.754471002139103241e-03,3.444896208562710747e-03,6.075048949934690468e-01,-1.768512465595281592e-03,4.897055955599382540e-05,-9.011254257471637769e-05,1.519309241508238706e-05
4.987500000000000711e+00,6.096236255900074896e-01,-3.733001452457947525e-03,3.425378187454729880e-03,6.074938737547785905e-01,-1.758293591889433048e-03,4.841059757658287469e-05,-8.907729749494824629e-05,1.501978812843341394e-05
4.993750000000000355e+00,6.096003611063178784e-01,-3.711653544227869021e-03,3.405970839162242216e-03,6.074829162029568019e-01,-1.748132612831298626e-03,4.785706840077422723e-05,-8.805402202034199200e-05,1.484846764276055888e-05
5.000000000000000000e+00,6.095772296687222980e-01,-3.690426587709819302e-03,3.386673535148174673e-03,6.074720219771879703e-01,-1.738029200367900750e-03,4.730989765558618539e-05,-8.704257657070850604e-05,1.467910813318593088e-05
5.006249999999999645e+00,6.095542305234178393e-01,-3.669319897081905167e-03,3.367485650457169386e-03,6.074611907187015269e-01,-1.727983028307664148e-03,4.676901183525911717e-05,-8.604282321187003686e-05,1.451168703926022928e-05
5.012500000000000178e+00,6.095313629208758410e-01,-3.648332790417059719e-03,3.348406563695032444e-03,6.074504220707591662e-01,-1.717993772309836216e-03,4.623433829102949173e-05,-8.505462563596797524e-05,1.434618206187118864e-05
5.018750000000000711e+00,6.095086261158173535e-01,-3.627464589660862188e-03,3.329435657008307948e-03,6.074397156786445207e-01,-1.708061109873969599e-03,4.570580522102652457e-05,-8.407784914201084424e-05,1.418257116018869348e-05
5.025000000000000355e+00,6.094860193671893800e-01,-3.606714620609462706e-03,3.310572316063960501e-03,6.074290711896507267e-01,-1.698184720329461378e-03,4.518334166028925054e-05,-8.311236061665872661e-05,1.402083254864591216e-05
5.031250000000000000e+00,6.094635419381405628e-01,-3.586082212887638926e-03,3.291815930029173918e-03,6.074184882530696550e-01,-1.688364284825149067e-03,4.466687747090302167e-05,-8.215802851524148687e-05,1.386094469395613328e-05
5.037500000000000533e+00,6.094411930959978685e-01,-3.565566699926987510e-03,3.273165891551281775e-03,6.074079665201801426e-01,-1.678599486318974043e-03,4.415634333225418301e-05,-8.121472284300856534e-05,1.370288631216497240e-05
5.043750000000001066e+00,6.094189721122419412e-01,-3.545167418944242255e-03,3.254621596737809850e-03,6.073975056442371123e-01,-1.668890009567701362e-03,4.365167073140119189e-05,-8.028231513660701035e-05,1.354663636573743082e-05
5.050000000000000711e+00,6.093968782624843428e-01,-3.524883710919702370e-03,3.236182445136626985e-03,6.073871052804601378e-01,-1.659235541116696163e-03,4.315279195356056083e-05,-7.936067844578421134e-05,1.339217406067928972e-05
5.056250000000000355e+00,6.093749108264439052e-01,-3.504714920575788695e-03,3.217847839716211737e-03,6.073767650860220080e-01,-1.649635769289754719e-03,4.265964007270643850e-05,-7.844968731531317796e-05,1.323947884369252784e-05
5.062500000000000000e+00,6.093530690879230827e-01,-3.484660396355732624e-03,3.199617186846045232e-03,6.073664847200385131e-01,-1.640090384179003144e-03,4.217214894228278502e-05,-7.754921776713822397e-05,1.308853039936446978e-05
5.068749999999999645e+00,6.093313523347850813e-01,-3.464719490402379514e-03,3.181489896277107671e-03,6.073562638435562322e-01,-1.630599077634847273e-03,4.169025318602625108e-05,-7.665914728273717988e-05,1.293930864739004137e-05
5.075000000000000178e+00,6.093097598589306552e-01,-3.444891558537111799e-03,3.163465381122490191e-03,6.073461021195428744e-01,-1.621161543255979567e-03,4.121388818889857507e-05,-7.577935478569785741e-05,1.279179373982685103e-05
5.081250000000000711e+00,6.092882909562753468e-01,-3.425175960238903937e-03,3.145543057838127293e-03,6.073359992128750662e-01,-1.611777476379449344e-03,4.074299008812747491e-05,-7.490972062450678727e-05,1.264596605838275644e-05
5.087500000000000355e+00,6.092669449267266168e-01,-3.405572058623484045e-03,3.127722346203629447e-03,6.073259547903286926e-01,-1.602446574070782656e-03,4.027749576435416445e-05,-7.405012655554627280e-05,1.250180621173536782e-05
5.093750000000000000e+00,6.092457210741607510e-01,-3.386079220422616529e-03,3.110002669303227156e-03,6.073159685205673508e-01,-1.593168535114157687e-03,3.981734283288644398e-05,-7.320045572629794344e-05,1.235929503288319465e-05
5.100000000000000533e+00,6.092246187064013219e-01,-3.366696815963510052e-03,3.092383453506835148e-03,6.073060400741319143e-01,-1.583943060002643028e-03,3.936246963505644344e-05,-7.236059265875066681e-05,1.221841357652813256e-05
5.106250000000001066e+00,6.092036371351956525e-01,-3.347424219148349960e-03,3.074864128451228022e-03,6.072961691234298742e-01,-1.574769850928490599e-03,3.891281522968137154e-05,-7.153042323300985131e-05,1.207914311648885513e-05
5.112500000000000711e+00,6.091827756761932777e-01,-3.328260807433929599e-03,3.057444127021313480e-03,6.072863553427247929e-01,-1.565648611773479094e-03,3.846831938462590887e-05,-7.070983467110506285e-05,1.194146514314462771e-05
5.118750000000000355e+00,6.091620336489236287e-01,-3.309205961811405652e-03,3.040122885331515701e-03,6.072765984081256452e-01,-1.556579048099312503e-03,3.802892256846509981e-05,-6.989871552099409904e-05,1.180536136090930268e-05
5.125000000000000000e+00,6.091414103767738286e-01,-3.290259066786178389e-03,3.022899842707276689e-03,6.072668979975763826e-01,-1.547560867138080215e-03,3.759456594224699092e-05,-6.909695564076156918e-05,1.167081368573518279e-05
5.131249999999999645e+00,6.091209051869670432e-01,-3.271419510357876422e-03,3.005774441666658661e-03,6.072572537908457191e-01,-1.538593777782765269e-03,3.716519135135315939e-05,-6.830444618300864632e-05,1.153780424264626308e-05
5.137500000000000178e+00,6.091005174105403874e-01,-3.252686684000460297e-03,2.988746127902051387e-03,6.072476654695164733e-01,-1.529677490577808531e-03,3.674074131745620969e-05,-6.752107957943190406e-05,1.140631536330055301e-05
5.143750000000000711e+00,6.090802463823236090e-01,-3.234059982642444042e-03,2.971814350261994461e-03,6.072381327169754650e-01,-1.520811717709730140e-03,3.632115903057331032e-05,-6.674674952558954418e-05,1.127632958358121134e-05
5.150000000000000355e+00,6.090600914409173283e-01,-3.215538804647223841e-03,2.954978560733093670e-03,6.072286552184031905e-01,-1.511996172997799289e-03,3.590638834121405600e-05,-6.598135096585155924e-05,1.114782964121598543e-05
5.156250000000000000e+00,6.090400519286717218e-01,-3.197122551793514685e-03,2.938238214422044057e-03,6.072192326607639412e-01,-1.503230571884756929e-03,3.549637375262184246e-05,-6.522478007853217653e-05,1.102079847342470769e-05
5.162500000000000533e+00,6.090201271916653170e-01,-3.178810629255909761e-03,2.921592769537763139e-03,6.072098647327951459e-01,-1.494514631427595712e-03,3.509106041310782522e-05,-6.447693426120272694e-05,1.089521921459457978e-05
5.168750000000001066e+00,6.090003165796836759e-01,-3.160602445585555201e-03,2.905041687373632105e-03,6.072005511249976006e-01,-1.485848070288393712e-03,3.469039410847610044e-05,-6.373771211618229585e-05,1.077107519398284811e-05
5.175000000000000711e+00,6.089806194461984123e-01,-3.142497412690919371e-03,2.888584432289825494e-03,6.071912915296258095e-01,-1.477230608725194332e-03,3.429432125453880004e-05,-6.300701343620351326e-05,1.064834993344647609e-05
5.181250000000000355e+00,6.089610351483460970e-01,-3.124494945818677514e-03,2.872220471695748848e-03,6.071820856406774380e-01,-1.468661968582939343e-03,3.390278888972026757e-05,-6.228473919025178925e-05,1.052702714519854015e-05
5.187500000000000000e+00,6.089415630469080520e-01,-3.106594463534713500e-03,2.855949276032584364e-03,6.071729331538836538e-01,-1.460141873284458722e-03,3.351574466774940003e-05,-6.157079150957635479e-05,1.040709072959114810e-05
5.193749999999999645e+00,6.089222025062888122e-01,-3.088795387705226946e-03,2.839770318755933248e-03,6.071638337666993568e-01,-1.451670047821508212e-03,3.313313685043875977e-05,-6.086507367386992986e-05,1.028852477292438348e-05
5.200000000000000178e+00,6.089029528944961411e-01,-3.071097143477940963e-03,2.823683076318554350e-03,6.071547871782935202e-01,-1.443246218745856740e-03,3.275491430054948742e-05,-6.016749009761566367e-05,1.017131354528104197e-05
5.206250000000000711e+00,6.088838135831206033e-01,-3.053499159263432620e-03,2.807687028153216854e-03,6.071457930895390875e-01,-1.434870114160429573e-03,3.238102647474126370e-05,-5.947794631659929367e-05,1.005544149838692283e-05
5.212500000000000355e+00,6.088647839473146917e-01,-3.036000866716556234e-03,2.791781656655634072e-03,6.071368512030038689e-01,-1.426541463710497872e-03,3.201142341660576839e-05,-5.879634897458388079e-05,9.940893263496214556e-06
5.218750000000000000e+00,6.088458633657732877e-01,-3.018601700717973759e-03,2.775966447167504351e-03,6.071279612229401046e-01,-1.418259998574915737e-03,3.164605574978295873e-05,-5.812260581014550790e-05,9.827653649301756170e-06
5.225000000000000533e+00,6.088270512207130114e-01,-3.001301099355797516e-03,2.760240887959651730e-03,6.071191228552759167e-01,-1.410025451457414284e-03,3.128487467115931357e-05,-5.745662564366830192e-05,9.715707639869957334e-06
5.231250000000001066e+00,6.088083468978525703e-01,-2.984098503907344369e-03,2.744604470215269380e-03,6.071103358076048728e-01,-1.401837556577943634e-03,3.092783194414685052e-05,-5.679831836449652962e-05,9.605040392600002914e-06
5.237500000000000711e+00,6.087897497863928864e-01,-2.966993358820976204e-03,2.729056688013247606e-03,6.071015997891772153e-01,-1.393696049664061099e-03,3.057487989204178458e-05,-5.614759491824134813e-05,9.495637236206987911e-06
5.243750000000000355e+00,6.087712592789968902e-01,-2.949985111698053171e-03,2.713597038311602039e-03,6.070929145108900915e-01,-1.385600667942367067e-03,3.022597139146203195e-05,-5.550436729424078710e-05,9.387483668728774396e-06
5.250000000000000000e+00,6.087528747717704247e-01,-2.933073213274994904e-03,2.698225020931004602e-03,6.070842796852782275e-01,-1.377551150129996838e-03,2.988105986586283739e-05,-5.486854851317143103e-05,9.280565355556357000e-06
5.256249999999999645e+00,6.087345956642424838e-01,-2.916257117405438460e-03,2.682940138538404250e-03,6.070756950265050467e-01,-1.369547236426155385e-03,2.954009927912920039e-05,-5.424005261480924721e-05,9.174868127487311741e-06
5.262500000000000178e+00,6.087164213593457829e-01,-2.899536281042498168e-03,2.667741896630740090e-03,6.070671602503526776e-01,-1.361588668503700261e-03,2.920304412924431739e-05,-5.361879464593787871e-05,9.070377978802136772e-06
5.268750000000000711e+00,6.086983512633973303e-01,-2.882910164221136502e-03,2.652629803518760307e-03,6.070586750742136273e-01,-1.353675189500778715e-03,2.886984944203332197e-05,-5.300469064840320296e-05,8.967081065363239394e-06
5.275000000000000355e+00,6.086803847860794425e-01,-2.866378230040621256e-03,2.637603370310921767e-03,6.070502392170809003e-01,-1.345806544012504271e-03,2.854047076498101492e-05,-5.239765764731135067e-05,8.864963702736189873e-06
5.281250000000000000e+00,6.086625213404205370e-01,-2.849939944647086800e-03,2.622662110897381552e-03,6.070418523995394500e-01,-1.337982478082682964e-03,2.821486416112291016e-05,-5.179761363936894494e-05,8.764012364333055715e-06
5.287500000000000533e+00,6.086447603427759256e-01,-2.833594777216204199e-03,2.607805541934093019e-03,6.070335143437569636e-01,-1.330202739195590102e-03,2.789298620300887822e-05,-5.120447758136419857e-05,8.664213679577577529e-06
5.293750000000001066e+00,6.086271012128093849e-01,-2.817342199935944994e-03,2.593033182826992057e-03,6.070252247734747586e-01,-1.322467076267794294e-03,2.757479396673837404e-05,-5.061816937878671469e-05,8.565554432091917127e-06
5.300000000000000711e+00,6.086095433734741711e-01,-2.801181687989443003e-03,2.578344555716265314e-03,6.070169834139990117e-01,-1.314775239640023335e-03,2.726024502606616510e-05,-5.003860987458397144e-05,8.468021557904620411e-06
5.306250000000000355e+00,6.085920862509941465e-01,-2.785112719537946764e-03,2.563739185460709932e-03,6.070087899921917662e-01,-1.307126981069076490e-03,2.694929744657791607e-05,-4.946572083805319636e-05,8.371602143679620557e-06
5.312500000000000000e+00,6.085747292748455717e-01,-2.769134775703883857e-03,2.549216599622196495e-03,6.070006442364623833e-01,-1.299522053719789254e-03,2.664190977993499969e-05,-4.889942495386733628e-05,8.276283424966103622e-06
5.318749999999999645e+00,6.085574718777383429e-01,-2.753247340554014141e-03,2.534776328450210909e-03,6.069925458767583271e-01,-1.291960212157037798e-03,2.633804105818730073e-05,-4.833964581123273744e-05,8.182052784468862186e-06
5.325000000000000178e+00,6.085403134955978954e-01,-2.737449901082677529e-03,2.520417904866483882e-03,6.069844946445568379e-01,-1.284441212337790895e-03,2.603765078815337941e-05,-4.778630789317727545e-05,8.088897750338925260e-06
5.331250000000000711e+00,6.085232535675467735e-01,-2.721741947195145412e-03,2.506140864449724059e-03,6.069764902728561617e-01,-1.276964811603210426e-03,2.574069894586736404e-05,-4.723933656596764085e-05,7.996805994484318793e-06
5.337500000000000355e+00,6.085062915358866453e-01,-2.706122971691059687e-03,2.491944745420420545e-03,6.069685324961665573e-01,-1.269530768670790698e-03,2.544714597109135659e-05,-4.669865806865343568e-05,7.905765330900562033e-06
5.343750000000000000e+00,6.084894268460799838e-01,-2.690592470247963296e-03,2.477829088625739962e-03,6.069606210505023025e-01,-1.262138843626545463e-03,2.515695276189279891e-05,-4.616419950273703744e-05,7.815763714020747298e-06
5.350000000000000533e+00,6.084726589467325253e-01,-2.675149941404934839e-03,2.463793437524516763e-03,6.069527556733727014e-01,-1.254788797917239396e-03,2.487008066928618298e-05,-4.563588882196786855e-05,7.726789237085021883e-06
5.356250000000001066e+00,6.084559872895751731e-01,-2.659794886546317742e-03,2.449837338172327662e-03,6.069449361037739799e-01,-1.247480394342668792e-03,2.458649149193818019e-05,-4.511365482225932968e-05,7.638830130529187493e-06
5.362500000000000711e+00,6.084394113294463446e-01,-2.644526809885531377e-03,2.435960339206648916e-03,6.069371620821804036e-01,-1.240213397047977388e-03,2.430614747093520371e-05,-4.459742713172652002e-05,7.551874760392139396e-06
5.368750000000000355e+00,6.084229305242743191e-01,-2.629345218448976302e-03,2.422161991832094685e-03,6.069294333505365069e-01,-1.232987571516019247e-03,2.402901128461289916e-05,-4.408713620084367375e-05,7.465911626741965701e-06
5.375000000000000000e+00,6.084065443350595848e-01,-2.614249622060043146e-03,2.408441849805754292e-03,6.069217496522478772e-01,-1.225802684559769125e-03,2.375504604344697742e-05,-4.358271329272008626e-05,7.380929362120568708e-06
5.381249999999999645e+00,6.083902522258578527e-01,-2.599239533323201724e-03,2.394799469422603626e-03,6.069141107321739392e-01,-1.218658504314771435e-03,2.348421528500427820e-05,-4.308409047349251767e-05,7.296916730006450882e-06
5.387500000000000178e+00,6.083740536637620711e-01,-2.584314467608183393e-03,2.381234409501001986e-03,6.069065163366187399e-01,-1.211554800231633231e-03,2.321648296895353255e-05,-4.259120060283288074e-05,7.213862623295514678e-06
5.393750000000000711e+00,6.083579481188855498e-01,-2.569473943034259692e-03,2.367746231368280437e-03,6.068989662133233987e-01,-1.204491343068564251e-03,2.295181347213525841e-05,-4.210397732457016995e-05,7.131756062799707648e-06
5.400000000000000355e+00,6.083419350643451962e-01,-2.554717480454605106e-03,2.354334498846403015e-03,6.068914601114576701e-01,-1.197467904883952293e-03,2.269017158368970841e-05,-4.162235505742444962e-05,7.050586195763190126e-06
5.406250000000000000e+00,6.083260139762435292e-01,-2.540044603440743103e-03,2.340998778237711204e-03,6.068839977816118392e-01,-1.190484259028983709e-03,2.243152250024238882e-05,-4.114626898585206080e-05,6.970342294395886572e-06
5.412500000000000533e+00,6.083101843336526926e-01,-2.525454838267092786e-03,2.327738638310757318e-03,6.068765789757887275e-01,-1.183540180140308122e-03,2.217583182114662443e-05,-4.067565505100084760e-05,6.891013754424246075e-06
5.418750000000001066e+00,6.082944456185971349e-01,-2.510947713895604443e-03,2.314553650286222015e-03,6.068692034473958108e-01,-1.176635444132745432e-03,2.192306554378226145e-05,-4.021044994177382412e-05,6.812590093658977404e-06
5.425000000000000711e+00,6.082787973160367345e-01,-2.496522761960472299e-03,2.301443387822902503e-03,6.068618709512370035e-01,-1.169769828192030554e-03,2.167319005890980022e-05,-3.975059108599962842e-05,6.735060950579495173e-06
5.431250000000000355e+00,6.082632389138504792e-01,-2.482179516752937038e-03,2.288407427003782708e-03,6.068545812435049980e-01,-1.162943110767599136e-03,2.142617214607934106e-05,-3.929601664170886244e-05,6.658416082934943278e-06
5.437500000000000000e+00,6.082477699028199236e-01,-2.467917515206181564e-03,2.275445346322194518e-03,6.068473340817729378e-01,-1.156155071565419679e-03,2.118197896909391315e-05,-3.884666548851522009e-05,6.582645366361640622e-06
5.443749999999999645e+00,6.082323897766122034e-01,-2.453736296880310898e-03,2.262556726668049287e-03,6.068401292249872014e-01,-1.149405491540862094e-03,2.094057807152622394e-05,-3.840247721909958734e-05,6.507738793016657725e-06
5.450000000000000178e+00,6.082170980317644915e-01,-2.439635403947411005e-03,2.249741151314149559e-03,6.068329664334591866e-01,-1.142694152891607882e-03,2.070193737228829062e-05,-3.796339213079614555e-05,6.433686470227385320e-06
5.456250000000000711e+00,6.082018941676670121e-01,-2.425614381176706066e-03,2.236998205902587973e-03,6.068258454688577608e-01,-1.136020839050602823e-03,2.046602516125349273e-05,-3.752935121727944776e-05,6.360478619156934845e-06
5.462500000000000355e+00,6.081867776865469422e-01,-2.411672775919789478e-03,2.224327478431212517e-03,6.068187660942014894e-01,-1.129385334679046740e-03,2.023281009493009389e-05,-3.710029616035065891e-05,6.288105573485098924e-06
5.468750000000000000e+00,6.081717480934526465e-01,-2.397810138095935514e-03,2.211728559240174179e-03,6.068117280738507535e-01,-1.122787425659422514e-03,2.000226119218579895e-05,-3.667616932182212640e-05,6.216557778104736320e-06
5.475000000000000533e+00,6.081568048962378015e-01,-2.384026020177509864e-03,2.199201040998555699e-03,6.068047311735007554e-01,-1.116226899088568246e-03,1.977434783002285867e-05,-3.625691373549929167e-05,6.145825787833441602e-06
5.481250000000001066e+00,6.081419476055446305e-01,-2.370319977175455207e-03,2.186744518691078384e-03,6.067977751601731917e-01,-1.109703543270789544e-03,1.954903973940297994e-05,-3.584247309925847234e-05,6.075900266140273358e-06
5.487500000000000711e+00,6.081271757347890272e-01,-2.356691566624858746e-03,2.174358589604878742e-03,6.067908598022093702e-01,-1.103217147711006057e-03,1.932630700112133009e-05,-3.543279176721916650e-05,6.006771983887326662e-06
5.493750000000000355e+00,6.081124888001443463e-01,-2.343140348570598233e-03,2.162042853316362319e-03,6.067839848692624383e-01,-1.096767503107939435e-03,1.910612004172916755e-05,-3.502781474200998460e-05,5.938431818086013425e-06
5.500000000000000000e+00,6.080978863205257490e-01,-2.329665885553080813e-03,2.149796911678139490e-03,6.067771501322897221e-01,-1.090354401347342055e-03,1.888844962950469251e-05,-3.462748766712725349e-05,5.870870750667924411e-06
5.506249999999999645e+00,6.080833678175749935e-01,-2.316267742594055584e-03,2.137620368806031519e-03,6.067703553635458436e-01,-1.083977635495261957e-03,1.867326687047121957e-05,-3.423175681938477483e-05,5.804079867270017127e-06
5.512500000000000178e+00,6.080689328156445583e-01,-2.302945487182506829e-03,2.125512831066149900e-03,6.067636003365750597e-01,-1.077636999791346372e-03,1.846054320446228954e-05,-3.384056910145376198e-05,5.738050356033991513e-06
5.518750000000000711e+00,6.080545808417823217e-01,-2.289698689260636581e-03,2.113473907062059839e-03,6.067568848262037129e-01,-1.071332289642186464e-03,1.825025040123321227e-05,-3.345387203449214899e-05,5.672773506419731460e-06
5.525000000000000355e+00,6.080403114257166841e-01,-2.276526921209914411e-03,2.101503207622005751e-03,6.067502086085334589e-01,-1.065063301614695016e-03,1.804236055661828821e-05,-3.307161375086161163e-05,5.608240708032550429e-06
5.531250000000000000e+00,6.080261240998410255e-01,-2.263429757837211783e-03,2.089600345786211347e-03,6.067435714609339392e-01,-1.058829833429523375e-03,1.783684608873323783e-05,-3.269374298693160234e-05,5.544443449464142900e-06
5.537500000000000533e+00,6.080120183991983840e-01,-2.250406776361018376e-03,2.077764936794262128e-03,6.067369731620351203e-01,-1.052631683954517641e-03,1.763367973422249333e-05,-3.232020907596947764e-05,5.481373317147097676e-06
5.543750000000001066e+00,6.079979938614669122e-01,-2.237457556397740369e-03,2.065996598072555087e-03,6.067304134917206326e-01,-1.046468653198213451e-03,1.743283454455062746e-05,-3.195096194111551186e-05,5.419021994222784986e-06
5.550000000000000711e+00,6.079840500269445558e-01,-2.224581679948067249e-03,2.054294949221820415e-03,6.067238922311204430e-01,-1.040340542303363515e-03,1.723428388233734027e-05,-3.158595208844146881e-05,5.357381259422425112e-06
5.556250000000000355e+00,6.079701864385346211e-01,-2.211778731383418854e-03,2.042659612004709118e-03,6.067174091626040822e-01,-1.034247153540502218e-03,1.703800141773553940e-05,-3.122513060009210158e-05,5.296442985961214881e-06
5.562500000000000000e+00,6.079564026417304534e-01,-2.199048297432474805e-03,2.031090210333465641e-03,6.067109640697732065e-01,-1.028188290301552087e-03,1.684396112485220240e-05,-3.086844912750861104e-05,5.236199140445400205e-06
5.568749999999999645e+00,6.079426981846008937e-01,-2.186389967167779412e-03,2.019586370257659899e-03,6.067045567374546033e-01,-1.022163757093460818e-03,1.665213727821120100e-05,-3.051585988473276236e-05,5.176641781792076139e-06
5.575000000000000178e+00,6.079290726177762894e-01,-2.173803331992416391e-03,2.008147719951993912e-03,6.066981869516936410e-01,-1.016173359531877783e-03,1.646250444925774522e-05,-3.016731564179085293e-05,5.117763060161574696e-06
5.581250000000000711e+00,6.079155254944328401e-01,-2.161287985626772490e-03,1.996773889704181286e-03,6.066918544997472740e-01,-1.010216904334866736e-03,1.627503750290402377e-05,-2.982276971815672883e-05,5.059555215902353176e-06
5.587500000000000355e+00,6.079020563702793867e-01,-2.148843524095364436e-03,1.985464511902893490e-03,6.066855591700767159e-01,-1.004294199316653220e-03,1.608971159411533942e-05,-2.948217597629244031e-05,5.002010578508135668e-06
5.593750000000000000e+00,6.078886648035419782e-01,-2.136469545713742639e-03,1.974219221025769883e-03,6.066793007523411108e-01,-9.984050533814042838e-04,1.590650216453634285e-05,-2.914548881526592310e-05,4.945121565587228962e-06
5.600000000000000533e+00,6.078753503549503279e-01,-2.124165651075473824e-03,1.963037653627505794e-03,6.066730790373906501e-01,-9.925492765170498312e-04,1.572538493915707372e-05,-2.881266316444484483e-05,4.888880681843875647e-06
5.606250000000001066e+00,6.078621125877232689e-01,-2.111931443039202598e-03,1.951919448328010660e-03,6.066668938172594672e-01,-9.867266797891373602e-04,1.554633592301812110e-05,-2.848365447726562409e-05,4.833280518071493616e-06
5.612500000000000711e+00,6.078489510675547658e-01,-2.099766526715775468e-03,1.940864245800624039e-03,6.066607448851594198e-01,-9.809370753347187999e-04,1.536933139795444586e-05,-2.815841872507639527e-05,4.778313750157614793e-06
5.618750000000000355e+00,6.078358653625998143e-01,-2.087670509455440745e-03,1.929871688760403199e-03,6.066546320354730959e-01,-9.751802763562734478e-04,1.519434791937741440e-05,-2.783691239105334358e-05,4.723973138100421443e-06
5.625000000000000000e+00,6.078228550434604527e-01,-2.075643000835129554e-03,1.918941421952482899e-03,6.066485550637472635e-01,-9.694560971156665789e-04,1.502136231309477606e-05,-2.751909246418964757e-05,4.670251525036786866e-06
5.631249999999999645e+00,6.078099196831719953e-01,-2.063683612645801895e-03,1.908073092140497853e-03,6.066425137666862089e-01,-9.637643529281427488e-04,1.485035167216788465e-05,-2.720491643335577923e-05,4.617141836281609603e-06
5.637500000000000178e+00,6.077970588571892652e-01,-2.051791958879865992e-03,1.897266348095070663e-03,6.066365079421452977e-01,-9.581048601563506469e-04,1.468129335380581153e-05,-2.689434228143050757e-05,4.564637078378336079e-06
5.643750000000000711e+00,6.077842721433724948e-01,-2.039967655718673972e-03,1.886520840582373059e-03,6.066305373891243136e-01,-9.524774362044065475e-04,1.451416497629602858e-05,-2.658732847950186706e-05,4.512730338160581934e-06
5.650000000000000355e+00,6.077715591219742253e-01,-2.028210321520083903e-03,1.875836222352743506e-03,6.066246019077611296e-01,-9.468818995119866007e-04,1.434894441597099858e-05,-2.628383398113688830e-05,4.461414781824639418e-06
5.656250000000000000e+00,6.077589193756255392e-01,-2.016519576806089908e-03,1.865212148129371823e-03,6.066187012993248251e-01,-9.413180695484539258e-04,1.418560980421035106e-05,-2.598381821671948434e-05,4.410683654012792070e-06
5.662500000000000533e+00,6.077463524893224056e-01,-2.004895044250529484e-03,1.854648274597054704e-03,6.066128353662101347e-01,-9.357857668070213757e-04,1.402413952447835415e-05,-2.568724108785581155e-05,4.360530276907331674e-06
5.668750000000001066e+00,6.077338580504122456e-01,-1.993336348666863243e-03,1.844144260391015209e-03,6.066070039119300095e-01,-9.302848127989475852e-04,1.386451220939612990e-05,-2.539406296184613625e-05,4.310948049335125842e-06
5.675000000000000711e+00,6.077214356485810542e-01,-1.981843116996015799e-03,1.833699766085779715e-03,6.066012067411100661e-01,-9.248150300477633780e-04,1.370670673784811691e-05,-2.510424466622223112e-05,4.261930445882577011e-06
5.681250000000000355e+00,6.077090848758396335e-01,-1.970414978294284750e-03,1.823314454184121877e-03,6.065954436594820365e-01,-9.193762420835306995e-04,1.355070223212249046e-05,-2.481774748334968821e-05,4.213471016020886432e-06
5.687500000000000000e+00,6.076968053265106029e-01,-1.959051563721331615e-03,1.812987989106073800e-03,6.065897144738772173e-01,-9.139682734371381949e-04,1.339647805508520653e-05,-2.453453314509453879e-05,4.165563383241542697e-06
5.693749999999999645e+00,6.076845965972154096e-01,-1.947752506528228943e-03,1.802720037177995985e-03,6.065840189922206971e-01,-9.085909496346262788e-04,1.324401380738711392e-05,-2.425456382755308542e-05,4.118201244201827282e-06
5.700000000000000178e+00,6.076724582868610058e-01,-1.936517442045578756e-03,1.792510266621711451e-03,6.065783570235249167e-01,-9.032440971915439709e-04,1.309328932470379913e-05,-2.397780214584428925e-05,4.071378367880276957e-06
5.706250000000000711e+00,6.076603899966273037e-01,-1.925346007671705157e-03,1.782358347543705132e-03,6.065727283778832302e-01,-8.979275436073419448e-04,1.294428467500786246e-05,-2.370421114896416001e-05,4.025088594741996343e-06
5.712500000000000355e+00,6.076483913299537409e-01,-1.914237842860905042e-03,1.772263951924381168e-03,6.065671328664645756e-01,-8.926411173597924645e-04,1.279698015587307640e-05,-2.343375431470103080e-05,3.979325835913641048e-06
5.718750000000000000e+00,6.076364618925269578e-01,-1.903192589111766045e-03,1.762226753607378958e-03,6.065615703015063698e-01,-8.873846478994419553e-04,1.265135629181010957e-05,-2.316639554461117213e-05,3.934084072368004457e-06
5.725000000000000533e+00,6.076246012922679185e-01,-1.892209889955558631e-03,1.752246428288957956e-03,6.065560404963091790e-01,-8.821579656440978363e-04,1.250739383163358409e-05,-2.290209915905418267e-05,3.889357354118112469e-06
5.731250000000001066e+00,6.076128091393191433e-01,-1.881289390944692599e-03,1.742322653507444481e-03,6.065505432652305018e-01,-8.769609019733465771e-04,1.236507374585993616e-05,-2.264082989228727264e-05,3.845139799420691504e-06
5.737500000000000711e+00,6.076010850460319412e-01,-1.870430739641234076e-03,1.732455108632729697e-03,6.065450784236785520e-01,-8.717932892231004859e-04,1.222437722413571054e-05,-2.238255288761758580e-05,3.801425593988868318e-06
5.743750000000000355e+00,6.075894286269544198e-01,-1.859633585605488006e-03,1.722643474855832220e-03,6.065396457881065961e-01,-8.666549606801748559e-04,1.208528567269594668e-05,-2.212723369261201806e-05,3.758208990214027514e-06
5.750000000000000000e+00,6.075778394988187170e-01,-1.848897580384652834e-03,1.712887435178524903e-03,6.065342451760067366e-01,-8.615457505769001309e-04,1.194778071185243977e-05,-2.187483825436399064e-05,3.715484306396745016e-06
5.756249999999999645e+00,6.075663172805282342e-01,-1.838222377501534405e-03,1.703186674403015834e-03,6.065288764059043602e-01,-8.564654940857616095e-04,1.181184417351132602e-05,-2.162533291481623233e-05,3.673245925986637829e-06
5.762500000000000178e+00,6.075548615931463114e-01,-1.827607632443323162e-03,1.693540879121689614e-03,6.065235392973521433e-01,-8.514140273140697246e-04,1.167745809871972966e-05,-2.137868440613894426e-05,3.631488296831044547e-06
5.768750000000000711e+00,6.075434720598827942e-01,-1.817053002650443130e-03,1.683949737706912607e-03,6.065182336709239452e-01,-8.463911872986636066e-04,1.154460473524119210e-05,-2.113485984616291673e-05,3.590205930432463754e-06
5.775000000000000355e+00,6.075321483060828198e-01,-1.806558147505454457e-03,1.674412940300888924e-03,6.065129593482094794e-01,-8.413968120006407774e-04,1.141326653515938863e-05,-2.089382673386653763e-05,3.549393401214590235e-06
5.781250000000000000e+00,6.075208899592141609e-01,-1.796122728322021005e-03,1.664930178805575176e-03,6.065077161518082072e-01,-8.364307403001175261e-04,1.128342615250988529e-05,-2.065555294491630970e-05,3.509045345796878691e-06
5.787500000000000533e+00,6.075096966488555683e-01,-1.785746408333947115e-03,1.655501146872659845e-03,6.065025039053237865e-01,-8.314928119910212695e-04,1.115506644093967332e-05,-2.042000672726027342e-05,3.469156462277556604e-06
5.793750000000001066e+00,6.074985680066844473e-01,-1.775428852684274002e-03,1.646125539893597729e-03,6.064973224333581880e-01,-8.265828677759131608e-04,1.102817045139407297e-05,-2.018715669677362745e-05,3.429721509524967678e-06
5.800000000000000711e+00,6.074875036664652006e-01,-1.765169728414436217e-03,1.636803054989697300e-03,6.064921715615064768e-01,-8.217007492608366121e-04,1.090272142983063391e-05,-1.995697183295577079e-05,3.390735306477118789e-06
5.806250000000000355e+00,6.074765032640371265e-01,-1.754968704453476434e-03,1.627533391002265956e-03,6.064870511163504840e-01,-8.168462989501957400e-04,1.077870281495976125e-05,-1.972942147467825837e-05,3.352192731449366076e-06
5.812500000000000000e+00,6.074655664373032060e-01,-1.744825451607331587e-03,1.618316248482816423e-03,6.064819609254538113e-01,-8.120193602416664455e-04,1.065609823601184352e-05,-1.950447531598326349e-05,3.314088721450161819e-06
5.818749999999999645e+00,6.074546928262176682e-01,-1.734739642548172554e-03,1.609151329683325632e-03,6.064769008173560572e-01,-8.072197774211330818e-04,1.053489151053042351e-05,-1.928210340193161888e-05,3.276418271504729550e-06
5.825000000000000178e+00,6.074438820727749988e-01,-1.724710951803805001e-03,1.600038338546548242e-03,6.064718706215672661e-01,-8.024473956576543953e-04,1.041506664219116468e-05,-1.906227612449994829e-05,3.239176433986584804e-06
5.831250000000000711e+00,6.074331338209980613e-01,-1.714739055747137005e-03,1.590976980696392389e-03,6.064668701685622665e-01,-7.977020609984611247e-04,1.029660781864636407e-05,-1.884496421852649577e-05,3.202358317956839678e-06
5.837500000000000355e+00,6.074224477169264391e-01,-1.704823632585698075e-03,1.581966963428342284e-03,6.064618992897756744e-01,-7.929836203639775618e-04,1.017949940939458478e-05,-1.863013875770470391e-05,3.165959088511148049e-06
5.843750000000000000e+00,6.074118234086055557e-01,-1.694964362351219752e-03,1.573007995699937179e-03,6.064569578175956766e-01,-7.882919215428729276e-04,1.006372596367517096e-05,-1.841777115062419534e-05,3.129973966134228360e-06
5.850000000000000533e+00,6.074012605460747949e-01,-1.685160926889279305e-03,1.564099788121309535e-03,6.064520455853595893e-01,-7.836268131871424554e-04,9.949272208387435155e-06,-1.820783313685864270e-05,3.094398226061899148e-06
5.856250000000001066e+00,6.073907587813562881e-01,-1.675413009849003720e-03,1.555242052945777186e-03,6.064471624273476413e-01,-7.789881448072167713e-04,9.836123046034135110e-06,-1.800029678309991360e-05,3.059227197650512570e-06
5.862500000000000711e+00,6.073803177684438115e-01,-1.665720296672826371e-03,1.546434504060484501e-03,6.064423081787780889e-01,-7.743757667670965374e-04,9.724263552688925075e-06,-1.779513447933774880e-05,3.024456263753685961e-06
5.868750000000000355e+00,6.073699371632915733e-01,-1.656082474586301591e-03,1.537676856977097982e-03,6.064374826758015535e-01,-7.697895302795150670e-04,9.613678975987527368e-06,-1.759231893508459051e-05,2.990080860106261124e-06
5.875000000000000000e+00,6.073596166238031113e-01,-1.646499232587984732e-03,1.528968828822559536e-03,6.064326857554962480e-01,-7.652292874011307547e-04,9.504354733142444703e-06,-1.739182317564515786e-05,2.956096474715432907e-06
5.881249999999999645e+00,6.073493558098200795e-01,-1.636970261439363826e-03,1.520310138329889621e-03,6.064279172558622033e-01,-7.606948910277458540e-04,9.396276408980784646e-06,-1.719362053842995623e-05,2.922498647258920435e-06
5.887500000000000178e+00,6.073391543831115902e-01,-1.627495253654849148e-03,1.511700505829042434e-03,6.064231770158163837e-01,-7.561861948895502988e-04,9.289429754004994625e-06,-1.699768466931232740e-05,2.889282968490117471e-06
5.893750000000000711e+00,6.073290120073627785e-01,-1.618073903491824578e-03,1.503139653237817912e-03,6.064184648751870244e-01,-7.517030535463975092e-04,9.183800682476280479e-06,-1.680398951902861379e-05,2.856445079650154142e-06
5.900000000000000355e+00,6.073189283481646994e-01,-1.608705906940749485e-03,1.494627304052820790e-03,6.064137806747091908e-01,-7.472453223831020987e-04,9.079375270520325693e-06,-1.661250933962067766e-05,2.823980671886756527e-06
5.906250000000000000e+00,6.073089030730026705e-01,-1.599390961715316120e-03,1.486163183340469957e-03,6.064091242560190054e-01,-7.428128576047650106e-04,8.976139754255106333e-06,-1.642321868092042639e-05,2.791885485679839312e-06
5.912500000000000533e+00,6.072989358512460578e-01,-1.590128767242669685e-03,1.477747017728065068e-03,6.064044954616487626e-01,-7.384055162321278209e-04,8.874080527940617029e-06,-1.623609238707591013e-05,2.760155310273775178e-06
5.918750000000001066e+00,6.072890263541375067e-01,-1.580919024653682598e-03,1.469378535394904976e-03,6.063998941350219329e-01,-7.340231560969534942e-04,8.773184142150164110e-06,-1.605110559311840907e-05,2.728785983116243948e-06
5.925000000000000711e+00,6.072791742547822835e-01,-1.571761436773279515e-03,1.461057466063450617e-03,6.063953201204479448e-01,-7.296656358374306681e-04,8.673437301962946374e-06,-1.586823372156991065e-05,2.697773389303566610e-06
5.931250000000000355e+00,6.072693792281379510e-01,-1.562655708110817629e-03,1.452783540990540152e-03,6.063907732631171887e-01,-7.253328148936039575e-04,8.574826865177701568e-06,-1.568745247909061414e-05,2.667113461032462822e-06
5.937500000000000000e+00,6.072596409510031545e-01,-1.553601544850528350e-03,1.444556492958658104e-03,6.063862534090960210e-01,-7.210245535028342919e-04,8.477339840547262715e-06,-1.550873785316606954e-05,2.636802177058188261e-06
5.943749999999999645e+00,6.072499591020081855e-01,-1.544598654842007117e-03,1.436376056267253285e-03,6.063817604053222121e-01,-7.167407126952811533e-04,8.380963386033632979e-06,-1.533206610883330043e-05,2.606835562158923931e-06
5.950000000000000178e+00,6.072403333616037679e-01,-1.535646747590758716e-03,1.428241966724102694e-03,6.063772940995990623e-01,-7.124811542894117023e-04,8.285684807083409641e-06,-1.515741378544550064e-05,2.577209686606376335e-06
5.956250000000000711e+00,6.072307634120510667e-01,-1.526745534248800723e-03,1.420153961636731570e-03,6.063728543405915161e-01,-7.082457408875376600e-04,8.191491554923355603e-06,-1.498475769347497609e-05,2.547920665642520751e-06
5.962500000000000355e+00,6.072212489374118061e-01,-1.517894727605314424e-03,1.412111779803876602e-03,6.063684409778206108e-01,-7.040343358713736571e-04,8.098371224875772830e-06,-1.481407491135362219e-05,2.518964658962384707e-06
5.968750000000000000e+00,6.072117896235371681e-01,-1.509094042077348003e-03,1.404115161506998147e-03,6.063640538616588138e-01,-6.998468033976222536e-04,8.006311554693503239e-06,-1.464534278235064174e-05,2.490337870202822516e-06
5.975000000000000533e+00,6.072023851580585774e-01,-1.500343193700579567e-03,1.396163848501844051e-03,6.063596928433251376e-01,-6.956830083935856314e-04,7.915300422914385930e-06,-1.447853891148713602e-05,2.462036546437220308e-06
5.981250000000001066e+00,6.071930352303769318e-01,-1.491641900120130489e-03,1.388257584010064213e-03,6.063553577748806989e-01,-6.915428165528018966e-04,7.825325847234877700e-06,-1.431364116248703513e-05,2.434056977676057036e-06
5.987500000000000711e+00,6.071837395316529440e-01,-1.482989880581427966e-03,1.380396112710866562e-03,6.063510485092232782e-01,-6.874260943307049102e-04,7.736375982902572544e-06,-1.415062765476382745e-05,2.406395496373224020e-06
5.993750000000000355e+00,6.071744977547971489e-01,-1.474386855921118542e-03,1.372579180732721614e-03,6.063467649000832127e-01,-6.833327089403079709e-04,7.648439121127433821e-06,-1.398947676044279498e-05,2.379048476938062826e-06
6.000000000000000000e+00,6.071653095944596901e-01,-1.465832548558039083e-03,1.364806535645120798e-03,6.063425068020182884e-01,-6.792625283479152530e-04,7.561503687511607768e-06,-1.383016710141839546e-05,2.352012335253069359e-06
6.006249999999999645e+00,6.071561747470208825e-01,-1.457326682484235683e-03,1.357077926450375553e-03,6.063382740704090779e-01,-6.752154212688551461e-04,7.475558240497450777e-06,-1.367267754644619837e-05,2.325283528197161702e-06
6.012500000000000178e+00,6.071470929105812209e-01,-1.448868983256032441e-03,1.349393103575465642e-03,6.063340665614546099e-01,-6.711912571632383138e-04,7.390591469833637427e-06,-1.351698720826904445e-05,2.298858553174466789e-06
6.018750000000000711e+00,6.071380637849512762e-01,-1.440459177985156181e-03,1.341751818863936695e-03,6.063298841321671517e-01,-6.671899062317415566e-04,7.306592195059168021e-06,-1.336307544077710346e-05,2.272733947648570448e-06
6.025000000000000355e+00,6.071290870716427035e-01,-1.432096995329905842e-03,1.334153825567839166e-03,6.063257266403682122e-01,-6.632112394114133593e-04,7.223549364004961373e-06,-1.321092183620123218e-05,2.246906288682139325e-06
6.031250000000000000e+00,6.071201624738581382e-01,-1.423782165486371740e-03,1.326598878339714559e-03,6.063215939446834346e-01,-6.592551283715027480e-04,7.141452051312885463e-06,-1.306050622233935322e-05,2.221372192481867676e-06
6.037500000000000533e+00,6.071112896964815375e-01,-1.415514420179710565e-03,1.319086733224630013e-03,6.063174859045382670e-01,-6.553214455093148193e-04,7.060289456972070950e-06,-1.291180865981553767e-05,2.196128313948701181e-06
6.043750000000001066e+00,6.071024684460689658e-01,-1.407293492655468069e-03,1.311617147652259291e-03,6.063134023801535211e-01,-6.514100639460892539e-04,6.980050904872254288e-06,-1.276480943937130218e-05,2.171171346233262806e-06
6.050000000000000711e+00,6.070936984308389350e-01,-1.399119117670948606e-03,1.304189880429005178e-03,6.063093432325408205e-01,-6.475208575229001893e-04,6.900725841373896318e-06,-1.261948907918868668e-05,2.146498020296403643e-06
6.056250000000000355e+00,6.070849793606631906e-01,-1.390991031486631937e-03,1.296804691730166345e-03,6.063053083234977159e-01,-6.436537007965796196e-04,6.822303833894943379e-06,-1.247582832224479261e-05,2.122105104474838481e-06
6.062500000000000000e+00,6.070763109470568297e-01,-1.382908971857646410e-03,1.289461343092154072e-03,6.063012975156039097e-01,-6.398084690356664909e-04,6.744774569514080987e-06,-1.233380813369750382e-05,2.097989404051816145e-06
6.068749999999999645e+00,6.070676929031696423e-01,-1.374872678025283994e-03,1.282159597404750615e-03,6.062973106722161498e-01,-6.359850382163767220e-04,6.668127853590174310e-06,-1.219340969830187178e-05,2.074147760832742868e-06
6.075000000000000178e+00,6.070591249437764514e-01,-1.366881890708565410e-03,1.274899218903409849e-03,6.062933476574644542e-01,-6.321832850185965351e-04,6.592353608397779416e-06,-1.205461441785682619e-05,2.050577052725709966e-06
6.081250000000000711e+00,6.070506067852677878e-01,-1.358936352095856418e-03,1.267679973161608010e-03,6.062894083362472264e-01,-6.284030868218998559e-04,6.517441871778543144e-06,-1.191740390868198584e-05,2.027274193326880533e-06
6.087500000000000355e+00,6.070421381456413412e-01,-1.351035805836527711e-03,1.260501627083231288e-03,6.062854925742270362e-01,-6.246443217015865308e-04,6.443382795808241761e-06,-1.178175999912398684e-05,2.004236131510655094e-06
6.093750000000000000e+00,6.070337187444919680e-01,-1.343179997032660110e-03,1.253363948895008751e-03,6.062816002378264013e-01,-6.209068684247426610e-04,6.370166645479302524e-06,-1.164766472709210630e-05,1.981459851024570465e-06
6.100000000000000533e+00,6.070253483030034758e-01,-1.335368672230802896e-03,1.246266708138990802e-03,6.062777311942232350e-01,-6.171906064463256571e-04,6.297783797398687039e-06,-1.151510033762289864e-05,1.958942370088894160e-06
6.106250000000001066e+00,6.070170265439391866e-01,-1.327601579413779844e-03,1.239209675665072516e-03,6.062738853113470716e-01,-6.134954159052715197e-04,6.226224738500901772e-06,-1.138404928047341922e-05,1.936680741000842311e-06
6.112500000000000711e+00,6.070087531916330548e-01,-1.319878467992534072e-03,1.232192623623553198e-03,6.062700624578739594e-01,-6.098211776206218524e-04,6.155480064775921435e-06,-1.125449420774261860e-05,1.914672049743359291e-06
6.118750000000000355e+00,6.070005279719806746e-01,-1.312199088798023409e-03,1.225215325457741254e-03,6.062662625032231301e-01,-6.061677730876733174e-04,6.085540480011892234e-06,-1.112641797152066858e-05,1.892913415598415411e-06
6.125000000000000000e+00,6.069923506124305090e-01,-1.304563194073164343e-03,1.218277555896604388e-03,6.062624853175522244e-01,-6.025350844741517034e-04,6.016396794552490499e-06,-1.099980362156594382e-05,1.871401990764787538e-06
6.131249999999999645e+00,6.069842208419754526e-01,-1.296970537464818898e-03,1.211379090947458607e-03,6.062587307717531848e-01,-5.989229946164050748e-04,5.948039924068675776e-06,-1.087463440300920174e-05,1.850134959980239625e-06
6.137500000000000178e+00,6.069761383911432828e-01,-1.289420874015825749e-03,1.204519707888698863e-03,6.062549987374482585e-01,-5.953313870156190383e-04,5.880460888344707113e-06,-1.075089375408468620e-05,1.829109540148067577e-06
6.143750000000000711e+00,6.069681029919886672e-01,-1.281913960157083157e-03,1.197699185262574798e-03,6.062512890869855564e-01,-5.917601458340555377e-04,5.813650810078298027e-06,-1.062856530388791097e-05,1.808322979967969283e-06
6.150000000000000355e+00,6.069601143780843922e-01,-1.274449553699669429e-03,1.190917302868004001e-03,6.062476016934352785e-01,-5.882091558913105133e-04,5.747600913694649245e-06,-1.050763287015965894e-05,1.787772559571158491e-06
6.156250000000000000e+00,6.069521722845121481e-01,-1.267027413827008465e-03,1.184173841753424512e-03,6.062439364305854950e-01,-5.846783026605924857e-04,5.682302524174255904e-06,-1.038808045709595470e-05,1.767455590159695002e-06
6.162500000000000533e+00,6.069442764478550911e-01,-1.259647301087086059e-03,1.177468584209694384e-03,6.062402931729378164e-01,-5.811674722650249933e-04,5.617747065894360452e-06,-1.026989225318379205e-05,1.747369413649986082e-06
6.168750000000001066e+00,6.069364266061881841e-01,-1.252308977384707176e-03,1.170801313763028973e-03,6.062366717957038409e-01,-5.776765514739695207e-04,5.553926061483845417e-06,-1.015305262906221821e-05,1.727511402320406351e-06
6.175000000000000711e+00,6.069286224990706469e-01,-1.245012205973796381e-03,1.164171815167977910e-03,6.062330721748007134e-01,-5.742054276993673999e-04,5.490831130691386478e-06,-1.003754613540842594e-05,1.707878958462970100e-06
6.181250000000000355e+00,6.069208638675368528e-01,-1.237756751449739685e-03,1.157579874400439584e-03,6.062294941868471287e-01,-5.707539889921028550e-04,5.428453989266735392e-06,-9.923357500848617883e-06,1.688469514039024676e-06
6.187500000000000000e+00,6.069131504540884459e-01,-1.230542379741776052e-03,1.151025278650721169e-03,6.062259377091596679e-01,-5.673221240383888135e-04,5.366786447855032835e-06,-9.810471629893428145e-06,1.669280530338931280e-06
6.193749999999999645e+00,6.069054820026859032e-01,-1.223368858105428145e-03,1.144507816316635285e-03,6.062224026197486904e-01,-5.639097221561716923e-04,5.305820410903908045e-06,-9.698873600897457199e-06,1.650309497645660963e-06
6.200000000000000178e+00,6.068978582587400972e-01,-1.216235955114975580e-03,1.138027276996635487e-03,6.062188887973140039e-01,-5.605166732915562409e-04,5.245547875583261095e-06,-9.588548664042723601e-06,1.631553934902270664e-06
6.206250000000000711e+00,6.068902789691043020e-01,-1.209143440655975447e-03,1.131583451482993377e-03,6.062153961212417563e-01,-5.571428680152527195e-04,5.185960930717606660e-06,-9.479482239345781813e-06,1.613011389383228171e-06
6.212500000000000355e+00,6.068827438820658671e-01,-1.202091085917820351e-03,1.125176131755012800e-03,6.062119244715997723e-01,-5.537881975190426164e-04,5.127051755730758208e-06,-9.371659914688094470e-06,1.594679436369512725e-06
6.218750000000000000e+00,6.068752527473383340e-01,-1.195078663386337859e-03,1.118805110972280687e-03,6.062084737291341119e-01,-5.504525536122633397e-04,5.068812619602750129e-06,-9.265067443869481209e-06,1.576555678827464179e-06
6.225000000000000533e+00,6.068678053160528885e-01,-1.188105946836437877e-03,1.112470183467960828e-03,6.062050437752650733e-01,-5.471358287183151342e-04,5.011235879838888519e-06,-9.159690744684396730e-06,1.558637747091346593e-06
6.231250000000001066e+00,6.068604013407508102e-01,-1.181172711324799491e-03,1.106171144742125164e-03,6.062016344920834188e-01,-5.438379158711890331e-04,4.954313981450756146e-06,-9.055515897020736550e-06,1.540923298549572297e-06
6.237500000000000711e+00,6.068530405753752577e-01,-1.174278733182597054e-03,1.099907791455121721e-03,6.061982457623464882e-01,-5.405587087120106377e-04,4.898039455948991176e-06,-8.952529140980826545e-06,1.523410017334531973e-06
6.243750000000000355e+00,6.068457227752632743e-01,-1.167423790008267253e-03,1.093679921420977240e-03,6.061948774694746467e-01,-5.372981014856053651e-04,4.842404920347748169e-06,-8.850716875024401470e-06,1.506095614016004520e-06
6.250000000000000000e+00,6.068384476971381281e-01,-1.160607660660322154e-03,1.087487333600844911e-03,6.061915294975471769e-01,-5.340559890370846210e-04,4.787403076180735485e-06,-8.750065654133375937e-06,1.488977825298110474e-06
6.256249999999999645e+00,6.068312150991010956e-01,-1.153830125250198020e-03,1.081329828096483760e-03,6.061882017312988369e-01,-5.308322668084496446e-04,4.733026708528619863e-06,-8.650562187998031788e-06,1.472054413719751182e-06
6.262500000000000178e+00,6.068240247406240240e-01,-1.147090965135147715e-03,1.075207206143776861e-03,6.061848940561157528e-01,-5.276268308352150861e-04,4.679268685057708400e-06,-8.552193339224423624e-06,1.455323167358499851e-06
6.268750000000000711e+00,6.068168763825413370e-01,-1.140389962911173656e-03,1.069119270106289217e-03,6.061816063580324210e-01,-5.244395777430529678e-04,4.626121955069790194e-06,-8.454946121562783990e-06,1.438781899537915873e-06
6.275000000000000355e+00,6.068097697870424856e-01,-1.133726902405998932e-03,1.063065823468857746e-03,6.061783385237271560e-01,-5.212704047444544249e-04,4.573579548562957219e-06,-8.358807698156601242e-06,1.422428448538218917e-06
6.281250000000000000e+00,6.068027047176639543e-01,-1.127101568672077021e-03,1.057046670831218553e-03,6.061750904405192042e-01,-5.181192096354092285e-04,4.521634575303296025e-06,-8.263765379812138009e-06,1.406260677310299259e-06
6.287500000000000533e+00,6.067956809392820450e-01,-1.120513747979645734e-03,1.051061617901674541e-03,6.061718619963646359e-01,-5.149858907921067751e-04,4.470280223907367255e-06,-8.169806623288258121e-06,1.390276473193031129e-06
6.293750000000001066e+00,6.067886982181048827e-01,-1.113963227809819552e-03,1.045110471490797712e-03,6.061686530798526817e-01,-5.118703471676561579e-04,4.419509760935308640e-06,-8.076919029606221490e-06,1.374473747633842892e-06
6.300000000000000711e+00,6.067817563216653109e-01,-1.107449796847719253e-03,1.039193039505164218e-03,6.061654635802026236e-01,-5.087724782888220680e-04,4.369316529994408171e-06,-7.985090342379184370e-06,1.358850435912499394e-06
6.306250000000000355e+00,6.067748550188130086e-01,-1.100973244975638182e-03,1.033309130941126915e-03,6.061622933872599095e-01,-5.056921842527801027e-04,4.319693950853064443e-06,-7.894308446161227104e-06,1.343404496868063640e-06
6.312500000000000000e+00,6.067679940797070515e-01,-1.094533363266254498e-03,1.027458555878625873e-03,6.061591423914922672e-01,-5.026293657238925646e-04,4.270635518565033357e-06,-7.804561364815714564e-06,1.328133912629016009e-06
6.318749999999999645e+00,6.067611732758089182e-01,-1.088129943975876378e-03,1.021641125475030972e-03,6.061560104839868179e-01,-4.995839239305007416e-04,4.222134802603786708e-06,-7.715837259902684329e-06,1.313036688346474023e-06
6.325000000000000178e+00,6.067543923798744965e-01,-1.081762780537726468e-03,1.015856651959020718e-03,6.061528975564461907e-01,-4.965557606617355089e-04,4.174185446006893712e-06,-7.628124429085055094e-06,1.298110851930481983e-06
6.331250000000000711e+00,6.067476511659471994e-01,-1.075431667555267964e-03,1.010104948624498782e-03,6.061498035011850805e-01,-4.935447782643476644e-04,4.126781164530328909e-06,-7.541411304553504527e-06,1.283354453789348859e-06
6.337500000000000355e+00,6.067409494093505273e-01,-1.069136400795564316e-03,1.004385829824540246e-03,6.061467282111268062e-01,-4.905508796395543093e-04,4.079915745812533657e-06,-7.455686451469671845e-06,1.268765566571974517e-06
6.343750000000000000e+00,6.067342868866807404e-01,-1.062876777182676213e-03,9.986991109653736362e-04,6.061436715797996477e-01,-4.875739682399031732e-04,4.033583048548153279e-06,-7.370938566427541943e-06,1.254342284913144578e-06
6.350000000000000533e+00,6.067276633757998638e-01,-1.056652594791099558e-03,9.930446085004004594e-04,6.061406335013337365e-01,-4.846139480661565630e-04,3.987777001671360926e-06,-7.287156475932826437e-06,1.240082725181765339e-06
6.356250000000001066e+00,6.067210786558283608e-01,-1.050463652839241611e-03,9.874221399242479220e-04,6.061376138704576144e-01,-4.816707236641928208e-04,3.942491603548623325e-06,-7.204329134900106986e-06,1.225985025231996806e-06
6.362500000000000711e+00,6.067145325071379158e-01,-1.044309751682929869e-03,9.818315237668530891e-04,6.061346125824945696e-01,-4.787442001219237753e-04,3.897720921180789809e-06,-7.122445625167454603e-06,1.212047344157242777e-06
6.368750000000000355e+00,6.067080247113443292e-01,-1.038190692808957805e-03,9.762725795875806540e-04,6.061316295333593063e-01,-4.758342830662298643e-04,3.853459089414396226e-06,-7.041495154028393649e-06,1.198267862046971493e-06
6.375000000000000000e+00,6.067015550513009670e-01,-1.032106278828672039e-03,9.707451279693782211e-04,6.061286646195549466e-01,-4.729408786599147195e-04,3.809700310162138399e-06,-6.961467052781040279e-06,1.184644779746346746e-06
6.381249999999999645e+00,6.066951233110911001e-01,-1.026056313471592017e-03,9.652489905129619466e-04,6.061257177381691452e-01,-4.700638935986755805e-04,3.766438851632320746e-06,-6.882350775294123094e-06,1.171176318618615657e-06
6.387500000000000178e+00,6.066887292760213546e-01,-1.020040601579066996e-03,9.597839898310349220e-04,6.061227887868713138e-01,-4.672032351080905132e-04,3.723669047567225435e-06,-6.804135896589734389e-06,1.157860720310231731e-06
6.393750000000000711e+00,6.066823727326143834e-01,-1.014058949097970327e-03,9.543499495425419865e-04,6.061198776639088459e-01,-4.643588109406248201e-04,3.681385296490305493e-06,-6.726812111442645133e-06,1.144696246518687151e-06
6.400000000000000355e+00,6.066760534686025386e-01,-1.008111163074427779e-03,9.489466942669534883e-04,6.061169842681041198e-01,-4.615305293726524650e-04,3.639582060962054931e-06,-6.650369232995899073e-06,1.131681178763008567e-06
6.406250000000000000e+00,6.066697712729206549e-01,-1.002197051647579903e-03,9.435740496185811375e-04,6.061141084988512784e-01,-4.587182992014941416e-04,3.598253866844476673e-06,-6.574797191392554673e-06,1.118813818156890755e-06
6.412500000000000533e+00,6.066635259356990550e-01,-9.963164240433834348e-04,9.382318422009302888e-04,6.061112502561126769e-01,-4.559220297424740440e-04,3.557395302574081797e-06,-6.500086032423409720e-06,1.106092485184449512e-06
6.418750000000001066e+00,6.066573172482574439e-01,-9.904690905684484722e-04,9.329198996010834490e-04,6.061084094404159961e-01,-4.531416308259933880e-04,3.517001018443284576e-06,-6.426225916190495990e-06,1.093515519478553139e-06
6.425000000000000711e+00,6.066511450030972474e-01,-9.846548626039064445e-04,9.276380503841130578e-04,6.061055859528505785e-01,-4.503770127946188405e-04,3.477065725890084452e-06,-6.353207115786102566e-06,1.081081279601695860e-06
6.431250000000000355e+00,6.066450089938958401e-01,-9.788735525993140767e-04,9.223861240875270116e-04,6.061027796950649860e-01,-4.476280865001877000e-04,3.437584196795951119e-06,-6.281020015987196524e-06,1.068788142829392653e-06
6.437500000000000000e+00,6.066389090154993280e-01,-9.731249740665947603e-04,9.171639512157480148e-04,6.060999905692628920e-01,-4.448947633009315075e-04,3.398551262791852960e-06,-6.209655111965101220e-06,1.056634504936071766e-06
6.443749999999999645e+00,6.066328448639158877e-01,-9.674089415740120147e-04,9.119713632346228543e-04,6.060972184782008609e-01,-4.421769550586141873e-04,3.359961814572281070e-06,-6.139103008010167910e-06,1.044618779983425327e-06
6.450000000000000178e+00,6.066268163363095489e-01,-9.617252707401766684e-04,9.068081925659622492e-04,6.060944633251844627e-01,-4.394745741356870456e-04,3.321810801217195565e-06,-6.069354416271309411e-06,1.032739400111189660e-06
6.456250000000000711e+00,6.066208232309935333e-01,-9.560737782280918787e-04,9.016742725821149610e-04,6.060917250140654966e-01,-4.367875333924607921e-04,3.284093229521826858e-06,-6.000400155510240792e-06,1.020994815330341561e-06
6.462500000000000355e+00,6.066148653474234820e-01,-9.504542817392268826e-04,8.965694376005691173e-04,6.060890034492388834e-01,-4.341157461842924149e-04,3.246804163334189593e-06,-5.932231149870186541e-06,1.009383493318661386e-06
6.468750000000000000e+00,6.066089424861911272e-01,-9.448666000076257673e-04,8.914935228785845437e-04,6.060862985356395560e-01,-4.314591263587875592e-04,3.209938722900248247e-06,-5.864838427658923768e-06,9.979039192186462399e-07
6.475000000000000533e+00,6.066030544490181864e-01,-9.393105527940515858e-04,8.864463646078581636e-04,6.060836101787392405e-01,-4.288175882530207415e-04,3.173492084216664953e-06,-5.798213120146030994e-06,9.865545954377544047e-07
6.481250000000001066e+00,6.065972010387494784e-01,-9.337859608801649504e-04,8.814277999092202985e-04,6.060809382845436799e-01,-4.261910466907710675e-04,3.137459478391021957e-06,-5.732346460374136701e-06,9.753340414509433279e-07
6.487500000000000711e+00,6.065913820593467065e-01,-9.282926460627310321e-04,8.764376668273579640e-04,6.060782827595893041e-01,-4.235794169797724249e-04,3.101836191009406924e-06,-5.667229781983969440e-06,9.642407936054729962e-07
6.493750000000000355e+00,6.065855973158822412e-01,-9.228304311478610373e-04,8.714758043255686325e-04,6.060756435109405649e-01,-4.209826149089792332e-04,3.066617561511301341e-06,-5.602854518053076505e-06,9.532734049279497122e-07
6.500000000000000000e+00,6.065798466145330137e-01,-9.173991399452892468e-04,8.665420522805468472e-04,6.060730204461864945e-01,-4.184005567458496506e-04,3.031798982571710225e-06,-5.539212199948106997e-06,9.424304449335980981e-07
6.506249999999999645e+00,6.065741297625736328e-01,-9.119985972626797619e-04,8.616362514771983743e-04,6.060704134734382631e-01,-4.158331592336426573e-04,2.997375899490400117e-06,-5.476294456190412783e-06,9.317104994377159023e-07
6.512500000000000178e+00,6.065684465683708337e-01,-9.066286288999653425e-04,8.567582436034836295e-04,6.060678225013255149e-01,-4.132803395887306441e-04,2.963343809588189483e-06,-5.414093011334837762e-06,9.211121703692961519e-07
6.518750000000000711e+00,6.065627968413768167e-01,-9.012890616437221327e-04,8.519078712452931960e-04,6.060652474389943700e-01,-4.107420154979289141e-04,2.929698261610223738e-06,-5.352599684861596327e-06,9.106340755867965342e-07
6.525000000000000355e+00,6.065571803921234739e-01,-8.959797232615713831e-04,8.470849778813492560e-04,6.060626881961033163e-01,-4.082181051158381940e-04,2.896434855136109975e-06,-5.291806390080987768e-06,9.002748486960175716e-07
6.531250000000000000e+00,6.065515970322160610e-01,-8.907004424966142404e-04,8.422894078781357520e-04,6.060601446828214334e-01,-4.057085270622026512e-04,2.863549239996859716e-06,-5.231705133050848355e-06,8.900331388700723335e-07
6.537500000000000533e+00,6.065460465743270912e-01,-8.854510490619000402e-04,8.375210064848610759e-04,6.060576168098246175e-01,-4.032132004192841182e-04,2.831037115698577441e-06,-5.172288011506631833e-06,8.799076106714307435e-07
6.543750000000001066e+00,6.065405288321904509e-01,-8.802313736349265828e-04,8.327796198284481873e-04,6.060551044882933613e-01,-4.007320447292514964e-04,2.798894230852793654e-06,-5.113547213803922671e-06,8.698969438760068233e-07
6.550000000000000711e+00,6.065350436205950713e-01,-8.750412478521684898e-04,8.280650949085514032e-04,6.060526076299094234e-01,-3.982649799915834957e-04,2.767116382613354844e-06,-5.055475017873210110e-06,8.599998332992612413e-07
6.556250000000000355e+00,6.065295907553793775e-01,-8.698805043036368949e-04,8.233772795926017031e-04,6.060501261468530521e-01,-3.958119266604860111e-04,2.735699416119803829e-06,-4.998063790186812898e-06,8.502149886242996811e-07
6.562500000000000000e+00,6.065241700534250713e-01,-8.647489765274730695e-04,8.187160226108828242e-04,6.060476599518005436e-01,-3.933728056423264115e-04,2.704639223947204749e-06,-4.941305984737852224e-06,8.405411342319534797e-07
6.568749999999999645e+00,6.065187813326514688e-01,-8.596464990045703464e-04,8.140811735516338124e-04,6.060452089579208002e-01,-3.909475382930806243e-04,2.673931745562294133e-06,-4.885194142031054314e-06,8.309770090328047355e-07
6.575000000000000178e+00,6.065134244120091722e-01,-8.545729071532266177e-04,8.094725828561784601e-04,6.060427730788729983e-01,-3.885360464157947458e-04,2.643572966785901269e-06,-4.829720888085281888e-06,8.215213663011398987e-07
6.581250000000000711e+00,6.065080991114746300e-01,-8.495280373238293589e-04,8.048901018140856454e-04,6.060403522288037026e-01,-3.861382522580629711e-04,2.613558919261584111e-06,-4.774878933447685221e-06,8.121729735108159615e-07
6.587500000000000355e+00,6.065028052520441415e-01,-8.445117267935681920e-04,8.003335825583543896e-04,6.060379463223439789e-01,-3.837540785095177199e-04,2.583885679930371017e-06,-4.720661072219264429e-06,8.029306121730026154e-07
6.593750000000000000e+00,6.064975426557283056e-01,-8.395238137611770466e-04,7.958028780606251533e-04,6.060355552746067298e-01,-3.813834482993340197e-04,2.554549370511556237e-06,-4.667060181091751500e-06,7.937930776757881980e-07
6.600000000000000533e+00,6.064923111455459148e-01,-8.345641373417083059e-04,7.912978421264222489e-04,6.060331790011838082e-01,-3.790262851937498817e-04,2.525546156989496198e-06,-4.614069218395712133e-06,7.847591791256313249e-07
6.606250000000001066e+00,6.064871105455186262e-01,-8.296325375613378518e-04,7.868183293904227075e-04,6.060308174181436858e-01,-3.766825131936006620e-04,2.496872249106320630e-06,-4.561681223159690332e-06,7.758277391906317363e-07
6.612500000000000711e+00,6.064819406806648550e-01,-8.247288553521962395e-04,7.823641953117496488e-04,6.060284704420282331e-01,-3.743520567318655667e-04,2.468523899860475506e-06,-4.509889314180263645e-06,7.669975939455956891e-07
6.618750000000000355e+00,6.064768013769946675e-01,-8.198529325472284947e-04,7.779352961692923224e-04,6.060261379898503886e-01,-3.720348406712292266e-04,2.440497405011040207e-06,-4.458686689102876887e-06,7.582675927188778944e-07
6.625000000000000000e+00,6.064716924615036753e-01,-8.150046118750880640e-04,7.735314890570567240e-04,6.060238199790913827e-01,-3.697307903016576382e-04,2.412789102587780798e-06,-4.408066623513400153e-06,7.496365979409884607e-07
6.631249999999999645e+00,6.064666137621677056e-01,-8.101837369550551589e-04,7.691526318795387620e-04,6.060215163276978512e-01,-3.674398313379875487e-04,2.385395372406827601e-06,-4.358022470040186648e-06,7.411034849949312768e-07
6.637500000000000178e+00,6.064615651079371395e-01,-8.053901522919858919e-04,7.647985833471253976e-04,6.060192269540797261e-01,-3.651618899175290678e-04,2.358312635591937675e-06,-4.308547657466564272e-06,7.326671420682589087e-07
6.643750000000000711e+00,6.064565463287314717e-01,-8.006237032712911188e-04,7.604692029715232147e-04,6.060169517771071268e-01,-3.628968925976834591e-04,2.331537354101282074e-06,-4.259635689853644910e-06,7.243264700068310904e-07
6.650000000000000355e+00,6.064515572554339817e-01,-7.958842361539411950e-04,7.561643510612104085e-04,6.060146907161075847e-01,-3.606447663535725318e-04,2.305066030259666823e-06,-4.211280145673282876e-06,7.160803821702428226e-07
6.656250000000000000e+00,6.064465977198858493e-01,-7.911715980714990274e-04,7.518838887169151204e-04,6.060124436908642664e-01,-3.584054385756821814e-04,2.278895206296142708e-06,-4.163474676951091018e-06,7.079278042889126565e-07
6.662500000000000533e+00,6.064416675548810476e-01,-7.864856370211840281e-04,7.476276778271212032e-04,6.060102106216124218e-01,-3.561788370675201339e-04,2.253021463886952658e-06,-4.116213008419424712e-06,6.998676743228135861e-07
6.668750000000001066e+00,6.064367665941609031e-01,-7.818262018609637137e-04,7.433955810635998985e-04,6.060079914290373848e-01,-3.539648900432870791e-04,2.227441423703744691e-06,-4.069488936680189749e-06,6.918989423218248432e-07
6.675000000000000711e+00,6.064318946724086556e-01,-7.771931423046708927e-04,7.391874618769647166e-04,6.060057860342720204e-01,-3.517635261255601105e-04,2.202151744966969566e-06,-4.023296329377336031e-06,6.840205702876799270e-07
6.681250000000000355e+00,6.064270516252443510e-01,-7.725863089171483913e-04,7.350031844922513607e-04,6.060035943588939489e-01,-3.495746743429890119e-04,2.177149125004422027e-06,-3.977629124378945622e-06,6.762315320374984791e-07
6.687500000000000000e+00,6.064222372892189572e-01,-7.680055531094243538e-04,7.308426139045262745e-04,6.060014163249228814e-01,-3.473982641280076158e-04,2.152430298814882892e-06,-3.932481328968836357e-06,6.685308130688883452e-07
6.693749999999999645e+00,6.064174515018100342e-01,-7.634507271339131297e-04,7.267056158745168739e-04,6.059992518548186213e-01,-3.452342253145566529e-04,2.127992038636767096e-06,-3.887847019047513316e-06,6.609174104265894494e-07
6.700000000000000178e+00,6.064126941014155170e-01,-7.589216840796422911e-04,7.225920569242680162e-04,6.059971008714780671e-01,-3.430824881358195588e-04,2.103831153521740862e-06,-3.843720338342384289e-06,6.533903325706475156e-07
6.706250000000000711e+00,6.064079649273490524e-01,-7.544182778675102233e-04,7.185018043328242733e-04,6.059949632982331025e-01,-3.409429832219729173e-04,2.079944488913257163e-06,-3.800095497627156235e-06,6.459485992461026011e-07
6.712500000000000355e+00,6.064032638198346703e-01,-7.499403632455665936e-04,7.144347261319346481e-04,6.059928390588475988e-01,-3.388156415979474739e-04,2.056328926229924353e-06,-3.756966773950239093e-06,6.385912413541663968e-07
6.718750000000000000e+00,6.063985906200018983e-01,-7.454877957843204653e-04,7.103906911017814681e-04,6.059907280775158611e-01,-3.367003946812025406e-04,2.032981382453672402e-06,-3.714328509872104837e-06,6.313173008248766473e-07
6.725000000000000533e+00,6.063939451698800998e-01,-7.410604318720769284e-04,7.063695687667361682e-04,6.059886302788589640e-01,-3.345971742795139517e-04,2.009898809722667585e-06,-3.672175112711498465e-06,6.241258304912147136e-07
6.731250000000001066e+00,6.063893273123937000e-01,-7.366581287103005082e-04,7.023712293911387079e-04,6.059865455879234197e-01,-3.325059125887748143e-04,1.987078194928914236e-06,-3.630501053800386544e-06,6.170158939646663749e-07
6.737500000000000711e+00,6.063847368913571900e-01,-7.322807443090019941e-04,6.983955439750992155e-04,6.059844739301780692e-01,-3.304265421908074256e-04,1.964516559320470286e-06,-3.589300867747510766e-06,6.099865655122042692e-07
6.743750000000000355e+00,6.063801737514699086e-01,-7.279281374821519384e-04,6.944423842503235928e-04,6.059824152315121948e-01,-3.283589960511878753e-04,1.942210958108240600e-06,-3.548569151710476210e-06,6.030369299346808553e-07
6.750000000000000000e+00,6.063756377383112683e-01,-7.236001678431228882e-04,6.905116226759652493e-04,6.059803694182324119e-01,-3.263032075170843095e-04,1.920158480077307852e-06,-3.508300564676295533e-06,5.961660824466194023e-07
6.756249999999999645e+00,6.063711286983353155e-01,-7.192966958001550341e-04,6.866031324344986286e-04,6.059783364170612252e-01,-3.242591103151066861e-04,1.898356247202724953e-06,-3.468489826750246366e-06,5.893731285573779150e-07
6.762500000000000178e+00,6.063666464788662891e-01,-7.150175825518482065e-04,6.827167874276159369e-04,6.059763161551339206e-01,-3.222266385491683494e-04,1.876801414269720084e-06,-3.429131718452960596e-06,5.826571839536758276e-07
6.768750000000000711e+00,6.063621909280935141e-01,-7.107626900826804345e-04,6.788524622721497839e-04,6.059743085599962331e-01,-3.202057266983615352e-04,1.855491168498287886e-06,-3.390221080025677360e-06,5.760173743834698104e-07
6.775000000000000355e+00,6.063577618950662940e-01,-7.065318811585505733e-04,6.750100322960160982e-04,6.059723135596027932e-01,-3.181963096148427979e-04,1.834422729172078274e-06,-3.351752810743508960e-06,5.694528355411547594e-07
6.781250000000000000e+00,6.063533592296893593e-01,-7.023250193223453276e-04,6.711893735341798112e-04,6.059703310823136846e-01,-3.161983225217312294e-04,1.813593347271554945e-06,-3.313721868236660426e-06,5.629627129540804392e-07
6.787500000000000533e+00,6.063489827827177603e-01,-6.981419688895332699e-04,6.673903627246464531e-04,6.059683610568930012e-01,-3.142117010110196361e-04,1.793000305111382261e-06,-3.276123267819525211e-06,5.565461618703721339e-07
6.793750000000001066e+00,6.063446324057523151e-01,-6.939825949437856403e-04,6.636128773044757583e-04,6.059664034125061827e-01,-3.122363810414970986e-04,1.772640915981981237e-06,-3.238952081827546061e-06,5.502023471480350818e-07
6.800000000000000711e+00,6.063403079512345029e-01,-6.898467633326174197e-04,6.598567954058165213e-04,6.059644580787177937e-01,-3.102722989366830789e-04,1.752512523795194486e-06,-3.202203438961730947e-06,5.439304431453266006e-07
6.806250000000000355e+00,6.063360092724420225e-01,-6.857343406630547495e-04,6.561219958519633536e-04,6.059625249854891926e-01,-3.083193913827726946e-04,1.732612502734024324e-06,-3.165872523640750784e-06,5.377296336123827752e-07
6.812500000000000000e+00,6.063317362234840191e-01,-6.816451942973290228e-04,6.524083581534392438e-04,6.059606040631763113e-01,-3.063775954265954911e-04,1.712938256906411662e-06,-3.129954575360563044e-06,5.315991115840916595e-07
6.818749999999999645e+00,6.063274886592958657e-01,-6.775791923485937436e-04,6.487157625040975263e-04,6.059586952425276563e-01,-3.044468484735844064e-04,1.693487220002980689e-06,-3.094444888061421069e-06,5.255380792741887466e-07
6.825000000000000178e+00,6.063232664356353885e-01,-6.735362036766644796e-04,6.450440897772469423e-04,6.059567984546814223e-01,-3.025270882857568236e-04,1.674256854958719940e-06,-3.059338809502206832e-06,5.195457479705658149e-07
6.831250000000000711e+00,6.063190694090773158e-01,-6.695160978837870046e-04,6.413932215217999031e-04,6.059549136311639383e-01,-3.006182529797077666e-04,1.655244653618558656e-06,-3.024631740642020651e-06,5.136213379317815008e-07
6.837500000000000355e+00,6.063148974370093924e-01,-6.655187453104247390e-04,6.377630399584408114e-04,6.059530407038872246e-01,-2.987202810246133424e-04,1.636448136406775113e-06,-2.990319135028898267e-06,5.077640782847527418e-07
6.843750000000000000e+00,6.063107503776270502e-01,-6.615440170310714525e-04,6.341534279758159580e-04,6.059511796051466614e-01,-2.968331112402458377e-04,1.617864852000202210e-06,-2.956396498195597250e-06,5.019732069236175608e-07
6.850000000000000533e+00,6.063066280899296334e-01,-6.575917848500893378e-04,6.305642691267467287e-04,6.059493302676188797e-01,-2.949566827950007419e-04,1.599492377005197266e-06,-2.922859387062388802e-06,4.962479704097588137e-07
6.856250000000001066e+00,6.063025304337151811e-01,-6.536619212975709357e-04,6.269954476244654715e-04,6.059474926243598736e-01,-2.930909352039356422e-04,1.581328315638324785e-06,-2.889703409346756256e-06,4.905876238729722800e-07
6.862500000000000711e+00,6.062984572695762076e-01,-6.497542996252219857e-04,6.234468483388694695e-04,6.059456666088024468e-01,-2.912358083268184973e-04,1.563370299410694382e-06,-2.856924222979898222e-06,4.849914309137631058e-07
6.868750000000000355e+00,6.062944084588952620e-01,-6.458687938022678043e-04,6.199183567927968146e-04,6.059438521547539924e-01,-2.893912423661880538e-04,1.545615986815926976e-06,-2.824517535529974957e-06,4.794586635067603311e-07
6.875000000000000000e+00,6.062903838638401544e-01,-6.420052785113860086e-04,6.164098591583264597e-04,6.059420491963948274e-01,-2.875571778654254299e-04,1.528063063021715364e-06,-2.792479103632047148e-06,4.739886019052410302e-07
6.881249999999999645e+00,6.062863833473599584e-01,-6.381636291446589728e-04,6.129212422530963761e-04,6.059402576682757502e-01,-2.857335557068370292e-04,1.510709239564918617e-06,-2.760804732424585547e-06,4.685805345467436301e-07
6.887500000000000178e+00,6.062824067731800159e-01,-6.343437217995510045e-04,6.094523935366433958e-04,6.059384775053160421e-01,-2.839203171097470497e-04,1.493552254050156421e-06,-2.729490274992487939e-06,4.632337579597618848e-07
6.893750000000000711e+00,6.062784540057982730e-01,-6.305454332749083979e-04,6.060032011067657126e-04,6.059367086428012472e-01,-2.821174036286031657e-04,1.476589869851876246e-06,-2.698531631816556435e-06,4.579475766715091812e-07
6.900000000000000355e+00,6.062745249104801726e-01,-6.267686410669813871e-04,6.025735536959031654e-04,6.059349510163811736e-01,-2.803247571510907748e-04,1.459819875819826224e-06,-2.667924750229306327e-06,4.527213031167345952e-07
6.906250000000000000e+00,6.062706193532547694e-01,-6.230132233654675673e-04,5.991633406675389876e-04,6.059332045620676732e-01,-2.785423198962585752e-04,1.443240085987912779e-06,-2.637665623877069250e-06,4.475542575475824394e-07
6.912500000000000533e+00,6.062667372009102884e-01,-6.192790590495799276e-04,5.957724520126228074e-04,6.059314692162329763e-01,-2.767700344126557436e-04,1.426848339286408473e-06,-2.607750292188321618e-06,4.424457679444860916e-07
6.918750000000001066e+00,6.062628783209896843e-01,-6.155660276841374342e-04,5.924007783460156574e-04,6.059297449156070270e-01,-2.750078435764796302e-04,1.410642499257463284e-06,-2.578174839848158271e-06,4.373951699280809087e-07
6.925000000000000711e+00,6.062590425817867557e-01,-6.118740095156757807e-04,5.890482109029513552e-04,6.059280315972761510e-01,-2.732556905897332651e-04,1.394620453773872309e-06,-2.548935396278815646e-06,4.324018066721221994e-07
6.931250000000000355e+00,6.062552298523413707e-01,-6.082028854685799305e-04,5.857146415355193522e-04,6.059263291986801692e-01,-2.715135189783932741e-04,1.378780114761073190e-06,-2.520028135126197856e-06,4.274650288173995712e-07
6.937500000000000000e+00,6.062514400024356931e-01,-6.045525371412411621e-04,5.823999627091699157e-04,6.059246376576113979e-01,-2.697812725905892315e-04,1.363119417922342166e-06,-2.491449273752347682e-06,4.225841943866390774e-07
6.943749999999999645e+00,6.062476729025897404e-01,-6.009228468022341724e-04,5.791040674992364422e-04,6.059229569122116521e-01,-2.680588955947932599e-04,1.347636322467138526e-06,-2.463195072733767170e-06,4.177586687003762753e-07
6.950000000000000178e+00,6.062439284240571657e-01,-5.973136973865151049e-04,5.758268495874785875e-04,6.059212869009709124e-01,-2.663463324780189533e-04,1.332328810842563834e-06,-2.435261835365526424e-06,4.129878242937912491e-07
6.956250000000000711e+00,6.062402064388213718e-01,-5.937249724916442975e-04,5.725682032586462125e-04,6.059196275627251049e-01,-2.646435280440322265e-04,1.317194888467911748e-06,-2.407645907171113167e-06,4.082710408344977097e-07
6.962500000000000355e+00,6.062365068195911810e-01,-5.901565563740269202e-04,5.693280233970608945e-04,6.059179788366541031e-01,-2.629504274115710555e-04,1.302232583472253831e-06,-2.380343675417922280e-06,4.036077050412685953e-07
6.968750000000000000e+00,6.062328294397966166e-01,-5.866083339451751881e-04,5.661062054832166276e-04,6.059163406622798398e-01,-2.612669760125754630e-04,1.287439946435035283e-06,-2.353351568638336162e-06,3.989972106036915022e-07
6.975000000000000533e+00,6.062291741735851280e-01,-5.830801907679939930e-04,5.629026455904022081e-04,6.059147129794644204e-01,-2.595931195904282920e-04,1.272815050129654567e-06,-2.326666056156348943e-06,3.944389581027450525e-07
6.981250000000001066e+00,6.062255408958172609e-01,-5.795720130530875687e-04,5.597172403813423756e-04,6.059130957284079022e-01,-2.579288041982063877e-04,1.258355989269985831e-06,-2.300283647619650655e-06,3.899323549322839158e-07
6.987500000000000711e+00,6.062219294820629933e-01,-5.760836876550848046e-04,5.565498871048563025e-04,6.059114888496466289e-01,-2.562739761969405616e-04,1.244060880259799457e-06,-2.274200892537100232e-06,3.854768152214181929e-07
6.993750000000000355e+00,6.062183398085970731e-01,-5.726151020689855932e-04,5.534004835925351645e-04,6.059098922840511214e-01,-2.546285822538859093e-04,1.229927860945057022e-06,-2.248414379821529742e-06,3.810717597577812827e-07
7.000000000000000000e+00,6.062147717523956869e-01,-5.691661444265301616e-04,5.502689282554411787e-04,6.059083059728246345e-01,-2.529925693408026453e-04,1.215955090369057993e-06,-2.222920737337845102e-06,3.767166159116770764e-07
7.006249999999999645e+00,6.062112251911320193e-01,-5.657367034925874861e-04,5.471551200808230132e-04,6.059067298575004923e-01,-2.513658847322463707e-04,1.202140748530385248e-06,-2.197716631456325047e-06,3.724108175610926600e-07
7.012500000000000178e+00,6.062077000031727003e-01,-5.623266686615636554e-04,5.440589586288502788e-04,6.059051638799407558e-01,-2.497484760038677729e-04,1.188483036143627579e-06,-2.172798766611070054e-06,3.681538050175676318e-07
7.018750000000000711e+00,6.062041960675734753e-01,-5.589359299538327859e-04,5.409803440293686197e-04,6.059036079823342247e-01,-2.481402910307231677e-04,1.174980174402852946e-06,-2.148163884863560989e-06,3.639450249529134704e-07
7.025000000000000355e+00,6.062007132640758744e-01,-5.555643780121853918e-04,5.379191769786700926e-04,6.059020621071946611e-01,-2.465412779855934980e-04,1.161630404747784392e-06,-2.123808765471232623e-06,3.597839303267675482e-07
7.031250000000000000e+00,6.061972514731025496e-01,-5.522119040982977891e-04,5.348753587362833862e-04,6.059005261973586798e-01,-2.449513853373129816e-04,1.148431988632656405e-06,-2.099730224461020063e-06,3.556699803149749071e-07
7.037500000000000533e+00,6.061938105757540551e-01,-5.488784000892219916e-04,5.318487911217825801e-04,6.058990001959839722e-01,-2.433705618491081412e-04,1.135383207297729890e-06,-2.075925114207839590e-06,3.516026402387910216e-07
7.043750000000001066e+00,6.061903904538048504e-01,-5.455637584738972897e-04,5.288393765116150948e-04,6.058974840465476408e-01,-2.417987565769465642e-04,1.122482361543424276e-06,-2.052390323017926794e-06,3.475813814948940075e-07
7.050000000000000711e+00,6.061869909896991926e-01,-5.422678723496776598e-04,5.258470178359454707e-04,6.058959776928443119e-01,-2.402359188678940380e-04,1.109727771507034543e-06,-2.029122774716965961e-06,3.436056814861935706e-07
7.056250000000000355e+00,6.061836120665480276e-01,-5.389906354188807487e-04,5.228716185755172535e-04,6.058944810789842483e-01,-2.386819983584811727e-04,1.097117776442003973e-06,-2.006119428242966222e-06,3.396750235534312437e-07
7.062500000000000000e+00,6.061802535681242166e-01,-5.357319419853574577e-04,5.199130827585346113e-04,6.058929941493916838e-01,-2.371369449730803775e-04,1.084650734499737981e-06,-1.983377277243848065e-06,3.357888969075648697e-07
7.068749999999999645e+00,6.061769153788598707e-01,-5.324916869510797415e-04,5.169713149575608669e-04,6.058915168488027136e-01,-2.356007089222915646e-04,1.072325022513912057e-06,-1.960893349679653788e-06,3.319467965629231965e-07
7.075000000000000178e+00,6.061735973838418001e-01,-5.292697658127473812e-04,5.140462202864331826e-04,6.058900491222638518e-01,-2.340732407013366360e-04,1.060139035787248788e-06,-1.938664707429342947e-06,3.281482232711243372e-07
7.081250000000000711e+00,6.061702994688081825e-01,-5.260660746584163317e-04,5.111377043971979551e-04,6.058885909151301430e-01,-2.325544910884645407e-04,1.048091187880747269e-06,-1.916688445902130445e-06,3.243926834557515830e-07
7.087500000000000355e+00,6.061670215201447887e-01,-5.228805101641428995e-04,5.082456734770605207e-04,6.058871421730634976e-01,-2.310444111433639482e-04,1.036179910405319343e-06,-1.894961693653288901e-06,3.206796891477722764e-07
7.093750000000000000e+00,6.061637634248813189e-01,-5.197129695906484116e-04,5.053700342453531840e-04,6.058857028420304713e-01,-2.295429522055853551e-04,1.024403652815811102e-06,-1.873481612004374861e-06,3.170087579216951381e-07
7.100000000000000533e+00,6.061605250706879611e-01,-5.165633507800030744e-04,5.025106939505208110e-04,6.058842728683012657e-01,-2.280500658929729765e-04,1.012760882207393100e-06,-1.852245394667846039e-06,3.133794128324582653e-07
7.106250000000001066e+00,6.061573063458712829e-01,-5.134315521523296743e-04,4.996675603671249608e-04,6.058828521984473969e-01,-2.265657041001055275e-04,1.001250083114282247e-06,-1.831250267375999890e-06,3.097911823530385906e-07
7.112500000000000711e+00,6.061541071393711233e-01,-5.103174727025234321e-04,4.968405417928626559e-04,6.058814407793402523e-01,-2.250898189967452992e-04,9.898697573107629692e-07,-1.810493487514174467e-06,3.062436003127714197e-07
7.118750000000000355e+00,6.061509273407568177e-01,-5.072210119969911566e-04,4.940295470456021725e-04,6.058800385581493142e-01,-2.236223630262959355e-04,9.786184236144875238e-07,-1.789972343758175124e-06,3.027362058363749113e-07
7.125000000000000000e+00,6.061477668402235341e-01,-5.041420701704106729e-04,4.912344854604376978e-04,6.058786454823402723e-01,-2.221632889042702923e-04,9.674946176920378914e-07,-1.769684155715890634e-06,2.992685432836730954e-07
7.131249999999999645e+00,6.061446255285889428e-01,-5.010805479225065133e-04,4.884552668867598148e-04,6.058772614996738026e-01,-2.207125496167660771e-04,9.564968918667068957e-07,-1.749626273573025264e-06,2.958401621900054641e-07
7.137500000000000178e+00,6.061415032972894412e-01,-4.980363465148446907e-04,4.856918016853413304e-04,6.058758865582032360e-01,-2.192700984189504046e-04,9.456238149284836203e-07,-1.729796077742908459e-06,2.924506172073169417e-07
7.143750000000000711e+00,6.061384000383770454e-01,-4.950093677676466620e-04,4.829440007254425090e-04,6.058745206062735589e-01,-2.178358888335537051e-04,9.348739719462171816e-07,-1.710190978520349959e-06,2.890994680459228347e-07
7.150000000000000355e+00,6.061353156445152823e-01,-4.919995140566194459e-04,4.802117753819302938e-04,6.058731635925190817e-01,-2.164098746493714107e-04,9.242459640819268844e-07,-1.690808415739464321e-06,2.857862794169356316e-07
7.156250000000000000e+00,6.061322500089764143e-01,-4.890066883098037392e-04,4.774950375324138441e-04,6.058718154658624400e-01,-2.149920099197741535e-04,9.137384084072373709e-07,-1.671645858435435418e-06,2.825106209753500005e-07
7.162500000000000533e+00,6.061292030256375529e-01,-4.860307940044416566e-04,4.747936995543978545e-04,6.058704761755122625e-01,-2.135822489612273416e-04,9.033499377219217164e-07,-1.652700804510183853e-06,2.792720672637788901e-07
7.168750000000001066e+00,6.061261745889775510e-01,-4.830717351638618719e-04,4.721076743224527326e-04,6.058691456709621725e-01,-2.121805463518192461e-04,8.930792003745217688e-07,-1.633970780401884983e-06,2.760701976568323174e-07
7.175000000000000711e+00,6.061231645940730051e-01,-4.801294163543809142e-04,4.694368752053982761e-04,6.058678239019887890e-01,-2.107868569297967321e-04,8.829248600850170360e-07,-1.615453340758276357e-06,2.729045963061292590e-07
7.181250000000000355e+00,6.061201729365958135e-01,-4.772037426822222446e-04,4.667812160635043703e-04,6.058665108186500614e-01,-2.094011357921094461e-04,8.728855957695227474e-07,-1.597146068113727470e-06,2.697748520859370357e-07
7.187500000000000000e+00,6.061171995128087353e-01,-4.742946197904544152e-04,4.641406112457088177e-04,6.058652063712838265e-01,-2.080233382929632465e-04,8.629601013670020535e-07,-1.579046572570037080e-06,2.666805585394338479e-07
7.193749999999999645e+00,6.061142442195630586e-01,-4.714019538559453284e-04,4.615149755868499658e-04,6.058639105105062539e-01,-2.066534200423813855e-04,8.531470856679565769e-07,-1.561152491480893331e-06,2.636213138255827105e-07
7.200000000000000178e+00,6.061113069542946041e-01,-4.685256515863334636e-04,4.589042244049146226e-04,6.058626231872101808e-01,-2.052913369047736341e-04,8.434452721450768920e-07,-1.543461489139964445e-06,2.605967206666118632e-07
7.206250000000000711e+00,6.061083876150206162e-01,-4.656656202170179697e-04,4.563082734983034817e-04,6.058613443525632247e-01,-2.039370449975147297e-04,8.338533987858374739e-07,-1.525971256472586788e-06,2.576063862960964153e-07
7.212500000000000355e+00,6.061054861003364325e-01,-4.628217675081637192e-04,4.537270391431102090e-04,6.058600739580068950e-01,-2.025905006895297367e-04,8.243702179269998016e-07,-1.508679510730988219e-06,2.546499224076300552e-07
7.218750000000000000e+00,6.061026023094123749e-01,-4.599940017417235467e-04,4.511604380904156528e-04,6.058588119552542617e-01,-2.012516605998879171e-04,8.149944960910102735e-07,-1.491583995193016051e-06,2.517269451040831708e-07
7.225000000000000533e+00,6.060997361419901974e-01,-4.571822317184786482e-04,4.486083875635996196e-04,6.058575582962888451e-01,-1.999204815964049776e-04,8.057250138242751483e-07,-1.474682478864341016e-06,2.488370748474411349e-07
7.231250000000001066e+00,6.060968874983803101e-01,-4.543863667550959479e-04,4.460708052556669597e-04,6.058563129333630615e-01,-1.985969207942537998e-04,7.965605655372860400e-07,-1.457972756184084946e-06,2.459799364092155556e-07
7.237500000000000711e+00,6.060940562794581155e-01,-4.516063166812004270e-04,4.435476093265883994e-04,6.058550758189964469e-01,-1.972809355545821093e-04,7.874999593465688650e-07,-1.441452646733824079e-06,2.431551588214190679e-07
7.243750000000000355e+00,6.060912423866610110e-01,-4.488419918364640955e-04,4.410387184006559001e-04,6.058538469059745468e-01,-1.959724834831383042e-04,7.785420169184421552e-07,-1.425119994949938792e-06,2.403623753281002262e-07
7.250000000000000000e+00,6.060884457219850585e-01,-4.460933030677133402e-04,4.385440515638549868e-04,6.058526261473466956e-01,-1.946715224289058475e-04,7.696855733145682244e-07,-1.408972669839283063e-06,2.376012233374330176e-07
7.256249999999999645e+00,6.060856661879822083e-01,-4.433601617260512356e-04,4.360635283612506277e-04,6.058514134964252396e-01,-1.933780104827452506e-04,7.609294768392666909e-07,-1.393008564698112468e-06,2.348713443743516271e-07
7.262500000000000178e+00,6.060829036877567466e-01,-4.406424796639959009e-04,4.335970687943880761e-04,6.058502089067835383e-01,-1.920919059760432378e-04,7.522725888885742654e-07,-1.377225596834243402e-06,2.321723840337253176e-07
7.268750000000000711e+00,6.060801581249621872e-01,-4.379401692326367998e-04,4.311445933187098138e-04,6.058490123322546328e-01,-1.908131674793710740e-04,7.437137838010365091e-07,-1.361621707292416192e-06,2.295039919340694029e-07
7.275000000000000355e+00,6.060774294037987175e-01,-4.352531432788051902e-04,4.287060228409851777e-04,6.058478237269300237e-01,-1.895417538011492334e-04,7.352519487101987401e-07,-1.346194860582802833e-06,2.268658216717820692e-07
7.281250000000000000e+00,6.060747174290092021e-01,-4.325813151422604023e-04,4.262812787167552758e-04,6.058466430451574514e-01,-1.882776239863199574e-04,7.268859833987858174e-07,-1.330943044412634545e-06,2.242575307759035784e-07
7.287500000000000533e+00,6.060720221058768509e-01,-4.299245986528940611e-04,4.238702827477931344e-04,6.058454702415403403e-01,-1.870207373150282136e-04,7.186148001545532269e-07,-1.315864269420925035e-06,2.216787806633927950e-07
7.293750000000001066e+00,6.060693433402219998e-01,-4.272829081279492700e-04,4.214729571795786459e-04,6.058443052709354681e-01,-1.857710533013101097e-04,7.104373236277868114e-07,-1.300956568916238625e-06,2.191292365949139202e-07
7.300000000000000711e+00,6.060666810383986691e-01,-4.246561583692551908e-04,4.190892246987865262e-04,6.058431480884524101e-01,-1.845285316917883269e-04,7.023524906904274267e-07,-1.286217998617465131e-06,2.166085676311260442e-07
7.306250000000000355e+00,6.060640351072922316e-01,-4.220442646604759891e-04,4.167190084307883678e-04,6.058419986494510967e-01,-1.832931324643749266e-04,6.943592502968062319e-07,-1.271646636397573345e-06,2.141164465894714166e-07
7.312500000000000000e+00,6.060614054543158602e-01,-4.194471427643783196e-04,4.143622319371706832e-04,6.058408569095411478e-01,-1.820648158269826675e-04,6.864565633459783300e-07,-1.257240582030318109e-06,2.116525500014581456e-07
7.318749999999999645e+00,6.060587919874076412e-01,-4.168647089201121467e-04,4.120188192132660148e-04,6.058397228245803179e-01,-1.808435422162428551e-04,6.786434025456259608e-07,-1.242997956939849756e-06,2.092165580704286700e-07
7.325000000000000178e+00,6.060561946150277990e-01,-4.142968798405072869e-04,4.096886946856973790e-04,6.058385963506724980e-01,-1.796292722962307539e-04,6.709187522775170583e-07,-1.228916903953198585e-06,2.068081546298100617e-07
7.337500000000000355e+00,6.060510477902866233e-01,-4.092047051790010021e-04,4.050680100679877492e-04,6.058363660616570279e-01,-1.772215873143694498e-04,6.557309784443440180e-07,-1.201232191163538157e-06,2.020728664584233128e-07
7.350000000000000533e+00,6.060459642581024209e-01,-4.041699618542283308e-04,4.004995820303444546e-04,6.058341656962054067e-01,-1.748414506948646095e-04,6.408853453605504451e-07,-1.174172005092173390e-06,1.974442271980240812e-07
7.362500000000000711e+00,6.060409433046506367e-01,-3.991920003490987160e-04,3.959828212650543531e-04,6.058319949118831094e-01,-1.724885558100029952e-04,6.263741349756912474e-07,-1.147722234262288636e-06,1.929198340494068922e-07
7.375000000000000000e+00,6.060359842241798134e-01,-3.942701784711037313e-04,3.915171451341588945e-04,6.058298533700664512e-01,-1.701625995513339961e-04,6.121898036273581334e-07,-1.121869086840266735e-06,1.884973384472840649e-07
7.387500000000000178e+00,6.060310863189205532e-01,-3.894038612694146993e-04,3.871019775941891318e-04,6.058277407358990674e-01,-1.678632822906185357e-04,5.983249780912097043e-07,-1.096599083371907148e-06,1.841744448343034065e-07
7.400000000000000355e+00,6.060262488989955898e-01,-3.845924209529199352e-04,3.827367491217573050e-04,6.058256566782480590e-01,-1.655903078412298212e-04,5.847724517207669221e-07,-1.071899049684479596e-06,1.799489094628627749e-07
7.412500000000000533e+00,6.060214712823306371e-01,-3.798352368091827483e-04,3.784208966399898208e-04,6.058236008696618047e-01,-1.633433834199973962e-04,5.715251806749076155e-07,-1.047756109950766823e-06,1.758185392240827147e-07
7.425000000000000711e+00,6.060167527945663490e-01,-3.751316951243159202e-04,3.741538634457967482e-04,6.058215729863273280e-01,-1.611222196094926258e-04,5.585762802310719330e-07,-1.024157679911405524e-06,1.717811905033241784e-07
7.437500000000000000e+00,6.060120927689717218e-01,-3.704811891037599193e-04,3.699350991379661210e-04,6.058195727080283310e-01,-1.589265303207490823e-04,5.459190211822177541e-07,-1.001091460251880892e-06,1.678347680616462101e-07
7.450000000000000178e+00,6.060074905463578299e-01,-3.658831187939534137e-04,3.657640595460728014e-04,6.058175997181043382e-01,-1.567560327564129807e-04,5.335468263156121893e-07,-9.785454301306193394e-07,1.639772239426124641e-07
7.462500000000000355e+00,6.060029454749925604e-01,-3.613368910048903363e-04,3.616402066601975135e-04,6.058156537034091738e-01,-1.546104473743208964e-04,5.214532669716028961e-07,-9.565078408547321919e-07,1.602065564038740746e-07
7.475000000000000533e+00,6.059984569105171248e-01,-3.568419192335475646e-04,3.575630085614395670e-04,6.058137343542711051e-01,-1.524894978514969356e-04,5.096320596805301945e-07,-9.349672096999963929e-07,1.565208088729603552e-07
7.487500000000000711e+00,6.059940242158623480e-01,-3.523976235881774136e-04,3.535319393532203986e-04,6.058118413644520972e-01,-1.503929110485672951e-04,4.980770628760091573e-07,-9.139123138717807439e-07,1.529180689267312054e-07
7.500000000000000000e+00,6.059896467611669557e-01,-3.480034307134544265e-04,3.495464790933661115e-04,6.058099744311090662e-01,-1.483204169745865216e-04,4.867822736828349837e-07,-8.933321846036822352e-07,1.493964672939519282e-07
7.512500000000000178e+00,6.059853239236960842e-01,-3.436587737164645902e-04,3.456061137269599080e-04,6.058081332547539111e-01,-1.462717487522703457e-04,4.757418247778088052e-07,-8.732161013907051945e-07,1.459541768804637902e-07
7.525000000000000355e+00,6.059810550877611224e-01,-3.393630920935319885e-04,3.417103350199587756e-04,6.058063175392155442e-01,-1.442466425836330603e-04,4.649499813218310963e-07,-8.535535863539198542e-07,1.425894118164406211e-07
7.537500000000000533e+00,6.059768396446398864e-01,-3.351158316578675515e-04,3.378586404935615250e-04,6.058045269916011444e-01,-1.422448377160214991e-04,4.544011379616227285e-07,-8.343343987335590664e-07,1.393004265252248482e-07
7.550000000000000711e+00,6.059726769924989043e-01,-3.309164444680355653e-04,3.340505333593223264e-04,6.058027613222582985e-01,-1.402660764085441258e-04,4.440898158994994042e-07,-8.155485295076289940e-07,1.360855148132559756e-07
7.562500000000000000e+00,6.059685665363148122e-01,-3.267643887572257966e-04,3.302855224550016108e-04,6.058010202447380310e-01,-1.383101038988894603e-04,4.340106600296436304e-07,-7.971861961331532338e-07,1.329430089806117939e-07
7.575000000000000178e+00,6.059645076877984149e-01,-3.226591288633220197e-04,3.265631221811427908e-04,6.057993034757572781e-01,-1.363766683705296134e-04,4.241584361393558180e-07,-7.792378374072305946e-07,1.298712789516923263e-07
7.587500000000000355e+00,6.059604998653184138e-01,-3.186001351597616844e-04,3.228828524383726322e-04,6.057976107351623618e-01,-1.344655209203060846e-04,4.145280281738149065e-07,-7.616941084451852300e-07,1.268687314255930804e-07
7.600000000000000533e+00,6.059565424938265776e-01,-3.145868839871718194e-04,3.192442385654098804e-04,6.057959417458929074e-01,-1.325764155263914248e-04,4.051144355628870102e-07,-7.445458757730978751e-07,1.239338090457154785e-07
7.612500000000000711e+00,6.059526350047832466e-01,-3.106188575857770501e-04,3.156468112777793236e-04,6.057942962339459836e-01,-1.307091090166242987e-04,3.959127706085799302e-07,-7.277842125321217166e-07,1.210649895881812326e-07
7.625000000000000000e+00,6.059487768360843907e-01,-3.066955440285689424e-04,3.120901066072217503e-04,6.057926739283406858e-01,-1.288633610372135559e-04,3.869182559317579962e-07,-7.114003937920138432e-07,1.182607851686229684e-07
7.637500000000000178e+00,6.059449674319890011e-01,-3.028164371552275673e-04,3.085736658417901528e-04,6.057910745610831649e-01,-1.270389340218062676e-04,3.781262219767657988e-07,-6.953858919713788718e-07,1.155197414669321052e-07
7.650000000000000355e+00,6.059412062430472590e-01,-2.989810365067900252e-04,3.050970354666290331e-04,6.057894978671316544e-01,-1.252355931609178607e-04,3.695321045726499217e-07,-6.797323723621979993e-07,1.128404369695603559e-07
7.662500000000000533e+00,6.059374927260298138e-01,-2.951888472610522717e-04,3.016597671054234192e-04,6.057879435843626093e-01,-1.234531063717180053e-04,3.611314425496795379e-07,-6.644316887562353662e-07,1.102214822289717127e-07
7.675000000000000711e+00,6.059338263438577288e-01,-2.914393801687002305e-04,2.982614174625139078e-04,6.057864114535366218e-01,-1.216912442681698976e-04,3.529198754099146957e-07,-6.494758791710065780e-07,1.076615191398591061e-07
7.687500000000000000e+00,6.059302065655330916e-01,-2.877321514901599506e-04,2.949015482656693293e-04,6.057849012182648929e-01,-1.199497801315187108e-04,3.448931410505898620e-07,-6.348571616730274785e-07,1.051592202317441375e-07
7.700000000000000178e+00,6.059266328660708467e-01,-2.840666829331583488e-04,2.915797262095080368e-04,6.057834126249759255e-01,-1.182284898811248762e-04,3.370470735391078180e-07,-6.205679302961112432e-07,1.027132879775873896e-07
7.712500000000000355e+00,6.059231047264306280e-01,-2.804425015909892257e-04,2.882955228995638078e-04,6.057819454228832168e-01,-1.165271520456400258e-04,3.293776009384773318e-07,-6.066007510525568228e-07,1.003224541180486086e-07
7.725000000000000533e+00,6.059196216334501450e-01,-2.768591398814719789e-04,2.850485147969854618e-04,6.057804993639522850e-01,-1.148455477345195809e-04,3.218807431820364492e-07,-5.929483580350846854e-07,9.798547900103837381e-08
7.737500000000000711e+00,6.059161830797790138e-01,-2.733161354865991637e-04,2.818382831638650441e-04,6.057790742028686948e-01,-1.131834606098702090e-04,3.145526099963475533e-07,-5.796036496074580728e-07,9.570115093621697278e-08
7.750000000000000000e+00,6.059127885638130318e-01,-2.698130312928634692e-04,2.786644140091875830e-04,6.057776696970067487e-01,-1.115406768586278138e-04,3.073893988711659102e-07,-5.665596846817608092e-07,9.346828556410051888e-08
7.762500000000000178e+00,6.059094375896298956e-01,-2.663493753322549481e-04,2.755264980353935291e-04,6.057762856063974022e-01,-1.099169851650618428e-04,3.003873930754090384e-07,-5.538096790803435707e-07,9.128572523944247239e-08
7.775000000000000355e+00,6.059061296669250307e-01,-2.629247207239253565e-04,2.724241305855507338e-04,6.057749216936979542e-01,-1.083121766836043544e-04,2.935429597180870640e-07,-5.413470019805191330e-07,8.915233842856897062e-08
7.787500000000000533e+00,6.059028643109480861e-01,-2.595386256165061584e-04,2.693569115911244728e-04,6.057735777241607389e-01,-1.067260450119977312e-04,2.868525478531621627e-07,-5.291651724400981255e-07,8.706701912034872827e-08
7.800000000000000711e+00,6.058996410424412060e-01,-2.561906531310773776e-04,2.663244455203418303e-04,6.057722534656029278e-01,-1.051583861647596051e-04,2.803126866273460611e-07,-5.172578560019306188e-07,8.502868625049051148e-08
7.812500000000000000e+00,6.058964593875763027e-01,-2.528803713047778090e-04,2.633263413271432320e-04,6.057709486883768868e-01,-1.036089985469606953e-04,2.739199834698560563e-07,-5.056188613756457662e-07,8.303628313886539785e-08
7.825000000000000178e+00,6.058933188778945489e-01,-2.496073530350487288e-04,2.603622124007129966e-04,6.057696631653397557e-01,-1.020776829283119699e-04,2.676711223231736760e-07,-4.942421371948216346e-07,8.108877693955795641e-08
7.837500000000000355e+00,6.058902190502459817e-01,-2.463711760245072564e-04,2.574316765155856531e-04,6.057683966718244717e-01,-1.005642424175591521e-04,2.615628619138810220e-07,-4.831217688478761243e-07,7.918515810335977250e-08
7.850000000000000533e+00,6.058871594467293287e-01,-2.431714227264372219e-04,2.545343557823173436e-04,6.057671489856107927e-01,-9.906848243717932445e-05,2.555920340626544920e-07,-4.722519753809776596e-07,7.732443985242079386e-08
7.862500000000000711e+00,6.058841396146333880e-01,-2.400076802908948594e-04,2.516698765987191149e-04,6.057659198868962092e-01,-9.759021069837781818e-05,2.497555420325324273e-07,-4.616271064713467523e-07,7.550565766678495924e-08
7.875000000000000000e+00,6.058811591063784086e-01,-2.368795405114198626e-04,2.488378696016446700e-04,6.057647091582678556e-01,-9.612923717638176583e-05,2.440503589145854063e-07,-4.512416394693344700e-07,7.372786878254009137e-08
7.887500000000000178e+00,6.058782174794586917e-01,-2.337865997723452202e-04,2.460379696193252630e-04,6.057635165846737557e-01,-9.468537408602659263e-05,2.384735260501366970e-07,-4.410901765077071456e-07,7.199015170131856078e-08
7.900000000000000355e+00,6.058753142963850813e-01,-2.307284589967011925e-04,2.432698156242490257e-04,6.057623419533957332e-01,-9.325843585763373788e-05,2.330221514887083898e-07,-4.311674416766138330e-07,7.029160571089312833e-08
7.912500000000000533e+00,6.058724491246287869e-01,-2.277047235947031315e-04,2.405330506865736948e-04,6.057611850540215448e-01,-9.184823911317472765e-05,2.276934084808741538e-07,-4.214682782627232316e-07,6.863135041661449182e-08
7.925000000000000711e+00,6.058696215365658722e-01,-2.247150034128190513e-04,2.378273219280706524e-04,6.057600456784172360e-01,-9.045460264271972862e-05,2.224845340052309847e-07,-4.119876460510777900e-07,6.700852528344659120e-08
7.937500000000000000e+00,6.058668311094215220e-01,-2.217589126834099004e-04,2.351522804765929339e-04,6.057589236207007177e-01,-8.907734738116733042e-05,2.173928273287135560e-07,-4.027206186882305361e-07,6.542228918835928707e-08
7.950000000000000178e+00,6.058640774252160854e-01,-2.188360699749345416e-04,2.325075814210601300e-04,6.057578186772152318e-01,-8.771629638525191080e-05,2.124156485994915468e-07,-3.936623811052641201e-07,6.387181998284312265e-08
7.962500000000000355e+00,6.058613600707108970e-01,-2.159460981427163207e-04,2.298928837669575247e-04,6.057567306465022616e-01,-8.637127481082716067e-05,2.075504174717158044e-07,-3.848082269993361280e-07,6.235631406531878045e-08
7.975000000000000533e+00,6.058586786373550970e-01,-2.130886242802607631e-04,2.273078503923398768e-04,6.057556593292758862e-01,-8.504210989042089008e-05,2.027946117613829101e-07,-3.761535563724035131e-07,6.087498596321508923e-08
7.987500000000000711e+00,6.058560327212327845e-01,-2.102632796711208186e-04,2.247521480043368871e-04,6.057546045283972447e-01,-8.372863091105971916e-05,1.981457661326166707e-07,-3.676938731258331494e-07,5.942706792449812530e-08
8.000000000000000000e+00,6.058534219230111706e-01,-2.074696997413031242e-04,2.222254470961536050e-04,6.057535660488482243e-01,-8.243066919236027965e-05,1.936014708136745384e-07,-3.594247827096199642e-07,5.801180951843716839e-08
8.012500000000001066e+00,6.058508458478890635e-01,-2.047075240122070699e-04,2.197274219045597290e-04,6.057525436977070354e-01,-8.114805806488356566e-05,1.891593703420018862e-07,-3.513419898249663992e-07,5.662847724539781193e-08
8.025000000000000355e+00,6.058483041055457985e-01,-2.019763960540956935e-04,2.172577503678654420e-04,6.057515372841223433e-01,-7.988063284875170219e-05,1.848171623376820311e-07,-3.434412961790189838e-07,5.527635415546005810e-08
8.037499999999999645e+00,6.058457963100911670e-01,-1.992759634400840109e-04,2.148161140843718572e-04,6.057505466192893984e-01,-7.862823083252077499e-05,1.805725963046248135e-07,-3.357185982905512939e-07,5.395473947565782529e-08
8.050000000000000711e+00,6.058433220800152341e-01,-1.966058777006474915e-04,2.124021982712979702e-04,6.057495715164250560e-01,-7.739069125231072478e-05,1.764234724588776466e-07,-3.281698853454570534e-07,5.266294824564904721e-08
8.062500000000000000e+00,6.058408810381396004e-01,-1.939657942786409501e-04,2.100156917241756340e-04,6.057486117907434631e-01,-7.616785527118826718e-05,1.723676405834372897e-07,-3.207912371009077660e-07,5.140031096162370348e-08
8.075000000000001066e+00,6.058384728115687734e-01,-1.913553724848185021e-04,2.076562867767036129e-04,6.057476672594325207e-01,-7.495956595879798645e-05,1.684029989089557097e-07,-3.135788218370569018e-07,5.016617322826167414e-08
8.087500000000000355e+00,6.058360970316416516e-01,-1.887742754538578624e-04,2.053236792610643735e-04,6.057467377416296817e-01,-7.376566827124374454e-05,1.645274930197664566e-07,-3.065288943552330092e-07,4.895989541856284557e-08
8.099999999999999645e+00,6.058337533338844505e-01,-1.862221701008724272e-04,2.030175684686881630e-04,6.057458230583991909e-01,-7.258600903121244978e-05,1.607391147846403258e-07,-2.996377940215338473e-07,4.778085234136613816e-08
8.112500000000000711e+00,6.058314413579634072e-01,-1.836987270784146077e-04,2.007376571114676011e-04,6.057449230327078826e-01,-7.142043690834198812e-05,1.570359013117233867e-07,-2.929019428548118192e-07,4.662843291638796306e-08
8.125000000000000000e+00,6.058291607476385954e-01,-1.812036207339613627e-04,1.984836512834146265e-04,6.057440374894034196e-01,-7.026880239982893905e-05,1.534159339271025985e-07,-2.863178436580314115e-07,4.550203985660823974e-08
8.137500000000001066e+00,6.058269111507178506e-01,-1.787365290678724703e-04,1.962552604227514488e-04,6.057431662551902019e-01,-6.913095781127228182e-05,1.498773371764586326e-07,-2.798820781920015204e-07,4.440108935783638110e-08
8.150000000000000355e+00,6.058246922190113626e-01,-1.762971336918253609e-04,1.940521972744386787e-04,6.057423091586083830e-01,-6.800675723775429784e-05,1.464182778492948232e-07,-2.735913053905417184e-07,4.332501079529891682e-08
8.162499999999999645e+00,6.058225036082867110e-01,-1.738851197877105731e-04,1.918741778531263503e-04,6.057414660300101117e-01,-6.689605654515181200e-05,1.430369640252149672e-07,-2.674422596161126613e-07,4.227324642708525149e-08
8.175000000000000711e+00,6.058203449782247896e-01,-1.715001760669908424e-04,1.897209214065306566e-04,6.057406367015387705e-01,-6.579871335167903300e-05,1.397316441417625599e-07,-2.614317489550120923e-07,4.124525110430057359e-08
8.187500000000000000e+00,6.058182159923757304e-01,-1.691419947305156351e-04,1.875921503792288606e-04,6.057398210071064382e-01,-6.471458700965833366e-05,1.365006060833275670e-07,-2.555566535512280005e-07,4.024049198777258278e-08
8.200000000000001066e+00,6.058161163181153830e-01,-1.668102714287821302e-04,1.854875903768644419e-04,6.057390187823724625e-01,-6.364353858751479705e-05,1.333421762906381076e-07,-2.498139239780603958e-07,3.925844827116279857e-08
8.212500000000000355e+00,6.058140456266026819e-01,-1.645047052226460908e-04,1.834069701307654060e-04,6.057382298647224772e-01,-6.258543085199637151e-05,1.302547188903824062e-07,-2.442005796466749919e-07,3.829861091034106236e-08
8.224999999999999645e+00,6.058120035927373470e-01,-1.622249985444675817e-04,1.813500214629622839e-04,6.057374540932467522e-01,-6.154012825061256015e-05,1.272366348444905635e-07,-2.387137072507230744e-07,3.736048235887772826e-08
8.237500000000000711e+00,6.058099898951175843e-01,-1.599708571596947324e-04,1.793164792516088323e-04,6.057366913087196547e-01,-6.050749689429324408e-05,1.242863611186418845e-07,-2.333504592462288572e-07,3.644357630951873878e-08
8.250000000000000000e+00,6.058080042159991185e-01,-1.577419901288771415e-04,1.773060813967975184e-04,6.057359413535787773e-01,-5.948740454026405470e-05,1.214023698695572533e-07,-2.281080523659334238e-07,3.554741744150703440e-08
8.262500000000001066e+00,6.058060462412537817e-01,-1.555381097701011176e-04,1.753185687867632849e-04,6.057352040719048425e-01,-5.847972057513433768e-05,1.185831676506468173e-07,-2.229837661673056085e-07,3.467154117361713429e-08
8.275000000000000355e+00,6.058041156603295452e-01,-1.533589316218496020e-04,1.733536852644775733e-04,6.057344793094006086e-01,-5.748431599819954502e-05,1.158272946356073858e-07,-2.179749416134727333e-07,3.381549342277693151e-08
8.287499999999999645e+00,6.058022121662098858e-01,-1.512041744062725434e-04,1.714111775946202461e-04,6.057337669133718849e-01,-5.650106340495131963e-05,1.131333238595500875e-07,-2.130789796863010092e-07,3.297883036814696131e-08
8.300000000000000711e+00,6.058003354553749276e-01,-1.490735599928709769e-04,1.694907954309322266e-04,6.057330667327067708e-01,-5.552983697079689188e-05,1.104998604772715653e-07,-2.082933400309137250e-07,3.216111822053690331e-08
8.312500000000000000e+00,6.057984852277614740e-01,-1.469668133625867028e-04,1.675922912839414563e-04,6.057323786178565594e-01,-5.457051243498421710e-05,1.079255410382757635e-07,-2.036155396309250741e-07,3.136193299703767598e-08
8.325000000000001066e+00,6.057966611867253715e-01,-1.448836625722902207e-04,1.657154204890555569e-04,6.057317024208161982e-01,-5.362296708472945225e-05,1.054090327781633301e-07,-1.990431515136857078e-07,3.058086030075033336e-08
8.337500000000000355e+00,6.057948630390022071e-01,-1.428238387196695736e-04,1.638599411750238800e-04,6.057310379951047485e-01,-5.268707973954818809e-05,1.029490329260268176e-07,-1.945738034848748050e-07,2.981749510549951915e-08
8.349999999999999645e+00,6.057930904946702277e-01,-1.407870759085066861e-04,1.620256142327565572e-04,6.057303851957465124e-01,-5.176273073578431115e-05,1.005442680274782480e-07,-1.902051768917524005e-07,2.907144154541573562e-08
8.362500000000000711e+00,6.057913432671128140e-01,-1.387731112143444228e-04,1.602122032845035055e-04,6.057297438792524913e-01,-5.084980191133798606e-05,9.819349328296387577e-08,-1.859350054144377051e-07,2.834231270927937037e-08
8.375000000000000000e+00,6.057896210729815101e-01,-1.367816846505363144e-04,1.584194746533864760e-04,6.057291139036010685e-01,-4.994817659058932972e-05,9.589549190101589927e-08,-1.817610738845700682e-07,2.762973043951786886e-08
8.387500000000001066e+00,6.057879236321593863e-01,-1.348125391346723405e-04,1.566471973332777222e-04,6.057284951282201346e-01,-4.905773956951468037e-05,9.364907446609991431e-08,-1.776812171307253023e-07,2.693332513575025615e-08
8.400000000000000355e+00,6.057862506677250680e-01,-1.328654204553832879e-04,1.548951429590279978e-04,6.057278874139681024e-01,-4.817837710099677625e-05,9.145307832073537504e-08,-1.736933188499950027e-07,2.625273556277892582e-08
8.412499999999999645e+00,6.057846019059173193e-01,-1.309400772395108111e-04,1.531630857770319588e-04,6.057272906231168097e-01,-4.730997688032307041e-05,8.930636696155609973e-08,-1.697953105051171717e-07,2.558760866292546706e-08
8.425000000000000711e+00,6.057829770760991828e-01,-1.290362609196462024e-04,1.514508026161340856e-04,6.057267046193323123e-01,-4.645242803087358443e-05,8.720782944900322934e-08,-1.659851702465929912e-07,2.493759937261510326e-08
8.437500000000000000e+00,6.057813759107235629e-01,-1.271537257020306886e-04,1.497580728588682967e-04,6.057261292676583420e-01,-4.560562108999515000e-05,8.515637983033833488e-08,-1.622609218592168057e-07,2.430237044311295837e-08
8.450000000000001066e+00,6.057797981452985869e-01,-1.252922285348103716e-04,1.480846784130253693e-04,6.057255644344976542e-01,-4.476944799505905688e-05,8.315095657567237728e-08,-1.586206337324600086e-07,2.368159226531774361e-08
8.462500000000000355e+00,6.057782435183535208e-01,-1.234515290766488192e-04,1.464304036835506364e-04,6.057250099875954863e-01,-4.394380206970342181e-05,8.119052202672289891e-08,-1.550624178541814484e-07,2.307494269852371398e-08
8.474999999999999645e+00,6.057767117714052407e-01,-1.216313896656845813e-04,1.447950355447607911e-04,6.057244657960216827e-01,-4.312857801025478280e-05,7.927406185800257508e-08,-1.515844288271190241e-07,2.248210690305880976e-08
8.487500000000000711e+00,6.057752026489247044e-01,-1.198315752888368574e-04,1.431783633128826442e-04,6.057239317301540416e-01,-4.232367187233033502e-05,7.740058455016470005e-08,-1.481848629076588826e-07,2.190277717671396192e-08
8.500000000000000000e+00,6.057737158983041992e-01,-1.180518535514524302e-04,1.415801787189074944e-04,6.057234076616612173e-01,-4.152898105761782687e-05,7.556912087522742337e-08,-1.448619570663719598e-07,2.133665279487722042e-08
8.512500000000001066e+00,6.057722512698245909e-01,-1.162919946472873190e-04,1.400002758817554165e-04,6.057228934634859563e-01,-4.074440430083025645e-05,7.377872339340526247e-08,-1.416139880698192545e-07,2.078343985428857775e-08
8.525000000000000355e+00,6.057708085166234602e-01,-1.145517713288257835e-04,1.384384512817519899e-04,6.057223890098284436e-01,-3.996984165683670345e-05,7.202846596129138624e-08,-1.384392715831559693e-07,2.024285112033598575e-08
8.537499999999999645e+00,6.057693873946631280e-01,-1.128309588779252107e-04,1.368945037344067609e-04,6.057218941761303155e-01,-3.920519448796416014e-05,7.031744325112611718e-08,-1.353361612930485612e-07,1.971460587781050945e-08
8.550000000000000711e+00,6.057679876626992366e-01,-1.111293350767893803e-04,1.353682343644962028e-04,6.057214088390576734e-01,-3.845036545147155390e-05,6.864477028090691270e-08,-1.323030480504560113e-07,1.919842978504474553e-08
8.562500000000000000e+00,6.057666090822495519e-01,-1.094466801792637377e-04,1.338594465804451297e-04,6.057209328764855405e-01,-3.770525848719334579e-05,6.700958195509163159e-08,-1.293383590328206160e-07,1.869405473135763061e-08
8.575000000000001066e+00,6.057652514175635439e-01,-1.077827768824467258e-04,1.323679460490013603e-04,6.057204661674819857e-01,-3.696977880534997428e-05,6.541103261565320494e-08,-1.264405569252238998e-07,1.820121869773055444e-08
8.587500000000000355e+00,6.057639144355916327e-01,-1.061374102986193838e-04,1.308935406702057180e-04,6.057200085922916921e-01,-3.624383287452630963e-05,6.384829560325694621e-08,-1.236081391200890544e-07,1.771966562064395826e-08
8.599999999999999645e+00,6.057625979059555466e-01,-1.045103679274824674e-04,1.294360405526476373e-04,6.057195600323208584e-01,-3.552732840981347726e-05,6.232056282832448291e-08,-1.208396369349966490e-07,1.724914525900123247e-08
8.612500000000000711e+00,6.057613016009185669e-01,-1.029014396287034733e-04,1.279952579890085982e-04,6.057191203701216553e-01,-3.482017436111504614e-05,6.082704435176615905e-08,-1.181336148482142475e-07,1.678941306407230013e-08
8.625000000000000000e+00,6.057600252953557751e-01,-1.013104175947675397e-04,1.265710074318879687e-04,6.057186894893763496e-01,-3.412228090161521728e-05,5.936696797516068061e-08,-1.154886697515339527e-07,1.634023005238833921e-08
8.637500000000001066e+00,6.057587687667258525e-01,-9.973709632412654236e-05,1.251631054699063215e-04,6.057182672748827601e-01,-3.343355941640639679e-05,5.793957884016602385e-08,-1.129034302200227373e-07,1.590136268152070841e-08
8.650000000000000355e+00,6.057575317950416594e-01,-9.818127259464850111e-05,1.237713708040879602e-04,6.057178536125387147e-01,-3.275392249127734599e-05,5.654413903695792148e-08,-1.103765557983116221e-07,1.547258272868097232e-08
8.662499999999999645e+00,6.057563141628423686e-01,-9.664274543735717354e-05,1.223956242245137092e-04,6.057174483893276173e-01,-3.208328390165746347e-05,5.517992722148522735e-08,-1.079067363030385537e-07,1.505366717207673184e-08
8.675000000000000711e+00,6.057551156551651550e-01,-9.512131611046405753e-05,1.210356885872461511e-04,6.057170514933026828e-01,-3.142155860171827637e-05,5.384623824134772576e-08,-1.054926911410881285e-07,1.464439807496304924e-08
8.687500000000000000e+00,6.057539360595178835e-01,-9.361678807368701638e-05,1.196913887915217260e-04,6.057166628135735031e-01,-3.076866271362974233e-05,5.254238277009904000e-08,-1.031331686432670768e-07,1.424456247232831605e-08
8.700000000000001066e+00,6.057527751658514648e-01,-9.212896696285036288e-05,1.183625517572056826e-04,6.057162822402905045e-01,-3.012451351696916288e-05,5.126768694978204604e-08,-1.008269454130629811e-07,1.385395226015492747e-08
8.712500000000000355e+00,6.057516327665328770e-01,-9.065766056476817747e-05,1.170490064025109646e-04,6.057159096646311802e-01,-2.948902943828364372e-05,5.002149204151512925e-08,-9.857282569015322643e-08,1.347236408719848507e-08
8.724999999999999645e+00,6.057505086563185204e-01,-8.920267879240142831e-05,1.157505836219730231e-04,6.057155449787852142e-01,-2.886213004080202913e-05,4.880315408394141484e-08,-9.636964072832051182e-08,1.309959924922738384e-08
8.737500000000000711e+00,6.057494026323274605e-01,-8.776383366029088509e-05,1.144671162646820862e-04,6.057151880759412688e-01,-2.824373601429733385e-05,4.761204355936743623e-08,-9.421624818745753757e-08,1.273546358566902485e-08
8.750000000000000000e+00,6.057483144940158937e-01,-8.634093926026050077e-05,1.131984391127684815e-04,6.057148388502718861e-01,-2.763376916509746668e-05,4.644754506741540252e-08,-9.211153153933843925e-08,1.237976737860823518e-08
8.762500000000001066e+00,6.057472440431509453e-01,-8.493381173738621948e-05,1.119443888601360918e-04,6.057144971969202762e-01,-2.703215240624209098e-05,4.530905700601720351e-08,-9.005439948684314332e-08,1.203232525408469406e-08
8.775000000000000355e+00,6.057461910837851349e-01,-8.354226926623194540e-05,1.107048040914460177e-04,6.057141630119864395e-01,-2.643880974778665212e-05,4.419599125958804456e-08,-8.804378539633781189e-08,1.169295608563921162e-08
8.787499999999999645e+00,6.057451554222311740e-01,-8.216613202734386352e-05,1.094795252613422608e-04,6.057138361925133996e-01,-2.585366628724967197e-05,4.310777289421232977e-08,-8.607864674290502881e-08,1.136148290005703745e-08
8.800000000000000711e+00,6.057441368670373194e-01,-8.080522218400473843e-05,1.082683946739211226e-04,6.057135166364737699e-01,-2.527664820020434405e-05,4.204383985968685925e-08,-8.415796456814081799e-08,1.103773278526030505e-08
8.812500000000000000e+00,6.057431352289622817e-01,-7.945936385924344796e-05,1.070712564624400217e-04,6.057132042427560981e-01,-2.470768273101230816e-05,4.100364269826455326e-08,-8.228074295023134986e-08,1.072153680030108008e-08
8.825000000000001066e+00,6.057421503209512448e-01,-7.812838311309473706e-05,1.058879565692612989e-04,6.057128989111517647e-01,-2.414669818369772079e-05,3.998664425994539690e-08,-8.044600848602935181e-08,1.041272988740763458e-08
8.837500000000000355e+00,6.057411819581116630e-01,-7.681210792011099447e-05,1.047183427260327168e-04,6.057126005423421056e-01,-2.359362391296245142e-05,3.899231942417003412e-08,-7.865280978486590866e-08,1.011115078603922656e-08
8.849999999999999645e+00,6.057402299576892801e-01,-7.551036814711755481e-05,1.035622644340971460e-04,6.057123090378847552e-01,-2.304839031533891818e-05,3.802015482776665523e-08,-7.690021697382456442e-08,9.816641948903216749e-09
8.862500000000000711e+00,6.057392941390451480e-01,-7.422299553121336913e-05,1.024195729451329569e-04,6.057120243002006577e-01,-2.251092882048142034e-05,3.706964859901298582e-08,-7.518732121422541544e-08,9.529049459891834930e-09
8.875000000000000000e+00,6.057383743236316453e-01,-7.294982365801208374e-05,1.012901212420209539e-04,6.057117462325620760e-01,-2.198117188259411398e-05,3.614031009767358359e-08,-7.351323422906360272e-08,9.248222953895362506e-09
8.887500000000001066e+00,6.057374703349700518e-01,-7.169068794011923117e-05,1.001737640199338984e-04,6.057114747390787146e-01,-2.145905297199378464e-05,3.523165966087554798e-08,-7.187708784115238159e-08,8.974015538449497070e-09
8.900000000000000355e+00,6.057365819986276767e-01,-7.044542559584699695e-05,9.907035766765010713e-05,6.057112097246858395e-01,-2.094450656680828739e-05,3.434322835469382088e-08,-7.027803352173532019e-08,8.706283717177068599e-09
8.912499999999999645e+00,6.057357091421955442e-01,-6.921387562815860684e-05,9.797976024908398765e-05,6.057109510951314002e-01,-2.043746814480735120e-05,3.347455773131268380e-08,-6.871524194932423687e-08,8.444887314982966609e-09
8.925000000000000711e+00,6.057348515952658552e-01,-6.799587880384389308e-05,9.690183148503501217e-05,6.057106987569638168e-01,-1.993787417536665871e-05,3.262519959164038046e-08,-6.718790257853804253e-08,8.189689404964247819e-09
8.937500000000000000e+00,6.057340091894105605e-01,-6.679127763292177057e-05,9.583643273515136409e-05,6.057104526175192127e-01,-1.944566211156333822e-05,3.179471575325182802e-08,-6.569522321871459606e-08,7.940556236996892589e-09
8.950000000000001066e+00,6.057331817581591560e-01,-6.559991634826496101e-05,9.478342698010412280e-05,6.057102125849097574e-01,-1.896077038240133621e-05,3.098267782353765603e-08,-6.423642962207304158e-08,7.697357167961623058e-09
8.962500000000000355e+00,6.057323691369778107e-01,-6.442164088544898417e-05,9.374267880397392505e-05,6.057099785680110093e-01,-1.848313838516736854e-05,3.018866697794433699e-08,-6.281076508121666917e-08,7.459964593573260527e-09
8.974999999999999645e+00,6.057315711632479394e-01,-6.325629886281727138e-05,9.271405437684277092e-05,6.057097504764499263e-01,-1.801270647791446526e-05,2.941227374318655234e-08,-6.141749003575945861e-08,7.228253881776985426e-09
8.987500000000000711e+00,6.057307876762452192e-01,-6.210373956176444760e-05,9.169742143759308860e-05,6.057095282205933184e-01,-1.754941597207390191e-05,2.865309778532193145e-08,-6.005588168787599614e-08,7.002103307677660760e-09
9.000000000000000000e+00,6.057300185171190510e-01,-6.096381390723321482e-05,9.069264927690974824e-05,6.057093117115355252e-01,-1.709320912519391131e-05,2.791074770257662945e-08,-5.872523362657147628e-08,6.781393989967850466e-09
9.012500000000001066e+00,6.057292635288720195e-01,-5.983637444842088631e-05,8.969960872048182655e-05,6.057091008610868688e-01,-1.664402913380364784e-05,2.718484082281303955e-08,-5.742485546047362934e-08,6.566009828821079880e-09
9.025000000000000355e+00,6.057285225563399100e-01,-5.872127533969709638e-05,8.871817211240545017e-05,6.057088955817616638e-01,-1.620182012640315972e-05,2.647500300553688708e-08,-5.615407245895942668e-08,6.355837445218714347e-09
9.037499999999999645e+00,6.057277954461717240e-01,-5.761837232172527907e-05,8.774821329878111783e-05,6.057086957867670041e-01,-1.576652715657655710e-05,2.578086844833760483e-08,-5.491222520142327471e-08,6.150766121677822066e-09
9.050000000000000711e+00,6.057270820468096950e-01,-5.652752270278958295e-05,8.678960761150722252e-05,6.057085013899911052e-01,-1.533809619622918924e-05,2.510207949766392540e-08,-5.369866923450822523e-08,5.950687744349869579e-09
9.062500000000000000e+00,6.057263822084699711e-01,-5.544858534032318315e-05,8.584223185226612786e-05,6.057083123059918695e-01,-1.491647412894728903e-05,2.443828646383524394e-08,-5.251277473711897670e-08,5.755496746459690580e-09
9.075000000000001066e+00,6.057256957831237409e-01,-5.438142062263396563e-05,8.490596427669922094e-05,6.057081284499852281e-01,-1.450160874347874328e-05,2.378914744019164996e-08,-5.135392619304022551e-08,5.565090053054916427e-09
9.087500000000000355e+00,6.057250226244774716e-01,-5.332589045082918971e-05,8.398068457877268993e-05,6.057079497378343724e-01,-1.409344872733566801e-05,2.315432812629098330e-08,-5.022152207099338271e-08,5.379367027037713621e-09
9.099999999999999645e+00,6.057243625879545901e-01,-5.228185822093213566e-05,8.306627387532767020e-05,6.057077760860383187e-01,-1.369194366051625782e-05,2.253350165505818225e-08,-4.911497451195962897e-08,5.198229416449805796e-09
9.112500000000000711e+00,6.057237155306770537e-01,-5.124918880619217394e-05,8.216261469081610075e-05,6.057076074117204723e-01,-1.329704400934659550e-05,2.192634842379946438e-08,-4.803370902361001942e-08,5.021581302983915863e-09
9.125000000000000000e+00,6.057230813114465873e-01,-5.022774853958455630e-05,8.126959094221932291e-05,6.057074436326183031e-01,-1.290870112044110554e-05,2.133255592899250401e-08,-4.697716418168143065e-08,4.849329051694444692e-09
9.137500000000001066e+00,6.057224597907266972e-01,-4.921740519649609336e-05,8.038708792414573506e-05,6.057072846670719102e-01,-1.252686721478036907e-05,2.075181860476596443e-08,-4.594479133814090111e-08,4.681381261880859456e-09
9.150000000000000355e+00,6.057218508306247973e-01,-4.821802797759815515e-05,7.951499229410919733e-05,6.057071304340128082e-01,-1.215149538190698648e-05,2.018383766498661943e-08,-4.493605433598965100e-08,4.517648719118730556e-09
9.162499999999999645e+00,6.057212542948744449e-01,-4.722948749190044888e-05,7.865319205798225043e-05,6.057069808529540467e-01,-1.178253957423713115e-05,1.962832094886946682e-08,-4.395042923055356133e-08,4.358044348412602476e-09
9.175000000000000711e+00,6.057206700488180218e-01,-4.625165573998699006e-05,7.780157655562557149e-05,6.057068358439784417e-01,-1.141995460148849564e-05,1.908498277003272174e-08,-4.298740401711804895e-08,4.202483168446803797e-09
9.187500000000000000e+00,6.057200979593890811e-01,-4.528440609743054690e-05,7.696003644669038727e-05,6.057066953277286947e-01,-1.106369612522340057e-05,1.855354376891846224e-08,-4.204647836476386456e-08,4.050882246910000512e-09
9.200000000000001066e+00,6.057195378950955833e-01,-4.432761329838216975e-05,7.612846369659103936e-05,6.057065592253962905e-01,-1.071372065350592756e-05,1.803373076850155927e-08,-4.112716335626333209e-08,3.903160656869923784e-09
9.212500000000000355e+00,6.057189897260030209e-01,-4.338115341933699833e-05,7.530675156264871777e-05,6.057064274587110608e-01,-1.036998553567371007e-05,1.752527663321382475e-08,-4.022898123390476655e-08,3.759239434175968053e-09
9.224999999999999645e+00,6.057184533237173207e-01,-4.244490386307022762e-05,7.449479458040111815e-05,6.057062999499307487e-01,-1.003244895722226431e-05,1.702792013100790554e-08,-3.935146515110832078e-08,3.619041535866711014e-09
9.237500000000000711e+00,6.057179285613689679e-01,-4.151874334274449976e-05,7.369248855007924225e-05,6.057061766218307941e-01,-9.701069934802507554e-06,1.654140579849119874e-08,-3.849415892970692097e-08,3.482491799561117190e-09
9.250000000000000000e+00,6.057174153135962413e-01,-4.060255186618529305e-05,7.289973052324825184e-05,6.057060573976934537e-01,-9.375808311330345661e-06,1.606548380905897829e-08,-3.765661682276431610e-08,3.349516903811917173e-09
9.262500000000001066e+00,6.057169134565294488e-01,-3.969621072032098765e-05,7.211641878960978734e-05,6.057059422012979200e-01,-9.056624751207354015e-06,1.559990984395766990e-08,-3.683840328280517152e-08,3.220045329400210450e-09
9.275000000000000355e+00,6.057164228677748286e-01,-3.879960245578882783e-05,7.134245286396674059e-05,6.057058309569099963e-01,-8.743480735653105931e-06,1.514444496621304958e-08,-3.603909273533935681e-08,3.094007321551473816e-09
9.287499999999999645e+00,6.057159434263987841e-01,-3.791261087170091248e-05,7.057773347334530482e-05,6.057057235892719937e-01,-8.436338558147264639e-06,1.469885549735594205e-08,-3.525826935755868657e-08,2.971334853052601081e-09
9.300000000000000711e+00,6.057154750129127851e-01,-3.703512100057143347e-05,6.982216254427587362e-05,6.057056200235922949e-01,-8.135161319982036899e-06,1.426291289688313425e-08,-3.449552686209344561e-08,2.851961588251082925e-09
9.312500000000000000e+00,6.057150175092574917e-01,-3.616701909340196375e-05,6.907564319022948239e-05,6.057055201855355842e-01,-7.839912925924020915e-06,1.383639364439026742e-08,-3.375046828571487853e-08,2.735822847917248396e-09
9.325000000000001066e+00,6.057145707987880989e-01,-3.530819260492152191e-05,6.833807969920758303e-05,6.057054240012128554e-01,-7.550558079984537148e-06,1.341907912431503167e-08,-3.302270578287208671e-08,2.622855574950955235e-09
9.337500000000000355e+00,6.057141347662590158e-01,-3.445853017898268069e-05,6.760937752148603287e-05,6.057053313971710873e-01,-7.267062281299020551e-06,1.301075551323237483e-08,-3.231186042395857863e-08,2.512998300915131194e-09
9.349999999999999645e+00,6.057137092978093218e-01,-3.361792163410813557e-05,6.688944325750841881e-05,6.057052423003836950e-01,-6.989391820113753056e-06,1.261121366964149531e-08,-3.161756199819980846e-08,2.406191113378094907e-09
9.362500000000000711e+00,6.057132942809481113e-01,-3.278625794918883801e-05,6.617818464593016703e-05,6.057051566382406493e-01,-6.717513773880520758e-06,1.222024902618897614e-08,-3.093944882106163381e-08,2.302375624047880700e-09
9.375000000000000000e+00,6.057128896045399502e-01,-3.196343124933064418e-05,6.547551055181045638e-05,6.057050743385382630e-01,-6.451396003458343694e-06,1.183766148427157208e-08,-3.027716754607810845e-08,2.201494937681649418e-09
9.387500000000001066e+00,6.057124951587909978e-01,-3.114933479184650415e-05,6.478133095494969964e-05,6.057049953294701972e-01,-6.191007149421473525e-06,1.146325531096349994e-08,-2.963037298099952013e-08,2.103493621753679289e-09
9.400000000000000355e+00,6.057121108352344629e-01,-3.034386295239524886e-05,6.409555693837343260e-05,6.057049195396166930e-01,-5.936316628474215623e-06,1.109683903821617113e-08,-2.899872790816714933e-08,2.008317676866324222e-09
9.412499999999999645e+00,6.057117365267169484e-01,-2.954691121126169260e-05,6.341810067695831496e-05,6.057048468979358002e-01,-5.687294629971054298e-06,1.073822536427653995e-08,-2.838190290901825006e-08,1.915914507887930258e-09
9.425000000000000711e+00,6.057113721273849061e-01,-2.875837613977920654e-05,6.274887542620111050e-05,6.057047773337531638e-01,-5.443912112542625803e-06,1.038723105727430638e-08,-2.777957619263203941e-08,1.826232895802838737e-09
9.437500000000000000e+00,6.057110175326706480e-01,-2.797815538689173745e-05,6.208779551112832877e-05,6.057047107767530303e-01,-5.206140800826803889e-06,1.004367686092751335e-08,-2.719143342822628533e-08,1.739222970258488061e-09
9.450000000000001066e+00,6.057106726392794682e-01,-2.720614766585251058e-05,6.143477631534408913e-05,6.057046471569679236e-01,-4.973953182304216901e-06,9.707387402317192543e-09,-2.661716758151634799e-08,1.654836182794998402e-09
9.462500000000000355e+00,6.057103373451758754e-01,-2.644225274106041935e-05,6.078973427021723016e-05,6.057045864047696515e-01,-4.747322504238713955e-06,9.378191101684572544e-09,-2.605647875485342080e-08,1.573025280743417368e-09
9.474999999999999645e+00,6.057100115495711590e-01,-2.568637141502907737e-05,6.015258684420343613e-05,6.057045284508598693e-01,-4.526222770721444408e-06,9.055920084202643134e-09,-2.550907403105607333e-08,1.493744281778453302e-09
9.487500000000000711e+00,6.057096951529097328e-01,-2.493840551548958309e-05,5.952325253230338347e-05,6.057044732262600872e-01,-4.310628739819093597e-06,8.740410093677659272e-09,-2.497466732085576281e-08,1.416948449112546950e-09
9.500000000000000000e+00,6.057093880568572564e-01,-2.419825788262421876e-05,5.890165084565458960e-05,6.057044206623031224e-01,-4.100515920825625146e-06,8.431500408135369522e-09,-2.445297921387584954e-08,1.342594267318016593e-09
9.512500000000001066e+00,6.057090901642874226e-01,-2.346583235642835973e-05,5.828770230125472136e-05,6.057043706906227731e-01,-3.895860571616973352e-06,8.129033757247911578e-09,-2.394373683306570260e-08,1.270639418764370391e-09
9.525000000000000355e+00,6.057088013792696346e-01,-2.274103376420161048e-05,5.768132841181739965e-05,6.057043232431452706e-01,-3.696639696109171855e-06,7.832856241559719747e-09,-2.344667369251584683e-08,1.201042760658554377e-09
9.537499999999999645e+00,6.057085216070571265e-01,-2.202376790816334946e-05,5.708245167575640757e-05,6.057042782520796198e-01,-3.502831041818778043e-06,7.542817253469369783e-09,-2.296152955857779561e-08,1.133764302675636612e-09
9.550000000000000711e+00,6.057082507540741956e-01,-2.131394155319371605e-05,5.649099556729933187e-05,6.057042356499080515e-01,-3.314413097526101007e-06,7.258769399927562929e-09,-2.248805031421792489e-08,1.068765185168303727e-09
9.562500000000000000e+00,6.057079887279049890e-01,-2.061146241469736325e-05,5.590688452672841528e-05,6.057041953693775849e-01,-3.131365091040703633e-06,6.980568426810839738e-09,-2.202598782653394987e-08,1.006007657943471669e-09
9.575000000000001066e+00,6.057077354372811806e-01,-1.991623914658742446e-05,5.533004395074662740e-05,6.057041573434897019e-01,-2.953666987068722305e-06,6.708073144931535736e-09,-2.157509981736424326e-08,9.454550595946307083e-10
9.587500000000000355e+00,6.057074907920704243e-01,-1.922818132939058586e-05,5.476040018296974692e-05,6.057041215054921324e-01,-2.781299485182473861e-06,6.441145357646733447e-09,-2.113514973692415147e-08,8.870717973791340362e-10
9.600000000000001421e+00,6.057072547032650300e-01,-1.854719945846870018e-05,5.419788050454068097e-05,6.057040877888691943e-01,-2.614244017891369407e-06,6.179649790027563262e-09,-2.070590664040143367e-08,8.308233276294210065e-10
9.612500000000000711e+00,6.057070270829701952e-01,-1.787320493235847020e-05,5.364241312486753928e-05,6.057040561273326906e-01,-2.452482748814778267e-06,5.923454019553513518e-09,-2.028714506744846416e-08,7.766761366879862189e-10
9.625000000000000000e+00,6.057068078443933468e-01,-1.720611004122472610e-05,5.309392717248164823e-05,6.057040264548126940e-01,-2.295998570955933240e-06,5.672428408294751631e-09,-1.987864492450641992e-08,7.245977223556411611e-10
9.637500000000001066e+00,6.057065969018327056e-01,-1.654582795542819794e-05,5.255235268601641960e-05,6.057039987054488872e-01,-2.144775105077354010e-06,5.426446036548381428e-09,-1.948019136990162508e-08,6.745565758433385924e-10
9.650000000000000355e+00,6.057063941706661847e-01,-1.589227271420525238e-05,5.201762060530515624e-05,6.057039728135807932e-01,-1.998796698177404186e-06,5.185382637893974493e-09,-1.909157470165351907e-08,6.265221642177943875e-10
9.662500000000001421e+00,6.057061995673410637e-01,-1.524535921445730148e-05,5.148966276259578221e-05,6.057039487137393374e-01,-1.858048422067691629e-06,4.949116535634520672e-09,-1.871259024793510519e-08,5.804649133314161846e-10
9.675000000000000711e+00,6.057060130093631090e-01,-1.460500319965062738e-05,5.096841187388345955e-05,6.057039263406374108e-01,-1.722516072051734748e-06,4.717528580590849555e-09,-1.834303826013025331e-08,5.363561912275317712e-10
9.687500000000000000e+00,6.057058344152859153e-01,-1.397112124882248757e-05,5.045380153035754775e-05,6.057039056291607659e-01,-1.592186165704202311e-06,4.490502090216393506e-09,-1.798272380843031470e-08,4.941682920117727261e-10
9.700000000000001066e+00,6.057056637047009140e-01,-1.334363076569431897e-05,4.994576618996385454e-05,6.057038865143596906e-01,-1.467045941751173584e-06,4.267922789001742826e-09,-1.763145667991701675e-08,4.538744201810788295e-10
9.712500000000000355e+00,6.057055007982266037e-01,-1.272244996788968787e-05,4.944424116908021971e-05,6.057038689314389046e-01,-1.347083359051153880e-06,4.049678750137896006e-09,-1.728905127907788748e-08,4.154486754017821366e-10
9.725000000000001421e+00,6.057053456174988915e-01,-1.210749787625471555e-05,4.894916263430377173e-05,6.057038528157494550e-01,-1.232287095676647746e-06,3.835660338407818596e-09,-1.695532653070182600e-08,3.788660377284760575e-10
9.737500000000000711e+00,6.057051980851609896e-01,-1.149869430428179113e-05,4.846046759435054162e-05,6.057038381027795015e-01,-1.122646548096707375e-06,3.625760154277662945e-09,-1.663010578510540340e-08,3.441023532557889452e-10
9.750000000000000000e+00,6.057050581248534238e-01,-1.089595984763251940e-05,4.797809389206429665e-05,6.057038247281449905e-01,-1.018151830459932553e-06,3.419872979157895951e-09,-1.631321672563897245e-08,3.111343201950978388e-10
9.762500000000001066e+00,6.057049256612045962e-01,-1.029921587376077268e-05,4.750198019653537306e-05,6.057038126275811063e-01,-9.187937739783555181e-07,3.217895721806902619e-09,-1.600449127842554973e-08,2.799394753687306010e-10
9.775000000000000355e+00,6.057048006198207935e-01,-9.708384511633542862e-06,4.703206599532775968e-05,6.057038017369331673e-01,-8.245639264120485150e-07,3.019727365849136076e-09,-1.570376552428482757e-08,2.504961811142236647e-10
9.787500000000001421e+00,6.057046829272773047e-01,-9.123388641547460639e-06,4.656829158681277886e-05,6.057037919921477442e-01,-7.354545516543713621e-07,2.825268918380526205e-09,-1.541087961279600381e-08,2.227836125914283700e-10
9.800000000000000711e+00,6.057045725111085410e-01,-8.544151885041727519e-06,4.611059807261015095e-05,6.057037833292634454e-01,-6.514586294182466462e-07,2.634423359635378128e-09,-1.512567767845558538e-08,1.967817454856083828e-10
9.812500000000000000e+00,6.057044692997992641e-01,-7.970598594903628465e-06,4.565892735013339957e-05,6.057037756844023679e-01,-5.725698550231286065e-07,2.447095593688031867e-09,-1.484800775888517709e-08,1.724713440996357146e-10
9.825000000000001066e+00,6.057043732227749278e-01,-7.402653845267401996e-06,4.521322210524034331e-05,6.057037689937607716e-01,-4.987826392830742959e-07,2.263192400164596388e-09,-1.457772171504761032e-08,1.498339498288187270e-10
9.837500000000000355e+00,6.057042842103935731e-01,-6.840243421804320491e-06,4.477342580498713538e-05,6.057037631936003086e-01,-4.300921084958646071e-07,2.082622386939653095e-09,-1.431467515342928665e-08,1.288518700119385491e-10
9.850000000000001421e+00,6.057042021939360588e-01,-6.283293812001908837e-06,4.433948269048418447e-05,6.057037582202392523e-01,-3.664941045332002054e-07,1.905295943793338759e-09,-1.405872735014779100e-08,1.095081671522787940e-10
9.862500000000000711e+00,6.057041271055984000e-01,-5.731732195533015502e-06,4.391133776985481054e-05,6.057037540100432826e-01,-3.079851850323408271e-07,1.731125197005643114e-09,-1.380974117694606221e-08,9.178664850272138667e-11
9.875000000000000000e+00,6.057040588784818880e-01,-5.185486434711084446e-06,4.348893681129367423e-05,6.057037504994166044e-01,-2.545626236890357428e-07,1.560023964863812300e-09,-1.356758302903337665e-08,7.567185600899754801e-11
9.887500000000001066e+00,6.057039974465859844e-01,-4.644485065032367345e-06,4.307222633622585426e-05,6.057037476247930652e-01,-2.062244106521334314e-07,1.391907714060643419e-09,-1.333212275473636021e-08,6.114905660552488958e-11
9.900000000000000355e+00,6.057039427447987734e-01,-4.108657285803004278e-06,4.266115361256494619e-05,6.057037453226270518e-01,-1.629692530199301819e-07,1.226693516961017627e-09,-1.310323358692290975e-08,4.820423285833127074e-11
9.912500000000001421e+00,6.057038947088896341e-01,-3.577932950849016240e-06,4.225566664806879377e-05,6.057037435293848304e-01,-1.247965754383863183e-07,1.064300009714503139e-09,-1.288079207616290425e-08,3.682407394975776824e-11
9.925000000000000711e+00,6.057038532755003590e-01,-3.052242559309869307e-06,4.185571418379354372e-05,6.057037421815352207e-01,-9.170652080156618510e-08,9.046473511931284761e-10,-1.266467802559155484e-08,2.699596699986614741e-11
9.937500000000000000e+00,6.057038183821379373e-01,-2.531517246512133393e-06,4.146124568764336112e-05,6.057037412155407141e-01,-6.369995105432647200e-08,7.476571827325542733e-10,-1.245477442744045511e-08,1.870798871954048902e-11
9.950000000000001066e+00,6.057037899671657843e-01,-2.015688774923921693e-06,4.107221134801651677e-05,6.057037405678488140e-01,-4.077844809762666182e-08,5.932525886565857405e-10,-1.225096740120388645e-08,1.194889739053768531e-11
9.962500000000000355e+00,6.057037679697968580e-01,-1.504689525188146538e-06,4.068856206754647780e-05,6.057037401748822658e-01,-2.294431479662895903e-08,4.413580575645503265e-10,-1.205314613340779244e-08,6.708125167837369218e-12
9.975000000000001421e+00,6.057037523300852211e-01,-9.984524872327019395e-07,4.031024945693655135e-05,6.057037399730310634e-01,-1.020057609182723422e-08,2.918994443614957738e-10,-1.186120281894961390e-08,2.975770699819400736e-12
9.987500000000000711e+00,6.057037429889189362e-01,-4.969112514582105253e-07,3.993722582888888095e-05,6.057037398986424570e-01,-2.550980213543540951e-09,1.448039330123033768e-10,-1.167503260397905221e-08,7.425920619787448956e-13
1.000000000000000000e+01,6.057037398880124046e-01,-1.444770836786338101e-31,3.956944419212522741e-05,6.057037398880124046e-01,0.000000000000000000e+00,3.659160864515715210e-34,-1.149453353028902292e-08,0.000000000000000000e+00
