eta,f,f',f'',F,F',t,t',tp
0.000000000000000000e+00,1.000000000000000000e+00,-3.923922187435746611e-01,2.480389062821266588e-01,8.186176753627668612e-01,-2.818142660395130394e-01,1.000000000000000000e+00,-1.908497912718515099e+00,4.161770660982428427e-01
3.125000000000000173e-03,9.987749844166784463e-01,-3.916180829666923713e-01,2.474084081105435984e-01,8.177378087292112019e-01,-2.813005544002580294e-01,9.940576115624393250e-01,-1.894650876678273477e+00,4.141729319090035610e-01
6.250000000000000347e-03,9.975523849331230375e-01,-3.908459135935217765e-01,2.467804053318225221e-01,8.168595458056786551e-01,-2.807878911646071729e-01,9.881583064765939728e-01,-1.880924363621459650e+00,4.121800652119323449e-01
9.375000000000001388e-03,9.963321954164817695e-01,-3.900757028500324020e-01,2.461548825609908009e-01,8.159828833202157350e-01,-2.802762735774204650e-01,9.823017100133661916e-01,-1.867317156522113164e+00,4.101983904409935988e-01
1.250000000000000069e-02,9.951144097581212655e-01,-3.893074430100734173e-01,2.455318245398483423e-01,8.151078180094618597e-01,-2.797656988942661127e-01,9.764874512252201821e-01,-1.853828052177665997e+00,4.082278326327024032e-01
1.562500000000000000e-02,9.938990218734782278e-01,-3.885411263949793415e-01,2.449112161357199502e-01,8.142343466186162670e-01,-2.792561643813589178e-01,9.707151629032544360e-01,-1.840455861036202068e+00,4.062683174205341530e-01
1.875000000000000278e-02,9.926860257019116673e-01,-3.877767453731798541e-01,2.442930423402213669e-01,8.133624659014048186e-01,-2.787476673154989926e-01,9.649844815348098681e-01,-1.827199407026054656e+00,4.043197710293938707e-01
2.187500000000000208e-02,9.914754152065557991e-01,-3.870142923598131612e-01,2.436772882680392494e-01,8.124921726200465821e-01,-2.782402049840113079e-01,9.592950472616081914e-01,-1.814057527387710644e+00,4.023821202701429733e-01
2.500000000000000139e-02,9.902671843741753799e-01,-3.862537598163433006e-01,2.430639391557246898e-01,8.116234635452216351e-01,-2.777337746846852973e-01,9.536465038384099868e-01,-1.801029072507986939e+00,4.004552925341836600e-01
2.812500000000000069e-02,9.890613272150209356e-01,-3.854951402501814450e-01,2.424529803605000033e-01,8.107563354560382018e-01,-2.772283737257151826e-01,9.480384985921895824e-01,-1.788112905756446658e+00,3.985392157881001984e-01
3.125000000000000000e-02,9.878578377626863194e-01,-3.847384262143101474e-01,2.418443973590790608e-01,8.098907851400000135e-01,-2.767239994256406876e-01,9.424706823818159718e-01,-1.775307903324019998e+00,3.966338185683558892e-01
3.437500000000000278e-02,9.866567100739662699e-01,-3.839836103069121931e-01,2.412381757465004439e-01,8.090268093929745552e-01,-2.762206491132879749e-01,9.369427095582361087e-01,-1.762612954063804471e+00,3.947390299760462073e-01
3.750000000000000555e-02,9.854579382287164124e-01,-3.832306851710026163e-01,2.406343012349736188e-01,8.081644050191604256e-01,-2.757183201277116913e-01,9.314542379251506965e-01,-1.750026959334004095e+00,3.928547796717057339e-01
4.062500000000000833e-02,9.842615163297130376e-01,-3.824796434940639367e-01,2.400327596527380425e-01,8.073035688310559177e-01,-2.752170098181363489e-01,9.260049287001792528e-01,-1.737548832842983781e+00,3.909809978701703215e-01
4.375000000000000416e-02,9.830674385025152118e-01,-3.817304780076858362e-01,2.394335369429345661e-01,8.064442976494273774e-01,-2.747167155438993702e-01,9.205944464765044577e-01,-1.725177500496406058e+00,3.891176153354918288e-01
4.687500000000000000e-02,9.818756988953273313e-01,-3.809831814872073896e-01,2.388366191624896051e-01,8.055865883032771180e-01,-2.742174346743936897e-01,9.152224591849924540e-01,-1.712911900246417707e+00,3.872645633759064787e-01
5.000000000000000278e-02,9.806862916788630091e-01,-3.802377467513636811e-01,2.382419924810114109e-01,8.047304376298126671e-01,-2.737191645890110769e-01,9.098886380567802190e-01,-1.700750981942861451e+00,3.854217738388552306e-01
5.312500000000000555e-02,9.794992110462098500e-01,-3.794941666619348619e-01,2.376496431796986941e-01,8.038758424744154585e-01,-2.732219026770860704e-01,9.045926575863250108e-01,-1.688693707186478710e+00,3.835891791060557221e-01
5.625000000000000139e-02,9.783144512126955572e-01,-3.787524341233995950e-01,2.370595576502609603e-01,8.030227996906097454e-01,-2.727256463378399665e-01,8.993341954949101158e-01,-1.676739049184078789e+00,3.817667120886257259e-01
5.937499999999999722e-02,9.771320064157552610e-01,-3.780125420825910521e-01,2.364717223938511137e-01,8.021713061400317368e-01,-2.722303929803253641e-01,8.941129326945992384e-01,-1.664885992605644294e+00,3.799543062222566214e-01
6.250000000000000000e-02,9.759518709147994020e-01,-3.772744835283566855e-01,2.358861240200094411e-01,8.013213586923992882e-01,-2.717361400233714308e-01,8.889285532526350897e-01,-1.653133533443343905e+00,3.781518954624372708e-01
6.562500000000000278e-02,9.747740389910828362e-01,-3.765382514912211653e-01,2.353027492456192804e-01,8.004729542254808150e-01,-2.712428848955290572e-01,8.837807443562750720e-01,-1.641480678872428545e+00,3.763594142797268005e-01
6.875000000000000555e-02,9.735985049475758268e-01,-3.758038390430525344e-01,2.347215848938742078e-01,7.996260896250657613e-01,-2.707506250350167343e-01,8.786691962780596166e-01,-1.629926447113979826e+00,3.745767976550767320e-01
7.187500000000000833e-02,9.724252631088344812e-01,-3.750712392967315845e-01,2.341426178932564939e-01,7.987807617849340680e-01,-2.702593578896668736e-01,8.735936023415055152e-01,-1.618469867299488607e+00,3.728039810752006855e-01
7.500000000000001110e-02,9.712543078208736302e-01,-3.743404454058242847e-01,2.335658352765265511e-01,7.979369676068260864e-01,-2.697690809168722947e-01,8.685536588872203589e-01,-1.607109979337232764e+00,3.710409005279924899e-01
7.812500000000001388e-02,9.700856334510400414e-01,-3.736114505642577632e-01,2.329912241797237327e-01,7.970947040004129347e-01,-2.692797915835333233e-01,8.635490652394317568e-01,-1.595845833780433543e+00,3.692874924979908102e-01
8.125000000000001665e-02,9.689192343878869629e-01,-3.728842480059988973e-01,2.324187718411776793e-01,7.962539678832670775e-01,-2.687914873660052217e-01,8.585795236729252267e-01,-1.584676491697160072e+00,3.675436939618905718e-01
8.437500000000000555e-02,9.677551050410491129e-01,-3.721588310047361237e-01,2.318484656005306843e-01,7.954147561808324607e-01,-2.683041657500457866e-01,8.536447393803864303e-01,-1.573601024541961602e+00,3.658094423841007359e-01
8.750000000000000833e-02,9.665932398411193338e-01,-3.714351928735645791e-01,2.312802928977705230e-01,7.945770658263956454e-01,-2.678178242307637236e-01,8.487444204401419778e-01,-1.562618514029198602e+00,3.640846757123473720e-01
9.062500000000001110e-02,9.654336332395261344e-01,-3.707133269646738505e-01,2.307142412722739677e-01,7.937408937610561654e-01,-2.673324603125671883e-01,8.438782777842930294e-01,-1.551728052008054304e+00,3.623693323733215843e-01
9.375000000000000000e-02,9.642762797084113435e-01,-3.699932266690388882e-01,2.301502983618604614e-01,7.929062369336979943e-01,-2.668480715091126054e-01,8.390460251672372527e-01,-1.540928740339194913e+00,3.606633512683722342e-01
9.687500000000000278e-02,9.631211737405100948e-01,-3.692748854161139183e-01,2.295884519018562553e-01,7.920730923009604574e-01,-2.663646553432541531e-01,8.342473791345734746e-01,-1.530219690773062080e+00,3.589666717692426845e-01
1.000000000000000056e-01,9.619683098490307005e-01,-3.685582966735290178e-01,2.290286897241684827e-01,7.912414568272096993e-01,-2.658822093469931369e-01,8.294820589923840304e-01,-1.519600024829772300e+00,3.572792337138507857e-01
1.031250000000000083e-01,9.608176825675356358e-01,-3.678434539467900222e-01,2.284709997563694472e-01,7.904113274845101511e-01,-2.654007310614284187e-01,8.247497867768905921e-01,-1.509068873680597500e+00,3.556009774021121062e-01
1.062500000000000111e-01,9.596692864498242992e-01,-3.671303507789805964e-01,2.279153700207905697e-01,7.895827012525961086e-01,-2.649202180367065673e-01,8.200502872244770369e-01,-1.498625378031009259e+00,3.539318435918056283e-01
1.093750000000000000e-01,9.585231160698152175e-01,-3.664189807504678598e-01,2.273617886336262994e-01,7.887555751188436437e-01,-2.644406678319727311e-01,8.153832877420758019e-01,-1.488268688005260465e+00,3.522717734944814660e-01
1.125000000000000028e-01,9.573791660214305832e-01,-3.657093374786102302e-01,2.268102438040476565e-01,7.879299460782424047e-01,-2.639620780153217328e-01,8.107485183779129523e-01,-1.477997963032485762e+00,3.506207087714100501e-01
1.156250000000000056e-01,9.562374309184810128e-01,-3.650014146174685448e-01,2.262607238333251558e-01,7.871058111333679719e-01,-2.634844461637496638e-01,8.061457117926059679e-01,-1.467812371734296351e+00,3.489785915295727792e-01
1.187499999999999944e-01,9.550979053945509722e-01,-3.642952058575190666e-01,2.257132171139613341e-01,7.862831672943538797e-01,-2.630077698631054783e-01,8.015746032306112490e-01,-1.457711091813852278e+00,3.473453643176928618e-01
1.218749999999999972e-01,9.539605841028857558e-01,-3.635907049253703227e-01,2.251677121288324646e-01,7.854620115788639723e-01,-2.625320467080434206e-01,7.970349304920155697e-01,-1.447693309946384232e+00,3.457209701223064591e-01
1.250000000000000000e-01,9.528254617162790208e-01,-3.628879055834816070e-01,2.246241974503396244e-01,7.846423410120654252e-01,-2.620572743019754514e-01,7.925264339046678153e-01,-1.437758221671155079e+00,3.441053523638737954e-01
1.281249999999999889e-01,9.516925329269610989e-01,-3.621868016298848136e-01,2.240826617395686726e-01,7.838241526266008785e-01,-2.615834502570241749e-01,7.880488562966454502e-01,-1.427905031284828263e+00,3.424984548929294048e-01
1.312500000000000056e-01,9.505617924464879742e-01,-3.614873868979082694e-01,2.235430937454593314e-01,7.830074434625615698e-01,-2.611105721939759317e-01,7.836019429690526117e-01,-1.418132951736235103e+00,3.409002219862709016e-01
1.343750000000000222e-01,9.494332350056319259e-01,-3.607896552559037295e-01,2.230054823039830658e-01,7.821922105674604664e-01,-2.606386377422345579e-01,7.791854416691450513e-01,-1.408441204522512757e+00,3.393105983431867756e-01
1.375000000000000111e-01,9.483068553542722823e-01,-3.600936006069757611e-01,2.224698163373299287e-01,7.813784509962049540e-01,-2.601676445397750337e-01,7.747991025637763762e-01,-1.398829019586598887e+00,3.377295290817216578e-01
1.406250000000000000e-01,9.471826482612870635e-01,-3.593992168887132355e-01,2.219360848531037322e-01,7.805661618110707467e-01,-2.596975902330979635e-01,7.704426782131643670e-01,-1.389295635216059921e+00,3.361569597349792771e-01
1.437500000000000167e-01,9.460606085144458444e-01,-3.587064980729239294e-01,2.214042769435261571e-01,7.797553400816747970e-01,-2.592284724771837245e-01,7.661159235449694904e-01,-1.379840297943238037e+00,3.345928362474626105e-01
1.468750000000000333e-01,9.449407309203032845e-01,-3.580154381653711804e-01,2.208743817846489654e-01,7.789459828849489842e-01,-2.587602889354478908e-01,7.618185958286848303e-01,-1.370462262446696444e+00,3.330371049714507259e-01
1.500000000000000222e-01,9.438230103040932129e-01,-3.573260312055132615e-01,2.203463886355750412e-01,7.781380873051140235e-01,-2.582930372796958252e-01,7.575504546503313286e-01,-1.361160791453944752e+00,3.314897126634118729e-01
1.531250000000000111e-01,9.427074415096238225e-01,-3.566382712662448662e-01,2.198202868376871177e-01,7.773316504336531541e-01,-2.578267151900786591e-01,7.533112618874551192e-01,-1.351935155645426212e+00,3.299506064804523797e-01
1.562500000000000000e-01,9.415940193991736429e-01,-3.559521524536415349e-01,2.192960658138852215e-01,7.765266693692861599e-01,-2.573613203550488282e-01,7.491007816844231781e-01,-1.342784633559750640e+00,3.284197339768014645e-01
1.593749999999999889e-01,9.404827388533882893e-01,-3.552676689067055804e-01,2.187737150678317755e-01,7.757231412179435015e-01,-2.568968504713164402e-01,7.449187804280125169e-01,-1.333708511500156124e+00,3.268970431003304644e-01
1.625000000000000056e-01,9.393735947711776557e-01,-3.545848147971153441e-01,2.182532241832049746e-01,7.749210630927405585e-01,-2.564333032438054771e-01,7.407650267232911423e-01,-1.324706083442178217e+00,3.253824821891075358e-01
1.656250000000000222e-01,9.382665820696145520e-01,-3.539035843289760619e-01,2.177345828229599323e-01,7.741204321139520950e-01,-2.559706763856107736e-01,7.366392913697841216e-01,-1.315776650942515058e+00,3.238759999679861057e-01
1.687500000000000111e-01,9.371616956838335621e-01,-3.532239717385732836e-01,2.172177807285974316e-01,7.733212454089865018e-01,-2.555089676179549407e-01,7.325413473379236429e-01,-1.306919523049069110e+00,3.223775455452274064e-01
1.718750000000000000e-01,9.360589305669311244e-01,-3.525459712941285684e-01,2.167028077194408375e-01,7.725235001123611500e-01,-2.550481746701457886e-01,7.284709697457777411e-01,-1.298134016212149300e+00,3.208870684091568726e-01
1.750000000000000167e-01,9.349582816898655002e-01,-3.518695772955575674e-01,2.161896536919200862e-01,7.717271933656764116e-01,-2.545882952795340826e-01,7.244279358360555809e-01,-1.289419454196817361e+00,3.194045184248533453e-01
1.781250000000000333e-01,9.338597440413589634e-01,-3.511947840742298266e-01,2.156783086188636400e-01,7.709323223175909012e-01,-2.541293271914712437e-01,7.204120249533837450e-01,-1.280775167996363928e+00,3.179298458308713049e-01
1.812500000000000222e-01,9.327633126277989906e-01,-3.505215859927314770e-01,2.151687625487975764e-01,7.701388841237968297e-01,-2.536712681592679375e-01,7.164230185218523062e-01,-1.272200495746896420e+00,3.164630012359956890e-01
1.843750000000000111e-01,9.316689824731417824e-01,-3.498499774446295896e-01,2.146610056052522253e-01,7.693468759469946905e-01,-2.532141159441524958e-01,7.124607000228251330e-01,-1.263694782643026038e+00,3.150039356160284076e-01
1.875000000000000000e-01,9.305767486188154525e-01,-3.491799528542389730e-01,2.141550279860758577e-01,7.685562949568689461e-01,-2.527578683152295613e-01,7.085248549730123191e-01,-1.255257380854635896e+00,3.135526003106071102e-01
1.906249999999999889e-01,9.294866061236243260e-01,-3.485115066763907476e-01,2.136508199627558113e-01,7.677671383300632701e-01,-2.523025230494395643e-01,7.046152709028017380e-01,-1.246887649444718305e+00,3.121089470200549831e-01
1.937500000000000056e-01,9.283985500636542376e-01,-3.478446333962036952e-01,2.131483718797465288e-01,7.669794032501562331e-01,-2.518480779315179219e-01,7.007317373348443956e-01,-1.238584954288262541e+00,3.106729278022619112e-01
1.968750000000000222e-01,9.273125755321776076e-01,-3.471793275288568292e-01,2.126476741538046167e-01,7.661930869076370998e-01,-2.513945307539549034e-01,6.968740457628925800e-01,-1.230348667992184009e+00,3.092444950695961703e-01
2.000000000000000111e-01,9.262286776395607379e-01,-3.465155836193647976e-01,2.121487172733309279e-01,7.654081864998812934e-01,-2.509418793169552742e-01,6.930419896308867012e-01,-1.222178169816274806e+00,3.078236015858464292e-01
2.031250000000000000e-01,9.251468515131698878e-01,-3.458533962423548380e-01,2.116514917977194155e-01,7.646246992311268587e-01,-2.504901214283990485e-01,6.892353643122867135e-01,-1.214072845595164818e+00,3.064102004631940046e-01
2.062500000000000167e-01,9.240670922972800128e-01,-3.451927600018460662e-01,2.111559883567127593e-01,7.638426223124500369e-01,-2.500392549038015777e-01,6.854539670896464543e-01,-1.206032087661280672e+00,3.050042451592148707e-01
2.093750000000000333e-01,9.229893951529828389e-01,-3.445336695310304287e-01,2.106621976497648208e-01,7.630619529617418406e-01,-2.495892775662746921e-01,6.816975971344276797e-01,-1.198055294768784140e+00,3.036056894739105894e-01
2.125000000000000222e-01,9.219137552580958239e-01,-3.438761194920560982e-01,2.101701104454094526e-01,7.622826884036842943e-01,-2.491401872464874823e-01,6.779660554870490241e-01,-1.190141872018482649e+00,3.022144875467692171e-01
2.156250000000000111e-01,9.208401678070725627e-01,-3.432201045758124791e-01,2.096797175806360825e-01,7.615048258697266759e-01,-2.486919817826279411e-01,6.742591450371692163e-01,-1.182291230783691693e+00,3.008305938538538560e-01
2.187500000000000000e-01,9.197686280109127477e-01,-3.425656195017171557e-01,2.091910099602716788e-01,7.607283625980624242e-01,-2.482446590203643555e-01,6.705766705042001119e-01,-1.174502788637044048e+00,2.994539632049205702e-01
2.218749999999999889e-01,9.186991310970735736e-01,-3.419126590175048941e-01,2.087039785563690741e-01,7.599532958336052690e-01,-2.477982168128073093e-01,6.669184384180465441e-01,-1.166775969278224467e+00,2.980845507405640582e-01
2.250000000000000056e-01,9.176316723093819183e-01,-3.412612178990185874e-01,2.082186144076016709e-01,7.591796228279668046e-01,-2.473526530204717966e-01,6.632842571000717724e-01,-1.159110202462624528e+00,2.967223119293910805e-01
2.281250000000000222e-01,9.165662469079460806e-01,-3.406112909500020325e-01,2.077349086186643379e-01,7.584073408394327309e-01,-2.469079655112395855e-01,6.596739366442828656e-01,-1.151504923930900537e+00,2.953672025652214206e-01
2.312500000000000111e-01,9.155028501690696263e-01,-3.399628730018943723e-01,2.072528523596804673e-01,7.576364471329403161e-01,-2.464641521603219421e-01,6.560872888987362428e-01,-1.143959575339422718e+00,2.940191787643165466e-01
2.343750000000000000e-01,9.144414773851646805e-01,-3.393159589136267029e-01,2.067724368656152223e-01,7.568669389800551928e-01,-2.460212108502224937e-01,6.525241274471584862e-01,-1.136473604191606368e+00,2.926781969626344737e-01
2.375000000000000167e-01,9.133821238646667728e-01,-3.386705435714202350e-01,2.062936534356946960e-01,7.560988136589490427e-01,-2.455791394707003972e-01,6.489842675907800951e-01,-1.129046463770109199e+00,2.913442139131116049e-01
2.406250000000000333e-01,9.123247849319493508e-01,-3.380266218885865093e-01,2.058164934328312046e-01,7.553320684543766150e-01,-2.451379359187338403e-01,6.454675263303806254e-01,-1.121677613069885115e+00,2.900171866829712175e-01
2.437500000000000222e-01,9.112694559272397354e-01,-3.373841888053291105e-01,2.053409482830541588e-01,7.545667006576534108e-01,-2.446975980984835708e-01,6.419737223485413313e-01,-1.114366516732083756e+00,2.886970726510575402e-01
2.468750000000000111e-01,9.102161322065354110e-01,-3.367432392885475467e-01,2.048670094749472093e-01,7.538027075666332566e-01,-2.442581239212569255e-01,6.385026759921024198e-01,-1.107112644978780924e+00,2.873838295051958647e-01
2.500000000000000000e-01,9.091648091415208688e-01,-3.361037683316422942e-01,2.043946685590907753e-01,7.530400864856859888e-01,-2.438195113054719976e-01,6.350542092548241424e-01,-1.099915473548532807e+00,2.860774152395779701e-01
2.531249999999999889e-01,9.081154821194851179e-01,-3.354657709543222288e-01,2.039239171475103474e-01,7.522788347256754715e-01,-2.433817581766219151e-01,6.316281457602471727e-01,-1.092774483632739324e+00,2.847777881521732501e-01
2.562499999999999778e-01,9.070681465432394175e-01,-3.348292422024133907e-01,2.034547469131307018e-01,7.515189496039371697e-01,-2.429448624672396473e-01,6.282243107447509356e-01,-1.085689161812807946e+00,2.834849068421641527e-01
2.593750000000000222e-01,9.060227978310365637e-01,-3.341941771476693579e-01,2.029871495892351940e-01,7.507604284442565001e-01,-2.425088221168627822e-01,6.248425310408068922e-01,-1.078658999998105994e+00,2.821987302074066561e-01
2.625000000000000111e-01,9.049794314164898434e-01,-3.335605708875836739e-01,2.025211169689310198e-01,7.500032685768471818e-01,-2.420736350719986385e-01,6.214826350604248928e-01,-1.071683495364690986e+00,2.809192174419154475e-01
2.656250000000000000e-01,9.039380427484926539e-01,-3.329284185452036082e-01,2.020566409046196388e-01,7.492474673383288097e-01,-2.416392992860897371e-01,6.181444527787889331e-01,-1.064762150294808585e+00,2.796463280333725820e-01
2.687500000000000444e-01,9.028986272911394551e-01,-3.322977152689456926e-01,2.015937133074726106e-01,7.484930220717058713e-01,-2.412058127194792734e-01,6.148278157180819825e-01,-1.057894472317147949e+00,2.783800217606606786e-01
2.718750000000000333e-01,9.018611805236463885e-01,-3.316684562324129226e-01,2.011323261469129819e-01,7.477399301263463194e-01,-2.407731733393769502e-01,6.115325569314954413e-01,-1.051079974047844479e+00,2.771202586914193744e-01
2.750000000000000222e-01,9.008256979402730069e-01,-3.310406366342135698e-01,2.006724714501014473e-01,7.469881888579595897e-01,-2.403413791198251159e-01,6.082585109874220075e-01,-1.044318173132218863e+00,2.758669991796255383e-01
2.781250000000000111e-01,8.997921750502443361e-01,-3.304142516977812694e-01,2.002141413014283111e-01,7.462377956285755065e-01,-2.399104280416649027e-01,6.050055139538296212e-01,-1.037608592187243550e+00,2.746202038631960218e-01
2.812500000000000000e-01,8.987606073776736038e-01,-3.297892966711974405e-01,1.997573278420101128e-01,7.454887478065234108e-01,-2.394803180925028918e-01,6.017734033828142648e-01,-1.030950758744726414e+00,2.733798336616141134e-01
2.843750000000000444e-01,8.977309904614854119e-01,-3.291657668270142612e-01,1.993020232691915250e-01,7.447410427664108434e-01,-2.390510472666776964e-01,5.985620182953284019e-01,-1.024344205195202528e+00,2.721458497735779747e-01
2.875000000000000333e-01,8.967033198553399087e-01,-3.285436574620801964e-01,1.988482198360523312e-01,7.439946778891023405e-01,-2.386226135652270153e-01,5.953711991660848302e-01,-1.017788468732524043e+00,2.709182136746718372e-01
2.906250000000000222e-01,8.956775911275565161e-01,-3.279229638973663041e-01,1.983959098509192331e-01,7.432496505616992266e-01,-2.381950149958546592e-01,5.922007879086317317e-01,-1.011283091299137959e+00,2.696968871150592362e-01
2.937500000000000666e-01,8.946537998610395448e-01,-3.273036814777944281e-01,1.979450856768827094e-01,7.425059581775177442e-01,-2.377682495728981327e-01,5.890506278605975865e-01,-1.004827619532044025e+00,2.684818321171982825e-01
2.968750000000000555e-01,8.936319416532028104e-01,-3.266858055720667786e-01,1.974957397313185925e-01,7.417635981360695130e-01,-2.373423153172960764e-01,5.859205637691050628e-01,-9.984216047094249813e-01,2.672730109735786397e-01
3.000000000000000444e-01,8.926120121158961362e-01,-3.260693315724971786e-01,1.970478644854145589e-01,7.410225678430402141e-01,-2.369172102565561544e-01,5.828104417763489975e-01,-9.920646026979345056e-01,2.660703862444797618e-01
3.031250000000000333e-01,8.915940068753319681e-01,-3.254542548948434200e-01,1.966014524637013650e-01,7.402828647102694948e-01,-2.364929324247230513e-01,5.797201094053394677e-01,-9.857561739006412971e-01,2.648739207557506137e-01
3.062500000000000222e-01,8.905779215720117659e-01,-3.248405709781413409e-01,1.961564962435886905e-01,7.395444861557303184e-01,-2.360694798623467761e-01,5.766494155458059545e-01,-9.794958832056159803e-01,2.636835775966105411e-01
3.093750000000000111e-01,8.895637518606538396e-01,-3.242282752845404570e-01,1.957129884549057008e-01,7.388074296035088695e-01,-2.356468506164510202e-01,5.735982104402608250e-01,-9.732832999351526126e-01,2.624993201174704027e-01
3.125000000000000000e-01,8.885514934101216289e-01,-3.236173632991408144e-01,1.952709217794461882e-01,7.380716924837841253e-01,-2.352250427405018773e-01,5.705663456702213532e-01,-9.671179977956186891e-01,2.613211119277749073e-01
3.156249999999999889e-01,8.875411419033518712e-01,-3.230078305298310082e-01,1.948302889505182656e-01,7.373372722328082052e-01,-2.348040542943767017e-01,5.675536741425868392e-01,-9.609995548279223199e-01,2.601489168938648788e-01
3.187499999999999778e-01,8.865326930372835479e-01,-3.223996725071284208e-01,1.943910827524985008e-01,7.366041662928861644e-01,-2.343838833443331326e-01,5.645600500761699392e-01,-9.549275533585909193e-01,2.589826991368598952e-01
3.218750000000000222e-01,8.855261425227878291e-01,-3.217928847840197393e-01,1.939532960203905754e-01,7.358723721123556771e-01,-2.339645279629784524e-01,5.615853289883793176e-01,-9.489015799514511906e-01,2.578224230305607434e-01
3.250000000000000111e-01,8.845214860845980187e-01,-3.211874629358040245e-01,1.935169216393882730e-01,7.351418871455681625e-01,-2.335459862292389444e-01,5.586293676820535126e-01,-9.429212253599048577e-01,2.566680531993718595e-01
3.281250000000000000e-01,8.835187194612396100e-01,-3.205834025599360593e-01,1.930819525444427698e-01,7.344127088528682457e-01,-2.331282562283296944e-01,5.556920242324416837e-01,-9.369860844797887056e-01,2.555195545162426973e-01
3.312500000000000444e-01,8.825178384049620073e-01,-3.199806992758718049e-01,1.926483817198343662e-01,7.336848347005744397e-01,-2.327113360517243379e-01,5.527731579743315748e-01,-9.310957563028148254e-01,2.543768921006290817e-01
3.343750000000000333e-01,8.815188386816693589e-01,-3.193793487249146912e-01,1.922162021987482428e-01,7.329582621609597171e-01,-2.322952237971251666e-01,5.498726294893221400e-01,-9.252498438705821782e-01,2.532400313164734351e-01
3.375000000000000222e-01,8.805217160708529445e-01,-3.187793465700637929e-01,1.917854070628547680e-01,7.322329887122323022e-01,-2.318799175684334579e-01,5.469903005932384987e-01,-9.194479542291498220e-01,2.521089377702035450e-01
3.406250000000000111e-01,8.795264663655234516e-01,-3.181806884958625625e-01,1.913559894418934981e-01,7.315090118385156881e-01,-2.314654154757197768e-01,5.441260343236885566e-01,-9.136896983841678033e-01,2.509835773087508159e-01
3.437500000000000000e-01,8.785330853721436961e-01,-3.175833702082495047e-01,1.909279425132616448e-01,7.307863290298299841e-01,-2.310517156351948320e-01,5.412796949277582925e-01,-9.079746912565560546e-01,2.498639160175861740e-01
3.468750000000000444e-01,8.775415689105625638e-01,-3.169873874344098508e-01,1.905012595016065124e-01,7.300649377820724872e-01,-2.306388161691800831e-01,5.384511478498451575e-01,-9.023025516387244149e-01,2.487499202187750391e-01
3.500000000000000333e-01,8.765519128139482863e-01,-3.163927359226285096e-01,1.900759336784219045e-01,7.293448355969990304e-01,-2.302267152060789024e-01,5.356402597196279203e-01,-8.966729021513278886e-01,2.476415564690499227e-01
3.531250000000000222e-01,8.755641129287228264e-01,-3.157994114421441845e-01,1.896519583616484705e-01,7.286260199822042205e-01,-2.298154108803478202e-01,5.328468983401695169e-01,-8.910853692005481497e-01,2.465387915579012323e-01
3.562500000000000666e-01,8.745781651144968194e-01,-3.152074097830051547e-01,1.892293269152781066e-01,7.279084884511034526e-01,-2.294049013324677422e-01,5.300709326761537943e-01,-8.855395829358957416e-01,2.454415925056857295e-01
3.593750000000000555e-01,8.735940652440048471e-01,-3.146167267559256131e-01,1.888080327489621846e-01,7.271922385229137031e-01,-2.289951847089157222e-01,5.273122328422527039e-01,-8.800351772085265312e-01,2.443499265617526117e-01
3.625000000000000444e-01,8.726118092030406004e-01,-3.140273581921438351e-01,1.883880693176235577e-01,7.264772677226346564e-01,-2.285862591621366235e-01,5.245706700916233922e-01,-8.745717895300634259e-01,2.432637612025869700e-01
3.656250000000000333e-01,8.716313928903934860e-01,-3.134392999432811799e-01,1.879694301210724505e-01,7.257635735810306077e-01,-2.281781228505150305e-01,5.218461168045324117e-01,-8.691490610319195786e-01,2.421830641299703990e-01
3.687500000000000222e-01,8.706528122177847884e-01,-3.128525478812024807e-01,1.875521087036261803e-01,7.250511536346114783e-01,-2.277707739383475205e-01,5.191384464771073848e-01,-8.637666364251140871e-01,2.411078032691587880e-01
3.718750000000000111e-01,8.696760631098047201e-01,-3.122670978978775436e-01,1.871360986537323190e-01,7.243400054256144971e-01,-2.273642105958147974e-01,5.164475337102124586e-01,-8.584241639605763030e-01,2.400379467670767375e-01
3.750000000000000000e-01,8.687011415038502493e-01,-3.116829459052438134e-01,1.867213936035959365e-01,7.236301265019861040e-01,-2.269584309989542137e-01,5.137732541984478818e-01,-8.531212953899288687e-01,2.389734629905289065e-01
3.781249999999999889e-01,8.677280433500619283e-01,-3.111000878350700938e-01,1.863079872288100902e-01,7.229215144173635199e-01,-2.265534333296325142e-01,5.111154847192704853e-01,-8.478576859267469290e-01,2.379143205244277359e-01
3.812499999999999778e-01,8.667567646112632751e-01,-3.105185196388218771e-01,1.858958732479901454e-01,7.222141667310562063e-01,-2.261492157755185528e-01,5.084741031222352881e-01,-8.426329942082844138e-01,2.368604881700374087e-01
3.843750000000000222e-01,8.657873012628983789e-01,-3.099382372875269520e-01,1.854850454224117040e-01,7.215080810080285456e-01,-2.257457765300563413e-01,5.058489883183557856e-01,-8.374468822576636162e-01,2.358119349432342138e-01
3.875000000000000111e-01,8.648196492929718371e-01,-3.093592367716431757e-01,1.850754975556517523e-01,7.208032548188813005e-01,-2.253431137924382377e-01,5.032400202695815894e-01,-8.322990154465199630e-01,2.347686300727828135e-01
3.906250000000000000e-01,8.638538047019876931e-01,-3.087815141009264130e-01,1.846672234932336953e-01,7.200996857398336282e-01,-2.249412257675782734e-01,5.006470799783918624e-01,-8.271890624580972018e-01,2.337305429986282213e-01
3.937500000000000444e-01,8.628897635028895952e-01,-3.082050653043003074e-01,1.842602171222754992e-01,7.193973713527056502e-01,-2.245401106660855906e-01,4.980700494775037734e-01,-8.221166952507873438e-01,2.326976433702035718e-01
3.968750000000000333e-01,8.619275217210011775e-01,-3.076298864297266622e-01,1.838544723711413864e-01,7.186963092449003554e-01,-2.241397667042382413e-01,4.955088118196940838e-01,-8.170815890221088118e-01,2.316699010447535734e-01
4.000000000000000222e-01,8.609670753939662191e-01,-3.070559735440771543e-01,1.834499832090970006e-01,7.179964970093860588e-01,-2.237401921039569586e-01,4.929632510677325885e-01,-8.120834221731175750e-01,2.306472860856728646e-01
4.031250000000000111e-01,8.600084205716904684e-01,-3.064833227330059917e-01,1.830467436459675967e-01,7.172979322446788597e-01,-2.233413850927792044e-01,4.904332522844261355e-01,-8.071218762732453866e-01,2.296297687608600535e-01
4.062500000000000000e-01,8.590515533162826900e-01,-3.059119301008239034e-01,1.826447477317999224e-01,7.166006125548249894e-01,-2.229433439038332465e-01,4.879187015227716695e-01,-8.021966360255601280e-01,2.286173195410864944e-01
4.093750000000000444e-01,8.580964697019968224e-01,-3.053417917703726281e-01,1.822439895565270696e-01,7.159045355493833807e-01,-2.225460667758125954e-01,4.854194858162175219e-01,-7.973073892324422651e-01,2.276099090983800532e-01
4.125000000000000333e-01,8.571431658151739130e-01,-3.047729038829010695e-01,1.818444632496366842e-01,7.152096988434084590e-01,-2.221495519529504969e-01,4.829354931690313379e-01,-7.924538267616720866e-01,2.266075083044236382e-01
4.156250000000000222e-01,8.561916377541851642e-01,-3.042052625979421165e-01,1.814461629798423403e-01,7.145161000574329346e-01,-2.217537976849945081e-01,4.804666125467726423e-01,-7.876356425129223959e-01,2.256100882289681919e-01
4.187500000000000666e-01,8.552418816293748671e-01,-3.036388640931905192e-01,1.810490829547579394e-01,7.138237368174502606e-01,-2.213588022271813505e-01,4.780127338668704318e-01,-7.828525333846518830e-01,2.246176201382603377e-01
4.218750000000000555e-01,8.542938935630035591e-01,-3.030737045643818184e-01,1.806532174205756625e-01,7.131326067548978687e-01,-2.209645638402119305e-01,4.755737479893031860e-01,-7.781041992413939568e-01,2.236300754934840429e-01
4.250000000000000444e-01,8.533476696891924007e-01,-3.025097802251725532e-01,1.802585606617463643e-01,7.124427075066398496e-01,-2.205710807902263870e-01,4.731495467073801309e-01,-7.733903428814344894e-01,2.226474259492166596e-01
4.281250000000000333e-01,8.524032061538667771e-01,-3.019470873070207451e-01,1.798651070006636599e-01,7.117540367149503000e-01,-2.201783513487793609e-01,4.707400227386235869e-01,-7.687106700048761398e-01,2.216696433518988152e-01
4.312500000000000222e-01,8.514604991147011193e-01,-3.013856220590682145e-01,1.794728507973505360e-01,7.110665920274961138e-01,-2.197863737928155148e-01,4.683450697157501841e-01,-7.640648891820814859e-01,2.206966997383183193e-01
4.343750000000000111e-01,8.505195447410640597e-01,-3.008253807480231745e-01,1.790817864491493772e-01,7.103803710973206620e-01,-2.193951464046450806e-01,4.659645821777499974e-01,-7.594527118224925211e-01,2.197285673341075052e-01
4.375000000000000000e-01,8.495803392139631427e-01,-3.002663596580443794e-01,1.786919083904145722e-01,7.096953715828262510e-01,-2.190046674719195452e-01,4.635984555610626057e-01,-7.548738521438194127e-01,2.187652185522545034e-01
4.406249999999999889e-01,8.486428787259909789e-01,-2.997085550906257723e-01,1.783032110922082858e-01,7.090115911477584687e-01,-2.186149352876076146e-01,4.612465861908490727e-01,-7.503280271415961877e-01,2.178066259916277281e-01
4.437499999999999778e-01,8.477071594812711774e-01,-2.991519633644821874e-01,1.779156890619991438e-01,7.083290274611886428e-01,-2.182259481499712050e-01,4.589088712723583541e-01,-7.458149565590962426e-01,2.168527624355136574e-01
4.468750000000000222e-01,8.467731776954042777e-01,-2.985965808154361079e-01,1.775293368433635555e-01,7.076476781974981867e-01,-2.178377043625416287e-01,4.565852088823870170e-01,-7.413343628576047895e-01,2.159036008501679094e-01
4.500000000000000111e-01,8.458409295954151252e-01,-2.980424037963054218e-01,1.771441490156901999e-01,7.069675410363616130e-01,-2.174502022340959184e-01,4.542754979608315535e-01,-7.368859711870434648e-01,2.149591143833794182e-01
4.531250000000000000e-01,8.449104114196993587e-01,-2.974894286767917895e-01,1.767601201938870381e-01,7.062886136627301026e-01,-2.170634400786333462e-01,4.519796383023317321e-01,-7.324695093569413284e-01,2.140192763630471284e-01
4.562500000000000444e-01,8.439816194179711184e-01,-2.969376518433701762e-01,1.763772450280911563e-01,7.056108937668159609e-01,-2.166774162153519978e-01,4.496975305480043206e-01,-7.280847078077490320e-01,2.130840602957698726e-01
4.593750000000000333e-01,8.430545498512109770e-01,-2.963870696991791065e-01,1.759955182033815513e-01,7.049343790440755209e-01,-2.162921289686255688e-01,4.474290761772659053e-01,-7.237312995824926043e-01,2.121534398654488784e-01
4.625000000000000222e-01,8.421291989916135368e-01,-2.958376786639121403e-01,1.756149344394944412e-01,7.042590671951934889e-01,-2.159075766679802166e-01,4.451741774997435286e-01,-7.194090202987591942e-01,2.112273889319024323e-01
4.656250000000000111e-01,8.412055631225361374e-01,-2.952894751737098478e-01,1.752354884905412136e-01,7.035849559260667352e-01,-2.155237576480716344e-01,4.429327376472726452e-01,-7.151176081210152136e-01,2.103058815294933381e-01
4.687500000000000000e-01,8.402836385384477857e-01,-2.947424556810527840e-01,1.748571751447292877e-01,7.029120429477885290e-01,-2.151406702486623190e-01,4.407046605659808436e-01,-7.108568037332482215e-01,2.093888918657684506e-01
4.718750000000000444e-01,8.393634215448779745e-01,-2.941966166546555184e-01,1.744799892240853079e-01,7.022403259766322181e-01,-2.147583128145987286e-01,4.384898510084567769e-01,-7.066263503119313283e-01,2.084763943201103364e-01
4.750000000000000333e-01,8.384449084583661671e-01,-2.936519545793612740e-01,1.741039255841813072e-01,7.015698027340357967e-01,-2.143766836957889110e-01,4.362882145260030264e-01,-7.024259934993055676e-01,2.075683634424011770e-01
4.781250000000000222e-01,8.375280956064118376e-01,-2.931084659560375116e-01,1.737289791138629247e-01,7.009004709465856964e-01,-2.139957812471799947e-01,4.340996574609717884e-01,-6.982554813769740187e-01,2.066647739516981608e-01
4.812500000000000666e-01,8.366129793274241777e-01,-2.925661473014724567e-01,1.733551447349807595e-01,7.002323283460013537e-01,-2.136156038287359282e-01,4.319240869391826609e-01,-6.941145644398076797e-01,2.057656007349211169e-01
4.843750000000000555e-01,8.356995559706726917e-01,-2.920249951482723483e-01,1.729824174021238614e-01,6.995653726691196672e-01,-2.132361498054154703e-01,4.297614108624218665e-01,-6.900029955701553197e-01,2.048708188455515833e-01
4.875000000000000444e-01,8.347878218962380137e-01,-2.914850060447594648e-01,1.726107921023557756e-01,6.988996016578791215e-01,-2.128574175471500129e-01,4.276115379010207995e-01,-6.859205300123553117e-01,2.039804035023433937e-01
4.906250000000000333e-01,8.338777734749627246e-01,-2.909461765548711498e-01,1.722402638549531961e-01,6.982350130593044657e-01,-2.124794054288218770e-01,4.254743774865147876e-01,-6.818669253475458936e-01,2.030943300880448388e-01
4.937500000000000222e-01,8.329694070884029466e-01,-2.904085032580594472e-01,1.718708277111469229e-01,6.975716046254911706e-01,-2.121021118302424957e-01,4.233498398043791244e-01,-6.778419414687693045e-01,2.022125741481319572e-01
4.968750000000000111e-01,8.320627191287798263e-01,-2.898719827491918477e-01,1.715024787538653173e-01,6.969093741135902187e-01,-2.117255351361308213e-01,4.212378357868432066e-01,-6.738453405563659127e-01,2.013351113895534006e-01
5.000000000000000000e-01,8.311577059989314620e-01,-2.893366116384524234e-01,1.711352120974800883e-01,6.962483192857925607e-01,-2.113496737360918420e-01,4.191382771057806100e-01,-6.698768870536558895e-01,2.004619176794859015e-01
5.031250000000000444e-01,8.302543641122656082e-01,-2.888023865512439059e-01,1.707690228875545502e-01,6.955884379093142389e-01,-2.109745260245952936e-01,4.170510761656748833e-01,-6.659363476429037698e-01,1.995929690441011206e-01
5.062500000000000888e-01,8.293526898927118252e-01,-2.882693041280909307e-01,1.704039063005940990e-01,6.949297277563808439e-01,-2.106000904009544539e-01,4.149761460966602256e-01,-6.620234912215618994e-01,1.987282416673432084e-01
5.093750000000001332e-01,8.284526797746744053e-01,-2.877373610245433921e-01,1.700398575437991056e-01,6.942721866042126377e-01,-2.102263652693049656e-01,4.129134007476356616e-01,-6.581380888787911054e-01,1.978677118897172182e-01
5.125000000000000666e-01,8.275543302029859660e-01,-2.872065539110811860e-01,1.696768718548200550e-01,6.936158122350094546e-01,-2.098533490385839362e-01,4.108627546794523244e-01,-6.542799138722531493e-01,1.970113562070881230e-01
5.156250000000000000e-01,8.266576376328605980e-01,-2.866768794730191194e-01,1.693149445015149357e-01,6.929606024359356020e-01,-2.094810401225090379e-01,4.088241231581727364e-01,-6.504487416051726312e-01,1.961591512694902950e-01
5.187500000000000444e-01,8.257625985298475690e-01,-2.861483344104130966e-01,1.689540707817089316e-01,6.923065549991053169e-01,-2.091094369395579411e-01,4.067974221484012554e-01,-6.466443496036646810e-01,1.953110738799476997e-01
5.218750000000000888e-01,8.248692093697855832e-01,-2.856209154379669157e-01,1.685942460229563622e-01,6.916536677215673334e-01,-2.087385379129475527e-01,4.047825683066856306e-01,-6.428665174943252181e-01,1.944671009933042483e-01
5.250000000000000222e-01,8.239774666387572610e-01,-2.850946192849395655e-01,1.682354655823047329e-01,6.910019384052910052e-01,-2.083683414706136994e-01,4.027794789749873372e-01,-6.391150269820805585e-01,1.936272097150645299e-01
5.281249999999999556e-01,8.230873668330437321e-01,-2.845694426950533540e-01,1.678777248460610050e-01,6.903513648571503181e-01,-2.079988460451906440e-01,4.007880721742209662e-01,-6.353896618282922626e-01,1.927913773002444542e-01
5.312500000000000000e-01,8.221989064590792262e-01,-2.840453824264032034e-01,1.675210192295600031e-01,6.897019448889105675e-01,-2.076300500739909349e-01,3.988082665978618380e-01,-6.316902078291154465e-01,1.919595811522321616e-01
5.343750000000000444e-01,8.213120820334067762e-01,-2.835224352513658341e-01,1.671653441769350712e-01,6.890536763172128154e-01,-2.072619519989852832e-01,3.968399816056210616e-01,-6.280164527941067831e-01,1.911317988216590102e-01
5.374999999999999778e-01,8.204268900826335864e-01,-2.830005979565104468e-01,1.668106951608906707e-01,6.884065569635600124e-01,-2.068945502667826342e-01,3.948831372171863752e-01,-6.243681865250784169e-01,1.903080080052800549e-01
5.406249999999999112e-01,8.195433271433867350e-01,-2.824798673425097939e-01,1.664570676824771445e-01,6.877605846543018986e-01,-2.065278433286101833e-01,3.929376541060290995e-01,-6.207452007951953510e-01,1.894881865448644620e-01
5.437499999999999556e-01,8.186613897622689873e-01,-2.819602402240516392e-01,1.661044572708675338e-01,6.871157572206211261e-01,-2.061618296402936978e-01,3.910034535932762068e-01,-6.171472893283136418e-01,1.886723124260956397e-01
5.468750000000000000e-01,8.177810744958159406e-01,-2.814417134297514944e-01,1.657528594831365887e-01,6.864720724985187150e-01,-2.057965076622378653e-01,3.890804576416463378e-01,-6.135742477785560700e-01,1.878603637774809987e-01
5.500000000000000444e-01,8.169023779104517269e-01,-2.809242838020658550e-01,1.654022699040414990e-01,6.858295283287998423e-01,-2.054318758594068095e-01,3.871685888494491579e-01,-6.100258737101214024e-01,1.870523188692709282e-01
5.531250000000000888e-01,8.160252965824464910e-01,-2.804079481972057142e-01,1.650526841458049010e-01,6.851881225570594092e-01,-2.050679327013046060e-01,3.852677704446478835e-01,-6.065019665773263569e-01,1.862481561123873475e-01
5.562500000000000222e-01,8.151498270978732030e-01,-2.798927034850512419e-01,1.647040978478997997e-01,6.845478530336681633e-01,-2.047046766619560199e-01,3.833779262789833719e-01,-6.030023277048751629e-01,1.854478540573615830e-01
5.593749999999999556e-01,8.142759660525653587e-01,-2.793785465490670750e-01,1.643565066768362948e-01,6.839087176137584878e-01,-2.043421062198873539e-01,3.814989808221596057e-01,-5.995267602683554964e-01,1.846513913932811835e-01
5.625000000000000000e-01,8.134037100520743468e-01,-2.788654742862178293e-01,1.640099063259505552e-01,6.832707141572104126e-01,-2.039802198581073256e-01,3.796308591560899059e-01,-5.960750692749574586e-01,1.838587469467462265e-01
5.656250000000000444e-01,8.125330557116275942e-01,-2.783534836068849994e-01,1.636642925151953754e-01,6.826338405286374034e-01,-2.036190160640881652e-01,3.777734869692034314e-01,-5.926470615444127121e-01,1.830698996808343693e-01
5.687500000000000888e-01,8.116639996560868209e-01,-2.778425714347838582e-01,1.633196609909329799e-01,6.819980945973729280e-01,-2.032584933297467700e-01,3.759267905508098528e-01,-5.892425456901513314e-01,1.822848286940749185e-01
5.718750000000001332e-01,8.107965385199062958e-01,-2.773327347068813009e-01,1.629760075257294105e-01,6.813634742374559128e-01,-2.028986501514258578e-01,3.740906967855237020e-01,-5.858613321006732599e-01,1.815035132194317280e-01
5.750000000000000666e-01,8.099306689470919807e-01,-2.768239703733141877e-01,1.626333279181509384e-01,6.807299773276175303e-01,-2.025394850298755101e-01,3.722651331477457859e-01,-5.825032329211319304e-01,1.807259326232949770e-01
5.781250000000000000e-01,8.090663875911595637e-01,-2.763162753973085750e-01,1.622916179925623092e-01,6.800976017512673222e-01,-2.021809964702344642e-01,3.704500276962022776e-01,-5.791680620351279396e-01,1.799520664044813034e-01
5.812500000000000444e-01,8.082036911150949354e-01,-2.758096467550993358e-01,1.619508735989267922e-01,6.794663453964793209e-01,-2.018231829820117951e-01,3.686453090685401501e-01,-5.758556350467090024e-01,1.791818941932429299e-01
5.843750000000000888e-01,8.073425761913126664e-01,-2.753040814358503896e-01,1.616110906126080049e-01,6.788362061559786165e-01,-2.014660430790686796e-01,3.668509064759789551e-01,-5.725657692625756301e-01,1.784153957502851440e-01
5.875000000000000222e-01,8.064830395016162612e-01,-2.747995764415758768e-01,1.612722649341736814e-01,6.782071819271275892e-01,-2.011095752796000502e-01,3.650667496980172233e-01,-5.692982836744872044e-01,1.776525509657921054e-01
5.906249999999999556e-01,8.056250777371578575e-01,-2.742961287870613885e-01,1.609343924892009670e-01,6.775792706119125874e-01,-2.007537781061165538e-01,3.632927690771939888e-01,-5.660529989418684460e-01,1.768933398584610073e-01
5.937500000000000000e-01,8.047686875983984800e-01,-2.737937354997862505e-01,1.605974692280836558e-01,6.769524701169303826e-01,-2.003986500854265385e-01,3.615288955139042137e-01,-5.628297373746128374e-01,1.761377425745446756e-01
5.968750000000000444e-01,8.039138657950687383e-01,-2.732923936198464188e-01,1.602614911258411490e-01,6.763267783533748467e-01,-2.000441897486182341e-01,3.597750604612678371e-01,-5.596283229160808892e-01,1.753857393869023285e-01
6.000000000000000888e-01,8.030606090461291924e-01,-2.727921001998775408e-01,1.599264541819289676e-01,6.757021932370232964e-01,-1.996903956310418782e-01,3.580311959200515037e-01,-5.564485811262895876e-01,1.746373106940581899e-01
6.031250000000001332e-01,8.022089140797313833e-01,-2.722928523049791272e-01,1.595923544200512634e-01,6.750787126882238365e-01,-1.993372662722920630e-01,3.562972344336422514e-01,-5.532903391652929104e-01,1.738924370192683755e-01
6.062500000000000666e-01,8.013587776331791979e-01,-2.717946470126388903e-01,1.592591878879747735e-01,6.744563346318814823e-01,-1.989848002161901663e-01,3.545731090830734900e-01,-5.501534257767495273e-01,1.731510990095958269e-01
6.093750000000000000e-01,8.005101964528901215e-01,-2.712974814126579703e-01,1.589269506573443846e-01,6.738350569974450588e-01,-1.986329960107667825e-01,3.528587534821013283e-01,-5.470376712716752410e-01,1.724132774349926567e-01
6.125000000000000444e-01,7.996631672943564917e-01,-2.708013526070764954e-01,1.585956388235006398e-01,6.732148777188946553e-01,-1.982818522082444579e-01,3.511541017723319724e-01,-5.439429075123787261e-01,1.716789531873908481e-01
6.156250000000000888e-01,7.988176869221081944e-01,-2.703062577100999730e-01,1.582652485052986890e-01,6.725957947347277477e-01,-1.979313673650203165e-01,3.494590886183987499e-01,-5.408689678965790115e-01,1.709481072798003931e-01
6.187500000000000222e-01,7.979737521096742503e-01,-2.698121938480258497e-01,1.579357758449288496e-01,6.719778059879469856e-01,-1.975815400416488787e-01,3.477736492031885396e-01,-5.378156873416999328e-01,1.702207208454150911e-01
6.218749999999999556e-01,7.971313596395448453e-01,-2.693191581591710126e-01,1.576072170077387480e-01,6.713609094260463150e-01,-1.972323688028249922e-01,3.460977192231168287e-01,-5.347829022693417755e-01,1.694967751367259245e-01
6.250000000000000000e-01,7.962905063031345820e-01,-2.688271477937997922e-01,1.572795681820572111e-01,6.707451030009988768e-01,-1.968838522173668171e-01,3.444312348834514537e-01,-5.317704505899268907e-01,1.687762515246420403e-01
6.281250000000000444e-01,7.954511889007449543e-01,-2.683361599140522413e-01,1.569528255790195170e-01,6.701303846692437949e-01,-1.965359888581989511e-01,3.427741328936836918e-01,-5.287781716875185056e-01,1.680591314976191131e-01
6.312500000000000888e-01,7.946134042415269327e-01,-2.678461916938731369e-01,1.566269854323944222e-01,6.695167523916735197e-01,-1.961887773023356096e-01,3.411263504629465926e-01,-5.258059064048079545e-01,1.673453966607950927e-01
6.343750000000001332e-01,7.937771491434448823e-01,-2.673572403189417024e-01,1.563020439984124099e-01,6.689042041336206168e-01,-1.958422161308638887e-01,3.394878252954799946e-01,-5.228534970282706640e-01,1.666350287351330839e-01
6.375000000000000666e-01,7.929424204332397030e-01,-2.668693029866015531e-01,1.559779975555959097e-01,6.682927378648458872e-01,-1.954963039289271953e-01,3.378584955861419492e-01,-5.199207872734883384e-01,1.659280095565718594e-01
6.406250000000000000e-01,7.921092149463921928e-01,-2.663823769057912516e-01,1.556548424045904599e-01,6.676823515595247116e-01,-1.951510392857086773e-01,3.362383000159649415e-01,-5.170076222706347924e-01,1.652243210751828950e-01
6.437500000000000444e-01,7.912775295270872977e-01,-2.658964592969754737e-01,1.553325748679980078e-01,6.670730431962353935e-01,-1.948064207944148196e-01,3.346271777477582421e-01,-5.141138485501230981e-01,1.645239453543351771e-01
6.468750000000000888e-01,7.904473610281782525e-01,-2.654115473920767299e-01,1.550111912902110145e-01,6.664648107579461689e-01,-1.944624470522591242e-01,3.330250684217541113e-01,-5.112393140284144932e-01,1.638268645698665871e-01
6.500000000000000222e-01,7.896187063111506088e-01,-2.649276384344075308e-01,1.546906880372487247e-01,6.658576522320024393e-01,-1.941191166604458729e-01,3.314319121512986910e-01,-5.083838679939833849e-01,1.631330610092624478e-01
6.531249999999999556e-01,7.887915622460868192e-01,-2.644447296786028856e-01,1.543710614965941308e-01,6.652515656101148922e-01,-1.937764282241538627e-01,3.298476495185856949e-01,-5.055473610934393403e-01,1.624425170708407584e-01
6.562500000000000000e-01,7.879659257116309323e-01,-2.639628183905536329e-01,1.540523080770330455e-01,6.646465488883467332e-01,-1.934343803525204464e-01,3.282722215704340085e-01,-5.027296453178035085e-01,1.617552152629444517e-01
6.593750000000000444e-01,7.871417935949537314e-01,-2.634819018473400498e-01,1.537344242084942303e-01,6.640426000671015849e-01,-1.930929716586255729e-01,3.267055698141078102e-01,-4.999305739889373656e-01,1.610711382031404237e-01
6.625000000000000888e-01,7.863191627917177629e-01,-2.630019773371660707e-01,1.534174063418909384e-01,6.634397171511109415e-01,-1.927522007594758002e-01,3.251476362131783815e-01,-4.971500017461220056e-01,1.603902686174250580e-01
6.656250000000001332e-01,7.854980302060424746e-01,-2.625230421592940067e-01,1.531012509489640128e-01,6.628378981494220668e-01,-1.924120662759885581e-01,3.235983631834281615e-01,-4.943877845327857568e-01,1.597125893394365226e-01
6.687500000000000666e-01,7.846783927504700218e-01,-2.620450936239795969e-01,1.527859545221261772e-01,6.622371410753856713e-01,-1.920725668329764657e-01,3.220576935887957126e-01,-4.916437795833796254e-01,1.590380833096737556e-01
6.718750000000000000e-01,7.838602473459308495e-01,-2.615681290524076719e-01,1.524715135743079097e-01,6.616374439466441437e-01,-1.917337010591316504e-01,3.205255707373615981e-01,-4.889178454103970117e-01,1.583667335747216409e-01
6.750000000000000444e-01,7.830435909217098311e-01,-2.610921457766282594e-01,1.521579246388043705e-01,6.610388047851186721e-01,-1.913954675870101485e-01,3.190019383773745609e-01,-4.862098417915375337e-01,1.576985232864829001e-01
6.781250000000000888e-01,7.822284204154120735e-01,-2.606171411394932469e-01,1.518451842691239395e-01,6.604412216169982530e-01,-1.910578650530166400e-01,3.174867406933178926e-01,-4.835196297570128476e-01,1.570334357014163407e-01
6.812500000000000222e-01,7.814147327729298320e-01,-2.601431124945935425e-01,1.515332890388380593e-01,6.598446924727267016e-01,-1.907208920973889610e-01,3.159799223020147707e-01,-4.808470715769917470e-01,1.563714541797813773e-01
6.843749999999999556e-01,7.806025249484084272e-01,-2.596700572061962919e-01,1.512222355414320485e-01,6.592492153869913274e-01,-1.903845473641827546e-01,3.144814282487726209e-01,-4.781920307491837607e-01,1.557125621848887420e-01
6.875000000000000000e-01,7.797917939042130486e-01,-2.591979726491832059e-01,1.509120203901577195e-01,6.586547883987108332e-01,-1.900488295012563722e-01,3.129912040035666698e-01,-4.755543719865602537e-01,1.550567432823575509e-01
6.906250000000000444e-01,7.789825366108964477e-01,-2.587268562089888868e-01,1.506026402178869128e-01,6.580614095510233241e-01,-1.897137371602557743e-01,3.115091954572611344e-01,-4.729339612052099184e-01,1.544039811393785044e-01
6.937500000000000888e-01,7.781747500471648538e-01,-2.582567052815396003e-01,1.502940916769664736e-01,6.574690768912746508e-01,-1.893792689965994314e-01,3.100353489178681032e-01,-4.703306655123279945e-01,1.537542595239830834e-01
6.968750000000001332e-01,7.773684311998464436e-01,-2.577875172731929898e-01,1.499863714390743674e-01,6.568777884710066406e-01,-1.890454236694633638e-01,3.085696111068441660e-01,-4.677443531943371036e-01,1.531075623043189338e-01
7.000000000000000666e-01,7.765635770638580349e-01,-2.573192896006775698e-01,1.496794761950771824e-01,6.562875423459454405e-01,-1.887121998417663760e-01,3.071119291554236796e-01,-4.651748937051390920e-01,1.524638734479310254e-01
7.031250000000000000e-01,7.757601846421730007e-01,-2.568520196910331066e-01,1.493734026548887428e-01,6.556983365759895266e-01,-1.883795961801551511e-01,3.056622506009882834e-01,-4.626221576544946035e-01,1.518231770210489440e-01
7.062500000000000444e-01,7.749582509457894064e-01,-2.563857049815513323e-01,1.490681475473300821e-01,6.551101692251983799e-01,-1.880476113549895412e-01,3.042205233834732181e-01,-4.600860167965307723e-01,1.511854571878799014e-01
7.125000000000000222e-01,7.733587478128498560e-01,-2.554559309631520558e-01,1.484600796390941890e-01,6.539369420580841696e-01,-1.873854929139141812e-01,3.013607167105411544e-01,-4.550630133292343782e-01,1.499188844452360725e-01
7.187500000000000000e-01,7.717650439123017181e-01,-2.545299472466236446e-01,1.478552466738281002e-01,6.527678454398581076e-01,-1.867258339551291502e-01,2.985321005726924715e-01,-4.501048797944159352e-01,1.486640304666731471e-01
7.250000000000000888e-01,7.701771156177739108e-01,-2.536077336934206006e-01,1.472536231487441838e-01,6.516028640316139375e-01,-1.860686239737076031e-01,2.957342726229015839e-01,-4.452106302787546821e-01,1.474207720222714124e-01
7.312500000000000666e-01,7.685949394282657332e-01,-2.526892703234831505e-01,1.466551838505288918e-01,6.504419825599199179e-01,-1.854138525227495005e-01,2.929668366220200548e-01,-4.403792961178631393e-01,1.461889873838583820e-01
7.375000000000000444e-01,7.670184919671607648e-01,-2.517745373134408493e-01,1.460599038511410375e-01,6.492851858164571111e-01,-1.847615092129295811e-01,2.902294023320328709e-01,-4.356099255575348606e-01,1.449685563037411418e-01
7.437500000000000222e-01,7.654477499812538666e-01,-2.508635149948430509e-01,1.454677585036815712e-01,6.481324586576612257e-01,-1.841115837120504140e-01,2.875215854114095415e-01,-4.309015834223104968e-01,1.437593599937845024e-01
7.500000000000000000e-01,7.638826903397879509e-01,-2.499561838524141655e-01,1.448787234383339395e-01,6.469837860043667899e-01,-1.834640657446000578e-01,2.848430073125038375e-01,-4.262533507911890340e-01,1.425612811048284911e-01
7.562500000000000888e-01,7.623232900335025208e-01,-2.490525245223343676e-01,1.442927745583732768e-01,6.458391528414541005e-01,-1.828189450913145497e-01,2.821932951809588697e-01,-4.216643246803176148e-01,1.413742037064389667e-01
7.625000000000000666e-01,7.607695261736918679e-01,-2.481525177905453683e-01,1.437098880362433773e-01,6.446985442174995029e-01,-1.821762115887450295e-01,2.795720817570735428e-01,-4.171336177324979633e-01,1.401980132669854995e-01
7.687500000000000444e-01,7.592213759912744830e-01,-2.472561445910798905e-01,1.431300403096998630e-01,6.435619452444273358e-01,-1.815358551288294153e-01,2.769790052790888635e-01,-4.126603579133488742e-01,1.390325966340399122e-01
7.750000000000000222e-01,7.576788168358726816e-01,-2.463633860044155410e-01,1.425532080780186894e-01,6.424293410971655405e-01,-1.808978656584686040e-01,2.744137093883528555e-01,-4.082436882139720558e-01,1.378778420150907624e-01
7.812500000000000000e-01,7.561418261749023317e-01,-2.454742232558518589e-01,1.419793682982683769e-01,6.413007170133032675e-01,-1.802622331791072230e-01,2.718758430363239498e-01,-4.038827663599688922e-01,1.367336389585670220e-01
7.875000000000000888e-01,7.546103815926729075e-01,-2.445886377139107337e-01,1.414084981816449149e-01,6.401760582927510379e-01,-1.796289477463185735e-01,2.693650603933734899e-01,-3.995767645266615764e-01,1.355998783351657355e-01
7.937500000000000666e-01,7.530844607894973119e-01,-2.437066108887593063e-01,1.408405751898682556e-01,6.390553502974042344e-01,-1.789979994693942644e-01,2.668810207593491080e-01,-3.953248690603754500e-01,1.344764523194784123e-01
8.000000000000000444e-01,7.515640415808108044e-01,-2.428281244306552955e-01,1.402755770316387873e-01,6.379385784508080359e-01,-1.783693785109377872e-01,2.644233884758612763e-01,-3.911262802056412746e-01,1.333632543719103780e-01
8.062500000000000222e-01,7.500491018963012513e-01,-2.419531601284143629e-01,1.397134816591533990e-01,6.368257282378262385e-01,-1.777430750864625875e-01,2.619918328402572882e-01,-3.869802118381827638e-01,1.322601792208878968e-01
8.125000000000000000e-01,7.485396197790471495e-01,-2.410816999078989054e-01,1.391542672646791934e-01,6.357167852043109635e-01,-1.771190794639940502e-01,2.595860280212456406e-01,-3.828858912035550399e-01,1.311671228453482885e-01
8.187500000000000888e-01,7.470355733846659740e-01,-2.402137258305282463e-01,1.385979122771844319e-01,6.346117349567763632e-01,-1.764973819636758978e-01,2.572056529761369559e-01,-3.788425586613044516e-01,1.300839824575072690e-01
8.250000000000000666e-01,7.455369409804715186e-01,-2.393492200918096169e-01,1.380443953590251849e-01,6.335105631620735478e-01,-1.758779729573805295e-01,2.548503913696673617e-01,-3.748494674345239086e-01,1.290106564858993776e-01
8.312500000000000444e-01,7.440437009446405625e-01,-2.384881650198896752e-01,1.374936954026869107e-01,6.324132555470692862e-01,-1.752608428683231911e-01,2.525199314943696316e-01,-3.709058833646783349e-01,1.279470445586858296e-01
8.375000000000000222e-01,7.425558317653879747e-01,-2.376305430741262326e-01,1.369457915275797966e-01,6.313197978983251524e-01,-1.746459821706804472e-01,2.502139661924614455e-01,-3.670110846715824993e-01,1.268930474872255465e-01
8.437500000000000000e-01,7.410733120401515883e-01,-2.367763368436799076e-01,1.364006630768868078e-01,6.302301760617814441e-01,-1.740333813892122883e-01,2.479321927792174640e-01,-3.631643617184114881e-01,1.258485672499045915e-01
8.500000000000000888e-01,7.395961204747845130e-01,-2.359255290461251542e-01,1.358582896144637786e-01,6.291443759424411031e-01,-1.734230310988882362e-01,2.456743129677949888e-01,-3.593650167816300756e-01,1.248135069762193322e-01
8.562500000000000666e-01,7.381242358827577732e-01,-2.350781025260807455e-01,1.353186509217902400e-01,6.280623835040580749e-01,-1.728149219245172230e-01,2.434400327954822918e-01,-3.556123638257294717e-01,1.237877709311088203e-01
8.625000000000000444e-01,7.366576371843697180e-01,-2.342340402538589383e-01,1.347817269949699304e-01,6.269841847688258918e-01,-1.722090445403812176e-01,2.412290625513399678e-01,-3.519057282826615896e-01,1.227712644995321012e-01
8.687500000000000222e-01,7.351963034059649793e-01,-2.333933253241333439e-01,1.342474980417806829e-01,6.259097658170708067e-01,-1.716053896698725156e-01,2.390411167052067798e-01,-3.482444468358650846e-01,1.217638941712860523e-01
8.750000000000000000e-01,7.337402136791614238e-01,-2.325559409546250345e-01,1.337159444787721363e-01,6.248391127869447059e-01,-1.710039480851348603e-01,2.368759138380409357e-01,-3.446278672087791373e-01,1.207655675260595890e-01
8.812500000000000888e-01,7.322893472400849868e-01,-2.317218704848066357e-01,1.331870469284106850e-01,6.237722118741225730e-01,-1.704047106067079487e-01,2.347331765735696241e-01,-3.410553479577434488e-01,1.197761932187199618e-01
8.875000000000000666e-01,7.308436834286125006e-01,-2.308910973746243211e-01,1.326607862162707263e-01,6.227090493315006192e-01,-1.698076681031756296e-01,2.326126315112194420e-01,-3.375262582691859747e-01,1.187956809648272605e-01
8.937500000000000444e-01,7.294032016876231816e-01,-2.300636052032367929e-01,1.321371433682714813e-01,6.216496114688970787e-01,-1.692128114908177383e-01,2.305140091603009589e-01,-3.340399777610015275e-01,1.178239415263728357e-01
9.000000000000000222e-01,7.279678815622573351e-01,-2.292393776677718320e-01,1.316160996079582257e-01,6.205938846527553343e-01,-1.686201317332651217e-01,2.284370438754222965e-01,-3.305958962880274354e-01,1.168608866977381699e-01
9.062500000000000000e-01,7.265377026991823861e-01,-2.284183985820994744e-01,1.310976363538276512e-01,6.195418553058489319e-01,-1.680296198411583009e-01,2.263814737931055254e-01,-3.271934137515244423e-01,1.159064292918698252e-01
9.125000000000000888e-01,7.251126448458676821e-01,-2.276006518756217012e-01,1.305817352166958878e-01,6.184935099069891473e-01,-1.674412668718096020e-01,2.243470407695816460e-01,-3.238319399125727527e-01,1.149604831266672345e-01
9.187500000000000666e-01,7.236926878498658455e-01,-2.267861215920787821e-01,1.300683779971091580e-01,6.174488349907336637e-01,-1.668550639288683413e-01,2.223334903197401180e-01,-3.205108942092966817e-01,1.140229630115792564e-01
9.250000000000000444e-01,7.222778116581017871e-01,-2.259747918883712181e-01,1.295575466827953715e-01,6.164078171470988021e-01,-1.662710021619896172e-01,2.203405715572084034e-01,-3.172297055778310892e-01,1.130937847344059555e-01
9.312500000000000222e-01,7.208679963161692683e-01,-2.251666470333978376e-01,1.290492234461569632e-01,6.153704430212723064e-01,-1.656890727665061569e-01,2.183680371355395389e-01,-3.139878122769476088e-01,1.121728650483022616e-01
9.375000000000000000e-01,7.194632219676344587e-01,-2.243616714069092688e-01,1.285433906418033956e-01,6.143366993133294596e-01,-1.651092669831034643e-01,2.164156431904842304e-01,-3.107846617162589586e-01,1.112601216589797770e-01
9.437500000000000888e-01,7.180634688533465981e-01,-2.235598494983767892e-01,1.280400308041228785e-01,6.133065727779503096e-01,-1.645315760974981889e-01,2.144831492833259301e-01,-3.076197102879213441e-01,1.103554732121033721e-01
9.500000000000000666e-01,7.166687173107556541e-01,-2.227611659058761628e-01,1.275391266448928640e-01,6.122800502241391163e-01,-1.639559914401196306e-01,2.125703183452570255e-01,-3.044924232017583443e-01,1.094588392808794747e-01
9.562500000000000444e-01,7.152789477732373058e-01,-2.219656053349863267e-01,1.270406610509280665e-01,6.112571185149463515e-01,-1.633825043857941306e-01,2.106769166227746570e-01,-3.014022743237297353e-01,1.085701403538321813e-01
9.625000000000000222e-01,7.138941407694241459e-01,-2.211731525977026769e-01,1.265446170817660365e-01,6.102377645671914763e-01,-1.628111063534328773e-01,2.088027136240763193e-01,-2.983487460176724726e-01,1.076892978227647346e-01
9.687500000000000000e-01,7.125142769225439876e-01,-2.203837926113647316e-01,1.260509779673887609e-01,6.092219753511891600e-01,-1.622417888057225699e-01,2.069474820664342907e-01,-2.953313289902404493e-01,1.068162339709025355e-01
9.750000000000000888e-01,7.111393369497648331e-01,-2.195975103975977005e-01,1.255597271059805120e-01,6.082097378904761653e-01,-1.616745432488188583e-01,2.051109978245293508e-01,-2.923495221389740273e-01,1.059508719612149291e-01
9.812500000000000666e-01,7.097693016615465034e-01,-2.188142910812684583e-01,1.250708480617206964e-01,6.072010392615406760e-01,-1.611093612320432245e-01,2.032930398797247462e-01,-2.894028324034292332e-01,1.050931358249127673e-01
9.875000000000000444e-01,7.084041519609983739e-01,-2.180341198894545085e-01,1.245843245626112872e-01,6.061958665935536228e-01,-1.605462343475822506e-01,2.014933902702607249e-01,-2.864907746193008364e-01,1.042429504501184434e-01
9.937500000000000222e-01,7.070438688432437724e-01,-2.172569821504271026e-01,1.241001404983382850e-01,6.051942070681015640e-01,-1.599851542301901075e-01,1.997118340423520433e-01,-2.836128713754724195e-01,1.034002415707058059e-01
1.000000000000000000e+00,7.056884333947907040e-01,-2.164828632926470708e-01,1.236182799181664155e-01,6.041960479189213418e-01,-1.594261125568938453e-01,1.979481592021698211e-01,-2.807686528739310461e-01,1.025649357553068963e-01
1.006250000000000089e+00,7.043378267929090164e-01,-2.157117488437741704e-01,1.231387270288666902e-01,6.032013764316375148e-01,-1.588691010467012388e-01,1.962021566686899532e-01,-2.779576567924825214e-01,1.017369603964827368e-01
1.012499999999999956e+00,7.029920303050128938e-01,-2.149436244296889231e-01,1.226614661926761635e-01,6.022101799435000125e-01,-1.583141114603118238e-01,1.944736202273913139e-01,-2.751794281502076278e-01,1.009162437000555024e-01
1.018750000000000044e+00,7.016510252880505671e-01,-2.141784757735272215e-01,1.221864819252891227e-01,6.012224458431248975e-01,-1.577611355998302933e-01,1.927623464847859625e-01,-2.724335191755979380e-01,1.001027146745989554e-01
1.025000000000000133e+00,7.003147931878992427e-01,-2.134162886947274795e-01,1.217137588938795728e-01,6.002381615702365725e-01,-1.572101653084828077e-01,1.910681348237658617e-01,-2.697194891773158076e-01,9.929630312108515822e-02
1.031250000000000000e+00,6.989833155387660257e-01,-2.126570491080901071e-01,1.212432819151540997e-01,5.992573146154115404e-01,-1.566611924703359970e-01,1.893907873597488190e-01,-2.670369044175186501e-01,9.849693962268429859e-02
1.037500000000000089e+00,6.976565739625949503e-01,-2.119007430228486144e-01,1.207750359534346396e-01,5.982798925198237194e-01,-1.561142090100182678e-01,1.877301088976083554e-01,-2.643853379876939247e-01,9.770455553471503463e-02
1.043750000000000178e+00,6.963345501684797823e-01,-2.111473565417532616e-01,1.203090061187708504e-01,5.973058828749923110e-01,-1.555692068924443838e-01,1.860859068893722379e-01,-2.617643696869507153e-01,9.691908297474347012e-02
1.050000000000000044e+00,6.950172259520820406e-01,-2.103968758601659494e-01,1.198451776650813483e-01,5.963352733225306679e-01,-1.550261781225418800e-01,1.844579913926738257e-01,-2.591735859027137212e-01,9.614045481282748606e-02
1.056249999999999911e+00,6.937045831950552355e-01,-2.096492872651666839e-01,1.193835359883232694e-01,5.953680515538967155e-01,-1.544851147449805562e-01,1.828461750299416322e-01,-2.566125794937684779e-01,9.536860466190452690e-02
1.062500000000000000e+00,6.923966038644742138e-01,-2.089045771346715874e-01,1.189240666246898920e-01,5.944042053101458167e-01,-1.539460088439041918e-01,1.812502729483129460e-01,-2.540809496756081809e-01,9.460346686832024621e-02
1.068750000000000089e+00,6.910932700122703887e-01,-2.081627319365620399e-01,1.184667552488357367e-01,5.934437223816848572e-01,-1.534088525426649530e-01,1.796701027802569128e-01,-2.515783019080319316e-01,9.384497650249588874e-02
1.074999999999999956e+00,6.897945637746719649e-01,-2.074237382278246444e-01,1.180115876721284790e-01,5.924865906080281075e-01,-1.528736380035601028e-01,1.781054846048929496e-01,-2.491042477849456371e-01,9.309306934973178571e-02
1.081250000000000044e+00,6.885004673716497159e-01,-2.066875826537022121e-01,1.175585498409273816e-01,5.915327978775538620e-01,-1.523403574275711547e-01,1.765562409099913632e-01,-2.466584049263193523e-01,9.234768190114486797e-02
1.087500000000000133e+00,6.872109631063680890e-01,-2.059542519468553767e-01,1.171076278348879840e-01,5.905823321272647419e-01,-1.518090030541055235e-01,1.750221965546426284e-01,-2.442403968722558494e-01,9.160875134473819847e-02
1.093750000000000000e+00,6.859260333646411967e-01,-2.052237329265348131e-01,1.166588078652921329e-01,5.896351813425473321e-01,-1.512795671607405357e-01,1.735031787325822528e-01,-2.418498529791231200e-01,9.087621555660005401e-02
1.100000000000000089e+00,6.846456606143946910e-01,-2.044960124977634741e-01,1.162120762734032003e-01,5.886913335569347039e-01,-1.507520420629695213e-01,1.719990169361582111e-01,-2.394864083177087322e-01,9.015001309223034942e-02
1.106250000000000178e+00,6.833698274051316357e-01,-2.037710776505296251e-01,1.157674195288462132e-01,5.877507768518702713e-01,-1.502264201139507094e-01,1.705095429209291802e-01,-2.371497035733531877e-01,8.943008317799290563e-02
1.112500000000000044e+00,6.820985163674042617e-01,-2.030489154589893430e-01,1.153248242280120739e-01,5.868134993564732005e-01,-1.497026937042579275e-01,1.690345906708805301e-01,-2.348393849480190365e-01,8.871636570269077204e-02
1.118749999999999911e+00,6.808317102122906084e-01,-2.023295130806792019e-01,1.148842770924857065e-01,5.858794892473054849e-01,-1.491808552616338268e-01,1.675739963642464136e-01,-2.325551040642557521e-01,8.800880120926293793e-02
1.125000000000000000e+00,6.795693917308750498e-01,-2.016128577557385892e-01,1.144457649674976984e-01,5.849487347481399091e-01,-1.486608972507452719e-01,1.661275983399264078e-01,-2.302965178710203731e-01,8.730733088660054542e-02
1.131250000000000089e+00,6.783115437937354830e-01,-2.008989368061419867e-01,1.140092748203991035e-01,5.840212241297304541e-01,-1.481428121729410075e-01,1.646952370644852170e-01,-2.280632885513145247e-01,8.661189656148061966e-02
1.137499999999999956e+00,6.770581493504336246e-01,-2.001877376349400772e-01,1.135747937391586998e-01,5.830969457095835917e-01,-1.476265925660113498e-01,1.632767550997237527e-01,-2.258550834315991851e-01,8.592244069061508172e-02
1.143750000000000044e+00,6.758091914290103031e-01,-1.994792477255107055e-01,1.131423089308827290e-01,5.821758878517315772e-01,-1.471122310039502112e-01,1.618719970708108746e-01,-2.236715748929505032e-01,8.523890635281354544e-02
1.150000000000000133e+00,6.745646531354866360e-01,-1.987734546408188030e-01,1.127118077203564939e-01,5.812580389665064073e-01,-1.465997200967191216e-01,1.604808096349655822e-01,-2.215124402839200868e-01,8.456123724125809427e-02
1.156250000000000000e+00,6.733245176533682042e-01,-1.980703460226854451e-01,1.122832775486074935e-01,5.803433875103162221e-01,-1.460890524900134713e-01,1.591030414506780233e-01,-2.193773618350636778e-01,8.388937765588783124e-02
1.162500000000000089e+00,6.720887682431545551e-01,-1.973699095910655954e-01,1.118567059714896811e-01,5.794319219854223713e-01,-1.455802208650306406e-01,1.577385431474597755e-01,-2.172660265751030217e-01,8.322327249589173137e-02
1.168750000000000178e+00,6.708573882418534806e-01,-1.966721331433350373e-01,1.114320806582886764e-01,5.785236309397184806e-01,-1.450732179382405729e-01,1.563871672961133219e-01,-2.151781262486884561e-01,8.256286725230815859e-02
1.175000000000000044e+00,6.696303610624987357e-01,-1.959770045535856320e-01,1.110093893903473516e-01,5.776185029665105164e-01,-1.445680364611578728e-01,1.550487683795103155e-01,-2.131133572357266637e-01,8.190810800072900744e-02
1.181249999999999911e+00,6.684076701936733089e-01,-1.952845117719291534e-01,1.105886200597114843e-01,5.767165267042986265e-01,-1.440646692201163204e-01,1.537232027638691378e-01,-2.110714204722425602e-01,8.125894139410690109e-02
1.187500000000000000e+00,6.671892991990362454e-01,-1.945946428238096160e-01,1.101697606677953800e-01,5.758176908365600921e-01,-1.435631090360451889e-01,1.524103286705227878e-01,-2.090520213727428689e-01,8.061531465566405819e-02
1.193750000000000089e+00,6.659752317168536884e-01,-1.939073858093239011e-01,1.097527993240668270e-01,5.749219840915337221e-01,-1.430633487642476442e-01,1.511100061481671086e-01,-2.070548697540507965e-01,7.997717557190084370e-02
1.200000000000000178e+00,6.647654514595349173e-01,-1.932227289025504058e-01,1.093377242447511610e-01,5.740293952420062462e-01,-1.425653812941808929e-01,1.498220970455805268e-01,-2.050796797605801691e-01,7.934447248570261624e-02
1.206250000000000266e+00,6.635599422131716052e-01,-1.925406603508857950e-01,1.089245237515543002e-01,5.731399131050987084e-01,-1.420691995492384674e-01,1.485464649848063923e-01,-2.031261697910206054e-01,7.871715428954323412e-02
1.212500000000000133e+00,6.623586878370818498e-01,-1.918611684743898316e-01,1.085131862704040440e-01,5.722535265420557460e-01,-1.415747964865343433e-01,1.472829753347893733e-01,-2.011940624264039468e-01,7.809517041878370758e-02
1.218750000000000000e+00,6.611616722633578691e-01,-1.911842416651376164e-01,1.081037003302098148e-01,5.713702244580348699e-01,-1.410821650966887775e-01,1.460314951854569943e-01,-1.992830843595234103e-01,7.747847084506452597e-02
1.225000000000000089e+00,6.599688794964181371e-01,-1.905098683865800446e-01,1.076960545616400533e-01,5.704899958018984085e-01,-1.405912984036161995e-01,1.447918933222381854e-01,-1.973929663256779599e-01,7.686700606979007810e-02
1.231250000000000178e+00,6.587802936125631836e-01,-1.898380371729114502e-01,1.072902376959175008e-01,5.696128295660054519e-01,-1.401021894643150467e-01,1.435640402010108785e-01,-1.955234430347148611e-01,7.626072711770387480e-02
1.237500000000000044e+00,6.575958987595352800e-01,-1.891687366284449390e-01,1.068862385636314971e-01,5.687387147860063497e-01,-1.396148313686589315e-01,1.423478079234699045e-01,-1.936742531043431359e-01,7.565958553055293634e-02
1.243749999999999911e+00,6.564156791560823434e-01,-1.885019554269948827e-01,1.064840460935674304e-01,5.678676405406372085e-01,-1.391292172391902227e-01,1.411430702129080894e-01,-1.918451389946922159e-01,7.506353336084006789e-02
1.250000000000000000e+00,6.552396190915251717e-01,-1.878376823112669070e-01,1.060836493115529383e-01,5.669995959515168327e-01,-1.386453402309148208e-01,1.399497023904023862e-01,-1.900358469440908971e-01,7.447252316566263519e-02
1.256250000000000089e+00,6.540677029253292307e-01,-1.871759060922549844e-01,1.056850373393206366e-01,5.661345701829442190e-01,-1.381631935310992376e-01,1.387675813513978840e-01,-1.882461269060411446e-01,7.388650800063652213e-02
1.262500000000000178e+00,6.528999150866791057e-01,-1.865166156486453841e-01,1.052881993933868637e-01,5.652725524416979397e-01,-1.376827703590689511e-01,1.375965855426816709e-01,-1.864757324873622668e-01,7.330544141390374357e-02
1.268750000000000266e+00,6.517362400740577266e-01,-1.858597999262279754e-01,1.048931247839464814e-01,5.644135319768357473e-01,-1.372040639660087602e-01,1.364365949397400024e-01,-1.847244208874822546e-01,7.272927744022272822e-02
1.275000000000000133e+00,6.505766624548288135e-01,-1.852054479373138607e-01,1.044998029137833989e-01,5.635574980794967326e-01,-1.367270676347646929e-01,1.352874910244913076e-01,-1.829919528388526395e-01,7.215797059513960610e-02
1.281250000000000000e+00,6.494211668648225411e-01,-1.845535487601602798e-01,1.041082232771963351e-01,5.627044400827037052e-01,-1.362517746796476914e-01,1.341491567633880111e-01,-1.812780925484639982e-01,7.159147586923951534e-02
1.287500000000000089e+00,6.482697380079254224e-01,-1.839040915384018149e-01,1.037183754589399154e-01,5.618543473611669059e-01,-1.357781784462388508e-01,1.330214765858806492e-01,-1.795826076404403171e-01,7.102974872247670712e-02
1.293750000000000178e+00,6.471223606556734120e-01,-1.832570654804884791e-01,1.033302491331806738e-01,5.610072093310900510e-01,-1.353062723111964349e-01,1.319043363632375898e-01,-1.779052690996901498e-01,7.047274507858193593e-02
1.300000000000000044e+00,6.459790196468486734e-01,-1.826124598591299664e-01,1.029438340624676124e-01,5.601630154499757097e-01,-1.348360496820644461e-01,1.307976233877133077e-01,-1.762458512165930580e-01,6.992042131954628870e-02
1.306249999999999911e+00,6.448396998870794539e-01,-1.819702640107464797e-01,1.025591200967172489e-01,5.593217552164333473e-01,-1.343675039970827767e-01,1.297012263520594677e-01,-1.746041315327006849e-01,6.937273428017992627e-02
1.312500000000000000e+00,6.437043863484436246e-01,-1.813304673349258045e-01,1.021760971722130151e-01,5.584834181699879219e-01,-1.339006287249988880e-01,1.286150353293721293e-01,-1.729798907874324498e-01,6.882964124274489059e-02
1.318750000000000089e+00,6.425730640690757722e-01,-1.806930592938867375e-01,1.017947553106184344e-01,5.576479938908901479e-01,-1.334354173648813202e-01,1.275389417532693248e-01,-1.713729128657454359e-01,6.829109993166079806e-02
1.325000000000000178e+00,6.414457181527771779e-01,-1.800580294119482616e-01,1.014150846180041504e-01,5.568154719999270919e-01,-1.329718634459344795e-01,1.264728383983922122e-01,-1.697829847467588749e-01,6.775706850828194794e-02
1.331250000000000266e+00,6.403223337686295702e-01,-1.794253672750052708e-01,1.010370752838885139e-01,5.559858421582345445e-01,-1.325099605273150627e-01,1.254166193612248348e-01,-1.682098964533147167e-01,6.722750556574517977e-02
1.337500000000000133e+00,6.392028961506116547e-01,-1.787950625300098462e-01,1.006607175802914367e-01,5.551590940671106145e-01,-1.320497021979501195e-01,1.243701800412260750e-01,-1.666534410024551605e-01,6.670237012388730014e-02
1.343750000000000000e+00,6.380873905972191951e-01,-1.781671048844584437e-01,1.002860018608013049e-01,5.543352174678298772e-01,-1.315910820763563360e-01,1.233334171222682102e-01,-1.651134143567987711e-01,6.618162162423066319e-02
1.350000000000000089e+00,6.369758024710882038e-01,-1.775414841058851889e-01,9.991291855965492297e-02,5.535142021414592994e-01,-1.311340938104610943e-01,1.223062285543767835e-01,-1.635896153767979200e-01,6.566521992503648875e-02
1.356250000000000178e+00,6.358681171986214631e-01,-1.769181900213605829e-01,9.954145819083007329e-02,5.526960379086748310e-01,-1.306787310774249755e-01,1.212885135357661404e-01,-1.620818457738594787e-01,6.515312529642429407e-02
1.362500000000000044e+00,6.347643202696177100e-01,-1.762972125169958715e-01,9.917161134715053727e-02,5.518807146295792165e-01,-1.302249875834654569e-01,1.202801724951652051e-01,-1.605899100643118083e-01,6.464529841555681500e-02
1.368749999999999911e+00,6.336643972369040423e-01,-1.756785415374530479e-01,9.880336869940339883e-02,5.510682222035211408e-01,-1.297728570636823564e-01,1.192811070744283219e-01,-1.591136155242012240e-01,6.414170036188915347e-02
1.375000000000000000e+00,6.325683337159720976e-01,-1.750621670854603518e-01,9.843672099546853238e-02,5.502585505689149281e-01,-1.293223332818844995e-01,1.182912201114262596e-01,-1.576527721449018093e-01,6.364229261248141589e-02
1.381250000000000089e+00,6.314761153846160102e-01,-1.744480792213330411e-01,9.807165905945995632e-02,5.494516897030617963e-01,-1.288734100304180230e-01,1.173104156232120526e-01,-1.562071925895225366e-01,6.314703703737387097e-02
1.387500000000000178e+00,6.303877279825743640e-01,-1.738362680624997436e-01,9.770817379087880228e-02,5.486476296219724436e-01,-1.284260811299957616e-01,1.163385987894568485e-01,-1.547766921500953186e-01,6.265589589502333634e-02
1.393750000000000266e+00,6.293031573111742549e-01,-1.732267237830336926e-01,9.734625616377802493e-02,5.478463603801894122e-01,-1.279803404295282998e-01,1.153756759361508483e-01,-1.533610887055296412e-01,6.216883182780033601e-02
1.400000000000000133e+00,6.282223892329795722e-01,-1.726194366131895419e-01,9.698589722593824181e-02,5.470478720706122289e-01,-1.275361818059562447e-01,1.144215545195648581e-01,-1.519602026803180128e-01,6.168580785754586987e-02
1.406250000000000000e+00,6.271454096714400572e-01,-1.720143968389450106e-01,9.662708809805485577e-02,5.462521548243222114e-01,-1.270935991640838314e-01,1.134761431104674145e-01,-1.505738570039776292e-01,6.120678738118680989e-02
1.412500000000000089e+00,6.260722046105456906e-01,-1.714115948015476343e-01,9.626981997293622417e-02,5.454591988104089406e-01,-1.266525864364140275e-01,1.125393513785932775e-01,-1.492018770712142117e-01,6.073173416640934713e-02
1.418750000000000178e+00,6.250027600944818573e-01,-1.708110208970667065e-01,9.591408411471256945e-02,5.446689942357980652e-01,-1.262131375829847468e-01,1.116110900773587405e-01,-1.478440907027936402e-01,6.026061234738936540e-02
1.425000000000000044e+00,6.239370622272883971e-01,-1.702126655759498564e-01,9.555987185805556172e-02,5.438815313450788835e-01,-1.257752465912066464e-01,1.106912710288191493e-01,-1.465003281071074193e-01,5.979338642057894365e-02
1.431249999999999911e+00,6.228750971725209862e-01,-1.696165193425845097e-01,9.520717460740843463e-02,5.430968004203347022e-01,-1.253389074757017829e-01,1.097798071088644523e-01,-1.451704218424186288e-01,5.933002124054818915e-02
1.437500000000000000e+00,6.218168511529156284e-01,-1.690225727548642920e-01,9.485598383622632912e-02,5.423147917809726382e-01,-1.249041142781441155e-01,1.088766122326489255e-01,-1.438542067797754509e-01,5.887048201588155477e-02
1.443750000000000089e+00,6.207623104500551436e-01,-1.684308164237600658e-01,9.450629108622701779e-02,5.415354957835549765e-01,-1.244708610671008131e-01,1.079816013402503799e-01,-1.425515200665788684e-01,5.841473430512796744e-02
1.450000000000000178e+00,6.197114614040393210e-01,-1.678412410128955201e-01,9.415808796665138536e-02,5.407589028216323035e-01,-1.240391419378750609e-01,1.070946903825551605e-01,-1.412622010907919334e-01,5.796274401280364363e-02
1.456250000000000266e+00,6.186642904131565146e-01,-1.672538372381275340e-01,9.381136615353391495e-02,5.399850033255760851e-01,-1.236089510123500324e-01,1.062157963073647876e-01,-1.399860914457782823e-01,5.751447738544713389e-02
1.462500000000000133e+00,6.176207839335593475e-01,-1.666685958671308421e-01,9.346611738898286115e-02,5.392137877624135767e-01,-1.231802824388341239e-01,1.053448370457205213e-01,-1.387230348957581016e-01,5.706990100772571517e-02
1.468750000000000000e+00,6.165809284789409705e-01,-1.660855077189874740e-01,9.312233348046998482e-02,5.384452466356626221e-01,-1.227531303919073280e-01,1.044817314984418377e-01,-1.374728773418686378e-01,5.662898179859224973e-02
1.475000000000000089e+00,6.155447106202160956e-01,-1.655045636637801632e-01,9.278000630012958605e-02,5.376793704851684508e-01,-1.223274890722689662e-01,1.036263995228751816e-01,-1.362354667888189541e-01,5.619168700749201106e-02
1.481250000000000178e+00,6.145121169852030274e-01,-1.649257546221907511e-01,9.243912778406704334e-02,5.369161498869406968e-01,-1.219033527065864486e-01,1.027787619198494568e-01,-1.350106533121264440e-01,5.575798421061856774e-02
1.487500000000000044e+00,6.134831342583086933e-01,-1.643490715651021172e-01,9.209968993167619300e-02,5.361555754529916396e-01,-1.214807155473453942e-01,1.019387404208342979e-01,-1.337982890259244717e-01,5.532784130721802446e-02
1.493749999999999911e+00,6.124577491802160045e-01,-1.637745055132050209e-01,9.176168480496588176e-02,5.353976378311748885e-01,-1.210595718727006803e-01,1.011062576752977671e-01,-1.325982280513298139e-01,5.490122651594089159e-02
1.500000000000000000e+00,6.114359485475743261e-01,-1.632020475366086354e-01,9.142510452789530395e-02,5.346423277050261769e-01,-1.206399159863288523e-01,1.002812372382602402e-01,-1.314103264853598851e-01,5.447810837124104216e-02
1.506250000000000089e+00,6.104177192126908347e-01,-1.626316887544555501e-01,9.108994128571805404e-02,5.338896357936036008e-01,-1.202217422172816852e-01,9.946360355804075015e-02,-1.302344423703884202e-01,5.405845571982091646e-02
1.512500000000000178e+00,6.094030480832264285e-01,-1.620634203345406865e-01,9.075618732433476943e-02,5.331395528513297455e-01,-1.198050449198407169e-01,9.865328196419256845e-02,-1.290704356641299844e-01,5.364223771712228056e-02
1.518750000000000266e+00,6.083919221218917484e-01,-1.614972334929342113e-01,9.042383494965419710e-02,5.323920696678348108e-01,-1.193898184733730161e-01,9.785019865562472052e-02,-1.279181682101429018e-01,5.322942382386201821e-02
1.525000000000000133e+00,6.073843283461474174e-01,-1.609331194936084730e-01,9.009287652696260085e-02,5.316471770677996256e-01,-1.189760572821880746e-01,9.705428068890641080e-02,-1.267775037088408885e-01,5.281998380261218595e-02
1.531250000000000000e+00,6.063802538279053911e-01,-1.603710696480688536e-01,8.976330448030135634e-02,5.309048659108005497e-01,-1.185637557753957405e-01,9.626545596675080418e-02,-1.256483076890036188e-01,5.241388771442369310e-02
1.537500000000000089e+00,6.053796856932330828e-01,-1.598110753149884211e-01,8.943511129185266473e-02,5.301651270911548197e-01,-1.181529084067652613e-01,9.548365322667565214e-02,-1.245304474797770955e-01,5.201110591549307910e-02
1.543750000000000178e+00,6.043826111220597097e-01,-1.592531278998466082e-01,8.910828950133310722e-02,5.294279515377671164e-01,-1.177435096545854792e-01,9.470880202983718299e-02,-1.234237921831542739e-01,5.161160905387165987e-02
1.550000000000000044e+00,6.033890173478850816e-01,-1.586972188545712759e-01,8.878283170539517932e-02,5.286933302139764645e-01,-1.173355540215259424e-01,9.394083275003463351e-02,-1.223282126469268372e-01,5.121536806621647397e-02
1.556249999999999911e+00,6.023988916574901653e-01,-1.581433396771848854e-01,8.845873055703641630e-02,5.279612541174042439e-01,-1.169290360344992230e-01,9.317967656288218825e-02,-1.212435814380993654e-01,5.082235417458237647e-02
1.562500000000000000e+00,6.014122213906499814e-01,-1.575914819114540844e-01,8.813597876501612360e-02,5.272317142798034206e-01,-1.165239502445241798e-01,9.242526543514587023e-02,-1.201697728167573503e-01,5.043253888325477385e-02
1.568750000000000089e+00,6.004289939398491649e-01,-1.570416371465429839e-01,8.781456909327975402e-02,5.265047017669080009e-01,-1.161202912265903026e-01,9.167753211424239934e-02,-1.191066627103803399e-01,5.004589397562242414e-02
1.575000000000000178e+00,5.994491967499989693e-01,-1.564937970166701553e-01,8.749449436039037631e-02,5.257802076782837064e-01,-1.157180535795231252e-01,9.093641011789692363e-02,-1.180541286885917474e-01,4.966239151108958749e-02
1.581250000000000266e+00,5.984728173181571576e-01,-1.559479532007688463e-01,8.717574743896770728e-02,5.250582231471797590e-01,-1.153172319258505552e-01,9.020183372395755572e-02,-1.170120499383374563e-01,4.928200382202709007e-02
1.587500000000000133e+00,5.974998431932488918e-01,-1.554040974221510274e-01,8.685832125513409663e-02,5.243387393403803332e-01,-1.149178209116702570e-01,8.947373796036348081e-02,-1.159803072394850892e-01,4.890470351076177391e-02
1.593750000000000000e+00,5.965302619757910652e-01,-1.548622214481745196e-01,8.654220878796758942e-02,5.236217474580587838e-01,-1.145198152065180636e-01,8.875205859526440200e-02,-1.149587829408358353e-01,4.853046344660359723e-02
1.600000000000000089e+00,5.955640613176177434e-01,-1.543223170899139240e-01,8.622740306896201079e-02,5.229072387336303196e-01,-1.141232095032373300e-01,8.803673212728860276e-02,-1.139473609365416196e-01,4.815925676291011454e-02
1.606250000000000178e+00,5.946012289216080493e-01,-1.537843762018345772e-01,8.591389718149389232e-02,5.221952044336080068e-01,-1.137279985178492742e-01,8.732769577595719812e-02,-1.129459266429198583e-01,4.779105685418760796e-02
1.612500000000000044e+00,5.936417525414158236e-01,-1.532483906814699481e-01,8.560168426029604594e-02,5.214856358574572193e-01,-1.133341769894243289e-01,8.662488747224206254e-02,-1.119543669756581650e-01,4.742583737322842580e-02
1.618749999999999911e+00,5.926856199812017278e-01,-1.527143524691022825e-01,8.529075749093782688e-02,5.207785243374527528e-01,-1.129417396799543422e-01,8.592824584926486708e-02,-1.109725703274020980e-01,4.706357222828394526e-02
1.625000000000000000e+00,5.917328190953666800e-01,-1.521822535474464388e-01,8.498111010931197473e-02,5.200738612385352733e-01,-1.125506813742258722e-01,8.523771023313525541e-02,-1.100004265457188296e-01,4.670423558027279876e-02
1.631250000000000089e+00,5.907833377882881765e-01,-1.516520859413371392e-01,8.467273540112787988e-02,5.193716379581702070e-01,-1.121609968796942608e-01,8.455322063392552157e-02,-1.090378269114298249e-01,4.634780184002376680e-02
1.637500000000000178e+00,5.898371640140572802e-01,-1.511238417174189386e-01,8.436562670141120601e-02,5.186718459262051883e-01,-1.117726810263588444e-01,8.387471773677943054e-02,-1.080846641173053707e-01,4.599424566555280341e-02
1.643750000000000266e+00,5.888942857762190508e-01,-1.505975129838396931e-01,8.405977739400979920e-02,5.179744766047309490e-01,-1.113857286666388446e-01,8.320214289315328027e-02,-1.071408322471147229e-01,4.564354195937384701e-02
1.650000000000000133e+00,5.879546911275135290e-01,-1.500730918899469135e-01,8.375518091110566166e-02,5.172795214879402081e-01,-1.110001346752503559e-01,8.253543811218665149e-02,-1.062062267550251682e-01,4.529566586584283377e-02
1.656250000000000000e+00,5.870183681696192757e-01,-1.495505706259872281e-01,8.345183073273317043e-02,5.165869721019896721e-01,-1.106158939490841236e-01,8.187454605220094439e-02,-1.052807444453434105e-01,4.495059276853446278e-02
1.662500000000000089e+00,5.860853050528989083e-01,-1.490299414228086206e-01,8.314972038630313866e-02,5.158968200048614783e-01,-1.102330014070843217e-01,8.121941001232335644e-02,-1.043642834525934093e-01,4.460829828765134480e-02
1.668750000000000178e+00,5.851554899761460815e-01,-1.485111965515660826e-01,8.284884344613292761e-02,5.152090567862258608e-01,-1.098514519901281350e-01,8.056997392423459470e-02,-1.034567432219242605e-01,4.426875827746499376e-02
1.675000000000000044e+00,5.842289111863346873e-01,-1.479943283234296802e-01,8.254919353298224849e-02,5.145236740673040376e-01,-1.094712406609062300e-01,7.992618234403771338e-02,-1.025580244898419285e-01,4.393194882378821664e-02
1.681249999999999911e+00,5.833055569783691663e-01,-1.474793290892957576e-01,8.225076431359475138e-02,5.138406635007327639e-01,-1.090923624038041551e-01,7.928798044424648084e-02,-1.016680292652591966e-01,4.359784624147847176e-02
1.687500000000000000e+00,5.823854156948378158e-01,-1.469661912395010817e-01,8.195354950024526242e-02,5.131600167704289950e-01,-1.087148122247844489e-01,7.865531400589133304e-02,-1.007866608108580753e-01,4.326642707197182747e-02
1.693750000000000089e+00,5.814684757257666536e-01,-1.464549072035394861e-01,8.165754285029265536e-02,5.124817255914549952e-01,-1.083385851512698728e-01,7.802812941074077635e-02,-9.991382362475874357e-02,4.293766808084708425e-02
1.700000000000000178e+00,5.805547255083756131e-01,-1.459454694497816507e-01,8.136273816573810769e-02,5.118057817098852214e-01,-1.079636762320272114e-01,7.740637363363632450e-02,-9.904942342248963805e-02,4.261154625541951207e-02
1.706250000000000266e+00,5.796441535268368472e-01,-1.454378704851973514e-01,8.106912929278885238e-02,5.111321769026726525e-01,-1.075900805370520186e-01,7.678999423493927667e-02,-9.819336711925309713e-02,4.228803880236396695e-02
1.712500000000000133e+00,5.787367483120338107e-01,-1.449321028550805968e-01,8.077671012142720319e-02,5.104609029775168949e-01,-1.072177931574542775e-01,7.617893935308749087e-02,-9.734556281248137044e-02,4.196712314536688720e-02
1.718750000000000000e+00,5.778324984413228949e-01,-1.444281591427771794e-01,8.048547458498490903e-02,5.097919517727322880e-01,-1.068468092053447283e-01,7.557315769726009880e-02,-9.650591976467760846e-02,4.164877692280676003e-02
1.725000000000000089e+00,5.769313925382962838e-01,-1.439260319694153356e-01,8.019541665972261535e-02,5.091253151571174529e-01,-1.064771238137221104e-01,7.497259854014878822e-02,-9.567434838653680884e-02,4.133297798546277380e-02
1.731250000000000178e+00,5.760334192725468094e-01,-1.434257139936385705e-01,7.990653036441451584e-02,5.084609850298245082e-01,-1.061087321363612113e-01,7.437721171083362670e-02,-9.485076022034166776e-02,4.101970439425114967e-02
1.737500000000000044e+00,5.751385673594342496e-01,-1.429271979113412305e-01,7.961880975993800014e-02,5.077989533202299510e-01,-1.057416293477016350e-01,7.378694758776184470e-02,-9.403506792362821554e-02,4.070893441798879853e-02
1.743749999999999911e+00,5.742468255598532911e-01,-1.424304764554066849e-01,7.933224894886822809e-02,5.071392119878057603e-01,-1.053758106427374747e-01,7.320175709182775992e-02,-9.322718525311654569e-02,4.040064653118397020e-02
1.750000000000000000e+00,5.733581826800032699e-01,-1.419355423954479223e-01,7.904684207507767235e-02,5.064817530219909436e-01,-1.050112712369076357e-01,7.262159167955246908e-02,-9.242702704890197463e-02,4.009481941185351339e-02
1.756250000000000089e+00,5.724726275711590207e-01,-1.414423885375507561e-01,7.876258332334051815e-02,5.058265684420650832e-01,-1.046480063659870618e-01,7.204640333636154470e-02,-9.163450921890184397e-02,3.979143193936639927e-02
1.762500000000000178e+00,5.715901491294445025e-01,-1.409510077240193615e-01,7.847946691894165661e-02,5.051736502970201048e-01,-1.042860112859786970e-01,7.147614456995904364e-02,-9.084954872355335831e-02,3.949046319231307861e-02
1.768750000000000266e+00,5.707107362956064245e-01,-1.404613928331241990e-01,7.819748712729053530e-02,5.045229906654357110e-01,-1.039252812730061259e-01,7.091076840379639812e-02,-9.007206356075800335e-02,3.919189244640037401e-02
1.775000000000000133e+00,5.698343780547905357e-01,-1.399735367788526863e-01,7.791663825353960238e-02,5.038745816553527046e-01,-1.035658116232070769e-01,7.035022837063477363e-02,-8.930197275106840915e-02,3.889569917237160890e-02
1.781250000000000000e+00,5.689610634363194697e-01,-1.394874325106616741e-01,7.763691464220719152e-02,5.032284154041489765e-01,-1.032075976526276029e-01,6.979447850619904803e-02,-8.853919632311280097e-02,3.860186303395152924e-02
1.787500000000000089e+00,5.680907815134712546e-01,-1.390030730132327530e-01,7.735831067680509765e-02,5.025844840784151613e-01,-1.028506346971170271e-01,6.924347334292237088e-02,-8.778365529925347133e-02,3.831036388581574720e-02
1.793750000000000178e+00,5.672235214032603778e-01,-1.385204513062297527e-01,7.708082077947048250e-02,5.019427798738312907e-01,-1.024949181122236791e-01,6.869716790377952687e-02,-8.703527168147473514e-02,3.802118177158440859e-02
1.800000000000000044e+00,5.663592722662196266e-01,-1.380395604440583512e-01,7.680443941060206836e-02,5.013032950150437816e-01,-1.021404432730912692e-01,6.815551769620782629e-02,-8.629396843749620460e-02,3.773429692183966067e-02
1.806249999999999911e+00,5.654980233061840389e-01,-1.375603935156280988e-01,7.652916106850082834e-02,5.006660217555435333e-01,-1.017872055743559989e-01,6.761847870611401023e-02,-8.555966948710774789e-02,3.744968975216660806e-02
1.812500000000000000e+00,5.646397637700754091e-01,-1.370829436441165505e-01,7.625498028901477043e-02,5.000309523775442466e-01,-1.014352004300444338e-01,6.708600739196597662e-02,-8.483229968872199600e-02,3.716734086121763203e-02
1.818750000000000089e+00,5.637844829476893471e-01,-1.366072039867359533e-01,7.598189164518803773e-02,4.993980791918617990e-01,-1.010844232734720849e-01,6.655806067896791189e-02,-8.411178482614074803e-02,3.688723102879947618e-02
1.825000000000000178e+00,5.629321701714833370e-01,-1.361331677345016256e-01,7.570988974691404694e-02,4.987673945377936735e-01,-1.007348695571426284e-01,6.603459595331734322e-02,-8.339805159553118075e-02,3.660934121398298768e-02
1.831250000000000266e+00,5.620828148163656834e-01,-1.356608281120027515e-01,7.543896924059272091e-02,4.981388907829994994e-01,-1.003865347526478463e-01,6.551557105654307045e-02,-8.269102759260855973e-02,3.633365255323514620e-02
1.837500000000000133e+00,5.612364062994869007e-01,-1.351901783771754240e-01,7.516912480879181513e-02,4.975125603233821470e-01,-1.000394143505683592e-01,6.500094427992245127e-02,-8.199064130002160777e-02,3.606014635857310302e-02
1.843750000000000000e+00,5.603929340800315462e-01,-1.347212118210773801e-01,7.490035116991210218e-02,4.968883955829692667e-01,-9.969350386037478806e-02,6.449067435897704037e-02,-8.129682207493703350e-02,3.578880411573989034e-02
1.850000000000000089e+00,5.595523876590122736e-01,-1.342539217676653462e-01,7.463264307785653917e-02,4.962663890137954392e-01,-9.934879881032993021e-02,6.398472046804504210e-02,-8.060950013681972282e-02,3.551960748240157867e-02
1.856250000000000178e+00,5.587147565790648862e-01,-1.337883015735740477e-01,7.436599532170329319e-02,4.956465330957852689e-01,-9.900529474739133695e-02,6.348304221492975796e-02,-7.992860655540541537e-02,3.525253828636561171e-02
1.862500000000000044e+00,5.578800304242446106e-01,-1.333243446278974120e-01,7.410040272538258310e-02,4.950288203366366435e-01,-9.866298723711466878e-02,6.298559963562243291e-02,-7.925407323886200783e-02,3.498757852381987471e-02
1.868749999999999911e+00,5.570481988198237033e-01,-1.328620443519716587e-01,7.383586014735714353e-02,4.944132432717048276e-01,-9.832187186355771658e-02,6.249235318909848735e-02,-7.858583292213669469e-02,3.472471035759244762e-02
1.875000000000000000e+00,5.562192514320911663e-01,-1.324013941991605270e-01,7.357236248030656067e-02,4.937997944638871095e-01,-9.798194422918496405e-02,6.200326375218619124e-02,-7.792381915548544924e-02,3.446391611543158512e-02
1.881250000000000089e+00,5.553931779681530179e-01,-1.319423876546424734e-01,7.330990465081523022e-02,4.931884665035082826e-01,-9.764319995477305225e-02,6.151829261450634384e-02,-7.726796629318191667e-02,3.420517828830585416e-02
1.887500000000000178e+00,5.545699681757336741e-01,-1.314850182351995911e-01,7.304848161906377091e-02,4.925792520082061809e-01,-9.730563467931654942e-02,6.103740147348193923e-02,-7.661820948240227747e-02,3.394847952872389468e-02
1.893750000000000266e+00,5.537496118429796610e-01,-1.310292794890086654e-01,7.278808837852417113e-02,4.919721436228182698e-01,-9.696924405993460894e-02,6.056055242941686678e-02,-7.597448465228333336e-02,3.369380264907377576e-02
1.900000000000000133e+00,5.529320987982641045e-01,-1.305751649954340621e-01,7.252871995565837726e-02,4.913671340192685144e-01,-9.663402377177819635e-02,6.008770798064237001e-02,-7.533672850315070724e-02,3.344113061998162800e-02
1.906250000000000000e+00,5.521174189099916640e-01,-1.301226683648223914e-01,7.227037140962021267e-02,4.907642158964552470e-01,-9.629996950793782984e-02,5.961883101873033386e-02,-7.470487849591424256e-02,3.319044656868921223e-02
1.912500000000000089e+00,5.513055620864062423e-01,-1.296717832382991431e-01,7.201303783196097430e-02,4.901633819801390901e-01,-9.596707697935211168e-02,5.915388482377235274e-02,-7.407887284162772978e-02,3.294173377745031328e-02
1.918750000000000178e+00,5.504965182753992492e-01,-1.292225032875672086e-01,7.175671434633811019e-02,4.895646250228316565e-01,-9.563534191471677326e-02,5.869283305972359394e-02,-7.345865049121019785e-02,3.269497568194561221e-02
1.925000000000000044e+00,5.496902774643187550e-01,-1.287748222147070132e-01,7.150139610822744962e-02,4.889679378036851376e-01,-9.530476006039431680e-02,5.823563976981026985e-02,-7.284415112532588443e-02,3.245015586971584237e-02
1.931249999999999911e+00,5.488868296797803081e-01,-1.283287337519785076e-01,7.124707830463848646e-02,4.883733131283818918e-01,-9.497532718032432320e-02,5.778226937199995583e-02,-7.223531514442022017e-02,3.220725807861291728e-02
1.937500000000000000e+00,5.480861649874791963e-01,-1.278842316616250752e-01,7.099375615383311799e-02,4.877807438290249209e-01,-9.464703905593427335e-02,5.733268665453373353e-02,-7.163208365890914864e-02,3.196626619526896779e-02
1.943750000000000089e+00,5.472882734920033743e-01,-1.274413097356790481e-01,7.074142490504736758e-02,4.871902227640290128e-01,-9.431989148605110507e-02,5.688685677151912590e-02,-7.103439847951940889e-02,3.172716425358287212e-02
1.950000000000000178e+00,5.464931453366481673e-01,-1.269999617957688898e-01,7.049007983821645174e-02,4.866017428180119397e-01,-9.399388028681317231e-02,5.644474523858294956e-02,-7.044220210777667190e-02,3.148993643322413327e-02
1.956250000000000266e+00,5.457007707032315302e-01,-1.265601816929282641e-01,7.023971626370273391e-02,4.860152969016869329e-01,-9.366900129158292621e-02,5.600631792858316166e-02,-6.985543772663954654e-02,3.125456705815387454e-02
1.962500000000000133e+00,5.449111398119113048e-01,-1.261219633074067703e-01,6.999032952202691171e-02,4.854308779517551020e-01,-9.334525035086015110e-02,5.557154106737882682e-02,-6.927404919127676253e-02,3.102104059516273826e-02
1.968750000000000000e+00,5.441242429210028098e-01,-1.256853005484820929e-01,6.974191498360216013e-02,4.848484789307984100e-01,-9.302262333219564472e-02,5.514038122965719130e-02,-6.869798101998494944e-02,3.078934165242545526e-02
1.975000000000000089e+00,5.433400703267979859e-01,-1.252501873542741229e-01,6.949446804847120296e-02,4.842680928271737573e-01,-9.270111612010568936e-02,5.471280533481721886e-02,-6.812717838524497138e-02,3.055945497807186287e-02
1.981250000000000178e+00,5.425586123633862057e-01,-1.248166176915605774e-01,6.924798414604645125e-02,4.836897126549069004e-01,-9.238072461598691165e-02,5.428878064290853372e-02,-6.756158710491430575e-02,3.033136545877422596e-02
1.987500000000000044e+00,5.417798594024751946e-01,-1.243845855555943125e-01,6.900245873485295889e-02,4.831133314535875356e-01,-9.206144473803176687e-02,5.386827475062496567e-02,-6.700115363355302334e-02,3.010505811835053128e-02
1.993749999999999911e+00,5.410038018532139503e-01,-1.239540849699219682e-01,6.875788730227419543e-02,4.825389422882641055e-01,-9.174327242114455050e-02,5.345125558735191323e-02,-6.644582505388131610e-02,2.988051811638363017e-02
2.000000000000000000e+00,5.402304301620162175e-01,-1.235251099862045843e-01,6.851426536430074710e-02,4.819665382493400485e-01,-9.142620361685796504e-02,5.303769141126670611e-02,-6.589554906836635195e-02,2.965773074685606331e-02
2.006250000000000089e+00,5.394597348123855163e-01,-1.230976546840394786e-01,6.827158846528177949e-02,4.813961124524700486e-01,-9.111023429325028344e-02,5.262755080549118281e-02,-6.535027399093625011e-02,2.943668143680027577e-02
2.012500000000000178e+00,5.386917063247411708e-01,-1.226717131707838471e-01,6.802985217767923420e-02,4.808276580384566179e-01,-9.079536043486295671e-02,5.222080267429559525e-02,-6.480994873881895657e-02,2.921735574496408042e-02
2.018749999999999822e+00,5.379263352562451139e-01,-1.222472795813797641e-01,6.778905210182468999e-02,4.802611681731479010e-01,-9.048157804261883208e-02,5.181741623935318813e-02,-6.427452282450410448e-02,2.899973936049117865e-02
2.024999999999999911e+00,5.371636122006300251e-01,-1.218243480781807109e-01,6.754918386567899946e-02,4.796966360473349789e-01,-9.016888313374082919e-02,5.141736103604453711e-02,-6.374394634782548641e-02,2.878381810161644710e-02
2.031250000000000000e+00,5.364035277880289110e-01,-1.214029128507797539e-01,6.731024312459453485e-02,4.791340548766508389e-01,-8.985727174167125464e-02,5.102060690981121555e-02,-6.321816998816275068e-02,2.856957791437606670e-02
2.037500000000000089e+00,5.356460726848050191e-01,-1.209829681158390013e-01,6.707222556108007050e-02,4.785734179014688450e-01,-8.954673991599151894e-02,5.062712401255760331e-02,-6.269714499675957398e-02,2.835700487133194919e-02
2.043750000000000178e+00,5.348912375933831953e-01,-1.205645081169206267e-01,6.683512688456810791e-02,4.780147183868022620e-01,-8.923728372234246420e-02,5.023688279910046295e-02,-6.218082318915684609e-02,2.814608517031053428e-02
2.050000000000000266e+00,5.341390132520825729e-01,-1.201475271243193366e-01,6.659894283118499014e-02,4.774579496222041142e-01,-8.892889924234508026e-02,4.984985402366544360e-02,-6.166915693773891011e-02,2.793680513315572114e-02
2.056250000000000355e+00,5.333893904349498172e-01,-1.197320194348961697e-01,6.636366916352325063e-02,4.769031049216676532e-01,-8.862158257352190094e-02,4.946600873642981178e-02,-6.116209916439084571e-02,2.772915120449568477e-02
2.062500000000000000e+00,5.326423599515935914e-01,-1.193179793719139070e-01,6.612930167041670970e-02,4.763501776235271046e-01,-8.831532982921877495e-02,4.908531828011073600e-02,-6.065960333326504000e-02,2.752310995052349371e-02
2.068750000000000089e+00,5.318979126470200214e-01,-1.189054012848736186e-01,6.589583616671772226e-02,4.757991610903588020e-01,-8.801013713852709475e-02,4.870775428659836204e-02,-6.016162344365517251e-02,2.731866805779125523e-02
2.075000000000000178e+00,5.311560394014692710e-01,-1.184942795493528628e-01,6.566326849307717317e-02,4.752500487088835435e-01,-8.770600064620676095e-02,4.833328867363333864e-02,-5.966811402297611533e-02,2.711581233201778088e-02
2.081249999999999822e+00,5.304167311302532273e-01,-1.180846085668450923e-01,6.543159451572658214e-02,4.747028338898685584e-01,-8.740291651260935490e-02,4.796189364152760037e-02,-5.917903011984753520e-02,2.691452969690941860e-02
2.087499999999999911e+00,5.296799787835937412e-01,-1.176763827646003790e-01,6.520081012626263717e-02,4.741575100680302524e-01,-8.710088091360190798e-02,4.759354166992815771e-02,-5.869432729727978165e-02,2.671480719299392306e-02
2.093750000000000000e+00,5.289457733464623113e-01,-1.172695965954676511e-01,6.497091124143421215e-02,4.736140707019376173e-01,-8.679989004049128154e-02,4.722820551462331845e-02,-5.821396162596054885e-02,2.651663197646740577e-02
2.100000000000000089e+00,5.282141058384205445e-01,-1.168642445377380823e-01,6.474189380293141061e-02,4.730725092739159199e-01,-8.649994009994878275e-02,4.686585820439032046e-02,-5.773788967764022229e-02,2.631999131805387582e-02
2.106250000000000178e+00,5.274849673134615058e-01,-1.164603210949898965e-01,6.451375377717703807e-02,4.725328192899509450e-01,-8.620102731393547435e-02,4.650647303788414677e-02,-5.726606851861462677e-02,2.612487260187747878e-02
2.112500000000000266e+00,5.267583488598526209e-01,-1.160578207959344216e-01,6.428648715512033651e-02,4.719949942795936271e-01,-8.590314791962778973e-02,4.615002358056671111e-02,-5.679845570330344789e-02,2.593126332434712508e-02
2.118750000000000355e+00,5.260342415999782473e-01,-1.156567381942634476e-01,6.406008995203280043e-02,4.714590277958651821e-01,-8.560629816934377245e-02,4.579648366167593521e-02,-5.633500926792285590e-02,2.573915109305344520e-02
2.125000000000000000e+00,5.253126366901850197e-01,-1.152570678684978617e-01,6.383455820730625507e-02,4.709249134151626826e-01,-8.531047433046963502e-02,4.544582737123404464e-02,-5.587568772425070829e-02,2.554852362567786375e-02
2.131250000000000089e+00,5.245935253206260862e-01,-1.148588044218373794e-01,6.360988798425305790e-02,4.703926447371651887e-01,-8.501567268538681721e-02,4.509802905709448667e-02,-5.542045005348273518e-02,2.535936874891359452e-02
2.137500000000000178e+00,5.238768987151082301e-01,-1.144619424820119136e-01,6.338607536990846503e-02,4.698622153847402116e-01,-8.472188953139959955e-02,4.475306332202715759e-02,-5.496925570017865276e-02,2.517167439739863982e-02
2.143749999999999822e+00,5.231627481309385486e-01,-1.140664767011337483e-01,6.316311647483505154e-02,4.693336190038505662e-01,-8.442912118066309146e-02,4.441090502084100305e-02,-5.452206456629619252e-02,2.498542861266029105e-02
2.149999999999999911e+00,5.224510648587726847e-01,-1.136724017555510724e-01,6.294100743292915801e-02,4.688068492634619999e-01,-8.413736396011153862e-02,4.407152925754362349e-02,-5.407883700531182503e-02,2.480061954207126232e-02
2.156250000000000000e+00,5.217418402224635043e-01,-1.132797123457028599e-01,6.271974440122950190e-02,4.682818998554508227e-01,-8.384661421138737969e-02,4.373491138253757932e-02,-5.363953381642714430e-02,2.461723543781726628e-02
2.162500000000000089e+00,5.210350655789114382e-01,-1.128884031959747625e-01,6.249932355972773190e-02,4.677587644945123135e-01,-8.355686829077045574e-02,4.340102698985240370e-02,-5.320411623885890062e-02,2.443526465587576857e-02
2.168750000000000178e+00,5.203307323179151567e-01,-1.124984690545562244e-01,6.227974111118094597e-02,4.672374369180695708e-01,-8.326812256910783028e-02,4.306985191441214250e-02,-5.277254594621177269e-02,2.425469565500592770e-02
2.175000000000000266e+00,5.196288318620229107e-01,-1.121099046932988175e-01,6.206099328092626322e-02,4.667179108861824188e-01,-8.298037343174391456e-02,4.274136222933781759e-02,-5.234478504093243584e-02,2.407551699574949841e-02
2.181250000000000355e+00,5.189293556663852058e-01,-1.117227049075756734e-01,6.184307631669722777e-02,4.662001801814572022e-01,-8.269361727845118970e-02,4.241553424328427940e-02,-5.192079604884357324e-02,2.389771733944259791e-02
2.187500000000000000e+00,5.182322952186088072e-01,-1.113368645161420811e-01,6.162598648844228727e-02,4.656842386089568020e-01,-8.240785052336120631e-02,4.209234449781101839e-02,-5.150054191375658813e-02,2.372128544723820648e-02
2.193750000000000089e+00,5.175376420386098575e-01,-1.109523783609971531e-01,6.140972008814494371e-02,4.651700799961109856e-01,-8.212306959489602820e-02,4.177176976478626236e-02,-5.108398599216167763e-02,2.354621017913918757e-02
2.200000000000000178e+00,5.168453876784704359e-01,-1.105692413072467267e-01,6.119427342964604832e-02,4.646576981926275329e-01,-8.183927093570020350e-02,4.145378704382426949e-02,-5.067109204799429001e-02,2.337248049304191388e-02
2.206249999999999822e+00,5.161555237222932302e-01,-1.101874482429673757e-01,6.097964284846772026e-02,4.641470870704033636e-01,-8.155645100257309654e-02,4.113837355975488719e-02,-5.026182424747637628e-02,2.320008544379009718e-02
2.212499999999999911e+00,5.154680417860595387e-01,-1.098069940790711851e-01,6.076582470163915256e-02,4.636382405234362736e-01,-8.127460626640148345e-02,4.082550676012513396e-02,-4.985614715403141606e-02,2.302901418223884250e-02
2.218750000000000000e+00,5.147829335174859411e-01,-1.094278737491722192e-01,6.055281536752432636e-02,4.631311524677372837e-01,-8.099373321209281384e-02,4.051516431273250590e-02,-4.945402572327223939e-02,2.285925595432887827e-02
2.225000000000000089e+00,5.141001905958838547e-01,-1.090500822094534472e-01,6.034061124565135575e-02,4.626258168412430982e-01,-8.071382833850876404e-02,4.020732410318919592e-02,-4.905542529806011104e-02,2.269080010017065357e-02
2.231250000000000178e+00,5.134198047320180924e-01,-1.086736144385351127e-01,6.012920875654366448e-02,4.621222276037290633e-01,-8.043488815839910933e-02,3.990196423251705232e-02,-4.866031160363420982e-02,2.252363605313833020e-02
2.237500000000000266e+00,5.127417676679671965e-01,-1.082984654373440186e-01,5.991860434155290432e-02,4.616203787367225697e-01,-8.015690919833615147e-02,3.959906301477278401e-02,-4.826865074281030260e-02,2.235775333897346145e-02
2.243750000000000355e+00,5.120660711769847717e-01,-1.079246302289838672e-01,5.970879446269357349e-02,4.611202642434168997e-01,-7.987988799864938205e-02,3.929859897470291269e-02,-4.788040919124754435e-02,2.219314157489832642e-02
2.250000000000000000e+00,5.113927070633610406e-01,-1.075521038586066264e-01,5.949977560247934200e-02,4.606218781485856284e-01,-7.960382111336077038e-02,3.900055084542814604e-02,-4.749555379278232181e-02,2.202979046873871499e-02
2.256250000000000089e+00,5.107216671622852866e-01,-1.071808813932848548e-01,5.929154426376097298e-02,4.601252144984968595e-01,-7.932870511012012071e-02,3.870489756615658195e-02,-4.711405175482792640e-02,2.186768981805608039e-02
2.262500000000000178e+00,5.100529433397095191e-01,-1.068109579218852467e-01,5.908409696956607587e-02,4.596302673608285150e-01,-7.905453657014113733e-02,3.841161827992571609e-02,-4.673587064383948053e-02,2.170682950928903496e-02
2.268749999999999822e+00,5.093865274922125819e-01,-1.064423285549429138e-01,5.887743026294030985e-02,4.591370308245837917e-01,-7.878131208813771158e-02,3.812069233137235086e-02,-4.636097838084250744e-02,2.154719951690390461e-02
2.274999999999999911e+00,5.087224115468651497e-01,-1.060749884245367342e-01,5.867154070679024558e-02,4.586454990000068399e-01,-7.850902827226051428e-02,3.783209926453025979e-02,-4.598934323702438126e-02,2.138878990255435250e-02
2.281250000000000000e+00,5.080605874610951700e-01,-1.057089326841657989e-01,5.846642488372792712e-02,4.581556660184991081e-01,-7.823768174403424036e-02,3.754581882065546883e-02,-4.562093382938802594e-02,2.123159081425000580e-02
2.287500000000000089e+00,5.074010472225548574e-01,-1.053441565086266907e-01,5.826207939591687701e-02,4.576675260325357431e-01,-7.796726913829488126e-02,3.726183093607819685e-02,-4.525571911646624618e-02,2.107559248553381170e-02
2.293750000000000178e+00,5.067437828489874674e-01,-1.049806550938918032e-01,5.805850086491971124e-02,4.571810732155828227e-01,-7.769778710312769121e-02,3.698011574008156638e-02,-4.489366839409621862e-02,2.092078523466818843e-02
2.300000000000000266e+00,5.060887863880958459e-01,-1.046184236569884657e-01,5.785568593154727379e-02,4.566963017620147558e-01,-7.742923229980529232e-02,3.670065355280652947e-02,-4.453475129125301218e-02,2.076715946382975964e-02
2.306250000000000355e+00,5.054360499174106458e-01,-1.042574574358792333e-01,5.765363125570933250e-02,4.562132058870317364e-01,-7.716160140272625145e-02,3.642342488318258548e-02,-4.417893776594126326e-02,2.061470565831263757e-02
2.312500000000000000e+00,5.047855655441604306e-01,-1.038977516893429265e-01,5.745233351626673896e-02,4.557317798265782538e-01,-7.689489109935405964e-02,3.614841042688406864e-02,-4.382619810114415926e-02,2.046341438574008839e-02
2.318750000000000089e+00,5.041373254051414454e-01,-1.035393016968565727e-01,5.725178941088501089e-02,4.552520178372614357e-01,-7.662909809015631957e-02,3.587559106431147810e-02,-4.347650290082857860e-02,2.031327629528452069e-02
2.325000000000000178e+00,5.034913216665888314e-01,-1.031821027584784861e-01,5.705199565588951749e-02,4.547739141962699461e-01,-7.636421908854447438e-02,3.560494785859777411e-02,-4.312982308600604026e-02,2.016428211689574521e-02
2.331249999999999822e+00,5.028475465240483944e-01,-1.028261501947319995e-01,5.685294898612202469e-02,4.542974632012934944e-01,-7.610025082081384173e-02,3.533646205363896037e-02,-4.278612989084798479e-02,2.001642266053728705e-02
2.337499999999999911e+00,5.022059922022491518e-01,-1.024714393464901258e-01,5.665464615479860744e-02,4.538226591704421220e-01,-7.583719002608381443e-02,3.507011507214878587e-02,-4.244539485885490127e-02,1.986968881543073329e-02
2.343750000000000000e+00,5.015666509549761010e-01,-1.021179655748613024e-01,5.645708393336912323e-02,4.533494964421666551e-01,-7.557503345623875490e-02,3.480588851373735138e-02,-4.210758983907857134e-02,1.972407154930807052e-02
2.350000000000000089e+00,5.009295150649445416e-01,-1.017657242610757323e-01,5.626025911137796237e-02,4.528779693751788238e-01,-7.531377787586895911e-02,3.454376415301305819e-02,-4.177268698239621630e-02,1.957956190767179416e-02
2.356250000000000178e+00,5.002945768436746210e-01,-1.014147108063728209e-01,5.606416849632622074e-02,4.524080723483721034e-01,-7.505342006221205065e-02,3.428372393770770521e-02,-4.144065873783613768e-02,1.943615101306279611e-02
2.362500000000000266e+00,4.996618286313661561e-01,-1.010649206318893073e-01,5.586880891353523254e-02,4.519397997607427775e-01,-7.479395680509477728e-02,3.402574998682436624e-02,-4.111147784895378965e-02,1.929383006433589912e-02
2.368750000000000355e+00,4.990312627967752879e-01,-1.007163491785483395e-01,5.567417720601142150e-02,4.514731460313117783e-01,-7.453538490687502960e-02,3.376982458880783272e-02,-4.078511735025771440e-02,1.915259033594295460e-02
2.375000000000000000e+00,4.984028717370907469e-01,-1.003689919069493952e-01,5.548027023431253979e-02,4.510081055990460275e-01,-7.427770118238435915e-02,3.351593019973721221e-02,-4.046155056368445219e-02,1.901242317722344130e-02
2.381250000000000089e+00,4.977766478778111736e-01,-1.000228442972588561e-01,5.528708487641514208e-02,4.505446729227809977e-01,-7.402090245887063547e-02,3.326404944154028737e-02,-4.014075109512158651e-02,1.887332001170237417e-02
2.387500000000000178e+00,4.971525836726234382e-01,-9.967790184910178819e-02,5.509461802758342658e-02,4.500828424811433304e-01,-7.376498557594121652e-02,3.301416510022969764e-02,-3.982269283097857049e-02,1.873527233639566206e-02
2.393750000000000266e+00,4.965306716032812928e-01,-9.933416008145411202e-02,5.490286660023935283e-02,4.496226087724734533e-01,-7.350994738550635510e-02,3.276626012416021527e-02,-3.950734993480409935e-02,1.859827172112253277e-02
2.400000000000000355e+00,4.959109041794845796e-01,-9.899161453253579879e-02,5.471182752383394604e-02,4.491639663147491968e-01,-7.325578475172292436e-02,3.252031762230703921e-02,-3.919469684394967512e-02,1.846230980782518141e-02
2.406250000000000000e+00,4.952932739387594374e-01,-9.865026075970495523e-02,5.452149774471999610e-02,4.487069096455092443e-01,-7.300249455093853201e-02,3.227632086256491950e-02,-3.888470826627856564e-02,1.832737830989544445e-02
2.412500000000000089e+00,4.946777734463389531e-01,-9.831009433935239405e-02,5.433187422602579753e-02,4.482514333217770819e-01,-7.275007367163585648e-02,3.203425327006750867e-02,-3.857735917691933886e-02,1.819346901150842299e-02
2.418750000000000178e+00,4.940643952950445894e-01,-9.797111086679731462e-02,5.414295394753036728e-02,4.477975319199855586e-01,-7.249851901437748269e-02,3.179409842552709947e-02,-3.827262481506362585e-02,1.806057376696305200e-02
2.425000000000000266e+00,4.934531321051682240e-01,-9.763330595618362195e-02,5.395473390553962717e-02,4.473452000359012248e-01,-7.224782749175080732e-02,3.155584006359408306e-02,-3.797048068080705052e-02,1.792868450002942440e-02
2.431250000000000355e+00,4.928439765243546877e-01,-9.729667524037693971e-02,5.376721111276395321e-02,4.468944322845497252e-01,-7.199799602831349898e-02,3.131946207123603027e-02,-3.767090253203288913e-02,1.779779320330287032e-02
2.437500000000000000e+00,4.922369212274853578e-01,-9.696121437086255290e-02,5.358038259819680044e-02,4.464452233001407477e-01,-7.174902156053912516e-02,3.108494848613619840e-02,-3.737386638133789046e-02,1.766789193756468715e-02
2.443750000000000089e+00,4.916319589165615844e-01,-9.662691901764387803e-02,5.339424540699452826e-02,4.459975677359940271e-01,-7.150090103676308428e-02,3.085228349511099505e-02,-3.707934849299927837e-02,1.753897283114940961e-02
2.450000000000000178e+00,4.910290823205898936e-01,-9.629378486914198787e-02,5.320879660035745390e-02,4.455514602644652378e-01,-7.125363141712899584e-02,3.062145143254644403e-02,-3.678732537998287422e-02,1.741102807931867169e-02
2.456250000000000266e+00,4.904282841954666905e-01,-9.596180763209558040e-02,5.302403325541191204e-02,4.451068955768724966e-01,-7.100720967353522928e-02,3.039243677885306374e-02,-3.649777380099113872e-02,1.728404994364140385e-02
2.462500000000000355e+00,4.898295573238643508e-01,-9.563098303146187751e-02,5.283995246509352872e-02,4.446638683834228112e-01,-7.076163278958180758e-02,3.016522415893914399e-02,-3.621067075755087655e-02,1.715803075138041395e-02
2.468750000000000000e+00,4.892328945151177000e-01,-9.530130681031816209e-02,5.265655133803161941e-02,4.442223734131394153e-01,-7.051689776051763003e-02,2.993979834070212287e-02,-3.592599349114000001e-02,1.703296289488527224e-02
2.475000000000000089e+00,4.886382886051107710e-01,-9.497277472976395352e-02,5.247382699843460008e-02,4.437824054137887719e-01,-7.027300159318791706e-02,2.971614423353769602e-02,-3.564371948035251203e-02,1.690883883099133372e-02
2.481250000000000178e+00,4.880457324561646715e-01,-9.464538256882418232e-02,5.229177658597660566e-02,4.433439591518085754e-01,-7.002994130598209910e-02,2.949424688686669294e-02,-3.536382643810158377e-02,1.678565108042501253e-02
2.487500000000000266e+00,4.874552189569260063e-01,-9.431912612435272569e-02,5.211039725568510778e-02,4.429070294122357532e-01,-6.978771392878185820e-02,2.927409148867918254e-02,-3.508629230885968592e-02,1.666339222721500632e-02
2.493750000000000355e+00,4.868667410222554115e-01,-9.399400121093684501e-02,5.192968617782960788e-02,4.424716109986345236e-01,-6.954631650290951650e-02,2.905566336409574207e-02,-3.481109526593550302e-02,1.654205491810958883e-02
2.500000000000000000e+00,4.862802915931173087e-01,-9.367000366080234508e-02,5.174964053781139911e-02,4.420376987330253415e-01,-6.930574608107674395e-02,2.883894797394569859e-02,-3.453821370878706887e-02,1.642163186199981778e-02
2.506250000000000089e+00,4.856958636364697157e-01,-9.334712932371913574e-02,5.157025753605430640e-02,4.416052874558135666e-01,-6.906599972733343251e-02,2.862393091336189535e-02,-3.426762626037039433e-02,1.630211582934856449e-02
2.512500000000000178e+00,4.851134501451551118e-01,-9.302537406690793154e-02,5.139153438789660633e-02,4.411743720257191304e-01,-6.882707451701711165e-02,2.841059791039215673e-02,-3.399931176452338638e-02,1.618349965162542425e-02
2.518750000000000266e+00,4.845330441377914132e-01,-9.270473377494722889e-02,5.121346832348377953e-02,4.407449473197059819e-01,-6.858896753670233604e-02,2.819893482462676806e-02,-3.373324928338422568e-02,1.606577622074726458e-02
2.525000000000000355e+00,4.839546386586641158e-01,-9.238520434968108819e-02,5.103605658766239422e-02,4.403170082329118107e-01,-6.835167588415060058e-02,2.798892764584211268e-02,-3.346941809484381414e-02,1.594893848852450488e-02
2.531250000000000000e+00,4.833782267776183805e-01,-9.206678171012765144e-02,5.085929643987491255e-02,4.398905496785787128e-01,-6.811519666826042207e-02,2.778056249266009151e-02,-3.320779769003190385e-02,1.583297946611297163e-02
2.537500000000000089e+00,4.828038015899518975e-01,-9.174946179238814559e-02,5.068318515405550312e-02,4.394655665879831918e-01,-6.787952700901768444e-02,2.757382561122310310e-02,-3.294836777083609558e-02,1.571789222347125953e-02
2.543750000000000178e+00,4.822313562163089151e-01,-9.143324054955674629e-02,5.050772001852686655e-02,4.390420539103676023e-01,-6.764466403744633094e-02,2.736870337388455990e-02,-3.269110824745372068e-02,1.560366988882365066e-02
2.550000000000000266e+00,4.816608838025736583e-01,-9.111811395163089966e-02,5.033289833589794232e-02,4.386200066128708719e-01,-6.741060489555933399e-02,2.716518227791445833e-02,-3.243599923597558637e-02,1.549030564812837150e-02
2.556250000000000355e+00,4.810923775197655239e-01,-9.080407798542237952e-02,5.015871742296263563e-02,4.381994196804602226e-01,-6.717734673630983144e-02,2.696324894422002030e-02,-3.218302105600147345e-02,1.537779274455123094e-02
2.562500000000000000e+00,4.805258305639339422e-01,-9.049112865446891363e-02,4.998517461059941852e-02,4.377802881158627812e-01,-6.694488672354263759e-02,2.676289011608116650e-02,-3.193215422828681038e-02,1.526612447794456137e-02
2.568750000000000089e+00,4.799612361560539608e-01,-9.017926197894644835e-02,4.981226724367188163e-02,4.373626069394977445e-01,-6.671322203194596234e-02,2.656409265790048851e-02,-3.168337947241998964e-02,1.515529420433135190e-02
2.575000000000000178e+00,4.793985875419231601e-01,-8.986847399558214877e-02,4.963999268093028522e-02,4.369463711894088775e-01,-6.648234984700350514e-02,2.636684355396782392e-02,-3.143667770453013877e-02,1.504529533539463414e-02
2.581250000000000266e+00,4.788378779920577921e-01,-8.955876075756781518e-02,4.946834829491387336e-02,4.365315759211967905e-01,-6.625226736494661817e-02,2.617112990723889296e-02,-3.119203003502453095e-02,1.493612133797190579e-02
2.587500000000000355e+00,4.782791008015905287e-01,-8.925011833447406284e-02,4.929733147185416664e-02,4.361182162079524915e-01,-6.602297179270695537e-02,2.597693893812808019e-02,-3.094941776635551020e-02,1.482776573355465421e-02
2.593750000000000000e+00,4.777222492901683215e-01,-8.894254281216502911e-02,4.912693961157918454e-02,4.357062871401901627e-01,-6.579446034786920472e-02,2.578425798331505925e-02,-3.070882239081636558e-02,1.472022209779288646e-02
2.600000000000000089e+00,4.771673168018506495e-01,-8.863603029271359401e-02,4.895717012741839652e-02,4.352957838257808798e-01,-6.556673025862413962e-02,2.559307449456505595e-02,-3.047022558836570000e-02,1.461348406000456852e-02
2.606250000000000178e+00,4.766142967050085999e-01,-8.833057689431750292e-02,4.878802044610872773e-02,4.348867013898867206e-01,-6.533977876372201732e-02,2.540337603756272558e-02,-3.023360922448007845e-02,1.450754530269002598e-02
2.612500000000000266e+00,4.760631823922245043e-01,-8.802617875121566959e-02,4.861948800770130030e-02,4.344790349748944291e-01,-6.511360311242610222e-02,2.521515029075928685e-02,-2.999895534803427924e-02,1.440239956105111678e-02
2.618750000000000355e+00,4.755139672801916850e-01,-8.772283201360533966e-02,4.845157026546902113e-02,4.340727797403503008e-01,-6.488820056446649442e-02,2.502838504423280860e-02,-2.976624618920891557e-02,1.429804062251522831e-02
2.625000000000000000e+00,4.749666448096150906e-01,-8.742053284755973985e-02,4.828426468581509257e-02,4.336679308628947349e-01,-6.466356838999420820e-02,2.484306819856156243e-02,-2.953546415742504261e-02,1.419446232626398949e-02
2.631250000000000089e+00,4.744212084451122080e-01,-8.711927743494624066e-02,4.811756874818224478e-02,4.332644835361971203e-01,-6.443970386953551399e-02,2.465918776371007690e-02,-2.930659183930519815e-02,1.409165856276665268e-02
2.637500000000000178e+00,4.738776516751149748e-01,-8.681906197334521291e-02,4.795147994496289784e-02,4.328624329708912755e-01,-6.421660429394653036e-02,2.447673185792803574e-02,-2.907961199666080077e-02,1.398962327331814554e-02
2.643750000000000266e+00,4.733359680117713020e-01,-8.651988267596932847e-02,4.778599578141004556e-02,4.324617743945111115e-01,-6.399426696436805173e-02,2.429568870666149252e-02,-2.885450756450516283e-02,1.388835044958165905e-02
2.650000000000000355e+00,4.727961509908479298e-01,-8.622173577158348534e-02,4.762111377554899272e-02,4.320625030514263498e-01,-6.377268919218058441e-02,2.411604664147653371e-02,-2.863126164909203172e-02,1.378783413313576858e-02
2.656250000000000000e+00,4.722581941716336162e-01,-8.592461750442523249e-02,4.745683145808986952e-02,4.316646142027785737e-01,-6.355186829895972944e-02,2.393779409899508825e-02,-2.840985752597915276e-02,1.368806841502605461e-02
2.662500000000000089e+00,4.717220911368422143e-01,-8.562852413412573582e-02,4.729314637234090235e-02,4.312681031264179454e-01,-6.333180161643163497e-02,2.376091961984272763e-02,-2.819027863811650672e-02,1.358904743532110028e-02
2.668750000000000178e+00,4.711878354925170820e-01,-8.533345193563135478e-02,4.713005607412255882e-02,4.308729651168396457e-01,-6.311248648642894810e-02,2.358541184760844581e-02,-2.797250859395900360e-02,1.349076538267294546e-02
2.675000000000000266e+00,4.706554208679356588e-01,-8.503939719912571860e-02,4.696755813168231042e-02,4.304791954851209246e-01,-6.289392026084669740e-02,2.341125952781602723e-02,-2.775653116560307387e-02,1.339321649388180123e-02
2.681250000000000355e+00,4.701248409155140418e-01,-8.474635622995228823e-02,4.680565012561029720e-02,4.300867895588583734e-01,-6.267610030159867507e-02,2.323845150690708253e-02,-2.754233028694696300e-02,1.329639505346507863e-02
2.687500000000000000e+00,4.695960893107130607e-01,-8.445432534853745954e-02,4.664432964875567245e-02,4.296957426821054749e-01,-6.245902398057390226e-02,2.306697673123546399e-02,-2.732989005187436149e-02,1.320029539323065888e-02
2.693750000000000089e+00,4.690691597519436873e-01,-8.416330089031422157e-02,4.648359430614364823e-02,4.293060502153103197e-01,-6.224268867959333734e-02,2.289682424607294639e-02,-2.711919471246096794e-02,1.310491189185431643e-02
2.700000000000000178e+00,4.685440459604738317e-01,-8.387327920564636996e-02,4.632344171489340134e-02,4.289177075352536006e-01,-6.202709179036692416e-02,2.272798319462613140e-02,-2.691022867720386375e-02,1.301023897446135572e-02
2.706250000000000266e+00,4.680207416803352505e-01,-8.358425665975305341e-02,4.616386950413659679e-02,4.285307100349871612e-01,-6.181223071445076517e-02,2.256044281706424265e-02,-2.670297650927307490e-02,1.291627111221227593e-02
2.712500000000000355e+00,4.674992406782307319e-01,-8.329622963263409730e-02,4.600487531493666071e-02,4.281450531237724344e-01,-6.159810286320453743e-02,2.239419244955783567e-02,-2.649742292478527231e-02,1.282300282189253494e-02
2.718750000000000000e+00,4.669795367434421696e-01,-8.300919451899556323e-02,4.584645680020880965e-02,4.277607322270192691e-01,-6.138470565774919313e-02,2.222922152332824572e-02,-2.629355279109917357e-02,1.273042866550630828e-02
2.725000000000000089e+00,4.664616236877386912e-01,-8.272314772817593309e-02,4.568861162464066261e-02,4.273777427862250899e-01,-6.117203652892476418e-02,2.206551956370752729e-02,-2.609135112513228522e-02,1.263854324987419807e-02
2.731250000000000178e+00,4.659454953452855652e-01,-8.243808568407284820e-02,4.553133746461372755e-02,4.269960802589144455e-01,-6.096009291724858309e-02,2.190307618920900312e-02,-2.589080309169893013e-02,1.254734122623491974e-02
2.737500000000000266e+00,4.654311455725533841e-01,-8.215400482507022317e-02,4.537463200812542896e-02,4.266157401185784459e-01,-6.074887227287354557e-02,2.174188111060799955e-02,-2.569189400186893193e-02,1.245681728985081199e-02
2.743750000000000355e+00,4.649185682482278037e-01,-8.187090160396585936e-02,4.521849295471187108e-02,4.262367178546146440e-01,-6.053837205554669226e-02,2.158192413003282711e-02,-2.549460931134690800e-02,1.236696617961721700e-02
2.750000000000000000e+00,4.644077572731196146e-01,-8.158877248789966896e-02,4.506291801537128106e-02,4.258590089722675276e-01,-6.032858973456797780e-02,2.142319514006585032e-02,-2.529893461887180311e-02,1.227778267767565962e-02
2.756250000000000089e+00,4.638987065700752033e-01,-8.130761395828209337e-02,4.490790491248809052e-02,4.254826089925685118e-01,-6.011952278874920647e-02,2.126568412285441412e-02,-2.510485566463630663e-02,1.218926160903074755e-02
2.762500000000000178e+00,4.633914100838880112e-01,-8.102742251072338198e-02,4.475345137975771798e-02,4.251075134522768195e-01,-5.991116870637335640e-02,2.110938114923172418e-02,-2.491235832872609746e-02,1.210139784117086025e-02
2.768750000000000266e+00,4.628858617812094400e-01,-8.074819465496299586e-02,4.459955516211198956e-02,4.247337179038205290e-01,-5.970352498515391765e-02,2.095427637784728903e-02,-2.472142862957836182e-02,1.201418628369244589e-02
2.775000000000000355e+00,4.623820556504613100e-01,-8.046992691479964988e-02,4.444621401564517738e-02,4.243612179152376762e-01,-5.949658913219454254e-02,2.080036005430701065e-02,-2.453205272245949017e-02,1.192762188792798571e-02
2.781250000000000000e+00,4.618799857017478194e-01,-8.019261582802181265e-02,4.429342570754069008e-02,4.239900090701174684e-01,-5.929035866394893189e-02,2.064762251032271206e-02,-2.434421689796167909e-02,1.184169964657756299e-02
2.787500000000000089e+00,4.613796459667683370e-01,-7.991625794633851199e-02,4.414118801599841574e-02,4.236200869675422753e-01,-5.908483110618082540e-02,2.049605416287095944e-02,-2.415790758051804960e-02,1.175641459334395358e-02
2.793750000000000178e+00,4.608810304987309148e-01,-7.964084983531087569e-02,4.398949873016269607e-02,4.232514472220295088e-01,-5.888000399392433887e-02,2.034564551336121713e-02,-2.397311132693626459e-02,1.167176180257130727e-02
2.800000000000000266e+00,4.603841333722656359e-01,-7.936638807428382514e-02,4.383835565005085588e-02,4.228840854634736690e-01,-5.867587487144441949e-02,2.019638714681299893e-02,-2.378981482495010069e-02,1.158773638888724485e-02
2.806250000000000355e+00,4.598889486833387941e-01,-7.909286925631836551e-02,4.368775658648242632e-02,4.225179973370888353e-01,-5.847244129219754394e-02,2.004826973104206767e-02,-2.360800489178894665e-02,1.150433350684843502e-02
2.812500000000000000e+00,4.593954705491674617e-01,-7.882028998812436182e-02,4.353769936100895105e-02,4.221531785033514894e-01,-5.826970081879257607e-02,1.990128401585552348e-02,-2.342766847276488845e-02,1.142154835058958526e-02
2.818750000000000089e+00,4.589036931081341697e-01,-7.854864688999353695e-02,4.338818180584428502e-02,4.217896246379431169e-01,-5.806765102295185360e-02,1.975542083225560741e-02,-2.324879263987709652e-02,1.133937615347577199e-02
2.825000000000000178e+00,4.584136105197023081e-01,-7.827793659573321905e-02,4.323920176379570518e-02,4.214273314316937524e-01,-5.786628948547255236e-02,1.961067109165230693e-02,-2.307136459043347340e-02,1.125781218775816564e-02
2.831250000000000266e+00,4.579252169643321380e-01,-7.800815575260022783e-02,4.309075708819539580e-02,4.210662945905250809e-01,-5.766561379618812683e-02,1.946702578508437143e-02,-2.289537164568902772e-02,1.117685176423300654e-02
2.837500000000000355e+00,4.574385066433964142e-01,-7.773930102123534358e-02,4.294284564283264161e-02,4.207065098353942045e-01,-5.746562155393001442e-02,1.932447598244889028e-02,-2.272080124950101240e-02,1.109649023190387683e-02
2.843750000000000000e+00,4.569534737790975631e-01,-7.747136907559819263e-02,4.279546530188652748e-02,4.203479729022375766e-01,-5.726631036648955481e-02,1.918301283173918029e-02,-2.254764096700043879e-02,1.101672297764719026e-02
2.850000000000000089e+00,4.564701126143840271e-01,-7.720435660290242419e-02,4.264861394985924870e-02,4.199906795419148797e-01,-5.706767785058003417e-02,1.904262755829089909e-02,-2.237587848327977566e-02,1.093754542588087908e-02
2.856250000000000178e+00,4.559884174128679413e-01,-7.693826030355149781e-02,4.250228948150996250e-02,4.196346255201536812e-01,-5.686972163179902090e-02,1.890331146403641249e-02,-2.220550160209671872e-02,1.085895303823627110e-02
2.862500000000000266e+00,4.555083824587430885e-01,-7.667307689107477620e-02,4.235648980178922940e-02,4.192798066174940330e-01,-5.667243934459085392e-02,1.876505592676709980e-02,-2.203649824459361431e-02,1.078094131323306844e-02
2.868750000000000355e+00,4.550300020567025761e-01,-7.640880309206395105e-02,4.221121282577395412e-02,4.189262186292328494e-01,-5.647582863220928368e-02,1.862785239940366669e-02,-2.186885644803250248e-02,1.070350578595743833e-02
2.875000000000000000e+00,4.545532705318579003e-01,-7.614543564611005178e-02,4.206645647860289550e-02,4.185738573653695616e-01,-5.627988714668036990e-02,1.849169240927432678e-02,-2.170256436454548118e-02,1.062664202774316578e-02
2.881250000000000089e+00,4.540781822296574011e-01,-7.588297130574066240e-02,4.192221869541272461e-02,4.182227186505509398e-01,-5.608461254876549035e-02,1.835656755740069229e-02,-2.153761025990013830e-02,1.055034564585582979e-02
2.887500000000000178e+00,4.536047315158059923e-01,-7.562140683635772131e-02,4.177849742127463101e-02,4.178727983240168031e-01,-5.589000250792467567e-02,1.822246951779142241e-02,-2.137398251228004795e-02,1.047461228318001709e-02
2.893750000000000266e+00,4.531329127761848374e-01,-7.536073901617558468e-02,4.163529061113141472e-02,4.175240922395459520e-01,-5.569605470227997901e-02,1.808939003674336216e-02,-2.121166961107985582e-02,1.039943761790945720e-02
2.900000000000000355e+00,4.526627204167711915e-01,-7.510096463615952012e-02,4.149259622973512640e-02,4.171765962654017112e-01,-5.550276681857911620e-02,1.795732093215021002e-02,-2.105066015571493629e-02,1.032481736324013244e-02
2.906250000000000000e+00,4.521941488635592976e-01,-7.484208049996464440e-02,4.135041225158525569e-02,4.168303062842784734e-01,-5.531013655215932107e-02,1.782625409281857892e-02,-2.089094285444540594e-02,1.025074726706627984e-02
2.912500000000000089e+00,4.517271925624808948e-01,-7.458408342387506940e-02,4.120873666086734277e-02,4.164852181932480191e-01,-5.511816160691122846e-02,1.769618147779131526e-02,-2.073250652321419196e-02,1.017722311167925699e-02
2.918750000000000178e+00,4.512618459793266146e-01,-7.432697023674370018e-02,4.106756745139220760e-02,4.161413279037061708e-01,-5.492683969524319448e-02,1.756709511567813853e-02,-2.057534008449915866e-02,1.010424071346930491e-02
2.925000000000000266e+00,4.507981035996678210e-01,-7.407073777993219976e-02,4.092690262653560923e-02,4.157986313413197244e-01,-5.473616853804556120e-02,1.743898710399330310e-02,-2.041943256617890015e-02,1.003179592263007090e-02
2.931250000000000355e+00,4.503359599287782844e-01,-7.381538290725137008e-02,4.078674019917843258e-02,4.154571244459733803e-01,-5.454614586465522663e-02,1.731184960850036883e-02,-2.026477310041212981e-02,9.959884622865948500e-03
2.937500000000000000e+00,4.498754094915567436e-01,-7.356090248490199102e-02,4.064707819164734004e-02,4.151168031717173412e-01,-5.435676941282039515e-02,1.718567486256392454e-02,-2.011135092253049997e-02,9.888502731102187873e-03
2.943750000000000089e+00,4.494164468324496342e-01,-7.330729339141588141e-02,4.050791463565593664e-02,4.147776634867145207e-01,-5.416803692866538344e-02,1.706045516650814275e-02,-1.995915536994452913e-02,9.817646197197684582e-03
2.950000000000000178e+00,4.489590665153740945e-01,-7.305455251759754298e-02,4.036924757224640697e-02,4.144397013731885848e-01,-5.397994616665582890e-02,1.693618288698223867e-02,-1.980817588106273397e-02,9.747311003660557790e-03
2.956250000000000266e+00,4.485032631236417489e-01,-7.280267676646590136e-02,4.023107505173163789e-02,4.141029128273718274e-01,-5.379249488956386327e-02,1.681285045633251762e-02,-1.965840199422345599e-02,9.677493165366314945e-03
2.962500000000000355e+00,4.480490312598821023e-01,-7.255166305319664388e-02,4.009339513363780610e-02,4.137672938594531558e-01,-5.360568086843356395e-02,1.669045037198114978e-02,-1.950982334663946965e-02,9.608188729278717422e-03
2.968750000000000000e+00,4.475963655459671564e-01,-7.230150830506476556e-02,3.995620588664742373e-02,4.134328404935270207e-01,-5.341950188254655091e-02,1.656897519581147435e-02,-1.936242967335511170e-02,9.539393774173248255e-03
2.975000000000000089e+00,4.471452606229355808e-01,-7.205220946138750360e-02,3.981950538854284183e-02,4.130995487675414024e-01,-5.323395571938775717e-02,1.644841755355972920e-02,-1.921621080621569236e-02,9.471104410363152468e-03
2.981250000000000178e+00,4.466957111509179956e-01,-7.180376347346768828e-02,3.968329172615028128e-02,4.127674147332470733e-01,-5.304904017461140736e-02,1.632877013421330653e-02,-1.907115667284921268e-02,9.403316779428093353e-03
2.987500000000000266e+00,4.462477118090620309e-01,-7.155616730453737140e-02,3.954756299528421060e-02,4.124364344561465834e-01,-5.286475305200712127e-02,1.621002568941521532e-02,-1.892725729566003406e-02,9.336027053945296361e-03
2.993750000000000355e+00,4.458012572954579422e-01,-7.130941792970182935e-02,3.941231730069224420e-02,4.121066040154433563e-01,-5.268109216346619772e-02,1.609217703287485132e-02,-1.878450279083440991e-02,9.269231437223230882e-03
3.000000000000000000e+00,4.453563423270646693e-01,-7.106351233588387162e-02,3.927755275600049167e-02,4.117779195039913964e-01,-5.249805532894809973e-02,1.597521703978495300e-02,-1.864288336735780982e-02,9.202926163037776150e-03
3.006250000000000089e+00,4.449129616396360620e-01,-7.081844752176852387e-02,3.914326748365925396e-02,4.114503770282447181e-01,-5.231564037644701598e-02,1.585913864624460129e-02,-1.850238932604368960e-02,9.137107495370829641e-03
3.012500000000000178e+00,4.444711099876475502e-01,-7.057422049774811357e-02,3.900945961488930247e-02,4.111239727082073303e-01,-5.213384514195874841e-02,1.574393484868836374e-02,-1.836301105857379712e-02,9.071771728151396125e-03
3.018750000000000266e+00,4.440307821442232572e-01,-7.033082828586750823e-02,3.887612728962847042e-02,4.107987026773834427e-01,-5.195266746944759290e-02,1.562959870332130199e-02,-1.822473904654964630e-02,9.006915184999034207e-03
3.025000000000000355e+00,4.435919729010631141e-01,-7.008826791976992265e-02,3.874326865647872292e-02,4.104745630827276726e-01,-5.177210521081351824e-02,1.551612332555990688e-02,-1.808756386055512810e-02,8.942534218969724544e-03
3.031250000000000000e+00,4.431546770683709169e-01,-6.984653644464285105e-02,3.861088187265364347e-02,4.101515500845954731e-01,-5.159215622585942157e-02,1.540350188947887250e-02,-1.795147615923009532e-02,8.878625212304093808e-03
3.037500000000000089e+00,4.427188894747818293e-01,-6.960563091716438777e-02,3.847896510392629504e-02,4.098296598566939508e-01,-5.141281838225855022e-02,1.529172762726358457e-02,-1.781646668835473388e-02,8.815184576177947581e-03
3.043750000000000178e+00,4.422846049672911617e-01,-6.936554840544996436e-02,3.834751652457759480e-02,4.095088885860327932e-01,-5.123408955552218730e-02,1.518079382866837322e-02,-1.768252627994469639e-02,8.752208750455172867e-03
3.050000000000000266e+00,4.418518184111828728e-01,-6.912628598899930865e-02,3.821653431734502171e-02,4.091892324728751973e-01,-5.105596762896737195e-02,1.507069384048030820e-02,-1.754964585135667526e-02,8.689694203442881876e-03
3.056250000000000355e+00,4.414205246899586266e-01,-6.888784075864375078e-02,3.808601667337173369e-02,4.088706877306895193e-01,-5.087845049368483474e-02,1.496142106598859212e-02,-1.741781640440445006e-02,8.627637431648836966e-03
3.062500000000000000e+00,4.409907187052670707e-01,-6.865020981649382070e-02,3.795596179215610794e-02,4.085532505861004804e-01,-5.070153604850710649e-02,1.485296896445945265e-02,-1.728702902448516973e-02,8.566034959541134197e-03
3.068750000000000089e+00,4.405623953768335599e-01,-6.841339027588719257e-02,3.782636788150167684e-02,4.082369172788408718e-01,-5.052522219997671732e-02,1.474533105061641078e-02,-1.715727487971575524e-02,8.504883339310072635e-03
3.075000000000000178e+00,4.401355496423901559e-01,-6.817737926133696225e-02,3.769723315746746628e-02,4.079216840617037598e-01,-5.034950686231466632e-02,1.463850089412600808e-02,-1.702854522007938090e-02,8.444179150632273589e-03
3.081250000000000266e+00,4.397101764576059613e-01,-6.794217390848020233e-02,3.756855584431871564e-02,4.076075472004943578e-01,-5.017438795738893981e-02,1.453247211908875389e-02,-1.690083137658174306e-02,8.383919000436926630e-03
3.087500000000000355e+00,4.392862707960176194e-01,-6.770777136402678087e-02,3.744033417447795165e-02,4.072945029739823974e-01,-4.999986341468322382e-02,1.442723840353534598e-02,-1.677412476041710912e-02,8.324099522674219612e-03
3.093750000000000000e+00,4.388638276489604806e-01,-6.747416878570859644e-02,3.731256638847654794e-02,4.069825476738546666e-01,-4.982593117126580401e-02,1.432279347892808849e-02,-1.664841686214399777e-02,8.264717378085892005e-03
3.100000000000000089e+00,4.384428420254996017e-01,-6.724136334222896583e-02,3.718525073490649285e-02,4.066716776046674364e-01,-4.965258917175850023e-02,1.421913112966738217e-02,-1.652369925087032038e-02,8.205769253977876834e-03
3.106250000000000178e+00,4.380233089523617451e-01,-6.700935221321246971e-02,3.705838547037272612e-02,4.063618890837998876e-01,-4.947983536830596885e-02,1.411624519260336157e-02,-1.639996357344794542e-02,8.147251863995088467e-03
3.112500000000000266e+00,4.376052234738667113e-01,-6.677813258915497874e-02,3.693196885944571850e-02,4.060531784414065926e-01,-4.930766772054490099e-02,1.401412955655245186e-02,-1.627720155367647775e-02,8.089161947898222682e-03
3.118750000000000355e+00,4.371885806518601147e-01,-6.654770167137404047e-02,3.680599917461445381e-02,4.057455420203712193e-01,-4.913608419557357471e-02,1.391277816181892349e-02,-1.615540499151618681e-02,8.031496271342622797e-03
3.125000000000000000e+00,4.367733755656455497e-01,-6.631805667195952991e-02,3.668047469623979956e-02,4.054389761762597910e-01,-4.896508276792144176e-02,1.381218499972132648e-02,-1.603456576230993455e-02,7.974251625659187562e-03
3.131250000000000089e+00,4.363596033119174766e-01,-6.608919481372454996e-02,3.655539371250816211e-02,4.051334772772743897e-01,-4.879466141951887409e-02,1.371234411212373522e-02,-1.591467581601401990e-02,7.917424827637251430e-03
3.137500000000000178e+00,4.359472590046943874e-01,-6.586111333015674807e-02,3.643075451938565523e-02,4.048290417042069711e-01,-4.862481813966712529e-02,1.361324959097182791e-02,-1.579572717643782515e-02,7.861012719309496202e-03
3.143750000000000266e+00,4.355363377752523024e-01,-6.563380946536974403e-02,3.630655542057242835e-02,4.045256658503934011e-01,-4.845555092500838240e-02,1.351489557783364277e-02,-1.567771194049210476e-02,7.805012167738793402e-03
3.150000000000000355e+00,4.351268347720584351e-01,-6.540728047405504342e-02,3.618279472745750125e-02,4.042233461216676038e-01,-4.828685777949594943e-02,1.341727626344501809e-02,-1.556062227744586628e-02,7.749420064807001698e-03
3.156250000000000000e+00,4.347187451607052444e-01,-6.518152362143400658e-02,3.605947075907386251e-02,4.039220789363162090e-01,-4.811873671436461136e-02,1.332038588725966213e-02,-1.544445042819168716e-02,7.694233327005704608e-03
3.162500000000000089e+00,4.343120641238447655e-01,-6.495653618321027556e-02,3.593658184205393569e-02,4.036218607250326995e-01,-4.795118574810112305e-02,1.322421873700375602e-02,-1.532918870451936352e-02,7.639448895228826905e-03
3.168750000000000178e+00,4.339067868611232170e-01,-6.473231544552240924e-02,3.581412631058539936e-02,4.033226879308726698e-01,-4.778420290641485768e-02,1.312876914823513270e-02,-1.521482948839787339e-02,7.585063734567184385e-03
3.175000000000000266e+00,4.335029085891160539e-01,-6.450885870489682372e-02,3.569210250636732640e-02,4.030245570092084173e-01,-4.761778622220859403e-02,1.303403150390685522e-02,-1.510136523126539079e-02,7.531074834104857681e-03
3.181250000000000355e+00,4.331004245412630183e-01,-6.428616326820092708e-02,3.557050877856668403e-02,4.027274644276841453e-01,-4.745193373554939392e-02,1.294000023393523414e-02,-1.498878845332738373e-02,7.477479206717449131e-03
3.187500000000000000e+00,4.326993299678038585e-01,-6.406422645259662874e-02,3.544934348377510452e-02,4.024314066661714429e-01,-4.728664349363973646e-02,1.284666981477221304e-02,-1.487709174286263626e-02,7.424273888872155898e-03
3.193750000000000089e+00,4.322996201357137691e-01,-6.384304558549400155e-02,3.532860498596606530e-02,4.021363802167245427e-01,-4.712191355078860361e-02,1.275403476898203867e-02,-1.476626775553706132e-02,7.371455940429655872e-03
3.200000000000000178e+00,4.319012903286399974e-01,-6.362261800450538796e-02,3.520829165645232572e-02,4.018423815835362456e-01,-4.695774196838294057e-02,1.266208966482224203e-02,-1.465630921372534055e-02,7.319022444447813303e-03
3.206250000000000266e+00,4.315043358468377277e-01,-6.340294105739958941e-02,3.508840187384375253e-02,4.015494072828935113e-01,-4.679412681485906056e-02,1.257082911582879658e-02,-1.454720890584010329e-02,7.266970506987134766e-03
3.212500000000000355e+00,4.311087520071071877e-01,-6.318401210205636109e-02,3.496893402400538114e-02,4.012574538431337157e-01,-4.663106616567427865e-02,1.248024778040545367e-02,-1.443895968566870185e-02,7.215297256917999752e-03
3.218750000000000000e+00,4.307145341427301988e-01,-6.296582850642129525e-02,3.484988650001588639e-02,4.009665178046007417e-01,-4.646855810327864267e-02,1.239034036141721182e-02,-1.433155447171740801e-02,7.163999845729641588e-03
3.225000000000000089e+00,4.303216776034076152e-01,-6.274838764846074612e-02,3.473125770212624752e-02,4.006765957196012917e-01,-4.630660071708682379e-02,1.230110160578783488e-02,-1.422498624656295604e-02,7.113075447340824926e-03
3.231250000000000178e+00,4.299301777551969295e-01,-6.253168691611724062e-02,3.461304603771889893e-02,4.003876841523615893e-01,-4.614519210345013195e-02,1.221252630410145021e-02,-1.411924805621138541e-02,7.062521257912282233e-03
3.237500000000000266e+00,4.295400299804497668e-01,-6.231572370726496529e-02,3.449524992126697109e-02,4.000997796789841354e-01,-4.598433036562869780e-02,1.212460929020807779e-02,-1.401433300946400978e-02,7.012334495660796536e-03
3.243750000000000355e+00,4.291512296777501567e-01,-6.210049542966559338e-02,3.437786777429404500e-02,3.998128788874044104e-01,-4.582401361376369636e-02,1.203734544083312832e-02,-1.391023427729047579e-02,6.962512400674980735e-03
3.250000000000000000e+00,4.287637722618529712e-01,-6.188599950092437546e-02,3.426089802533403839e-02,3.995269783773481853e-01,-4.566423996484982734e-02,1.195072967519079932e-02,-1.380694509220883187e-02,6.913052234732720500e-03
3.256250000000000089e+00,4.283776531636222518e-01,-6.167223334844636889e-02,3.414433910989149445e-02,3.992420747602886122e-01,-4.550500754270778159e-02,1.186475695460128925e-02,-1.370445874767245095e-02,6.863951281120233942e-03
3.262500000000000178e+00,4.279928678299702582e-01,-6.145919440939309059e-02,3.402818947040214120e-02,3.989581646594037023e-01,-4.534631447795699905e-02,1.177942228211189234e-02,-1.360276859746385215e-02,6.815206844452801824e-03
3.268750000000000266e+00,4.276094117237967396e-01,-6.124688013063925990e-02,3.391244755619373524e-02,3.986752447095339158e-01,-4.518815890798843354e-02,1.169472070212178826e-02,-1.350186805509518209e-02,6.766816250497065949e-03
3.275000000000000355e+00,4.272272803239280381e-01,-6.103528796872987466e-02,3.379711182344717624e-02,3.983933115571400285e-01,-4.503053897693747726e-02,1.161064730001059794e-02,-1.340175059321537833e-02,6.718776845994946928e-03
3.281250000000000000e+00,4.268464691250571375e-01,-6.082441538983748147e-02,3.368218073515797523e-02,3.981123618602607772e-01,-4.487345283565707249e-02,1.152719720177061528e-02,-1.330240974302389703e-02,6.671085998489133598e-03
3.287500000000000089e+00,4.264669736376834330e-01,-6.061425986971968188e-02,3.356765276109789642e-02,3.978323922884712815e-01,-4.471689864169081652e-02,1.144436557364266263e-02,-1.320383909369090593e-02,6.623741096150127620e-03
3.293750000000000178e+00,4.260887893880530020e-01,-6.040481889367695784e-02,3.345352637777702920e-02,3.975533995228411888e-01,-4.456087455924636481e-02,1.136214762175560486e-02,-1.310603229178393739e-02,6.576739547604861479e-03
3.300000000000000266e+00,4.257119119180989841e-01,-6.019608995651064276e-02,3.333980006840599891e-02,3.972753802558930403e-01,-4.440537875916884120e-02,1.128053859176936409e-02,-1.300898304070080211e-02,6.530078781766823076e-03
3.306250000000000355e+00,4.253363367853825183e-01,-5.998807056248115638e-02,3.322647232285854541e-02,3.969983311915608604e-01,-4.425040941891438678e-02,1.119953376852148887e-02,-1.291268510010879292e-02,6.483756247667713836e-03
3.312500000000000000e+00,4.249620595630337339e-01,-5.978075822526648930e-02,3.311354163763435138e-02,3.967222490451491335e-01,-4.409596472252386851e-02,1.111912847567722573e-02,-1.281713228539005552e-02,6.437769414290606465e-03
3.318750000000000089e+00,4.245890758396927978e-01,-5.957415046792086111e-02,3.300100651582207889e-02,3.964471305432914483e-01,-4.394204286059668479e-02,1.103931807538298046e-02,-1.272231846709301860e-02,6.392115770404582439e-03
3.325000000000000178e+00,4.242173812194516835e-01,-5.936824482283374615e-02,3.288886546706283609e-02,3.961729724239097528e-01,-4.378864203026472390e-02,1.096009796792326955e-02,-1.262823757038991634e-02,6.346792824400867422e-03
3.331250000000000266e+00,4.238469713217958290e-01,-5.916303883168894800e-02,3.277711700751372026e-02,3.958997714361736087e-01,-4.363576043516640551e-02,1.088146359138097465e-02,-1.253488357454019334e-02,6.301798104130403901e-03
3.337500000000000355e+00,4.234778417815461826e-01,-5.895853004542402770e-02,3.266575965981175639e-02,3.956275243404595576e-01,-4.348339628542085417e-02,1.080341042130097268e-02,-1.244225051235981275e-02,6.257129156742877521e-03
3.343750000000000000e+00,4.231099882488016939e-01,-5.875471602418992634e-02,3.255479195303805778e-02,3.953562279083107089e-01,-4.333154779760223924e-02,1.072593397035704645e-02,-1.235033246969636719e-02,6.212783548527179775e-03
3.350000000000000089e+00,4.227434063888813598e-01,-5.855159433731074031e-02,3.244421242268221567e-02,3.950858789223964940e-01,-4.318021319471412878e-02,1.064902978802204254e-02,-1.225912358490988986e-02,6.168758864753272342e-03
3.362500000000000266e+00,4.220140404245515398e-01,-5.814741828954182734e-02,3.222421206501468322e-02,3.945480104753422146e-01,-4.287907856773947451e-02,1.049692060912242944e-02,-1.207881010191778036e-02,6.081662705583981698e-03
3.375000000000000000e+00,4.212897095133475434e-01,-5.774598263866024400e-02,3.200574699755862756e-02,3.940138934816564964e-01,-4.257997831614888234e-02,1.034704800402189671e-02,-1.190126420111567267e-02,5.995821735088634197e-03
3.387500000000000178e+00,4.205703795199529083e-01,-5.734726826544815637e-02,3.178880573136648457e-02,3.934835025991713642e-01,-4.228289845284936149e-02,1.019937766036600919e-02,-1.172644082817060791e-02,5.911217302938569923e-03
3.400000000000000355e+00,4.198560165471465488e-01,-5.695125619367842618e-02,3.157337687669806159e-02,3.929568126599289890e-01,-4.198782509120408540e-02,1.005387582401171855e-02,-1.155429572101591452e-02,5.827831047797433009e-03
3.412500000000000089e+00,4.191465869340229577e-01,-5.655792758888125715e-02,3.135944914194194189e-02,3.924337986689306335e-01,-4.169474444424200316e-02,9.910509289220053794e-03,-1.138478539454315999e-02,5.745644892587564029e-03
3.425000000000000266e+00,4.184420572542277283e-01,-5.616726375712419173e-02,3.114701133255209919e-02,3.919144358028958108e-01,-4.140364282387460487e-02,9.769245389038077113e-03,-1.121786712562283794e-02,5.664641039839568050e-03
3.437500000000000000e+00,4.177423943142086760e-01,-5.577924614380545820e-02,3.093605234999977083e-02,3.913986994090314364e-01,-4.111450664012011869e-02,9.630051985866134104e-03,-1.105349893844597559e-02,5.584801967123488413e-03
3.450000000000000178e+00,4.170475651514815030e-01,-5.539385633246012713e-02,3.072656119073990250e-02,3.908865650038097495e-01,-4.082732240033461885e-02,9.492897462206282069e-03,-1.089163959017887436e-02,5.506110422559970345e-03
3.462500000000000355e+00,4.163575370329104519e-01,-5.501107604357928504e-02,3.051852694519228276e-02,3.903780082717567823e-01,-4.054207670845031558e-02,9.357750711588201306e-03,-1.073224855692367016e-02,5.428549420409955507e-03
3.475000000000000089e+00,4.156722774530039466e-01,-5.463088713344173980e-02,3.031193879673684324e-02,3.898730050642497669e-01,-4.025875626422074222e-02,9.224581129668662019e-03,-1.057528601997736149e-02,5.352102236741376577e-03
3.487500000000000266e+00,4.149917541322240555e-01,-5.425327159295816049e-02,3.010678602072299273e-02,3.893715313983239223e-01,-3.997734786247281180e-02,9.093358605500943825e-03,-1.042071285238223462e-02,5.276752405171383428e-03
3.500000000000000000e+00,4.143159350153111098e-01,-5.387821154652769340e-02,2.990305798349279093e-02,3.888735634554890130e-01,-3.969783839236575712e-02,8.964053512970616977e-03,-1.026849060576090489e-02,5.202483712682733942e-03
3.512500000000000178e+00,4.136447882696219214e-01,-5.350568925090649214e-02,2.970074414141753508e-02,3.883790775805542883e-01,-3.942021483665670428e-02,8.836636702394092685e-03,-1.011858149742912369e-02,5.129280195512851519e-03
3.525000000000000355e+00,4.129782822834826561e-01,-5.313568709408836299e-02,2.949983403994774211e-02,3.878880502804634700e-01,-3.914446427097299785e-02,8.711079492276608410e-03,-9.970948397779963793e-03,5.057126135114282071e-03
3.537500000000000089e+00,4.123163856645549186e-01,-5.276818759419711624e-02,2.930031731267614820e-02,3.874004582231383442e-01,-3.887057386309102774e-02,8.587353661226220305e-03,-9.825554817932923013e-03,4.986006054185117622e-03
3.550000000000000266e+00,4.116590672382162697e-01,-5.240317339839057481e-02,2.910218368041350354e-02,3.869162782363310682e-01,-3.859853087222155782e-02,8.465431440020548468e-03,-9.682364897641791354e-03,4.915904712768127093e-03
3.562500000000000000e+00,4.110062960459539005e-01,-5.204062728177608760e-02,2.890542295027709319e-02,3.864354873064861362e-01,-3.832832264830159791e-02,8.345285503823140355e-03,-9.541343393455291658e-03,4.846807104417299311e-03
3.575000000000000178e+00,4.103580413437721286e-01,-5.168053214633727688e-02,2.871002501479152230e-02,3.859580625776102281e-01,-3.805993663129249305e-02,8.226888964546198030e-03,-9.402455667124521091e-03,4.778698452430502411e-03
3.587500000000000355e+00,4.097142726006130498e-01,-5.132287101987207528e-02,2.851597985100178326e-02,3.854839813501516610e-01,-3.779336035048441039e-02,8.110215363356782642e-03,-9.265667674251574712e-03,4.711564206147076522e-03
3.600000000000000089e+00,4.090749594967904024e-01,-5.096762705494166379e-02,2.832327751959826806e-02,3.850132210798878352e-01,-3.752858142380702949e-02,7.995238663323371922e-03,-9.130945953173702848e-03,4.645390037309101230e-03
3.612500000000000266e+00,4.084400719224365872e-01,-5.061478352783026907e-02,2.813190816405350403e-02,3.845457593768216165e-01,-3.726558755714630411e-02,7.881933242199941347e-03,-8.998257614077558725e-03,4.580161836485173790e-03
3.625000000000000000e+00,4.078095799759624551e-01,-5.026432383751581329e-02,2.794186200977056417e-02,3.840815740040859905e-01,-3.700436654366746903e-02,7.770273885344726635e-03,-8.867570328338337388e-03,4.515865709555549716e-03
3.637500000000000178e+00,4.071834539625302507e-01,-4.991623150465095832e-02,2.775312936324274282e-02,3.836206428768574872e-01,-3.674490626314388941e-02,7.660235778770824351e-03,-8.738852318078502851e-03,4.452487974257467000e-03
3.650000000000000355e+00,4.065616643925387685e-01,-4.957049017055473877e-02,2.756570061122449664e-02,3.831629440612777104e-01,-3.648719468129203725e-02,7.551794502326015547e-03,-8.612072345941213306e-03,4.390015156789594912e-03
3.662500000000000089e+00,4.059441819801213325e-01,-4.922708359621438823e-02,2.737956621991334202e-02,3.827084557733829162e-01,-3.623121984911222698e-02,7.444926022999066341e-03,-8.487199705073437961e-03,4.328433988474461591e-03
3.675000000000000266e+00,4.053309776416562094e-01,-4.888599566129733787e-02,2.719471673414254609e-02,3.822571563780424175e-01,-3.597696990223521463e-02,7.339606688349955416e-03,-8.364204209314021060e-03,4.267731402477814399e-03
3.687500000000000000e+00,4.047220224942892353e-01,-4.854721036317331817e-02,2.701114277658452079e-02,3.818090243879043721e-01,-3.572443306027463239e-02,7.235813220061526954e-03,-8.243056183582092578e-03,4.207894530583880001e-03
3.700000000000000178e+00,4.041172878544682656e-01,-4.821071181594622362e-02,2.682883504696456645e-02,3.813640384623504520e-01,-3.547359762618498835e-02,7.133522707610014633e-03,-8.123726454461162663e-03,4.148910700025455582e-03
3.712500000000000355e+00,4.035167452364905594e-01,-4.787648424949588616e-02,2.664778432128499935e-02,3.809221774064576183e-01,-3.522445198562543928e-02,7.032712602052106944e-03,-8.006186340974623741e-03,4.090767430367872777e-03
3.725000000000000089e+00,4.029203663510611544e-01,-4.754451200852935489e-02,2.646798145105930949e-02,3.804834201699686669e-01,-3.497698460632909373e-02,6.933360709926116548e-03,-7.890407645548207227e-03,4.033452430445804739e-03
3.737500000000000266e+00,4.023281231038632888e-01,-4.721477955164174456e-02,2.628941736255628950e-02,3.800477458462698799e-01,-3.473118403747776917e-02,6.835445187264974250e-03,-7.776362645155262751e-03,3.976953595351963126e-03
3.750000000000000000e+00,4.017399875941410903e-01,-4.688727145038650707e-02,2.611208305605396476e-02,3.796151336713771141e-01,-3.448703890908234176e-02,6.738944533718811518e-03,-7.664024082640770279e-03,3.921259003476767341e-03
3.762500000000000178e+00,4.011559321132928124e-01,-4.656197238835486224e-02,2.593596960510309232e-02,3.791855630229288288e-01,-3.424453793136835594e-02,6.643837586784853873e-03,-7.553365158220012865e-03,3.866356913597995913e-03
3.775000000000000355e+00,4.005759291434765612e-01,-4.623886716026451987e-02,2.576106815580018333e-02,3.787590134191877733e-01,-3.400366989416712948e-02,6.550103516142559944e-03,-7.444359521148092781e-03,3.812235762019576535e-03
3.787500000000000089e+00,3.999999513562265130e-01,-4.591794067105731819e-02,2.558736992606976818e-02,3.783354645180493359e-01,-3.376442366631202813e-02,6.457721818091801368e-03,-7.336981261556419984e-03,3.758884159758568450e-03
3.800000000000000266e+00,3.994279716110808454e-01,-4.559917793500577188e-02,2.541486620495585907e-02,3.779148961160577191e-01,-3.352678819503997903e-02,6.366672310092072982e-03,-7.231204902452484026e-03,3.706290889779485440e-03
3.812500000000000000e+00,3.988599629542206038e-01,-4.528256407482852963e-02,2.524354835192242283e-02,3.774972881474299435e-01,-3.329075250539830638e-02,6.276935125400733180e-03,-7.127005391879328092e-03,3.654444904275118075e-03
3.825000000000000178e+00,3.982958986171196147e-01,-4.496808432081439433e-02,2.507340779616267987e-02,3.770826206830865113e-01,-3.305630569965647275e-02,6.188490707808217035e-03,-7.024358095231106498e-03,3.603335321992973128e-03
3.837500000000000355e+00,3.977357520152054460e-01,-4.465572400995501678e-02,2.490443603591717056e-02,3.766708739296900088e-01,-3.282343695672305939e-02,6.101319806468407693e-03,-6.923238787721388947e-03,3.552951425606550809e-03
3.850000000000000089e+00,3.971794967465306914e-01,-4.434546858508601336e-02,2.473662463780037721e-02,3.762620282286908147e-01,-3.259213553156772858e-02,6.015403470822171077e-03,-6.823623647000759407e-03,3.503282659130618933e-03
3.862500000000000266e+00,3.966271065904554693e-01,-4.403730359403643102e-02,2.456996523613575595e-02,3.758560640553795240e-01,-3.236239075464806408e-02,5.930723045612265425e-03,-6.725489245920470913e-03,3.454318625379700775e-03
3.875000000000000000e+00,3.960785555063401908e-01,-4.373121468878653217e-02,2.440444953229917169e-02,3.754529620179474225e-01,-3.213419203134145613e-02,5.847260165987835413e-03,-6.628812545438982594e-03,3.406049083469024196e-03
3.887500000000000178e+00,3.955338176322490407e-01,-4.342718762463367022e-02,2.424006929407039601e-02,3.750527028565531773e-01,-3.190752884138173262e-02,5.764996752696651197e-03,-6.533570887668191385e-03,3.358463946357119739e-03
3.900000000000000355e+00,3.949928672836633403e-01,-4.312520825936627666e-02,2.407681635499274442e-02,3.746552674423969664e-01,-3.168239073830070307e-02,5.683915007363459122e-03,-6.439741989056387700e-03,3.311553278429382047e-03
3.912500000000000089e+00,3.944556789522059570e-01,-4.282526255244577945e-02,2.391468261374058921e-02,3.742606367768013809e-01,-3.145876734887440018e-02,5.603997407852679899e-03,-6.347303933704903645e-03,3.265307293121810957e-03
3.925000000000000266e+00,3.939222273043750944e-01,-4.252733656419633440e-02,2.375366003349465779e-02,3.738687919902995982e-01,-3.123664837257400864e-02,5.525226703713819257e-03,-6.256235166815573255e-03,3.219716350584237493e-03
3.937500000000000000e+00,3.933924871802888523e-01,-4.223141645500241848e-02,2.359374064132506443e-02,3.734797143417297183e-01,-3.101602358102157828e-02,5.447585911708021159e-03,-6.166514488266203187e-03,3.174770955382346955e-03
3.950000000000000178e+00,3.928664335924391682e-01,-4.193748848451397948e-02,2.343491652758181512e-02,3.730933852173364818e-01,-3.079688281745021627e-02,5.371058311414095635e-03,-6.078121046311226253e-03,3.130461754237762271e-03
3.962500000000000355e+00,3.923440417244561385e-01,-4.164553901085924631e-02,2.327717984529281345e-02,3.727097861298794834e-01,-3.057921599616895969e-02,5.295627440912558867e-03,-5.991034331404915779e-03,3.086779533805568757e-03
3.975000000000000089e+00,3.918252869298817775e-01,-4.135555448986497767e-02,2.312052280956918004e-02,3.723288987177479914e-01,-3.036301310203210271e-02,5.221277092546107793e-03,-5.905234170144465014e-03,3.043715218488565570e-03
3.987500000000000266e+00,3.913101447309536574e-01,-4.106752147428404526e-02,2.296493769701771909e-02,3.719507047440823166e-01,-3.014826418991300994e-02,5.147991308755068586e-03,-5.820700719330381551e-03,3.001259868287618499e-03
4.000000000000000000e+00,3.907985908173982059e-01,-4.078142661303045535e-02,2.281041684516058043e-02,3.715751860959021768e-01,-2.993495938418241561e-02,5.075754377986398287e-03,-5.737414460141728248e-03,2.959404676687486108e-03
4.012500000000000178e+00,3.902906010452333319e-01,-4.049725665042142042e-02,2.265695265186181556e-02,3.712023247832407225e-01,-2.972308887819103893e-02,5.004550830674748575e-03,-5.655356192423671019e-03,2.918140968577451373e-03
4.025000000000000355e+00,3.897861514355805967e-01,-4.021499842542668873e-02,2.250453757476088279e-02,3.708321029382860567e-01,-2.951264293375659847e-02,4.934365435294286312e-03,-5.574507029085048852e-03,2.877460198206198937e-03
4.037500000000000533e+00,3.892852181734867689e-01,-3.993463887092485454e-02,2.235316413071289712e-02,3.704645028145279739e-01,-2.930361188065510117e-02,4.865183194479842307e-03,-5.494848390603533118e-03,2.837353947170287438e-03
4.049999999999999822e+00,3.887877776067545921e-01,-3.965616501296659324e-02,2.220282489523555183e-02,3.700995067859123022e-01,-2.909598611611639504e-02,4.796989341216101148e-03,-5.416361999636164389e-03,2.797813922435658362e-03
4.062500000000000000e+00,3.882938062447825467e-01,-3.937956397004478692e-02,2.205351250196259730e-02,3.697370973460001875e-01,-2.888975610432388888e-02,4.729769335093483330e-03,-5.339029875732982135e-03,2.758831954391569898e-03
4.075000000000000178e+00,3.878032807574140484e-01,-3.910482295237153322e-02,2.190521964210385281e-02,3.693772571071348709e-01,-2.868491237591857049e-02,4.663508858629526223e-03,-5.262834330151650031e-03,2.720399994936439740e-03
4.087500000000000355e+00,3.873161779737953614e-01,-3.883192926116171839e-02,2.175793906391152929e-02,3.690199687996135736e-01,-2.848144552750700789e-02,4.598193813654414229e-03,-5.187757960770859877e-03,2.682510115594972325e-03
4.100000000000000533e+00,3.868324748812423386e-01,-3.856087028792331423e-02,2.161166357215284911e-02,3.686652152708664310e-01,-2.827934622117353816e-02,4.533810317759502835e-03,-5.113783647100496668e-03,2.645154505666071770e-03
4.112499999999999822e+00,3.863521486241165981e-01,-3.829163351375422519e-02,2.146638602758886918e-02,3.683129794846406457e-01,-2.807860518399646690e-02,4.470344700807628302e-03,-5.040894545386536037e-03,2.608325470400987139e-03
4.125000000000000000e+00,3.858751765027094160e-01,-3.802420650864550555e-02,2.132209934645934099e-02,3.679632445201912461e-01,-2.787921320756824375e-02,4.407783501503999973e-03,-4.969074083808645327e-03,2.572015429211149673e-03
4.137500000000000178e+00,3.854015359721353895e-01,-3.775857693079117533e-02,2.117879649997366984e-02,3.676159935714775617e-01,-2.768116114751972140e-02,4.346113464026591863e-03,-4.898305957768647745e-03,2.536216913905226227e-03
4.150000000000000355e+00,3.849312046412339816e-01,-3.749473252590419109e-02,2.103647051380769586e-02,3.672712099463659174e-01,-2.748443992304821018e-02,4.285321534714836567e-03,-4.828574125267846850e-03,2.500922566954825142e-03
4.162500000000000533e+00,3.844641602714797268e-01,-3.723266112653873805e-02,2.089511446760634189e-02,3.669288770658377663e-01,-2.728904051644950868e-02,4.225394858815571114e-03,-4.759862802371444580e-03,2.466125139788400474e-03
4.174999999999999822e+00,3.840003807759010401e-01,-3.697235065141871863e-02,2.075472149449199624e-02,3.665889784632038184e-01,-2.709495397265377845e-02,4.166320777285144501e-03,-4.692156458758221793e-03,2.431817491112849786e-03
4.187500000000000000e+00,3.835398442180070200e-01,-3.671378910477222923e-02,2.061528478057851263e-02,3.662514977833241647e-01,-2.690217139876514493e-02,4.108086823646608758e-03,-4.625439813353700649e-03,2.397992585262316307e-03
4.200000000000000178e+00,3.830825288107232440e-01,-3.645696457567233761e-02,2.047679756449086869e-02,3.659164187818339520e-01,-2.671068396360526398e-02,4.050680720901030790e-03,-4.559697830045128693e-03,2.364643490573760040e-03
4.212500000000000355e+00,3.826284129153346703e-01,-3.620186523738354312e-02,2.033925313689023337e-02,3.655837253243745533e-01,-2.652048289726044103e-02,3.994090378491809562e-03,-4.494915713476509145e-03,2.331763377788785216e-03
4.225000000000000533e+00,3.821774750404379195e-01,-3.594847934671430156e-02,2.020264484000447794e-02,3.652534013858307338e-01,-2.633155949063255633e-02,3.938303889321100905e-03,-4.431078904922107486e-03,2.299345518481315988e-03
4.237499999999999822e+00,3.817296938409006080e-01,-3.569679524337537879e-02,2.006696606716402292e-02,3.649254310495733677e-01,-2.614390509499364690e-02,3.883309526817326027e-03,-4.368173078236796750e-03,2.267383283510651572e-03
4.250000000000000000e+00,3.812850481168289507e-01,-3.544680134934384552e-02,1.993221026234289969e-02,3.645997985067071512e-01,-2.595751112154406903e-02,3.829095742052818305e-03,-4.306184135881654246e-03,2.235870141499462366e-03
4.262500000000000178e+00,3.808435168125438586e-01,-3.519848616823300497e-02,1.979837091970507862e-02,3.642764880553246987e-01,-2.577236904097437303e-02,3.775651160910725376e-03,-4.245098205023326542e-03,2.204799657336331108e-03
4.275000000000000355e+00,3.804050790155639739e-01,-3.495183828466773279e-02,1.966544158315581062e-02,3.639554840997653584e-01,-2.558847038303062663e-02,3.722964581300174276e-03,-4.184901633705597097e-03,2.174165490702367233e-03
4.287500000000000533e+00,3.799697139555969772e-01,-3.470684636366553472e-02,1.953341584589804794e-02,3.636367711498798561e-01,-2.540580673608333270e-02,3.671024970418870857e-03,-4.125580987091724550e-03,2.143961394621524911e-03
4.299999999999999822e+00,3.795374010035387768e-01,-3.446349915002306502e-02,1.940228734999382629e-02,3.633203338203001009e-01,-2.522436974669984081e-02,3.619821462062231855e-03,-4.067123043776120495e-03,2.114181214034202387e-03
4.312500000000000000e+00,3.791081196704795264e-01,-3.422178546770802965e-02,1.927204978593048332e-02,3.630061568297143770e-01,-2.504415111922014131e-02,3.569343353978180096e-03,-4.009514792163929552e-03,2.084818884393714947e-03
4.325000000000000178e+00,3.786818496067184681e-01,-3.398169421925669592e-02,1.914269689219179685e-02,3.626942250001478629e-01,-2.486514261533625744e-02,3.519580105266811344e-03,-3.952743426917204594e-03,2.055868430285286760e-03
4.337500000000000355e+00,3.782585706007849935e-01,-3.374321438517649541e-02,1.901422245483378598e-02,3.623845232562482033e-01,-2.468733605367487427e-02,3.470521333824040308e-03,-3.896796345466253374e-03,2.027323964067129659e-03
4.350000000000000533e+00,3.778382625784679760e-01,-3.350633502335400443e-02,1.888662030706522027e-02,3.620770366245766869e-01,-2.451072330938340246e-02,3.422156813828470742e-03,-3.841661144584910571e-03,1.999179684533272747e-03
4.362499999999999822e+00,3.774209056018521524e-01,-3.327104526846818427e-02,1.875988432883278836e-02,3.617717502329040324e-01,-2.433529631371938659e-02,3.374476473270683445e-03,-3.787325617028427724e-03,1.971429875597754261e-03
4.375000000000000000e+00,3.770064798683618323e-01,-3.303733433140862430e-02,1.863400844641072834e-02,3.614686493095116693e-01,-2.416104705364314695e-02,3.327470391524146778e-03,-3.733777748232710355e-03,1.944068904999812254e-03
4.387500000000000178e+00,3.765949657098118242e-01,-3.280519149869912110e-02,1.850898663199507937e-02,3.611677191824980704e-01,-2.398796757141381450e-02,3.281128796957046706e-03,-3.681005713073732654e-03,1.917091223029738448e-03
4.400000000000000355e+00,3.761863435914658549e-01,-3.257460613192606630e-02,1.838481290330224241e-02,3.608689452790899144e-01,-2.381604996418847792e-02,3.235442064584216279e-03,-3.628997872685855129e-03,1.890491361275015115e-03
4.412500000000000533e+00,3.757805941111014292e-01,-3.234556766717197607e-02,1.826148132317197831e-02,3.605723131249583546e-01,-2.364528638362462312e-02,3.190400713758493635e-03,-3.577742771337927199e-03,1.864263931386415593e-03
4.424999999999999822e+00,3.753776979980825157e-01,-3.211806561445391950e-02,1.813898599917467686e-02,3.602778083435402290e-01,-2.347566903548573003e-02,3.145995405900774318e-03,-3.527229133366010724e-03,1.838403623863724525e-03
4.437500000000000000e+00,3.749776361124384505e-01,-3.189208955716672789e-02,1.801732108322287584e-02,3.599854166553642099e-01,-2.330719017924996056e-02,3.102216942268038857e-03,-3.477445860161584336e-03,1.812905206860736728e-03
4.450000000000000178e+00,3.745803894439506676e-01,-3.166762915153125552e-02,1.789648077118700248e-02,3.596951238773818393e-01,-2.313984212772210794e-02,3.059056261758716366e-03,-3.428382027214181213e-03,1.787763525009238496e-03
4.462500000000000355e+00,3.741859391112453137e-01,-3.144467412604719930e-02,1.777645930251520873e-02,3.594069159223033938e-01,-2.297361724664850197e-02,3.016504438754656018e-03,-3.380026881207318437e-03,1.762973498261614187e-03
4.475000000000000533e+00,3.737942663608935234e-01,-3.122321428095074791e-02,1.765725095985729715e-02,3.591207787979381894e-01,-2.280850795433503331e-02,2.974552680999078842e-03,-3.332369837166721752e-03,1.738530120751794915e-03
4.487499999999999822e+00,3.734053525665179118e-01,-3.100323948767692503e-02,1.753885006869265045e-02,3.588366986065404940e-01,-2.264450672126822051e-02,2.933192327509861076e-03,-3.285400475659794491e-03,1.714428459674230149e-03
4.500000000000000000e+00,3.730191792279057839e-01,-3.078473968832643945e-02,1.742125099696213014e-02,3.585546615441590479e-01,-2.248160606973923295e-02,2.892414846527493338e-03,-3.239108540045315850e-03,1.690663654180572578e-03
4.512500000000000178e+00,3.726357279701295044e-01,-3.056770489513730912e-02,1.730444815470393027e-02,3.582746538999922459e-01,-2.231979857347098778e-02,2.852211833497136223e-03,-3.193483933772426567e-03,1.667230914293806260e-03
4.525000000000000355e+00,3.722549805426726421e-01,-3.035212518996082201e-02,1.718843599369321642e-02,3.579966620557475387e-01,-2.215907685724810214e-02,2.812575009084110084e-03,-3.148516717727881976e-03,1.644125519839491952e-03
4.537500000000000533e+00,3.718769188185633845e-01,-3.013799072374208354e-02,1.707320900708561920e-02,3.577206724850051089e-01,-2.199943359654982569e-02,2.773496217222259572e-03,-3.104197107630671682e-03,1.621342819393868304e-03
4.549999999999999822e+00,3.715015247935138931e-01,-2.992529171600497723e-02,1.695876172906446780e-02,3.574466717525869308e-01,-2.184086151718585278e-02,2.734967423194595727e-03,-3.060515471473070417e-03,1.598878229248521399e-03
4.562500000000000000e+00,3.711287805850663757e-01,-2.971401845434144817e-02,1.684508873449171509e-02,3.571746465139294391e-01,-2.168335339493496911e-02,2.696980711745623240e-03,-3.017462327007207172e-03,1.576727232391337066e-03
4.575000000000000178e+00,3.707586684317452086e-01,-2.950416129390527262e-02,1.673218463856256111e-02,3.569045835144616374e-01,-2.152690205518665439e-02,2.659528285224835482e-03,-2.975028339276308657e-03,1.554885377503488529e-03
4.587500000000000355e+00,3.703911706922159430e-01,-2.929571065690996998e-02,1.662004409646363964e-02,3.566364695889868153e-01,-2.137150037258538429e-02,2.622602461760766262e-03,-2.933204318189693797e-03,1.533348277972165384e-03
4.600000000000000533e+00,3.700262698444496956e-01,-2.908865703213104129e-02,1.650866180303477496e-02,3.563702916610692051e-01,-2.121714127067777719e-02,2.586195673465098259e-03,-2.891981216140723007e-03,1.512111610918799500e-03
4.612499999999999822e+00,3.696639484848946444e-01,-2.888299097441242649e-02,1.639803249243427033e-02,3.561060367424249695e-01,-2.106381772156252705e-02,2.550300464666284319e-03,-2.851350125666855719e-03,1.491171116242529827e-03
4.625000000000000000e+00,3.693041893276528542e-01,-2.867870310417701407e-02,1.628815093780761752e-02,3.558436919323172409e-01,-2.091152274554300416e-02,2.514909490172142527e-03,-2.811302277150990424e-03,1.470522595678641761e-03
4.637500000000000178e+00,3.689469752036639294e-01,-2.847578410694147355e-02,1.617901195095969302e-02,3.555832444169560458e-01,-2.076024941078271138e-02,2.480015513560961463e-03,-2.771829036563341724e-03,1.450161911871757948e-03
4.650000000000000355e+00,3.685922890598940516e-01,-2.827422473283495649e-02,1.607061038203027106e-02,3.553246814689019484e-01,-2.060999083296328679e-02,2.445611405500552719e-03,-2.732921903243014806e-03,1.430084987463506882e-03
4.662500000000000533e+00,3.682401139585316230e-01,-2.807401579612195386e-02,1.596294111917289857e-02,3.550679904464742465e-01,-2.046074017494526470e-02,2.411690142094805728e-03,-2.694572507718565654e-03,1.410287804194452002e-03
4.674999999999999822e+00,3.678904330761881836e-01,-2.787514817472912590e-02,1.585599908823704177e-02,3.548131587931634412e-01,-2.031249064643146987e-02,2.378244803257242683e-03,-2.656772609566784588e-03,1.390766402020038881e-03
4.687500000000000000e+00,3.675432297031057671e-01,-2.767761280977600394e-02,1.574977925245348714e-02,3.545601740370476485e-01,-2.016523550363297917e-02,2.345268571111092624e-03,-2.619514095308961548e-03,1.371516878240324139e-03
4.700000000000000178e+00,3.671984872423700308e-01,-2.748140070510977917e-02,1.564427661212295859e-02,3.543090237902135065e-01,-2.001896804893777901e-02,2.312754728415457924e-03,-2.582788976343961332e-03,1.352535386643278137e-03
4.712500000000000355e+00,3.668561892091287691e-01,-2.728650292684377254e-02,1.553948620430786742e-02,3.540596957481806917e-01,-1.987368163058192763e-02,2.280696657017063176e-03,-2.546589386917357239e-03,1.333818136661412291e-03
4.725000000000000533e+00,3.665163192298165895e-01,-2.709291060289987368e-02,1.543540310252721794e-02,3.538121776893313752e-01,-1.972936964232327103e-02,2.249087836327183162e-03,-2.510907582125975184e-03,1.315361392541533267e-03
4.737499999999999822e+00,3.661788610413851952e-01,-2.690061492255470948e-02,1.533202241645456772e-02,3.535664574743427324e-01,-1.958602552311773659e-02,2.217921841823293667e-03,-2.475735935957170016e-03,1.297161472527401122e-03
4.750000000000000000e+00,3.658437984905391627e-01,-2.670960713598953887e-02,1.522933929161901859e-02,3.533225230456241706e-01,-1.944364275679805534e-02,2.187192343575008417e-03,-2.441066939362162690e-03,1.279214748055072836e-03
4.762500000000000178e+00,3.655111155329774375e-01,-2.651987855384399517e-02,1.512734890910927624e-02,3.530803624267584429e-01,-1.930221487175507594e-02,2.156893104793910533e-03,-2.406893198362833330e-03,1.261517642960746036e-03
4.775000000000000355e+00,3.651807962326405477e-01,-2.633142054677336738e-02,1.502604648528060687e-02,3.528399637219465923e-01,-1.916173544062145517e-02,2.127017980406824011e-03,-2.373207432191293178e-03,1.244066632700870697e-03
4.787500000000000533e+00,3.648528247609629238e-01,-2.614422454500961099e-02,1.492542727146474284e-02,3.526013151154568370e-01,-1.902219807995782219e-02,2.097560915652144434e-03,-2.340002471461653886e-03,1.226858243584347512e-03
4.800000000000000711e+00,3.645271853961309927e-01,-2.595828203792591160e-02,1.482548655368269748e-02,3.523644048710774523e-01,-1.888359644994136097e-02,2.068515944698827783e-03,-2.307271256373377450e-03,1.209889052016610437e-03
4.812500000000000000e+00,3.642038625223467663e-01,-2.577358457360489144e-02,1.472621965236041788e-02,3.521292213315735942e-01,-1.874592425405680746e-02,2.039877189287642688e-03,-2.275006834945621313e-03,1.193155683755400169e-03
4.825000000000000178e+00,3.638828406290962603e-01,-2.559012375841024714e-02,1.462762192204723755e-02,3.518957529181475641e-01,-1.860917523878976784e-02,2.011638857394292337e-03,-2.243202361281981892e-03,1.176654813178032357e-03
4.837500000000000355e+00,3.635641043104241854e-01,-2.540789125656202005e-02,1.452968875113717223e-02,3.516639881299036818e-01,-1.847334319332249314e-02,1.983795241914060835e-03,-2.211851093865109183e-03,1.160383162559990933e-03
4.850000000000000533e+00,3.632476382642129131e-01,-2.522687878971523537e-02,1.443241556159290291e-02,3.514339155433160999e-01,-1.833842194923190547e-02,1.956340719367572877e-03,-2.180946393880585712e-03,1.144337501364640387e-03
4.862500000000000711e+00,3.629334272914674919e-01,-2.504707813654199339e-02,1.433579780867250651e-02,3.512055238117007816e-01,-1.820440538018996968e-02,1.929269748627335419e-03,-2.150481723569562433e-03,1.128514645543892813e-03
4.875000000000000000e+00,3.626214562956052156e-01,-2.486848113231700588e-02,1.423983098065886160e-02,3.509788016646913644e-01,-1.807128740166637215e-02,1.902576869664692263e-03,-2.120450644609608165e-03,1.112911456849646936e-03
4.887500000000000178e+00,3.623117102817508539e-01,-2.469107966850639380e-02,1.414451059859167699e-02,3.507537379077184103e-01,-1.793906197063343741e-02,1.876256702316838124e-03,-2.090846816523235247e-03,1.097524842155818718e-03
4.900000000000000355e+00,3.620041743560368785e-01,-2.451486569235997864e-02,1.404983221600220218e-02,3.505303214214923191e-01,-1.780772308527337269e-02,1.850303945073572326e-03,-2.061663995113625220e-03,1.082351752790811084e-03
4.912500000000000533e+00,3.616988337249085195e-01,-2.433983120650672766e-02,1.395579141865044802e-02,3.503085411614904054e-01,-1.767726478468769485e-02,1.824713373883420043e-03,-2.032896030927008532e-03,1.067389183880229587e-03
4.925000000000000711e+00,3.613956736944340942e-01,-2.416596826855352612e-02,1.386238382426499549e-02,3.500883861574466960e-01,-1.754768114860887074e-02,1.799479840978820532e-03,-2.004536867741238577e-03,1.052634173699695894e-03
4.937500000000000000e+00,3.610946796696203887e-01,-2.399326899068721097e-02,1.376960508228532859e-02,3.498698455128463336e-01,-1.741896629711420577e-02,1.774598273720045171e-03,-1.976580541080068688e-03,1.038083803037591259e-03
4.950000000000000178e+00,3.607958371537327014e-01,-2.382172553927973044e-02,1.367745087360662526e-02,3.496529084044227575e-01,-1.729111439034183156e-02,1.750063673457520922e-03,-1.949021176752650927e-03,1.023735194567566061e-03
4.962500000000000355e+00,3.604991317476200496e-01,-2.365133013449658567e-02,1.358591691032706369e-02,3.494375640816586581e-01,-1.716411962820897988e-02,1.725871114412272323e-03,-1.921852989417818878e-03,1.009585512230671200e-03
4.975000000000000533e+00,3.602045491490453166e-01,-2.348207504990833597e-02,1.349499893549750175e-02,3.492238018662907617e-01,-1.703797625013226888e-02,1.702015742574140063e-03,-1.895070281172669133e-03,9.956319606269367975e-04
4.987500000000000711e+00,3.599120751520198391e-01,-2.331395261210524039e-02,1.340469272287359535e-02,3.490116111518175579e-01,-1.691267853475019942e-02,1.678492774617500963e-03,-1.868667440165022123e-03,9.818717844162661457e-04
5.000000000000000000e+00,3.596216956461433800e-01,-2.314695520031499754e-02,1.331499407667027096e-02,3.488009814030109124e-01,-1.678822079964772951e-02,1.655297496834185140e-03,-1.842638939229316025e-03,9.683022677284822740e-04
5.012500000000000178e+00,3.593333966159480974e-01,-2.298107524602347948e-02,1.322589883131853120e-02,3.485919021554307884e-01,-1.666459740108291662e-02,1.632425264083293276e-03,-1.816979334545501795e-03,9.549207335823843438e-04
5.025000000000000355e+00,3.590471641402481207e-01,-2.281630523259861945e-02,1.313740285122461972e-02,3.483843630149437987e-01,-1.654180273371569712e-02,1.609871498757650546e-03,-1.791683264320545563e-03,9.417245433136774797e-04
5.037500000000000533e+00,3.587629843914930672e-01,-2.265263769491714443e-02,1.304950203053142216e-02,3.481783536572445326e-01,-1.641983123033864678e-02,1.587631689766587752e-03,-1.766745447492092331e-03,9.287110960116190441e-04
5.050000000000000711e+00,3.584808436351266669e-01,-2.249006521899439212e-02,1.296219229288216555e-02,3.479738638273808249e-01,-1.629867736160981948e-02,1.565701391534798145e-03,-1.742160682453918006e-03,9.158778279642540692e-04
5.062500000000000000e+00,3.582007282289497163e-01,-2.232858044161700056e-02,1.287546959118632782e-02,3.477708833392819665e-01,-1.617833563578760861e-02,1.544076223016990854e-03,-1.717923845802763220e-03,9.032222121120995519e-04
5.075000000000000178e+00,3.579226246224876951e-01,-2.216817604997850175e-02,1.278932990738775553e-02,3.475694020752904678e-01,-1.605880059846755484e-02,1.522751866728071614e-03,-1.694029891106158805e-03,8.907417575101375315e-04
5.087500000000000355e+00,3.576465193563631018e-01,-2.200884478131790584e-02,1.270376925223499695e-02,3.473694099856967643e-01,-1.594006683232124591e-02,1.501724067788609649e-03,-1.670473847690885378e-03,8.784340087979982314e-04
5.100000000000000533e+00,3.573723990616720636e-01,-2.185057942256099853e-02,1.261878366505374618e-02,3.471708970882776968e-01,-1.582212895683707959e-02,1.480988632985307538e-03,-1.647250819451664787e-03,8.662965456781850527e-04
5.112500000000000711e+00,3.571002504593652760e-01,-2.169337280996457007e-02,1.253436921352144538e-02,3.469738534678375452e-01,-1.570498162806303541e-02,1.460541429846245933e-03,-1.624355983679743199e-03,8.543269824022272545e-04
5.125000000000000000e+00,3.568300603596338827e-01,-2.153721782876341986e-02,1.245052199344399112e-02,3.467782692757529484e-01,-1.558861953835138404e-02,1.440378385730647047e-03,-1.601784589911002402e-03,8.425229672646292406e-04
5.137500000000000178e+00,3.565618156612992973e-01,-2.138210741282008456e-02,1.236723812853448776e-02,3.465841347295205432e-01,-1.547303741610526334e-02,1.420495486932911444e-03,-1.579531958793238284e-03,8.308821821044897089e-04
5.150000000000000355e+00,3.562955033512075209e-01,-2.122803454427744929e-02,1.228451377019412934e-02,3.463914401123078801e-01,-1.535823002552726135e-02,1.400888777800707611e-03,-1.557593480972291637e-03,8.194023418146799669e-04
5.162500000000000533e+00,3.560311105036277901e-01,-2.107499225321395400e-02,1.220234509729504688e-02,3.462001757725075568e-01,-1.524419216636977922e-02,1.381554359866856482e-03,-1.535964615996658102e-03,8.080811938584462131e-04
5.175000000000000711e+00,3.557686242796556098e-01,-2.092297361730155805e-02,1.212072831596519400e-02,3.460103321232944062e-01,-1.513091867368733870e-02,1.362488390994801447e-03,-1.514640891240275847e-03,7.969165177933309422e-04
5.187500000000000000e+00,3.555080319266197830e-01,-2.077197176146640401e-02,1.203965965937522919e-02,3.458218996421856262e-01,-1.501840441759072151e-02,1.343687084537430318e-03,-1.493617900843155965e-03,7.859061248022922597e-04
5.200000000000000178e+00,3.552493207774940487e-01,-2.062197985755204882e-02,1.195913538752731847e-02,3.456348688706043504e-01,-1.490664430300293365e-02,1.325146708509024373e-03,-1.472891304669533136e-03,7.750478572319048805e-04
5.212500000000000355e+00,3.549924782503125487e-01,-2.047299112398544285e-02,1.187915178704595197e-02,3.454492304134456626e-01,-1.479563326941705712e-02,1.306863584770134997e-03,-1.452456827283246437e-03,7.643395881375417622e-04
5.225000000000000533e+00,3.547374918475897365e-01,-2.032499882544542072e-02,1.179970517097061848e-02,3.452649749386463851e-01,-1.468536629065584492e-02,1.288834088225148744e-03,-1.432310256940016579e-03,7.537792208354120171e-04
5.237500000000000711e+00,3.544843491557442272e-01,-2.017799627253379080e-02,1.172079187855039166e-02,3.450820931767570876e-01,-1.457583837463315851e-02,1.271054646032351940e-03,-1.412447444596340914e-03,7.433646884613561139e-04
5.250000000000000000e+00,3.542330378445266437e-01,-2.003197682144901987e-02,1.164240827504042092e-02,3.449005759205176491e-01,-1.446704456311717450e-02,1.253521736826282125e-03,-1.392864302934706134e-03,7.330939535362921170e-04
5.262500000000000178e+00,3.539835456664520708e-01,-1.988693387366236021e-02,1.156455075150022473e-02,3.447204140244354287e-01,-1.435897993149534008e-02,1.236231889952155334e-03,-1.373556805404825901e-03,7.229650075382003166e-04
5.275000000000000355e+00,3.537358604562356734e-01,-1.974286087559661354e-02,1.148721572459387823e-02,3.445415984043665447e-01,-1.425163958854113594e-02,1.219181684712195533e-03,-1.354520985280636275e-03,7.129758704805581014e-04
5.287500000000000533e+00,3.534899701302332553e-01,-1.959975131830728190e-02,1.141039963639197546e-02,3.443641200371000965e-01,-1.414501867618252716e-02,1.202367749623637662e-03,-1.335752934732750783e-03,7.031245904971070073e-04
5.300000000000000711e+00,3.532458626858849815e-01,-1.945759873716621305e-02,1.133409895417538706e-02,3.441879699599449394e-01,-1.403911236927216262e-02,1.185786761688240130e-03,-1.317248803916119685e-03,6.934092434328641185e-04
5.312500000000000000e+00,3.530035262011636532e-01,-1.931639671154770574e-02,1.125831017024081331e-02,3.440131392703197899e-01,-1.393391587535929184e-02,1.169435445673104677e-03,-1.299004800072620655e-03,6.838279324412771011e-04
5.325000000000000178e+00,3.527629488340264241e-01,-1.917613886451696725e-02,1.118302980170804428e-02,3.438396191253456635e-01,-1.382942443446334192e-02,1.153310573402618628e-03,-1.281017186648314389e-03,6.743787875874214955e-04
5.337500000000000355e+00,3.525241188218705690e-01,-1.903681886252110364e-02,1.110825439032903095e-02,3.436674007414417531e-01,-1.372563331884925700e-02,1.137408963061350194e-03,-1.263282282425127459e-03,6.650599654571584095e-04
5.350000000000000533e+00,3.522870244809934714e-01,-1.889843041508233040e-02,1.103398050229859040e-02,3.434964753939234172e-01,-1.362253783280443185e-02,1.121727478507699490e-03,-1.245796460666682287e-03,6.558696487721428926e-04
5.362500000000000711e+00,3.520516542060556642e-01,-1.876096727449365342e-02,1.096020472806685624e-02,3.433268344166035546e-01,-1.352013331241734041e-02,1.106263028598144160e-03,-1.228556148278051735e-03,6.468060460106048182e-04
5.375000000000000000e+00,3.518179964695484219e-01,-1.862442323551681891e-02,1.088692368215339254e-02,3.431584692013962545e-01,-1.341841512535780698e-02,1.091012566521902668e-03,-1.211557824979183533e-03,6.378673910338062162e-04
5.387500000000000178e+00,3.515860398212644622e-01,-1.848879213508259137e-02,1.081413400296294541e-02,3.429913711979235003e-01,-1.331737867065888210e-02,1.075973089145840049e-03,-1.194798022491757108e-03,6.290519427180849563e-04
5.400000000000000355e+00,3.513557728877729769e-01,-1.835406785199336643e-02,1.074183235260288589e-02,3.428255319131245371e-01,-1.321701937850040462e-02,1.061141636369465407e-03,-1.178273323739250766e-03,6.203579845924065035e-04
5.412500000000000533e+00,3.511271843718979380e-01,-1.822024430662798691e-02,1.067001541670222625e-02,3.426609429108677940e-01,-1.311733270999408847e-02,1.046515290489837728e-03,-1.161980362059972455e-03,6.117838244813260601e-04
5.425000000000000711e+00,3.509002630522002342e-01,-1.808731546064886592e-02,1.059867990423226346e-02,3.424975958115654695e-01,-1.301831415697025408e-02,1.032091175576234062e-03,-1.145915820432844012e-03,6.033277941532850901e-04
5.437500000000000000e+00,3.506749977824635822e-01,-1.795527531671131660e-02,1.052782254732880993e-02,3.423354822917912266e-01,-1.291995924176613138e-02,1.017866456854414625e-03,-1.130076430715712919e-03,5.949882489741580927e-04
5.450000000000000178e+00,3.504513774911836577e-01,-1.782411791817506766e-02,1.045744010111597337e-02,3.421745940838996636e-01,-1.282226351701569976e-02,1.003838340100330446e-03,-1.114458972895970628e-03,5.867635675659628892e-04
5.462500000000000355e+00,3.502293911810612781e-01,-1.769383734881805822e-02,1.038752934353153780e-02,3.420149229756494491e-01,-1.272522256544115528e-02,9.900040710431291194e-04,-1.099060274353280556e-03,5.786521514706651414e-04
5.475000000000000533e+00,3.500090279284989170e-01,-1.756442773255231446e-02,1.031808707515382596e-02,3.418564608098280666e-01,-1.262883199964584535e-02,9.763609347772942088e-04,-1.083877209134186765e-03,5.706524248189851628e-04
5.487500000000000711e+00,3.497902768831007703e-01,-1.743588323314202229e-02,1.024911011903012134e-02,3.416991994838798341e-01,-1.253308746190877863e-02,9.629062551837827685e-04,-1.068906697238414900e-03,5.627628340041387163e-04
5.500000000000000000e+00,3.495731272671763756e-01,-1.730819805392374428e-02,1.018059532050657329e-02,3.415431309495362000e-01,-1.243798462398065276e-02,9.496373943600119058e-04,-1.054145703916657207e-03,5.549818473604324360e-04
5.512500000000000178e+00,3.493575683752476735e-01,-1.718136643752869036e-02,1.011253954705959059e-02,3.413882472124485923e-01,-1.234351918688135138e-02,9.365517520585483428e-04,-1.039591238979643449e-03,5.473079548466355934e-04
5.525000000000000355e+00,3.491435895735595651e-01,-1.705538266560721605e-02,1.004493968812872860e-02,3.412345403318237103e-01,-1.224968688069901120e-02,9.236467651343735832e-04,-1.025240356118316005e-03,5.397396677340642393e-04
5.537500000000000533e+00,3.489311802995939127e-01,-1.693024105855525305e-02,9.977792654951004106e-03,3.410820024200615919e-01,-1.215648346439051133e-02,9.109199070005696451e-04,-1.011090152234901847e-03,5.322755182992913118e-04
5.550000000000000711e+00,3.487203300615867585e-01,-1.680593597524290134e-02,9.911095380396669000e-03,3.409306256423959569e-01,-1.206390472558345472e-02,8.983686870923040342e-04,-9.971377667847074969e-04,5.249140595214223191e-04
5.562500000000000000e+00,3.485110284380493750e-01,-1.668246181274502665e-02,9.844844818806411726e-03,3.407804022165369373e-01,-1.197194648037962737e-02,8.859906503389756169e-04,-9.833803811284528608e-04,5.176538647838609206e-04
5.575000000000000178e+00,3.483032650772920902e-01,-1.655981300607385978e-02,9.779037945829934311e-03,3.406313244123164163e-01,-1.188060457315986626e-02,8.737833766443873834e-04,-9.698152178949551823e-04,5.104935275804951258e-04
5.587500000000000355e+00,3.480970296969518873e-01,-1.643798402791369836e-02,9.713671758265993508e-03,3.404833845513358659e-01,-1.178987487639044339e-02,8.617444803748308506e-04,-9.564395403540054729e-04,5.034316612262414430e-04
5.600000000000000533e+00,3.478923120835231697e-01,-1.631696938835748567e-02,9.648743273903755135e-03,3.403365750066164042e-01,-1.169975329043080117e-02,8.498716098549374733e-04,-9.432506517992422616e-04,4.964668985718715191e-04
5.612500000000000711e+00,3.476891020918916331e-01,-1.619676363464542593e-02,9.584249531365557004e-03,3.401908882022512404e-01,-1.161023574334274847e-02,8.381624468711871244e-04,-9.302458949408691415e-04,4.895978917230620715e-04
5.625000000000000000e+00,3.474873896448718025e-01,-1.607736135090556337e-02,9.520187589951004115e-03,3.400463166130607284e-01,-1.152131819070105999e-02,8.266147061829470094e-04,-9.174226513080432910e-04,4.828233117636007840e-04
5.637500000000000178e+00,3.472871647327472888e-01,-1.595875715789624866e-02,9.456554529482404797e-03,3.399028527642494746e-01,-1.143299661540544097e-02,8.152261350409167667e-04,-9.047783406607681116e-04,4.761418484826821927e-04
5.650000000000000355e+00,3.470884174128145983e-01,-1.584094571275060370e-02,9.393347450151549524e-03,3.397604892310661651e-01,-1.134526702749394725e-02,8.039945127128750183e-04,-8.923104204111410127e-04,4.695522101062382138e-04
5.662500000000000533e+00,3.468911378089301056e-01,-1.572392170872282877e-02,9.330563472367780359e-03,3.396192186384652256e-01,-1.125812546395771330e-02,7.929176500165940151e-04,-8.800163850537829789e-04,4.630531230322315378e-04
5.675000000000000711e+00,3.466953161110600257e-01,-1.560767987493643337e-02,9.268199736607368386e-03,3.394790336607712566e-01,-1.117156798855707504e-02,7.819933888598212205e-04,-8.678937656053060468e-04,4.566433315698582244e-04
5.687500000000000000e+00,3.465009425748337146e-01,-1.549221497613434244e-02,9.206253403264169632e-03,3.393399270213455221e-01,-1.108559069163905439e-02,7.712196017872129062e-04,-8.559401290526637588e-04,4.503215976825979670e-04
5.700000000000000178e+00,3.463080075210998587e-01,-1.537752181243082217e-02,9.144721652501543868e-03,3.392018914922547146e-01,-1.100018968995616561e-02,7.605941915341036435e-04,-8.441530778102302032e-04,4.440867007350501211e-04
5.712500000000000355e+00,3.461165013354859377e-01,-1.526359521906532103e-02,9.083601684105570978e-03,3.390649198939419406e-01,-1.091536112648659393e-02,7.501150905870162785e-04,-8.325302491854742835e-04,4.379374372435050795e-04
5.725000000000000533e+00,3.459264144679606856e-01,-1.515043006615807847e-02,9.022890717339457356e-03,3.389290050949002042e-01,-1.083110117025567164e-02,7.397802607507916132e-04,-8.210693148530674550e-04,4.318726206301842633e-04
5.737500000000000711e+00,3.457377374323995500e-01,-1.503802125846755502e-02,8.962585990799217320e-03,3.387941400113477775e-01,-1.074740601615867090e-02,7.295876927222415135e-04,-8.097679803372967748e-04,4.258910809811003711e-04
5.750000000000000000e+00,3.455504608061533700e-01,-1.492636373514969438e-02,8.902684762270560159e-03,3.386603176069060139e-01,-1.066427188478493056e-02,7.195354056702226624e-04,-7.986239845026403680e-04,4.199916648074794503e-04
5.762500000000000178e+00,3.453645752296196636e-01,-1.481545246951889057e-02,8.843184308586963735e-03,3.385275308922791049e-01,-1.058169502224322669e-02,7.096214468220230810e-04,-7.876350990523642553e-04,4.141732348106892778e-04
5.775000000000000355e+00,3.451800714058173569e-01,-1.470528246881083571e-02,8.784081925488997078e-03,3.383957729249363888e-01,-1.049967169998850328e-02,6.998438910559738125e-04,-7.767991280350186774e-04,4.084346696506263997e-04
5.787500000000000533e+00,3.449969400999641778e-01,-1.459584877394700698e-02,8.725374927484774029e-03,3.382650368087965487e-01,-1.041819821464982400e-02,6.902008405001745306e-04,-7.661139073586871158e-04,4.027748637175007900e-04
5.800000000000000711e+00,3.448151721390568802e-01,-1.448714645930095947e-02,8.667060647711605573e-03,3.381353156939138627e-01,-1.033727088785960958e-02,6.806904241372455783e-04,-7.555773043128698315e-04,3.971927269069734580e-04
5.812500000000000000e+00,3.446347584114548557e-01,-1.437917063246632252e-02,8.609136437798810965e-03,3.380066027761667868e-01,-1.025688606608415009e-02,6.713107974150106993e-04,-7.451872170978720341e-04,3.916871843985929042e-04
5.825000000000000178e+00,3.444556898664659639e-01,-1.427191643402646835e-02,8.551599667731654697e-03,3.378788912969487579e-01,-1.017704012045533325e-02,6.620601418630113694e-04,-7.349415743615666857e-04,3.862571764374794119e-04
5.837500000000000355e+00,3.442779575139359172e-01,-1.416537903732595187e-02,8.494447725716466543e-03,3.377521745428605504e-01,-1.009772944660366524e-02,6.529366647147744453e-04,-7.248383347434228692e-04,3.809016581192126139e-04
5.850000000000000533e+00,3.441015524238399959e-01,-1.405955364824356367e-02,8.437678018046845807e-03,3.376264458454055761e-01,-1.001895046449248310e-02,6.439385985357261224e-04,-7.148754864256628939e-04,3.756195991778674744e-04
5.862500000000000711e+00,3.439264657258778723e-01,-1.395443550496706583e-02,8.381287968970994873e-03,3.375016985806862935e-01,-9.940699618253404091e-03,6.350642008566778239e-04,-7.050510466914417787e-04,3.704099837771550460e-04
5.875000000000000000e+00,3.437526886090710443e-01,-1.385001987776959473e-02,8.325275020560164718e-03,3.373779261691033371e-01,-9.862973376023003239e-03,6.263117538127898048e-04,-6.953630614899291998e-04,3.652718103046206769e-04
5.887500000000000178e+00,3.435802123213632098e-01,-1.374630206878766150e-02,8.269636632578172483e-03,3.372551220750565348e-01,-9.785768229780665226e-03,6.176795637879268185e-04,-6.858096050081769184e-04,3.602040911688503375e-04
5.900000000000000355e+00,3.434090281692234736e-01,-1.364327741180084742e-02,8.214370282352037936e-03,3.371332798066477010e-01,-9.709080695187687071e-03,6.091659610643287591e-04,-6.763887792496695549e-04,3.552058525996459252e-04
5.912500000000000533e+00,3.432391275172519407e-01,-1.354094127201303788e-02,8.159473464643652099e-03,3.370123929153857611e-01,-9.632907311427523975e-03,6.007692994775032554e-04,-6.670987136194352204e-04,3.502761344511166408e-04
5.925000000000000711e+00,3.430705017877884733e-01,-1.343928904583528879e-02,8.104943691522531815e-03,3.368924549958936532e-01,-9.557244641047239059e-03,5.924879560762657312e-04,-6.579375645156176683e-04,3.454139900076484324e-04
5.937500000000000000e+00,3.429031424605238909e-01,-1.333831616067028027e-02,8.050778492239620346e-03,3.367734596856172269e-01,-9.482089269800134460e-03,5.843203307878458343e-04,-6.489035149274019780e-04,3.406184857927062434e-04
5.950000000000000178e+00,3.427370410721137239e-01,-1.323801807469830380e-02,7.996975413102116667e-03,3.366554006645361974e-01,-9.407437806489506518e-03,5.762648460879777257e-04,-6.399947740391839432e-04,3.358887013804240157e-04
5.962500000000000355e+00,3.425721892157952420e-01,-1.313839027666487309e-02,7.943532017349366411e-03,3.365382716548770969e-01,-9.333286882813636096e-03,5.683199466759047318e-04,-6.312095768408926321e-04,3.312237292099463968e-04
5.975000000000000533e+00,3.424085785410063698e-01,-1.303942828566982508e-02,7.890445885029741604e-03,3.364220664208278366e-01,-9.259633153211850945e-03,5.604840991542123837e-04,-6.225461837443506527e-04,3.266226744024729308e-04
5.987500000000000711e+00,3.422462007530075456e-01,-1.294112765095796827e-02,7.837714612878547357e-03,3.363067787682544330e-01,-9.186473294711778106e-03,5.527557917134216445e-04,-6.140028802055841946e-04,3.220846545809703614e-04
6.000000000000000000e+00,3.420850476125064654e-01,-1.284348395171126464e-02,7.785335814196930361e-03,3.361924025444198438e-01,-9.113804006777716932e-03,5.451335338212671923e-04,-6.055779763529822333e-04,3.176087996925098969e-04
6.012500000000000178e+00,3.419251109352849927e-01,-1.274649279684248078e-02,7.733307118731768369e-03,3.360789316377041924e-01,-9.041622011160120598e-03,5.376158559165845376e-04,-5.972698066212054745e-04,3.131942518331894847e-04
6.025000000000000355e+00,3.417663825918287324e-01,-1.265014982479040727e-02,7.681626172556566684e-03,3.359663599773271558e-01,-8.969924051746246824e-03,5.302013091077435259e-04,-5.890767293907616655e-04,3.088401650756064003e-04
6.037500000000000533e+00,3.416088545069595472e-01,-1.255445070331647449e-02,7.630290637953304408e-03,3.358546815330723523e-01,-8.898706894411870238e-03,5.228884648755468016e-04,-5.809971266331415618e-04,3.045457052988354268e-04
6.050000000000000711e+00,3.414525186594697947e-01,-1.245939112930290714e-02,7.579298193295250403e-03,3.357438903150131715e-01,-8.827967326874122320e-03,5.156759147805320843e-04,-5.730294035614353189e-04,3.003100500208805341e-04
6.062500000000000000e+00,3.412973670817600058e-01,-1.236496682855229429e-02,7.528646532930748092e-03,3.356339803732408811e-01,-8.757702158545439819e-03,5.085622701746084348e-04,-5.651719882863366108e-04,2.961323882335605917e-04
6.075000000000000178e+00,3.411433918594785064e-01,-1.227117355558861832e-02,7.478333367067917931e-03,3.355249457975941763e-01,-8.687908220388560962e-03,5.015461619169565800e-04,-5.574233314774437254e-04,2.920119202397913850e-04
6.087500000000000355e+00,3.409905851311634262e-01,-1.217800709345974453e-02,7.428356421660338264e-03,3.354167807173908944e-01,-8.618582364772671769e-03,4.946262400941351832e-04,-5.497819060297812026e-04,2.879478574932325475e-04
6.100000000000000533e+00,3.408389390878876490e-01,-1.208546325354129848e-02,7.378713438293616964e-03,3.353094793011611174e-01,-8.549721465330570661e-03,4.878011737443184123e-04,-5.422462067354455201e-04,2.839394224402585890e-04
6.112500000000000711e+00,3.406884459729058734e-01,-1.199353787534196761e-02,7.329402174072905014e-03,3.352030357563824392e-01,-8.481322416816929402e-03,4.810696505856090245e-04,-5.348147499603004510e-04,2.799858483642225782e-04
6.125000000000000000e+00,3.405390980813040591e-01,-1.190222682631022176e-02,7.280420401511314768e-03,3.350974443292165650e-01,-8.413382134967617443e-03,4.744303767483615351e-04,-5.274860733256374161e-04,2.760863792319775121e-04
6.137500000000000178e+00,3.403908877596514282e-01,-1.181152600164236954e-02,7.231765908419229838e-03,3.349926993042482981e-01,-8.345897556360061878e-03,4.678820765114515023e-04,-5.202587353947188669e-04,2.722402695426205731e-04
6.150000000000000355e+00,3.402438074056547412e-01,-1.172143132409207526e-02,7.183436497794543941e-03,3.348887950042256367e-01,-8.278865638274695085e-03,4.614234920424379661e-04,-5.131313153641321647e-04,2.684467841784300745e-04
6.162500000000000533e+00,3.400978494678153496e-01,-1.163193874378116999e-02,7.135429987713746286e-03,3.347857257898018135e-01,-8.212283358557408500e-03,4.550533831415491085e-04,-5.061024127598679791e-04,2.647051982579582351e-04
6.175000000000000711e+00,3.399530064450876909e-01,-1.154304423801184691e-02,7.087744211223910747e-03,3.346834860592792227e-01,-8.146147715483064572e-03,4.487705269894404496e-04,-4.991706471380537085e-04,2.610147969912503447e-04
6.187500000000000000e+00,3.398092708865412259e-01,-1.145474381108021501e-02,7.040377016235550671e-03,3.345820702483548459e-01,-8.080455727620033946e-03,4.425737178986654066e-04,-4.923346577902638606e-04,2.573748755371589331e-04
6.200000000000000178e+00,3.396666353910238745e-01,-1.136703349409113467e-02,6.993326265416316759e-03,3.344814728298674544e-01,-8.015204433695737041e-03,4.364617670687984748e-04,-4.855931034533335572e-04,2.537847388627185205e-04
6.212500000000000355e+00,3.395250926068282271e-01,-1.127990934477446187e-02,6.946589836085591795e-03,3.343816883135463658e-01,-7.950390892463250758e-03,4.304335023451626228e-04,-4.789446620236079448e-04,2.502437016045559021e-04
6.225000000000000533e+00,3.393846352313596992e-01,-1.119336744730252062e-02,6.900165620109891158e-03,3.342827112457620320e-01,-7.886012182568883158e-03,4.244877679810970953e-04,-4.723880302755478744e-04,2.467510879322995401e-04
6.237500000000000711e+00,3.392452560108073500e-01,-1.110740391210893012e-02,6.854051523799122025e-03,3.341845362092782379e-01,-7.822065402420768157e-03,4.186234244037175933e-04,-4.659219235846291858e-04,2.433062314139622297e-04
6.250000000000000000e+00,3.391069477398165333e-01,-1.102201487570870532e-02,6.808245467803674365e-03,3.340871578230057981e-01,-7.758547670058469833e-03,4.128393479831137555e-04,-4.595450756544643069e-04,2.399084748832669813e-04
6.262500000000000178e+00,3.389697032611640459e-01,-1.093719650051961333e-02,6.762745387012322924e-03,3.339905707417579750e-01,-7.695456123023554709e-03,4.071344308049298379e-04,-4.532562382480761869e-04,2.365571703088854892e-04
6.275000000000000355e+00,3.388335154654356640e-01,-1.085294497468487253e-02,6.717549230450972284e-03,3.338947696560075618e-01,-7.632787918231196192e-03,4.015075804462825133e-04,-4.470541809232657956e-04,2.332516786655648201e-04
6.287500000000000533e+00,3.386983772907052881e-01,-1.076925651189703653e-02,6.672654961182186012e-03,3.337997492916454645e-01,-7.570540231842717502e-03,3.959577197549577865e-04,-4.409376907719980026e-04,2.299913698071091709e-04
6.300000000000000711e+00,3.385642817222170864e-01,-1.068612735122316700e-02,6.628060556205529405e-03,3.337055044097410605e-01,-7.508710259139137269e-03,3.904837866318421383e-04,-4.349055721637488589e-04,2.267756223411931157e-04
6.312500000000000000e+00,3.384312217920691368e-01,-1.060355375693124678e-02,6.583764006358712798e-03,3.336120298063037781e-01,-7.447295214395681373e-03,3.850847338165381347e-04,-4.289566464927492854e-04,2.236038235059777449e-04
6.325000000000000178e+00,3.382991905788995113e-01,-1.052153201831779010e-02,6.539763316219504227e-03,3.335193203120465077e-01,-7.386292330757244541e-03,3.797595286761130538e-04,-4.230897519290607108e-04,2.204753690485021316e-04
6.337500000000000355e+00,3.381681812075745253e-01,-1.044005844953674149e-02,6.496056504008452213e-03,3.334273707921506236e-01,-7.325698860114852884e-03,3.745071529969392255e-04,-4.173037431734277986e-04,2.173896631048269227e-04
6.350000000000000533e+00,3.380381868488792074e-01,-1.035912938942951632e-02,6.452641601492361406e-03,3.333361761460322259e-01,-7.265512072983042365e-03,3.693266027795719781e-04,-4.115974912158407726e-04,2.143461180819000223e-04
6.362500000000000711e+00,3.379092007192095459e-01,-1.027874120135628157e-02,6.409516653888543657e-03,3.332457313071103266e-01,-7.205729258378206978e-03,3.642168880366244846e-04,-4.059698830977541049e-04,2.113441545411218171e-04
6.375000000000000000e+00,3.377812160802672325e-01,-1.019889027302841970e-02,6.366679719769831498e-03,3.331560312425762560e-01,-7.146347723697891487e-03,3.591770325935916917e-04,-4.004198216779013947e-04,2.083832010835843271e-04
6.387500000000000178e+00,3.376542262387561277e-01,-1.011957301634216176e-02,6.324128870970336692e-03,3.330670709531644569e-01,-7.087364794601007031e-03,3.542060738925786639e-04,-3.949462254016483241e-04,2.054626942369578032e-04
6.400000000000000355e+00,3.375282245460812791e-01,-1.004078586721342432e-02,6.281862192491980725e-03,3.329788454729252778e-01,-7.028777814889024256e-03,3.493030627988928487e-04,-3.895480280738327326e-04,2.025820783440042503e-04
6.412500000000000533e+00,3.374032043980493834e-01,-9.962525285413787943e-03,6.239877782411740008e-03,3.328913498689986539e-01,-6.970584146388052876e-03,3.444670634104512541e-04,-3.842241786350295788e-04,1.997408054526893088e-04
6.425000000000000711e+00,3.372791592345717460e-01,-9.884787754407625693e-03,6.198173751789643089e-03,3.328045792413896753e-01,-6.912781168831870146e-03,3.396971528699647036e-04,-3.789736409411922696e-04,1.969383352078721652e-04
6.437500000000000000e+00,3.371560825393691285e-01,-9.807569781190397448e-03,6.156748224577494703e-03,3.327185287227455990e-01,-6.855366279745872191e-03,3.349924211798560678e-04,-3.737953935466149552e-04,1.941741347445493683e-04
6.450000000000000178e+00,3.370339678396787053e-01,-9.730867896128052655e-03,6.115599337528311932e-03,3.326331934781338040e-01,-6.798336894331922196e-03,3.303519710198687823e-04,-3.686884294901620674e-04,1.914476785826283735e-04
6.462500000000000355e+00,3.369128087059627408e-01,-9.654678652797598834e-03,6.074725240106499356e-03,3.325485687048218564e-01,-6.741690445354148360e-03,3.257749175673313891e-04,-3.636517560847189680e-04,1.887584485232115974e-04
6.475000000000000533e+00,3.367925987516195430e-01,-9.578998627828754289e-03,6.034124094398714624e-03,3.324646496320585731e-01,-6.685424383025614405e-03,3.212603883200300728e-04,-3.586843947098054320e-04,1.861059335463645012e-04
6.487500000000000711e+00,3.366733316326964154e-01,-9.503824420746728383e-03,5.993794075025448732e-03,3.323814315208566961e-01,-6.629536174895912098e-03,3.168075229216561219e-04,-3.537853806073085433e-04,1.834896297103491634e-04
6.500000000000000000e+00,3.365550010476041631e-01,-9.429152653816096422e-03,5.953733369053307994e-03,3.322989096637767870e-01,-6.574023305739654967e-03,3.124154729897870631e-04,-3.489537626802832315e-04,1.809090400523007082e-04
6.512500000000000178e+00,3.364376007368340971e-01,-9.354979971885751810e-03,5.913940175907969957e-03,3.322170793847125658e-01,-6.518883277445848036e-03,3.080834019463629778e-04,-3.441886032947711737e-04,1.783636744903242561e-04
6.525000000000000355e+00,3.363211244826764257e-01,-9.281303042234989240e-03,5.874412707287864424e-03,3.321359360386779147e-01,-6.464113608908186523e-03,3.038104848506237949e-04,-3.394889780845959399e-04,1.758530497269947777e-04
6.537500000000000533e+00,3.362055661089410341e-01,-9.208118554420609628e-03,5.835149187078497203e-03,3.320554750115946585e-01,-6.409711835916210611e-03,2.995959082344656563e-04,-3.348539757590809299e-04,1.733766891542351312e-04
6.550000000000000711e+00,3.360909194806800393e-01,-9.135423220125117941e-03,5.796147851267477273e-03,3.319756917200823998e-01,-6.355675511047354474e-03,2.954388699401843689e-04,-3.302826979136489036e-04,1.709341227595552340e-04
6.562500000000000000e+00,3.359771785039118441e-01,-9.063213773005980925e-03,5.757406947860198819e-03,3.318965816112489642e-01,-6.302002203559880882e-03,2.913385789605681076e-04,-3.257742588432574579e-04,1.685248870336311731e-04
6.575000000000000178e+00,3.358643371253475784e-01,-8.991486968545910063e-03,5.718924736796192863e-03,3.318181401624828442e-01,-6.248689499286677954e-03,2.872942552813038584e-04,-3.213277853586233440e-04,1.661485248792040606e-04
6.587500000000000355e+00,3.357523893321193165e-01,-8.920239583904226999e-03,5.680699489866149372e-03,3.317403628812466421e-01,-6.195735000529957112e-03,2.833051297256661619e-04,-3.169424166051983257e-04,1.638045855212817204e-04
6.600000000000000533e+00,3.356413291515099040e-01,-8.849468417769226422e-03,5.642729490629579472e-03,3.316632453048716789e-01,-6.143136325956795839e-03,2.793704438014492884e-04,-3.126173038848454613e-04,1.614926244186207097e-04
6.612500000000000711e+00,3.355311506506847286e-01,-8.779170290211583266e-03,5.605013034333135129e-03,3.315867830003542127e-01,-6.090891110495552131e-03,2.754894495501128112e-04,-3.083516104801806786e-04,1.592122031764727906e-04
6.625000000000000000e+00,3.354218479364254324e-01,-8.709342042538766038e-03,5.567548427829573272e-03,3.315109715641528787e-01,-6.038997005233154997e-03,2.716614093981068053e-04,-3.041445114815346509e-04,1.569628894605761210e-04
6.637500000000000178e+00,3.353134151548653463e-01,-8.639980537150452819e-03,5.530333989497346163e-03,3.314358066219872390e-01,-5.987451677313229345e-03,2.678855960103424124e-04,-2.999951936164939889e-04,1.547442569123724874e-04
6.650000000000000355e+00,3.352058464912268110e-01,-8.571082657394988105e-03,5.493368049160853549e-03,3.313612838286376649e-01,-5.936252809835118605e-03,2.641612921457796347e-04,-2.959028550819858090e-04,1.525558850654350229e-04
6.662500000000000533e+00,3.350991361695599413e-01,-8.502645307426776392e-03,5.456648948011296775e-03,3.312873988677466075e-01,-5.885398101753720052e-03,2.604877905150960928e-04,-2.918667053788597063e-04,1.503973592630856201e-04
6.675000000000000711e+00,3.349932784524838336e-01,-8.434665412064706186e-03,5.420175038528167802e-03,3.312141474516210882e-01,-5.834885267780199648e-03,2.568643936404093166e-04,-2.878859651489340662e-04,1.482682705771866979e-04
6.687500000000000000e+00,3.348882676409287718e-01,-8.367139916651524650e-03,5.383944684401366192e-03,3.311415253210361342e-01,-5.784712038283541281e-03,2.532904137170206393e-04,-2.839598660144657832e-04,1.461682157280901908e-04
6.700000000000000178e+00,3.347840980738807648e-01,-8.300065786914180219e-03,5.347956260453904168e-03,3.310695282450399901e-01,-5.734876159192937341e-03,2.497651724771495787e-04,-2.800876504200052255e-04,1.440967970057252219e-04
6.712500000000000355e+00,3.346807641281275281e-01,-8.233440008825169618e-03,5.312208152565260459e-03,3.309981520207598282e-01,-5.685375391901054468e-03,2.462880010556327921e-04,-2.762685714766034847e-04,1.420536221918110157e-04
6.725000000000000533e+00,3.345782602180064069e-01,-8.167259588464778272e-03,5.276698757595304871e-03,3.309273924732094585e-01,-5.636207513168099009e-03,2.428582398575535896e-04,-2.725018928083302759e-04,1.400383044831750453e-04
6.737500000000000711e+00,3.344765807951535774e-01,-8.101521551884316441e-03,5.241426483308843018e-03,3.308572454550974817e-01,-5.587370315026743764e-03,2.394752384277766067e-04,-2.687868884010703448e-04,1.380504624161628640e-04
6.750000000000000000e+00,3.343757203482557450e-01,-8.036222944970267817e-03,5.206389748300748258e-03,3.307877068466372195e-01,-5.538861604687895200e-03,2.361383553223589057e-04,-2.651228424535627078e-04,1.360897197921230313e-04
6.762500000000000178e+00,3.342756734028025090e-01,-7.971360833309367941e-03,5.171586981921682570e-03,3.307187725553574764e-01,-5.490679204447268189e-03,2.328469579818076909e-04,-2.615090492306460282e-04,1.341557056039508432e-04
6.775000000000000355e+00,3.341764345208413922e-01,-7.906932302054641912e-03,5.137016624204424585e-03,3.306504385159145243e-01,-5.442820951592833301e-03,2.296004226061614071e-04,-2.579448129186806896e-04,1.322480539636772614e-04
6.787500000000000533e+00,3.340779983007337028e-01,-7.842934455792319876e-03,5.102677125790751854e-03,3.305827006899053067e-01,-5.395284698313059478e-03,2.263981340318622925e-04,-2.544294474831081576e-04,1.303664040310857197e-04
6.800000000000000711e+00,3.339803593769128942e-01,-7.779364418409680584e-03,5.068566947858924206e-03,3.305155550656818653e-01,-5.348068311606000644e-03,2.232394856103972122e-04,-2.509622765281199828e-04,1.285103999433432286e-04
6.812500000000000000e+00,3.338835124196437021e-01,-7.716219332963801351e-03,5.034684562051730886e-03,3.304489976581664878e-01,-5.301169673189208911e-03,2.201238790886798544e-04,-2.475426331584007185e-04,1.266796907456311150e-04
6.825000000000000178e+00,3.337874521347836132e-01,-7.653496361551179704e-03,5.001028450405102348e-03,3.303830245086686324e-01,-5.254586679410457907e-03,2.170507244911471325e-04,-2.441698598429136932e-04,1.248739303227598099e-04
6.837500000000000355e+00,3.336921732635454996e-01,-7.591192685178290052e-03,4.967597105277307516e-03,3.303176316847024063e-01,-5.208317241159319579e-03,2.140194400035477556e-04,-2.408433082807009593e-04,1.230927773317553806e-04
6.850000000000000533e+00,3.335976705822622512e-01,-7.529305503632974760e-03,4.934389029278696617e-03,3.302528152798052119e-01,-5.162359283779532904e-03,2.110294518583939651e-04,-2.375623392686612603e-04,1.213358951354015822e-04
6.862500000000000711e+00,3.335039389021526302e-01,-7.467832035356734670e-03,4.901402735202001724e-03,3.301885714133579453e-01,-5.116710746982208735e-03,2.080801942220546175e-04,-2.343263225712807275e-04,1.196029517367250451e-04
6.875000000000000000e+00,3.334109730690889006e-01,-7.406769517317887859e-03,4.868636745953203691e-03,3.301248962304056955e-01,-5.071369584759849967e-03,2.051711090834647591e-04,-2.311346367922839152e-04,1.178936197144096081e-04
6.887500000000000178e+00,3.333187679633661804e-01,-7.346115204885562792e-03,4.836089594482928175e-03,3.300617859014798872e-01,-5.026333765301184420e-03,2.023016461444265921e-04,-2.279866692481752517e-04,1.162075761591257062e-04
6.900000000000000355e+00,3.332273184994730131e-01,-7.285866371704592670e-03,4.803759823718418455e-03,3.299992366224211993e-01,-4.981601270906832989e-03,1.994712627114817209e-04,-2.248818158436455066e-04,1.145445026107634671e-04
6.912500000000000533e+00,3.331366196258639945e-01,-7.226020309571216417e-03,4.771645986496021730e-03,3.299372446142038173e-01,-4.937170097905774040e-03,1.966794235893270040e-04,-2.218194809488099916e-04,1.129040849965539728e-04
6.925000000000000711e+00,3.330466663247332315e-01,-7.166574328309634895e-03,4.739746645494228791e-03,3.298758061227606841e-01,-4.893038256572633526e-03,1.939256009757548760e-04,-2.187990772782541255e-04,1.112860135700677089e-04
6.937500000000000000e+00,3.329574536117901329e-01,-7.107525755649404114e-03,4.708060373167247126e-03,3.298149174188093613e-01,-4.849203771045792165e-03,1.912092743580943402e-04,-2.158200257718577149e-04,1.096899828510771357e-04
6.950000000000000178e+00,3.328689765360362540e-01,-7.048871937103635965e-03,4.676585751679095300e-03,3.297545747976797226e-01,-4.805664679246290580e-03,1.885299304111297562e-04,-2.128817554773696516e-04,1.081156915662700069e-04
6.962500000000000355e+00,3.327812301795435856e-01,-6.990610235848057630e-03,4.645321372838249856e-03,3.296947745791416473e-01,-4.762419032797581865e-03,1.858870628964784757e-04,-2.099837034347096633e-04,1.065628425908032959e-04
6.975000000000000533e+00,3.326942096572346741e-01,-6.932738032600849025e-03,4.614265838032789203e-03,3.296355131072346567e-01,-4.719464896946060431e-03,1.832801725634021733e-04,-2.071253145619667317e-04,1.050311428906830957e-04
6.987500000000000711e+00,3.326079101166642404e-01,-6.875252725503299030e-03,4.583417758166072678e-03,3.295767867500978832e-01,-4.676800350482432193e-03,1.807087670510338739e-04,-2.043060415430713022e-04,1.035203034659603938e-04
7.000000000000000000e+00,3.325223267378017988e-01,-6.818151730001272698e-03,4.552775753592936542e-03,3.295185918998013719e-01,-4.634423485663885338e-03,1.781723607919983156e-04,-2.015253447171152102e-04,1.020300392947304984e-04
7.012500000000000178e+00,3.324374547328162177e-01,-6.761432478727445218e-03,4.522338454056395660e-03,3.294609249721782152e-01,-4.592332408137067730e-03,1.756704749174052647e-04,-1.987826919692927872e-04,1.005600692779239595e-04
7.025000000000000355e+00,3.323532893458618354e-01,-6.705092421384365071e-03,4.492104498624874265e-03,3.294037824066575193e-01,-4.550525236861908268e-03,1.732026371631974063e-04,-1.960775586234422222e-04,9.911011618487925432e-05
7.037500000000000533e+00,3.322698258528654081e-01,-6.649129024628266590e-03,4.462072535629924182e-03,3.293471606660987039e-01,-4.509000104036217996e-03,1.707683817778300414e-04,-1.934094273361584751e-04,9.767990659968387281e-05
7.050000000000000711e+00,3.321870595613153343e-01,-6.593539771953663142e-03,4.432241222604459130e-03,3.292910562366263560e-01,-4.467755155021127349e-03,1.683672494312655143e-04,-1.907777879924569501e-04,9.626917086827450854e-05
7.062500000000000000e+00,3.321049858100515451e-01,-6.538322163578723541e-03,4.402609226221488627e-03,3.292354656274660285e-01,-4.426788548267330051e-03,1.659987871252623136e-04,-1.881821376029640524e-04,9.487764304628467076e-05
7.075000000000000178e+00,3.320235999690573925e-01,-6.483473716331382246e-03,4.373175222233344553e-03,3.291803853707813698e-01,-4.386098455242141460e-03,1.636625481049389238e-04,-1.856219802026097705e-04,9.350506084762891712e-05
7.087500000000000355e+00,3.319428974392525933e-01,-6.428991963536251006e-03,4.343937895411416859e-03,3.291258120215116434e-01,-4.345683060357390451e-03,1.613580917715964620e-04,-1.830968267508029871e-04,9.215116559381422018e-05
7.100000000000000533e+00,3.318628736522877820e-01,-6.374874454902236531e-03,4.314895939486363720e-03,3.290717421572104118e-01,-4.305540560898109270e-03,1.590849835967784174e-04,-1.806061950330635772e-04,9.081570216396650074e-05
7.112500000000000711e+00,3.317835240703405630e-01,-6.321118756410927519e-03,4.286048057088829091e-03,3.290181723778851097e-01,-4.265669166952051720e-03,1.568427950375516082e-04,-1.781496095640912650e-04,8.949841894556328852e-05
7.125000000000000000e+00,3.317048441859124508e-01,-6.267722450205712864e-03,4.257392959690632118e-03,3.289650993058373940e-01,-4.226067101340037074e-03,1.546311034529901699e-04,-1.757266014922498787e-04,8.819906778586203400e-05
7.137500000000000178e+00,3.316268295216278639e-01,-6.214683134481619776e-03,4.228929367546442261e-03,3.289125195855045480e-01,-4.186732599547098033e-03,1.524494920218437085e-04,-1.733367085054436673e-04,8.691740394401379873e-05
7.150000000000000355e+00,3.315494756300338963e-01,-6.161998423375914316e-03,4.200656009635953154e-03,3.288604298833013306e-01,-4.147663909654482166e-03,1.502975496613751460e-04,-1.709794747383682227e-04,8.565318604385373171e-05
7.162500000000000533e+00,3.314727780934020318e-01,-6.109665946859376730e-03,4.172571623606510967e-03,3.288088268874632125e-01,-4.108859292272451329e-03,1.481748709473479006e-04,-1.686544506811113149e-04,8.440617602735696128e-05
7.175000000000000711e+00,3.313967325235306349e-01,-6.057683350628321854e-03,4.144674955716231082e-03,3.287577073078900569e-01,-4.070317020473923283e-03,1.460810560351478212e-04,-1.663611930890864562e-04,8.317613910875183887e-05
7.187500000000000000e+00,3.313213345615490524e-01,-6.006048295997316877e-03,4.116964760777592700e-03,3.287070678759907993e-01,-4.032035379728939918e-03,1.440157105820228788e-04,-1.640992648942778338e-04,8.196284372928060039e-05
7.200000000000000178e+00,3.312465798777232684e-01,-5.954758459792589519e-03,4.089439802101480989e-03,3.286569053445287381e-01,-3.994012667839955989e-03,1.419784456704234867e-04,-1.618682351177765555e-04,8.076606151259795876e-05
7.212500000000000355e+00,3.311724641712624484e-01,-5.903811534246166531e-03,4.062098851441734923e-03,3.286072164874680457e-01,-3.956247194877990023e-03,1.399688777324295161e-04,-1.596676787835909952e-04,7.958556722079964492e-05
7.225000000000000533e+00,3.310989831701272590e-01,-5.853205226890666191e-03,4.034940688940126183e-03,3.285579980998205585e-01,-3.918737283119585330e-03,1.379866284752452783e-04,-1.574971768337092830e-04,7.842113871107047555e-05
7.237500000000000711e+00,3.310261326308389651e-01,-5.802937260454794216e-03,4.007964103071819453e-03,3.285092469974937313e-01,-3.881481266984616700e-03,1.360313248077495705e-04,-1.553563160443971361e-04,7.727255689294427674e-05
7.250000000000000000e+00,3.309539083382904145e-01,-5.753005372759517969e-03,3.981167890591290684e-03,3.284609600171391475e-01,-3.844477492974951883e-03,1.341025987680839271e-04,-1.532446889437122991e-04,7.613960568616661047e-05
7.262500000000000178e+00,3.308823061055577996e-01,-5.703407316614899844e-03,3.954550856478697245e-03,3.284131340160020285e-01,-3.807724319613934889e-03,1.322000874522640868e-04,-1.511618937302164052e-04,7.502207197915137290e-05
7.275000000000000355e+00,3.308113217737140843e-01,-5.654140859717623688e-03,3.928111813886720795e-03,3.283657658717711314e-01,-3.771220117386748366e-03,1.303234329438013664e-04,-1.491075341928684819e-04,7.391974558802395952e-05
7.287500000000000533e+00,3.307409512116435413e-01,-5.605203784549159587e-03,3.901849584087846434e-03,3.283188524824297572e-01,-3.734963268681603440e-03,1.284722822443166762e-04,-1.470812196320799622e-04,7.283241921624134787e-05
7.300000000000000711e+00,3.306711903158575105e-01,-5.556593888274595668e-03,3.875762996422105026e-03,3.282723907661072027e-01,-3.698952167731793441e-03,1.266462872051350610e-04,-1.450825647819156163e-04,7.175988841478182008e-05
7.312500000000000000e+00,3.306020350103114902e-01,-5.508308982642121272e-03,3.849850888245265248e-03,3.282263776609311012e-01,-3.663185220558612832e-03,1.248451044598454518e-04,-1.431111897334231111e-04,7.070195154289609881e-05
7.325000000000000178e+00,3.305334812462236149e-01,-5.460346893883136384e-03,3.824112104877463655e-03,3.281808101248805398e-01,-3.627660844915121807e-03,1.230683953578112625e-04,-1.411667198590731446e-04,6.965840972941156188e-05
7.337500000000000355e+00,3.304655250018940227e-01,-5.412705462613037581e-03,3.798545499552301394e-03,3.281356851356395654e-01,-3.592377470230805579e-03,1.213158258986199201e-04,-1.392487857382963866e-04,6.862906683458281341e-05
7.350000000000000533e+00,3.303981622825258313e-01,-5.365382543732603350e-03,3.773149933366365481e-03,3.280909996904517456e-01,-3.557333537557082377e-03,1.195870666674550770e-04,-1.373570230840976552e-04,6.761372941247936882e-05
7.362500000000000711e+00,3.303313891200470032e-01,-5.318376006330021236e-03,3.747924275229202844e-03,3.280467508059750070e-01,-3.522527499513695287e-03,1.178817927713802453e-04,-1.354910726707335878e-04,6.661220667390424640e-05
7.375000000000000000e+00,3.302652015729339308e-01,-5.271683733583541233e-03,3.722867401813734125e-03,3.280029355181376949e-01,-3.487957820235990537e-03,1.161996837765197973e-04,-1.336505802624375421e-04,6.562431044983532062e-05
7.387500000000000178e+00,3.301995957260355774e-01,-5.225303622664724187e-03,3.697978197507100721e-03,3.279595508819945771e-01,-3.453622975323066176e-03,1.145404236461238352e-04,-1.318351965431751953e-04,6.464985515538192889e-05
7.400000000000000355e+00,3.301345676903992832e-01,-5.179233584642345053e-03,3.673255554361962421e-03,3.279165939715841804e-01,-3.419521451786835392e-03,1.129037006795060064e-04,-1.300445770474179907e-04,6.368865775425057907e-05
7.412500000000000533e+00,3.300701136030978478e-01,-5.133471544386857335e-03,3.648698372048218754e-03,3.278740618797862383e-01,-3.385651748001966294e-03,1.112892074518391793e-04,-1.282783820919163281e-04,6.274053772371102978e-05
7.425000000000000711e+00,3.300062296270572237e-01,-5.088015440475482896e-03,3.624305557805167482e-03,3.278319517181800813e-01,-3.352012373656729390e-03,1.096966407547982612e-04,-1.265362767084600014e-04,6.180531702005701087e-05
7.437500000000000000e+00,3.299429119508860975e-01,-5.042863225097894177e-03,3.600076026394101545e-03,3.277902606169034727e-01,-3.318601849704758827e-03,1.081257015380376082e-04,-1.248179305776107048e-04,6.088282004455416405e-05
7.450000000000000178e+00,3.298801567887060804e-01,-4.998012863962470603e-03,3.576008700051326247e-03,3.277489857245120541e-01,-3.285418708317711361e-03,1.065760948514899885e-04,-1.231230179633911303e-04,5.997287360986806138e-05
7.462500000000000355e+00,3.298179603799836213e-01,-4.953462336203170828e-03,3.552102508441623129e-03,3.277081242078395129e-01,-3.252461492838869869e-03,1.050475297884773693e-04,-1.214512176489193136e-04,5.907530690696672493e-05
7.475000000000000533e+00,3.297563189893623070e-01,-4.909209634286951403e-03,3.528356388612125406e-03,3.276676732518580826e-01,-3.219728757737649362e-03,1.035397194296191353e-04,-1.198022128729708672e-04,5.818995147248953628e-05
7.487500000000000711e+00,3.296952289064972730e-01,-4.865252763921782200e-03,3.504769284946632289e-03,3.276276300595399316e-01,-3.187219068565048854e-03,1.020523807875282365e-04,-1.181756912674581641e-04,5.731664115657713525e-05
7.500000000000000000e+00,3.296346864458898351e-01,-4.821589743965216078e-03,3.481340149120347449e-03,3.275879918517187184e-01,-3.154931001910039976e-03,1.005852347522830830e-04,-1.165713447958116996e-04,5.645521209115557224e-05
7.512500000000000178e+00,3.295746879467240098e-01,-4.778218606333521461e-03,3.458067940055032079e-03,3.275487558669519794e-01,-3.122863145356894084e-03,9.913800603766370785e-05,-1.149888696922503356e-04,5.560550265866796502e-05
7.525000000000000355e+00,3.295152297727036994e-01,-4.735137395911394320e-03,3.434951623874602476e-03,3.275099193613840165e-01,-3.091014097443483405e-03,9.771042312814242573e-05,-1.134279664019287743e-04,5.476735346124856415e-05
7.537500000000000533e+00,3.294563083118910440e-01,-4.692344170462194909e-03,3.411990173861132684e-03,3.274714796086091173e-01,-3.059382467620525015e-03,9.630221822661641127e-05,-1.118883395219472695e-04,5.394060729033169202e-05
7.550000000000000711e+00,3.293979199765463273e-01,-4.649837000538743943e-03,3.389182570411286913e-03,3.274334338995353311e-01,-3.027966876211801456e-03,9.491312720287261543e-05,-1.103696977432126812e-04,5.312510909669057471e-05
7.562500000000000000e+00,3.293400612029682151e-01,-4.607613969394668690e-03,3.366527800993172198e-03,3.273957795422491324e-01,-2.996765954375361050e-03,9.354288954277436739e-05,-1.088717537931377670e-04,5.232070596089969717e-05
7.575000000000000178e+00,3.292827284513359376e-01,-4.565673172896260804e-03,3.344024860103606521e-03,3.273585138618798074e-01,-2.965778344065695717e-03,9.219124829815844059e-05,-1.073942243791660265e-04,5.152724706421471171e-05
7.587500000000000355e+00,3.292259182055519706e-01,-4.524012719434900541e-03,3.321672749225818878e-03,3.273216342004650059e-01,-2.935002697996928842e-03,9.085795003743397707e-05,-1.059368301331115942e-04,5.074458365986481091e-05
7.600000000000000533e+00,3.291696269730861046e-01,-4.482630729839981454e-03,3.299470476787553109e-03,3.272851379168164043e-01,-2.904437679606993242e-03,8.954274479687116765e-05,-1.044992955563001677e-04,4.997256904475092421e-05
7.612500000000000711e+00,3.291138512848204023e-01,-4.441525337292358960e-03,3.277417058119600195e-03,3.272490223863858128e-01,-2.874081963022825665e-03,8.824538603257119052e-05,-1.030813489655009571e-04,4.921105853154485914e-05
7.625000000000000000e+00,3.290585876948954880e-01,-4.400694687238330613e-03,3.255511515414745167e-03,3.272132850011318927e-01,-2.843934233026588262e-03,8.696563057310714912e-05,-1.016827224396375790e-04,4.845990942118372246e-05
7.637500000000000178e+00,3.290038327805577256e-01,-4.360136937304097751e-03,3.233752877687122527e-03,3.271779231693870416e-01,-2.813993185022909630e-03,8.570323857282579044e-05,-1.003031517672660908e-04,4.771898097575386793e-05
7.650000000000000355e+00,3.289495831420073402e-01,-4.319850257210770123e-03,3.212140180732007966e-03,3.271429343157248870e-01,-2.784257525007187081e-03,8.445797346580199440e-05,-9.894237639481045002e-05,4.698813439175983755e-05
7.662500000000000533e+00,3.288958354022479824e-01,-4.279832828689838879e-03,3.190672467086006891e-03,3.271083158808280600e-01,-2.754725969534926270e-03,8.322960192043466377e-05,-9.760013937554264259e-05,4.626723277377205526e-05
7.675000000000000711e+00,3.288425862069370154e-01,-4.240082845399160451e-03,3.169348785987666662e-03,3.270740653213565219e-01,-2.725397245692146812e-03,8.201789379467630298e-05,-9.627618731929787454e-05,4.555614110844878725e-05
7.687500000000000000e+00,3.287898322242369664e-01,-4.200598512839427007e-03,3.148168193338506463e-03,3.270401801098158368e-01,-2.696270091066867765e-03,8.082262209188654188e-05,-9.497027034291399643e-05,4.485472623892713078e-05
7.700000000000000178e+00,3.287375701446680898e-01,-4.161378048271113100e-03,3.127129751664451795e-03,3.270066577344263314e-01,-2.667343253721664309e-03,7.964356291730029366e-05,-9.368214202138407554e-05,4.416285683957766472e-05
7.712500000000000355e+00,3.286857966809616505e-01,-4.122419680631921046e-03,3.106232530077703523e-03,3.269734956989921448e-01,-2.638615492167346345e-03,7.848049543510293041e-05,-9.241155933971317090e-05,4.348040339111865552e-05
7.725000000000000533e+00,3.286345085679148736e-01,-4.083721650454682529e-03,3.085475604239001565e-03,3.269406915227709431e-01,-2.610085575337718275e-03,7.733320182610213588e-05,-9.115828264546747980e-05,4.280723815608397718e-05
7.737500000000000711e+00,3.285837025622460050e-01,-4.045282209785735529e-03,3.064858056320315764e-03,3.269082427403436353e-01,-2.581752282565478486e-03,7.620146724598892720e-05,-8.992207560200718224e-05,4.214323515464057143e-05
7.750000000000000000e+00,3.285333754424514252e-01,-4.007099622103767883e-03,3.044378974967948317e-03,3.268761469014845877e-01,-2.553614403559245107e-03,7.508507978417907713e-05,-8.870270514239258846e-05,4.148827014075071111e-05
7.762500000000000178e+00,3.284835240086628194e-01,-3.969172162239106676e-03,3.024037455266047336e-03,3.268444015710321171e-01,-2.525670738381723644e-03,7.398383042322624972e-05,-8.749994142395379104e-05,4.084222057867403235e-05
7.775000000000000355e+00,3.284341450825060682e-01,-3.931498116293485542e-03,3.003832598700547588e-03,3.268130043287592046e-01,-2.497920097429050332e-03,7.289751299879953085e-05,-8.631355778351521588e-05,4.020496561980550668e-05
7.787500000000000533e+00,3.283852355069606932e-01,-3.894075781560238717e-03,2.983763513123514986e-03,3.267819527692443216e-01,-2.470361301411293405e-03,7.182592416021598911e-05,-8.514333069326431112e-05,3.957638607984404741e-05
7.800000000000000711e+00,3.283367921462205241e-01,-3.856903466444942200e-03,2.963829312717911751e-03,3.267512445017426437e-01,-2.442993181334146991e-03,7.076886333152120588e-05,-8.398903971725625627e-05,3.895636441628786068e-05
7.812500000000000000e+00,3.282888118855553650e-01,-3.819979490386502929e-03,2.944029117962779218e-03,3.267208771500576536e-01,-2.415814578481830649e-03,6.972613267310956203e-05,-8.285046746854529947e-05,3.834478470625211623e-05
7.825000000000000178e+00,3.282412916311733819e-01,-3.783302183778659063e-03,2.924362055598833058e-03,3.266908483524124662e-01,-2.388824344401194524e-03,6.869753704387614949e-05,-8.172739956693327685e-05,3.774153262460435039e-05
7.837500000000000355e+00,3.281942283100847679e-01,-3.746869887891941288e-03,2.904827258594485685e-03,3.266611557613219863e-01,-2.362021340887075251e-03,6.768288396389381622e-05,-8.061962459732786011e-05,3.714649542241406415e-05
7.850000000000000533e+00,3.281476188699663510e-01,-3.710680954796023116e-03,2.885423866112276758e-03,3.266317970434646223e-01,-2.335404439968880898e-03,6.668198357760612874e-05,-7.952693406870017811e-05,3.655956190571158979e-05
7.862500000000000711e+00,3.281014602790268131e-01,-3.674733747282507047e-03,2.866151023475726513e-03,3.266027698795543888e-01,-2.308972523898449210e-03,6.569464861753014011e-05,-7.844912237363454847e-05,3.598062241455266197e-05
7.875000000000000000e+00,3.280557495258735190e-01,-3.639026638788117086e-03,2.847007882136611944e-03,3.265740719642134526e-01,-2.282724485139182597e-03,6.472069436846096730e-05,-7.738598674846152337e-05,3.540956880238460027e-05
7.887500000000000178e+00,3.280104836193796780e-01,-3.603558013318291110e-03,2.827993599642656276e-03,3.265457010058444021e-01,-2.256659226356474632e-03,6.375993863217096808e-05,-7.633732723396563036e-05,3.484629441570988832e-05
7.900000000000000355e+00,3.279656595885526715e-01,-3.568326265371193472e-03,2.809107339605649515e-03,3.265176547265027929e-01,-2.230775660409467509e-03,6.281220169259702564e-05,-7.530294663666088270e-05,3.429069407404392424e-05
7.912500000000000533e+00,3.279212744824036574e-01,-3.533329799862101883e-03,2.790348271669985773e-03,3.264899308617697504e-01,-2.205072710344119225e-03,6.187730628150780966e-05,-7.428265049062446411e-05,3.374266405016226644e-05
7.925000000000000711e+00,3.278773253698175072e-01,-3.498567032048198900e-03,2.771715571481624292e-03,3.264625271606246826e-01,-2.179549309387633377e-03,6.095507754464490132e-05,-7.327624701988187932e-05,3.320210205063431900e-05
7.937500000000000000e+00,3.278338093394241870e-01,-3.464036387453743333e-03,2.753208420657480681e-03,3.264354413853180481e-01,-2.154204400944256803e-03,6.004534300833086398e-05,-7.228354710133561532e-05,3.266890719663946514e-05
7.950000000000000178e+00,3.277907234994706931e-01,-3.429736301795615044e-03,2.734826006755234490e-03,3.264086713112441251e-01,-2.129036938592452407e-03,5.914793254653685295e-05,-7.130436422822914084e-05,3.214298000506194921e-05
7.962500000000000355e+00,3.277480649776944865e-01,-3.395665220909255266e-03,2.716567523243578700e-03,3.263822147268140017e-01,-2.104045886083500978e-03,5.826267834840434323e-05,-7.033851447413991525e-05,3.162422236986138984e-05
7.975000000000000533e+00,3.277058309211969833e-01,-3.361821600674953434e-03,2.698432169472889022e-03,3.263560694333281220e-01,-2.079230217341506391e-03,5.738941488621305398e-05,-6.938581645749267895e-05,3.111253754371481130e-05
7.987500000000000711e+00,3.276640184963188762e-01,-3.328203906944509141e-03,2.680419150646324265e-03,3.263302332448494436e-01,-2.054588916464861886e-03,5.652797888378949953e-05,-6.844609130658676403e-05,3.060783011992715034e-05
8.000000000000000000e+00,3.276226248885156789e-01,-3.294810615468254499e-03,2.662527677791365604e-03,3.263047039880760392e-01,-2.030120977729182180e-03,5.567820928534957355e-05,-6.751916262512995775e-05,3.011000601460682682e-05
8.012500000000001066e+00,3.275816473022345465e-01,-3.261640211822411720e-03,2.644756967731777368e-03,3.262794795022138095e-01,-2.005825405591714003e-03,5.483994722476844447e-05,-6.660485645827151908e-05,2.961897244910274932e-05
8.025000000000000355e+00,3.275410829607919849e-01,-3.228691191336839714e-03,2.627106243060030148e-03,3.262545576388494739e-01,-1.981701214697286634e-03,5.401303599527292379e-05,-6.570300125912896809e-05,2.913463793270027567e-05
8.037499999999999645e+00,3.275009291062521144e-01,-3.195962059023065623e-03,2.609574732110126350e-03,3.262299362618228393e-01,-1.957747429885757333e-03,5.319732101954776927e-05,-6.481342785579906644e-05,2.865691224557154085e-05
8.050000000000000711e+00,3.274611829993064327e-01,-3.163451329502695811e-03,2.592161668930893260e-03,3.262056132470994019e-01,-1.933963086201042529e-03,5.239264982025245343e-05,-6.393596941884935694e-05,2.818570642197850567e-05
8.062500000000000000e+00,3.274218419191538554e-01,-3.131157526936158633e-03,2.574866293259717599e-03,3.261815864826429490e-01,-1.910347228901734546e-03,5.159887199094137733e-05,-6.307046142928217131e-05,2.772093273372494844e-05
8.075000000000001066e+00,3.273829031633821995e-01,-3.099079184951729956e-03,2.557687850496701172e-03,3.261578538682874950e-01,-1.886898913473285212e-03,5.081583916738040762e-05,-6.221674164696373356e-05,2.726250467385368616e-05
8.087500000000000355e+00,3.273443640478500005e-01,-3.067214846574941190e-03,2.540625591679298786e-03,3.261344133156096059e-01,-1.863617205641872809e-03,5.004340499925687732e-05,-6.137465007951482181e-05,2.681033694058774128e-05
8.099999999999999645e+00,3.273062219065696055e-01,-3.035563064158239722e-03,2.523678773457369452e-03,3.261112627478000014e-01,-1.840501181389873854e-03,4.928142512227400409e-05,-6.054402895165327133e-05,2.636434542151053434e-05
8.112500000000000711e+00,3.272684740915910995e-01,-3.004122399311000193e-03,2.506846658068707673e-03,3.260884000995356580e-01,-1.817549926973048352e-03,4.852975713062671721e-05,-5.972472267498503916e-05,2.592444717798386250e-05
8.125000000000000000e+00,3.272311179728868979e-01,-2.972891422829837624e-03,2.490128513315022305e-03,3.260658233168508557e-01,-1.794762538939434623e-03,4.778826054985242205e-05,-5.891657781823677616e-05,2.549056042980016732e-05
8.137500000000001066e+00,3.271941509382374491e-01,-2.941868714629177275e-03,2.473523612538358184e-03,3.260435303570087817e-01,-1.772138124149944590e-03,4.705679681005002057e-05,-5.811944307792264914e-05,2.506260454006574112e-05
8.150000000000000355e+00,3.271575703931175472e-01,-2.911052863672180125e-03,2.457031234598006531e-03,3.260215191883720776e-01,-1.749675799800772934e-03,4.633522921946447054e-05,-5.733316924944256026e-05,2.464050000031371964e-05
8.162499999999999645e+00,3.271213737605838667e-01,-2.880442467901888227e-03,2.440650663847846857e-03,3.259997877902738872e-01,-1.727374693447547918e-03,4.562342293842844038e-05,-5.655760919860256832e-05,2.422416841584231452e-05
8.175000000000000711e+00,3.270855584811630523e-01,-2.850036134172694025e-03,2.424381190114179799e-03,3.259783341528879608e-01,-1.705233943031335972e-03,4.492124495365835572e-05,-5.579261783355470651e-05,2.381353249127722812e-05
8.187500000000000000e+00,3.270501220127405295e-01,-2.819832478182085923e-03,2.408222108674029638e-03,3.259571562770987030e-01,-1.683252696906497236e-03,4.422856405289857657e-05,-5.503805207714956279e-05,2.340851601635510678e-05
8.200000000000001066e+00,3.270150618304507595e-01,-2.789830124402614599e-03,2.392172720233893927e-03,3.259362521743709440e-01,-1.661430113870389228e-03,4.354525079990768092e-05,-5.429377083969505653e-05,2.300904385192489496e-05
8.212500000000000355e+00,3.269803754265678264e-01,-2.760027706014192821e-03,2.376232330909009653e-03,3.259156198666189330e-01,-1.639765363195032268e-03,4.287117750978414421e-05,-5.355963499211876199e-05,2.261504191616616193e-05
8.224999999999999645e+00,3.269460603103968577e-01,-2.730423864836579572e-03,2.360400252203062165e-03,3.258952573860756097e-01,-1.618257624660670961e-03,4.220621822462362893e-05,-5.283550733952536256e-05,2.222643717102021674e-05
8.237500000000000711e+00,3.269121140081667209e-01,-2.701017251262163854e-03,2.344675800988402833e-03,3.258751627751606539e-01,-1.596906088591344697e-03,4.155024868950524139e-05,-5.212125259514672164e-05,2.184315760883311354e-05
8.250000000000000000e+00,3.268785340629229985e-01,-2.671806524188989618e-03,2.329058299486752841e-03,3.258553340863486469e-01,-1.575709955892469569e-03,4.090314632880107050e-05,-5.141673735467837002e-05,2.146513223920768089e-05
8.262500000000001066e+00,3.268453180344224607e-01,-2.642790350953977581e-03,2.313547075250379711e-03,3.258357693820364553e-01,-1.554668438090433440e-03,4.026479022280308610e-05,-5.072183007099650070e-05,2.109229107606179008e-05
8.275000000000000355e+00,3.268124634990274835e-01,-2.613967407266441084e-03,2.298141461143801603e-03,3.258164667344103926e-01,-1.533780757374317121e-03,3.963506108466523519e-05,-5.003640102925309288e-05,2.072456512489197469e-05
8.287499999999999645e+00,3.267799680496023540e-01,-2.585336377141765878e-03,2.282840795325959127e-03,3.257974242253123820e-01,-1.513046146639687685e-03,3.901384123765301104e-05,-4.936032232234135189e-05,2.036188637023872875e-05
8.300000000000000711e+00,3.267478292954094643e-01,-2.556895952835350986e-03,2.267644421232915385e-03,3.257786399461061189e-01,-1.492463849534572326e-03,3.840101459269844222e-05,-4.869346782672925611e-05,2.000418776335262619e-05
8.312500000000000000e+00,3.267160448620068380e-01,-2.528644834776764237e-03,2.252551687561064712e-03,3.257601119975422344e-01,-1.472033120507623824e-03,3.779646662625478878e-05,-4.803571317865553916e-05,1.965140321005874428e-05
8.325000000000001066e+00,3.266846123911464894e-01,-2.500581731504058266e-03,2.237561948250832780e-03,3.257418384896229591e-01,-1.451753224858483900e-03,3.720008435844571469e-05,-4.738693575068275401e-05,1.930346755881683980e-05
8.337500000000000355e+00,3.266535295406732820e-01,-2.472705359598354521e-03,2.222674562470932248e-03,3.257238175414661208e-01,-1.431623438790458969e-03,3.661175633150662561e-05,-4.674701462860515587e-05,1.896031658897663746e-05
8.349999999999999645e+00,3.266227939844248973e-01,-2.445014443618556948e-03,2.207888894603106302e-03,3.257060472811686425e-01,-1.411643049465460343e-03,3.603137258851117885e-05,-4.611583058870443775e-05,1.862188699922478170e-05
8.362500000000000711e+00,3.265924034121325259e-01,-2.417507716036292054e-03,2.193204314227423408e-03,3.256885258456692078e-01,-1.391811355061321450e-03,3.545882465238081767e-05,-4.549326607535118425e-05,1.828811639622289254e-05
8.375000000000000000e+00,3.265623555293223346e-01,-2.390183917171033283e-03,2.178620196108110255e-03,3.256712513806099829e-01,-1.372127664831505932e-03,3.489400550517208485e-05,-4.487920517894700872e-05,1.795894328343435395e-05
8.387500000000001066e+00,3.265326480572178225e-01,-2.363041795125354200e-03,2.164135920179899048e-03,3.256542220401980048e-01,-1.352591299167221588e-03,3.433680956763682322e-05,-4.427353361420240010e-05,1.763430705013766978e-05
8.400000000000000355e+00,3.265032787326428987e-01,-2.336080105720414555e-03,2.149750871534954633e-03,3.256374359870654600e-01,-1.333201589662053130e-03,3.378713267905292527e-05,-4.367613869874834823e-05,1.731414796062585515e-05
8.412499999999999645e+00,3.264742453079256812e-01,-2.309297612431540029e-03,2.135464440410321605e-03,3.256208913921291859e-01,-1.313957879179076691e-03,3.324487207731928251e-05,-4.308690933207536423e-05,1.699840714358874966e-05
8.425000000000000711e+00,3.264455455508034620e-01,-2.282693086324001901e-03,2.121276022175948208e-03,3.256045864344495055e-01,-1.294859521920568813e-03,3.270992637931269162e-05,-4.250573597479801233e-05,1.668702658167787648e-05
8.437500000000000000e+00,3.264171772443281161e-01,-2.256265305988937233e-03,2.107185017323276194e-03,3.255885193010880085e-01,-1.275905883500331192e-03,3.218219556150197401e-05,-4.193251062824038586e-05,1.637994910125175661e-05
8.450000000000001066e+00,3.263891381867723984e-01,-2.230013057479372698e-03,2.093190831454377551e-03,3.255726881869642764e-01,-1.257096341018651550e-03,3.166158094081449091e-05,-4.136712681433806860e-05,1.607711836229977099e-05
8.462500000000000355e+00,3.263614261915371295e-01,-2.203935134246434897e-03,2.079292875271698815e-03,3.255570912947120532e-01,-1.238430283140015556e-03,3.114798515575310231e-05,-4.080947955585484681e-05,1.577847884854417730e-05
8.474999999999999645e+00,3.263340390870589358e-01,-2.178030337075634836e-03,2.065490564568360065e-03,3.255417268345340287e-01,-1.219907110173541840e-03,3.064131214775728826e-05,-4.025946535690840537e-05,1.548397585771758459e-05
8.487500000000000711e+00,3.263069747167193224e-01,-2.152297474023297675e-03,2.051783320219061069e-03,3.255265930240557881e-01,-1.201526234156255870e-03,3.014146714280661315e-05,-3.971698218380335449e-05,1.519355549201557737e-05
8.500000000000000000e+00,3.262802309387538569e-01,-2.126735360353112624e-03,2.038170568171584606e-03,3.255116880881788188e-01,-1.183287078939230033e-03,2.964835663326175551e-05,-3.918192944616752821e-05,1.490716464872275104e-05
8.512500000000001066e+00,3.262538056261625741e-01,-2.101342818472740504e-03,2.024651739438885264e-03,3.254970102589320735e-01,-1.165189080276615285e-03,2.916188835993885816e-05,-3.865420797838747515e-05,1.462475101101046975e-05
8.525000000000000355e+00,3.262276966666212141e-01,-2.076118677870576572e-03,2.011226270091819208e-03,3.254825577753227561e-01,-1.147231685917686006e-03,2.868197129441505064e-05,-3.813372002134174577e-05,1.434626303890616531e-05
8.537499999999999645e+00,3.262019019623929039e-01,-2.051061775052541534e-03,1.997893601252461165e-03,3.254683288831856647e-01,-1.129414355701875965e-03,2.820851562155947883e-05,-3.762036920442665000e-05,1.407164996043177340e-05
8.550000000000000711e+00,3.261764194302409492e-01,-2.026170953478993557e-03,1.984653179088071481e-03,3.254543218350316458e-01,-1.111736561656924633e-03,2.774143272228783277e-05,-3.711406052787327887e-05,1.380086176291121376e-05
8.562500000000000000e+00,3.261512470013421261e-01,-2.001445063501704896e-03,1.971504454805694632e-03,3.254405348898943839e-01,-1.094197788100171155e-03,2.728063515653616445e-05,-3.661470034535195507e-05,1.353384918444540341e-05
8.575000000000001066e+00,3.261263826212013051e-01,-1.976882962300873653e-03,1.958446884647383097e-03,3.254269663131763024e-01,-1.076797531743023742e-03,2.682603664644964199e-05,-3.612219634686062911e-05,1.327056370555343565e-05
8.587500000000000355e+00,3.261018242495661301e-01,-1.952483513822238096e-03,1.945479929886100370e-03,3.254136143764929101e-01,-1.059535301798735212e-03,2.637755205978447483e-05,-3.563645754189603560e-05,1.301095754097988430e-05
8.599999999999999645e+00,3.260775698603428641e-01,-1.928245588714190117e-03,1.932603056822257371e-03,3.254004773575158715e-01,-1.042410620093467801e-03,2.593509739351745354e-05,-3.515739424290285236e-05,1.275498363166618663e-05
8.612500000000000711e+00,3.260536174415133437e-01,-1.904168064264959159e-03,1.919815736780934720e-03,3.253875535398145225e-01,-1.025423021180772113e-03,2.549858975766128129e-05,-3.468491804899983259e-05,1.250259563688617116e-05
8.625000000000000000e+00,3.260299649950518797e-01,-1.880249824339828672e-03,1.907117446109783719e-03,3.253748412126961642e-01,-1.008572052459526204e-03,2.506794735928163475e-05,-3.421894182997963711e-05,1.225374792654452581e-05
8.637500000000001066e+00,3.260066105368438771e-01,-1.856489759318339771e-03,1.894507666177596512e-03,3.253623386710446375e-01,-9.918572742953683883e-04,2.464308948671188184e-05,-3.375937971057922925e-05,1.200839557363708484e-05
8.650000000000000355e+00,3.259835520966044564e-01,-1.832886766031558866e-03,1.881985883373600262e-03,3.253500442151576744e-01,-9.752782601457609399e-04,2.422393649396368420e-05,-3.330614705501996501e-05,1.176649434687311092e-05
8.662499999999999645e+00,3.259607877177985169e-01,-1.809439747699299970e-03,1.869551589107430051e-03,3.253379561505820861e-01,-9.588345966886756711e-04,2.381040978532824998e-05,-3.285916045181306206e-05,1.152800070345785445e-05
8.675000000000000711e+00,3.259383154575609676e-01,-1.786147613867375417e-03,1.857204279809838380e-03,3.253260727879481173e-01,-9.425258839550347588e-04,2.340243180016648848e-05,-3.241833769882986472e-05,1.129287178203562222e-05
8.687500000000000000e+00,3.259161333866182897e-01,-1.763009280344834430e-03,1.844943456934129786e-03,3.253143924428012479e-01,-9.263517354649548419e-04,2.299992599788411941e-05,-3.198359778863389647e-05,1.106106539579248636e-05
8.700000000000001066e+00,3.258942395892104327e-01,-1.740023669141144667e-03,1.832768626958316237e-03,3.253029134354330498e-01,-9.103117783678457827e-04,2.260281684308793900e-05,-3.155486089407203663e-05,1.083254002571775610e-05
8.712500000000000355e+00,3.258726321630138756e-01,-1.717189708403392846e-03,1.820679301388046642e-03,3.252916340907098247e-01,-8.944056535864960402e-04,2.221102979092145019e-05,-3.113204835412431998e-05,1.060725481402460700e-05
8.724999999999999645e+00,3.258513092190651883e-01,-1.694506332353393424e-03,1.808674996760270375e-03,3.252805527378993533e-01,-8.786330159651552793e-04,2.182449127257491059e-05,-3.071508266000849685e-05,1.038516955772849037e-05
8.737500000000000711e+00,3.258302688816855919e-01,-1.671972481224780595e-03,1.796755234647688356e-03,3.252696677104961465e-01,-8.629935344217486582e-04,2.144312868096804643e-05,-3.030388744153900788e-05,1.016624470238377699e-05
8.750000000000000000e+00,3.258095092884060184e-01,-1.649587101200039770e-03,1.784919541663986062e-03,3.252589773460445310e-01,-8.474868921042801474e-04,2.106687035660170540e-05,-2.989838745373791395e-05,9.950441335978016608e-06
8.762500000000001066e+00,3.257890285898933369e-01,-1.627349144347434553e-03,1.773167449469844562e-03,3.252484799859595710e-01,-8.321127865514876560e-04,2.069564557357475562e-05,-2.949850856369551778e-05,9.737721182983293371e-06
8.775000000000000355e+00,3.257688249498771893e-01,-1.605257568557904658e-03,1.761498494779782480e-03,3.252381739753463785e-01,-8.168709298578869004e-04,2.032938452576448895e-05,-2.910417773768040630e-05,9.528046598565256351e-06
8.787499999999999645e+00,3.257488965450774376e-01,-1.583311337481822442e-03,1.749912219369792899e-03,3.252280576628170383e-01,-8.017610488432249391e-04,1.996801831316580576e-05,-2.871532302849567124e-05,9.321380562948786830e-06
8.800000000000000711e+00,3.257292415651325546e-01,-1.561509420465682658e-03,1.738408170085826380e-03,3.252181294003054224e-01,-7.867828852264873579e-04,1.961147892838741591e-05,-2.833187356308120640e-05,9.117686675941022280e-06
8.812500000000000000e+00,3.257098582125290687e-01,-1.539850792488679440e-03,1.726985898853121383e-03,3.252083875428798954e-01,-7.719361958045245888e-04,1.925969924330150849e-05,-2.795375953036011296e-05,8.916929151611398220e-06
8.825000000000001066e+00,3.256907447025313429e-01,-1.518334434099131297e-03,1.715644962686373653e-03,3.251988304485536330e-01,-7.572207526353697893e-04,1.891261299584330919e-05,-2.758091216932732578e-05,8.719072813128504680e-06
8.837500000000000355e+00,3.256718992631124077e-01,-1.496959331350818925e-03,1.704384923700804624e-03,3.251894564780927199e-01,-7.426363432263943234e-04,1.857015477695874976e-05,-2.721326375738061649e-05,8.524083087754587350e-06
8.849999999999999645e+00,3.256533201348854600e-01,-1.475724475739133290e-03,1.693205349124088073e-03,3.251802639948219165e-01,-7.281827707273332614e-04,1.823226001769577407e-05,-2.685074759889116456e-05,8.331926001997014096e-06
8.862500000000000711e+00,3.256350055710364733e-01,-1.454628864137100545e-03,1.682105811309196185e-03,3.251712513644277602e-01,-7.138598541283319287e-04,1.789886497643752202e-05,-2.649329801401398101e-05,8.142568176917664002e-06
8.875000000000000000e+00,3.256169538372571393e-01,-1.433671498731239760e-03,1.671085887748158076e-03,3.251624169547592813e-01,-6.996674284630909155e-04,1.756990672627383745e-05,-2.614085032773663978e-05,7.955976823600252471e-06
8.887500000000001066e+00,3.255991632116789214e-01,-1.412851386957211840e-03,1.660145161086734036e-03,3.251537591356264412e-01,-6.856053450171931390e-04,1.724532314250775916e-05,-2.579334085916496147e-05,7.772119738775697432e-06
8.900000000000000355e+00,3.255816319848079954e-01,-1.392167541435326405e-03,1.649283219140056664e-03,3.251452762785952411e-01,-6.716734715417671314e-04,1.692505289029513842e-05,-2.545070691104607975e-05,7.590965300606637958e-06
8.912499999999999645e+00,3.255643584594606343e-01,-1.371618979905800178e-03,1.638499654909211572e-03,3.251369667567807764e-01,-6.578716924725317664e-04,1.660903541241306308e-05,-2.511288675952664748e-05,7.412482464630797814e-06
8.925000000000000711e+00,3.255473409506996485e-01,-1.351204725163833442e-03,1.627794066598809699e-03,3.251288289446374047e-01,-6.441999091543836433e-04,1.629721091715527226e-05,-2.477981964414688060e-05,7.236640759864429768e-06
8.937500000000000000e+00,3.255305777857716576e-01,-1.330923804994459461e-03,1.617166057635552106e-03,3.251208612177456381e-01,-6.306580400716156002e-04,1.598952036635119039e-05,-2.445144575806932496e-05,7.063410285066214192e-06
8.950000000000001066e+00,3.255140673040452515e-01,-1.310775252107126542e-03,1.606615236687792235e-03,3.251130619525966492e-01,-6.172460210838625260e-04,1.568590546350519252e-05,-2.412770623854147196e-05,6.892761705162052430e-06
8.962500000000000355e+00,3.254978078569495947e-01,-1.290758104070072578e-03,1.596141217686146375e-03,3.251054295263734462e-01,-6.039638056679377505e-04,1.538630864205427467e-05,-2.380854315759310745e-05,6.724666247832187240e-06
8.974999999999999645e+00,3.254817978079143082e-01,-1.270871403244393846e-03,1.585743619845127834e-03,3.250979623167292720e-01,-5.908113651656217045e-04,1.509067305373990083e-05,-2.349389951296666575e-05,6.559095700260723182e-06
8.987500000000000711e+00,3.254660355323097387e-01,-1.251114196717862054e-03,1.575422067685859455e-03,3.250906587015625626e-01,-5.777886890375707931e-04,1.479894255709219529e-05,-2.318371921928167657e-05,6.396022406049112248e-06
9.000000000000000000e+00,3.254505194173886173e-01,-1.231485536238454510e-03,1.565176191059866649e-03,3.250835170587890177e-01,-5.648957851234516492e-04,1.451106170602309739e-05,-2.287794709943276249e-05,6.235419262294334039e-06
9.012500000000001066e+00,3.254352478622279388e-01,-1.211984478147548616e-03,1.555005625173958104e-03,3.250765357661098975e-01,-5.521326799084084287e-04,1.422697573852519874e-05,-2.257652887622081799e-05,6.077259716832624295e-06
9.025000000000000355e+00,3.254202192776721181e-01,-1.192610083312843150e-03,1.544910010616247281e-03,3.250697132007775436e-01,-5.394994187960377042e-04,1.394663056547430820e-05,-2.227941116421863353e-05,5.921517765650483968e-06
9.037499999999999645e+00,3.254054320862768135e-01,-1.173361417060902025e-03,1.534888993383291085e-03,3.250630477393570694e-01,-5.269960663879489108e-04,1.366997275953165670e-05,-2.198654146186991792e-05,5.768167950463506689e-06
9.050000000000000711e+00,3.253908847222534151e-01,-1.154237549109383846e-03,1.524942224908404234e-03,3.250565377574846648e-01,-5.146227067700897802e-04,1.339694954414378696e-05,-2.169786814382323342e-05,5.617185356464902514e-06
9.062500000000000000e+00,3.253765756314150326e-01,-1.135237553498905658e-03,1.515069362091153466e-03,3.250501816296219038e-01,-5.023794438059553738e-04,1.312750878263679427e-05,-2.141334045350079269e-05,5.468545610244892782e-06
9.075000000000001066e+00,3.253625032711223719e-01,-1.116360508524505543e-03,1.505270067328038286e-03,3.250439777288072207e-01,-4.902664014368049656e-04,1.286159896740161134e-05,-2.113290849590245319e-05,5.322224877882225450e-06
9.087500000000000355e+00,3.253486661102313326e-01,-1.097605496666755227e-03,1.495544008544417904e-03,3.250379244264024470e-01,-4.782837239890725517e-04,1.259916920916833172e-05,-2.085652323064652152e-05,5.178199863209932734e-06
9.099999999999999645e+00,3.253350626290409386e-01,-1.078971604522423623e-03,1.485890859227659852e-03,3.250320200918363489e-01,-4.664315764890672109e-04,1.234016922636548370e-05,-2.058413646524706641e-05,5.036447806256319535e-06
9.112500000000000711e+00,3.253216913192424897e-01,-1.060457922734746360e-03,1.476310298461572506e-03,3.250262630923439477e-01,-4.547101449851534828e-04,1.208454933456221357e-05,-2.031570084862971209e-05,4.896946481863476417e-06
9.125000000000000000e+00,3.253085506838691576e-01,-1.042063545923256878e-03,1.466802010962127163e-03,3.250206517927013428e-01,-4.431196368775497862e-04,1.183226043599003915e-05,-2.005116986488650842e-05,4.759674198484912954e-06
9.137500000000001066e+00,3.252956392372471361e-01,-1.023787572613134387e-03,1.457365687114481377e-03,3.250151845549571483e-01,-4.316602812558828928e-04,1.158325400914079387e-05,-1.979049782727080272e-05,4.624609797164064791e-06
9.150000000000000355e+00,3.252829555049467358e-01,-1.005629105164123141e-03,1.448001023011360154e-03,3.250098597381587684e-01,-4.203323292446994701e-04,1.133748209843867110e-05,-1.953363987243432573e-05,4.491732650696167253e-06
9.162499999999999645e+00,3.252704980237354215e-01,-9.875872496989217524e-04,1.438707720492782196e-03,3.250046756980752849e-01,-4.091360543570491835e-04,1.109489730398225024e-05,-1.928055195490687804e-05,4.361022662975051481e-06
9.175000000000000711e+00,3.252582653415307390e-01,-9.696611160310946971e-04,1.429485487187185213e-03,3.249996307869147949e-01,-3.980717528563448696e-04,1.085545277135435323e-05,-1.903119084182113759e-05,4.232460268527545674e-06
9.187500000000000000e+00,3.252462560173551287e-01,-9.518498175924600428e-04,1.420334036553967194e-03,3.249947233530380841e-01,-3.871397441266544409e-04,1.061910218149629934e-05,-1.878551410788394368e-05,4.106026432237626103e-06
9.200000000000001066e+00,3.252344686212906844e-01,-9.341524713599116568e-04,1.411253087927454497e-03,3.249899517406671934e-01,-3.763403710515821651e-04,1.038579974064312761e-05,-1.854348013059559558e-05,3.981702649262544751e-06
9.212500000000000355e+00,3.252229017344356321e-01,-9.165681977817199131e-04,1.402242366562355931e-03,3.249853142895892111e-01,-3.656740004019549137e-04,1.015550017031752384e-05,-1.830504808572009311e-05,3.859470945143944795e-06
9.224999999999999645e+00,3.252115539488613094e-01,-8.990961207032180900e-04,1.393301603680693760e-03,3.249808093348552362e-01,-3.551410232324485241e-04,9.928158697378282872e-06,-1.807017794300743392e-05,3.739313876116041683e-06
9.237500000000000711e+00,3.252004238675700321e-01,-8.817353672919166349e-04,1.384430536520269046e-03,3.249764352064743456e-01,-3.447418552873774051e-04,9.703731044121002370e-06,-1.783883046217117261e-05,3.621214529614092775e-06
9.250000000000000000e+00,3.251895101044542380e-01,-8.644850679620027937e-04,1.375628908384679159e-03,3.249721902291021758e-01,-3.344769374158202075e-04,9.482173418427425064e-06,-1.761096718912338296e-05,3.505156524985830484e-06
9.262500000000001066e+00,3.251788112842562417e-01,-8.473443562981795288e-04,1.366896468694904325e-03,3.249680727217248988e-01,-3.243467359962598560e-04,9.263442503959921077e-06,-1.738655045246932735e-05,3.391124014408689688e-06
9.275000000000000355e+00,3.251683260425291544e-01,-8.303123689788879588e-04,1.358232973042522006e-03,3.249640809973369238e-01,-3.143517433709721318e-04,9.047495450398609890e-06,-1.716554336026552616e-05,3.279101684016349266e-06
9.287499999999999645e+00,3.251580530255987478e-01,-8.133882456988156349e-04,1.349638183244547584e-03,3.249602133626138256e-01,-3.044924782903188202e-04,8.834289863716881706e-06,-1.694790979704318920e-05,3.169074755237330034e-06
9.300000000000000711e+00,3.251479908905260952e-01,-7.965711290907354298e-04,1.341111867399955981e-03,3.249564681175795555e-01,-2.947694863671883954e-04,8.623783796492765234e-06,-1.673361442110097975e-05,3.061028986349413699e-06
9.312500000000000000e+00,3.251381383050713225e-01,-7.798601646466251681e-04,1.332653799947913081e-03,3.249528435552674344e-01,-2.851833405417779875e-04,8.415935738252420064e-06,-1.652262266207017778e-05,2.954950674253200684e-06
9.325000000000001066e+00,3.251284939476585811e-01,-7.632545006380261465e-04,1.324263761727728856e-03,3.249493379613757615e-01,-2.757346415569179691e-04,8.210704605842062225e-06,-1.631490071875543366e-05,2.850826656468285987e-06
9.337500000000000355e+00,3.251190565073416305e-01,-7.467532880356765384e-04,1.315941540040601590e-03,3.249459496139173731e-01,-2.664240184441919973e-04,8.008049733825563324e-06,-1.611041555725559510e-05,2.748644313356187469e-06
9.349999999999999645e+00,3.251098246837706429e-01,-7.303556804283252522e-04,1.307686928713149965e-03,3.249426767828627050e-01,-2.572521290210348730e-04,7.807930864903347477e-06,-1.590913490936764297e-05,2.648391570573472266e-06
9.362500000000000711e+00,3.251007971871600066e-01,-7.140608339407652702e-04,1.299499728162796085e-03,3.249395177297770276e-01,-2.482196603990697832e-04,7.610308140349729839e-06,-1.571102727127860136e-05,2.550056901759493562e-06
9.375000000000000000e+00,3.250919727382571289e-01,-6.978679071510370327e-04,1.291379745465025047e-03,3.249364707074507974e-01,-2.393273295039051798e-04,7.415142090464778369e-06,-1.551606190254943010e-05,2.453629331462780147e-06
9.387500000000001066e+00,3.250833500683122379e-01,-6.817760610067557852e-04,1.283326794422545323e-03,3.249335339595239569e-01,-2.305758836066151569e-04,7.222393625036755026e-06,-1.532420882539519582e-05,2.359098438310275838e-06
9.400000000000000355e+00,3.250749279190495167e-01,-6.657844587405976943e-04,1.275340695636416550e-03,3.249307057201029081e-01,-2.219661008671793912e-04,7.032024023812093024e-06,-1.513543882426697989e-05,2.266454358424272929e-06
9.412499999999999645e+00,3.250667050426386817e-01,-6.498922657848495371e-04,1.267421276579146867e-03,3.249279842133713236e-01,-2.134987908900919779e-04,6.843994926968274329e-06,-1.494972344573969568e-05,2.175687789091282460e-06
9.425000000000000711e+00,3.250586802016683374e-01,-6.340986496850548179e-04,1.259568371669829868e-03,3.249253676531930757e-01,-2.051747952924241989e-04,6.658268325586447956e-06,-1.476703499871171555e-05,2.086789992687996355e-06
9.437500000000000000e+00,3.250508521691201080e-01,-6.184027800127080620e-04,1.251781822351346295e-03,3.249228542427089472e-01,-1.969949882845872281e-04,6.474806552119564081e-06,-1.458734655492154238e-05,1.999752800869186448e-06
9.450000000000001066e+00,3.250432197283436020e-01,-6.028038282769480677e-04,1.244061477169662588e-03,3.249204421739252391e-01,-1.889602772640472047e-04,6.293572270851787101e-06,-1.441063194978695491e-05,1.914568619022580248e-06
9.462500000000000355e+00,3.250357816730330973e-01,-5.873009678352806868e-04,1.236407191855294586e-03,3.249181296272951047e-01,-1.810716034222919666e-04,6.114528468345755463e-06,-1.423686578357331010e-05,1.831230430996350660e-06
9.474999999999999645e+00,3.250285368072046155e-01,-5.718933738032357279e-04,1.228818829406945479e-03,3.249159147712925022e-01,-1.733299423652902467e-04,5.937638443872766152e-06,-1.406602342289644391e-05,1.749731804104376605e-06
9.487500000000000711e+00,3.250214839451749382e-01,-5.565802229629870359e-04,1.221296260177388501e-03,3.249137957619778194e-01,-1.657363047477532236e-04,5.762865799822300056e-06,-1.389808100256736330e-05,1.670066894415270060e-06
9.500000000000000000e+00,3.250146219115410129e-01,-5.413606936708841412e-04,1.213839361961628616e-03,3.249117707425559498e-01,-1.582917369214742204e-04,5.590174432086316752e-06,-1.373301542778528743e-05,1.592230452330946476e-06
9.512500000000001066e+00,3.250079495411610231e-01,-5.262339657638467980e-04,1.206448020087376796e-03,3.249098378429258194e-01,-1.509973215980293666e-04,5.419528520413675290e-06,-1.357080437668590392e-05,1.516217828460716536e-06
9.525000000000000355e+00,3.250014656791362921e-01,-5.111992204646447456e-04,1.199122127507910862e-03,3.249079951792215315e-01,-1.438541785261659186e-04,5.250892518730814262e-06,-1.341142630325284977e-05,1.442024979797473473e-06
9.537499999999999645e+00,3.249951691807949072e-01,-4.962556402859709696e-04,1.191861584897335432e-03,3.249062408533454627e-01,-1.368634651841518942e-04,5.084231145423353172e-06,-1.325486044059946427e-05,1.369648476202145753e-06
9.550000000000000711e+00,3.249890589116758988e-01,-4.814024089333291713e-04,1.184666300748320796e-03,3.249045729524918658e-01,-1.300263774874265083e-04,4.919509373574573880e-06,-1.310108680462940965e-05,1.299085507203400803e-06
9.562500000000000000e+00,3.249831337475149740e-01,-4.666387112066841081e-04,1.177536191472353024e-03,3.249029895486622022e-01,-1.233441505118590561e-04,4.756692421155711820e-06,-1.295008619808436365e-05,1.230333889119426674e-06
9.575000000000001066e+00,3.249773925742316383e-01,-4.519637329008218958e-04,1.170471181502540830e-03,3.249014886981707040e-01,-1.168180592329330170e-04,4.595745741162970526e-06,-1.280184021498726132e-05,1.163392072508851856e-06
9.587500000000000355e+00,3.249718342879171495e-01,-4.373766607044401685e-04,1.163471203399051848e-03,3.249000684411413320e-01,-1.104494192812124231e-04,4.436635011696813411e-06,-1.265633124549076073e-05,1.098259149958447504e-06
9.600000000000001421e+00,3.249664577948241928e-01,-4.228766820978705713e-04,1.156536197957203690e-03,3.248987268009944085e-01,-1.042395877144004779e-04,4.279326125977702659e-06,-1.251354248113971974e-05,1.034934864214939142e-06
9.612500000000000711e+00,3.249612620113574990e-01,-4.084629852494660578e-04,1.149666114318291087e-03,3.248974617839240353e-01,-9.818996380636733478e-05,4.123785182293783262e-06,-1.237345792055820405e-05,9.734196166691114274e-07
9.625000000000000000e+00,3.249562458640659068e-01,-3.941347589105546564e-04,1.142860910083176671e-03,3.248962713783654088e-01,-9.230198985347321807e-05,3.969978473874437266e-06,-1.223606237557066223e-05,9.137144762000480375e-07
9.637500000000001066e+00,3.249514082896358680e-01,-3.798911923089764000e-04,1.136120551428722791e-03,3.248951535544517544e-01,-8.657715199857120834e-05,3.817872478684773426e-06,-1.210134147776840635e-05,8.558211883881260785e-07
9.650000000000000355e+00,3.249467482348860070e-01,-3.657314750411467174e-04,1.129445013227115555e-03,3.248941062634611576e-01,-8.101698107304971554e-05,3.667433849135196726e-06,-1.196928168553230119e-05,7.997421851053279894e-07
9.662500000000001421e+00,3.249422646567632356e-01,-3.516547969625897444e-04,1.122834279168126838e-03,3.248931274372525158e-01,-7.562305345728447458e-05,3.518629401700066696e-06,-1.183987029152299186e-05,7.454805944917248735e-07
9.675000000000000711e+00,3.249379565223403099e-01,-3.376603480769544015e-04,1.116288341884396880e-03,3.248922149876907750e-01,-7.039699195990528396e-05,3.371426106440063332e-06,-1.171309543065112129e-05,6.930402513275505801e-07
9.687500000000000000e+00,3.249338228088144986e-01,-3.237473184234160957e-04,1.109807203079775199e-03,3.248913668060608440e-01,-6.534046671624720037e-05,3.225791076421546190e-06,-1.158894608853945879e-05,6.424257078101344524e-07
9.700000000000001066e+00,3.249298625035080268e-01,-3.099148979624738020e-04,1.103390873660799187e-03,3.248905807624704045e-01,-6.045519610640752385e-05,3.081691557027201026e-06,-1.146741211049029209e-05,5.936422447456947208e-07
9.712500000000000355e+00,3.249260746038697412e-01,-2.961622764600842510e-04,1.097039373871368283e-03,3.248898547052410657e-01,-5.574294769331067693e-05,2.939094915151369265e-06,-1.134848421097140360e-05,5.466958831660261733e-07
9.725000000000001421e+00,3.249224581174781079e-01,-2.824886433700723423e-04,1.090752733430670101e-03,3.248891864602873603e-01,-5.120553918119344892e-05,2.797968628273282746e-06,-1.123215398363438813e-05,5.015933963804509537e-07
9.737500000000000711e+00,3.249190120620460420e-01,-2.688931877148264052e-04,1.084530991674443733e-03,3.248885738304841952e-01,-4.684483939495538577e-05,2.658280273401970009e-06,-1.111841391188028438e-05,4.583423224739604809e-07
9.750000000000000000e+00,3.249157354654271801e-01,-2.553750979641772030e-04,1.078374197699624899e-03,3.248880145950214238e-01,-4.266276928079109954e-05,2.519997515885295965e-06,-1.100725737998708235e-05,4.169509772624443526e-07
9.762500000000001066e+00,3.249126273656230968e-01,-2.419335619124668088e-04,1.072282410512462921e-03,3.248875065087459268e-01,-3.866130292856705206e-05,2.383088098076510709e-06,-1.089867868481516642e-05,3.774284677166131766e-07
9.775000000000000355e+00,3.249096868107929637e-01,-2.285677665537435720e-04,1.066255699180170468e-03,3.248870473014909832e-01,-3.484246861639131334e-05,2.247519827850782873e-06,-1.079267304810682830e-05,3.397847058663432439e-07
9.787500000000001421e+00,3.249069128592642075e-01,-2.152768979550204566e-04,1.060294142986170684e-03,3.248866346773920943e-01,-3.120834987783624708e-05,2.113260566963995969e-06,-1.068923662939654003e-05,3.040304231975590025e-07
9.800000000000000711e+00,3.249043045795448337e-01,-2.020601411275980790e-04,1.054397831589036450e-03,3.248862663141895979e-01,-2.776108659230296644e-05,1.980278219246547355e-06,-1.058836653954995222e-05,2.701771855543336786e-07
9.812500000000000000e+00,3.249018610503374704e-01,-1.889166798963490919e-04,1.048566865185172762e-03,3.248859398625174588e-01,-2.450287609899615222e-05,1.848540718623596103e-06,-1.049006085494933106e-05,2.382374085589803242e-07
9.825000000000001066e+00,3.248995813605550786e-01,-1.758456967669645135e-04,1.042801354675336727e-03,3.248856529451777941e-01,-2.143597433501784954e-05,1.718016016954048971e-06,-1.039431863234475298e-05,2.082243735635992874e-07
9.837500000000000355e+00,3.248974646093382157e-01,-1.628463727910936141e-04,1.037101421835070472e-03,3.248854031564012423e-01,-1.856269699808010780e-05,1.588672071679638848e-06,-1.030113992439049820e-05,1.801522441467724356e-07
9.850000000000001421e+00,3.248955099060741314e-01,-1.499178874293103020e-04,1.031467199489113484e-03,3.248851880610925114e-01,-1.588542073434913557e-05,1.460476833275225951e-06,-1.021052579588690065e-05,1.540360831695407387e-07
9.862500000000000711e+00,3.248937163704174180e-01,-1.370594184119015380e-04,1.025898831689902192e-03,3.248850051940610495e-01,-1.340658435195859415e-05,1.333398232491834294e-06,-1.012247834074915051e-05,1.298918704053782831e-07
9.875000000000000000e+00,3.248920831323126035e-01,-1.242701415973712263e-04,1.020396473900210977e-03,3.248848520592362288e-01,-1.112869006071820835e-05,1.207404167382645493e-06,-1.003700069972459083e-05,1.077365207591061889e-07
9.887500000000001066e+00,3.248906093320185762e-01,-1.115492308286527673e-04,1.014960293180044125e-03,3.248847261288669297e-01,-9.054304738577461219e-06,1.082462490102912491e-06,-9.954097078881640919e-06,8.758790309037158169e-08
9.900000000000000355e+00,3.248892941201342865e-01,-9.889585778695867226e-05,1.009590468377855477e-03,3.248846248427052497e-01,-7.186061225401160691e-06,9.585409934738140920e-07,-9.873772768893856631e-06,6.946485965765563539e-08
9.912500000000001421e+00,3.248881366576272245e-01,-8.630919184319413870e-05,1.004287190326178837e-03,3.248845456071735027e-01,-5.526659644627893344e-06,8.356073972999859663e-07,-9.796034165143579760e-06,5.338722619928995099e-08
9.925000000000000711e+00,3.248871361158627291e-01,-7.378839990692431295e-05,9.990506620417786282e-04,3.248844857945150655e-01,-4.078868753403488881e-06,7.136293344307648897e-07,-9.720888788670936444e-06,3.937585266855889044e-08
9.937500000000000000e+00,3.248862916766361297e-01,-6.133264627278404220e-05,9.938810989303901999e-04,3.248844427419276260e-01,-2.845527321779201292e-06,5.925743365538874677e-07,-9.648345307994325774e-06,2.745262464034559591e-08
9.950000000000001066e+00,3.248856025322061636e-01,-4.894109246431703713e-05,9.887787289961662198e-04,3.248844137506794461e-01,-1.829545541591267265e-06,4.724098197110180491e-07,-9.578413561830086378e-06,1.764048540746012391e-08
9.962500000000000355e+00,3.248850678853306140e-01,-3.661289707516702667e-05,9.837437930559145890e-04,3.248843960852074164e-01,-1.033906465641852146e-06,3.531030695235111161e-07,-9.511104582739764038e-06,9.963458785252757969e-09
9.975000000000001421e+00,3.248846869493040024e-01,-2.434721560754279140e-05,9.787765449582237244e-04,3.248843869721972921e-01,-4.616674778169805728e-07,2.346212261164630263e-07,-9.446430621734433364e-06,4.446672643714007950e-09
9.987500000000000711e+00,3.248844589479974454e-01,-1.214320030793942518e-05,9.738772518075914340e-04,3.248843835996451102e-01,-1.159617947942024537e-07,1.169312687293216084e-07,-9.384405173867025799e-06,1.116383186891214723e-09
1.000000000000000000e+01,3.248843831158998996e-01,4.357586240560379856e-31,9.690461941936414107e-04,3.248843831158998996e-01,0.000000000000000000e+00,-1.398987770972587959e-31,-9.325043004844214245e-06,0.000000000000000000e+00
