eta,f,f',f'',F,F',t,t',tp
0.000000000000000000e+00,1.000000000000000000e+00,-3.899699682262453559e-01,2.601501588687730737e-01,7.909387023582024057e-01,-2.504941740039220988e-01,1.000000000000000000e+00,-2.082085102579253721e+00,3.564569820677856438e-01
3.125000000000000173e-03,9.987826132347210617e-01,-3.891578426931363577e-01,2.596103684222448305e-01,7.901567253866105256e-01,-2.499712692939442538e-01,9.935183656794921436e-01,-2.066184801259173920e+00,3.544862640947930021e-01
6.250000000000000347e-03,9.975677617278539966e-01,-3.883474022616656973e-01,2.590716934389565851e-01,7.893763807920490816e-01,-2.494494523277303311e-01,9.870861961541987917e-01,-2.050427385085250354e+00,3.525278362970808432e-01
9.375000000000001388e-03,9.963554402188991022e-01,-3.875386434495829979e-01,2.585341316333870654e-01,7.885976651788481062e-01,-2.489287208472320545e-01,9.807030472291363710e-01,-2.034811371464014140e+00,3.505816103089671176e-01
1.250000000000000069e-02,9.951456434582274246e-01,-3.867315627817730639e-01,2.579976807245935033e-01,7.878205751583869931e-01,-2.484090725990743542e-01,9.743684793152685986e-01,-2.019335295145049614e+00,3.486474985021489337e-01
1.562500000000000000e-02,9.939383662070588876e-01,-3.859261567902415591e-01,2.574623384362029754e-01,7.870451073490795091e-01,-2.478905053345458742e-01,9.680820573756603320e-01,-2.003997707996862054e+00,3.467254139786227207e-01
1.875000000000000278e-02,9.927336032374394215e-01,-3.851224220141005183e-01,2.569281024964039650e-01,7.862712583763592500e-01,-2.473730168095892856e-01,9.618433508723275294e-01,-1.988797178785897568e+00,3.448152705636809423e-01
2.187500000000000208e-02,9.915313493322194249e-01,-3.843203549995544699e-01,2.563949706379379245e-01,7.854990248726654301e-01,-2.468566047847917388e-01,9.556519337137716619e-01,-1.973732292958668477e+00,3.429169827989850261e-01
2.500000000000000139e-02,9.903315992850311167e-01,-3.835199522998858912e-01,2.558629405980907823e-01,7.847284034774281158e-01,-2.463412670253752879e-01,9.495073842031918065e-01,-1.958801652426937379e+00,3.410304659357132895e-01
2.812500000000000069e-02,9.891343479002669969e-01,-3.827212104754411648e-01,2.553320101186843383e-01,7.839593908370536823e-01,-2.458270013011873978e-01,9.434092849873615405e-01,-1.944003875355912347e+00,3.391556359277830834e-01
3.125000000000000000e-02,9.879395899930571989e-01,-3.819241260936164228e-01,2.548021769460682151e-01,7.831919836049107131e-01,-2.453138053866913693e-01,9.373572230061646415e-01,-1.929337595955409768e+00,3.372924094251461002e-01
3.437500000000000278e-02,9.867473203892478395e-01,-3.811286957288433919e-01,2.542734388311109761e-01,7.824261784413154563e-01,-2.448016770609569015e-01,9.313507894427781597e-01,-1.914801464273937714e+00,3.354407037671562897e-01
3.750000000000000555e-02,9.855575339253788147e-01,-3.803349159625752374e-01,2.537457935291919098e-01,7.816619720135170590e-01,-2.442906141076505167e-01,9.253895796744940894e-01,-1.900394145995658368e+00,3.336004369760089960e-01
4.062500000000000833e-02,9.843702254486622616e-01,-3.795427833832726305e-01,2.532192388001925920e-01,7.808993609956838000e-01,-2.437806143150261784e-01,9.194731932241719807e-01,-1.886114322240183716e+00,3.317715277502511495e-01
4.375000000000000416e-02,9.831853898169603534e-01,-3.787522945863895374e-01,2.526937724084885595e-01,7.801383420688884351e-01,-2.432716754759158273e-01,9.136012337123120552e-01,-1.871960689365162578e+00,3.299538954583609018e-01
4.687500000000000000e-02,9.820030218987634285e-01,-3.779634461743592300e-01,2.521693921229407609e-01,7.793789119210939864e-01,-2.427637953877199717e-01,9.077733088097411640e-01,-1.857931958771620318e+00,3.281474601323965401e-01
5.000000000000000278e-02,9.808231165731685630e-01,-3.771762347565802420e-01,2.516460957168872303e-01,7.786210672471394201e-01,-2.422569718523981952e-01,9.019890301909030406e-01,-1.844026856712002616e+00,3.263521424617134015e-01
5.312500000000000555e-02,9.796456687298573662e-01,-3.763906569494024912e-01,2.511238809681348161e-01,7.778648047487256578e-01,-2.417512026764598865e-01,8.962480134877438553e-01,-1.830244124100891323e+00,3.245678637867481786e-01
5.625000000000000139e-02,9.784706732690747755e-01,-3.756067093761133457e-01,2.506027456589506874e-01,7.771101211344009219e-01,-2.412464856709548855e-01,8.905498782441858552e-01,-1.816582516328346442e+00,3.227945460928697829e-01
5.937499999999999722e-02,9.772981251016068516e-01,-3.748243886669235247e-01,2.500826875760540635e-01,7.763570131195469681e-01,-2.407428186514639357e-01,8.848942478711790960e-01,-1.803040803075836029e+00,3.210321120042959886e-01
6.250000000000000000e-02,9.761280191487596847e-01,-3.740436914589533868e-01,2.495637045106078589e-01,7.756054774263647644e-01,-2.402401994380896355e-01,8.792807496023254954e-01,-1.789617768134717402e+00,3.192804847780749689e-01
6.562500000000000278e-02,9.749603503423374118e-01,-3.732646143962188301e-01,2.490457942582103568e-01,7.748555107838603906e-01,-2.397386258554468907e-01,8.737090144500656574e-01,-1.776312209227230543e+00,3.175395882981310591e-01
6.875000000000000555e-02,9.737951136246210115e-01,-3.724871541296178035e-01,2.485289546188869103e-01,7.741071099278310497e-01,-2.392380957326537827e-01,8.681786771624215859e-01,-1.763122937829964432e+00,3.158093470693740801e-01
7.187500000000000833e-02,9.726323039483464328e-01,-3.717113073169160953e-01,2.480131833970815602e-01,7.733602716008507461e-01,-2.387386069033222147e-01,8.626893761802862937e-01,-1.750048778999761634e+00,3.140896862118710553e-01
7.500000000000001110e-02,9.714719162766837224e-01,-3.709370706227337333e-01,2.474984784016488470e-01,7.726149925522567408e-01,-2.382401572055486694e-01,8.572407535952555335e-01,-1.737088571202024756e+00,3.123805314550802681e-01
7.812500000000001388e-02,9.703139455832151539e-01,-3.701644407185313290e-01,2.469848374458454565e-01,7.718712695381348965e-01,-2.377427444819050217e-01,8.518324551079898832e-01,-1.724241166141388337e+00,3.106818091321461028e-01
8.125000000000001665e-02,9.691583868519138001e-01,-3.693934142825960887e-01,2.464722583473220319e-01,7.711290993213063549e-01,-2.372463665794292409e-01,8.464641299871049629e-01,-1.711505428594719991e+00,3.089934461742547822e-01
8.437500000000000555e-02,9.680052350771227720e-01,-3.686239880000281577e-01,2.459607389281148471e-01,7.703884786713129929e-01,-2.367510213496163141e-01,8.411354310285777958e-01,-1.698880236246419484e+00,3.073153701050495012e-01
8.750000000000000833e-02,9.668544852635334586e-01,-3.678561585627270758e-01,2.454502770146375079e-01,7.696494043644040994e-01,-2.362567066484089207e-01,8.358460145156654253e-01,-1.686364479525977345e+00,3.056475090351049029e-01
9.062500000000001110e-02,9.657061324261644319e-01,-3.670899226693780104e-01,2.449408704376728474e-01,7.689118731835220544e-01,-2.357634203361883840e-01,8.305955401793274628e-01,-1.673957061447764127e+00,3.039897916564598401e-01
9.375000000000000000e-02,9.645601715903403539e-01,-3.663252770254379898e-01,2.444325170323646268e-01,7.681758819182887832e-01,-2.352711602777654842e-01,8.253836711591457931e-01,-1.661656897453013704e+00,3.023421472372077590e-01
9.687500000000000278e-02,9.634165977916706591e-01,-3.655622183431226357e-01,2.439252146382093478e-01,7.674414273649914353e-01,-2.347799243423713544e-01,8.202100739647348870e-01,-1.649462915253969930e+00,3.007045056161439800e-01
1.000000000000000056e-01,9.622754060760287942e-01,-3.648007433413921197e-01,2.434189610990479813e-01,7.667085063265692835e-01,-2.342897104036484046e-01,8.150744184376349510e-01,-1.637374054680163837e+00,2.990767971974698791e-01
1.031250000000000083e-01,9.611365914995306792e-01,-3.640408487459379505e-01,2.429137542630578905e-01,7.659771156125992908e-01,-2.338005163396411346e-01,8.099763777136836929e-01,-1.625389267526791581e+00,2.974589529455519687e-01
1.062500000000000111e-01,9.600001491285141686e-01,-3.632825312891693748e-01,2.424095919827445877e-01,7.652472520392830102e-01,-2.333123400327871966e-01,8.049156281858574902e-01,-1.613507517405160296e+00,2.958509043797364901e-01
1.093750000000000000e-01,9.588660740395176241e-01,-3.625257877101996096e-01,2.419064721149335462e-01,7.645189124294321514e-01,-2.328251793699082639e-01,7.998918494675769653e-01,-1.601727779595172318e+00,2.942525835692184621e-01
1.125000000000000028e-01,9.577343613192594862e-01,-3.617706147548328532e-01,2.414043925207620678e-01,7.637920936124554805e-01,-2.323390322422010101e-01,7.949047243564705267e-01,-1.590049040899817356e+00,2.926639231279639652e-01
1.156250000000000056e-01,9.566050060646168474e-01,-3.610170091755501853e-01,2.409033510656711508e-01,7.630667924243448308e-01,-2.318538965452281164e-01,7.899539387985896610e-01,-1.578470299501645302e+00,2.910848562096860492e-01
1.187499999999999944e-01,9.554780033826050234e-01,-3.602649677314967436e-01,2.404033456193974128e-01,7.623430057076618915e-01,-2.313697701789093064e-01,7.850391818530693122e-01,-1.566990564821185705e+00,2.895153165028730435e-01
1.218749999999999972e-01,9.543533483903566816e-01,-3.595144871884678461e-01,2.399043740559647919e-01,7.616207303115238858e-01,-2.308866510475123257e-01,7.801601456572281323e-01,-1.555608857377291709e+00,2.879552382258685483e-01
1.250000000000000000e-01,9.532310362151008576e-01,-3.587655643188959464e-01,2.394064342536766088e-01,7.608999630915905810e-01,-2.304045370596439768e-01,7.753165253921019406e-01,-1.544324208649374919e+00,2.864045561220028291e-01
1.281249999999999889e-01,9.521110619941425268e-01,-3.580181959018370330e-01,2.389095240951074617e-01,7.601807009100507440e-01,-2.299234261282412373e-01,7.705080192484043966e-01,-1.533135660941506995e+00,2.848632054547750592e-01
1.312500000000000056e-01,9.509934208748416218e-01,-3.572723787229573622e-01,2.384136414670949833e-01,7.594629406356082635e-01,-2.294433161705622948e-01,7.657343283929104460e-01,-1.522042267248357783e+00,2.833311220030853006e-01
1.343750000000000222e-01,9.498781080145926037e-01,-3.565281095745203022e-01,2.379187842607319303e-01,7.587466791434690494e-01,-2.289642051081776097e-01,7.609951569352549905e-01,-1.511043091122947768e+00,2.818082420565165558e-01
1.375000000000000111e-01,9.487651185808039234e-01,-3.557853852553727880e-01,2.374249503713581066e-01,7.580319133153270439e-01,-2.284860908669612001e-01,7.562902118951424502e-01,-1.500137206546181989e+00,2.802945024106651140e-01
1.406250000000000000e-01,9.476544477508773712e-01,-3.550442025709322214e-01,2.369321376985521754e-01,7.573186400393513429e-01,-2.280089713770815374e-01,7.516192031699612253e-01,-1.489323697798145218e+00,2.787898403625197474e-01
1.437500000000000167e-01,9.465460907121873158e-01,-3.543045583331732584e-01,2.364403441461237487e-01,7.566068562101727624e-01,-2.275328445729928595e-01,7.469818435027973935e-01,-1.478601659331129969e+00,2.772941937058886475e-01
1.468750000000000333e-01,9.454400426620607201e-01,-3.535664493606145431e-01,2.359495676221053384e-01,7.558965587288698496e-01,-2.270577083934263440e-01,7.423778484508428699e-01,-1.467970195644372478e+00,2.758075007268733780e-01
1.500000000000000222e-01,9.443362988077563802e-01,-3.528298724783054396e-01,2.354598060387443070e-01,7.551877445029561153e-01,-2.265835607813811714e-01,7.378069363541924774e-01,-1.457428421160472443e+00,2.743297001993900697e-01
1.531250000000000111e-01,9.432348543664447194e-01,-3.520948245178130986e-01,2.349710573124949020e-01,7.544804104463668226e-01,-2.261103996841158925e-01,7.332688283050238232e-01,-1.446975460103471445e+00,2.728607313807362433e-01
1.562500000000000000e-01,9.421357045651871376e-01,-3.513613023172090233e-01,2.344833193640102065e-01,7.537745534794448865e-01,-2.256382230531395194e-01,7.287632481171565368e-01,-1.436610446378565831e+00,2.714005340072036532e-01
1.593749999999999889e-01,9.410388446409161389e-01,-3.506293027210563018e-01,2.339965901181341734e-01,7.530701705289285508e-01,-2.251670288442028101e-01,7.242899222959846561e-01,-1.426332523453432755e+00,2.699490482897360377e-01
1.625000000000000056e-01,9.399442698404146812e-01,-3.498988225803962848e-01,2.335108675038937154e-01,7.523672585279375102e-01,-2.246968150172896361e-01,7.198485800087767172e-01,-1.416140844241141394e+00,2.685062149096318351e-01
1.656250000000000222e-01,9.388519754202961920e-01,-3.491698587527354292e-01,2.330261494544906831e-01,7.516658144159600319e-01,-2.242275795366080460e-01,7.154389530553402210e-01,-1.406034570984632692e+00,2.670719750142904747e-01
1.687500000000000111e-01,9.377619566469843626e-01,-3.484424081020327524e-01,2.325424339072939828e-01,7.509658351388395214e-01,-2.237593203705817713e-01,7.110607758390442568e-01,-1.396012875142737641e+00,2.656462702130029108e-01
1.718750000000000000e-01,9.366742087966927199e-01,-3.477164674986861770e-01,2.320597188038315273e-01,7.502673176487615336e-01,-2.232920354918414008e-01,7.067137853381958434e-01,-1.386074937277719465e+00,2.642290425727845671e-01
1.750000000000000167e-01,9.355887271554050866e-01,-3.469920338195199849e-01,2.315780020897824087e-01,7.495702589042405606e-01,-2.228257228772157761e-01,7.023977210777653246e-01,-1.376219946944311712e+00,2.628202346142515800e-01
1.781250000000000333e-01,9.345055070188549307e-01,-3.462691039477718280e-01,2.310972817149689884e-01,7.488746558701070422e-01,-2.223603805077233320e-01,6.981123251014565989e-01,-1.366447102580234274e+00,2.614197893075385082e-01
1.812500000000000222e-01,9.334245436925057149e-01,-3.455476747730795717e-01,2.306175556333489585e-01,7.481805055174941543e-01,-2.218960063685634088e-01,6.938573419441170786e-01,-1.356755611398165140e+00,2.600276500682583425e-01
1.843750000000000111e-01,9.323458324915306905e-01,-3.448277431914684721e-01,2.301388218030074873e-01,7.474878048238248196e-01,-2.214325984491077870e-01,6.896325186044823807e-01,-1.347144689279145879e+00,2.586437607535031491e-01
1.875000000000000000e-01,9.312693687407932464e-01,-3.441093061053385749e-01,2.296610781861492812e-01,7.467965507727987173e-01,-2.209701547428918611e-01,6.854376045182528632e-01,-1.337613560667402446e+00,2.572680656578855696e-01
1.906249999999999889e-01,9.301951477748265917e-01,-3.433923604234512816e-01,2.291843227490908130e-01,7.461067403543789611e-01,-2.205086732476062850e-01,6.812723515314959011e-01,-1.328161458466558864e+00,2.559005095096209548e-01
1.937500000000000056e-01,9.291231649378142166e-01,-3.426769030609170819e-01,2.287085534622523841e-01,7.454183705647796643e-01,-2.200481519650882567e-01,6.771365138743706824e-01,-1.318787623937225595e+00,2.545410374666484676e-01
1.968750000000000222e-01,9.280534155835702403e-01,-3.419629309391824523e-01,2.282337683001503248e-01,7.447314384064527282e-01,-2.195885889013130254e-01,6.730298481351713047e-01,-1.309491306595941706e+00,2.531895951127924871e-01
2.000000000000000111e-01,9.269858950755190952e-01,-3.412504409860170340e-01,2.277599652413892228e-01,7.440459408880749637e-01,-2.191299820663853704e-01,6.689521132346825105e-01,-1.300271764115453088e+00,2.518461284539620371e-01
2.031250000000000000e-01,9.259205987866759857e-01,-3.405394301355009756e-01,2.272871422686539855e-01,7.433618750245348794e-01,-2.186723294745310797e-01,6.649030704008459525e-01,-1.291128262226303836e+00,2.505105839143892954e-01
2.062500000000000167e-01,9.248575220996275714e-01,-3.398298953280122769e-01,2.268152973687021234e-01,7.426792378369203584e-01,-2.182156291440884577e-01,6.608824831437317693e-01,-1.282060074619728596e+00,2.491829083329057393e-01
2.093750000000000333e-01,9.237966604065118714e-01,-3.391218335102138548e-01,2.263444285323558958e-01,7.419980263525054465e-01,-2.177598790974998311e-01,6.568901172308112546e-01,-1.273066482851821002e+00,2.478630489592560382e-01
2.125000000000000222e-01,9.227380091089988357e-01,-3.384152416350409975e-01,2.258745337544946774e-01,7.413182376047378064e-01,-2.173050773613031672e-01,6.529257406625273985e-01,-1.264146776248962878e+00,2.465509534504491396e-01
2.156250000000000111e-01,9.216815636182704718e-01,-3.377101166616886530e-01,2.254056110340469099e-01,7.406398686332256176e-01,-2.168512219661235252e-01,6.489891236481589720e-01,-1.255300251814497337e+00,2.452465698671459915e-01
2.187500000000000000e-01,9.206273193550017497e-01,-3.370064555555988273e-01,2.249376583739826629e-01,7.399629164837250306e-01,-2.163983109466646182e-01,6.450800385819740468e-01,-1.246526214136625121e+00,2.439498466700836532e-01
2.218749999999999889e-01,9.195752717493410611e-01,-3.363042552884478731e-01,2.244706737813056685e-01,7.392873782081273992e-01,-2.159463423417006256e-01,6.411982600196695081e-01,-1.237823975297510648e+00,2.426607327165353489e-01
2.250000000000000056e-01,9.185254162408900136e-01,-3.356035128381341104e-01,2.240046552670456881e-01,7.386132508644465133e-01,-2.154953141940674777e-01,6.373435646550933420e-01,-1.229192854783575983e+00,2.413791772568060490e-01
2.281250000000000222e-01,9.174777482786853344e-01,-3.349042251887650035e-01,2.235396008462507134e-01,7.379405315168060531e-01,-2.150452245506547233e-01,6.335157312972448107e-01,-1.220632179396970773e+00,2.401051299307631059e-01
2.312500000000000111e-01,9.164322633211779978e-01,-3.342063893306446709e-01,2.230755085379793889e-01,7.372692172354268214e-01,-2.145960714623971477e-01,6.297145408475495199e-01,-1.212141283168198580e+00,2.388385407644017522e-01
2.343750000000000000e-01,9.153889568362151286e-01,-3.335100022602615621e-01,2.226123763652931575e-01,7.365993050966139766e-01,-2.141478529842663070e-01,6.259397762774057128e-01,-1.203719507269882971e+00,2.375793601664447641e-01
2.375000000000000167e-01,9.143478243010200179e-01,-3.328150609802756899e-01,2.221502023552487104e-01,7.359307921827449306e-01,-2.137005671752622848e-01,6.221912226059985729e-01,-1.195366199931658935e+00,2.363275389249762382e-01
2.406250000000000333e-01,9.133088612021728059e-01,-3.321215624995063620e-01,2.216889845388901881e-01,7.352636755822561376e-01,-2.132542120984054490e-01,6.184686668783789809e-01,-1.187080716356174070e+00,2.350830282041088959e-01
2.437500000000000222e-01,9.122720630355918292e-01,-3.314295038329195808e-01,2.212287209512416586e-01,7.345979523896309926e-01,-2.128087858207280691e-01,6.147718981438018426e-01,-1.178862418636181353e+00,2.338457795406846118e-01
2.468750000000000111e-01,9.112374253065139706e-01,-3.307388820016157194e-01,2.207694096312993459e-01,7.339336197053869526e-01,-2.123642864132660457e-01,6.111007074343234313e-01,-1.170710675672710810e+00,2.326157448410077488e-01
2.500000000000000000e-01,9.102049435294752300e-01,-3.300496940328171980e-01,2.203110486220240249e-01,7.332706746360635464e-01,-2.119207119510507498e-01,6.074548877436515282e-01,-1.162624863094302574e+00,2.313928763776109676e-01
2.531249999999999889e-01,9.091746132282926274e-01,-3.293619369598557722e-01,2.198536359703334719e-01,7.326091142942094958e-01,-2.114780605131006408e-01,6.038342340062469171e-01,-1.154604363177289983e+00,2.301771267860532044e-01
2.562499999999999778e-01,9.081464299360438863e-01,-3.286756078221606536e-01,2.193971697270947208e-01,7.319489357983701705e-01,-2.110363301824132176e-01,6.002385430766723484e-01,-1.146648564767113410e+00,2.289684490617493462e-01
2.593750000000000222e-01,9.071203891950493370e-01,-3.279907036652456864e-01,2.189416479471165966e-01,7.312901362730755972e-01,-2.105955190459566917e-01,5.966676137091853072e-01,-1.138756863200653724e+00,2.277667965568313801e-01
2.625000000000000111e-01,9.060964865568525983e-01,-3.273072215406975793e-01,2.184870686891420277e-01,7.306327128488276923e-01,-2.101556251946617992e-01,5.931212465375731435e-01,-1.130928660229570948e+00,2.265721229770405187e-01
2.656250000000000000e-01,9.050747175822014823e-01,-3.266251585061630269e-01,2.180334300158404681e-01,7.299766626620882715e-01,-2.097166467234136966e-01,5.895992440552243474e-01,-1.123163363944631232e+00,2.253843823786500500e-01
2.687500000000000444e-01,9.040550778410292310e-01,-3.259445116253369967e-01,2.175807299938004036e-01,7.293219828552660600e-01,-2.092785817310438001e-01,5.861014105954364117e-01,-1.115460388701011052e+00,2.242035291654186635e-01
2.718750000000000333e-01,9.030375629124356429e-01,-3.252652779679501283e-01,2.171289666935217744e-01,7.286686705767051464e-01,-2.088414283203215704e-01,5.826275523119551769e-01,-1.107819155044567072e+00,2.230295180855737525e-01
2.750000000000000222e-01,9.020221683846681993e-01,-3.245874546097566316e-01,2.166781381894083980e-01,7.280167229806722151e-01,-2.084051845979465190e-01,5.791774771597423266e-01,-1.100239089639049705e+00,2.218623042288243585e-01
2.781250000000000111e-01,9.010088898551030789e-01,-3.239110386325222413e-01,2.162282425597604196e-01,7.273661372273442227e-01,-2.079698486745399366e-01,5.757509948759697016e-01,-1.092719625194258803e+00,2.207018430234036210e-01
2.812500000000000000e-01,8.999977229302269510e-01,-3.232360271240117822e-01,2.157792778867668737e-01,7.267169104827965187e-01,-2.075354186646369836e-01,5.723479169612369910e-01,-1.085260200395118613e+00,2.195480902331401751e-01
2.843750000000000444e-01,8.989886632256173238e-01,-3.225624171779772897e-01,2.153312422564981343e-01,7.260690399189904110e-01,-2.071018926866784737e-01,5.689680566610080259e-01,-1.077860259831665113e+00,2.184010019545584436e-01
2.875000000000000333e-01,8.979817063659250032e-01,-3.218902058941456312e-01,2.148841337588983935e-01,7.254225227137609533e-01,-2.066692688630029640e-01,5.656112289472666754e-01,-1.070519253929929970e+00,2.172605346140072113e-01
2.906250000000000222e-01,8.969768479848543308e-01,-3.212193903782067372e-01,2.144379504877782783e-01,7.247773560508046220e-01,-2.062375453198385666e-01,5.622772505003855725e-01,-1.063236638883711116e+00,2.161266449648163446e-01
2.937500000000000666e-01,8.959740837251453094e-01,-3.205499677418012228e-01,2.139926905408072455e-01,7.241335371196677695e-01,-2.058067201872950114e-01,5.589659396912070033e-01,-1.056011876587214182e+00,2.149992900844813204e-01
2.968750000000000555e-01,8.949734092385546180e-01,-3.198819351025084523e-01,2.135483520195061991e-01,7.234910631157336347e-01,-2.053767915993556237e-01,5.556771165633344056e-01,-1.048844434568557915e+00,2.138784273718754569e-01
3.000000000000000444e-01,8.939748201858375154e-01,-3.192152895838346605e-01,2.131049330292400790e-01,7.228499312402110188e-01,-2.049477576938693590e-01,5.524106028156275938e-01,-1.041733785924125799e+00,2.127640145444889552e-01
3.031250000000000333e-01,8.929783122367288550e-01,-3.185500283152006284e-01,2.126624316792102842e-01,7.222101387001219619e-01,-2.045196166125427817e-01,5.491662217849050398e-01,-1.034679409253756566e+00,2.116560096356951415e-01
3.062500000000000222e-01,8.919838810699247666e-01,-3.178861484319300823e-01,2.122208460824474840e-01,7.215716827082893081e-01,-2.040923665009321541e-01,5.459437984288444401e-01,-1.027680788596760264e+00,2.105543709920433271e-01
3.093750000000000111e-01,8.909915223730643374e-01,-3.172236470752374804e-01,2.117801743558039573e-01,7.209345604833254928e-01,-2.036660055084354992e-01,5.427431593090841222e-01,-1.020737413368748792e+00,2.094590572705778697e-01
3.125000000000000000e-01,8.900012318427114044e-01,-3.165625213922160786e-01,2.113404146199464040e-01,7.202987692496197747e-01,-2.032405317882846063e-01,5.395641325745192951e-01,-1.013848778299268893e+00,2.083700274361832416e-01
3.156249999999999889e-01,8.890130051843355696e-01,-3.159027685358262727e-01,2.109015649993483676e-01,7.196643062373265787e-01,-2.028159434975372044e-01,5.364065479447926998e-01,-1.007014383370228749e+00,2.072872407589550769e-01
3.187499999999999778e-01,8.880268381122945476e-01,-3.152443856648833309e-01,2.104636236222830470e-01,7.190311686823538384e-01,-2.023922387970690517e-01,5.332702366939761074e-01,-1.000233733755103716e+00,2.062106568115964489e-01
3.218750000000000222e-01,8.870427263498155135e-01,-3.145873699440459026e-01,2.100265886208157740e-01,7.183993538263503398e-01,-2.019694158515660254e-01,5.301550316344403324e-01,-9.935063397589151135e-01,2.051402354668394878e-01
3.250000000000000111e-01,8.860606656289772287e-01,-3.139317185438039726e-01,2.095904581307967973e-01,7.177688589166947297e-01,-2.015474728295163220e-01,5.270607671009126527e-01,-9.868317167589674144e-01,2.040759368948919794e-01
3.281250000000000000e-01,8.850806516906910559e-01,-3.132774286404670372e-01,2.091552302918538442e-01,7.171396812064829707e-01,-2.011264079032025198e-01,5.239872789347168602e-01,-9.802093851463344887e-01,2.030177215609083874e-01
3.312500000000000444e-01,8.841026802846838617e-01,-3.126244974161524470e-01,2.087209032473848480e-01,7.165118179545167942e-01,-2.007062192486938623e-01,5.209344044681957220e-01,-9.736388702680868201e-01,2.019655502224854682e-01
3.343750000000000333e-01,8.831267471694790316e-01,-3.119729220587735274e-01,2.082874751445505934e-01,7.158852664252917108e-01,-2.002869050458384037e-01,5.179019825093135188e-01,-9.671197023702471363e-01,2.009193839271820881e-01
3.375000000000000222e-01,8.821528481123785959e-01,-3.113226997620277547e-01,2.078549441342674997e-01,7.152600238889853523e-01,-1.998684634782551539e-01,5.148898533264342214e-01,-9.606514165414647977e-01,1.998791840100626604e-01
3.406250000000000111e-01,8.811809788894456874e-01,-3.106738277253853209e-01,2.074233083712001546e-01,7.146360876214458147e-01,-1.994508927333263903e-01,5.118978586332756375e-01,-9.542335526574000637e-01,1.988449120912643697e-01
3.437500000000000000e-01,8.802111352854855575e-01,-3.100263031540770875e-01,2.069925660137542922e-01,7.140134549041795564e-01,-1.990341910021898586e-01,5.089258415740363084e-01,-9.478656553258086870e-01,1.978165300735876819e-01
3.468750000000000444e-01,8.792433130940283670e-01,-3.093801232590830952e-01,2.065627152240692432e-01,7.133921230243398526e-01,-1.986183564797310008e-01,5.059736467086920486e-01,-9.415472738323152901e-01,1.967940001401100869e-01
3.500000000000000333e-01,8.782775081173112008e-01,-3.087352852571209616e-01,2.061337541680109686e-01,7.127720892747154702e-01,-1.982033873645752398e-01,5.030411199984617943e-01,-9.352779620868695298e-01,1.957772847518226000e-01
3.531250000000000222e-01,8.773137161662596384e-01,-3.080917863706340021e-01,2.057056810151645376e-01,7.121533509537181228e-01,-1.977892818590803459e-01,5.001281087914395407e-01,-9.290572785708720582e-01,1.947663466452887460e-01
3.562500000000000666e-01,8.763519330604704338e-01,-3.074496238277799609e-01,2.052784939388271057e-01,7.115359053653715904e-01,-1.973760381693285271e-01,4.972344618083897605e-01,-9.228847862849636208e-01,1.937611488303262464e-01
3.593750000000000555e-01,8.753921546281930866e-01,-3.068087948624190764e-01,2.048521911160006148e-01,7.109197498192999509e-01,-1.969636545051190180e-01,4.943600291287060244e-01,-9.167600526974685193e-01,1.927616545877106347e-01
3.625000000000000444e-01,8.744343767063127437e-01,-3.061692967141028121e-01,2.044267707273845769e-01,7.103048816307158120e-01,-1.965521290799601695e-01,4.915046621765289947e-01,-9.106826496934811166e-01,1.917678274669006588e-01
3.656250000000000333e-01,8.734785951403319926e-01,-3.055311266280620330e-01,2.040022309573688852e-01,7.096912981204084314e-01,-1.961414601110619826e-01,4.886682137070226251e-01,-9.046521535245893864e-01,1.907796312837856390e-01
3.687500000000000222e-01,8.725248057843530969e-01,-3.048942818551957923e-01,2.035785699940266535e-01,7.090789966147330592e-01,-1.957316458193282815e-01,4.858505377928068469e-01,-8.986681447592257399e-01,1.897970301184540853e-01
3.718750000000000111e-01,8.715730045010604554e-01,-3.042587596520595072e-01,2.031557860291070272e-01,7.084679744455985029e-01,-1.953226844293493303e-01,4.830514898105441879e-01,-8.927302082336358025e-01,1.888199883129834666e-01
3.750000000000000000e-01,8.706231871617030604e-01,-3.036245572808538018e-01,2.027338772580280779e-01,7.078582289504560254e-01,-1.949145741693939504e-01,4.802709264276783241e-01,-8.868379330034590335e-01,1.878484704692511831e-01
3.781249999999999889e-01,8.696753496460765120e-01,-3.029916720094127380e-01,2.023128418798695038e-01,7.072497574722879099e-01,-1.945073132714021935e-01,4.775087055893238452e-01,-8.809909122959104222e-01,1.868824414467660233e-01
3.812499999999999778e-01,8.687294878425056988e-01,-3.023601011111926029e-01,2.018926780973656909e-01,7.066425573595958021e-01,-1.941008999709776250e-01,4.747646865053036236e-01,-8.751887434625565954e-01,1.859218663605203548e-01
3.843750000000000222e-01,8.677855976478272559e-01,-3.017298418652605285e-01,2.014733841168984685e-01,7.060366259663893862e-01,-1.936953325073796917e-01,4.720387296373333430e-01,-8.694310279326789015e-01,1.849667105788625476e-01
3.875000000000000111e-01,8.668436749673720243e-01,-3.011008915562829458e-01,2.010549581484900317e-01,7.054319606521750607e-01,-1.932906091235163937e-01,4.693306966863510787e-01,-8.637173711672138099e-01,1.840169397213896330e-01
3.906250000000000000e-01,8.659037157149473973e-01,-3.004732474745142046e-01,2.006373984057958637e-01,7.048285587819443920e-01,-1.928867280659365968e-01,4.666404505799890412e-01,-8.580473826132642978e-01,1.830725196568596391e-01
3.937500000000000444e-01,8.649657158128200019e-01,-2.998469069157854161e-01,2.002207031060975195e-01,7.042264177261626790e-01,-1.924836875848225382e-01,4.639678554601874283e-01,-8.524206756591735656e-01,1.821334165011237183e-01
3.968750000000000333e-01,8.640296711916984895e-01,-2.992218671814930175e-01,1.998048704702957978e-01,7.036255348607578508e-01,-1.920814859339823599e-01,4.613127766709477773e-01,-8.468368675901551956e-01,1.811995966150779513e-01
4.000000000000000222e-01,8.630955777907157733e-01,-2.985981255785874477e-01,1.993898987229034692e-01,7.030259075671090319e-01,-1.916801213708426432e-01,4.586750807462233737e-01,-8.412955795444698737e-01,1.802710266026339436e-01
4.031250000000000111e-01,8.621634315574119301e-01,-2.979756794195619896e-01,1.989757860920382260e-01,7.024275332320353282e-01,-1.912795921564408308e-01,4.560546353979464951e-01,-8.357964364701437887e-01,1.793476733087089880e-01
4.062500000000000000e-01,8.612332284477167699e-01,-2.973545260224412790e-01,1.985625308094158270e-01,7.018304092477841705e-01,-1.908798965554179827e-01,4.534513095041899922e-01,-8.303390670822193842e-01,1.784295038172348247e-01
4.093750000000000444e-01,8.603049644259328499e-01,-2.967346627107704249e-01,1.981501311103428808e-01,7.012345330120207665e-01,-1.904810328360110883e-01,4.508649730974609859e-01,-8.249231038205329103e-01,1.775164854491850797e-01
4.125000000000000333e-01,8.593786354647179326e-01,-2.961160868136034074e-01,1.977385852337098515e-01,7.006399019278161111e-01,-1.900829992700458770e-01,4.482954973531267928e-01,-8.195481828080117825e-01,1.766085857606213838e-01
4.156250000000000222e-01,8.584542375450677776e-01,-2.954987956654922532e-01,1.973278914219842306e-01,7.000465134036364390e-01,-1.896857941329292419e-01,4.457427545779693023e-01,-8.142139438094826431e-01,1.757057725407573934e-01
4.187500000000000666e-01,8.575317666562993768e-01,-2.948827866064755998e-01,1.969180479212032653e-01,6.994543648533314562e-01,-1.892894157036419389e-01,4.432066181988678633e-01,-8.089200301909857949e-01,1.748080138100412684e-01
4.218750000000000555e-01,8.566112187960331914e-01,-2.942680569820676495e-01,1.965090529809672693e-01,6.988634536961237931e-01,-1.888938622647311771e-01,4.406869627516085686e-01,-8.036660888795892355e-01,1.739152778182559145e-01
4.250000000000000444e-01,8.556925899701767202e-01,-2.936546041432471221e-01,1.961009048544323785e-01,6.982737773565973471e-01,-1.884991321023032906e-01,4.381836638698179409e-01,-7.984517703236931885e-01,1.730275330426368219e-01
4.281250000000000333e-01,8.547758761929068472e-01,-2.930424254464459310e-01,1.956936017983038345e-01,6.976853332646865136e-01,-1.881052235060163003e-01,4.356965982740203525e-01,-7.932767284538210228e-01,1.721447481860076123e-01
4.312500000000000222e-01,8.538610734866534102e-01,-2.924315182535384139e-01,1.952871420728289065e-01,6.970981188556647501e-01,-1.877121347690727804e-01,4.332256437608169031e-01,-7.881406206438895667e-01,1.712668921749329054e-01
4.343750000000000111e-01,8.529481778820816595e-01,-2.918218799318300638e-01,1.948815239417899248e-01,6.965121315701340299e-01,-1.873198641882122817e-01,4.307706791921849243e-01,-7.830431076729519324e-01,1.703939341578881717e-01
4.375000000000000000e-01,8.520371854180756044e-01,-2.912135078540464272e-01,1.944767456724975085e-01,6.959273688540132952e-01,-1.869284100637041979e-01,4.283315844848957221e-01,-7.779838536874067456e-01,1.695258435034467659e-01
4.406249999999999889e-01,8.511280921417211376e-01,-2.906063993983223348e-01,1.940728055357834880e-01,6.953438281585275771e-01,-1.865377706993405216e-01,4.259082406000505028e-01,-7.729625261636682287e-01,1.686625897984837807e-01
4.437499999999999778e-01,8.502208941082888272e-01,-2.900005519481907434e-01,1.936697018059941600e-01,6.947615069401973376e-01,-1.861479444024284335e-01,4.235005295327314845e-01,-7.679787958712898099e-01,1.678041428463963036e-01
4.468750000000000222e-01,8.493155873812174850e-01,-2.893959628925716898e-01,1.932674327609832654e-01,6.941804026608268119e-01,-1.857589294837830862e-01,4.211083343017680281e-01,-7.630323368365373726e-01,1.669504726653404658e-01
4.500000000000000111e-01,8.484121680320971803e-01,-2.887926296257616876e-01,1.928659966821052452e-01,6.936005127874940168e-01,-1.853707242577204428e-01,4.187315389396157328e-01,-7.581228263064033746e-01,1.661015494864844511e-01
4.531250000000000000e-01,8.475106321406521426e-01,-2.881905495474222367e-01,1.924653918542082731e-01,6.930218347925387601e-01,-1.849833270420499498e-01,4.163700284823472764e-01,-7.532499447130586168e-01,1.652573437522779076e-01
4.562500000000000444e-01,8.466109757947244407e-01,-2.875897200625695538e-01,1.920656165656274006e-01,6.924443661535525374e-01,-1.845967361580674315e-01,4.140236889597536662e-01,-7.484133756387344460e-01,1.644178261147371534e-01
4.593750000000000333e-01,8.457131950902572193e-01,-2.869901385815631367e-01,1.916666691081778673e-01,6.918681043533672081e-01,-1.842109499305477627e-01,4.116924073855549038e-01,-7.436128057810305059e-01,1.635829674337462292e-01
4.625000000000000222e-01,8.448172861312779336e-01,-2.863918025200952178e-01,1.912685477771480791e-01,6.912930468800443373e-01,-1.838259666877378185e-01,4.093760717477176736e-01,-7.388479249186414854e-01,1.627527387753735233e-01
4.656250000000000111e-01,8.439232450298813637e-01,-2.857947092991798832e-01,1.908712508712929190e-01,6.907191912268643152e-01,-1.834417847613491748e-01,4.070745709988803918e-01,-7.341184258774983151e-01,1.619271114102040221e-01
4.687500000000000000e-01,8.430310679062136270e-01,-2.851988563451421377e-01,1.904747766928269193e-01,6.901465348923155885e-01,-1.830584024865511139e-01,4.047877950468825592e-01,-7.294240044973184789e-01,1.611060568116866321e-01
4.718750000000000444e-01,8.421407508884551918e-01,-2.846042410896070796e-01,1.900791235474174334e-01,6.895750753800837796e-01,-1.826758182019633248e-01,4.025156347453985872e-01,-7.247643595985584497e-01,1.602895466544969061e-01
4.750000000000000333e-01,8.412522901128043351e-01,-2.840108609694894648e-01,1.896842897441778919e-01,6.890048101990406959e-01,-1.822940302496489084e-01,4.002579818846743742e-01,-7.201391929497659161e-01,1.594775528129145636e-01
4.781250000000000222e-01,8.403656817234610443e-01,-2.834187134269824937e-01,1.892902735956610294e-01,6.884357368632342267e-01,-1.819130369751071896e-01,3.980147291823644684e-01,-7.155482092353232515e-01,1.586700473592159710e-01
4.812500000000000666e-01,8.394809218726098088e-01,-2.828277959095472638e-01,1.888970734178521127e-01,6.878678528918770185e-01,-1.815328367272666110e-01,3.957857702744704276e-01,-7.109911160235794503e-01,1.578670025620812767e-01
4.843750000000000555e-01,8.385980067204038546e-01,-2.822381058699021672e-01,1.885046875301621960e-01,6.873011558093358175e-01,-1.811534278584777391e-01,3.935709997063775445e-01,-7.064676237353648691e-01,1.570683908850160626e-01
4.875000000000000444e-01,8.377169324349484913e-01,-2.816496407660120660e-01,1.881131142554214597e-01,6.867356431451212551e-01,-1.807748087245061586e-01,3.913703129239895495e-01,-7.019774456128834439e-01,1.562741849847874842e-01
4.906250000000000333e-01,8.368376951922843476e-01,-2.810623980610776340e-01,1.877223519198723545e-01,6.861713124338765235e-01,-1.803969776845253947e-01,3.891836062649599581e-01,-6.975202976889773865e-01,1.554843577098744267e-01
4.937500000000000222e-01,8.359602911763717170e-01,-2.804763752235246432e-01,1.873323988531629958e-01,6.856081612153674953e-01,-1.800199331011098913e-01,3.870107769500189532e-01,-6.930958987567606977e-01,1.546988820989321778e-01
4.968750000000000111e-01,8.350847165790739046e-01,-2.798915697269935277e-01,1.869432533883404191e-01,6.850461870344712878e-01,-1.796436733402279884e-01,3.848517230743942474e-01,-6.887039703396147239e-01,1.539177313792705060e-01
5.000000000000000000e-01,8.342109676001409069e-01,-2.793079790503285587e-01,1.865549138618439462e-01,6.844853874411662709e-01,-1.792681967712349278e-01,3.827063435993257601e-01,-6.843442366615432038e-01,1.531408789653460889e-01
5.031250000000000444e-01,8.333390404471930912e-01,-2.787256006775674089e-01,1.861673786134984132e-01,6.839257599905214091e-01,-1.788935017668658589e-01,3.805745383436717755e-01,-6.800164246178801442e-01,1.523682984572682364e-01
5.062500000000000888e-01,8.324689313357050979e-01,-2.781444320979304385e-01,1.857806459865076754e-01,6.833673022426852706e-01,-1.785195867032288441e-01,3.784562079756064179e-01,-6.757202637463480821e-01,1.515999636393183525e-01
5.093750000000001332e-01,8.316006364889900748e-01,-2.775644708058102594e-01,1.853947143274477238e-01,6.828100117628761456e-01,-1.781464499597979201e-01,3.763512540044071097e-01,-6.714554861984598499e-01,1.508358484784826370e-01
5.125000000000000666e-01,8.307341521381824689e-01,-2.769857143007612432e-01,1.850095819862602464e-01,6.822538861213710559e-01,-1.777740899194061308e-01,3.742595787723305145e-01,-6.672218267112612899e-01,1.500759271229983038e-01
5.156250000000000000e-01,8.298694745222232605e-01,-2.764081600874888633e-01,1.846252473162459384e-01,6.816989228934954292e-01,-1.774025049682385335e-01,3.721810854465764651e-01,-6.630190225794094783e-01,1.493201739009125395e-01
5.187500000000000444e-01,8.290065998878426434e-01,-2.758318056758392034e-01,1.842417086740577858e-01,6.811451196596126634e-01,-1.770316934958253985e-01,3.701156780113386557e-01,-6.588468136275830167e-01,1.485685633186548671e-01
5.218750000000000888e-01,8.281455244895447043e-01,-2.752566485807887986e-01,1.838589644196946260e-01,6.805924740051136901e-01,-1.766616538950352422e-01,3.680632612599412101e-01,-6.547049421832191740e-01,1.478210700596221117e-01
5.250000000000000222e-01,8.272862445895913242e-01,-2.746826863224338111e-01,1.834770129164944863e-01,6.800409835204065390e-01,-1.762923845620679164e-01,3.660237407870595150e-01,-6.505931530495741022e-01,1.470776689827762163e-01
5.281249999999999556e-01,8.264287564579860801e-01,-2.741099164259798160e-01,1.830958525311279228e-01,6.794906458009057904e-01,-1.759238838964476970e-01,3.639970229810249869e-01,-6.465111934791016868e-01,1.463383351212545480e-01
5.312500000000000000e-01,8.255730563724581472e-01,-2.735383364217312541e-01,1.827154816335915810e-01,6.789414584470223613e-01,-1.755561503010165114e-01,3.619830150162123839e-01,-6.424588131471475894e-01,1.456030436809928053e-01
5.343750000000000444e-01,8.247191406184466445e-01,-2.729679438450812734e-01,1.823358985972015345e-01,6.783934190641534023e-01,-1.751891821819270278e-01,3.599816248455094403e-01,-6.384357641259544858e-01,1.448717700393601926e-01
5.374999999999999778e-01,8.238670054890848693e-01,-2.723987362365011822e-01,1.819571017985868178e-01,6.778465252626711957e-01,-1.748229779486358826e-01,3.579927611928663822e-01,-6.344418008589731706e-01,1.441444897438070305e-01
5.406249999999999112e-01,8.230166472851837556e-01,-2.718307111415301791e-01,1.815790896176828484e-01,6.773007746579136068e-01,-1.744575360138967135e-01,3.560163335459255451e-01,-6.304766801354761974e-01,1.434211785105239945e-01
5.437499999999999556e-01,8.221680623152169964e-01,-2.712638661107648619e-01,1.812018604377248210e-01,6.767561648701734267e-01,-1.740928547937534709e-01,3.540522521487302621e-01,-6.265401610654722786e-01,1.427018122231138442e-01
5.468750000000000000e-01,8.213212468953043910e-01,-2.706981986998492351e-01,1.808254126452414345e-01,6.762126935246882686e-01,-1.737289327075336454e-01,3.521004279945113002e-01,-6.226320050549141172e-01,1.419863669312748655e-01
5.500000000000000444e-01,8.204761973491967453e-01,-2.701337064694642187e-01,1.804497446300480923e-01,6.756703582516300211e-01,-1.733657681778413839e-01,3.501607728185502921e-01,-6.187519757811981158e-01,1.412748188494959423e-01
5.531250000000000888e-01,8.196329100082597741e-01,-2.695703869853173784e-01,1.800748547852406845e-01,6.751291566860951887e-01,-1.730033596305508015e-01,3.482331990911195496e-01,-6.148998391689521892e-01,1.405671443557632572e-01
5.562500000000000222e-01,8.187913812114585577e-01,-2.690082378181328782e-01,1.797007415071889269e-01,6.745890864680939014e-01,-1.726417054947992080e-01,3.463176200104967073e-01,-6.110753633661070161e-01,1.398633199902786783e-01
5.593749999999999556e-01,8.179516073053417768e-01,-2.684472565436409885e-01,1.793274031955298942e-01,6.740501452425403661e-01,-1.722808042029803088e-01,3.444139494960540282e-01,-6.072783187202477340e-01,1.391633224541894143e-01
5.625000000000000000e-01,8.171135846440261696e-01,-2.678874407425679838e-01,1.789548382531617188e-01,6.735123306592425418e-01,-1.719206541907375707e-01,3.425221021814210953e-01,-6.035084777552424118e-01,1.384671286083288821e-01
5.656250000000000444e-01,8.162773095891809882e-01,-2.673287880006260941e-01,1.785830450862370411e-01,6.729756403728917036e-01,-1.715612538969574774e-01,3.406419934077200562e-01,-5.997656151481448594e-01,1.377747154719690947e-01
5.687500000000000888e-01,8.154427785100122339e-01,-2.667712959085032365e-01,1.782120221041564867e-01,6.724400720430527834e-01,-1.712026017637628128e-01,3.387735392168727544e-01,-5.960495077063652225e-01,1.370860602215835666e-01
5.718750000000001332e-01,8.146099877832473357e-01,-2.662149620618528556e-01,1.778417677195625324e-01,6.719056233341538231e-01,-1.708446962365059718e-01,3.369166563449785268e-01,-5.923599343451090293e-01,1.364011401896216558e-01
5.750000000000000666e-01,8.137789337931196076e-01,-2.656597840612838768e-01,1.774722803483327338e-01,6.713722919154762048e-01,-1.704875357637623545e-01,3.350712622157624443e-01,-5.886966760650779174e-01,1.357199328632935076e-01
5.781250000000000000e-01,8.129496129313524833e-01,-2.651057595123504362e-01,1.771035584095735915e-01,6.708400754611446581e-01,-1.701311187973236216e-01,3.332372749340923312e-01,-5.850595159304301518e-01,1.350424158833657129e-01
5.812500000000000444e-01,8.121220215971445278e-01,-2.645528860255420556e-01,1.767356003256140839e-01,6.703089716501167139e-01,-1.697754437921910609e-01,3.314146132795648958e-01,-5.814482390469983830e-01,1.343685670429677348e-01
5.843750000000000888e-01,8.112961561971538949e-01,-2.640011612162734278e-01,1.763684045219992835e-01,6.697789781661732667e-01,-1.694205092065690643e-01,3.296031967001590846e-01,-5.778626325407603126e-01,1.336983642864087996e-01
5.875000000000000222e-01,8.104720131454827836e-01,-2.634505827048744253e-01,1.760019694274839730e-01,6.692500926979082498e-01,-1.690663135018583840e-01,3.278029453059563836e-01,-5.743024855365584935e-01,1.330317857080051680e-01
5.906249999999999556e-01,8.096495888636621174e-01,-2.629011481165798858e-01,1.756362934740263448e-01,6.687223129387186438e-01,-1.687128551426495815e-01,3.260137798629273442e-01,-5.707675891370677101e-01,1.323688095509177043e-01
5.937500000000000000e-01,8.088288797806364450e-01,-2.623528550815200089e-01,1.752713750967816453e-01,6.681956365867947056e-01,-1.683601325967164497e-01,3.242356217867833346e-01,-5.672577364020058299e-01,1.317094142059997697e-01
5.968750000000000444e-01,8.080098823327483970e-01,-2.618057012347099755e-01,1.749072127340957628e-01,6.676700613451098665e-01,-1.680081443350094073e-01,3.224683931368931278e-01,-5.637727223275855737e-01,1.310535782106551916e-01
6.000000000000000888e-01,8.071925929637236985e-01,-2.612596842160402888e-01,1.745438048274990939e-01,6.671455849214110723e-01,-1.676568888316489758e-01,3.207120166102629399e-01,-5.603123438262039846e-01,1.304012802477061139e-01
6.031250000000001332e-01,8.063770081246557364e-01,-2.607148016702665605e-01,1.741811498217000764e-01,6.666222050282083478e-01,-1.673063645639192021e-01,3.189664155355799169e-01,-5.568763997063652660e-01,1.297524991442710329e-01
6.062500000000000666e-01,8.055631242739904607e-01,-2.601710512469999070e-01,1.738192461645788889e-01,6.660999193827658038e-01,-1.669565700122611351e-01,3.172315138673180157e-01,-5.534646906528373211e-01,1.291072138706522709e-01
6.093750000000000000e-01,8.047509378775111744e-01,-2.596284306006967357e-01,1.734580923071813163e-01,6.655787257070906460e-01,-1.666075036602663040e-01,3.155072361799047820e-01,-5.500770192070352227e-01,1.284654035392336080e-01
6.125000000000000444e-01,8.039404454083235452e-01,-2.590869373906489748e-01,1.730976867037122835e-01,6.650586217279242929e-01,-1.662591639946701672e-01,3.137935076619504660e-01,-5.467131897476318336e-01,1.278270474033872117e-01
6.156250000000000888e-01,8.031316433468402849e-01,-2.585465692809744143e-01,1.727380278115297763e-01,6.645396051767320511e-01,-1.659115495053456735e-01,3.120902541105360362e-01,-5.433730084713910280e-01,1.271921248563901985e-01
6.187500000000000222e-01,8.023245281807662721e-01,-2.580073239406064367e-01,1.723791140911384578e-01,6.640216737896937893e-01,-1.655646586852967950e-01,3.103974019255617001e-01,-5.400562833742214019e-01,1.265606154303508257e-01
6.218749999999999556e-01,8.015190964050835642e-01,-2.574691990432846911e-01,1.720209440061834794e-01,6.635048253076935021e-01,-1.652184900306520043e-01,3.087148781041534895e-01,-5.367628242324467003e-01,1.259324987951435659e-01
6.250000000000000000e-01,8.007153445220359655e-01,-2.569321922675448233e-01,1.716635160234442903e-01,6.629890574763099842e-01,-1.648730420406578079e-01,3.070426102351287434e-01,-5.334924425842924034e-01,1.253077547573539785e-01
6.281250000000000444e-01,7.999132690411148161e-01,-2.563963012967089838e-01,1.713068286128283380e-01,6.624743680458071715e-01,-1.645283132176723617e-01,3.053805264935187114e-01,-5.302449517115840338e-01,1.246863632592324217e-01
6.312500000000000888e-01,7.991128664790432268e-01,-2.558615238188760577e-01,1.709508802473649058e-01,6.619607547711241491e-01,-1.641843020671590603e-01,3.037285556351483340e-01,-5.270201666216540737e-01,1.240683043776568684e-01
6.343750000000001332e-01,7.983141333597617573e-01,-2.553278575269117279e-01,1.705956694031990073e-01,6.614482154118657142e-01,-1.638410070976800137e-01,3.020866269912715341e-01,-5.238179040294567157e-01,1.234535583231048256e-01
6.375000000000000666e-01,7.975170662144133171e-01,-2.547953001184389277e-01,1.702411945595850018e-01,6.609367477322922735e-01,-1.634984268208897751e-01,3.004546704632632403e-01,-5.206379823398872286e-01,1.228421054386340805e-01
6.406250000000000000e-01,7.967216615813281777e-01,-2.542638492958281260e-01,1.698874541988805997e-01,6.604263495013108498e-01,-1.631565597515287902e-01,2.988326165173650351e-01,-5.174802216303016067e-01,1.222339261988722448e-01
6.437500000000000444e-01,7.959279160060094283e-01,-2.537335027661873910e-01,1.695344468065406174e-01,6.599170184924648686e-01,-1.628154044074172080e-01,2.972203961794860905e-01,-5.143444436332370584e-01,1.216290012090150419e-01
6.468750000000000888e-01,7.951358260411179879e-01,-2.532042582413530640e-01,1.691821708711108707e-01,6.594087524839249426e-01,-1.624749593094483857e-01,2.956179410300576738e-01,-5.112304717193290049e-01,1.210273112038333376e-01
6.500000000000000222e-01,7.943453882464580618e-01,-2.526761134378799900e-01,1.688306248842220136e-01,6.589015492584787692e-01,-1.621352229815826163e-01,2.940251831989401654e-01,-5.081381308804220343e-01,1.204288370466886082e-01
6.531249999999999556e-01,7.935565991889620419e-01,-2.521490660770318026e-01,1.684798073405834318e-01,6.583954066035223596e-01,-1.617961939508407165e-01,2.924420553603830353e-01,-5.050672477128724802e-01,1.198335597285568599e-01
6.562500000000000000e-01,7.927694554426761853e-01,-2.516231138847712656e-01,1.681297167379770252e-01,6.578903223110494913e-01,-1.614578707472976993e-01,2.908684907280365550e-01,-5.020176504010415153e-01,1.192414603670610973e-01
6.593750000000000444e-01,7.919839535887457371e-01,-2.510982545917508912e-01,1.677803515772512966e-01,6.573862941776431601e-01,-1.611202519040766390e-01,2.893044230500150249e-01,-4.989891687009755383e-01,1.186525202055120076e-01
6.625000000000000888e-01,7.912000902154002757e-01,-2.505744859333033370e-01,1.674317103623150782e-01,6.568833200044653653e-01,-1.607833359573421217e-01,2.877497866040104046e-01,-4.959816339242703043e-01,1.180667206119569018e-01
6.656250000000001332e-01,7.904178619179392795e-01,-2.500518056494316355e-01,1.670837916001315648e-01,6.563813975972476733e-01,-1.604471214462941386e-01,2.862045161924559600e-01,-4.929948789221191841e-01,1.174840430782367606e-01
6.687500000000000666e-01,7.896372652987172502e-01,-2.495302114847997854e-01,1.667365938007121517e-01,6.558805247662824467e-01,-1.601116069131617303e-01,2.846685471377401466e-01,-4.900287380695408368e-01,1.169044692190514823e-01
6.718750000000000000e-01,7.888582969671297240e-01,-2.490097011887233425e-01,1.663901154771104673e-01,6.553806993264122971e-01,-1.597767909031967415e-01,2.831418152774686781e-01,-4.870830472497852948e-01,1.163279807710329850e-01
6.750000000000000444e-01,7.880809535395978394e-01,-2.484902725151597325e-01,1.660443551454162392e-01,6.548819190970215365e-01,-1.594426719646676038e-01,2.816242569597755541e-01,-4.841576438389164072e-01,1.157545595918262893e-01
6.781250000000000888e-01,7.873052316395547923e-01,-2.479719232226989534e-01,1.656993113247492988e-01,6.543841819020262962e-01,-1.591092486488530633e-01,2.801158090386820509e-01,-4.812523666905682562e-01,1.151841876591785802e-01
6.812500000000000222e-01,7.865311278974308484e-01,-2.474546510745539718e-01,1.653549825372535587e-01,6.538874855698653121e-01,-1.587765195100360460e-01,2.786164088695028962e-01,-4.783670561208724359e-01,1.146168470700358322e-01
6.843749999999999556e-01,7.857586389506389102e-01,-2.469384538385513417e-01,1.650113673080909615e-01,6.533918279334904877e-01,-1.584444831054972747e-01,2.771259943042989060e-01,-4.755015538935556396e-01,1.140525200396471789e-01
6.875000000000000000e-01,7.849877614435604167e-01,-2.464233292871217673e-01,1.646684641654355408e-01,6.528972068303575682e-01,-1.581131379955092453e-01,2.756445036873766408e-01,-4.726557032052046137e-01,1.134911889006770536e-01
6.906250000000000444e-01,7.842184920275304671e-01,-2.459092751972907220e-01,1.643262716404673696e-01,6.524036201024168147e-01,-1.577824827433299826e-01,2.741718758508336906e-01,-4.698293486706968669e-01,1.129328361023247407e-01
6.937500000000000888e-01,7.834508273608241646e-01,-2.453962893506690945e-01,1.639847882673665380e-01,6.519110655961034562e-01,-1.574525159151968501e-01,2.727080501101485921e-01,-4.670223363087943613e-01,1.123774442094514353e-01
6.968750000000001332e-01,7.826847641086416285e-01,-2.448843695334437243e-01,1.636440125833072967e-01,6.514195411623289189e-01,-1.571232360803204164e-01,2.712529662598164859e-01,-4.642345135278988510e-01,1.118249959017147410e-01
7.000000000000000666e-01,7.819202989430943385e-01,-2.443735135363681310e-01,1.633039431284520338e-01,6.509290446564709454e-01,-1.567946418108783213e-01,2.698065645690281844e-01,-4.614657291119670379e-01,1.112754739727104952e-01
7.031250000000000000e-01,7.811574285431901465e-01,-2.438637191547531891e-01,1.629645784459452795e-01,6.504395739383647124e-01,-1.564667316820091136e-01,2.683687857773934260e-01,-4.587158332065828237e-01,1.107288613291217833e-01
7.062500000000000444e-01,7.803961495948197324e-01,-2.433549841884576903e-01,1.626259170819078226e-01,6.499511268722932833e-01,-1.561395042718060899e-01,2.669395710907074837e-01,-4.559846773051853264e-01,1.101851409898752937e-01
7.093750000000000888e-01,7.796364587907419486e-01,-2.428473064418793237e-01,1.622879575854307976e-01,6.494637013269788373e-01,-1.558129581613113823e-01,2.655188621767603507e-01,-4.532721142354511068e-01,1.096442960853047655e-01
7.125000000000000222e-01,7.788783528305699422e-01,-2.423406837239451272e-01,1.619506985085696904e-01,6.489772951755730102e-01,-1.554870919345095748e-01,2.641066011611883924e-01,-4.505779981458278294e-01,1.091063098563214151e-01
7.156249999999999556e-01,7.781218284207569447e-01,-2.418351138481023566e-01,1.616141384063385644e-01,6.484919062956480129e-01,-1.551619041783219022e-01,2.627027306233676307e-01,-4.479021844922175255e-01,1.085711656535914005e-01
7.187500000000000000e-01,7.773668822745819496e-01,-2.413305946323091866e-01,1.612782758367039271e-01,6.480075325691873056e-01,-1.548373934825999221e-01,2.613071935923486633e-01,-4.452445300248090709e-01,1.080388469367202370e-01
7.218750000000000444e-01,7.766135111121359458e-01,-2.408271238990256635e-01,1.609431093605791785e-01,6.475241718825764936e-01,-1.545135584401196860e-01,2.599199335428324931e-01,-4.426048927750567685e-01,1.075093372734441249e-01
7.250000000000000888e-01,7.758617116603075958e-01,-2.403246994752042676e-01,1.606086375418183942e-01,6.470418221265940018e-01,-1.541903976465755499e-01,2.585408943911866597e-01,-4.399831320428028159e-01,1.069826203388279523e-01
7.281250000000001332e-01,7.751114806527693579e-01,-2.398233191922809204e-01,1.602748589472107466e-01,6.465604811964026366e-01,-1.538679097005742347e-01,2.571700204915012278e-01,-4.373791083835437687e-01,1.064586799144701668e-01
7.312500000000000666e-01,7.743628148299634972e-01,-2.393229808861657149e-01,1.599417721464744813e-01,6.460801469915394835e-01,-1.535460932036287196e-01,2.558072566316850205e-01,-4.347926835958375591e-01,1.059374998877142121e-01
7.343750000000000000e-01,7.736157109390880970e-01,-2.388236823972338108e-01,1.596093757122510615e-01,6.456008174159076907e-01,-1.532249467601522475e-01,2.544525480296002673e-01,-4.322237207088499011e-01,1.054190642508665982e-01
7.375000000000000444e-01,7.728701657340830700e-01,-2.383254215703162759e-01,1.592776682200994498e-01,6.451224903777670328e-01,-1.529044689774524401e-01,2.531058403292360537e-01,-4.296720839700386985e-01,1.049033571004215765e-01
7.406250000000000888e-01,7.721261759756161691e-01,-2.378281962546910655e-01,1.589466482484902798e-01,6.446451637897248066e-01,-1.525846584657251648e-01,2.517670795969207953e-01,-4.271376388329750085e-01,1.043903626362922971e-01
7.437500000000000222e-01,7.713837384310695544e-01,-2.373320043040738347e-01,1.586163143787998886e-01,6.441688355687271716e-01,-1.522655138380486495e-01,2.504362123175715160e-01,-4.246202519452978441e-01,1.038800651610483211e-01
7.468749999999999556e-01,7.706428498745252487e-01,-2.368368435766089186e-01,1.582866651953047654e-01,6.436935036360496021e-01,-1.519470337103775437e-01,2.491131853909810678e-01,-4.221197911368015365e-01,1.033724490791594758e-01
7.500000000000000000e-01,7.699035070867517039e-01,-2.363427119348602279e-01,1.579576992851754735e-01,6.432191659172886711e-01,-1.516292167015368675e-01,2.477979461281424878e-01,-4.196361254076556024e-01,1.028674988962461762e-01
7.531250000000000444e-01,7.691657068551901455e-01,-2.358496072458022841e-01,1.576294152384711544e-01,6.427458203423520589e-01,-1.513120614332162384e-01,2.464904422476097978e-01,-4.171691249167533977e-01,1.023651992183358672e-01
7.562500000000000888e-01,7.684294459739404726e-01,-2.353575273808111712e-01,1.573018116481335882e-01,6.422734648454508921e-01,-1.509955665299637650e-01,2.451906218718950259e-01,-4.147186609701890569e-01,1.018655347511256415e-01
7.593750000000001332e-01,7.676947212437478241e-01,-2.348664702156555428e-01,1.569748871099814203e-01,6.418020973650894190e-01,-1.506797306191803021e-01,2.438984335239008927e-01,-4.122846060098611098e-01,1.013684902992510461e-01
7.625000000000000666e-01,7.669615294719887011e-01,-2.343764336304876017e-01,1.566486402227046104e-01,6.413317158440574595e-01,-1.503645523311134824e-01,2.426138261233893589e-01,-4.098668336022012748e-01,1.008740507655609686e-01
7.656250000000000000e-01,7.662298674726569780e-01,-2.338874155098341623e-01,1.563230695878584375e-01,6.408623182294203025e-01,-1.500500302988517776e-01,2.413367489834845336e-01,-4.074652184270267097e-01,1.003822011503984479e-01
7.687500000000000444e-01,7.654997320663509131e-01,-2.333994137425877136e-01,1.559981738098579762e-01,6.403939024725108231e-01,-1.497361631583186969e-01,2.400671518072108879e-01,-4.050796362665143313e-01,9.989292655088755080e-02
7.750000000000000222e-01,7.640440283481473305e-01,-2.324264508456610756e-01,1.553504012563188819e-01,6.394600083584888184e-01,-1.491103881102728290e-01,2.375501980867619212e-01,-4.003560795649964699e-01,9.892204326702030981e-02
7.812500000000000000e-01,7.625943930137256688e-01,-2.314575281378218330e-01,1.547053114543850971e-01,6.385300171976601158e-01,-1.484872163308418314e-01,2.350625702546886020e-01,-3.956951913905120133e-01,9.796128359980527112e-02
7.875000000000000888e-01,7.611508008642294820e-01,-2.304926288864657946e-01,1.540628933417455271e-01,6.376039127534041118e-01,-1.478666370088784765e-01,2.326038796262973884e-01,-3.910960165883803352e-01,9.701053173896112547e-02
7.937500000000000666e-01,7.597132268051656201e-01,-2.295317364279868544e-01,1.534231359012987739e-01,6.366816788565298202e-01,-1.472486393780362002e-01,2.301737434345031974e-01,-3.865576166238726685e-01,9.606967335623767257e-02
8.000000000000000444e-01,7.582816458459731290e-01,-2.285748341674948836e-01,1.527860281609724202e-01,6.357632994049963182e-01,-1.466332127165840549e-01,2.277717847269736251e-01,-3.820790692572312297e-01,9.513859558396881022e-02
8.062500000000000222e-01,7.568560330995954821e-01,-2.276219055785350387e-01,1.521515591935430900e-01,6.348487583636345244e-01,-1.460203463472224961e-01,2.253976322652828379e-01,-3.776594682257076174e-01,9.421718699397638175e-02
8.125000000000000000e-01,7.554363637820531441e-01,-2.266729342028079297e-01,1.515197181164571749e-01,6.339380397638701981e-01,-1.454100296368996958e-01,2.230509204260309741e-01,-3.732979229324553949e-01,9.330533757681851170e-02
8.187500000000000888e-01,7.540226132120186886e-01,-2.257279036498909264e-01,1.508904940916521442e-01,6.330311277034477158e-01,-1.448022519966289112e-01,2.207312891038869518e-01,-3.689935581421152078e-01,9.240293872137600451e-02
8.250000000000000666e-01,7.526147568103936925e-01,-2.247867975969608245e-01,1.502638763253786591e-01,6.321280063461557353e-01,-1.441970028813063520e-01,2.184383836165135206e-01,-3.647455136829367284e-01,9.150988319477082467e-02
8.312500000000000444e-01,7.512127700998865176e-01,-2.238495997885172617e-01,1.496398540680232148e-01,6.312286599215528593e-01,-1.435942717895299925e-01,2.161718546113337303e-01,-3.605529441552834946e-01,9.062606512261030256e-02
8.375000000000000222e-01,7.498166287045929801e-01,-2.229162940361075207e-01,1.490184166139315036e-01,6.303330727246952980e-01,-1.429940482634189103e-01,2.139313579741000393e-01,-3.564150186463724279e-01,8.975137996955148689e-02
8.437500000000000000e-01,7.484263083495776847e-01,-2.219868642180523322e-01,1.483995533012325008e-01,6.294412291158656414e-01,-1.423963218884335413e-01,2.117165547392268754e-01,-3.523309204511026471e-01,8.888572452017960701e-02
8.500000000000000888e-01,7.470417848604580247e-01,-2.210612942791727042e-01,1.477832535116631318e-01,6.285531135203024089e-01,-1.418010822931966564e-01,2.095271110018496474e-01,-3.482998467988312474e-01,8.802899686019496905e-02
8.562500000000000666e-01,7.456630341629890690e-01,-2.201395682305180013e-01,1.471695066703936072e-01,6.276687104279307095e-01,-1.412083191493149759e-01,2.073626978315730174e-01,-3.443210085859593206e-01,8.718109635790295686e-02
8.625000000000000444e-01,7.442900322826505599e-01,-2.192216701490949937e-01,1.465583022458533669e-01,6.267880043930943446e-01,-1.406180221712016176e-01,2.052229911878725721e-01,-3.403936301141919363e-01,8.634192364600115632e-02
8.687500000000000222e-01,7.429227553442354637e-01,-2.183075841775980463e-01,1.459496297495578854e-01,6.259109800342885777e-01,-1.400301811158992382e-01,2.031076718371153944e-01,-3.365169488343422999e-01,8.551138060365888471e-02
8.750000000000000000e-01,7.415611795714402987e-01,-2.173972945241403609e-01,1.453434787359358382e-01,6.250376220338944577e-01,-1.394447857829038406e-01,2.010164252711643951e-01,-3.326902150955515780e-01,8.468937033888331023e-02
8.812500000000000888e-01,7.402052812864574616e-01,-2.164907854619862182e-01,1.447398388021570725e-01,6.241679151379140311e-01,-1.388618260139894145e-01,1.989489416275337652e-01,-3.289126918997989923e-01,8.387579717116745714e-02
8.875000000000000666e-01,7.388550369095681081e-01,-2.155880413292845799e-01,1.441386995879613830e-01,6.233018441557066636e-01,-1.382812916930332425e-01,1.969049156110623811e-01,-3.251836546615819445e-01,8.307056661441472589e-02
8.937500000000000444e-01,7.375104229587381433e-01,-2.146890465288034400e-01,1.435400507754875099e-01,6.224393939597261394e-01,-1.377031727458419008e-01,1.948840464170733533e-01,-3.215023909726453799e-01,8.227358536013516799e-02
9.000000000000000222e-01,7.361714160492149883e-01,-2.137937855276652865e-01,1.429438820891032191e-01,6.215805494852595370e-01,-1.371274591399780085e-01,1.928860376559885792e-01,-3.178682003716471471e-01,8.148476126090861693e-02
9.062500000000000000e-01,7.348379928931259020e-01,-2.129022428570838954e-01,1.423501832952358270e-01,6.207252957301665486e-01,-1.365541408845876437e-01,1.909105972793677386e-01,-3.142803941186443906e-01,8.070400331410992889e-02
9.125000000000000888e-01,7.335101302990786332e-01,-2.120144031121017347e-01,1.417589442022032520e-01,6.198736177546202430e-01,-1.359832080302286472e-01,1.889574375073419799e-01,-3.107382949742917289e-01,7.993122164589171186e-02
9.187500000000000666e-01,7.321878051717629621e-01,-2.111302509513289516e-01,1.411701546600460655e-01,6.190255006808488281e-01,-1.354146506686993157e-01,1.870262747574133189e-01,-3.072412369836446389e-01,7.916632749541992198e-02
9.250000000000000444e-01,7.308709945115546835e-01,-2.102497710966829414e-01,1.405838045603596820e-01,6.181809296928781894e-01,-1.348484589328680094e-01,1.851168295745906911e-01,-3.037885652644611301e-01,7.840923319935778901e-02
9.312500000000000222e-01,7.295596754141201457e-01,-2.093729483331291663e-01,1.399998838361276587e-01,6.173398900362759845e-01,-1.342846229965035665e-01,1.832288265628359558e-01,-3.003796357999021227e-01,7.765985217659396311e-02
9.375000000000000000e-01,7.282538250700234528e-01,-2.084997675084231117e-01,1.394183824615553291e-01,6.165023670178962911e-01,-1.337231330741061042e-01,1.813619943177914862e-01,-2.970138152355286665e-01,7.691809891321024772e-02
9.437500000000000888e-01,7.269534207643345569e-01,-2.076302135328530196e-01,1.388392904519041848e-01,6.156683460056259216e-01,-1.331639794207387095e-01,1.795160653607637269e-01,-2.936904806805006873e-01,7.618388894768488018e-02
9.500000000000000666e-01,7.256584398762395693e-01,-2.067642713789839271e-01,1.382625978633268971e-01,6.148378124281311807e-01,-1.326071523318599066e-01,1.776907760739362685e-01,-2.904090195128805063e-01,7.545713885632719664e-02
9.562500000000000444e-01,7.243688598786520716e-01,-2.059019260814025643e-01,1.376882947927028644e-01,6.140107517746058452e-01,-1.320526421431565955e-01,1.758858666367869861e-01,-2.871688291889501476e-01,7.473776623893962912e-02
9.625000000000000222e-01,7.230846583378260917e-01,-2.050431627364632525e-01,1.371163713774744553e-01,6.131871495945203643e-01,-1.315004392303778247e-01,1.741010809636849566e-01,-2.839693170564511204e-01,7.402568970470303766e-02
9.687500000000000000e-01,7.218058129129713008e-01,-2.041879665020350509e-01,1.365468177954839435e-01,6.123669914973721706e-01,-1.309505340091691727e-01,1.723361666426424799e-01,-2.808099001716592991e-01,7.332082885828151986e-02
9.750000000000000888e-01,7.205323013558692091e-01,-2.033363225972495969e-01,1.359796242648109443e-01,6.115502631524364352e-01,-1.304029169349078809e-01,1.705908748751983617e-01,-2.776900051202083053e-01,7.262310428614277003e-02
9.812500000000000666e-01,7.192641015104905833e-01,-2.024882163022503068e-01,1.354147810436105437e-01,6.107369502885185986e-01,-1.298575785025386786e-01,1.688649604174101426e-01,-2.746090678415782360e-01,7.193243754309047722e-02
9.875000000000000444e-01,7.180011913126157497e-01,-2.016436329579422149e-01,1.348522784299520105e-01,6.099270386937075683e-01,-1.293145092464100809e-01,1.671581815219314038e-01,-2.715665334571666367e-01,7.124875113900469570e-02
9.937500000000000222e-01,7.167435487894546764e-01,-2.008025579657431725e-01,1.342921067616580644e-01,6.091205142151296936e-01,-1.287736997401116856e-01,1.654702998811529990e-01,-2.685618561018636163e-01,7.057196852578700996e-02
1.000000000000000000e+00,7.154911520592703855e-01,-1.999649767873357964e-01,1.337342564161450031e-01,6.083173627587042942e-01,-1.282351405963118307e-01,1.638010805713861484e-01,-2.655944987590512785e-01,6.990201408450669174e-02
1.006250000000000089e+00,7.142439793310025875e-01,-1.991308749444205273e-01,1.331787178102630809e-01,6.075175702888998552e-01,-1.276988224665960847e-01,1.621502919980661594e-01,-2.626639330989530285e-01,6.923881311274436567e-02
1.012499999999999956e+00,7.130020089038933140e-01,-1.983002380184697433e-01,1.326254814001378846e-01,6.067211228284909996e-01,-1.271647360413065142e-01,1.605177058419564873e-01,-2.597696393202572618e-01,6.858229181213006120e-02
1.018750000000000044e+00,7.117652191671144379e-01,-1.974730516504825950e-01,1.320745376810118221e-01,6.059280064583173475e-01,-1.266328720493812010e-01,1.589030970063320392e-01,-2.569111059949429898e-01,6.793237727607176479e-02
1.025000000000000133e+00,7.105335885993959710e-01,-1.966493015407412559e-01,1.315258771870868870e-01,6.051382073170421538e-01,-1.261032212581949252e-01,1.573062435651232382e-01,-2.540878299162384057e-01,6.728899747767201622e-02
1.031250000000000000e+00,7.093070957686570255e-01,-1.958289734485677835e-01,1.309794904913673397e-01,6.043517116009132772e-01,-1.255757744734001813e-01,1.557269267120001965e-01,-2.512993159496408335e-01,6.665208125782845494e-02
1.037500000000000089e+00,7.080857193316363318e-01,-1.950120531920819800e-01,1.304353682055034991e-01,6.035685055635234830e-01,-1.250505225387688324e-01,1.541649307103785671e-01,-2.485450768869314486e-01,6.602155831351569359e-02
1.043750000000000178e+00,7.068694380335268646e-01,-1.941985266479606398e-01,1.298935009796358397e-01,6.027885755155737435e-01,-1.245274563360347225e-01,1.526200428443292567e-01,-2.458246333031211261e-01,6.539735918624553501e-02
1.050000000000000044e+00,7.056582307076099125e-01,-1.933883797511972147e-01,1.293538795022398102e-01,6.020119078246358724e-01,-1.240065667847365938e-01,1.510920533703724589e-01,-2.431375134162594154e-01,6.477941525070192441e-02
1.056249999999999911e+00,7.044520762748911480e-01,-1.925815984948627824e-01,1.288164944999712902e-01,6.012384889149164913e-01,-1.234878448420617530e-01,1.495807554701395481e-01,-2.404832529500465221e-01,6.416765870354820822e-02
1.062500000000000000e+00,7.032509537437388047e-01,-1.917781689298679315e-01,1.282813367375124636e-01,6.004683052670231058e-01,-1.229712815026905021e-01,1.480859452038849333e-01,-2.378613949991867094e-01,6.356202255240359089e-02
1.068750000000000089e+00,7.020548422095229668e-01,-1.909780771647255349e-01,1.277483970174185246e-01,5.997013434177291824e-01,-1.224568677986411225e-01,1.466074214648311891e-01,-2.352714898974226365e-01,6.296244060498586148e-02
1.074999999999999956e+00,7.008637208542560781e-01,-1.901813093653146325e-01,1.272176661799647723e-01,5.989375899597422226e-01,-1.219445947991154439e-01,1.451449859343305060e-01,-2.327130950881926286e-01,6.236884745841768385e-02
1.081250000000000044e+00,6.996775689462350067e-01,-1.893878517546448981e-01,1.266891351029943713e-01,5.981770315414710604e-01,-1.214344536103451194e-01,1.436984430378264455e-01,-2.301857749978532541e-01,6.178117848869350837e-02
1.087500000000000133e+00,6.984963658396848851e-01,-1.885976906126226038e-01,1.261627947017667506e-01,5.974196548667954909e-01,-1.209264353754385124e-01,1.422675999016006221e-01,-2.276891009114133113e-01,6.119936984030477367e-02
1.093750000000000000e+00,6.973200909744046161e-01,-1.878108122758171405e-01,1.256386359288065580e-01,5.966654466948360103e-01,-1.204205312742282624e-01,1.408522663102878825e-01,-2.252226508507225167e-01,6.062335841602029679e-02
1.100000000000000089e+00,6.961487238754124895e-01,-1.870272031372284538e-01,1.251166497737530303e-01,5.959143938397247764e-01,-1.199167325231193099e-01,1.394522546651453809e-01,-2.227860094550630776e-01,6.005308186681946464e-02
1.106250000000000178e+00,6.949822441525952410e-01,-1.862468496460556733e-01,1.245968272632102525e-01,5.951664831703774583e-01,-1.194150303749378222e-01,1.380673799430607585e-01,-2.203787678640927727e-01,5.948847858197583299e-02
1.112500000000000044e+00,6.938206315003571101e-01,-1.854697383074666583e-01,1.240791594605978321e-01,5.944217016102661955e-01,-1.189154161187804953e-01,1.366974596562846589e-01,-2.180005236030875537e-01,5.892948767928826020e-02
1.118749999999999911e+00,6.926638656972703423e-01,-1.846958556823680431e-01,1.235636374660020048e-01,5.936800361371932233e-01,-1.184178810798645759e-01,1.353423138128730940e-01,-2.156508804704349302e-01,5.837604899545732751e-02
1.125000000000000000e+00,6.915119266057282443e-01,-1.839251883871768356e-01,1.230502524160276001e-01,5.929414737830659421e-01,-1.179224166193784812e-01,1.340017648778265569e-01,-2.133294484273301761e-01,5.782810307660463112e-02
1.131250000000000089e+00,6.903647941715986835e-01,-1.831577230935924894e-01,1.225389954836504647e-01,5.922060016336718746e-01,-1.174290141343331123e-01,1.326756377349115334e-01,-2.110358434896275337e-01,5.728559116893263553e-02
1.137499999999999956e+00,6.892224484238790305e-01,-1.823934465283701678e-01,1.220298578780703441e-01,5.914736068284561776e-01,-1.169376650574136395e-01,1.313637596491513126e-01,-2.087696876218005648e-01,5.674845520952245814e-02
1.143750000000000044e+00,6.880848694743531002e-01,-1.816323454730945919e-01,1.215228308445644723e-01,5.907442765602982648e-01,-1.164483608568319950e-01,1.300659602299729656e-01,-2.065306086329662116e-01,5.621663781726755210e-02
1.150000000000000133e+00,6.869520375172489812e-01,-1.808744067639551922e-01,1.210179056643417017e-01,5.900179980752906506e-01,-1.159610930361799769e-01,1.287820713949981710e-01,-2.043182400749297967e-01,5.569008228394118493e-02
1.156250000000000000e+00,6.858239328288985304e-01,-1.801196172915220106e-01,1.205150736543972173e-01,5.892947586725183484e-01,-1.154758531342828937e-01,1.275119273344648974e-01,-2.021322211422064974e-01,5.516873256539506915e-02
1.162500000000000089e+00,6.847005357673983106e-01,-1.793679640005222398e-01,1.200143261673676659e-01,5.885745457038388251e-01,-1.149926327250538061e-01,1.262553644762675342e-01,-1.999721965739777174e-01,5.465253327288726454e-02
1.168750000000000178e+00,6.835818267722714170e-01,-1.786194338896182621e-01,1.195156545913871188e-01,5.878573465736632864e-01,-1.145114234173485596e-01,1.250122214516045105e-01,-1.978378165579424974e-01,5.414142966453739519e-02
1.175000000000000044e+00,6.824677863641317455e-01,-1.778740140111860213e-01,1.190190503499433117e-01,5.871431487387391845e-01,-1.140322168548210946e-01,1.237823390612205754e-01,-1.957287366360221381e-01,5.363536763690664178e-02
1.181249999999999911e+00,6.813583951443481501e-01,-1.771316914710944768e-01,1.185245049017346619e-01,5.864319397079321705e-01,-1.135550047157796033e-01,1.225655602422327656e-01,-1.936446176118797047e-01,5.313429371670078810e-02
1.187500000000000000e+00,6.802536337947112655e-01,-1.763924534284861123e-01,1.180320097405276603e-01,5.857237070420109326e-01,-1.130797787130431997e-01,1.213617300355289003e-01,-1.915851254602164988e-01,5.263815505259430289e-02
1.193750000000000089e+00,6.791534830771014386e-01,-1.756562870955581945e-01,1.175415563950150399e-01,5.850184383534314803e-01,-1.126065305937991590e-01,1.201706955537276411e-01,-1.895499312378077228e-01,5.214689940717336797e-02
1.200000000000000178e+00,6.780579238331573277e-01,-1.749231797373448083e-01,1.170531364286742648e-01,5.843161213061228709e-01,-1.121352521394607810e-01,1.189923059496889868e-01,-1.875387109962402543e-01,5.166047514899595183e-02
1.206250000000000266e+00,6.769669369839467210e-01,-1.741931186715000301e-01,1.165667414396266977e-01,5.836167436152736032e-01,-1.116659351655258231e-01,1.178264123855650297e-01,-1.855511456963178096e-01,5.117883124476699241e-02
1.212500000000000133e+00,6.758805035296380215e-01,-1.734660912680817957e-01,1.160823630604973372e-01,5.829202930471195643e-01,-1.111985715214354742e-01,1.166728680023806780e-01,-1.835869211240979959e-01,5.070191725162698226e-02
1.218750000000000000e+00,6.747986045491738416e-01,-1.727420849493365995e-01,1.155999929582749580e-01,5.822267574187313111e-01,-1.107331530904339945e-01,1.155315278901338505e-01,-1.816457278085271410e-01,5.022968330955185357e-02
1.225000000000000089e+00,6.737212211999448197e-01,-1.720210871894852500e-01,1.151196228341729993e-01,5.815361245978044602e-01,-1.102696717894288414e-01,1.144022490584058888e-01,-1.797272609406397881e-01,4.976208013386260870e-02
1.231250000000000178e+00,6.726483347174662120e-01,-1.713030855145094011e-01,1.146412444234908706e-01,5.808483825024488567e-01,-1.098081195688515033e-01,1.132848904074719998e-01,-1.778312202942905207e-01,4.929905900784284367e-02
1.237500000000000044e+00,6.715799264150545955e-01,-1.705880675019390003e-01,1.141648494954757842e-01,5.801635191009796300e-01,-1.093484884125187628e-01,1.121793126999024309e-01,-1.759573101483852264e-01,4.884057177546233253e-02
1.243749999999999911e+00,6.705159776835063479e-01,-1.698760207806403189e-01,1.136904298531851709e-01,5.794815224117091379e-01,-1.088907703374945440e-01,1.110853785326449544e-01,-1.741052392105817415e-01,4.838657083420502131e-02
1.250000000000000000e+00,6.694564699907775696e-01,-1.691669330306053154e-01,1.132179773333496786e-01,5.788023805027397994e-01,-1.084349573939524664e-01,1.100029523095799461e-01,-1.722747205424290662e-01,4.793700912799991193e-02
1.256250000000000089e+00,6.684013848816652281e-01,-1.684607919827414979e-01,1.127474838062365869e-01,5.781260814917571489e-01,-1.079810416650388433e-01,1.089319002145389403e-01,-1.704654714859155373e-01,4.749184014025292777e-02
1.262500000000000178e+00,6.673507039774897454e-01,-1.677575854186627302e-01,1.122789411755139022e-01,5.774526135458242226e-01,-1.075290152667362498e-01,1.078720901847776553e-01,-1.686772135913962578e-01,4.705101788697833159e-02
1.268750000000000266e+00,6.663044089757781396e-01,-1.670573011704809818e-01,1.118123413781148545e-01,5.767819648811771671e-01,-1.070788703477277282e-01,1.068233918848954384e-01,-1.669096725468722509e-01,4.661449691002800960e-02
1.275000000000000133e+00,6.652624816499499438e-01,-1.663599271205987717e-01,1.113476763841029921e-01,5.761141237630209577e-01,-1.066305990892614519e-01,1.057856766811926391e-01,-1.651625781085929445e-01,4.618223227041713674e-02
1.281250000000000000e+00,6.642249038490025681e-01,-1.656654512015025005e-01,1.108849381965377884e-01,5.754490785053263391e-01,-1.061841937050160140e-01,1.047588176164573337e-01,-1.634356640329547861e-01,4.575417954174455099e-02
1.287500000000000089e+00,6.631916574971997713e-01,-1.649738613955566424e-01,1.104241188513407357e-01,5.747868174706273203e-01,-1.057396464409662562e-01,1.037426893851740445e-01,-1.617286680096700069e-01,4.533029480370659448e-02
1.293750000000000178e+00,6.621627245937599104e-01,-1.642851457347989097e-01,1.099652104171621458e-01,5.741273290698204468e-01,-1.052969495752496543e-01,1.027371683091461707e-01,-1.600413315961788652e-01,4.491053463570265913e-02
1.300000000000000044e+00,6.611380872125467434e-01,-1.635992923007360544e-01,1.095082049952481873e-01,5.734706017619635166e-01,-1.048560954180332988e-01,1.017421323135243999e-01,-1.583734001532803304e-01,4.449485611053111828e-02
1.306249999999999911e+00,6.601177275017603430e-01,-1.629162892241403648e-01,1.090530947193086714e-01,5.728166240540758514e-01,-1.044170763113812378e-01,1.007574609032337032e-01,-1.567246227819560078e-01,4.408321678817420097e-02
1.312500000000000000e+00,6.591016276836298982e-01,-1.622361246848474658e-01,1.085998717553851994e-01,5.721653845009397887e-01,-1.039798846291226514e-01,9.978303513979158712e-02,-1.550947522613635998e-01,4.367557470967042832e-02
1.318750000000000089e+00,6.580897700541080697e-01,-1.615587869115544528e-01,1.081485283017200316e-01,5.715168717049022851e-01,-1.035445127767203460e-01,9.881873761851042715e-02,-1.534835449879759506e-01,4.327188839107320995e-02
1.325000000000000178e+00,6.570821369825660119e-01,-1.608842641816191910e-01,1.076990565886252332e-01,5.708710743156776291e-01,-1.031109531911398591e-01,9.786445244607630545e-02,-1.518907609158416938e-01,4.287211681749424075e-02
1.331250000000000266e+00,6.560787109114895044e-01,-1.602125448208601699e-01,1.072514488783525149e-01,5.702279810301508212e-01,-1.026791983407191466e-01,9.692006521849810818e-02,-1.503161634979459649e-01,4.247621943723033783e-02
1.337500000000000133e+00,6.550794743561776379e-01,-1.595436172033573574e-01,1.068056974649635033e-01,5.695875805921822854e-01,-1.022492407250387564e-01,9.598546299941956850e-02,-1.487595196286480292e-01,4.208415615597251719e-02
1.343750000000000000e+00,6.540844099044405002e-01,-1.588774697512537470e-01,1.063617946742004550e-01,5.689498617924125812e-01,-1.018210728747925425e-01,9.506053429878774663e-02,-1.472205995871745943e-01,4.169588733109586692e-02
1.350000000000000089e+00,6.530935002163006375e-01,-1.582140909345577662e-01,1.059197328633576934e-01,5.683148134680685581e-01,-1.013946873516588798e-01,9.414516905187156337e-02,-1.456991769821473492e-01,4.131137376602911360e-02
1.356250000000000178e+00,6.521067280236937380e-01,-1.575534692709464890e-01,1.054795044211533500e-01,5.676824245027701776e-01,-1.009700767481725575e-01,9.323925859862383647e-02,-1.441950286971240280e-01,4.093057670470259812e-02
1.362500000000000044e+00,6.511240761301716473e-01,-1.568955933255696822e-01,1.050411017676016884e-01,5.670526838263379998e-01,-1.005472336875970207e-01,9.234269566338045021e-02,-1.427079348371324552e-01,4.055345782607331501e-02
1.368749999999999911e+00,6.501455274106060500e-01,-1.562404517108545166e-01,1.046045173538859008e-01,5.664255804146013373e-01,-1.001261508237971942e-01,9.145537433489066281e-02,-1.412376786761778413e-01,4.017997923872593941e-02
1.375000000000000000e+00,6.491710648108938164e-01,-1.555880330863111671e-01,1.041697436622314593e-01,5.658011032892075187e-01,-9.970682084111287535e-02,9.057719004667261209e-02,-1.397840466057038156e-01,3.981010347554872486e-02
1.381250000000000089e+00,6.482006713476633486e-01,-1.549383261583392735e-01,1.037367732057799530e-01,5.651792415174320405e-01,-9.928923645423262667e-02,8.970803955768799631e-02,-1.383468280839884046e-01,3.944379348848296024e-02
1.387500000000000178e+00,6.472343301079818145e-01,-1.542913196800350384e-01,1.033055985284633410e-01,5.645599842119890521e-01,-9.887339040806820967e-02,8.884782093333001840e-02,-1.369258155864556958e-01,3.908101264334495201e-02
1.393750000000000266e+00,6.462720242490642697e-01,-1.536470024509991872e-01,1.028762122048788308e-01,5.639433205308427288e-01,-9.845927547762942100e-02,8.799643352671918106e-02,-1.355208045568855324e-01,3.872172471471931748e-02
1.400000000000000133e+00,6.453137369979833338e-01,-1.530053633171457317e-01,1.024486068401641581e-01,5.633292396770198662e-01,-9.804688446789962264e-02,8.715377796030131241e-02,-1.341315933595033094e-01,3.836589388092265240e-02
1.406250000000000000e+00,6.443594516513805326e-01,-1.523663911705114005e-01,1.020227750698733671e-01,5.627177308984225856e-01,-9.763621021371166053e-02,8.631975610774206276e-02,-1.327579832319320252e-01,3.801348471903632370e-02
1.412500000000000089e+00,6.434091515751784174e-01,-1.517300749490660405e-01,1.015987095598531037e-01,5.621087834876424827e-01,-9.722724557962429681e-02,8.549427107611316801e-02,-1.313997782389900171e-01,3.766446220000740919e-02
1.418750000000000178e+00,6.424628202042942382e-01,-1.510964036365235741e-01,1.011764030061194780e-01,5.615023867817751091e-01,-9.681998345979923870e-02,8.467722718836462326e-02,-1.300567852273176450e-01,3.731879168381679185e-02
1.425000000000000044e+00,6.415204410423546166e-01,-1.504653662621538990e-01,1.007558481347352458e-01,5.608985301622352315e-01,-9.641441677787862541e-02,8.386852996607806199e-02,-1.287288137808160204e-01,3.697643891471324301e-02
1.431249999999999911e+00,6.405819976614113287e-01,-1.498369519005954553e-01,1.003370377016875314e-01,5.602972030545730897e-01,-9.601053848686293135e-02,8.306808611249585916e-02,-1.274156761768821255e-01,3.663737001651257152e-02
1.437500000000000000e+00,6.396474737016580869e-01,-1.492111496716684582e-01,9.991996449276614733e-02,5.596983949282912096e-01,-9.560834156898953551e-02,8.227580349582162833e-02,-1.261171873434251411e-01,3.630155148796087444e-02
1.443750000000000089e+00,6.387168528711496540e-01,-1.485879487401892685e-01,9.950462132344227439e-02,5.591020952966622160e-01,-9.520781903561169324e-02,8.149159113278690858e-02,-1.248331648166478847e-01,3.596895019816091082e-02
1.450000000000000178e+00,6.377901189455198461e-01,-1.479673383157849853e-01,9.909100103874766974e-02,5.585082937165468664e-01,-9.480896392707803544e-02,8.071535917247921188e-02,-1.235634286995786063e-01,3.563953338206053006e-02
1.456250000000000266e+00,6.368672557677033108e-01,-1.473493076527093160e-01,9.867909651315431852e-02,5.579169797882135295e-01,-9.441176931261252570e-02,7.994701888042705928e-02,-1.223078016213387659e-01,3.531326863600233595e-02
1.462500000000000133e+00,6.359482472476565285e-01,-1.467338460496587504e-01,9.826890065045464084e-02,5.573281431551582177e-01,-9.401622829019495864e-02,7.918648262293730145e-02,-1.210661086971321493e-01,3.499012391333362199e-02
1.468750000000000000e+00,6.350330773620802560e-01,-1.461209428495897633e-01,9.786040638364203181e-02,5.567417735039247306e-01,-9.362233398644193016e-02,7.843366385168028254e-02,-1.198381774889410722e-01,3.467006752007564807e-02
1.475000000000000089e+00,6.341217301541445250e-01,-1.455105874395366539e-01,9.745360667479199823e-02,5.561578605639264650e-01,-9.323007955648830725e-02,7.768847708851844835e-02,-1.186238379669165149e-01,3.435306811065137744e-02
1.481250000000000178e+00,6.332141897332128622e-01,-1.449027692504302467e-01,9.704849451494380885e-02,5.555763941072683343e-01,-9.283945818386916959e-02,7.695083791057431843e-02,-1.174229224714481989e-01,3.403909468367087576e-02
1.487500000000000044e+00,6.323104402745688413e-01,-1.442974777569171752e-01,9.664506292398243603e-02,5.549973639485697996e-01,-9.245046308040230643e-02,7.622066293553317329e-02,-1.162352656759015612e-01,3.372811657777328304e-02
1.493749999999999911e+00,6.314104660191431906e-01,-1.436947024771798587e-01,9.624330495052106638e-02,5.544207599447883439e-01,-9.206308748607106018e-02,7.549786980717668183e-02,-1.150607045500085662e-01,3.342010346752474076e-02
1.500000000000000000e+00,6.305142512732425653e-01,-1.430944329727574515e-01,9.584321367178415263e-02,5.538465719950438348e-01,-9.167732466890775311e-02,7.478237718114333354e-02,-1.138990783239001714e-01,3.311502535937133063e-02
1.506250000000000089e+00,6.296217804082789860e-01,-1.424966588483674024e-01,9.544478219349081249e-02,5.532747900404436647e-01,-9.129316792487765508e-02,7.407410471091183113e-02,-1.127502284527676785e-01,3.281285258764626150e-02
1.512500000000000178e+00,6.287330378605004988e-01,-1.419013697517276240e-01,9.504800364973868543e-02,5.527054040639084453e-01,-9.091061057776325671e-02,7.337297303400316939e-02,-1.116139985821408415e-01,3.251355581063037486e-02
1.518750000000000266e+00,6.278480081307229455e-01,-1.413085553733795519e-01,9.465287120288840006e-02,5.521384040899982582e-01,-9.052964597904916699e-02,7.267890375839794470e-02,-1.104902345137710740e-01,3.221710600666527480e-02
1.525000000000000133e+00,6.269666757840630655e-01,-1.407182054465118681e-01,9.425937804344830528e-02,5.515737801847404587e-01,-9.015026750780741338e-02,7.199181944916512033e-02,-1.093787841721081400e-01,3.192347447031834706e-02
1.531250000000000000e+00,6.260890254496720431e-01,-1.401303097467848369e-01,9.386751738995978422e-02,5.510115224554571478e-01,-8.977246857058325535e-02,7.131164361529830631e-02,-1.082794975713586155e-01,3.163263280859868187e-02
1.537500000000000089e+00,6.252150418204712734e-01,-1.395448580921555826e-01,9.347728248888297065e-02,5.504516210505939755e-01,-8.939624260128140043e-02,7.063830069675625101e-02,-1.071922267831154907e-01,3.134455293722342856e-02
1.543750000000000178e+00,6.243447096528880191e-01,-1.389618403427039517e-01,9.308866661448302049e-02,5.498940661595496104e-01,-8.902158306105278918e-02,6.997171605170396380e-02,-1.061168259045478790e-01,3.105920707693365923e-02
1.550000000000000044e+00,6.234780137665927313e-01,-1.383812464004589571e-01,9.270166306871668871e-02,5.493388480125053208e-01,-8.864848343818183818e-02,6.931181594395077750e-02,-1.050531510271396629e-01,3.077656774985898860e-02
1.556249999999999911e+00,6.226149390442379250e-01,-1.378030662092262215e-01,9.231626518111939184e-02,5.487859568802566645e-01,-8.827693724797394670e-02,6.865852753058208913e-02,-1.040010602059672357e-01,3.049660777593032196e-02
1.562500000000000000e+00,6.217554704311968328e-01,-1.372272897544157544e-01,9.193246630869281177e-02,5.482353830740437362e-01,-8.790693803264380823e-02,6.801177884978162891e-02,-1.029604134295058621e-01,3.021930026934000618e-02
1.568750000000000089e+00,6.208995929353045007e-01,-1.366539070628708941e-01,9.155025983579290205e-02,5.476871169453844113e-01,-8.753847936120386086e-02,6.737149880884073239e-02,-1.019310725899547770e-01,2.994461863504866914e-02
1.575000000000000178e+00,6.200472916265991064e-01,-1.360829082026975001e-01,9.116963917401828266e-02,5.471411488859068140e-01,-8.717155482935348698e-02,6.673761717235142388e-02,-1.009129014540707941e-01,2.967253656533802922e-02
1.581250000000000266e+00,6.191985516370648313e-01,-1.355142832830941169e-01,9.079059776209913446e-02,5.465974693271825613e-01,-8.680615805936833795e-02,6.611006455058028586e-02,-9.990576563450127845e-02,2.940302803640903670e-02
1.587500000000000133e+00,6.183533581603750662e-01,-1.349480224541827478e-01,9.041312906578655162e-02,5.460560687405615621e-01,-8.644228269999047753e-02,6.548877238801997791e-02,-9.890953256160683882e-02,2.913606730502472583e-02
1.593750000000000000e+00,6.175116964516378371e-01,-1.343841159068402402e-01,9.003722657774226867e-02,5.455169376370064827e-01,-8.607992242631867796e-02,6.487367295211522722e-02,-9.792407145576445537e-02,2.887162890519699363e-02
1.600000000000000089e+00,6.166735518271408978e-01,-1.338225538725305308e-01,8.966288381742884561e-02,5.449800665669284339e-01,-8.571907093969931279e-02,6.426469932216065384e-02,-9.694925330014222964e-02,2.860968764491682997e-02
1.606250000000000178e+00,6.158389096640993765e-01,-1.332633266231374181e-01,8.929009433100044968e-02,5.444454461200237683e-01,-8.535972196761774933e-02,6.366178537836722495e-02,-9.598495081393680628e-02,2.835021860292725668e-02
1.612500000000000044e+00,6.150077554004029778e-01,-1.327064244707981955e-01,8.891885169119376209e-02,5.439130669251104333e-01,-8.500186926359006023e-02,6.306486579109442381e-02,-9.503103842606464013e-02,2.809319712553837167e-02
1.618749999999999911e+00,6.141800745343652945e-01,-1.321518377677376455e-01,8.854914949721959250e-02,5.433829196499655456e-01,-8.464550660705519314e-02,6.247387601024558673e-02,-9.408739224929865697e-02,2.783859882348387743e-02
1.625000000000000000e+00,6.133558526244734521e-01,-1.315995569061031156e-01,8.818098137465478492e-02,5.428549950011645198e-01,-8.429062780326773696e-02,6.188875225482350084e-02,-9.315389005484235596e-02,2.758639956881855232e-02
1.631250000000000089e+00,6.125350752891396411e-01,-1.310495723177999561e-01,8.781434097533465100e-02,5.423292837239191977e-01,-8.393722668319096580e-02,6.130943150264356323e-02,-9.223041124733277751e-02,2.733657549185604385e-02
1.637500000000000178e+00,6.117177282064526489e-01,-1.305018744743277892e-01,8.744922197724573631e-02,5.418057766019179766e-01,-8.358529710339038243e-02,6.073585148020179542e-02,-9.131683684026438430e-02,2.708910297814632467e-02
1.643750000000000266e+00,6.109037971139310574e-01,-1.299564538866173347e-01,8.708561808441905860e-02,5.412844644571658259e-01,-8.323483294592773363e-02,6.016795065269525677e-02,-9.041304943182633391e-02,2.684395866549235676e-02
1.650000000000000133e+00,6.100932678082775507e-01,-1.294133011048680670e-01,8.672352302682378999e-02,5.407653381498256362e-01,-8.288582811825540020e-02,5.960566821419210903e-02,-8.951893318114512166e-02,2.660111944100533934e-02
1.656250000000000000e+00,6.092861261451334443e-01,-1.288724067183863176e-01,8.636293056026132786e-02,5.402483885780595685e-01,-8.253827655311125888e-02,5.904894407794897965e-02,-8.863437378492533547e-02,2.636056243819794725e-02
1.662500000000000089e+00,6.084823580388354358e-01,-1.283337613554241807e-01,8.600383446625976813e-02,5.397336066778714025e-01,-8.219217220841398830e-02,5.849771886687302885e-02,-8.775925845448102891e-02,2.612226503411512954e-02
1.668750000000000178e+00,6.076819494621720219e-01,-1.277973556830191981e-01,8.564622855196896145e-02,5.392209834229494403e-01,-8.184750906715880514e-02,5.795193390412654855e-02,-8.689347589315069009e-02,2.588620484650181949e-02
1.675000000000000044e+00,6.068848864461422465e-01,-1.272631804068343198e-01,8.529010665005576364e-02,5.387105098245102974e-01,-8.150428113731358892e-02,5.741153120387128272e-02,-8.603691627408839582e-02,2.565235973100707736e-02
1.681249999999999911e+00,6.060911550797142278e-01,-1.267312262709989201e-01,8.493546261859981350e-02,5.382021769311429171e-01,-8.116248245171545084e-02,5.687645346215054049e-02,-8.518947121842444792e-02,2.542070777842409673e-02
1.687500000000000000e+00,6.053007415095855714e-01,-1.262014840579501751e-01,8.458229034098975474e-02,5.376959758286538049e-01,-8.082210706796781607e-02,5.634664404790666603e-02,-8.435103377378881662e-02,2.519122731196565823e-02
1.693750000000000089e+00,6.045136319399444513e-01,-1.256739445882752992e-01,8.423058372581983255e-02,5.371918976399119305e-01,-8.048314906833778370e-02,5.582204699413161053e-02,-8.352149839319064628e-02,2.496389688457447201e-02
1.700000000000000178e+00,6.037298126322313552e-01,-1.251485987205543104e-01,8.388033670678692044e-02,5.366899335246955172e-01,-8.014560255965401392e-02,5.530260698914839929e-02,-8.270076091424705123e-02,2.473869527626783651e-02
1.706250000000000266e+00,6.029492699049024962e-01,-1.246254373512033775e-01,8.353154324258792174e-02,5.361900746795387196e-01,-7.980946167320503160e-02,5.478826936802132230e-02,-8.188871853875523410e-02,2.451560149151628051e-02
1.712500000000000133e+00,6.021719901331935576e-01,-1.241044514143190558e-01,8.318419731681764295e-02,5.356923123375786355e-01,-7.947472056463790457e-02,5.427898010409280133e-02,-8.108526981260137656e-02,2.429459475665557422e-02
1.718750000000000000e+00,6.013979597488848805e-01,-1.235856318815227867e-01,8.283829293786701409e-02,5.351966377684040932e-01,-7.914137341385733826e-02,5.377468580064469900e-02,-8.029031460600025150e-02,2.407565451733170020e-02
1.725000000000000089e+00,6.006271652400672068e-01,-1.230689697618063821e-01,8.249382413882175302e-02,5.347030422779036618e-01,-7.880941442492520044e-02,5.327533368268220354e-02,-7.950375409405967264e-02,2.385876043597831564e-02
1.737500000000000044e+00,5.990952300814323950e-01,-1.220420819835149745e-01,8.180916953566336192e-02,5.337220539370831629e-01,-7.814963786904409460e-02,5.229124796371687617e-02,-7.795542826534854197e-02,2.343103046605626849e-02
1.750000000000000000e+00,5.975760776793825890e-01,-1.210237168929423346e-01,8.113018626209456130e-02,5.327492784825116345e-01,-7.749534500883802079e-02,5.132631287667782649e-02,-7.643952710581537746e-02,2.301124638814078249e-02
1.762500000000000178e+00,5.960696019421711789e-01,-1.200138038917251820e-01,8.045682746157058196e-02,5.317846476528123034e-01,-7.684649033630921999e-02,5.038012779298992744e-02,-7.495530508240350054e-02,2.259925305605514981e-02
1.775000000000000133e+00,5.945756976568803420e-01,-1.190122729647943300e-01,7.978904666307339022e-02,5.308280937530992505e-01,-7.620302872047203524e-02,4.945230128316716739e-02,-7.350203578076459909e-02,2.219489856080769999e-02
1.787500000000000089e+00,5.930942604821604069e-01,-1.180190546755750802e-01,7.912679777796495506e-02,5.298795496502832769e-01,-7.556491540423622422e-02,4.854245088128415764e-02,-7.207901135538855031e-02,2.179803415720567641e-02
1.800000000000000044e+00,5.916251869410278363e-01,-1.170340801612271414e-01,7.847003509686580058e-02,5.289389487684184044e-01,-7.493210600131589016e-02,4.765020285621009155e-02,-7.068554199738140420e-02,2.140851419230014110e-02
1.812500000000000000e+00,5.901683744137233845e-01,-1.160572811279232536e-01,7.781871328655852460e-02,5.280062250840854565e-01,-7.430455649316401734e-02,4.677519198938849543e-02,-6.932095541926626414e-02,2.102619603561118808e-02
1.825000000000000178e+00,5.887237211306287632e-01,-1.150885898461663087e-01,7.717278738691610296e-02,5.270813131218148317e-01,-7.368222322593215301e-02,4.591706135895361196e-02,-6.798459635620601738e-02,2.065094001108446625e-02
1.837500000000000133e+00,5.872911261652417059e-01,-1.141279391461449688e-01,7.653221280785497960e-02,5.261641479495462459e-01,-7.306506290745523602e-02,4.507546212998204960e-02,-6.667582608307080771e-02,2.028260933073153249e-02
1.850000000000000089e+00,5.858704894272082075e-01,-1.131752624131268092e-01,7.589694532631241497e-02,5.252546651741265560e-01,-7.245303260426118330e-02,4.425005335068472184e-02,-6.539402194679393154e-02,1.992107002990781486e-02
1.862500000000000044e+00,5.844617116554133851e-01,-1.122304935828895150e-01,7.526694108324827326e-02,5.243528009368445542e-01,-7.184608973860526215e-02,4.344050175435181654e-02,-6.413857691348245904e-02,1.956619090418358978e-02
1.875000000000000000e+00,5.830646944111277374e-01,-1.112935671371890894e-01,7.464215658067072101e-02,5.234584919090030652e-01,-7.124419208552872085e-02,4.264648156686921820e-02,-6.290889912976829756e-02,1.921784344776457029e-02
1.887500000000000178e+00,5.816793400712111373e-01,-1.103644180992652685e-01,7.402254867868598986e-02,5.225716752875271265e-01,-7.064729776994185806e-02,4.186767431963164116e-02,-6.170441149790525243e-02,1.887590179342006277e-02
1.900000000000000133e+00,5.803055518213717789e-01,-1.094429820293836286e-01,7.340807459257168988e-02,5.216922887906085826e-01,-7.005536526373110084e-02,4.110376866768370580e-02,-6.052455126413656961e-02,1.854024265387790166e-02
1.912500000000000089e+00,5.789432336494810816e-01,-1.085291950204140682e-01,7.279869188987379836e-02,5.208202706533873183e-01,-6.946835338288973039e-02,4.035446021292572044e-02,-5.936876961987481993e-02,1.821074526464655854e-02
1.925000000000000044e+00,5.775922903389439922e-01,-1.076229936934454817e-01,7.219435848752683849e-02,5.199555596236674626e-01,-6.888622128467260242e-02,3.961945133222709303e-02,-5.823653131525404619e-02,1.788729132822612991e-02
1.937500000000000000e+00,5.762526274621229128e-01,-1.067243151934363365e-01,7.159503264899737263e-02,5.190980949576691206e-01,-6.830892846477402969e-02,3.889845101029514030e-02,-5.712731428462983901e-02,1.756976495967083399e-02
1.950000000000000178e+00,5.749241513738163611e-01,-1.058330971849006374e-01,7.100067298145033845e-02,5.182478164158156320e-01,-6.773643475452910401e-02,3.819117467715262004e-02,-5.604060928361930677e-02,1.725805263346696233e-02
1.962500000000000133e+00,5.736067692047921440e-01,-1.049492778476294463e-01,7.041123843293839446e-02,5.174046642585554689e-01,-6.716870031813806929e-02,3.749734405008228744e-02,-5.497591953728808711e-02,1.695204313169116489e-02
1.975000000000000089e+00,5.723003888553716001e-01,-1.040727958724471103e-01,6.982668828961367813e-02,5.165685792422183287e-01,-6.660568564991350970e-02,3.681668697990121003e-02,-5.393276039910580022e-02,1.665162749341500548e-02
1.987500000000000044e+00,5.710049189890693544e-01,-1.032035904570023782e-01,6.924698217296214320e-02,5.157395026149063089e-01,-6.604735157155032510e-02,3.614893730143297484e-02,-5.291065902030607504e-02,1.635669896532280718e-02
2.000000000000000000e+00,5.697202690262830327e-01,-1.023416013015938791e-01,6.867208003706021247e-02,5.149173761124179460e-01,-6.549365922941817464e-02,3.549383468804954977e-02,-5.190915402929991568e-02,1.606715295351065359e-02
2.012500000000000178e+00,5.684463491380368216e-01,-1.014867686050297674e-01,6.810194216585344074e-02,5.141021419542071147e-01,-6.494457009187626362e-02,3.485112451015946050e-02,-5.092779522080467802e-02,1.578288697643539726e-02
2.024999999999999911e+00,5.671830702397754331e-01,-1.006390330605213407e-01,6.753652917045722959e-02,5.132937428393747892e-01,-6.440004594661030701e-02,3.422055769752290616e-02,-4.996614325436319476e-02,1.550380061898351709e-02
2.037500000000000089e+00,5.659303439852098050e-01,-9.979833585160997889e-02,6.697580198647919147e-02,5.124921219426936680e-01,-6.386004889799132278e-02,3.360189060527810079e-02,-4.902376936193912627e-02,1.522979548763031023e-02
2.050000000000000266e+00,5.646880827602129838e-01,-9.896461864812783338e-02,6.641972187136324646e-02,5.116972229106662162e-01,-6.332454136445644921e-02,3.299488488356788068e-02,-4.810025506428696612e-02,1.496077516666114056e-02
2.062500000000000000e+00,5.634561996767666336e-01,-9.813782360219125422e-02,6.586825040175509072e-02,5.109089898576151256e-01,-6.279348607591117570e-02,3.239930735065807421e-02,-4.719519189580493462e-02,1.469664517542682187e-02
2.075000000000000178e+00,5.622346085669572835e-01,-9.731789334422705218e-02,6.532134947088887034e-02,5.101273673618058613e-01,-6.226684607115297310e-02,3.181492986944370327e-02,-4.630818113759042204e-02,1.443731292660635317e-02
2.087499999999999911e+00,5.610232239770227558e-01,-9.650477097903155388e-02,6.477898128599511585e-02,5.093523004616018479e-01,-6.174458469531643456e-02,3.124152922724235740e-02,-4.543883355842781580e-02,1.418268768545097140e-02
2.100000000000000089e+00,5.598219611614457802e-01,-9.569840008186152047e-02,6.424110836572941019e-02,5.085837346516508539e-01,-6.122666559733913605e-02,3.067888701877666616e-02,-4.458676916344731650e-02,1.393268052998392070e-02
2.112500000000000266e+00,5.586307360770986774e-01,-9.489872469455748472e-02,6.370769353762202603e-02,5.078216158791032386e-01,-6.071305272744870890e-02,3.012678953225223291e-02,-4.375161695020422792e-02,1.368720431213155293e-02
2.125000000000000000e+00,5.574494653774346720e-01,-9.410568932169857681e-02,6.317869993554808827e-02,5.070658905398615079e-01,-6.020371033467051408e-02,2.958502763843925965e-02,-4.293301467193573473e-02,1.344617361976160885e-02
2.137500000000000178e+00,5.562780664067271674e-01,-9.331923892678883892e-02,6.265409099721810926e-02,5.063165054748605121e-01,-5.969860296435576530e-02,2.905339668266981173e-02,-4.213060860776173672e-02,1.320950473960545886e-02
2.149999999999999911e+00,5.551164571943575377e-01,-9.253931892847501450e-02,6.213383046168900747e-02,5.055734079663795066e-01,-5.919769545573035086e-02,2.853169637966557898e-02,-4.134405333960470413e-02,1.297711562104182995e-02
2.162500000000000089e+00,5.539645564491486596e-01,-9.176587519679502147e-02,6.161788236689500625e-02,5.048365457343826357e-01,-5.870095293946352155e-02,2.801973071111294594e-02,-4.057301153561047868e-02,1.274892584071977107e-02
2.175000000000000266e+00,5.528222835537466295e-01,-9.099885404945741441e-02,6.110621104719880098e-02,5.041058669328923880e-01,-5.820834083525695118e-02,2.751730782590609478e-02,-3.981715373986127043e-02,1.252485656799980085e-02
2.187500000000000000e+00,5.516895585590468887e-01,-9.023820224815125302e-02,6.059878113096230784e-02,5.033813201463905873e-01,-5.771982484945348268e-02,2.702423994298019938e-02,-3.907615816817781862e-02,1.230483053119224915e-02
2.200000000000000178e+00,5.505663021786684208e-01,-8.948386699488602991e-02,6.009555753813711904e-02,5.026628543862508014e-01,-5.723537097266565010e-02,2.654034325666010039e-02,-3.834971050981592078e-02,1.208877198457268196e-02
2.212499999999999911e+00,5.494524357834719153e-01,-8.873579592836194907e-02,5.959650547787460895e-02,5.019504190871993954e-01,-5.675494547742391399e-02,2.606543784445205028e-02,-3.763750373486930006e-02,1.187660667615490946e-02
2.225000000000000089e+00,5.483478813961234488e-01,-8.799393712036962523e-02,5.910159044615519164e-02,5.012439641038063387e-01,-5.627851491584404120e-02,2.559934757720799467e-02,-3.693923790719642192e-02,1.166826181620226818e-02
2.237500000000000266e+00,5.472525616857039088e-01,-8.725823907221953724e-02,5.861077822343695176e-02,5.005434397070049890e-01,-5.580604611731400377e-02,2.514190003159485695e-02,-3.625462000269670526e-02,1.146366604645889659e-02
2.250000000000000000e+00,5.461663999623616039e-01,-8.652865071120059703e-02,5.812403487232325333e-02,4.998487965806399647e-01,-5.533750618619980022e-02,2.469292640480271264e-02,-3.558336373276618780e-02,1.126274941008275667e-02
2.262500000000000178e+00,5.450893201720096171e-01,-8.580512138706780645e-02,5.764132673524916678e-02,4.991599858180448823e-01,-5.487286249957019912e-02,2.425226143142822019e-02,-3.492518937276951896e-02,1.106544332226296924e-02
2.274999999999999911e+00,5.440212468910669008e-01,-8.508760086855877980e-02,5.716262043218688776e-02,4.984769589186472949e-01,-5.441208270494046068e-02,2.381974330247177765e-02,-3.427982359537076751e-02,1.087168054150446962e-02
2.287500000000000089e+00,5.429621053212426718e-01,-8.437603933993868821e-02,5.668788285836943996e-02,4.977996677846020512e-01,-5.395513471803436989e-02,2.339521358638825890e-02,-3.364699930857012466e-02,1.068139514156319671e-02
2.300000000000000266e+00,5.419118212843633264e-01,-8.367038739757369503e-02,5.621708118203316840e-02,4.971280647174528555e-01,-5.350198672056506038e-02,2.297851715213387533e-02,-3.302645549830008492e-02,1.049452248401595150e-02
2.312500000000000000e+00,5.408703212172432107e-01,-8.297059604653247988e-02,5.575018284217829467e-02,4.964621024148210826e-01,-5.305260715803392785e-02,2.256950209415264919e-02,-3.241793707543855207e-02,1.031099919144899332e-02
2.325000000000000178e+00,5.398375321665960236e-01,-8.227661669721537951e-02,5.528715554634770768e-02,4.958017339671219048e-01,-5.260696473754777197e-02,2.216801965924838913e-02,-3.182119472710181335e-02,1.013076312125023304e-02
2.337499999999999911e+00,5.388133817839898532e-01,-8.158840116201170056e-02,5.482796726842388557e-02,4.951469128543079523e-01,-5.216502842565408360e-02,2.177392417528953988e-02,-3.123598477208515758e-02,9.953753339990191462e-03
2.350000000000000089e+00,5.377977983208427348e-01,-8.090590165198384420e-02,5.437258624644353971e-02,4.944975929426397299e-01,-5.172676744619394973e-02,2.138707298169558249e-02,-3.066206902032251463e-02,9.779910098377137331e-03
2.362500000000000266e+00,5.367907106234598436e-01,-8.022907077357917249e-02,5.392098098043014015e-02,4.938537284814826789e-01,-5.129215127817295800e-02,2.100732636165593414e-02,-3.009921463624206511e-02,9.609174806772539240e-03
2.375000000000000000e+00,5.357920481281116531e-01,-7.955786152536856171e-02,5.347312023024395483e-02,4.932152741001310514e-01,-5.086114965364951085e-02,2.063454747603301470e-02,-2.954719400589777417e-02,9.441490011252958933e-03
2.387500000000000178e+00,5.348017408561523967e-01,-7.889222729481165652e-02,5.302897301344951242e-02,4.925821848046575413e-01,-5.043373255564054247e-02,2.026860229890319401e-02,-2.900578460776161507e-02,9.276799370205162168e-03
2.400000000000000355e+00,5.338197194091794939e-01,-7.823212185504903327e-02,5.258850860320056497e-02,4.919544159747895051e-01,-5.000987021604470090e-02,1.990935955469065252e-02,-2.847476888706493292e-02,9.115047631441544271e-03
2.412500000000000089e+00,5.328459149642319481e-01,-7.757749936172032845e-02,5.215169652614204399e-02,4.913319233608108294e-01,-4.958953311358253041e-02,1.955669065685023550e-02,-2.795393413358078505e-02,8.956180609823104558e-03
2.425000000000000266e+00,5.318802592690291542e-01,-7.692831434980858252e-02,5.171850656032912774e-02,4.907146630804894438e-01,-4.917269197175365425e-02,1.921046964805707760e-02,-2.744307236274312264e-02,8.800145165377805737e-03
2.437500000000000000e+00,5.309226846372488984e-01,-7.628452173051067375e-02,5.128890873316331589e-02,4.901025916160300921e-01,-4.875931775681097147e-02,1.887057314186203066e-02,-2.694198020000214411e-02,8.646889181902379928e-03
2.450000000000000178e+00,5.299731239438435493e-01,-7.564607678813313474e-02,5.086287331934510880e-02,4.894956658110527492e-01,-4.834938167575138918e-02,1.853688026577272885e-02,-2.645045876831790543e-02,8.496361546035800794e-03
2.462500000000000355e+00,5.290315106203956619e-01,-7.501293517701378144e-02,5.044037083884349987e-02,4.888938428675956294e-01,-4.794285517432329835e-02,1.820927260572208217e-02,-2.596831357869848131e-02,8.348512126793291785e-03
2.475000000000000089e+00,5.280977786505123284e-01,-7.438505291846836398e-02,5.002137205488191296e-02,4.882970803431431195e-01,-4.753970993505046705e-02,1.788763415188633979e-02,-2.549535442369102456e-02,8.203291755549678085e-03
2.487500000000000266e+00,5.271718625652556112e-01,-7.376238639776236394e-02,4.960584797194043938e-02,4.877053361476785809e-01,-4.713991787527210819e-02,1.757185124581652977e-02,-2.503139527373780468e-02,8.060652206461384195e-03
2.500000000000000000e+00,5.262536974386134991e-01,-7.314489236110782722e-02,4.919376983377451301e-02,4.871185685407609656e-01,-4.674345114519942723e-02,1.726181252884810211e-02,-2.457625417631208523e-02,7.920546177316700048e-03
2.512500000000000178e+00,5.253432188830052807e-01,-7.253252791268452460e-02,4.878510912144951722e-02,4.865367361286264125e-01,-4.635028212598788638e-02,1.695740889175427479e-02,-2.412975315775094803e-02,7.782927270803969774e-03
2.525000000000000355e+00,5.244403630448265519e-01,-7.192525051168598138e-02,4.837983755139154546e-02,4.859597978613129921e-01,-4.596038342782566427e-02,1.665853342561017525e-02,-2.369171812770577354e-02,7.647749976187958286e-03
2.537500000000000089e+00,5.235450666000291964e-01,-7.132301796938943228e-02,4.797792707345392010e-02,4.853877130298099862e-01,-4.557372788803775582e-02,1.636508137383528572e-02,-2.326197878613273790e-02,7.514969651384574567e-03
2.550000000000000266e+00,5.226572667497387803e-01,-7.072578844624997918e-02,4.757934986899945567e-02,4.848204412632302063e-01,-4.519028856920570547e-02,1.607695008538305090e-02,-2.284036853274881707e-02,7.384542505424624044e-03
2.562500000000000000e+00,5.217769012159079178e-01,-7.013352044901875748e-02,4.718407834899845943e-02,4.842579425260061243e-01,-4.481003875730302927e-02,1.579403896904733179e-02,-2.242672437888112991e-02,7.256425581297435042e-03
2.575000000000000178e+00,5.209039082370053864e-01,-6.954617282788447263e-02,4.679208515214202529e-02,4.837001771151089313e-01,-4.443295195984582613e-02,1.551624944885599162e-02,-2.202088686163929804e-02,7.130576739165332689e-03
2.587500000000000355e+00,5.200382265637407686e-01,-6.896370477363872320e-02,4.640334314297089868e-02,4.831471056572907985e-01,-4.405900190405887679e-02,1.524348492052334490e-02,-2.162269996034353256e-02,7.006954639940377733e-03
2.600000000000000089e+00,5.191797954548247329e-01,-6.838607581486451370e-02,4.601782541001946114e-02,4.825986891063500095e-01,-4.368816253505673763e-02,1.497565070893336521e-02,-2.123201101514254896e-02,6.885518729214776430e-03
2.612500000000000266e+00,5.183285546727640636e-01,-6.781324581514772132e-02,4.563550526397479323e-02,4.820548887404183525e-01,-4.332040801403987812e-02,1.471265402662683651e-02,-2.084867064775797196e-02,6.766229221536761498e-03
2.625000000000000000e+00,5.174844444796913301e-01,-6.724517497031175239e-02,4.525635623585094053e-02,4.815156661592714382e-01,-4.295571271650583389e-02,1.445440393326631601e-02,-2.047253268429397033e-02,6.649047085023907996e-03
2.637500000000000178e+00,5.166474056332288622e-01,-6.668182380567469481e-02,4.488035207517780678e-02,4.809809832816610009e-01,-4.259405123047495939e-02,1.420081129605325031e-02,-2.010345408005224585e-02,6.533934026305946059e-03
2.650000000000000355e+00,5.158173793823878084e-01,-6.612315317332918829e-02,4.450746674820504900e-02,4.804508023426696250e-01,-4.223539835473101578e-02,1.395178875107278699e-02,-1.974129484629518275e-02,6.420852475789549582e-03
2.662500000000000089e+00,5.149943074634995011e-01,-6.556912424944454088e-02,4.413767443612043317e-02,4.799250858910866779e-01,-4.187972909707616403e-02,1.370725066554209608e-02,-1.938591797890110158e-02,6.309765573237527056e-03
2.675000000000000266e+00,5.141781320961819057e-01,-6.501969853159102197e-02,4.377094953328276861e-02,4.794037967868068351e-01,-4.152701867260041868e-02,1.346711310093894748e-02,-1.903718938885758452e-02,6.200637153655211113e-03
2.687500000000000000e+00,5.133687959793381550e-01,-6.447483783608627672e-02,4.340726664546937230e-02,4.788868981982494222e-01,-4.117724250196543034e-02,1.323129377698798771e-02,-1.869497783454081991e-02,6.093431733476980389e-03
2.700000000000000178e+00,5.125662422871892776e-01,-6.393450429536338964e-02,4.304660058813759849e-02,4.783743535997995733e-01,-4.083037620970236120e-02,1.299971203648251673e-02,-1.835915485572980552e-02,5.988114497045934036e-03
2.712500000000000355e+00,5.117704146653383468e-01,-6.339866035536073641e-02,4.268892638470080797e-02,4.778661267692704828e-01,-4.048639562252394353e-02,1.277228881092060467e-02,-1.802959470930676558e-02,5.884651283380086181e-03
2.725000000000000089e+00,5.109812572268688236e-01,-6.286726877293324911e-02,4.233421926481820835e-02,4.773621817853864191e-01,-4.014527676765040215e-02,1.254894658693459820e-02,-1.770617430659584407e-02,5.783008573218423320e-03
2.737500000000000266e+00,5.101987145484732089e-01,-6.234029261328482424e-02,4.198245466269867610e-02,4.768624830252868874e-01,-3.980699587114916449e-02,1.232960937349388865e-02,-1.738877315229406251e-02,5.683153476340478162e-03
2.750000000000000000e+00,5.094227316666153360e-01,-6.181769524742221356e-02,4.163360821541858825e-02,4.763669951620514431e-01,-3.947152935628846226e-02,1.211420266986140172e-02,-1.707727328495001889e-02,5.585053719153202680e-03
2.762500000000000178e+00,5.086532540737229713e-01,-6.129944034962936383e-02,4.128765576125312253e-02,4.758756831622447114e-01,-3.913885384190431138e-02,1.190265343428454671e-02,-1.677155921894668902e-02,5.488677632538961279e-03
2.775000000000000355e+00,5.078902277144132782e-01,-6.078549189496300353e-02,4.094457333802142135e-02,4.753885122834820010e-01,-3.880894614078119614e-02,1.169489005340230287e-02,-1.647151788794668642e-02,5.393994139958843172e-03
2.787500000000000089e+00,5.071335989817482570e-01,-6.027581415676851184e-02,4.060433718144511317e-02,4.749054480720150129e-01,-3.848178325804599287e-02,1.149084231235025268e-02,-1.617703858975908307e-02,5.300972745805382011e-03
2.800000000000000266e+00,5.063833147135214929e-01,-5.977037170421629214e-02,4.026692372352027455e-02,4.744264563603375895e-01,-3.815734238957517455e-02,1.129044136554608474e-02,-1.588801293258832251e-02,5.209583523999109997e-03
2.812500000000000000e+00,5.056393221885758793e-01,-5.926912939985857359e-02,3.993230959090276339e-02,4.739515032648110582e-01,-3.783560092041531042e-02,1.109361970813862834e-02,-1.560433478262725215e-02,5.119797106823449108e-03
2.825000000000000178e+00,5.049015691231514280e-01,-5.877205239720604407e-02,3.960047160330658345e-02,4.734805551833096704e-01,-3.751653642321643028e-02,1.090031114810366582e-02,-1.532590021295676674e-02,5.031584673992497633e-03
2.837500000000000355e+00,5.041700036672630558e-01,-5.827910613832467529e-02,3.927138677191552296e-02,4.730135787928849145e-01,-3.720012665667848245e-02,1.071045077897061354e-02,-1.505260745371655474e-02,4.944917941946574622e-03
2.850000000000000089e+00,5.034445744011091239e-01,-5.779025635145217804e-02,3.894503229780761633e-02,4.725505410474499790e-01,-3.688634956401057319e-02,1.052397495316424736e-02,-1.478435684351172424e-02,4.859769153370324148e-03
2.862500000000000266e+00,5.027252303315087323e-01,-5.730546904863403207e-02,3.862138557039253295e-02,4.720914091754825903e-01,-3.657518327140288350e-02,1.034082125594629371e-02,-1.452105078202166159e-02,4.776111066928427629e-03
2.875000000000000000e+00,5.020119208883686568e-01,-5.682471052337917383e-02,3.830042416586178916e-02,4.716361506777473345e-01,-3.626660608651138817e-02,1.016092847994213601e-02,-1.426259368377836428e-02,4.693916947214097322e-03
2.887500000000000178e+00,5.013045959211797076e-01,-5.634794734833471763e-02,3.798212584565149874e-02,4.711847333250369085e-01,-3.596059649695484972e-02,9.984236600238047266e-03,-1.400889193308223375e-02,4.613160554905525006e-03
2.900000000000000355e+00,5.006032056955425080e-01,-5.587514637298002240e-02,3.766646855491786322e-02,4.707371251559315795e-01,-3.565713316882448969e-02,9.810686750035123305e-03,-1.375985384002472063e-02,4.533816137125736521e-03
2.912500000000000089e+00,4.999077008897204188e-01,-5.540627472133964615e-02,3.735343042102495098e-02,4.702932944745779609e-01,-3.535619494520579609e-02,9.640221196846121901e-03,-1.351538959758764868e-02,4.455858418001275995e-03
2.925000000000000266e+00,4.992180325912224936e-01,-5.494129978971504930e-02,3.704298975204493166e-02,4.698532098484853314e-01,-3.505776084471259879e-02,9.472783319221956405e-03,-1.327541123979026488e-02,4.379262589415329997e-03
2.937500000000000000e+00,4.985341522934142455e-01,-5.448018924443519262e-02,3.673512503527060630e-02,4.694168401063408824e-01,-3.476181006003335044e-02,9.308317583995041541e-03,-1.303983260085589749e-02,4.304004301951008631e-03
2.950000000000000178e+00,4.978560118921557809e-01,-5.402291101962537062e-02,3.642981493573996948e-02,4.689841543358428400e-01,-3.446832195648924513e-02,9.146769524026711687e-03,-1.280856927537065738e-02,4.230059656020530856e-03
2.962500000000000355e+00,4.971835636824685767e-01,-5.356943331499468275e-02,3.612703829477301870e-02,4.685551218815512398e-01,-3.417727607060444539e-02,8.988085716446696932e-03,-1.258153857940786866e-02,4.157405193176284298e-03
2.975000000000000089e+00,4.965167603552292919e-01,-5.311972459364151106e-02,3.582677412852039445e-02,4.681297123427570761e-01,-3.388865210868800826e-02,8.832213761372579783e-03,-1.235865951259226478e-02,4.086017887599689875e-03
2.987500000000000266e+00,4.958555549938908902e-01,-5.267375357987712919e-02,3.552900162652389976e-02,4.677078955713686037e-01,-3.360242994542754491e-02,8.679102261097701790e-03,-1.213985272107901553e-02,4.015875137764000208e-03
3.000000000000000000e+00,4.951999010712312965e-01,-5.223148925706735252e-02,3.523370015028889912e-02,4.672896416698154587e-01,-3.331858962249460016e-02,8.528700799736313801e-03,-1.192504046142336092e-02,3.946954758267235373e-03
3.012500000000000178e+00,4.945497524461283101e-01,-5.179290086549171584e-02,3.494084923186827063e-02,4.668749209889697660e-01,-3.303711134716137698e-02,8.380959923314805146e-03,-1.171414656531710903e-02,3.879234971831479507e-03
3.025000000000000355e+00,4.939050633603616070e-01,-5.135795790022054663e-02,3.465042857245807795e-02,4.664637041260850658e-01,-3.275797549092913236e-02,8.235831120298530567e-03,-1.150709640516931094e-02,3.812694401464964723e-03
3.037500000000000089e+00,4.932657884354410549e-01,-5.092663010900932985e-02,3.436241804100461511e-02,4.660559619227517825e-01,-3.248116258816772378e-02,8.093266802543656532e-03,-1.130381686050871762e-02,3.747312062783348437e-03
3.050000000000000266e+00,4.926318826694611186e-01,-5.049888749021044787e-02,3.407679767282287969e-02,4.656516654628696794e-01,-3.220665333476644548e-02,7.953220286663958624e-03,-1.110423628518649418e-02,3.683067356486733300e-03
3.062500000000000000e+00,4.920033014339815214e-01,-5.007470029070223289e-02,3.379354766822645351e-02,4.652507860706375786e-01,-3.193442858679613333e-02,7.815645775802732356e-03,-1.090828447535832982e-02,3.619940060989072176e-03
3.075000000000000178e+00,4.913800004709333313e-01,-4.965403900383488778e-02,3.351264839116845778e-02,4.648532953085590114e-01,-3.166446935918213607e-02,7.680498341800102990e-03,-1.071589263822536782e-02,3.557910325196597581e-03
3.087500000000000355e+00,4.907619358895509709e-01,-4.923687436739352524e-02,3.323408036789374242e-02,4.644591649754650220e-01,-3.139675682438844428e-02,7.547733907746494338e-03,-1.052699336151442788e-02,3.496958661432120977e-03
3.100000000000000089e+00,4.901490641633293177e-01,-4.882317736157783250e-02,3.295782428560204563e-02,4.640683671045531811e-01,-3.113127231111259899e-02,7.417309230913038225e-03,-1.034152058367812654e-02,3.437065938501985760e-03
3.112500000000000266e+00,4.895413421270061183e-01,-4.841291920699841017e-02,3.268386099112213089e-02,4.636808739614424191e-01,-3.086799730299136929e-02,7.289181886050071467e-03,-1.015940956479630640e-02,3.378213374902632078e-03
3.125000000000000000e+00,4.889387269735692709e-01,-4.800607136268972980e-02,3.241217148959679023e-02,4.632966580422446801e-01,-3.060691343731725134e-02,7.163310249045127392e-03,-9.980596858160708726e-03,3.320382532163776781e-03
3.137500000000000178e+00,4.883411762512889220e-01,-4.760260552413924512e-02,3.214273694317859587e-02,4.629156920716518964e-01,-3.034800250376541719e-02,7.039653480931872334e-03,-9.805020282525117245e-03,3.263555308325230813e-03
3.150000000000000355e+00,4.877486478607738762e-01,-4.720249362133299709e-02,3.187553866973634464e-02,4.625379490010393946e-01,-3.009124644313136351e-02,6.918171512241908482e-03,-9.632618895004062959e-03,3.207713931544541649e-03
3.162500000000000089e+00,4.871611000520527646e-01,-4.680570781681710896e-02,3.161055814157211902e-02,4.621634020065845116e-01,-2.983662734607885753e-02,6.798825027691337598e-03,-9.463332964603259762e-03,3.152840953832611922e-03
3.175000000000000266e+00,4.865784914216786938e-01,-4.641222050377531716e-02,3.134777698414879799e-02,4.617920244874010316e-01,-2.958412745189829482e-02,6.681575451194330523e-03,-9.297103946365735047e-03,3.098919244914578094e-03
3.187500000000000000e+00,4.860007809098586540e-01,-4.602200430412244775e-02,3.108717697482810127e-02,4.614237900636892764e-01,-2.933372914727535793e-02,6.566384931196139058e-03,-9.133874456117935248e-03,3.045931986213297211e-03
3.200000000000000178e+00,4.854279277976057405e-01,-4.563503206661342210e-02,3.082874004161884063e-02,4.610586725749009074e-01,-2.908541496506977797e-02,6.453216326318057111e-03,-8.973588245800448795e-03,2.993862664952775480e-03
3.212500000000000355e+00,4.848598917039159129e-01,-4.525127686496800000e-02,3.057244826193555864e-02,4.606966460779198247e-01,-2.883916758310427209e-02,6.342033191307229999e-03,-8.816190179368642993e-03,2.942695068379055402e-03
3.225000000000000089e+00,4.842966325829671237e-01,-4.487071199601089938e-02,3.031828386136725673e-02,4.603376848452571113e-01,-2.859496982296347301e-02,6.232799763284178722e-03,-8.661626209248648317e-03,2.892413278096007088e-03
3.237500000000000266e+00,4.837381107213422071e-01,-4.449331097782721622e-02,3.006622921245622956e-02,4.599817633632620195e-01,-2.835280464880272563e-02,6.125480948281224365e-03,-8.509843353334737778e-03,2.843001664513622028e-03
3.250000000000000000e+00,4.831842867352746929e-01,-4.411904754793316563e-02,2.981626683348695753e-02,4.596288563303467245e-01,-2.811265516616688609e-02,6.020042308065176422e-03,-8.360789672514490692e-03,2.794444881406434045e-03
3.262500000000000178e+00,4.826351215679170470e-01,-4.374789566146173453e-02,2.956837938728484536e-02,4.592789386552266206e-01,-2.787450462081869640e-02,5.916450047237667952e-03,-8.214414248708362676e-03,2.746727860579703008e-03
3.275000000000000355e+00,4.820905764866320609e-01,-4.337982948936346117e-02,2.932254968002490775e-02,4.589319854551747180e-01,-2.763833639757703672e-02,5.814671000606901237e-03,-8.070667163410911657e-03,2.699835806641140423e-03
3.287500000000000089e+00,4.815506130803058338e-01,-4.301482341662190428e-02,2.907876066005015553e-02,4.585879720542908045e-01,-2.740413401916466304e-02,5.714672620824529439e-03,-7.929499476721023343e-03,2.653754191875909614e-03
3.300000000000000266e+00,4.810151932566838484e-01,-4.265285204048388512e-02,2.883699541669964769e-02,4.582468739817845416e-01,-2.717188114506549970e-02,5.616422966281657374e-03,-7.790863206848974015e-03,2.608468751222750310e-03
3.312500000000000000e+00,4.804842792397285289e-01,-4.229389016870434281e-02,2.859723717914627525e-02,4.579086669702732704e-01,-2.694156157039143823e-02,5.519890689258130992e-03,-7.654711310088523242e-03,2.563965477349116479e-03
3.325000000000000178e+00,4.799578335669985596e-01,-4.193791281780556018e-02,2.835946931524391604e-02,4.575733269540935844e-01,-2.671315922475842042e-02,5.425045024319271290e-03,-7.520997661242374843e-03,2.520230615823219281e-03
3.337500000000000355e+00,4.794358190870504632e-01,-4.158489521135090572e-02,2.812367533038419298e-02,4.572408300676270576e-01,-2.648665817117191318e-02,5.331855776954568318e-03,-7.389677034489924683e-03,2.477250660380986725e-03
3.350000000000000089e+00,4.789181989568612186e-01,-4.123481277823261987e-02,2.788983886636251658e-02,4.569111526436397952e-01,-2.626204260492154274e-02,5.240293312452785901e-03,-7.260705084686251178e-03,2.435012348285928163e-03
3.362500000000000266e+00,4.784049366392719715e-01,-4.088764115097383300e-02,2.765794370025343243e-02,4.565842712116357505e-01,-2.603929685248485004e-02,5.150328545008195716e-03,-7.134038329081770179e-03,2.393502655779975938e-03
3.375000000000000000e+00,4.778959959004536184e-01,-4.054335616404459303e-02,2.742797374329528429e-02,4.562601624962234759e-01,-2.581840537044021583e-02,5.061932927052760836e-03,-7.009634129452265577e-03,2.352708793623424152e-03
3.387500000000000178e+00,4.773913408073925391e-01,-4.020193385219166665e-02,2.719991303978390451e-02,4.559388034154969738e-01,-2.559935274438865371e-02,4.975078438809145236e-03,-6.887450674629118016e-03,2.312618202722082402e-03
3.400000000000000355e+00,4.768909357253978132e-01,-3.986335044878227402e-02,2.697374576597548479e-02,4.556201710794293147e-01,-2.538212368788462028e-02,4.889737578059688561e-03,-6.767446963420081438e-03,2.273218549839868107e-03
3.412500000000000089e+00,4.763947453156286427e-01,-3.952758238416135411e-02,2.674945622899839795e-02,4.553042427882800780e-01,-2.516670304137564110e-02,4.805883350126443840e-03,-6.649582787910952864e-03,2.234497723395041571e-03
3.425000000000000266e+00,4.759027345326420910e-01,-3.919460628402236108e-02,2.652702886577394670e-02,4.549909960310153934e-01,-2.495307577115064152e-02,4.723489258057621265e-03,-6.533818717138935306e-03,2.196443829338357284e-03
3.437500000000000000e+00,4.754148686219618059e-01,-3.886439896779168152e-02,2.630644824194601494e-02,4.546804084837420823e-01,-2.474122696829712809e-02,4.642529293015864450e-03,-6.420116081128677578e-03,2.159045187111462670e-03
3.450000000000000178e+00,4.749311131176659484e-01,-3.853693744702610391e-02,2.608769905081943785e-02,4.543724580081533460e-01,-2.453114184766681805e-02,4.562977924863807246e-03,-6.308436955282127438e-03,2.122290325683847279e-03
3.462500000000000355e+00,4.744514338399957731e-01,-3.821219892382376332e-02,2.587076611230717041e-02,4.540671226499889412e-01,-2.432280574684999100e-02,4.484810092942642830e-03,-6.198744145113753434e-03,2.086167979666767296e-03
3.475000000000000089e+00,4.739757968929835807e-01,-3.789016078924800635e-02,2.565563437188601859e-02,4.537643806375067368e-01,-2.411620412515821238e-02,4.408001197039350047e-03,-6.091001171322710760e-03,2.050667085502534247e-03
3.487500000000000266e+00,4.735041686621005996e-01,-3.757080062176432200e-02,2.544228889956097819e-02,4.534642103799676471e-01,-2.391132256261550848e-02,4.332527088538462232e-03,-5.985172255193891601e-03,2.015776777727622260e-03
3.500000000000000000e+00,4.730365158119239632e-01,-3.725409618569023446e-02,2.523071488883811206e-02,4.531665904661332789e-01,-2.370814675895793755e-02,4.258364061754329674e-03,-5.881222304319997339e-03,1.981486385308105051e-03
3.512500000000000178e+00,4.725728052838232274e-01,-3.694002542965783148e-02,2.502089765570577121e-02,4.528714996627752343e-01,-2.350666253264132796e-02,4.185488845439852036e-03,-5.779116898636852372e-03,1.947785428045904332e-03
3.525000000000000355e+00,4.721130042936662052e-01,-3.662856648508911600e-02,2.481282263762429885e-02,4.525789169131977929e-01,-2.330685581985736735e-02,4.113878594467892079e-03,-5.678822276764594786e-03,1.914663613054436685e-03
3.537500000000000089e+00,4.716570803295432324e-01,-3.631969766468388233e-02,2.460647539252392574e-02,4.522888213357719178e-01,-2.310871267355771308e-02,4.043510881681521354e-03,-5.580305322647353093e-03,1.882110831302218242e-03
3.550000000000000266e+00,4.712050011495107493e-01,-3.601339746091997834e-02,2.440184159781094708e-02,4.520011922224819734e-01,-2.291221926248623170e-02,3.974363689909442797e-03,-5.483533552484354777e-03,1.850117154223050210e-03
3.562500000000000000e+00,4.707567347793533696e-01,-3.570964454456616172e-02,2.419890704938208389e-02,4.517160090374844894e-01,-2.271736187021925618e-02,3.906415404143017550e-03,-5.388475101945584128e-03,1.818672830391440199e-03
3.575000000000000178e+00,4.703122495103645440e-01,-3.540841776320693968e-02,2.399765766064685529e-02,4.514332514156783605e-01,-2.252412689421375014e-02,3.839644803871308191e-03,-5.295098713665165845e-03,1.787768282261907983e-03
3.587500000000000355e+00,4.698715138971453209e-01,-3.510969613977985015e-02,2.379807946155810747e-02,4.511528991612875350e-01,-2.233250084486338230e-02,3.774031055570800305e-03,-5.203373725006019482e-03,1.757394102970911759e-03
3.600000000000000089e+00,4.694344967554217596e-01,-3.481345887112463622e-02,2.360015859765039054e-02,4.508749322464550291e-01,-2.214247034456240729e-02,3.709553705346368101e-03,-5.113270056089312503e-03,1.727541053200096427e-03
3.612500000000000266e+00,4.690011671598799392e-01,-3.451968532654439703e-02,2.340388132908627697e-02,4.505993308098487637e-01,-2.195402212677724160e-02,3.646192671720257465e-03,-5.024758198082505088e-03,1.698200058099635749e-03
3.625000000000000000e+00,4.685714944420192318e-01,-3.422835504637877085e-02,2.320923402971056954e-02,4.503260751552790042e-01,-2.176714303512582854e-02,3.583928238565904992e-03,-4.937809201739975888e-03,1.669362204270463147e-03
3.637500000000000178e+00,4.681454481880231167e-01,-3.393944774058864355e-02,2.301620318611217672e-02,4.500551457503269570e-01,-2.158182002246449016e-02,3.522741048183417566e-03,-4.852394666190210960e-03,1.641018736804177513e-03
3.650000000000000355e+00,4.677229982366478134e-01,-3.365294328735279200e-02,2.282477539669379094e-02,4.497865232249853018e-01,-2.139804014998247794e-02,3.462612094513732239e-03,-4.768486727963911105e-03,1.613161056379490595e-03
3.662500000000000089e+00,4.673041146771281795e-01,-3.336882173167592114e-02,2.263493737074917175e-02,4.495201883703092149e-01,-2.121579058630389605e-02,3.403522716488429321e-03,-4.686058050257313826e-03,1.585780716414054124e-03
3.675000000000000266e+00,4.668887678471010383e-01,-3.308706328400823349e-02,2.244667592754798213e-02,4.492561221370794944e-01,-2.103505860659711860e-02,3.345454591512311664e-03,-4.605081812425302831e-03,1.558869420270564280e-03
3.687500000000000000e+00,4.664769283305456593e-01,-3.280764831887649641e-02,2.225997799542822966e-02,4.489943056344758432e-01,-2.085583159169157944e-02,3.288389729075932508e-03,-4.525531699698989892e-03,1.532419018516059921e-03
3.700000000000000178e+00,4.660685669557413924e-01,-3.253055737352620463e-02,2.207483061089606305e-02,4.487347201287618104e-01,-2.067809702720184092e-02,3.232310464495245610e-03,-4.447381893122503288e-03,1.506421506233329537e-03
3.712500000000000355e+00,4.656636547932419545e-01,-3.225577114657518507e-02,2.189122091773306952e-02,4.484773470419805563e-01,-2.050184250265895888e-02,3.177199452775735650e-03,-4.370607059704018950e-03,1.480869020383407094e-03
3.725000000000000089e+00,4.652621631538668145e-01,-3.198327049667811645e-02,2.170913616611084423e-02,4.482221679506608880e-01,-2.032705571064899117e-02,3.123039662598322760e-03,-4.295182342775994908e-03,1.455753837218115750e-03
3.737500000000000266e+00,4.648640635867088977e-01,-3.171303644120215121e-02,2.152856371171282812e-02,4.479691645845347847e-01,-2.015372444595863594e-02,3.069814370424487661e-03,-4.221083352559860252e-03,1.431068369741666721e-03
3.750000000000000000e+00,4.644693278771589440e-01,-3.144505015491352862e-02,2.134949101486346285e-02,4.477183188252649715e-01,-1.998183660472802742e-02,3.017507154718096843e-03,-4.148286156930462709e-03,1.406805165220345990e-03
3.762500000000000178e+00,4.640779280449460753e-01,-3.117929296867488764e-02,2.117190563966436095e-02,4.474696127051833727e-01,-1.981138018361040115e-02,2.966101890281427639e-03,-4.076767272375649183e-03,1.382956902739307858e-03
3.775000000000000355e+00,4.636898363421949054e-01,-3.091574636815349469e-02,2.099579525313772371e-02,4.472230284060400018e-01,-1.964234327893886120e-02,2.915582742703021375e-03,-4.006503655146593894e-03,1.359516390805565059e-03
3.787500000000000089e+00,4.633050252514982481e-01,-3.065439199253999769e-02,2.082114762437669436e-02,4.469785482577617874e-01,-1.947471408589994055e-02,2.865934162914978052e-03,-3.937472692594456633e-03,1.336476564996236498e-03
3.800000000000000266e+00,4.629234674840061459e-01,-3.039521163327781050e-02,2.064795062370274395e-02,4.467361547372225017e-01,-1.930848089771404139e-02,2.817140881857392760e-03,-3.869652194689157058e-03,1.313830485651162287e-03
3.812500000000000000e+00,4.625451359775306637e-01,-3.013818723280304451e-02,2.047619222182999951e-02,4.464958304670219591e-01,-1.914363210482269290e-02,2.769187905247714240e-03,-3.803020385716155902e-03,1.291571335609016744e-03
3.825000000000000178e+00,4.621700038946661704e-01,-2.988330088329470974e-02,2.030586048903639668e-02,4.462575582142762065e-01,-1.898015619408245300e-02,2.722060508452773479e-03,-3.737555896147140046e-03,1.269692417986037925e-03
3.837500000000000355e+00,4.617980446209253298e-01,-2.963053482543538328e-02,2.013694359434172257e-02,4.460213208894170944e-01,-1.881804174796558246e-02,2.675744231461388116e-03,-3.673237754680758627e-03,1.248187153996553351e-03
3.850000000000000089e+00,4.614292317628905793e-01,-2.937987144718200855e-02,1.996942980469234782e-02,4.457871015450020624e-01,-1.865727744376727629e-02,2.630224873955398519e-03,-3.610045380449502725e-03,1.227049080814460614e-03
3.862500000000000266e+00,4.610635391463808186e-01,-2.913129328254684264e-02,1.980330748415267891e-02,4.455548833745339166e-01,-1.849785205281944539e-02,2.585488490477098975e-03,-3.547958575389019778e-03,1.206271849474861192e-03
3.875000000000000000e+00,4.607009408146331975e-01,-2.888478301038856569e-02,1.963856509310333079e-02,4.453246497112899882e-01,-1.833975443971107289e-02,2.541521385691072540e-03,-3.486957516766221992e-03,1.185849222815064030e-03
3.887500000000000178e+00,4.603414110265001136e-01,-2.864032345321324002e-02,1.947519118744578046e-02,4.450963840271615624e-01,-1.818297356151496111e-02,2.498310109738425926e-03,-3.427022749862580937e-03,1.165775073454167849e-03
3.900000000000000355e+00,4.599849242546609762e-01,-2.839789757598528558e-02,1.931317441781367841e-02,4.448700699315024654e-01,-1.802749846702091790e-02,2.455841453681557873e-03,-3.368135180809190502e-03,1.146043381810484723e-03
3.912500000000000089e+00,4.596314551838490137e-01,-2.815748848494820447e-02,1.915250352879056470e-02,4.446456911699873671e-01,-1.787331829597529204e-02,2.414102445037538073e-03,-3.310276069570156510e-03,1.126648234156045090e-03
3.925000000000000266e+00,4.592809787090924578e-01,-2.791907942645503737e-02,1.899316735813405196e-02,4.444232316234794644e-01,-1.772042227832675704e-02,2.373080343398287738e-03,-3.253427023071027869e-03,1.107583820707464754e-03
3.937500000000000000e+00,4.589334699339704948e-01,-2.768265378580856209e-02,1.883515483600642013e-02,4.442026753069079348e-01,-1.756879973347843030e-02,2.332762636135779413e-03,-3.197569988469056539e-03,1.088844433752469542e-03
3.950000000000000178e+00,4.585889041688836487e-01,-2.744819508611093944e-02,1.867845498421148373e-02,4.439840063681539939e-01,-1.741844006954608101e-02,2.293137034190466644e-03,-3.142687246562090534e-03,1.070424465811362514e-03
3.962500000000000355e+00,4.582472569293383202e-01,-2.721568698712299381e-02,1.852305691543780150e-02,4.437672090869468899e-01,-1.726933278262257274e-02,2.254191467941271676e-03,-3.088761405333079798e-03,1.052318407832772114e-03
3.975000000000000089e+00,4.579085039342455921e-01,-2.698511328413282992e-02,1.836894983250806843e-02,4.435522678737686131e-01,-1.712146745604835318e-02,2.215914083155422036e-03,-3.035775393627150077e-03,1.034520847422996069e-03
3.987500000000000266e+00,4.575726211042344116e-01,-2.675645790683378253e-02,1.821612302763468694e-02,4.433391672687679863e-01,-1.697483375968794617e-02,2.178293237016513603e-03,-2.983712454958334804e-03,1.017026467108294837e-03
4.000000000000000000e+00,4.572395845599782072e-01,-2.652970491821172658e-02,1.806456588168152064e-02,4.431278919406833605e-01,-1.682942144921253935e-02,2.141317494229200754e-03,-2.932556141443124365e-03,9.998300426294951491e-04
4.012500000000000178e+00,4.569093706205358263e-01,-2.630483851344145307e-02,1.791426786343163283e-02,4.429184266857746355e-01,-1.668522036538840070e-02,2.104975623198926740e-03,-2.882290307857998234e-03,9.829264412682659196e-04
4.025000000000000355e+00,4.565819558017059077e-01,-2.608184301879228062e-02,1.776521852886115554e-02,4.427107564267639961e-01,-1.654222043337127968e-02,2.069256592285186828e-03,-2.832899105818269779e-03,9.663106202044659731e-04
4.037500000000000533e+00,4.562573168143950753e-01,-2.586070289054260771e-02,1.761740752041903932e-02,4.425048662117853637e-01,-1.640041166200658512e-02,2.034149566126804143e-03,-2.784366978075540622e-03,9.499776249039461502e-04
4.049999999999999822e+00,4.559354305629995108e-01,-2.564140271390351333e-02,1.747082456631281894e-02,4.423007412133427296e-01,-1.625978414313539872e-02,1.999643902037762794e-03,-2.736678652931199326e-03,9.339225875362286607e-04
4.062500000000000000e+00,4.556162741437999597e-01,-2.542392720195113184e-02,1.732545947980015238e-02,4.420983667272768147e-01,-1.612032805090620260e-02,1.965729146472148907e-03,-2.689819138763404390e-03,9.181407254214718223e-04
4.075000000000000178e+00,4.552998248433701711e-01,-2.520826119456803099e-02,1.718130215848633763e-02,4.418977281717407224e-01,-1.598203364109236635e-02,1.932395031556833915e-03,-2.643773718665122507e-03,9.026273395061749395e-04
4.087500000000000355e+00,4.549860601369982160e-01,-2.499438965739314220e-02,1.703834258362748114e-02,4.416988110861836958e-01,-1.584489125041521965e-02,1.899631471690473505e-03,-2.598527945190744898e-03,8.873778128670439238e-04
4.100000000000000533e+00,4.546749576871211285e-01,-2.478229768078049275e-02,1.689657081943947078e-02,4.415016011303435906e-01,-1.570889129587276986e-02,1.867428560207522702e-03,-2.554067635208977140e-03,8.723876092424921432e-04
4.112499999999999822e+00,4.543664953417725361e-01,-2.457197047876649026e-02,1.675597701241263171e-02,4.413060840832475074e-01,-1.557402427407398975e-02,1.835776566105935034e-03,-2.510378864859671034e-03,8.576522715912385198e-04
4.125000000000000000e+00,4.540606511330427253e-01,-2.436339338804570723e-02,1.661655139063198186e-02,4.411122458422207515e-01,-1.544028076057854353e-02,1.804665930837253199e-03,-2.467447964612347680e-03,8.431674206774761706e-04
4.137500000000000178e+00,4.537574032755521958e-01,-2.415655186695523510e-02,1.647828426310318090e-02,4.409200724219041745e-01,-1.530765140924211787e-02,1.774087265157867381e-03,-2.425261514424251631e-03,8.289287536821163260e-04
4.150000000000000355e+00,4.534567301649370941e-01,-2.395143149446731651e-02,1.634116601908392613e-02,4.407295499532794536e-01,-1.517612695156704897e-02,1.744031346040162940e-03,-2.383806338995736896e-03,8.149320428395866785e-04
4.162500000000000533e+00,4.531586103763477480e-01,-2.374801796919034924e-02,1.620518712742092041e-02,4.405406646827025874e-01,-1.504569819605838799e-02,1.714489113642390017e-03,-2.343069503120930042e-03,8.011731340997085187e-04
4.174999999999999822e+00,4.528630226629591915e-01,-2.354629710837816484e-02,1.607033813589227658e-02,4.403534029709451625e-01,-1.491635602758530944e-02,1.685451668336066964e-03,-2.303038307131612984e-03,7.876479458141676972e-04
4.187500000000000000e+00,4.525699459544944570e-01,-2.334625484694739794e-02,1.593660967055531702e-02,4.401677512922441693e-01,-1.478809140674774633e-02,1.656910267789748646e-03,-2.263700282432310612e-03,7.743524674471037724e-04
4.200000000000000178e+00,4.522793593557598024e-01,-2.314787723650313725e-02,1.580399243509982010e-02,4.399836962333588120e-01,-1.466089536924837337e-02,1.628856324108071251e-03,-2.225043187124673295e-03,7.612827583093701106e-04
4.212500000000000355e+00,4.519912421451921514e-01,-2.295115044437247634e-02,1.567247721020651255e-02,4.398012244926360892e-01,-1.453475902526970773e-02,1.601281401024920491e-03,-2.187055001719193179e-03,7.484349463159947194e-04
4.225000000000000533e+00,4.517055737734185783e-01,-2.275606075264612407e-02,1.554205485291088040e-02,4.396203228790832584e-01,-1.440967355885640344e-02,1.574177211149679293e-03,-2.149723924932428910e-03,7.358052267664110619e-04
4.237499999999999822e+00,4.514223338618276737e-01,-2.256259455722793225e-02,1.541271629597223448e-02,4.394409783114487378e-01,-1.428563022730267376e-02,1.547535613265484241e-03,-2.113038369567908636e-03,7.233898611470238700e-04
4.250000000000000000e+00,4.511415022011527887e-01,-2.237073836689219830e-02,1.528445254724792104e-02,4.392631778173098911e-01,-1.416262036054473893e-02,1.521348609678447109e-03,-2.076986958478915443e-03,7.111851759556758398e-04
4.262500000000000178e+00,4.508630587500671583e-01,-2.218047880234893035e-02,1.515725468907277995e-02,4.390869085321693066e-01,-1.404063536055839660e-02,1.495608343616859626e-03,-2.041558520611461668e-03,6.991875615476150340e-04
4.275000000000000355e+00,4.505869836337901835e-01,-2.199180259531664794e-02,1.503111387764362664e-02,4.389121576985574591e-01,-1.391966670076149985e-02,1.470307096679348245e-03,-2.006742087125699611e-03,6.873934710025352696e-04
4.287500000000000533e+00,4.503132571427060360e-01,-2.180469658760296817e-02,1.490602134240884627e-02,4.387389126651438653e-01,-1.379970592542142591e-02,1.445437286331039328e-03,-1.972526887594144504e-03,6.757994190123031925e-04
4.299999999999999822e+00,4.500418597309926994e-01,-2.161914773019273789e-02,1.478196838546302384e-02,4.385671608858549009e-01,-1.368074464906745939e-02,1.420991463446774801e-03,-1.938902346275084504e-03,6.644019807889743525e-04
4.312500000000000000e+00,4.497727720152633335e-01,-2.143514308234368421e-02,1.465894638094651994e-02,4.383968899189992219e-01,-1.356277455590799291e-02,1.396962309900441103e-03,-1.905858078459572030e-03,6.531977909927108930e-04
4.325000000000000178e+00,4.495059747732184086e-01,-2.125266981068962141e-02,1.453694677445006508e-02,4.382280874264003478e-01,-1.344578739925265769e-02,1.373342636199524755e-03,-1.873383886890490468e-03,6.421835426792355883e-04
4.337500000000000355e+00,4.492414489423089408e-01,-2.107171518835099927e-02,1.441596108242420432e-02,4.380607411725366274e-01,-1.332977500093913796e-02,1.350125379163969516e-03,-1.841469758252131531e-03,6.313559862664365778e-04
4.350000000000000533e+00,4.489791756184109972e-01,-2.089226659405279962e-02,1.429598089159361644e-02,4.378948390236879762e-01,-1.321472925076479926e-02,1.327303599648491398e-03,-1.810105859728840857e-03,6.207119285197731408e-04
4.362499999999999822e+00,4.487191360545110808e-01,-2.071431151124977776e-02,1.417699785837629213e-02,4.377303689470902204e-01,-1.310064210592300910e-02,1.304870480307484832e-03,-1.779282535631275530e-03,6.102482315561236432e-04
4.375000000000000000e+00,4.484613116594025617e-01,-2.053783752725884745e-02,1.405900370830743401e-02,4.375673190100957677e-01,-1.298750559044409975e-02,1.282819323401677113e-03,-1.748990304088846297e-03,5.999618118657241549e-04
4.387500000000000178e+00,4.482056839963926564e-01,-2.036283233239876561e-02,1.394199023546820529e-02,4.374056773793418840e-01,-1.287531179464104086e-02,1.261143548645738376e-03,-1.719219853806999839e-03,5.898496393518679265e-04
4.400000000000000355e+00,4.479522347820202310e-01,-2.018928371913680103e-02,1.382594930191908926e-02,4.372454323199255199e-01,-1.276405287455962406e-02,1.239836691096009866e-03,-1.689962040887944220e-03,5.799087363880159589e-04
4.412500000000000533e+00,4.477009458847843182e-01,-2.001717958124252239e-02,1.371087283713797594e-02,4.370865721945851323e-01,-1.265372105143324974e-02,1.218892399077592652e-03,-1.661207885713530128e-03,5.701361768920044665e-04
4.424999999999999822e+00,4.474517993238831259e-01,-1.984650791294859454e-02,1.359675283746286829e-02,4.369290854628889997e-01,-1.254430861114223458e-02,1.198304432150017239e-03,-1.632948569888988599e-03,5.605290854170206106e-04
4.437500000000000000e+00,4.472047772679633160e-01,-1.967725680811841307e-02,1.348358136553914725e-02,4.367729606804308107e-01,-1.243580790367754436e-02,1.178066659110736875e-03,-1.605175433246251726e-03,5.510846362590326271e-04
4.450000000000000178e+00,4.469598620338799400e-01,-1.950941445942078190e-02,1.337135054977147547e-02,4.366181864980313576e-01,-1.232821134260907690e-02,1.158173056035727028e-03,-1.577879970905651580e-03,5.418000525803721816e-04
4.462500000000000355e+00,4.467170360854663680e-01,-1.934296915751127985e-02,1.326005258378014189e-02,4.364647516609472255e-01,-1.222151140455825236e-02,1.138617704356439681e-03,-1.551053830394754415e-03,5.326726055491550751e-04
4.475000000000000533e+00,4.464762820323146530e-01,-1.917790929022043789e-02,1.314967972586192010e-02,4.363126450080858088e-01,-1.211570062867503225e-02,1.119394788972431125e-03,-1.524688808823177442e-03,5.236996134942529862e-04
4.487499999999999822e+00,4.462375826285657210e-01,-1.901422334174865045e-02,1.304022429845537630e-02,4.361618554712271556e-01,-1.201077161611924932e-02,1.100498596398957665e-03,-1.498776850112226548e-03,5.148784410755224321e-04
4.500000000000000000e+00,4.460009207717099411e-01,-1.885189989186767182e-02,1.293167868761055210e-02,4.360123720742518083e-01,-1.190671702954623247e-02,1.081923512948858995e-03,-1.473310042278217196e-03,5.062064984690018993e-04
4.512500000000000178e+00,4.457662795013972445e-01,-1.869092761512883977e-02,1.282403534246309013e-02,4.358641839323755818e-01,-1.180352959259674261e-02,1.063664022948083944e-03,-1.448280614768402558e-03,4.976812405668079370e-04
4.525000000000000355e+00,4.455336419982575125e-01,-1.853129528007770727e-02,1.271728677471262343e-02,4.357172802513900600e-01,-1.170120208939107696e-02,1.045714706984179204e-03,-1.423680935848396691e-03,4.893001661914431156e-04
4.537500000000000533e+00,4.453029915827302898e-01,-1.837299174847526959e-02,1.261142555810550528e-02,4.355716503269100870e-01,-1.159972736402740262e-02,1.028070240187126984e-03,-1.399503510040059091e-03,4.810608173242562403e-04
4.549999999999999822e+00,4.450743117139046579e-01,-1.821600597452557521e-02,1.250644432792179760e-02,4.354272835436270306e-01,-1.149909832008424830e-02,1.010725390541898161e-03,-1.375740975608806711e-03,4.729607783477891327e-04
4.562500000000000000e+00,4.448475859883682659e-01,-1.806032700410970318e-02,1.240233578046646447e-02,4.352841693745682083e-01,-1.139930792012708305e-02,9.936750172321047025e-04,-1.352386102099330419e-03,4.649976753017471187e-04
4.575000000000000178e+00,4.446227981390661887e-01,-1.790594397402619012e-02,1.229909267256482606e-02,4.351422973803628635e-01,-1.130034918521906524e-02,9.769140690141704143e-04,-1.329431787918756991e-03,4.571691751523501430e-04
4.587500000000000355e+00,4.443999320341693871e-01,-1.775284611123758433e-02,1.219670782106210480e-02,4.350016572085138589e-01,-1.120221519443576931e-02,9.604375826214078989e-04,-1.306871057966255958e-03,4.494729850748036513e-04
4.600000000000000533e+00,4.441789716759519946e-01,-1.760102273212334895e-02,1.209517410232713829e-02,4.348622385926755318e-01,-1.110489908438397517e-02,9.442406811974471360e-04,-1.284697061308172957e-03,4.419068517486540227e-04
4.612499999999999822e+00,4.439599011996785416e-01,-1.745046324173887484e-02,1.199448445176017931e-02,4.347240313519374899e-01,-1.100839404872445103e-02,9.283185727584443219e-04,-1.262903068897756756e-03,4.344685606657877511e-04
4.625000000000000000e+00,4.437427048724998380e-01,-1.730115713308063088e-02,1.189463186330472211e-02,4.345870253901145119e-01,-1.091269333769865658e-02,9.126665486835149835e-04,-1.241482471338567267e-03,4.271559354508365014e-04
4.637500000000000178e+00,4.435273670923584599e-01,-1.715309398635744137e-02,1.179560938896343641e-02,4.344512106950422226e-01,-1.081779025765943619e-02,8.972799822328668320e-04,-1.220428776690705855e-03,4.199668371937663762e-04
4.650000000000000355e+00,4.433138723869031184e-01,-1.700626346826772384e-02,1.169741013831800645e-02,4.343165773378784844e-01,-1.072367817060554396e-02,8.821543270930809304e-04,-1.199735608318969367e-03,4.128991637944161189e-04
4.662500000000000533e+00,4.431022054124119092e-01,-1.686065533128273258e-02,1.160002727805298228e-02,4.341831154724108410e-01,-1.063035049372005984e-02,8.672851159490386477e-04,-1.179396702782106038e-03,4.059508493187706144e-04
4.674999999999999822e+00,4.428923509527247226e-01,-1.671625941293575571e-02,1.150345403148355164e-02,4.340508153343695663e-01,-1.053780069891263084e-02,8.526679590819801619e-04,-1.159405907762335640e-03,3.991198633667500254e-04
4.687500000000000000e+00,4.426842939181842018e-01,-1.657306563511709921e-02,1.140768367808716807e-02,4.339196672407463207e-01,-1.044602231236548343e-02,8.382985429931917674e-04,-1.139757180034320274e-03,3.924042104513009231e-04
4.700000000000000178e+00,4.424780193445858600e-01,-1.643106400337504547e-02,1.131270955303913250e-02,4.337896615891186358e-01,-1.035500891408326282e-02,8.241726290528486251e-04,-1.120444583472807350e-03,3.858019293885865588e-04
4.712500000000000355e+00,4.422735123921366363e-01,-1.629024460622245651e-02,1.121852504675190793e-02,4.336607888569798952e-01,-1.026475413744653772e-02,8.102860521735137872e-04,-1.101462287098148090e-03,3.793110926990633379e-04
4.725000000000000533e+00,4.420707583444220545e-01,-1.615059761444920250e-02,1.112512360441830078e-02,4.335330396010750875e-01,-1.017525166876905030e-02,7.966347195078412767e-04,-1.082804563158947138e-03,3.729298060192496418e-04
4.737499999999999822e+00,4.418697426073820989e-01,-1.601211328044022109e-02,1.103249872555838243e-02,4.334064044567415008e-01,-1.008649524685863337e-02,7.832146091700175564e-04,-1.064465785251097335e-03,3.666562075239883172e-04
4.750000000000000000e+00,4.416704507082955256e-01,-1.587478193749922509e-02,1.094064396357014718e-02,4.332808741372557448e-01,-9.998478662581741089e-03,7.700217689804859152e-04,-1.046440426472462206e-03,3.604884673590072431e-04
4.762500000000000178e+00,4.414728682947725580e-01,-1.573859399917806878e-02,1.084955292528391388e-02,4.331564394331853252e-01,-9.911195758431648462e-03,7.570523152335293044e-04,-1.028723057612518105e-03,3.544247870835955040e-04
4.775000000000000355e+00,4.412769811337557968e-01,-1.560353995861156993e-02,1.075921927052035654e-02,4.330330912117462128e-01,-9.824640428100189782e-03,7.443024314872564778e-04,-1.011308345376229611e-03,3.484633991232012054e-04
4.787500000000000533e+00,4.410827751105299566e-01,-1.546961038785787425e-02,1.066963671165221603e-02,4.329108204161653539e-01,-9.738806616053056683e-03,7.317683673755856185e-04,-9.941910506414970271e-04,3.426025662317746948e-04
4.800000000000000711e+00,4.408902362277389297e-01,-1.533679593724429288e-02,1.058079901316961828e-02,4.327896180650489533e-01,-9.653688317108631567e-03,7.194464374418016363e-04,-9.773660267495031320e-04,3.368405809636767774e-04
4.812500000000000000e+00,4.406993506044118436e-01,-1.520508733471852975e-02,1.049269999124897990e-02,4.326694752517551978e-01,-9.569279576020316494e-03,7.073330199932829476e-04,-9.608282178273037715e-04,3.311757651549765554e-04
4.825000000000000178e+00,4.405101044749966666e-01,-1.507447538520524481e-02,1.040533351332545257e-02,4.325503831437730873e-01,-9.485574487062303772e-03,6.954245559769939777e-04,-9.445726571420207801e-04,3.256064694139661252e-04
4.837500000000000355e+00,4.403224841884020302e-01,-1.494495096996802976e-02,1.031869349766894976e-02,4.324323329821057604e-01,-9.402567193618831601e-03,6.837175478753633765e-04,-9.285944654860246511e-04,3.201310726207277110e-04
4.850000000000000533e+00,4.401364762070469894e-01,-1.481650504597656869e-02,1.023277391296362020e-02,4.323153160806593176e-01,-9.320251887776798139e-03,6.722085586221494997e-04,-9.128888495924740009e-04,3.147479814355815539e-04
4.862500000000000711e+00,4.399520671059184984e-01,-1.468912864527907591e-02,1.014756877789081344e-02,4.321993238256364167e-01,-9.238622809921789511e-03,6.608942105379291910e-04,-8.974511005806272250e-04,3.094556298162571282e-04
4.875000000000000000e+00,4.397692435716369919e-01,-1.456281287437993441e-02,1.006307216071549056e-02,4.320843476749350875e-01,-9.157674248337454095e-03,6.497711842848364651e-04,-8.822765924303344791e-04,3.042524785436271154e-04
4.887500000000000178e+00,4.395879924015294593e-01,-1.443754891362242741e-02,9.979278178876029720e-03,4.319703791575525975e-01,-9.077400538808172784e-03,6.388362178401870177e-04,-8.673607804851289627e-04,2.991370147558460599e-04
4.900000000000000355e+00,4.394083005027102362e-01,-1.431332801657667249e-02,9.896180998577459517e-03,4.318574098729940358e-01,-8.997796064225094606e-03,6.280861054886469281e-04,-8.526991999833717162e-04,2.941077514907455490e-04
4.912500000000000533e+00,4.392301548911696218e-01,-1.419014150943252554e-02,9.813774834388009141e-03,4.317454314906860047e-01,-8.918855254195372922e-03,6.175176968325799638e-04,-8.382874646168754149e-04,2.891632272363293043e-04
4.925000000000000711e+00,4.390535426908697136e-01,-1.406798079039755893e-02,9.732053948839001351e-03,4.316344357493950845e-01,-8.840572584654685442e-03,6.071278958202494178e-04,-8.241212651164860894e-04,2.843020054892248546e-04
4.937500000000000000e+00,4.388784511328480686e-01,-1.394683732910000432e-02,9.651012652028070904e-03,4.315244144566510176e-01,-8.762942577482961751e-03,5.969136597915320874e-04,-8.101963678640865295e-04,2.795226743209469926e-04
4.950000000000000178e+00,4.387048675543285814e-01,-1.382670266599661524e-02,9.570645301225602641e-03,4.314153594881749987e-01,-8.685959800123283642e-03,5.868719985408176170e-04,-7.965086135305010596e-04,2.748238459518271377e-04
4.962500000000000355e+00,4.385327793978398558e-01,-1.370756841178549269e-02,9.490946300484508907e-03,4.313072627873122400e-01,-8.609618865203998161e-03,5.769999733967819296e-04,-7.830539157388082677e-04,2.702041563324769830e-04
4.975000000000000533e+00,4.383621742103407382e-01,-1.358942624682369683e-02,9.411910100253138151e-03,4.312001163644697543e-01,-8.533914430163909784e-03,5.672946963187049324e-04,-7.698282597525465823e-04,2.656622647326407623e-04
4.987500000000000711e+00,4.381930396423532881e-01,-1.347226792054970895e-02,9.333531196991437864e-03,4.310939122965584680e-01,-8.458841196880629784e-03,5.577533290090371616e-04,-7.568277011883420453e-04,2.611968533373085818e-04
5.000000000000000000e+00,4.380253634471028001e-01,-1.335608525091068650e-02,9.255804132790269520e-03,4.309886427264398856e-01,-8.384393911301990868e-03,5.483730820419078838e-04,-7.440483647524760279e-04,2.568066268499567557e-04
5.012500000000000178e+00,4.378591334796650414e-01,-1.324087012379439668e-02,9.178723494993840798e-03,4.308842998623778064e-01,-8.310567363080509709e-03,5.391512140072756342e-04,-7.314864430009240803e-04,2.524903121027850393e-04
5.025000000000000355e+00,4.376943376961204279e-01,-1.312661449246594822e-02,9.102283915825324506e-03,4.307808759774938712e-01,-8.237356385210935564e-03,5.300850306704407060e-04,-7.191381951224216093e-04,2.482466576738284639e-04
5.037500000000000533e+00,4.375309641527154181e-01,-1.301331037700909424e-02,9.026480072015497652e-03,4.306783634092285484e-01,-8.164755853670758318e-03,5.211718841466211113e-04,-7.069999457440928874e-04,2.440744335108131519e-04
5.050000000000000711e+00,4.373690010050306776e-01,-1.290094986377220317e-02,8.951306684434485669e-03,4.305767545588055634e-01,-8.092760687063724548e-03,5.124091720903226977e-04,-6.950680837592165427e-04,2.399724305616390753e-04
5.062500000000000000e+00,4.372084365071562395e-01,-1.278952510481880245e-02,8.876758517726542411e-03,4.304760418907016550e-01,-8.021365846266318225e-03,5.037943368992258645e-04,-6.833390611766980774e-04,2.359394604113685409e-04
5.075000000000000178e+00,4.370492590108734365e-01,-1.267902831738264638e-02,8.802830379947829478e-03,4.303762179321202752e-01,-7.950566334077155753e-03,4.953248649323176113e-04,-6.718093919918209384e-04,2.319743549256011420e-04
5.087500000000000355e+00,4.368914569648437163e-01,-1.256945178332735842e-02,8.729517122207224381e-03,4.302772752724695060e-01,-7.880357194869336973e-03,4.869982857420144563e-04,-6.604756510778804057e-04,2.280759659001246680e-04
5.100000000000000533e+00,4.367350189138040628e-01,-1.246078784861046757e-02,8.656813638310062106e-03,4.301792065628448625e-01,-7.810733514245648060e-03,4.788121713200051751e-04,-6.493344730982790860e-04,2.242431647167227656e-04
5.112500000000000711e+00,4.365799334977691903e-01,-1.235302892275192722e-02,8.584714864404829199e-03,4.300820045155159255e-01,-7.741690418696637113e-03,4.707641353565697917e-04,-6.383825514387020481e-04,2.204748420050329887e-04
5.125000000000000000e+00,4.364261894512402318e-01,-1.224616747830702644e-02,8.513215778632787778e-03,4.299856619034173044e-01,-7.673223075261546844e-03,4.628518325131225847e-04,-6.276166371589804189e-04,2.167699073103444883e-04
5.137500000000000178e+00,4.362737756024202551e-01,-1.214019605034361710e-02,8.442311400780465325e-03,4.298901715596439299e-01,-7.605326691192031488e-03,4.550729577077334263e-04,-6.170335379642615838e-04,2.131272887672276803e-04
5.150000000000000355e+00,4.361226808724358861e-01,-1.203510723592375944e-02,8.371996791935064006e-03,4.297955263769506207e-01,-7.537996513618723006e-03,4.474252454133958155e-04,-6.066301171951249535e-04,2.095459327788941101e-04
5.162500000000000533e+00,4.359728942745657032e-01,-1.193089369358956917e-02,8.302267054142666372e-03,4.297017193072553698e-01,-7.471227829220516460e-03,4.399064689687966299e-04,-5.964032928362656685e-04,2.060248037021793167e-04
5.175000000000000711e+00,4.358244049134749609e-01,-1.182754814285335437e-02,8.233117330069296413e-03,4.296087433611473494e-01,-7.405015963896633552e-03,4.325144399013658219e-04,-5.863500365434001641e-04,2.025628835380504917e-04
5.187500000000000000e+00,4.356772019844565857e-01,-1.172506336369198883e-02,8.164542802664771781e-03,4.295165916073985235e-01,-7.339356282441407073e-03,4.252470072623779985e-04,-5.764673726880418809e-04,1.991591716275394866e-04
5.200000000000000178e+00,4.355312747726783340e-01,-1.162343219604541379e-02,8.096538694829317692e-03,4.294252571724794798e-01,-7.274244188221749841e-03,4.181020569738813446e-04,-5.667523774198007184e-04,1.958126843530016916e-04
5.212500000000000355e+00,4.353866126524368330e-01,-1.152264753931937086e-02,8.029100269082985880e-03,4.293347332400793692e-01,-7.209675122857352354e-03,4.110775111872454549e-04,-5.572021777458821632e-04,1.925224548446096871e-04
5.225000000000000533e+00,4.352432050864167845e-01,-1.142270235189218018e-02,7.962222827237734613e-03,4.292450130506295647e-01,-7.145644565903489474e-03,4.041713276531045621e-04,-5.478139506274433759e-04,1.892875326919822999e-04
5.237500000000000711e+00,4.351010416249572743e-01,-1.132358965062563345e-02,7.895901710072284266e-03,4.291560899008316499e-01,-7.082148034536496842e-03,3.973814991024951005e-04,-5.385849220924948536e-04,1.861069836608614605e-04
5.250000000000000000e+00,4.349601119053235210e-01,-1.122530251037993573e-02,7.830132297009613149e-03,4.290679571431889050e-01,-7.019181083241850250e-03,3.907060526389800306e-04,-5.295123663650298882e-04,1.829798894147444881e-04
5.262500000000000178e+00,4.348204056509851756e-01,-1.112783406353262151e-02,7.764910005797131740e-03,4.289806081855421227e-01,-6.956739303504833223e-03,3.841430491415572359e-04,-5.205936050100680532e-04,1.799053472413828165e-04
5.275000000000000355e+00,4.346819126709000058e-01,-1.103117749950152833e-02,7.700230292189530999e-03,4.288940364906086988e-01,-6.894818323503806683e-03,3.776905826781613872e-04,-5.118260060943206338e-04,1.768824697840627573e-04
5.287500000000000533e+00,4.345446228588040194e-01,-1.093532606427165092e-02,7.636088649634203279e-03,4.288082355755262198e-01,-6.833413807805998295e-03,3.713467799295568561e-04,-5.032069833621691116e-04,1.739103847775789872e-04
5.300000000000000711e+00,4.344085261925074715e-01,-1.084027305992593844e-02,7.572480608959293938e-03,4.287231990113991031e-01,-6.772521457065841868e-03,3.651097996234392031e-04,-4.947339954266730773e-04,1.709882347888199339e-04
5.312500000000000000e+00,4.342736127331963125e-01,-1.074601184417997221e-02,7.509401738064329888e-03,4.286389204228499006e-01,-6.712137007725821683e-03,3.589778319785559427e-04,-4.864045449753226415e-04,1.681151769618817384e-04
5.325000000000000178e+00,4.341398726247396311e-01,-1.065253582992048073e-02,7.446847641613379108e-03,4.285553934875732107e-01,-6.652256231719793148e-03,3.529490981586635686e-04,-4.782161779902502547e-04,1.652903827676289648e-04
5.337500000000000355e+00,4.340072960930032031e-01,-1.055983848474771093e-02,7.384813960730794886e-03,4.284726119358943652e-01,-6.592874936178810125e-03,3.470218497361462844e-04,-4.701664829826392861e-04,1.625130377576257011e-04
5.350000000000000533e+00,4.338758734451679810e-01,-1.046791333052155340e-02,7.323296372699429450e-03,4.283905695503310018e-01,-6.533988963139360923e-03,3.411943681651136975e-04,-4.622530902410474166e-04,1.597823413223555477e-04
5.362500000000000711e+00,4.337455950690551898e-01,-1.037675394291142500e-02,7.262290590661368145e-03,4.283092601651586895e-01,-6.475594189254056318e-03,3.354649642638107788e-04,-4.544736710933922801e-04,1.570975064536563872e-04
5.375000000000000000e+00,4.336164514324558628e-01,-1.028635395094990544e-02,7.201792363321131256e-03,4.282286776659799954e-01,-6.417686525504719304e-03,3.298319777061686775e-04,-4.468259371823378977e-04,1.544577595112945842e-04
5.387500000000000178e+00,4.334884330824672061e-01,-1.019670703659001330e-02,7.141797474651313989e-03,4.281488159892971046e-01,-6.360261916917851407e-03,3.242937765223294225e-04,-4.393076397538261415e-04,1.518623399936038041e-04
5.400000000000000355e+00,4.333615306448333482e-01,-1.010780693426622731e-02,7.082301743600699293e-03,4.280696691220880479e-01,-6.303316342282506805e-03,3.188487566079862721e-04,-4.319165689585154088e-04,1.493105003121186303e-04
5.412500000000000533e+00,4.332357348232923622e-01,-1.001964743045907075e-02,7.023301023804747259e-03,4.279912311013865378e-01,-6.246845813870476223e-03,3.134953412423733946e-04,-4.246505531658706345e-04,1.468015055701288720e-04
5.425000000000000711e+00,4.331110363989281731e-01,-9.932222363263323167e-03,6.964791203298493182e-03,4.279134960138649135e-01,-6.190846377158816180e-03,3.082319806147533090e-04,-4.175074582906767966e-04,1.443346333450871814e-04
5.437500000000000000e+00,4.329874262295283494e-01,-9.845525621959821255e-03,6.906768204231820453e-03,4.278364579954210822e-01,-6.135314110554701029e-03,3.030571513592462312e-04,-4.104851871317391791e-04,1.419091734748009162e-04
5.450000000000000178e+00,4.328648952489465573e-01,-9.759551146590763823e-03,6.849227982587075339e-03,4.277601112307684583e-01,-6.080245125122538813e-03,2.979693560978493748e-04,-4.035816787225386454e-04,1.395244278473400771e-04
5.462500000000000355e+00,4.327434344664709553e-01,-9.674292927538599013e-03,6.792166527899047047e-03,4.276844499530293442e-01,-6.025635564313403837e-03,2.929671229915026048e-04,-3.967949076936268141e-04,1.371797101945980858e-04
5.475000000000000533e+00,4.326230349661974173e-01,-9.589745005108321965e-03,6.735579862977232428e-03,4.276094684433320303e-01,-5.971481603696686229e-03,2.880490052990488173e-04,-3.901228836465294456e-04,1.348743458894371787e-04
5.487500000000000711e+00,4.325036879064082518e-01,-9.505901469113285304e-03,6.679464043630409589e-03,4.275351610304106709e-01,-5.917779450693994026e-03,2.832135809439509182e-04,-3.835636505389520396e-04,1.326076717463574046e-04
5.500000000000000000e+00,4.323853845189557510e-01,-9.422756458464409679e-03,6.623815158393500484e-03,4.274615220902091561e-01,-5.864525344315280053e-03,2.784594520886248350e-04,-3.771152860810725923e-04,1.303790358256261771e-04
5.512500000000000178e+00,4.322681161086511237e-01,-9.340304160762789160e-03,6.568629328256658274e-03,4.273885460454875385e-01,-5.811715554897145010e-03,2.737852447162486438e-04,-3.707759011427123170e-04,1.281877972408059895e-04
5.525000000000000355e+00,4.321518740526582025e-01,-9.258538811895712303e-03,6.513902706396651476e-03,4.273162273654322330e-01,-5.759346383843360132e-03,2.691896082199181969e-04,-3.645436391711889541e-04,1.260333259696228534e-04
5.537500000000000533e+00,4.320366497998927580e-01,-9.177454695635973991e-03,6.459631477910418237e-03,4.272445605652693268e-01,-5.707414163367521831e-03,2.646712149990111760e-04,-3.584166756196434205e-04,1.239150026681130944e-04
5.550000000000000711e+00,4.319224348704260308e-01,-9.097046143244538752e-03,6.405811859550851473e-03,4.271735402058810527e-01,-5.655915256237866937e-03,2.602287600626337514e-04,-3.523932173856523923e-04,1.218322184879928974e-04
5.562500000000000000e+00,4.318092208548938160e-01,-9.017307533076472301e-03,6.352440099464765413e-03,4.271031608934252044e-01,-5.604846055524219037e-03,2.558609606400215298e-04,-3.464715022599326429e-04,1.197843748971928426e-04
5.575000000000000178e+00,4.316969994139101541e-01,-8.938233290190139568e-03,6.299512476933016684e-03,4.270334172789583826e-01,-5.554202984347028638e-03,2.515665557977678863e-04,-3.406497983849469642e-04,1.177708835035010777e-04
5.587500000000000355e+00,4.315857622774859625e-01,-8.859817885959662270e-03,6.247025302112807661e-03,4.269643040580614057e-01,-5.503982495628542693e-03,2.473443060637620984e-04,-3.349264037232352743e-04,1.157911658812620038e-04
5.600000000000000533e+00,4.314755012444525528e-01,-8.782055837690549288e-03,6.194974915782086242e-03,4.268958159704688282e-01,-5.454181071846017637e-03,2.431929930577102130e-04,-3.292996455352809027e-04,1.138446534010740944e-04
5.612500000000000711e+00,4.313662081818898097e-01,-8.704941708238525880e-03,6.143357689086085399e-03,4.268279477997006244e-01,-5.404795224787008016e-03,2.391114191281255928e-04,-3.237678798667416183e-04,1.119307870624357542e-04
5.625000000000000000e+00,4.312578750245592007e-01,-8.628470105631520087e-03,6.092170023285948741e-03,4.267606943726975910e-01,-5.355821495306698626e-03,2.350984069956714223e-04,-3.183294910448703548e-04,1.100490173292869206e-04
5.637500000000000178e+00,4.311504937743414478e-01,-8.552635682694757768e-03,6.041408349509429059e-03,4.266940505594593591e-01,-5.307256453087250657e-03,2.311527994027397356e-04,-3.129828911839529202e-04,1.081988039683943505e-04
5.650000000000000355e+00,4.310440564996789736e-01,-8.477433136679004416e-03,5.991069128503679828e-03,4.266280112726856255e-01,-5.259096696399187879e-03,2.272734587691603331e-04,-3.077265196996021744e-04,1.063796158905327797e-04
5.662500000000000533e+00,4.309385553350227882e-01,-8.402857208891837543e-03,5.941148850390058980e-03,4.265625714674202706e-01,-5.211338851864743930e-03,2.234592668539231170e-04,-3.025588428317366120e-04,1.045909309944099280e-04
5.675000000000000711e+00,4.308339824802840945e-01,-8.328902684331996459e-03,5.891644034420981391e-03,4.264977261406984743e-01,-5.163979574223202806e-03,2.197091244228115787e-04,-2.974783531760897192e-04,1.028322360132892012e-04
5.687500000000000000e+00,4.307303302002904455e-01,-8.255564391326760884e-03,5.842551228738780168e-03,4.264334703311964958e-01,-5.117015546098203915e-03,2.160219509218397219e-04,-2.924835692240893709e-04,1.011030263642617911e-04
5.700000000000000178e+00,4.306275908242464534e-01,-8.182837201172295932e-03,5.793867010136552476e-03,4.263697991188849512e-01,-5.070443477766974419e-03,2.123966841563877423e-04,-2.875730349109527156e-04,9.940280600012128104e-05
5.712500000000000355e+00,4.305257567451986622e-01,-8.110716027777043272e-03,5.745587983821012421e-03,4.263067076246841447e-01,-5.024260106931523542e-03,2.088322799759384789e-04,-2.827453191718492056e-04,9.773108726379647968e-05
5.725000000000000533e+00,4.304248204195054162e-01,-8.039195827307988457e-03,5.697710783177280768e-03,4.262441910101230080e-01,-4.978462198491718192e-03,2.053277119643097674e-04,-2.779990155059767305e-04,9.608739074529549834e-05
5.737500000000000711e+00,4.303247743663106695e-01,-7.968271597839911985e-03,5.650232069535634886e-03,4.261822444770003715e-01,-4.933046544320275444e-03,2.018819711352881803e-04,-2.733327415484107753e-04,9.447124514111856976e-05
5.750000000000000000e+00,4.302256111670222372e-01,-7.897938379007513054e-03,5.603148531940185979e-03,4.261208632670492324e-01,-4.888009963039633733e-03,1.984940656335670091e-04,-2.687451386495815918e-04,9.288218711609569876e-05
5.762500000000000178e+00,4.301273234647947086e-01,-7.828191251660412964e-03,5.556456886919467104e-03,4.260600426616037995e-01,-4.843349299800676737e-03,1.951630204408926188e-04,-2.642348714622374606e-04,9.131976116760619655e-05
5.775000000000000355e+00,4.300299039640160803e-01,-7.759025337521049427e-03,5.510153878258939805e-03,4.259997779812692009e-01,-4.799061426063349831e-03,1.918878770873298626e-04,-2.598006275357624215e-04,8.978351949213986142e-05
5.787500000000000533e+00,4.299333454297992185e-01,-7.690435798845355123e-03,5.464236276775362965e-03,4.259400645855939693e-01,-4.755143239379063316e-03,1.886676933675512826e-04,-2.554411169177060086e-04,8.827302185415660018e-05
5.800000000000000711e+00,4.298376406874772071e-01,-7.622417838086274246e-03,5.418700880093042099e-03,4.258808978727454675e-01,-4.711591663174957874e-03,1.855015430620634968e-04,-2.511550717623987341e-04,8.678783545720590651e-05
5.812500000000000000e+00,4.297427826221029701e-01,-7.554966697560062429e-03,5.373544512421928737e-03,4.258222732791874798e-01,-4.668403646539954176e-03,1.823885156632827338e-04,-2.469412459465208324e-04,8.532753481726601281e-05
5.825000000000000178e+00,4.296487641779530020e-01,-7.488077659115323186e-03,5.328764024337548193e-03,4.257641862793609122e-01,-4.625576164012599675e-03,1.793277161063715880e-04,-2.427984146914967335e-04,8.389170163826346741e-05
5.837500000000000355e+00,4.295555783580354281e-01,-7.421746043804833791e-03,5.284356292562780028e-03,4.257066323853669898e-01,-4.583106215370709099e-03,1.763182645047560307e-04,-2.387253741925940268e-04,8.247992468973634229e-05
5.850000000000000533e+00,4.294632182236018392e-01,-7.355967211560035697e-03,5.240318219751411398e-03,4.256496071466530640e-01,-4.540990825422747471e-03,1.733592958902353733e-04,-2.347209412545990320e-04,8.109179968660174150e-05
5.862500000000000711e+00,4.293716768936632899e-01,-7.290736560868251066e-03,5.196646734273504056e-03,4.255931061497010282e-01,-4.499227043800977342e-03,1.704499599576068209e-04,-2.307839529339530222e-04,7.972692917099218426e-05
5.875000000000000000e+00,4.292809475445105716e-01,-7.226049528452562973e-03,5.153338790002533372e-03,4.255371250177182318e-01,-4.457811944756335555e-03,1.675894208137235187e-04,-2.269132661872299195e-04,7.838492239612427086e-05
5.887500000000000178e+00,4.291910234092379817e-01,-7.161901588954325444e-03,5.110391366104286362e-03,4.254816594103311145e-01,-4.416742626955023031e-03,1.647768567309066182e-04,-2.231077575258385833e-04,7.706539521216368991e-05
5.900000000000000355e+00,4.291018977772716458e-01,-7.098288254618350182e-03,5.067801466827526538e-03,4.254267050232813374e-01,-4.376016213276827556e-03,1.620114599046372863e-04,-2.193663226768401630e-04,7.576796995405306529e-05
5.912500000000000533e+00,4.290135639939010592e-01,-7.035205074980645061e-03,5.025566121296371792e-03,4.253722575881240808e-01,-4.335629850615115369e-03,1.592924362154488321e-04,-2.156878762497639612e-04,7.449227533126648456e-05
5.925000000000000711e+00,4.289260154598151242e-01,-6.972647636558772927e-03,4.983682383304409609e-03,4.253183128719295047e-01,-4.295580709678508032e-03,1.566190049949476649e-04,-2.120713514093165589e-04,7.323794631945862996e-05
5.937500000000000000e+00,4.288392456306416856e-01,-6.910611562544757835e-03,4.942147331110508836e-03,4.252648666769859864e-01,-4.255865984794237646e-03,1.539903987958891689e-04,-2.085156995538761356e-04,7.200462405397479342e-05
5.950000000000000178e+00,4.287532480164912285e-01,-6.849092512500524858e-03,4.900958067236318473e-03,4.252119148405061888e-01,-4.216482893713134443e-03,1.514058631662358796e-04,-2.050198899996649184e-04,7.079195572518907323e-05
5.962500000000000355e+00,4.286680161815037415e-01,-6.788086182055894265e-03,4.860111718265471697e-03,4.251594532343355715e-01,-4.177428677416278845e-03,1.488646564271303339e-04,-2.015829096705013966e-04,6.959959447564013728e-05
5.975000000000000533e+00,4.285835437434001305e-01,-6.727588302609037278e-03,4.819605434644423994e-03,4.251074777646630665e-01,-4.138700599923259872e-03,1.463660494547098189e-04,-1.982037627930251006e-04,6.842719929893144402e-05
5.987500000000000711e+00,4.284998243730368528e-01,-6.667594641029433306e-03,4.779436390484959225e-03,4.250559843717344743e-01,-4.100295948102053792e-03,1.439093254656981821e-04,-1.948814705972993762e-04,6.727443494036660699e-05
6.000000000000000000e+00,4.284168517939641596e-01,-6.608100999363278327e-03,4.739601783368329810e-03,4.250049690295677474e-01,-4.062212031480509980e-03,1.414937798067068060e-04,-1.916150710226926786e-04,6.614097179928913879e-05
6.012500000000000178e+00,4.283346197819885570e-01,-6.549103214541321036e-03,4.700098834151011061e-03,4.249544277456713259e-01,-4.024446182059402376e-03,1.391187197471788271e-04,-1.884036184289424878e-04,6.502648583309662323e-05
6.025000000000000355e+00,4.282531221647383757e-01,-6.490597158089149270e-03,4.660924786772091370e-03,4.249043565607639183e-01,-3.986995754127088155e-03,1.367834642759148541e-04,-1.852461833123108278e-04,6.393065846290128926e-05
6.037500000000000533e+00,4.281723528212330598e-01,-6.432578735839837407e-03,4.622076908062235784e-03,4.248547515484974446e-01,-3.949858124075701638e-03,1.344873439011136970e-04,-1.821418520267351114e-04,6.285317648080688624e-05
6.050000000000000711e+00,4.280923056814563421e-01,-6.375043887648992012e-03,4.583552487554240322e-03,4.248056088151816456e-01,-3.913030690218908571e-03,1.322297004538687732e-04,-1.790897265098875205e-04,6.179373195877479650e-05
6.062500000000000000e+00,4.280129747259324158e-01,-6.317988587112155843e-03,4.545348837295167498e-03,4.247569244995113569e-01,-3.876510872611198689e-03,1.300098868950585551e-04,-1.760889240140530690e-04,6.075202215905152079e-05
6.075000000000000178e+00,4.279343539853063261e-01,-6.261408841284526842e-03,4.507463291660018800e-03,4.247086947722956141e-01,-3.840296112868690510e-03,1.278272671255706132e-04,-1.731385768417382294e-04,5.972774944612996442e-05
6.087500000000000355e+00,4.278564375399270814e-01,-6.205300690403040692e-03,4.469893207166984912e-03,4.246609158361897007e-01,-3.804383873991473101e-03,1.256812157998030133e-04,-1.702378320859282391e-04,5.872062120021900427e-05
6.100000000000000533e+00,4.277792195194348723e-01,-6.149660207610713712e-03,4.432635962294201662e-03,4.246135839254283617e-01,-3.768771640187422792e-03,1.235711181423822973e-04,-1.673858513749049940e-04,5.773034973219369671e-05
6.112500000000000711e+00,4.277026941023513440e-01,-6.094483498683281666e-03,4.395688957298035139e-03,4.245666953055622916e-01,-3.733456916697523893e-03,1.214963697680438923e-04,-1.645818106215464385e-04,5.675665220000156885e-05
6.125000000000000000e+00,4.276268555156733653e-01,-6.039766701758104983e-03,4.359049614032880354e-03,4.245202462731961224e-01,-3.698437229622661762e-03,1.194563765046187175e-04,-1.618248997770258912e-04,5.579925052649927072e-05
6.137500000000000178e+00,4.275516980344702955e-01,-5.985505987065296157e-03,4.322715375772443087e-03,4.244742331557286308e-01,-3.663710125751869998e-03,1.174505542190708323e-04,-1.591143225888313204e-04,5.485787131869453642e-05
6.150000000000000355e+00,4.274772159814843597e-01,-5.931697556661113570e-03,4.286683707032523140e-03,4.244286523110953890e-01,-3.629273172392057795e-03,1.154783286465345550e-04,-1.564492963630293517e-04,5.393224578837010994e-05
6.162500000000000533e+00,4.274034037267345765e-01,-5.878337644163515036e-03,4.250952093395253886e-03,4.243835001275133023e-01,-3.595123957199149786e-03,1.135391352222957478e-04,-1.538290517306945644e-04,5.302210967406425872e-05
6.175000000000000711e+00,4.273302556871238500e-01,-5.825422514489924861e-03,4.215518041334805066e-03,4.243387730232272004e-01,-3.561260088010670920e-03,1.116324189166678388e-04,-1.512528324184316507e-04,5.212720316438543858e-05
6.187500000000000000e+00,4.272577663260493930e-01,-5.772948463597171904e-03,4.180379078044537539e-03,4.242944674462587606e-01,-3.527679192679751639e-03,1.097576340727111384e-04,-1.487198950229161429e-04,5.124727082263770485e-05
6.200000000000000178e+00,4.271859301530162578e-01,-5.720911818223554414e-03,4.145532751265581378e-03,4.242505798741571521e-01,-3.494378918910523001e-03,1.079142442467448696e-04,-1.462295087893812032e-04,5.038206151273379662e-05
6.212500000000000355e+00,4.271147417232541432e-01,-5.669308935633080200e-03,4.110976629116856393e-03,4.242071068137520662e-01,-3.461356934094938619e-03,1.061017220516052937e-04,-1.437809553939816017e-04,4.953132832637454193e-05
6.225000000000000533e+00,4.270441956373376424e-01,-5.618136203361784146e-03,4.076708299926488227e-03,4.241640448009086350e-01,-3.428610925150952712e-03,1.043195490025990261e-04,-1.413735287299629185e-04,4.869482851147153798e-05
6.237500000000000711e+00,4.269742865408091004e-01,-5.567390038966164682e-03,4.042725372064633060e-03,4.241213904002842927e-01,-3.396138598362086810e-03,1.025672153661064004e-04,-1.390065346975694820e-04,4.787232340179240479e-05
6.250000000000000000e+00,4.269050091238052458e-01,-5.517066889773697587e-03,4.009025473777689218e-03,4.240791402050876902e-01,-3.363937679218360378e-03,1.008442200107881104e-04,-1.366792909976241469e-04,4.706357834780723322e-05
6.262500000000000178e+00,4.268363581206863211e-01,-5.467163232635397635e-03,3.975606253023878343e-03,4.240372908368397198e-01,-3.332005912258560656e-03,9.915007026134875230e-05,-1.343911269287128554e-04,4.626836264871518031e-05
6.275000000000000355e+00,4.267683283096686542e-01,-5.417675573680464512e-03,3.942465377310213487e-03,4.239958389451360943e-01,-3.300341060913878147e-03,9.748428175481464654e-05,-1.321413831879123977e-04,4.548644948563163525e-05
6.287500000000000533e+00,4.267009145124603386e-01,-5.368600448072919328e-03,3.909600533530802925e-03,4.239547812074126454e-01,-3.268940907352852268e-03,9.584637829927951955e-05,-1.299294116749946128e-04,4.471761585591484795e-05
6.300000000000000711e+00,4.266341115938996897e-01,-5.319934419770273350e-03,3.877009427806501866e-03,4.239141143287115665e-01,-3.237803252327646226e-03,9.423589173507684739e-05,-1.277545753000475606e-04,4.396164250861311445e-05
6.312500000000000000e+00,4.265679144615967533e-01,-5.271674081284192549e-03,3.844689785325909430e-03,4.238738350414504863e-01,-3.206925915021634644e-03,9.265236179833584483e-05,-1.256162477944517851e-04,4.321831388101292902e-05
6.325000000000000178e+00,4.265023180655780899e-01,-5.223816053443124108e-03,3.812639350187662333e-03,4.238339401051925970e-01,-3.176306732898280961e-03,9.109533598687911428e-05,-1.235138135251513322e-04,4.248741803626883786e-05
6.337500000000000355e+00,4.264373173979340570e-01,-5.176356985156917861e-03,3.780855885244074292e-03,4.237944263064195582e-01,-3.145943561551324975e-03,8.956436942842265219e-05,-1.214466673121627376e-04,4.176874660209712573e-05
6.350000000000000533e+00,4.263729074924693108e-01,-5.129293553183366348e-03,3.749337171946045665e-03,4.237552904583054558e-01,-3.115834274556229799e-03,8.805902475103598336e-05,-1.194142142492615803e-04,4.106209471051396851e-05
6.362500000000000711e+00,4.263090834243563609e-01,-5.082622461896686011e-03,3.718081010189279358e-03,4.237165294004930360e-01,-3.085976763322909044e-03,8.657887195582472000e-05,-1.174158695277922979e-04,4.036726093860070489e-05
6.375000000000000000e+00,4.262458403097914572e-01,-5.036340443057913535e-03,3.687085218161772603e-03,4.236781399988718277e-01,-3.056368936949715575e-03,8.512348829179624307e-05,-1.154510582635448029e-04,3.968404725027845949e-05
6.387500000000000178e+00,4.261831733056538618e-01,-4.990444255587190431e-03,3.656347632192569457e-03,4.236401191453577630e-01,-3.027008722078667995e-03,8.369245813286996271e-05,-1.135192153266427961e-04,3.901225893907430959e-05
6.400000000000000355e+00,4.261210776091679531e-01,-4.944930685337952346e-03,3.625866106601792222e-03,4.236024637576747409e-01,-2.997894062751940009e-03,8.228537285699663649e-05,-1.116197851743923580e-04,3.835170457186269850e-05
6.412500000000000533e+00,4.260595484575676051e-01,-4.899796544872962387e-03,3.595638513551899750e-03,4.235651707791384113e-01,-2.969022920269559756e-03,8.090183072734760574e-05,-1.097522216870353625e-04,3.770219593356441618e-05
6.425000000000000711e+00,4.259985811277638978e-01,-4.855038673242207531e-03,3.565662742900194311e-03,4.235282371784407363e-01,-2.940393273048342096e-03,7.954143677553987904e-05,-1.079159880063584073e-04,3.706354797278720964e-05
6.437500000000000000e+00,4.259381709360154367e-01,-4.810653935762631249e-03,3.535936702052558823e-03,4.234916599494373823e-01,-2.912003116482029131e-03,7.820380268686104005e-05,-1.061105563771057222e-04,3.643557874839177324e-05
6.450000000000000178e+00,4.258783132376013358e-01,-4.766639223799669367e-03,3.506458315818397967e-03,4.234554361109362230e-01,-2.883850462802628120e-03,7.688854668745860783e-05,-1.043354079911458960e-04,3.581810937696681556e-05
6.462500000000000355e+00,4.258190034264969226e-01,-4.722991454550630810e-03,3.477225526266810533e-03,4.234195627064876177e-01,-2.855933340942960665e-03,7.559529343346144538e-05,-1.025900328343452741e-04,3.521096398119830161e-05
6.475000000000000533e+00,4.257602369350522720e-01,-4.679707570829825213e-03,3.448236292583940071e-03,4.233840368041766888e-01,-2.828249796400373727e-03,7.432367390199754614e-05,-1.008739295360978682e-04,3.461396963911665486e-05
6.487500000000000711e+00,4.257020092336732398e-01,-4.636784540855493769e-03,3.419488590931522506e-03,4.233488554964169315e-01,-2.800797891101641963e-03,7.307332528407691939e-05,-9.918660522146637655e-05,3.402695633420734335e-05
6.500000000000000000e+00,4.256443158305053820e-01,-4.594219358038489562e-03,3.390980414306612057e-03,4.233140158997458213e-01,-2.773575703269028862e-03,7.184389087930645196e-05,-9.752757536588762763e-05,3.344975690636995568e-05
6.512500000000000178e+00,4.255871522711201504e-01,-4.552009040772701277e-03,3.362709772402470727e-03,4.232795151546219214e-01,-2.746581327287501463e-03,7.063501999240495222e-05,-9.589636365239639492e-05,3.288220700371088608e-05
6.525000000000000355e+00,4.255305141382040302e-01,-4.510150632227226397e-03,3.334674691470630899e-03,4.232453504252235987e-01,-2.719812873573109521e-03,6.944636783148803202e-05,-9.429250183132498718e-05,3.232414503515592037e-05
6.537500000000000533e+00,4.254743970512501194e-01,-4.468641200140240077e-03,3.306873214184093308e-03,4.232115188992495725e-01,-2.693268468442485287e-03,6.827759540809080221e-05,-9.271552958243234614e-05,3.177541212386788936e-05
6.550000000000000711e+00,4.254187966662523745e-01,-4.427477836614576202e-03,3.279303399501674269e-03,4.231780177877207949e-01,-2.666946253983486052e-03,6.712836943889932489e-05,-9.116499437942168229e-05,3.123585206145610170e-05
6.562500000000000000e+00,4.253637086754021301e-01,-4.386657657915004997e-03,3.251963322533484371e-03,4.231448443247843305e-01,-2.640844387926955580e-03,6.599836224916092570e-05,-8.964045135680375484e-05,3.070531126296383387e-05
6.575000000000000178e+00,4.253091288067875619e-01,-4.346177804267156893e-03,3.224851074407519141e-03,4.231119957675184007e-01,-2.614961043519594026e-03,6.488725167774388929e-05,-8.814146317906390528e-05,3.018363872262028796e-05
6.587500000000000355e+00,4.252550528240952032e-01,-4.306035439658151623e-03,3.197964762137384207e-03,4.230794693957394825e-01,-2.589294409397950667e-03,6.379472098381909408e-05,-8.666759991209394844e-05,2.967068597034449432e-05
6.600000000000000533e+00,4.252014765263143481e-01,-4.266227751638833679e-03,3.171302508491104233e-03,4.230472625118103513e-01,-2.563842689463492145e-03,6.272045875513410974e-05,-8.521843889684673238e-05,2.916630702898747804e-05
6.612500000000000711e+00,4.251483957474436748e-01,-4.226751951127661819e-03,3.144862451861036440e-03,4.230153724404503435e-01,-2.538604102758775308e-03,6.166415881785326195e-05,-8.379356462517579922e-05,2.867035837230065451e-05
6.625000000000000000e+00,4.250958063562001454e-01,-4.187605272216211004e-03,3.118642746134871364e-03,4.229837965285468959e-01,-2.513576883344694271e-03,6.062552014793622758e-05,-8.239256861782130552e-05,2.818269888361776214e-05
6.637500000000000178e+00,4.250437042557310696e-01,-4.148784971976275486e-03,3.092641560567700905e-03,4.229525321449682518e-01,-2.488759280178796940e-03,5.960424678402827866e-05,-8.101504930450369949e-05,2.770318981523794865e-05
6.650000000000000355e+00,4.249920853833274448e-01,-4.110288330268580849e-03,3.066857079655175341e-03,4.229215766803783860e-01,-2.464149556994680093e-03,5.860004774183706248e-05,-7.966061190608979639e-05,2.723169474849851160e-05
6.662500000000000533e+00,4.249409457101407939e-01,-4.072112649553059904e-03,3.041287503007699886e-03,4.228909275470527085e-01,-2.439745992182426170e-03,5.761263692996881940e-05,-7.832886831879260034e-05,2.676807955452484167e-05
6.675000000000000711e+00,4.248902812409013907e-01,-4.034255254700695043e-03,3.015931045225694624e-03,4.228605821786959318e-01,-2.415546878670096938e-03,5.664173306719995561e-05,-7.701943700037080164e-05,2.631221235564637790e-05
6.687500000000000000e+00,4.248400880136397606e-01,-3.996713492806927906e-03,2.990785935775894418e-03,4.228305380302607719e-01,-2.391550523806268425e-03,5.568705960115879697e-05,-7.573194285829219774e-05,2.586396348746713977e-05
6.700000000000000178e+00,4.247903620994096241e-01,-3.959484733006577405e-03,2.965850418868677934e-03,4.228007925777686471e-01,-2.367755249243591077e-03,5.474834462839285842e-05,-7.446601713982623524e-05,2.542320546157933684e-05
6.712500000000000355e+00,4.247410996020138385e-01,-3.922566366290331126e-03,2.941122753336436208e-03,4.227713433181314873e-01,-2.344159390823393353e-03,5.382532081579876574e-05,-7.322129732403288925e-05,2.498981292890965102e-05
6.725000000000000533e+00,4.246922966577321712e-01,-3.885955805322709091e-03,2.916601212512947780e-03,4.227421877689752083e-01,-2.320761298461288414e-03,5.291772532338996079e-05,-7.199742701561328043e-05,2.456366264368664481e-05
6.737500000000000711e+00,4.246439494350515154e-01,-3.849650484261548430e-03,2.892284084113766040e-03,4.227133234684642971e-01,-2.297559336033796508e-03,5.202529972838013361e-05,-7.079405584059012728e-05,2.414463342801918166e-05
6.750000000000000000e+00,4.245960541343985484e-01,-3.813647858578976448e-03,2.868169670117611848e-03,4.226847479751281722e-01,-2.274551881265974781e-03,5.114778995055938932e-05,-6.961083934378613073e-05,2.373260613707528103e-05
6.762500000000000178e+00,4.245486069878740554e-01,-3.777945404883847804e-03,2.844256286648749309e-03,4.226564588676887113e-01,-2.251737325620034591e-03,5.028494617894053087e-05,-6.844743888806781946e-05,2.332746362485092171e-05
6.775000000000000355e+00,4.245016042589902505e-01,-3.742540620745670073e-03,2.820542263860366817e-03,4.226284537448891654e-01,-2.229114074184963649e-03,4.943652279965457297e-05,-6.730352155532555523e-05,2.292909071051925233e-05
6.787500000000000533e+00,4.244550422424093750e-01,-3.707431024519954391e-03,2.797025945818913933e-03,4.226007302253246833e-01,-2.206680545567115282e-03,4.860227832507267175e-05,-6.617876004915753806e-05,2.253737414534959772e-05
6.800000000000000711e+00,4.244089172636854590e-01,-3.672614155175022398e-03,2.773705690389420987e-03,4.225732859472738356e-01,-2.184435171781781270e-03,4.778197532413432411e-05,-6.507283259922916135e-05,2.215220258018706543e-05
6.812500000000000000e+00,4.243632256790073054e-01,-3.638087572120235653e-03,2.750579869121777977e-03,4.225461185685318033e-01,-2.162376398145730502e-03,4.697538035386074920e-05,-6.398542286727805029e-05,2.177346653348296085e-05
6.825000000000000178e+00,4.243179638749444149e-01,-3.603848855035633649e-03,2.727646867137960198e-03,4.225192257662446771e-01,-2.140502683170704325e-03,4.618226389203278426e-05,-6.291621985473565932e-05,2.140105835986650729e-05
6.837500000000000355e+00,4.242731282681942440e-01,-3.569895603702994726e-03,2.704905083020215338e-03,4.224926052367453666e-01,-2.118812498457880739e-03,4.540240027101415208e-05,-6.186491781193829639e-05,2.103487221924903118e-05
6.850000000000000533e+00,4.242287153053324600e-01,-3.536225437838268724e-03,2.682352928700176917e-03,4.224662546953902864e-01,-2.097304328593272305e-03,4.463556761269918828e-05,-6.083121614889824640e-05,2.067480404645096658e-05
6.862500000000000711e+00,4.241847214625644180e-01,-3.502835996925399153e-03,2.659988829348910143e-03,4.224401718763980962e-01,-2.075976671044068179e-03,4.388154776456661756e-05,-5.981481934760895261e-05,2.032075152134320178e-05
6.875000000000000000e+00,4.241411432454791908e-01,-3.469724940051515348e-03,2.637811223267889308e-03,4.224143545326890514e-01,-2.054828036055918964e-03,4.314012623682012058e-05,-5.881543687585704256e-05,1.997261403949380983e-05
6.887500000000000178e+00,4.240979771888057637e-01,-3.436889945743470346e-03,2.615818561780878116e-03,4.223888004357260195e-01,-2.033856946551134467e-03,4.241109214059659606e-05,-5.783278310251458137e-05,1.963029268331147238e-05
6.900000000000000355e+00,4.240552198561707287e-01,-3.404328711805745724e-03,2.594009309126738948e-03,4.223635073753566616e-01,-2.013061938027823402e-03,4.169423812722479114e-05,-5.686657721428681894e-05,1.929369019367743824e-05
6.912500000000000533e+00,4.240128678398585316e-01,-3.372038955159670920e-03,2.572381942353122505e-03,4.223384731596568353e-01,-1.992441558459931254e-03,4.098936032851502841e-05,-5.591654313388855658e-05,1.896271094205728550e-05
6.925000000000000711e+00,4.239709177605734403e-01,-3.340018411683972656e-03,2.550934951211066438e-03,4.223136956147752197e-01,-1.971994368198193640e-03,4.029625829806319040e-05,-5.498240943962540915e-05,1.863726090308455549e-05
6.937500000000000000e+00,4.239293662672036223e-01,-3.308264836056641883e-03,2.529666838050476964e-03,4.222891725847792710e-01,-1.951718939871996926e-03,3.961473495355132316e-05,-5.406390928635503306e-05,1.831724762760822536e-05
6.950000000000000178e+00,4.238882100365870542e-01,-3.276776001598086154e-03,2.508576117716484772e-03,4.222649019315024010e-01,-1.931613858292123348e-03,3.894459652002745729e-05,-5.316078032780402701e-05,1.800258021619590139e-05
6.962500000000000355e+00,4.238474457732794853e-01,-3.245549700115595189e-03,2.487661317446687812e-03,4.222408815343922095e-01,-1.911677720354404463e-03,3.828565247414860031e-05,-5.227276464021783230e-05,1.769316929308538405e-05
6.975000000000000533e+00,4.238070702093243436e-01,-3.214583741749066272e-03,2.466920976769248434e-03,4.222171092903600487e-01,-1.891909134944244359e-03,3.763771548936941080e-05,-5.139960864731921760e-05,1.738892698057646659e-05
6.987500000000000711e+00,4.237670801040245294e-01,-3.183875954818003381e-03,2.446353647401854417e-03,4.221935831136318651e-01,-1.872306722842028651e-03,3.700060138206108420e-05,-5.054106304655345435e-05,1.708976687385583854e-05
7.000000000000000000e+00,4.237274722437162078e-01,-3.153424185669781356e-03,2.425957893151532620e-03,4.221703009355998182e-01,-1.852869116629406263e-03,3.637412905854422096e-05,-4.969688273659757688e-05,1.679560401624761645e-05
7.012500000000000178e+00,4.236882434415442100e-01,-3.123226298529139123e-03,2.405732289815304403e-03,4.221472607046757308e-01,-1.833594960596432498e-03,3.575812046301988167e-05,-4.886682674611137942e-05,1.650635487488212599e-05
7.025000000000000355e+00,4.236493905372395452e-01,-3.093280175348934492e-03,2.385675425081690629e-03,4.221244603861448730e-01,-1.814482910649586845e-03,3.515240052638395529e-05,-4.805065816370955665e-05,1.622193731677616584e-05
7.037500000000000533e+00,4.236109103968989653e-01,-3.063583715662105897e-03,2.365785898433035890e-03,4.221018979620217992e-01,-1.795531634220632342e-03,3.455679711590900428e-05,-4.724814406913250441e-05,1.594227058531729615e-05
7.050000000000000711e+00,4.235727999127657517e-01,-3.034134836434854068e-03,2.346062321048668440e-03,4.220795714309064084e-01,-1.776739810176334927e-03,3.397114098577922776e-05,-4.645905546559589883e-05,1.566727527714567009e-05
7.062500000000000000e+00,4.235350560030130551e-01,-3.004931471921035418e-03,2.326503315708874139e-03,4.220574788078418349e-01,-1.758106128729024133e-03,3.339526572846388566e-05,-4.568316721329834568e-05,1.539687331942642880e-05
7.075000000000000178e+00,4.234976756115285679e-01,-2.975971573517737206e-03,2.307107516699680953e-03,4.220356181241731730e-01,-1.739629291347989703e-03,3.282900772691445224e-05,-4.492025796406660856e-05,1.513098794750606498e-05
7.087500000000000355e+00,4.234606557077009170e-01,-2.947253109622057898e-03,2.287873569718460939e-03,4.220139874274071445e-01,-1.721308010671724091e-03,3.227220610757216331e-05,-4.417011009711962528e-05,1.486954368294638013e-05
7.100000000000000533e+00,4.234239932862085554e-01,-2.918774065489044157e-03,2.268800131780320233e-03,4.219925847810732100e-01,-1.703141010420981816e-03,3.172470269417115775e-05,-4.343250965593082105e-05,1.461246631192934564e-05
7.112500000000000711e+00,4.233876853668093743e-01,-2.890532443090802241e-03,2.249885871125287002e-03,4.219714082645854014e-01,-1.685127025312668433e-03,3.118634196232436561e-05,-4.270724628617037513e-05,1.435968286402679633e-05
7.125000000000000000e+00,4.233517289941329809e-01,-2.862526260976763423e-03,2.231129467126290438e-03,4.219504559731057092e-01,-1.667264800974548305e-03,3.065697099487838011e-05,-4.199411317470863001e-05,1.411112159132868474e-05
7.137500000000000178e+00,4.233161212374741411e-01,-2.834753554135086527e-03,2.212529610197909967e-03,4.219297260174078024e-01,-1.649553093860760961e-03,3.013643943802408635e-05,-4.129290698966189322e-05,1.386671194792371142e-05
7.150000000000000355e+00,4.232808591905883877e-01,-2.807212373855215350e-03,2.194085001705917224e-03,4.219092165237426362e-01,-1.631990671168156905e-03,2.962459945815070032e-05,-4.060342782146337268e-05,1.362638456972662544e-05
7.162500000000000533e+00,4.232459399714887938e-01,-2.779900787591542844e-03,2.175794353877569167e-03,4.218889256337042815e-01,-1.614576310753426192e-03,2.912130569942970298e-05,-3.992547912494053615e-05,1.339007125464594398e-05
7.175000000000000711e+00,4.232113607222450780e-01,-2.752816878828199393e-03,2.157656389712676176e-03,4.218688515040976417e-01,-1.597308801051032122e-03,2.862641524211680422e-05,-3.925886766238217800e-05,1.315770494308660580e-05
7.187500000000000000e+00,4.231771186087838199e-01,-2.725958746944951317e-03,2.139669842895421722e-03,4.218489923068063363e-01,-1.580186940991938150e-03,2.813978756155946484e-05,-3.860340344757788643e-05,1.292921969878174948e-05
7.200000000000000178e+00,4.231432108206907294e-01,-2.699324507084186180e-03,2.121833457706931002e-03,4.218293462286621942e-01,-1.563209539923119751e-03,2.766128448789776590e-05,-3.795889969081278105e-05,1.270455068994799889e-05
7.212500000000000355e+00,4.231096345710144702e-01,-2.672912290019003115e-03,2.104145988938594183e-03,4.218099114713155240e-01,-1.546375417527872526e-03,2.719077016644731235e-05,-3.732517274480182671e-05,1.248363417075897061e-05
7.225000000000000533e+00,4.230763870960718154e-01,-2.646720242022366533e-03,2.086606201806119089e-03,4.217906862511065502e-01,-1.529683403746889218e-03,2.672811101875181109e-05,-3.670204205154644429e-05,1.226640746313131600e-05
7.237500000000000711e+00,4.230434656552552464e-01,-2.620746524737335367e-03,2.069212871864321152e-03,4.217716687989372382e-01,-1.513132338700118231e-03,2.627317570429444754e-05,-3.608933009009829382e-05,1.205280893881823643e-05
7.250000000000000000e+00,4.230108675308410504e-01,-2.594989315048357864e-03,2.051964784922645415e-03,4.217528573601451169e-01,-1.496721072609393877e-03,2.582583508285660201e-05,-3.548686232521421747e-05,1.184277800180516375e-05
7.262500000000000178e+00,4.229785900277999722e-01,-2.569446804953603308e-03,2.034860736961399772e-03,4.217342501943770472e-01,-1.480448465721828383e-03,2.538596217751275906e-05,-3.489446715688685884e-05,1.163625507100244290e-05
7.275000000000000355e+00,4.229466304736090310e-01,-2.544117201438357134e-03,2.017899534048719391e-03,4.217158455754645985e-01,-1.464313388233978459e-03,2.495343213825118098e-05,-3.431197587073643693e-05,1.143318156323017803e-05
7.287500000000000533e+00,4.229149862180647812e-01,-2.518998726349431713e-03,2.001079992258233270e-03,4.216976417913000930e-01,-1.448314720216759086e-03,2.452812220620909022e-05,-3.373922258924794701e-05,1.123349987649002304e-05
7.300000000000000711e+00,4.228836546330986268e-01,-2.494089616270610613e-03,1.984400937587434653e-03,4.216796371437136481e-01,-1.432451351541117997e-03,2.410991167851230118e-05,-3.317604422383991754e-05,1.103715337351926436e-05
7.312500000000000000e+00,4.228526331125930238e-01,-2.469388122399107655e-03,1.967861205876761822e-03,4.216618299483509968e-01,-1.416722181804459758e-03,2.369868187370891024e-05,-3.262228042775012013e-05,1.084408636562235963e-05
7.325000000000000178e+00,4.228219190721999032e-01,-2.444892510423026920e-03,1.951459642729358240e-03,4.216442185345526950e-01,-1.401126120257813190e-03,2.329431609778669302e-05,-3.207777354972394829e-05,1.065424409677514639e-05
7.337500000000000355e+00,4.227915099491600937e-01,-2.420601060399834095e-03,1.935195103431540473e-03,4.216268012452336067e-01,-1.385662085733751006e-03,2.289669961076477647e-05,-3.154236858849232577e-05,1.046757272799734340e-05
7.350000000000000533e+00,4.227614032021246304e-01,-2.396512066635807063e-03,1.919066452873936790e-03,4.216095764367636667e-01,-1.370329006575037164e-03,2.250571959384917400e-05,-3.101591314802460932e-05,1.028401932198850123e-05
7.362500000000000711e+00,4.227315963109771202e-01,-2.372623837566471394e-03,1.903072565473308596e-03,4.215925424788494191e-01,-1.355125820564017118e-03,2.212126511714301882e-05,-3.049825739354389913e-05,1.010353182802318050e-05
7.375000000000000000e+00,4.227020867766581036e-01,-2.348934695638009440e-03,1.887212325095048845e-03,4.215756977544166118e-01,-1.340051474852737299e-03,2.174322710790191031e-05,-2.998925400829128890e-05,9.926059067100890507e-06
7.387500000000000178e+00,4.226728721209906947e-01,-2.325442977189628307e-03,1.871484624976341377e-03,4.215590406594932338e-01,-1.325104925893788197e-03,2.137149831932498855e-05,-2.948875815102613008e-05,9.751550717346414241e-06
7.400000000000000355e+00,4.226439498865074418e-01,-2.302147032336899265e-03,1.855888367649996150e-03,4.215425696030939973e-01,-1.310285139371883617e-03,2.100597329987293093e-05,-2.899662741425005518e-05,9.579957299656503023e-06
7.412500000000000533e+00,4.226153176362789088e-01,-2.279045224856026969e-03,1.840422464868931305e-03,4.215262830071051514e-01,-1.295591090136147911e-03,2.064654836310348944e-05,-2.851272178314172610e-05,9.411230163588500740e-06
7.425000000000000711e+00,4.225869729537438113e-01,-2.256135932069069320e-03,1.825085837531314429e-03,4.215101793061703517e-01,-1.281021762133128118e-03,2.029312155801604386e-05,-2.803690359519054391e-05,9.245321473487016511e-06
7.437500000000000000e+00,4.225589134425401516e-01,-2.233417544730087554e-03,1.809877415606352818e-03,4.214942569475775280e-01,-1.266576148340519715e-03,1.994559263989646681e-05,-2.756903750051714315e-05,9.082184194844547854e-06
7.450000000000000178e+00,4.225311367263381856e-01,-2.210888466912213583e-03,1.794796138060722338e-03,4.214785143911460863e-01,-1.252253250701597983e-03,1.960386304165358980e-05,-2.710899042286876799e-05,8.921772080892074994e-06
7.462500000000000355e+00,4.225036404486746111e-01,-2.188547115895644966e-03,1.779840952785645067e-03,4.214629501091156638e-01,-1.238052080060367526e-03,1.926783584563934883e-05,-2.665663152127835977e-05,8.764039659415882424e-06
7.475000000000000533e+00,4.224764222727881435e-01,-2.166391922056537609e-03,1.765010816524591013e-03,4.214475625860349406e-01,-1.223971656097407002e-03,1.893741575594384439e-05,-2.621183215237533816e-05,8.608942219796589392e-06
7.487500000000000711e+00,4.224494798814564800e-01,-2.144421328756799649e-03,1.750304694801614299e-03,4.214323503186517272e-01,-1.210011007266419440e-03,1.861250907115761808e-05,-2.577446583333741338e-05,8.456435800266799599e-06
7.500000000000000000e+00,4.224228109768348727e-01,-2.122633792234782622e-03,1.735721561850315370e-03,4.214173118158035525e-01,-1.196169170731482302e-03,1.829302365759308545e-05,-2.534440820547221831e-05,8.306477175383638063e-06
7.512500000000000178e+00,4.223964132802954241e-01,-2.101027781496845638e-03,1.721260400543415557e-03,4.214024455983094719e-01,-1.182445192304987973e-03,1.797886892295722056e-05,-2.492153699841781670e-05,8.159023843712468558e-06
7.525000000000000355e+00,4.223702845322685473e-01,-2.079601778209812062e-03,1.706920202322959393e-03,4.213877501988619878e-01,-1.168838126386287672e-03,1.766995579046811292e-05,-2.450573199495199777e-05,8.014034015718444123e-06
7.537500000000000533e+00,4.223444224920853696e-01,-2.058354276594282287e-03,1.692699967131117795e-03,4.213732241619203012e-01,-1.155347035901014511e-03,1.736619667340747193e-05,-2.409687499639919306e-05,7.871466601862121370e-06
7.550000000000000711e+00,4.223188249378210801e-01,-2.037283783318809532e-03,1.678598703341601002e-03,4.213588660436041189e-01,-1.141970992241100880e-03,1.706750545010194013e-05,-2.369484978862537321e-05,7.731281200895901223e-06
7.562500000000000000e+00,4.222934896661405535e-01,-2.016388817394935192e-03,1.664615427691675193e-03,4.213446744115881271e-01,-1.128709075205479740e-03,1.677379743932587639e-05,-2.329954210861057368e-05,7.593438088357835103e-06
7.575000000000000178e+00,4.222684144921441396e-01,-1.995667910073059461e-03,1.650749165214770650e-03,4.213306478449972414e-01,-1.115560372941463768e-03,1.648498937611829761e-05,-2.291083961158912232e-05,7.457898205259444013e-06
7.587500000000000355e+00,4.222435972492158407e-01,-1.975119604739166302e-03,1.636998949173694038e-03,4.213167849343026350e-01,-1.102523981886814261e-03,1.620099938800729071e-05,-2.252863183874817345e-05,7.324623146964414808e-06
7.600000000000000533e+00,4.222190357888718770e-01,-1.954742456812365043e-03,1.623363820994418345e-03,4.213030842812186538e-01,-1.089599006712479003e-03,1.592174697163453926e-05,-2.215281018547453993e-05,7.193575152254783812e-06
7.612500000000000711e+00,4.221947279806110842e-01,-1.934535033643261168e-03,1.609842830200463497e-03,4.212895444985998994e-01,-1.076784560266007967e-03,1.564715296977349339e-05,-2.178326787014077688e-05,7.064717092581583039e-06
7.625000000000000000e+00,4.221706717117664209e-01,-1.914495914413148498e-03,1.596435034347856588e-03,4.212761642103396431e-01,-1.064079763515645783e-03,1.537713954873439325e-05,-2.141989990342117937e-05,6.938012461496820075e-06
7.637500000000000178e+00,4.221468648873575868e-01,-1.894623690033998701e-03,1.583139498960664570e-03,4.212629420512686851e-01,-1.051483745495087295e-03,1.511163017614946962e-05,-2.106260305812853939e-05,6.813425364263669455e-06
7.650000000000000355e+00,4.221233054299450838e-01,-1.874916963049269147e-03,1.569955297467106768e-03,4.212498766670546013e-01,-1.038995643248913359e-03,1.485054959913218752e-05,-2.071127583956311040e-05,6.690920507642049837e-06
7.662500000000000533e+00,4.220999912794855535e-01,-1.855374347535492918e-03,1.556881511136227721e-03,4.212369667141022678e-01,-1.026614601778683220e-03,1.459382382280376158e-05,-2.036581845636450277e-05,6.570463189846431774e-06
7.675000000000000711e+00,4.220769203931879487e-01,-1.835994469004661577e-03,1.543917229015137269e-03,4.212242108594544954e-01,-1.014339773989698023e-03,1.434138008918103096e-05,-2.002613279185836502e-05,6.452019290673137618e-06
7.687500000000000000e+00,4.220540907453714241e-01,-1.816775964307390957e-03,1.531061547866811390e-03,4.212116077806937198e-01,-1.002170320638426544e-03,1.409314685641944938e-05,-1.969212237588920784e-05,6.335555261794231643e-06
7.700000000000000178e+00,4.220315003273241716e-01,-1.797717481536852385e-03,1.518313572108444254e-03,4.211991561658440797e-01,-9.901054102805877371e-04,1.384905377840507988e-05,-1.936369235713098169e-05,6.221038117215172962e-06
7.712500000000000355e+00,4.220091471471633660e-01,-1.778817679933485845e-03,1.505672413750361229e-03,4.211868547132742724e-01,-9.781442192199030997e-04,1.360903168468994286e-05,-1.904074947586763245e-05,6.108435423893602921e-06
7.725000000000000533e+00,4.219870292296966086e-01,-1.760075229790460149e-03,1.493137192335470100e-03,4.211747021316011308e-01,-9.662859314574970661e-04,1.337301256076452552e-05,-1.872320203723509000e-05,5.997715292516394665e-06
7.737500000000000711e+00,4.219651446162842046e-01,-1.741488812359890965e-03,1.480707034879263917e-03,4.211626971395935337e-01,-9.545297386419599557e-04,1.314092952866202847e-05,-1.841095988491723605e-05,5.888846368432451732e-06
7.750000000000000000e+00,4.219434913647027163e-01,-1.723057119759808901e-03,1.468381075810360967e-03,4.211508384660772597e-01,-9.428748400200653466e-04,1.291271682788860300e-05,-1.810393437528795338e-05,5.781797822738589223e-06
7.762500000000000178e+00,4.219220675490099048e-01,-1.704778854881857254e-03,1.456158456911579250e-03,4.211391248498402295e-01,-9.313204423881369948e-04,1.268830979667398209e-05,-1.780203835199154172e-05,5.676539343515901384e-06
7.775000000000000355e+00,4.219008712594104482e-01,-1.686652731299738937e-03,1.444038327261552412e-03,4.211275550395385259e-01,-9.198657600440772247e-04,1.246764485353732619e-05,-1.750518612095440895e-05,5.573041127214210025e-06
7.787500000000000533e+00,4.218799006021231035e-01,-1.668677473178375743e-03,1.432019843176866088e-03,4.211161277936027458e-01,-9.085100147400386851e-04,1.225065947916259343e-05,-1.721329342582018050e-05,5.471273870181965447e-06
7.800000000000000711e+00,4.218591536992489233e-01,-1.650851815183792919e-03,1.420102168154725297e-03,4.211048418801454640e-01,-8.972524356357493378e-04,1.203729219857845214e-05,-1.692627742380141344e-05,5.371208760339281522e-06
7.812500000000000000e+00,4.218386286886403047e-01,-1.633174502393720416e-03,1.408284472816142456e-03,4.210936960768684734e-01,-8.860922592524882917e-04,1.182748256363747383e-05,-1.664405666194068158e-05,5.272817468991662118e-06
7.825000000000000178e+00,4.218183237237716487e-01,-1.615644290208890620e-03,1.396565934849641928e-03,4.210826891709714137e-01,-8.750287294277051117e-04,1.162117113578947009e-05,-1.636655105377395045e-05,5.176072142782053914e-06
7.837500000000000355e+00,4.217982369736108517e-01,-1.598259944265051878e-03,1.384945738955486050e-03,4.210718199590604005e-01,-8.640610972702943106e-04,1.141829946914419475e-05,-1.609368185638976391e-05,5.080945395778999635e-06
7.850000000000000533e+00,4.217783666224916850e-01,-1.581020240345663332e-03,1.373423076790407718e-03,4.210610872470575416e-01,-8.531886211165095203e-04,1.121881009381824244e-05,-1.582537164787701229e-05,4.987410301698486116e-06
7.862500000000000711e+00,4.217587108699877851e-01,-1.563923964295281912e-03,1.361997146912851666e-03,4.210504898501107318e-01,-8.424105664865264497e-04,1.102264649956150528e-05,-1.556154430515509183e-05,4.895440386257372157e-06
7.875000000000000000e+00,4.217392679307873093e-01,-1.546969911933632810e-03,1.350667154728724248e-03,4.210400265925041685e-01,-8.317262060416522442e-04,1.082975311965841219e-05,-1.530212498217976727e-05,4.805009619656143914e-06
7.887500000000000178e+00,4.217200360345687016e-01,-1.530156888970347169e-03,1.339432312437638904e-03,4.210296963075694787e-01,-8.211348195421754991e-04,1.064007531509920568e-05,-1.504704008851829844e-05,4.716092409188833644e-06
7.900000000000000355e+00,4.217010134258776244e-01,-1.513483710920381087e-03,1.328291838979668831e-03,4.210194978375970121e-01,-8.106356938058675550e-04,1.045355935901688711e-05,-1.479621726828784070e-05,4.628663591978059627e-06
7.912500000000000533e+00,4.216821983640050564e-01,-1.496949203020086442e-03,1.317244959982587314e-03,4.210094300337480222e-01,-8.002281226671214111e-04,1.027015242138506503e-05,-1.454958537945059528e-05,4.542698427832986651e-06
7.925000000000000711e+00,4.216635891228661670e-01,-1.480552200143941998e-03,1.306290907709603544e-03,4.209994917559672922e-01,-7.899114069367377993e-04,1.008980255397248169e-05,-1.430707447345989044e-05,4.458172592228257210e-06
7.937500000000000000e+00,4.216451839908803567e-01,-1.464291546721935462e-03,1.295428921007586763e-03,4.209896818728959822e-01,-7.796848543623539733e-04,9.912458675549794349e-06,-1.406861577525120161e-05,4.375062169401841042e-06
7.950000000000000178e+00,4.216269812708524078e-01,-1.448166096657585661e-03,1.284658245255774177e-03,4.209799992617852538e-01,-7.695477795895136952e-04,9.738070557344288204e-06,-1.383414166357213885e-05,4.293343645569808245e-06
7.962500000000000355e+00,4.216089792798544678e-01,-1.432174713246611329e-03,1.273978132314968273e-03,4.209704428084103389e-01,-7.594995041233868751e-04,9.566588808738501001e-06,-1.360358565164593315e-05,4.212993902256159969e-06
7.975000000000000533e+00,4.215911763491092534e-01,-1.416316269096222881e-03,1.263387840477204907e-03,4.209610114069848863e-01,-7.495393562911265061e-04,9.397964863208366478e-06,-1.337688236816241791e-05,4.133990209735698188e-06
7.987500000000000711e+00,4.215735708238740886e-01,-1.400589646045044762e-03,1.252886634415904940e-03,4.209517039600761401e-01,-7.396666712048718907e-04,9.232150964497021030e-06,-1.315396753859122683e-05,4.056310220588143085e-06
8.000000000000000000e+00,4.215561610633259959e-01,-1.384993735083658818e-03,1.242473785136497281e-03,4.209425193785200636e-01,-7.298807907253966436e-04,9.069100153020212898e-06,-1.293477796681166522e-05,3.979931963361624422e-06
8.012500000000001066e+00,4.215389454404478986e-01,-1.369527436275754396e-03,1.232148569927509017e-03,4.209334565813375728e-01,-7.201810634263971318e-04,8.908766252499304028e-06,-1.271925151705379815e-05,3.904833836343705428e-06
8.025000000000000355e+00,4.215219223419156003e-01,-1.354189658679904673e-03,1.221910272312136262e-03,4.209245144956504370e-01,-7.105668445594358817e-04,8.751103856818295200e-06,-1.250732709614583082e-05,3.830994601438268865e-06
8.037499999999999645e+00,4.215050901679858741e-01,-1.338979320271920436e-03,1.211758182000261279e-03,4.209156920565983451e-01,-7.010374960195143654e-04,8.596068317100569818e-06,-1.229894463606200601e-05,3.758393378146314140e-06
8.050000000000000711e+00,4.214884473323853298e-01,-1.323895347867819683e-03,1.201691594840947289e-03,4.209069882072559721e-01,-6.915923863113057407e-04,8.443615729002188440e-06,-1.209404507676657010e-05,3.687009637649164925e-06
8.062500000000000000e+00,4.214719922622007231e-01,-1.308936677047388549e-03,1.191709812775392559e-03,4.208984018985504338e-01,-6.822308905160325834e-04,8.293702920217768256e-06,-1.189257034934854408e-05,3.616823196992296249e-06
8.075000000000001066e+00,4.214557233977695994e-01,-1.294102252078307329e-03,1.181812143790326401e-03,4.208899320891794638e-01,-6.729523902589801786e-04,8.146287438195198532e-06,-1.169446335944207007e-05,3.547814213368024737e-06
8.087500000000000355e+00,4.214396391925722130e-01,-1.279391025840886020e-03,1.171997901871882439e-03,4.208815777455297558e-01,-6.637562736776783309e-04,8.001327538056152882e-06,-1.149966797092826240e-05,3.479963178495683021e-06
8.099999999999999645e+00,4.214237381131243909e-01,-1.264801959753344149e-03,1.162266406959901232e-03,4.208733378415957516e-01,-6.546419353907120126e-04,7.858782170718273301e-06,-1.130812898991295097e-05,3.413250913097366144e-06
8.112500000000000711e+00,4.214080186388713400e-01,-1.250334023697678015e-03,1.152616984902696696e-03,4.208652113588987609e-01,-6.456087764671970602e-04,7.718610971216151138e-06,-1.111979214897636443e-05,3.347658561467936650e-06
8.125000000000000000e+00,4.213924792620821758e-01,-1.235986195946091716e-03,1.143048967412270108e-03,4.208571972864065813e-01,-6.366562043969073697e-04,7.580774247217497500e-06,-1.093460409168989140e-05,3.283167586137626881e-06
8.137500000000001066e+00,4.213771184877453946e-01,-1.221757463087964641e-03,1.133561692019952570e-03,4.208492946204535068e-01,-6.277836330610420948e-04,7.445232967731016685e-06,-1.075251235739516099e-05,3.219759762625632945e-06
8.150000000000000355e+00,4.213619348334658454e-01,-1.207646819957400525e-03,1.124154502032511521e-03,4.208415023646604469e-01,-6.189904827036678703e-04,7.311948752003220483e-06,-1.057346536624168350e-05,3.157417174283437849e-06
8.162499999999999645e+00,4.213469268293614789e-01,-1.193653269561292807e-03,1.114826746488675746e-03,4.208338195298555462e-01,-6.102761799037974624e-04,7.180883858600383553e-06,-1.039741240447791830e-05,3.096122207226118911e-06
8.175000000000000711e+00,4.213320930179622059e-01,-1.179775823007949863e-03,1.105577780116110548e-03,4.208262451339954135e-01,-6.016401575481396475e-04,7.052001174672993736e-06,-1.022430360999216395e-05,3.035857545350420564e-06
8.187500000000000000e+00,4.213174319541085899e-01,-1.166013499436257140e-03,1.096406963288828551e-03,4.208187782020861856e-01,-5.930818548045081783e-04,6.925264205399398125e-06,-1.005408995809878967e-05,2.976606165438092887e-06
8.200000000000001066e+00,4.213029422048523154e-01,-1.152365325945346698e-03,1.087313661985018793e-03,4.208114177661054223e-01,-5.846007170958812714e-04,6.800637063605426998e-06,-9.886723247565462974e-06,2.918351332343006354e-06
8.212500000000000355e+00,4.212886223493568782e-01,-1.138830337524822725e-03,1.078297247745325970e-03,4.208041628649236698e-01,-5.761961960751414312e-04,6.678084459557462998e-06,-9.722156086877941188e-06,2.861076594260900998e-06
8.224999999999999645e+00,4.212744709787993869e-01,-1.125407576985475383e-03,1.069357097631538434e-03,4.207970125442273002e-01,-5.678677496004643855e-04,6.557571690925470016e-06,-9.560341880737692065e-06,2.804765778080163171e-06
8.237500000000000711e+00,4.212604866962733619e-01,-1.112096094890528512e-03,1.060492594185714638e-03,4.207899658564406287e-01,-5.596148417113872746e-04,6.439064632913544862e-06,-9.401234816789073834e-06,2.749402984812522404e-06
8.250000000000000000e+00,4.212466681166922022e-01,-1.098894949487395174e-03,1.051703125389733722e-03,4.207830218606489758e-01,-5.514369426055468768e-04,6.322529728554957646e-06,-9.244789852571958170e-06,2.694972585102289821e-06
8.262500000000001066e+00,4.212330138666934842e-01,-1.085803206639917402e-03,1.042988084625255055e-03,4.207761796225218953e-01,-5.433335286160794137e-04,6.207933979168733209e-06,-9.090962702695806530e-06,2.641459214812779462e-06
8.275000000000000355e+00,4.212195225845443147e-01,-1.072819939761131573e-03,1.034346870634115373e-03,4.207694382142364575e-01,-5.353040821897122941e-04,6.095244934975433238e-06,-8.939709826232067547e-06,2.588847770688864746e-06
8.287499999999999645e+00,4.212061929200471844e-01,-1.059944229746499116e-03,1.025778887479126622e-03,4.207627967144011438e-01,-5.273480918655175462e-04,5.984430685868954229e-06,-8.790988414320565433e-06,2.537123406094202998e-06
8.300000000000000711e+00,4.211930235344470419e-01,-1.047175164907642028e-03,1.017283544505299692e-03,4.207562542079795742e-01,-5.194650522543562115e-04,5.875459852342073789e-06,-8.644756377986858876e-06,2.486271526822115003e-06
8.312500000000000000e+00,4.211800131003389236e-01,-1.034511840906561508e-03,1.008860256301484688e-03,4.207498097862150677e-01,-5.116544640190073042e-04,5.768301576562994109e-06,-8.500972336166823170e-06,2.436277786978856649e-06
8.325000000000001066e+00,4.211671603015765264e-01,-1.021953360690315430e-03,1.000508442662407810e-03,4.207434625465548694e-01,-5.039158338549712532e-04,5.662925513600129760e-06,-8.359595603934809923e-06,2.387128084938042190e-06
8.337500000000000355e+00,4.211544638331814472e-01,-1.009498834426192588e-03,9.922275285511393105e-04,4.207372115925748224e-01,-4.962486744719807850e-04,5.559301822793034930e-06,-8.220586180932477357e-06,2.338808559365263242e-06
8.349999999999999645e+00,4.211419224012534213e-01,-9.971473794373306079e-04,9.840169440619500260e-04,4.207310560339045935e-01,-4.886525045761879165e-04,5.457401159266492778e-06,-8.083904739994364320e-06,2.291305585311559702e-06
8.362500000000000711e+00,4.211295347228813379e-01,-9.848981201388098180e-04,9.758761243835872845e-04,4.207249949861524008e-01,-4.811268488530575206e-04,5.357194665585732340e-06,-7.949512615967433169e-06,2.244605770374817203e-06
8.375000000000000000e+00,4.211172995260548113e-01,-9.727501879742054105e-04,9.678045097629556486e-04,4.207190275708308502e-01,-4.736712379509625892e-04,5.258653963550197998e-06,-7.817371794721140839e-06,2.198695950927940834e-06
8.387500000000001066e+00,4.211052155495767502e-01,-9.607027213525728537e-04,9.598015454691885160e-04,4.207131529152821070e-01,-4.662852084654706738e-04,5.161751146123379550e-06,-7.687444902344697426e-06,2.153563188412668833e-06
8.400000000000000355e+00,4.210932815429769271e-01,-9.487548655859069906e-04,9.518666817581398478e-04,4.207073701526037879e-01,-4.589683029243546279e-04,5.066458769496733519e-06,-7.559695194528874614e-06,2.109194765698153383e-06
8.412499999999999645e+00,4.210814962664257699e-01,-9.369057728270153030e-04,9.439993738372579697e-04,4.207016784215750760e-01,-4.517200697732986483e-04,4.972749845284980976e-06,-7.434086546128755582e-06,2.065578183503083279e-06
8.425000000000000711e+00,4.210698584906493180e-01,-9.251546020078457808e-04,9.361990818308697435e-04,4.206960768665823913e-01,-4.445400633623301356e-04,4.880597832850903979e-06,-7.310583440904869209e-06,2.022701156880506086e-06
8.437500000000000000e+00,4.210583669968450682e-01,-9.135005187782458715e-04,9.284652707458613402e-04,4.206905646375462826e-01,-4.374278439329710847e-04,4.789976631757268124e-06,-7.189150961439591481e-06,1.980551611764292708e-06
8.450000000000001066e+00,4.210470205765981522e-01,-9.019426954451311481e-04,9.207974104377444468e-04,4.206851408898472089e-01,-4.303829776061029360e-04,4.700860574343579102e-06,-7.069754779225741081e-06,1.939117681576216894e-06
8.462500000000000355e+00,4.210358180317984589e-01,-8.904803109121008867e-04,9.131949755771321927e-04,4.206798047842525978e-01,-4.234050363705753502e-04,4.613224418425869952e-06,-6.952361144924954261e-06,1.898387703892847980e-06
8.474999999999999645e+00,4.210247581745587553e-01,-8.791125506194450399e-04,9.056574456165922705e-04,4.206745554868433490e-01,-4.164935980725324553e-04,4.527043340117015176e-06,-6.836936878792534714e-06,1.858350217171141744e-06
8.487500000000000711e+00,4.210138398271334181e-01,-8.678386064845802295e-04,8.981843047579021874e-04,4.206693921689408366e-01,-4.096482464054870300e-04,4.442292926765840368e-06,-6.723449361266458448e-06,1.818993957531960903e-06
8.500000000000000000e+00,4.210030618218373877e-01,-8.566576768428917727e-04,8.907750419196951543e-04,4.206643140070335796e-01,-4.028685709011369854e-04,4.358949170012847113e-06,-6.611866523717658795e-06,1.780307855600564081e-06
8.512500000000001066e+00,4.209924230009667867e-01,-8.455689663889621186e-04,8.834291507054843617e-04,4.206593201827046324e-01,-3.961541669209199187e-04,4.276988458960455043e-06,-6.502156839358793845e-06,1.742281033403124522e-06
8.525000000000000355e+00,4.209819222167196506e-01,-8.345716861182200623e-04,8.761461293720905789e-04,4.206544098825585887e-01,-3.895046356483347389e-04,4.196387573456077997e-06,-6.394289314309288904e-06,1.704902801318551591e-06
8.537499999999999645e+00,4.209715583311173237e-01,-8.236650532689592397e-04,8.689254807984415256e-04,4.206495822981489718e-01,-3.829195840820071093e-04,4.117123677485751539e-06,-6.288233478813625006e-06,1.668162655084598394e-06
8.550000000000000711e+00,4.209613302159271320e-01,-8.128482912647589688e-04,8.617667124547669782e-04,4.206448366259054050e-01,-3.763986250295280360e-04,4.039174312676702458e-06,-6.183959378610759275e-06,1.632050272857556101e-06
8.562500000000000000e+00,4.209512367525851118e-01,-8.021206296572884649e-04,8.546693363721786585e-04,4.206401720670612243e-01,-3.699413771020615871e-04,3.962517391906869738e-06,-6.081437566452051344e-06,1.596555512324663781e-06
8.575000000000001066e+00,4.209412768321200149e-01,-7.914813040694730715e-04,8.476328691126235222e-04,4.206355878275808147e-01,-3.635474647097183321e-04,3.887131193019418640e-06,-5.980639093765127617e-06,1.561668407868375927e-06
8.587500000000000355e+00,4.209314493550775360e-01,-7.809295561390565497e-04,8.406568317392353832e-04,4.206310831180872234e-01,-3.572165180577238251e-04,3.812994352640728766e-06,-5.881535502461679297e-06,1.527379167781832274e-06
8.599999999999999645e+00,4.209217532314456500e-01,-7.704646334625096619e-04,8.337407497870521307e-04,4.206266571537897736e-01,-3.509481731433599077e-04,3.740085860099731293e-06,-5.784098816886422698e-06,1.493678171534601352e-06
8.612500000000000711e+00,4.209121873805805047e-01,-7.600857895393161668e-04,8.268841532341260781e-04,4.206223091544116222e-01,-3.447420717537090810e-04,3.668385051447121570e-06,-5.688301535905287199e-06,1.460555967088069065e-06
8.625000000000000000e+00,4.209027507311327576e-01,-7.497922837166185513e-04,8.200865764730116145e-04,4.206180383441173731e-01,-3.385978614641983134e-04,3.597871603572608573e-06,-5.594116625130432910e-06,1.428003268259674386e-06
8.637500000000001066e+00,4.208934422209750781e-01,-7.395833811342025776e-04,8.133475582826253875e-04,4.206138439514407468e-01,-3.325151956379404964e-04,3.528525528418408900e-06,-5.501517509279764456e-06,1.396010952135223282e-06
8.650000000000000355e+00,4.208842607971298722e-01,-7.294583526698534930e-04,8.066666418004973414e-04,4.206097252092123595e-01,-3.264937334259021160e-04,3.460327167287565684e-06,-5.410478064669097752e-06,1.364570056528677560e-06
8.662499999999999645e+00,4.208752054156981171e-01,-7.194164748850343568e-04,8.000433744953864808e-04,4.206056813544871709e-01,-3.205331397678783849e-04,3.393257185245150173e-06,-5.320972611834456442e-06,1.333671777488585589e-06
8.675000000000000711e+00,4.208662750417884180e-01,-7.094570299709194441e-04,7.934773081402840197e-04,4.206017116284721524e-01,-3.146330853943039136e-04,3.327296565610981411e-06,-5.232975908282732799e-06,1.303307466850580806e-06
8.687500000000000000e+00,4.208574686494471750e-01,-6.995793056947624501e-04,7.869679987857918814e-04,4.205978152764541234e-01,-3.087932468288981640e-04,3.262426604542166560e-06,-5.146463141368528577e-06,1.273468629835229739e-06
8.700000000000001066e+00,4.208487852215889724e-01,-6.897825953465806315e-04,7.805150067338693931e-04,4.205939915477269198e-01,-3.030133063921444918e-04,3.198628905703812693e-06,-5.061409921295041304e-06,1.244146922690529672e-06
8.712500000000000355e+00,4.208402237499282439e-01,-6.800661976861862180e-04,7.741178965119692099e-04,4.205902396955192857e-01,-2.972929522056312374e-04,3.135885375026599279e-06,-4.977792274237324805e-06,1.215334150378518732e-06
8.724999999999999645e+00,4.208317832349108278e-01,-6.704294168905178221e-04,7.677762368475348192e-04,4.205865589769220425e-01,-2.916318781972384406e-04,3.074178215549418604e-06,-4.895586635585612416e-06,1.187022264305238597e-06
8.737500000000000711e+00,4.208234626856468541e-01,-6.608715625013023140e-04,7.614896006428819621e-04,4.205829486528157024e-01,-2.860297841071979892e-04,3.013489922345827143e-06,-4.814769843307106221e-06,1.159203360093535906e-06
8.750000000000000000e+00,4.208152611198439641e-01,-6.513919493730275373e-04,7.552575649504554046e-04,4.205794079877975267e-01,-2.804863754950277419e-04,2.953803277532736630e-06,-4.735319131424245185e-06,1.131869675398056485e-06
8.762500000000001066e+00,4.208071775637410306e-01,-6.419898976212093855e-04,7.490797109484498935e-04,4.205759362501090282e-01,-2.750013637473398983e-04,2.895101345359830328e-06,-4.657212123607484509e-06,1.105013587761798624e-06
8.775000000000000355e+00,4.207992110520430429e-01,-6.326647325709807779e-04,7.429556239168200139e-04,4.205725327115628631e-01,-2.695744660865522922e-04,2.837367467378483939e-06,-4.580426826881101375e-06,1.078627612513745743e-06
8.787499999999999645e+00,4.207913606278560481e-01,-6.234157847059586255e-04,7.368848932136497871e-04,4.205691966474697785e-01,-2.642054055804873760e-04,2.780585257688546193e-06,-4.504941625439895937e-06,1.052704400706891951e-06
8.800000000000000711e+00,4.207836253426230355e-01,-6.142423896174166497e-04,7.308671122519047733e-04,4.205659273365656703e-01,-2.588939111528878968e-04,2.724738598261805154e-06,-4.430735274575348444e-06,1.027236737096203727e-06
8.812500000000000000e+00,4.207760042560605429e-01,-6.051438879537468160e-04,7.249018784765589836e-04,4.205627240609383088e-01,-2.536397175948505679e-04,2.669811634340704922e-06,-4.357786894709420709e-06,1.002217538155934742e-06
8.825000000000001066e+00,4.207684964360955959e-01,-5.961196253701910594e-04,7.189887933420854339e-04,4.205595861059537310e-01,-2.484425655771793054e-04,2.615788769910896089e-06,-4.286075965534229063e-06,9.776398501357273914e-07
8.837500000000000355e+00,4.207611009588034245e-01,-5.871689524788714903e-04,7.131274622903344086e-04,4.205565127601828546e-01,-2.433022016636869254e-04,2.562654663246501002e-06,-4.215582320256207301e-06,9.534968471550720977e-07
8.849999999999999645e+00,4.207538169083460677e-01,-5.782912247990760384e-04,7.073174947287721136e-04,4.205535033153274815e-01,-2.382183783254326697e-04,2.510394222526571304e-06,-4.146286139942869877e-06,9.297818293355114666e-07
8.862500000000000711e+00,4.207466433769110337e-01,-5.694858027078252309e-04,7.015585040091020528e-04,4.205505570661466908e-01,-2.331908539559238592e-04,2.458992601521653112e-06,-4.078167947970832807e-06,9.064882209701806996e-07
8.875000000000000000e+00,4.207395794646509590e-01,-5.607520513907055752e-04,6.958501074062607792e-04,4.205476733103825082e-01,-2.282193928872849800e-04,2.408435195349122389e-06,-4.011208604573466824e-06,8.836095687301648241e-07
8.887500000000001066e+00,4.207326242796240456e-01,-5.520893407929492727e-04,6.901919260977784805e-04,4.205448513486855777e-01,-2.233037654073971850e-04,2.358707636295993258e-06,-3.945389301486574264e-06,8.611395399071692845e-07
8.900000000000000355e+00,4.207257769377345524e-01,-5.434970455707887780e-04,6.845835851435283590e-04,4.205420904845406649e-01,-2.184437477780372405e-04,2.309795789708152335e-06,-3.880691556690842861e-06,8.390719206921233650e-07
8.912499999999999645e+00,4.207190365626743422e-01,-5.349745450430435940e-04,6.790247134658371599e-04,4.205393900241917171e-01,-2.136391222540051291e-04,2.261685749944613852e-06,-3.817097209249346794e-06,8.174006144891705311e-07
8.925000000000000711e+00,4.207124022858649837e-01,-5.265212231429655405e-04,6.735149438299805908e-04,4.205367492765671456e-01,-2.088896771032696103e-04,2.214363836395786338e-06,-3.754588414238915936e-06,7.961196402646862310e-07
8.937500000000000000e+00,4.207058732464001860e-01,-5.181364683703255838e-04,6.680539128250527914e-04,4.205341675532040524e-01,-2.041952066281358313e-04,2.167816589564517555e-06,-3.693147637773870222e-06,7.752231309308640639e-07
8.950000000000001066e+00,4.206994485909892334e-01,-5.098196737437252039e-04,6.626412608452067086e-04,4.205316441681731798e-01,-1.995555111874398944e-04,2.122030767208706887e-06,-3.632757652120680052e-06,7.547053317634229771e-07
8.962500000000000355e+00,4.206931274739005855e-01,-5.015702367531581045e-04,6.572766320712806641e-04,4.205291784380026376e-01,-1.949703972197995452e-04,2.076993340544520806e-06,-3.573401530902440126e-06,7.345605988531059947e-07
8.974999999999999645e+00,4.206869090569063663e-01,-4.933875593127809564e-04,6.519596744527924670e-04,4.205267696816020195e-01,-1.904396772679126885e-04,2.032691490508901925e-06,-3.515062644391577019e-06,7.147833975904844946e-07
8.987500000000000711e+00,4.206807925092275191e-01,-4.852710477139195221e-04,6.466900396903193940e-04,4.205244172201857977e-01,-1.859631700039330042e-04,1.989112604080436920e-06,-3.457724654889736765e-06,6.953683011837591823e-07
9.000000000000000000e+00,4.206747770074790171e-01,-4.772201125782914036e-04,6.414673832182561219e-04,4.205221203771966620e-01,-1.815407002559286010e-04,1.946244270657438989e-06,-3.401371512193507379e-06,6.763099892091524579e-07
9.012500000000001066e+00,4.206688617356164062e-01,-4.692341688114313731e-04,6.362913641879461681e-04,4.205198784782283039e-01,-1.771720990354304272e-04,1.904074278492114903e-06,-3.345987449144674839e-06,6.576032461935027525e-07
9.025000000000000355e+00,4.206630458848822918e-01,-4.613126355563422726e-04,6.311616454512047284e-04,4.205176908509479228e-01,-1.728572035660993632e-04,1.862590611179923877e-06,-3.291556977264008801e-06,6.392429602287759121e-07
9.037499999999999645e+00,4.206573286537538814e-01,-4.534549361473317990e-04,6.260778935442115525e-04,4.205155568250185105e-01,-1.685958573135068689e-04,1.821781444202910656e-06,-3.238064882467177899e-06,6.212241216180707501e-07
9.050000000000000711e+00,4.206517092478904707e-01,-4.456604980640602762e-04,6.210397786717948912e-04,4.205134757320205252e-01,-1.643879100160583007e-04,1.781635141526137176e-06,-3.185496220861831125e-06,6.035418215528522684e-07
9.062500000000000000e+00,4.206461868800825399e-01,-4.379287528857820104e-04,6.160469746920978424e-04,4.205114469053733428e-01,-1.602332177170666741e-04,1.742140252246152349e-06,-3.133836314624659884e-06,5.861912508210644174e-07
9.075000000000001066e+00,4.206407607702001283e-01,-4.302591362457649973e-04,6.110991591016235163e-04,4.205094696802562648e-01,-1.561316427979855749e-04,1.703285507290446441e-06,-3.083070747957259087e-06,5.691676985457858065e-07
9.087500000000000355e+00,4.206354301451429856e-01,-4.226510877859115316e-04,6.061960130206758271e-04,4.205075433935289708e-01,-1.520830540128303282e-04,1.665059816167053402e-06,-3.033185363119914010e-06,5.524665509541887580e-07
9.099999999999999645e+00,4.206301942387903892e-01,-4.151040511115421518e-04,6.013372211791775859e-04,4.205056673836516934e-01,-1.480873265237848241e-04,1.627452263763168461e-06,-2.984166256542041520e-06,5.360832901764367411e-07
9.112500000000000711e+00,4.206250522919520729e-01,-4.076174737463654713e-04,5.965224719028835694e-04,4.205038409906048935e-01,-1.441443419380238425e-04,1.590452107191964636e-06,-2.935999775008451334e-06,5.200134930742987928e-07
9.125000000000000000e+00,4.206200035523194325e-01,-4.001908070876170911e-04,5.917514570999843349e-04,4.205020635558085473e-01,-1.402539883457602549e-04,1.554048772686611222e-06,-2.888672511920354126e-06,5.042528300991861563e-07
9.137500000000001066e+00,4.206150472744175084e-01,-3.928235063613539323e-04,5.870238722480930829e-04,4.205003344220407113e-01,-1.364161603595278379e-04,1.518231852540518251e-06,-2.842171303630087753e-06,4.887970641793246305e-07
9.150000000000000355e+00,4.206101827195571352e-01,-3.855150305779239390e-04,5.823394163816373627e-04,4.204986529333558098e-01,-1.326307591547290520e-04,1.482991102093013900e-06,-2.796483225848774722e-06,4.736420496358714115e-07
9.162499999999999645e+00,4.206054091557883123e-01,-3.782648424875752636e-04,5.776977920796334993e-04,4.204970184350023121e-01,-1.288976925114483825e-04,1.448316436759404084e-06,-2.751595590125794067e-06,4.587837311276632350e-07
9.175000000000000711e+00,4.206007258578533525e-01,-3.710724085362265639e-04,5.730987054538648874e-04,4.204954302733400207e-01,-1.252168748575610037e-04,1.414197929104640282e-06,-2.707495940399334961e-06,4.442181426244230802e-07
9.187500000000000000e+00,4.205961321071411962e-01,-3.639371988213822048e-04,5.685418661374571020e-04,4.204938877957565824e-01,-1.215882273131488155e-04,1.380625805959668502e-06,-2.664172049617085930e-06,4.299414064081783104e-07
9.200000000000001066e+00,4.205916271916420035e-01,-3.568586870481775639e-04,5.640269872738470089e-04,4.204923903505835003e-01,-1.180116777362358175e-04,1.347590445579535481e-06,-2.621611916426153337e-06,4.159497321026591189e-07
9.212500000000000355e+00,4.205872104059022454e-01,-3.498363504855752574e-04,5.595537855061623539e-04,4.204909372870118123e-01,-1.144871607698735730e-04,1.315082374842515009e-06,-2.579803761931531515e-06,4.022394157305258180e-07
9.224999999999999645e+00,4.205828810509804616e-01,-3.428696699226762385e-04,5.551219809669954595e-04,4.204895279550067699e-01,-1.110146178905795403e-04,1.283092266489258881e-06,-2.538736026522140720e-06,3.888068387981718153e-07
9.237500000000000711e+00,4.205786384344036288e-01,-3.359581296251661488e-04,5.507312972685879425e-04,4.204881617052222409e-01,-1.075939974581592389e-04,1.251610936401249965e-06,-2.498397366763797619e-06,3.756484674079692399e-07
9.250000000000000000e+00,4.205744818701239174e-01,-3.291012172918820707e-04,5.463814614934241762e-04,4.204868378889142777e-01,-1.042252547669259520e-04,1.220629340917678175e-06,-2.458776652358306878e-06,3.627608513977639891e-07
9.262500000000001066e+00,4.205704106784758922e-01,-3.222984240114840689e-04,5.420722041852268826e-04,4.204855558578541874e-01,-1.009083520983323595e-04,1.190138574189875356e-06,-2.419862963167875067e-06,3.501406235074391422e-07
9.275000000000000355e+00,4.205664241861346575e-01,-3.155492442192519014e-04,5.378032593403741547e-04,4.204843149642407685e-01,-9.764325877504562200e-05,1.160129865572604158e-06,-2.381645586304280676e-06,3.377844985724392742e-07
9.287499999999999645e+00,4.205625217260741677e-01,-3.088531756539712866e-04,5.335743643997217529e-04,4.204831145606120479e-01,-9.442995121647127193e-05,1.130594577051268940e-06,-2.344114013281941312e-06,3.256892727440574111e-07
9.300000000000000711e+00,4.205587026375262605e-01,-3.022097193149299462e-04,5.293852602408478068e-04,4.204819539997560196e-01,-9.126841299575831385e-05,1.101524200704356886e-06,-2.307257937234349568e-06,3.138518227363965342e-07
9.312500000000000000e+00,4.205549662659400223e-01,-2.956183794190076473e-04,5.252356911707162365e-04,4.204808326346212155e-01,-8.815863489830097119e-05,1.072910356200284340e-06,-2.271067250193179148e-06,3.022691050998623278e-07
9.325000000000001066e+00,4.205513119629420427e-01,-2.890786633578458801e-04,5.211254049187559641e-04,4.204797498182257787e-01,-8.510061498175396576e-05,1.044744788327821842e-06,-2.235532040429384502e-06,2.909381555210584725e-07
9.337500000000000355e+00,4.205477390862967790e-01,-2.825900816551156556e-04,5.170541526303731568e-04,4.204787049035664248e-01,-8.209435863759365255e-05,1.017019364559433398e-06,-2.200642589855829344e-06,2.798560881490205343e-07
9.349999999999999645e+00,4.205442469998679766e-01,-2.761521479238495964e-04,5.130216888608813211e-04,4.204776972435262938e-01,-7.913987865423372436e-05,9.897260726466414171e-07,-2.166389371490709274e-06,2.690200949476464123e-07
9.362500000000000711e+00,4.205408350735799217e-01,-2.697643788238565351e-04,5.090277715698672458e-04,4.204767261907821352e-01,-7.623719528172841881e-05,9.628570182467604603e-07,-2.132763046981344982e-06,2.584274450742788220e-07
9.375000000000000000e+00,4.205375026833799712e-01,-2.634262940192039302e-04,5.050721621159885667e-04,4.204757910977106050e-01,-7.338633629808164556e-05,9.364044225802098338e-07,-2.099754464187759873e-06,2.480754842843500837e-07
9.387500000000001066e+00,4.205342492112010833e-01,-2.571374161357531363e-04,5.011546252522025178e-04,4.204748913162936752e-01,-7.058733707718065499e-05,9.103606201176215158e-07,-2.067354654825489023e-06,2.379616343620100425e-07
9.400000000000000355e+00,4.205310740449251239e-01,-2.508972707187656355e-04,4.972749291214397481e-04,4.204740261980233762e-01,-6.784024065838837356e-05,8.847180562961023229e-07,-2.035554832167248870e-06,2.280833925767213717e-07
9.412499999999999645e+00,4.205279765783465629e-01,-2.447053861905466193e-04,4.934328452527135533e-04,4.204731950938053187e-01,-6.514509781780570869e-05,8.594692852638039179e-07,-2.004346388802864571e-06,2.184383311657335071e-07
9.425000000000000711e+00,4.205249562111368911e-01,-2.385612938081439738e-04,4.896281485576775344e-04,4.204723973538619375e-01,-6.250196714123847693e-05,8.346069676521686665e-07,-1.973720894457131011e-06,2.090240968424394449e-07
9.437500000000000000e+00,4.205220123488093709e-01,-2.324645276210866754e-04,4.858606173276326570e-04,4.204716323276339041e-01,-5.991091509888946045e-05,8.101238683750916593e-07,-1.943670093865136112e-06,1.998384103305765751e-07
9.450000000000001066e+00,4.205191444026843972e-01,-2.264146244291497759e-04,4.821300332309800814e-04,4.204708993636814274e-01,-5.737201612179720125e-05,7.860128544542500171e-07,-1.914185904704614874e-06,1.908790659242467194e-07
9.462500000000000355e+00,4.205163517898553582e-01,-2.204111237401609410e-04,4.784361813111368380e-04,4.204701978095841675e-01,-5.488535268005653267e-05,7.622668928699738398e-07,-1.885260415585063502e-06,1.821439310737861857e-07
9.474999999999999645e+00,4.205136339331551620e-01,-2.144535677278174501e-04,4.747788499849026392e-04,4.204695270118403161e-01,-5.245101536283597261e-05,7.388790484368503046e-07,-1.856885884093137835e-06,1.736309459974552127e-07
9.487500000000000711e+00,4.205109902611231520e-01,-2.085415011895292716e-04,4.711578310412940372e-04,4.204688863157644008e-01,-5.006910296022762180e-05,7.158424817034436405e-07,-1.829054734894113477e-06,1.653381233189984486e-07
9.500000000000000000e+00,4.205084202079722999e-01,-2.026744715042737126e-04,4.675729196408446252e-04,4.204682750653844781e-01,-4.773972254695302633e-05,6.931504468753975523e-07,-1.801759557889059959e-06,1.572635477310926879e-07
9.512500000000001066e+00,4.205059232135577307e-01,-1.968520285904475737e-04,4.640239143153702538e-04,4.204676926033378837e-01,-4.546298956794931798e-05,6.707962897611939761e-07,-1.774993106427409574e-06,1.494053756847122820e-07
9.525000000000000355e+00,4.205034987233446930e-01,-1.910737248637317466e-04,4.605106169682157409e-04,4.204671382707662053e-01,-4.323902792587208151e-05,6.487734457399579854e-07,-1.748748295574761666e-06,1.417618351044921080e-07
9.537499999999999645e+00,4.205011461883779722e-01,-1.853391151949372161e-04,4.570328328749719091e-04,4.204666114072088123e-01,-4.106797007053359744e-05,6.270754377505234349e-07,-1.723018200435571885e-06,1.343312251301176900e-07
9.550000000000000711e+00,4.204988650652513038e-01,-1.796477568678476208e-04,4.535903706846802969e-04,4.204661113504956083e-01,-3.894995709031391271e-05,6.056958743011553041e-07,-1.697796054530610398e-06,1.271119158838440360e-07
9.562500000000000000e+00,4.204966548160775641e-01,-1.739992095370433006e-04,4.501830424215239718e-04,4.204656374366385063e-01,-3.688513880557078704e-05,5.846284474992107715e-07,-1.673075248228966258e-06,1.201023482642175457e-07
9.575000000000001066e+00,4.204945149084592382e-01,-1.683930351856934959e-04,4.468106634870042289e-04,4.204651889997214620e-01,-3.487367386407604026e-05,5.638669311000314317e-07,-1.648849327234397619e-06,1.133010337660880342e-07
9.587500000000000355e+00,4.204924448154597760e-01,-1.628287980833298171e-04,4.434730526626204134e-04,4.204647653717896727e-01,-3.291572983851630198e-05,5.434051785744610254e-07,-1.625111991125981216e-06,1.067065543270447023e-07
9.600000000000001421e+00,4.204904440155751710e-01,-1.573060647435707896e-04,4.401700321130416456e-04,4.204643658827374453e-01,-3.101148332608043696e-05,5.232371211942195769e-07,-1.601857091952836846e-06,1.003175622003657873e-07
9.612500000000000711e+00,4.204885119927062043e-01,-1.518244038818159598e-04,4.369014273897910486e-04,4.204639898601946202e-01,-2.916112005017460217e-05,5.033567661345525571e-07,-1.579078632882950152e-06,9.413277985464478793e-08
9.625000000000000000e+00,4.204866482361311886e-01,-1.463833863728791231e-04,4.336670674354321776e-04,4.204636366294119965e-01,-2.736483496428868611e-05,4.837581945933886123e-07,-1.556770766905923451e-06,8.815099990020885780e-08
9.637500000000001066e+00,4.204848522404791566e-01,-1.409825852085737927e-04,4.304667845882749456e-04,4.204633055131451469e-01,-2.562283235805403942e-05,4.644355599264048368e-07,-1.534927795589702686e-06,8.237108504250876619e-08
9.650000000000000355e+00,4.204831235057037708e-01,-1.356215754552365167e-04,4.273004145876008273e-04,4.204629958315371785e-01,-2.393532596552312526e-05,4.453830857972953339e-07,-1.513544167891230082e-06,7.679196806264006514e-08
9.662500000000001421e+00,4.204814615370576769e-01,-1.302999342111741386e-04,4.241677965794079922e-04,4.204627069019997720e-01,-2.230253907570302961e-05,4.265950643425419336e-07,-1.492614479021011517e-06,7.141265182516914443e-08
9.675000000000000711e+00,4.204798658450671911e-01,-1.250172405640470347e-04,4.210687731226935514e-04,4.204624380390933891e-01,-2.072470464538365148e-05,4.080658543500817040e-07,-1.472133469361709139e-06,6.623220931347909598e-08
9.687500000000000000e+00,4.204783359455079306e-01,-1.197730755481595319e-04,4.180031901962640278e-04,4.204621885544053694e-01,-1.920206541428871842e-05,3.897898794511136370e-07,-1.452096023440739736e-06,6.124978369281855829e-08
9.700000000000001066e+00,4.204768713593806106e-01,-1.145670221016689271e-04,4.149708972060915592e-04,4.204619577564270849e-01,-1.773487402259171119e-05,3.717616263244366050e-07,-1.432497168957045103e-06,5.646458840129411830e-08
9.712500000000000355e+00,4.204754716128875081e-01,-1.093986650236995051e-04,4.119717469932163232e-04,4.204617449504294835e-01,-1.632339313083072473e-05,3.539756429126127967e-07,-1.413332075862126730e-06,5.187590726903162114e-08
9.725000000000001421e+00,4.204741362374095348e-01,-1.042675909313466986e-04,4.090055958421968084e-04,4.204615494383368568e-01,-1.496789554225776780e-05,3.364265366492536491e-07,-1.394596055495464449e-06,4.748309466574810304e-08
9.737500000000000711e+00,4.204728647694837562e-01,-9.917338821658320961e-05,4.060723034901252810e-04,4.204613705185994976e-01,-1.366866432766553240e-05,3.191089726968089871e-07,-1.376284559774568915e-06,4.328557567701229346e-08
9.750000000000000000e+00,4.204716567507815195e-01,-9.411564700303800819e-05,4.031717331362003141e-04,4.204612074860644699e-01,-1.242599295272425210e-05,3.020176721941017023e-07,-1.358393180439789271e-06,3.928284630944964920e-08
9.762500000000001066e+00,4.204705117280868598e-01,-8.909395910265940281e-05,4.003037514518747032e-04,4.204610596318448801e-01,-1.124018540787294588e-05,2.851474105129827510e-07,-1.340917648354182390e-06,3.547447372519800364e-08
9.775000000000000355e+00,4.204694292532760169e-01,-8.410791797224750497e-05,3.974682285915793101e-04,4.204609262431874828e-01,-1.011155634080294352e-05,2.684930155233926917e-07,-1.323853832858677284e-06,3.186009650591137816e-08
9.787500000000001421e+00,4.204684088832968403e-01,-7.915711866984206132e-05,3.946650382040265206e-04,4.204608066033386216e-01,-9.040431191572937368e-06,2.520493658661124271e-07,-1.307197741182811220e-06,2.843942494662659837e-08
9.800000000000000711e+00,4.204674501801493602e-01,-7.424115781097576333e-05,3.918940574441089303e-04,4.204606999914084486e-01,-8.027146330401070006e-06,2.358113892325660525e-07,-1.290945517911421897e-06,2.521224137984034311e-08
9.812500000000000000e+00,4.204665527108661371e-01,-6.935963352476470984e-05,3.891551669853888650e-04,4.204606056822334237e-01,-7.072049198171435409e-06,2.197740606509037115e-07,-1.275093444507583029e-06,2.217840053013110144e-08
9.825000000000001066e+00,4.204657160474941091e-01,-6.451214540984590224e-05,3.864482510331946220e-04,4.204605229462372029e-01,-6.175498449701836447e-06,2.039324007777173537e-07,-1.259637938892233332e-06,1.933782989970436025e-08
9.837500000000000355e+00,4.204649397670761624e-01,-5.969829449014718971e-05,3.837731973383271705e-04,4.204604510492891967e-01,-5.337864099814774188e-06,1.882814741946542751e-07,-1.244575555080895525e-06,1.669053018523720123e-08
9.850000000000001421e+00,4.204642234516337562e-01,-5.491768317047519729e-05,3.811298972113803482e-04,4.204603892525620168e-01,-4.559527672254999836e-06,1.728163877091902512e-07,-1.229902982877922425e-06,1.423657572641693511e-08
9.862500000000000711e+00,4.204635666881498257e-01,-5.016991519193061505e-05,3.785182455376909791e-04,4.204603368123864815e-01,-3.840882351501906803e-06,1.575322886588957295e-07,-1.215617047628813924e-06,1.197611498659812834e-08
9.875000000000000000e+00,4.204629690685525722e-01,-4.545459558712244233e-05,3.759381407929159860e-04,4.204602929801048994e-01,-3.182333137519189096e-06,1.424243632183994502e-07,-1.201714710031065428e-06,9.909371065998415441e-09
9.887500000000001066e+00,4.204624301896993099e-01,-4.077133063519034173e-05,3.733894850592522712e-04,4.204602570019223551e-01,-2.584297003491490663e-06,1.274878347083697791e-07,-1.188193066004159519e-06,8.036642247891401191e-09
9.900000000000000355e+00,4.204619496533613665e-01,-3.611972781662011373e-05,3.708721840423042466e-04,4.204602281187561630e-01,-2.047203056594358502e-06,1.127179619057477836e-07,-1.175049346619279380e-06,6.358302578259234559e-09
9.912500000000001421e+00,4.204615270662092064e-01,-3.149939576783766212e-05,3.683861470886029142e-04,4.204602055660831006e-01,-1.571492701845320461e-06,9.811003735446178002e-08,-1.162280918089355303e-06,4.874802479387753216e-09
9.925000000000000711e+00,4.204611620397985527e-01,-2.690994423558971715e-05,3.659312872037935745e-04,4.204601885737846989e-01,-1.157619809087367750e-06,8.365938567591671630e-08,-1.149885281820164708e-06,3.586669397913757641e-09
9.937500000000000000e+00,4.204608541905562880e-01,-2.235098403108315762e-05,3.635075210714896143e-04,4.204601763659902569e-01,-8.060508831527246147e-07,6.936136187842865435e-08,-1.137860074523140204e-06,2.494508487839453454e-09
9.950000000000001066e+00,4.204606031397680743e-01,-1.782212698389100937e-05,3.611147690728100466e-04,4.204601681609178576e-01,-5.172652372597814111e-07,5.521134966488023838e-08,-1.126203068390681901e-06,1.599003329061367870e-09
9.962500000000000355e+00,4.204604085135653646e-01,-1.332298589560985815e-05,3.587529553066049772e-04,4.204601631707133857e-01,-2.917551696942320270e-07,4.120475973778968197e-08,-1.114912171334741395e-06,9.009166819721423274e-10
9.975000000000001421e+00,4.204602699429138557e-01,-8.853174493253681190e-06,3.564220076103750143e-04,4.204601606012866033e-01,-1.300261438270529406e-07,2.733702810097787231e-08,-1.103985427289499671e-06,4.010912787160337841e-10
9.987500000000000711e+00,4.204601870636019978e-01,-4.412307382391396112e-06,3.541218575819019693e-04,4.204601596521460594e-01,-3.259697152395057111e-08,1.360361435707654262e-08,-1.093421016579048650e-06,1.004506517027906466e-10
1.000000000000000000e+01,4.204601595162305583e-01,3.579750592568452945e-28,3.518524406015893845e-04,4.204601595162305583e-01,0.000000000000000000e+00,-7.312266197692217690e-33,-1.083217256350947329e-06,0.000000000000000000e+00
