eta,f,f',f'',F,F',t,t',tp
0.000000000000000000e+00,1.000000000000000000e+00,-3.719755262019308617e-01,3.501223689903458225e-01,7.891072522087790864e-01,-1.776328938340678010e-01,1.000000000000000000e+00,-2.357621214164409729e+00,2.646347050904397369e-01
2.083333333333333304e-03,9.992258102676656595e-01,-3.712468728007167207e-01,3.493851993162890857e-01,7.887375374545996243e-01,-1.772933823309550405e-01,9.951012157276217795e-01,-2.345223513456829334e+00,2.634187243062823813e-01
4.166666666666666609e-03,9.984531369648046439e-01,-3.705197532770667102e-01,3.486498455499598692e-01,7.883685293155981988e-01,-1.769545430227204286e-01,9.902281862393190748e-01,-2.332896547516647434e+00,2.622086342220105171e-01
6.250000000000000347e-03,9.976819768997751137e-01,-3.697941638539486986e-01,3.479163018309187061e-01,7.880002263928697070e-01,-1.766163744693085291e-01,9.853807646320246194e-01,-2.320639874263447311e+00,2.610044044922377182e-01
8.333333333333333218e-03,9.969123268887915001e-01,-3.690701007665130318e-01,3.471845623247240553e-01,7.876326272905050940e-01,-1.762788752342735188e-01,9.805588049204942980e-01,-2.308453054663210935e+00,2.598060049393560167e-01
1.041666666666666782e-02,9.961441837558990819e-01,-3.683475602620379097e-01,3.464546212227833100e-01,7.872657306155842472e-01,-1.759420438847675294e-01,9.757621620309854249e-01,-2.296335652705125074e+00,2.586134055525306508e-01
1.250000000000000069e-02,9.953775443329484496e-01,-3.676265385998762070e-01,3.457264727422048045e-01,7.868995349781685578e-01,-1.756058789915293239e-01,9.709906917949816529e-01,-2.284287235378581027e+00,2.574265764867018080e-01
1.458333333333333356e-02,9.946124054595709696e-01,-3.669070320514016825e-01,3.450001111256510988e-01,7.865340389912929275e-01,-1.752703791288725554e-01,9.662442509429668425e-01,-2.272307372650364421e+00,2.562454880615923081e-01
1.666666666666666644e-02,9.938487639831533604e-01,-3.661890368999561329e-01,3.442755306411930949e-01,7.861692412709591071e-01,-1.749355428746745267e-01,9.615226970982456711e-01,-2.260395637442039085e+00,2.550701107607220020e-01
1.874999999999999931e-02,9.930866167588129345e-01,-3.654725494407964348e-01,3.435527255821648196e-01,7.858051404361278136e-01,-1.746013688103645878e-01,9.568258887708107618e-01,-2.248551605607520987e+00,2.539004152304288331e-01
2.083333333333333218e-02,9.923259606493729512e-01,-3.647575659810423643e-01,3.428316902670197619e-01,7.854417351087112920e-01,-1.742678555209130342e-01,9.521536853512576615e-01,-2.236774855910835136e+00,2.527363722788960043e-01
2.291666666666666852e-02,9.915667925253378590e-01,-3.640440828396239725e-01,3.421124190391877651e-01,7.850790239135662096e-01,-1.739350015948195882e-01,9.475059471047444504e-01,-2.225064970004064779e+00,2.515779528751855287e-01
2.500000000000000139e-02,9.908091092648686482e-01,-3.633320963472300713e-01,3.413949062669331957e-01,7.847170054784861071e-01,-1.736028056241022688e-01,9.428825351649979813e-01,-2.213421532405477787e+00,2.504251281482783309e-01
2.708333333333333426e-02,9.900529077537585376e-01,-3.626216028462564966e-01,3.406791463432135569e-01,7.843556784341944033e-01,-1.732712662042861784e-01,9.382833115283651937e-01,-2.201844130477842665e+00,2.492778693861201766e-01
2.916666666666667060e-02,9.892981848854085491e-01,-3.619125986907548720e-01,3.399651336855397665e-01,7.839950414143365132e-01,-1.729403819343922621e-01,9.337081390479097243e-01,-2.190332354406919091e+00,2.481361480346742643e-01
3.125000000000000000e-02,9.885449375608035272e-01,-3.612050802463813715e-01,3.392528627358369353e-01,7.836350930554730754e-01,-1.726101514169263162e-01,9.291568814275528165e-01,-2.178885797180131867e+00,2.469999356969797277e-01
3.333333333333333287e-02,9.877931626884876026e-01,-3.604990438903463712e-01,3.385423279603058666e-01,7.832758319970727356e-01,-1.722805732578678306e-01,9.246294032162584164e-01,-2.167504054565420279e+00,2.458692041322161903e-01
3.541666666666666574e-02,9.870428571845405452e-01,-3.597944860113637677e-01,3.378335238492861659e-01,7.829172568815043753e-01,-1.719516460666590252e-01,9.201255698022625662e-01,-2.156186725090264655e+00,2.447439252547747301e-01
3.750000000000000555e-02,9.862940179725536716e-01,-3.590914030096008513e-01,3.371264449171196831e-01,7.825593663540306721e-01,-1.716233684561938311e-01,9.156452474073458747e-01,-2.144933410020886111e+00,2.436240711333345355e-01
3.958333333333333148e-02,9.855466419836058645e-01,-3.583897912966285126e-01,3.364210857020151213e-01,7.822021590628002174e-01,-1.712957390428070659e-01,9.111883030811493978e-01,-2.133743713341619497e+00,2.425096139899457215e-01
4.166666666666666435e-02,9.848007261562403691e-01,-3.576896472953716155e-01,3.357174407659133664e-01,7.818456336588407440e-01,-1.709687564462633591e-01,9.067546046955331507e-01,-2.122617241734457760e+00,2.414005261991180595e-01
4.374999999999999722e-02,9.840562674364408124e-01,-3.569909674400597033e-01,3.350155046943542048e-01,7.814897887960519096e-01,-1.706424192897465497e-01,9.023440209389774758e-01,-2.111553604558765951e+00,2.402967802869157288e-01
4.583333333333333703e-02,9.833132627776075552e-01,-3.562937481761780378e-01,3.343152720963431523e-01,7.811346231311984134e-01,-1.703167261998487503e-01,8.979564213110257098e-01,-2.100552413831161314e+00,2.391983489300576471e-01
4.791666666666666990e-02,9.825717091405347103e-01,-3.555979859604187499e-01,3.336167376042200594e-01,7.807801353239022246e-01,-1.699916758065596056e-01,8.935916761167691513e-01,-2.089613284205565247e+00,2.381052049550239913e-01
5.000000000000000278e-02,9.818316034933867176e-01,-3.549036772606323775e-01,3.329198958735277158e-01,7.804263240366364762e-01,-1.696672667432556902e-01,8.892496564613738830e-01,-2.078735832953412022e+00,2.370173213371682408e-01
5.208333333333333565e-02,9.810929428116748063e-01,-3.542108185557796829e-01,3.322247415828821215e-01,7.800731879347174713e-01,-1.693434976466897390e-01,8.849302342446471181e-01,-2.067919679944029365e+00,2.359346711998350499e-01
5.416666666666666852e-02,9.803557240782344584e-01,-3.535194063358838013e-01,3.315312694338430899e-01,7.797207256862983549e-01,-1.690203671569801280e-01,8.806332821556460688e-01,-2.057164447625176251e+00,2.348572278134837543e-01
5.624999999999999445e-02,9.796199442832019821e-01,-3.528294371019823905e-01,3.308394741507857950e-01,7.793689359623617863e-01,-1.686978739176002162e-01,8.763586736673258937e-01,-2.046469761003741006e+00,2.337849645948177901e-01
5.833333333333332732e-02,9.788856004239918640e-01,-3.521409073660804467e-01,3.301493504807735957e-01,7.790178174367131669e-01,-1.683760165753679094e-01,8.721062830312281688e-01,-2.035835247626601952e+00,2.327178551059193301e-01
6.041666666666666019e-02,9.781526895052735648e-01,-3.514538136511030086e-01,3.294608931934310259e-01,7.786673687859734239e-01,-1.680547937804351410e-01,8.678759852722095491e-01,-2.025260537561642593e+00,2.316558730533898047e-01
6.250000000000000000e-02,9.774212085389495375e-01,-3.507681524908482507e-01,3.287740970808182284e-01,7.783175886895720152e-01,-1.677342041862774080e-01,8.636676561832082877e-01,-2.014745263378925344e+00,2.305989922874959186e-01
6.458333333333332593e-02,9.766911545441319120e-01,-3.500839204299411311e-01,3.280889569573059994e-01,7.779684758297407132e-01,-1.674142464496834459e-01,8.594811723200520559e-01,-2.004289060132017575e+00,2.295471868013211070e-01
6.666666666666666574e-02,9.759625245471204025e-01,-3.494011140237867075e-01,3.274054676594512769e-01,7.776200288915056102e-01,-1.670949192307448483e-01,8.553164109963024009e-01,-1.993891565339472427e+00,2.285004307299223769e-01
6.875000000000000555e-02,9.752353155813797692e-01,-3.487197298385243949e-01,3.267236240458744057e-01,7.772722465626813459e-01,-1.667762211928457139e-01,8.511732502781387266e-01,-1.983552418966464614e+00,2.274586983494928660e-01
7.083333333333334536e-02,9.745095246875173922e-01,-3.480397644509817257e-01,3.260434209971361796e-01,7.769251275338635576e-01,-1.664581510026524047e-01,8.470515689792804670e-01,-1.973271263406570331e+00,2.264219640765293695e-01
7.291666666666668517e-02,9.737851489132611782e-01,-3.473612144486291631e-01,3.253648534156162175e-01,7.765786704984221078e-01,-1.661407073301033877e-01,8.429512466559465622e-01,-1.963047743463703476e+00,2.253902024670056403e-01
7.500000000000001110e-02,9.730621853134377996e-01,-3.466840764295344712e-01,3.246879162253923923e-01,7.762328741524945341e-01,-1.658238888483990203e-01,8.388721636018523498e-01,-1.952881506334194661e+00,2.243633882155506853e-01
7.708333333333333703e-02,9.723406309499497135e-01,-3.460083470023177510e-01,3.240126043721202609e-01,7.758877371949793877e-01,-1.655076942339912816e-01,8.348142008432443140e-01,-1.942772201589020309e+00,2.233414961546324740e-01
7.916666666666667684e-02,9.716204828917540670e-01,-3.453340227861067535e-01,3.233389128229142706e-01,7.755432583275286840e-01,-1.651921221665739181e-01,8.307772401339710289e-01,-1.932719481156175423e+00,2.223245012537468923e-01
8.125000000000000278e-02,9.709017382148408259e-01,-3.446611004104919718e-01,3.226668365662289095e-01,7.751994362545423511e-01,-1.648771713290721475e-01,8.267611639505914045e-01,-1.922722999303190461e+00,2.213123786186118047e-01
8.333333333333332871e-02,9.701843940022102375e-01,-3.439895765154826757e-01,3.219963706117410229e-01,7.748562696831604590e-01,-1.645628404076328599e-01,8.227658554875177943e-01,-1.912782412619792094e+00,2.203051034903664440e-01
8.541666666666666852e-02,9.694684473438522909e-01,-3.433194477514624476e-01,3.213275099902330179e-01,7.745137573232568906e-01,-1.642491280916144047e-01,8.187911986521970720e-01,-1.902897380000704519e+00,2.193026512447756871e-01
8.750000000000000833e-02,9.687538953367240691e-01,-3.426507107791456619e-01,3.206602497534766782e-01,7.741718978874330137e-01,-1.639360330735769034e-01,8.148370780603257924e-01,-1.893067562628591105e+00,2.183049973914396868e-01
8.958333333333334814e-02,9.680407350847292092e-01,-3.419833622695336861e-01,3.199945849741175352e-01,7.738306900910103536e-01,-1.636235540492721741e-01,8.109033790311011014e-01,-1.883292623957135037e+00,2.173121175730083621e-01
9.166666666666667407e-02,9.673289636986958095e-01,-3.413173989038715828e-01,3.193305107455604586e-01,7.734901326520244869e-01,-1.633116897176339899e-01,8.069899875825076174e-01,-1.873572229694258517e+00,2.163239875644009658e-01
9.375000000000000000e-02,9.666185782963554463e-01,-3.406528173736049769e-01,3.186680221818556369e-01,7.731502242912183798e-01,-1.630004387807681421e-01,8.030967904266378410e-01,-1.863906047785476972e+00,2.153405832720307334e-01
9.583333333333333981e-02,9.659095760023220789e-01,-3.399896143803370907e-01,3.180071144175853903e-01,7.728109637320352832e-01,-1.626897999439428366e-01,7.992236749650480920e-01,-1.854293748397390029e+00,2.143618807330342768e-01
9.791666666666667962e-02,9.652019539480705124e-01,-3.393277866357861661e-01,3.173477826077519826e-01,7.724723497006128481e-01,-1.623797719155787855e-01,7.953705292841480867e-01,-1.844735003901305959e+00,2.133878561145060859e-01
1.000000000000000056e-01,9.644957092719159686e-01,-3.386673308617430544e-01,3.166900219276655437e-01,7.721343809257760205e-01,-1.620703534072396867e-01,7.915372421506250422e-01,-1.835229488856998437e+00,2.124184857127378867e-01
1.020833333333333315e-01,9.637908391189925483e-01,-3.380082437900289172e-01,3.160338275728335478e-01,7.717970561390308237e-01,-1.617615431336223986e-01,7.877237030069008661e-01,-1.825776879996596325e+00,2.114537459524626350e-01
1.041666666666666713e-01,9.630873406412326920e-01,-3.373505221624534256e-01,3.153791947588503453e-01,7.714603740745578087e-01,-1.614533398125474195e-01,7.839298019666230966e-01,-1.816376856208603119e+00,2.104936133861036451e-01
1.062500000000000111e-01,9.623852109973465296e-01,-3.366941627307729057e-01,3.147261187212877509e-01,7.711243334692053919e-01,-1.611457421649493127e-01,7.801554298101893714e-01,-1.807029098522045629e+00,2.095380646930282975e-01
1.083333333333333370e-01,9.616844473528008974e-01,-3.360391622566487602e-01,3.140745947155861306e-01,7.707889330624834168e-01,-1.608387489148671856e-01,7.764004779803039824e-01,-1.797733290090751890e+00,2.085870766788064934e-01
1.104166666666666630e-01,9.609850468797989098e-01,-3.353855175116063903e-01,3.134246180169465434e-01,7.704541715965569360e-01,-1.605323587894350867e-01,7.726648385775675143e-01,-1.788489116177755189e+00,2.076406262744739106e-01
1.125000000000000028e-01,9.602870067572595314e-01,-3.347332252769940064e-01,3.127761839202232164e-01,7.701200478162394392e-01,-1.602265705188726241e-01,7.689484043560991244e-01,-1.779296264139824002e+00,2.066986905357998394e-01
1.145833333333333287e-01,9.595903241707968157e-01,-3.340822823439419387e-01,3.121292877398169630e-01,7.697865604689866359e-01,-1.599213828364755841e-01,7.652510687191902417e-01,-1.770154423412118261e+00,2.057612466425597642e-01
1.166666666666666546e-01,9.588949963127000320e-01,-3.334326855133216139e-01,3.114839248095690460e-01,7.694537083048900161e-01,-1.596167944786064663e-01,7.615727257149907947e-01,-1.761063285492967756e+00,2.048282718978124972e-01
1.208333333333333343e-01,9.575083935840152938e-01,-3.321375174113296302e-01,3.101977801314888539e-01,7.687899045396718867e-01,-1.590094106971799426e-01,7.542725969961212584e-01,-1.743031894299520212e+00,2.029756396781771388e-01
1.250000000000000000e-01,9.561271762422506315e-01,-3.308476955712877920e-01,3.089177129415368039e-01,7.681286265737903296e-01,-1.584044091264730225e-01,7.470471833197218636e-01,-1.725199663238312420e+00,2.011406147398155098e-01
1.291666666666666796e-01,9.547513220639640696e-01,-3.295631947467674849e-01,3.076436865996515224e-01,7.674698645022165477e-01,-1.578017797668395672e-01,7.398956598530904705e-01,-1.707564197045655208e+00,1.993230198727189428e-01
1.333333333333333315e-01,9.533808089305902955e-01,-3.282839898433785875e-01,3.063756647668806066e-01,7.668136084614866066e-01,-1.572015126668130924e-01,7.328172116778153278e-01,-1.690123132048913179e+00,1.975226797715761151e-01
1.375000000000000111e-01,9.520156148278091646e-01,-3.270100559175215804e-01,3.051136114021502643e-01,7.661598486295013721e-01,-1.566035979228152797e-01,7.258110336591029332e-01,-1.672874135708023235e+00,1.957394210137166080e-01
1.416666666666666907e-01,9.506557178449202006e-01,-3.257413681751530343e-01,3.038574907590768648e-01,7.655085752253268927e-01,-1.560080256788669018e-01,7.188763303170021546e-01,-1.655814906164331468e+00,1.939730720373322725e-01
1.458333333333333426e-01,9.493010961742222031e-01,-3.244779019705642531e-01,3.026072673828195669e-01,7.648597785089976675e-01,-1.554147861263009689e-01,7.120123156994914160e-01,-1.638943171796614973e+00,1.922234631199720989e-01
1.500000000000000222e-01,9.479517281103972959e-01,-3.232196328051732404e-01,3.013629061069728055e-01,7.642134487813191379e-01,-1.548238695034781232e-01,7.052182132574031925e-01,-1.622256690784166677e+00,1.904904263573069523e-01
1.541666666666666741e-01,9.466075920499006369e-01,-3.219665363263289337e-01,3.001243720504990775e-01,7.635695763836729544e-01,-1.542352660955043364e-01,6.984932557211526172e-01,-1.605753250676820842e+00,1.887737956421606800e-01
1.583333333333333537e-01,9.452686664903547920e-01,-3.207185883261287618e-01,2.988916306147003654e-01,7.629281516978225763e-01,-1.536489662339508289e-01,6.918366849792442208e-01,-1.589430667971795996e+00,1.870734066438035081e-01
1.625000000000000056e-01,9.439349300299489931e-01,-3.194757647402483580e-01,2.976646474802288056e-01,7.622891651457202045e-01,-1.530649602965761524e-01,6.852477519585281618e-01,-1.573286787697238509e+00,1.853890967875047591e-01
1.666666666666666574e-01,9.426063613668436147e-01,-3.182380416467838202e-01,2.964433886041347721e-01,7.616526071893150451e-01,-1.524832387070504114e-01,6.787257165061773012e-01,-1.557319483002350236e+00,1.837207052343406144e-01
1.708333333333333648e-01,9.412829392985786470e-01,-3.170053952651060714e-01,2.952278202169529298e-01,7.610184683303624631e-01,-1.519037919346817866e-01,6.722698472733583674e-01,-1.541526654753988090e+00,1.820680728612540655e-01
1.750000000000000167e-01,9.399646427214878308e-01,-3.157778019547274329e-01,2.940179088198249246e-01,7.603867391102344664e-01,-1.513266104941451140e-01,6.658794216005718969e-01,-1.525906231139620317e+00,1.804310422413634429e-01
1.791666666666666963e-01,9.386514506301169014e-01,-3.145552382141798553e-01,2.928136211816588230e-01,7.597574101097310795e-01,-1.507516849452124885e-01,6.595537254046319742e-01,-1.510456167276531980e+00,1.788094576245156664e-01
1.833333333333333481e-01,9.373433421166467161e-01,-3.133376806799053615e-01,2.916149243363241328e-01,7.591304719488933817e-01,-1.501790058924861171e-01,6.532920530672625681e-01,-1.495174444827173543e+00,1.772031649180817181e-01
1.875000000000000000e-01,9.360402963703207124e-01,-3.121251061251575920e-01,2.904217855798824077e-01,7.585059152868166565e-01,-1.496085639851331417e-01,6.470937073252833738e-01,-1.480059071620543731e+00,1.756120116679905085e-01
1.916666666666666519e-01,9.347422926768774731e-01,-3.109174914589151184e-01,2.892341724678526571e-01,7.578837308214658730e-01,-1.490403499166225998e-01,6.409579991623607365e-01,-1.465108081279503649e+00,1.740358470399977764e-01
1.958333333333333315e-01,9.334493104179872880e-01,-3.097148137248059152e-01,2.880520528125112278e-01,7.572639092894912771e-01,-1.484743544244642999e-01,6.348842477022998976e-01,-1.450319532853923787e+00,1.724745218011875247e-01
2.000000000000000111e-01,9.321613290706931565e-01,-3.085170501000433774e-01,2.868753946802255483e-01,7.566464414660455384e-01,-1.479105682899498342e-01,6.288717801038534727e-01,-1.435691510459559561e+00,1.709278883017019413e-01
2.041666666666666907e-01,9.308783282068568976e-01,-3.073241778943727742e-01,2.857041663888210681e-01,7.560313181646018954e-01,-1.473489823378955066e-01,6.229199314570224022e-01,-1.421222122922561004e+00,1.693958004566975539e-01
2.083333333333333426e-01,9.296002874926082571e-01,-3.061361745490291386e-01,2.845383365049815594e-01,7.554185302367730781e-01,-1.467895874363873143e-01,6.170280446808275032e-01,-1.406909503429517594e+00,1.678781137285240699e-01
2.125000000000000222e-01,9.283271866878002321e-01,-3.049530176357057032e-01,2.833778738416813936e-01,7.548080685721321181e-01,-1.462323744965277061e-01,6.111954704225265322e-01,-1.392751809182945832e+00,1.663746851091228718e-01
2.166666666666666741e-01,9.270590056454666161e-01,-3.037746848555328838e-01,2.822227474556501803e-01,7.541999240980329366e-01,-1.456773344721845331e-01,6.054215669582568848e-01,-1.378747221062127659e+00,1.648853731026427016e-01
2.208333333333333537e-01,9.257957243112854284e-01,-3.026011540380679210e-01,2.810729266448687147e-01,7.535940877794331527e-01,-1.451244583597417204e-01,5.997057000950796191e-01,-1.364893943289205991e+00,1.634100377082689515e-01
2.250000000000000056e-01,9.245373227230460067e-01,-3.014324031402949022e-01,2.799283809460962891e-01,7.529905506187173359e-01,-1.445737371978518537e-01,5.940472430744041521e-01,-1.351190203100450571e+00,1.619485404032643405e-01
2.291666666666666574e-01,9.232837810101193199e-01,-3.002684102456347204e-01,2.787890801324283685e-01,7.523893036555212577e-01,-1.440251620671908206e-01,5.884455764767720920e-01,-1.337634250422605753e+00,1.605007441262176204e-01
2.333333333333333648e-01,9.220350793929340538e-01,-2.991091535629656351e-01,2.776549942108847979e-01,7.517903379665574759e-01,-1.434787240902140326e-01,5.829000881279791102e-01,-1.324224357554234066e+00,1.590665132604977550e-01
2.375000000000000167e-01,9.207911981824553616e-01,-2.979546114256535483e-01,2.765260934200273746e-01,7.511936446654416955e-01,-1.429344144309148135e-01,5.774101730065146487e-01,-1.310958818851972518e+00,1.576457136179110485e-01
2.416666666666666963e-01,9.195521177796686096e-01,-2.968047622905918281e-01,2.754023482276072854e-01,7.505992149025203508e-01,-1.423922242945842853e-01,5.719752331522982569e-01,-1.297835950421616147e+00,1.562382124225580038e-01
2.458333333333333481e-01,9.183178186750662331e-01,-2.956595847372516794e-01,2.742837293282413547e-01,7.500070398646985215e-01,-1.418521449275733093e-01,5.665946775766933508e-01,-1.284854089813950884e+00,1.548438782948875769e-01
2.500000000000000000e-01,9.170882814481390310e-01,-2.945190574667412298e-01,2.731702076411164914e-01,7.494171107752699568e-01,-1.413141676170561190e-01,5.612679221737789659e-01,-1.272011595725253130e+00,1.534625812359463881e-01
2.541666666666666519e-01,9.158634867668716817e-01,-2.933831593008749405e-01,2.720617543077228917e-01,7.488294188937472118e-01,-1.407782836907957302e-01,5.559943896328590762e-01,-1.259306847702378551e+00,1.520941926118197229e-01
2.583333333333333592e-01,9.146434153872410322e-01,-2.922518691812515668e-01,2.709583406896145519e-01,7.482439555156928934e-01,-1.402444845169111276e-01,5.507735093521922698e-01,-1.246738245852364813e+00,1.507385851382623543e-01
2.625000000000000111e-01,9.134280481527198292e-01,-2.911251661683424419e-01,2.698599383661975382e-01,7.476607119725522388e-01,-1.397127615036461712e-01,5.456047173539211315e-01,-1.234304210556469883e+00,1.493956328655162702e-01
2.666666666666666630e-01,9.122173659937823365e-01,-2.900030294405876452e-01,2.687665191325446790e-01,7.470796796314860266e-01,-1.391831060991402247e-01,5.404874562001849014e-01,-1.222003182188574399e+00,1.480652111633131984e-01
2.708333333333333148e-01,9.110113499274151705e-01,-2.888854382935024390e-01,2.676780549972376244e-01,7.465008498952053761e-01,-1.386555097912005874e-01,5.354211749103954254e-01,-1.209833620837872603e+00,1.467471967060589577e-01
2.750000000000000222e-01,9.098099810566314671e-01,-2.877723721387917544e-01,2.665945181802345521e-01,7.459242142018063237e-01,-1.381299641070763695e-01,5.304053288796611865e-01,-1.197794006035783454e+00,1.454414674581978317e-01
2.791666666666667296e-01,9.086132405699882675e-01,-2.866638105034741701e-01,2.655158811107639072e-01,7.453497640246065092e-01,-1.376064606132344492e-01,5.254393797983395453e-01,-1.185882836487009762e+00,1.441479026597541901e-01
2.833333333333333814e-01,9.074211097411079008e-01,-2.855597330290139957e-01,2.644421164252440670e-01,7.447774908719819731e-01,-1.370849909151365675e-01,5.205227955727007583e-01,-1.174098629804676719e+00,1.428663828120490809e-01
2.875000000000000333e-01,9.062335699282031420e-01,-2.844601194704624025e-01,2.633731969652274851e-01,7.442073862872048418e-01,-1.365655466570185883e-01,5.156550502466882291e-01,-1.162439922249480784e+00,1.415967896635896561e-01
2.916666666666666852e-01,9.050506025736053672e-01,-2.833649496956068825e-01,2.623090957753703156e-01,7.436394418482830115e-01,-1.360481195216710071e-01,5.108356239247567876e-01,-1.150905268472787402e+00,1.403390061961289625e-01
2.958333333333333925e-01,9.038721892032970384e-01,-2.822742036841292546e-01,2.612497861014259626e-01,7.430736491677988331e-01,-1.355327012302212641e-01,5.060640026957731186e-01,-1.139493241263605405e+00,1.390929166108939574e-01
3.000000000000000444e-01,9.026983114264466312e-01,-2.811878615267719983e-01,2.601952413882633319e-01,7.425099998927511269e-01,-1.350192835419175841e-01,5.013396785579630199e-01,-1.128202431299380359e+00,1.378584063149796424e-01
3.041666666666666963e-01,9.015289509349482255e-01,-2.801059034245122481e-01,2.591454352779083981e-01,7.419484857043957549e-01,-1.345078582539144252e-01,4.966621493448888924e-01,-1.117031446900538016e+00,1.366353619079068160e-01
3.083333333333333481e-01,9.003640895029632052e-01,-2.790283096877449465e-01,2.581003416076095291e-01,7.413890983180885241e-01,-1.339984172010595109e-01,4.920309186524420286e-01,-1.105978913788723039e+00,1.354236711683416416e-01
3.125000000000000000e-01,8.992037089864669541e-01,-2.779550607354729919e-01,2.570599344079260717e-01,7.408318294831287565e-01,-1.334909522556823602e-01,4.874454957668351018e-01,-1.095043474848664156e+00,1.342232230409748650e-01
3.166666666666666519e-01,8.980477913227969955e-01,-2.768861370945057132e-01,2.560241879008393617e-01,7.402766709826029690e-01,-1.329854553273843720e-01,4.829053955935792009e-01,-1.084223789893614232e+00,1.330339076235583506e-01
3.208333333333333592e-01,8.968963185302062380e-01,-2.758215193986655045e-01,2.549930764978866060e-01,7.397236146332307749e-01,-1.324819183628305475e-01,4.784101385874307000e-01,-1.073518535434299981e+00,1.318556161540971605e-01
3.250000000000000111e-01,8.957492727074182204e-01,-2.747611883880016204e-01,2.539665747983171906e-01,7.391726522852103409e-01,-1.319803333455425443e-01,4.739592506832940866e-01,-1.062926404451328910e+00,1.306882409981950099e-01
3.291666666666666630e-01,8.946066360331863532e-01,-2.737051249080116877e-01,2.529446575872702496e-01,7.386237758220652871e-01,-1.314806922956933410e-01,4.695522632280655362e-01,-1.052446106170992657e+00,1.295316756365511857e-01
3.333333333333333148e-01,8.934683907658562685e-01,-2.726533099088713774e-01,2.519272998339744385e-01,7.380769771604926976e-01,-1.309829872699032893e-01,4.651887129134037457e-01,-1.042076365844416097e+00,1.283858146526068722e-01
3.375000000000000222e-01,8.923345192429309458e-01,-2.716057244446705710e-01,2.509144766899689127e-01,7.375322482502113530e-01,-1.304872103610378586e-01,4.608681417094142030e-01,-1.031815924529992490e+00,1.272505537203388881e-01
3.416666666666667296e-01,8.912050038806396124e-01,-2.705623496726577981e-01,2.499061634873451232e-01,7.369895810738112951e-01,-1.299933536980065474e-01,4.565900967992334580e-01,-1.021663538879055144e+00,1.261257895921993610e-01
3.458333333333333814e-01,8.900798271735093081e-01,-2.695231668524914470e-01,2.489023357370097611e-01,7.364489676466041690e-01,-1.295014094455633757e-01,4.523541305144992974e-01,-1.011617980924732096e+00,1.250114200871987047e-01
3.500000000000000333e-01,8.889589716939397812e-01,-2.684881573454980241e-01,2.479029691269676317e-01,7.359104000164738979e-01,-1.290113698041088774e-01,4.481598002716942752e-01,-1.001678037873929838e+00,1.239073440791306768e-01
3.541666666666666852e-01,8.878424200917812703e-01,-2.674573026139382970e-01,2.469080395206252887e-01,7.353738702637291347e-01,-1.285232270094933682e-01,4.440066685093498888e-01,-9.918425119023988046e-01,1.228134614849374778e-01
3.583333333333333925e-01,8.867301550939156174e-01,-2.664305842202794317e-01,2.459175229551142094e-01,7.348393705009552690e-01,-1.280369733328216852e-01,4.398943026260979106e-01,-9.821102199528286558e-01,1.217296732532129194e-01
3.625000000000000444e-01,8.856221595038403782e-01,-2.654079838264749025e-01,2.449313956396338698e-01,7.343068928728685441e-01,-1.275526010802593424e-01,4.358222749195571066e-01,-9.724799935359254022e-01,1.206558813528422619e-01
3.666666666666666963e-01,8.845184162012553752e-01,-2.643894831932510625e-01,2.439496339538140268e-01,7.337764295561701733e-01,-1.270701025928400174e-01,4.317901625260421317e-01,-9.629506785344205122e-01,1.195919887617764438e-01
3.708333333333333481e-01,8.834189081416531364e-01,-2.633750641793999314e-01,2.429722144460962074e-01,7.332479727594013452e-01,-1.265894702462744270e-01,4.277975473610838852e-01,-9.535211350099673799e-01,1.185378994559395383e-01
3.750000000000000000e-01,8.823236183559111101e-01,-2.623647087410795886e-01,2.419991138321340995e-01,7.327215147227990055e-01,-1.261106964507604788e-01,4.238440160607475637e-01,-9.441902370128767430e-01,1.174935183982672438e-01
3.791666666666666519e-01,8.812325299498880993e-01,-2.613583989311207278e-01,2.410303089932125664e-01,7.321970477181530823e-01,-1.256337736507949776e-01,4.199291599237383599e-01,-9.349568723946461990e-01,1.164587515278751040e-01
3.833333333333333037e-01,8.801456261040223605e-01,-2.603561168983394847e-01,2.400657769746850079e-01,7.316745640486636004e-01,-1.251586943249863582e-01,4.160525748542823754e-01,-9.258199426232387452e-01,1.154335057493544592e-01
3.875000000000000111e-01,8.790628900729333672e-01,-2.593578448868573139e-01,2.391054949844287347e-01,7.311540560487986840e-01,-1.246854509858690424e-01,4.122138613057711454e-01,-9.167783626010663767e-01,1.144176889221948240e-01
3.916666666666666630e-01,8.779843051850261260e-01,-2.583635652354268619e-01,2.381494403913185509e-01,7.306355160841541130e-01,-1.242140361797188092e-01,4.084126242251598371e-01,-9.078310604856363319e-01,1.134112098503308602e-01
3.958333333333333148e-01,8.769098548420980466e-01,-2.573732603767644456e-01,2.371975907237175996e-01,7.301189365513129914e-01,-1.237444424863696907e-01,4.046484729981062456e-01,-8.989769775128150231e-01,1.124139782718123204e-01
4.000000000000000222e-01,8.758395225189490318e-01,-2.563869128368884698e-01,2.362499236679858894e-01,7.296043098777057478e-01,-1.232766625190319931e-01,4.009210213948417034e-01,-8.902150678226706804e-01,1.114259048485955611e-01
4.041666666666667296e-01,8.747732917629938987e-01,-2.554045052344641742e-01,2.353064170670059185e-01,7.290916285214723569e-01,-1.228106889241117466e-01,3.972298875167619148e-01,-8.815442982878529676e-01,1.104469011564551267e-01
4.083333333333333814e-01,8.737111461938780188e-01,-2.544260202801546522e-01,2.343670489187252570e-01,7.285808849713235613e-01,-1.223465143810312100e-01,3.935746937437277215e-01,-8.729636483444671580e-01,1.094768796750134610e-01
4.125000000000000333e-01,8.726530695030949580e-01,-2.534514407759776988e-01,2.334317973747157549e-01,7.280720717464044256e-01,-1.218841316020508186e-01,3.899550666820654765e-01,-8.644721098254056768e-01,1.085157537778877884e-01
4.166666666666666852e-01,8.715990454536072241e-01,-2.524807496146684871e-01,2.325006407387494867e-01,7.275651813961570014e-01,-1.214235333320922150e-01,3.863706371132565875e-01,-8.560686867960977109e-01,1.075634377229522931e-01
4.208333333333333925e-01,8.705490578794699008e-01,-2.515139297790486839e-01,2.315735574653908224e-01,7.270602065001854353e-01,-1.209647123485626113e-01,3.828210399433069067e-01,-8.477523953926365818e-01,1.066198466427143166e-01
4.250000000000000444e-01,8.695030906854563924e-01,-2.505509643414007837e-01,2.306505261586045408e-01,7.265571396681206329e-01,-1.205076614611803321e-01,3.793059141527855282e-01,-8.395222636622508006e-01,1.056848965348030911e-01
4.291666666666666963e-01,8.684611278466868312e-01,-2.495918364628485764e-01,2.297315255703800130e-01,7.260559735394858105e-01,-1.200523735118015495e-01,3.758249027475230042e-01,-8.313773314060773911e-01,1.047585042525695093e-01
4.333333333333333481e-01,8.674231534082593731e-01,-2.486365293927432218e-01,2.288165345993707911e-01,7.255567007835632687e-01,-1.195988413742481576e-01,3.723776527099607603e-01,-8.233166500242051766e-01,1.038405874957956110e-01
4.375000000000000000e-01,8.663891514848837128e-01,-2.476850264680549307e-01,2.279055322895497948e-01,7.250593140992612762e-01,-1.191470579541369784e-01,3.689638149511407783e-01,-8.153392823629498354e-01,1.029310648015124702e-01
4.416666666666666519e-01,8.653591062605174855e-01,-2.467373111127703078e-01,2.269984978288797917e-01,7.245638062149823977e-01,-1.186970161887100222e-01,3.655830442633276056e-01,-8.074443025643271987e-01,1.020298555349248709e-01
4.458333333333333037e-01,8.643330019880047788e-01,-2.457933668372949687e-01,2.260954105479986986e-01,7.240701698884913773e-01,-1.182487090466658869e-01,3.622349992732525337e-01,-7.996307959176880420e-01,1.011368798804417463e-01
4.500000000000000111e-01,8.633108229887171969e-01,-2.448531772378620130e-01,2.251962499189200662e-01,7.235783979067851313e-01,-1.178021295279924191e-01,3.589193423959717855e-01,-7.918978587134833935e-01,1.002520588328107420e-01
4.541666666666666630e-01,8.622925536521975909e-01,-2.439167259959454659e-01,2.243009955537479672e-01,7.230884830859620749e-01,-1.173572706638004448e-01,3.556357397893298855e-01,-7.842445980991243903e-01,9.937531418835589270e-02
4.583333333333333148e-01,8.612781784358063408e-01,-2.429839968776792702e-01,2.234096272034064024e-01,7.226004182710933366e-01,-1.169141255161586374e-01,3.523838613090186089e-01,-7.766701319369059275e-01,9.850656853631677146e-02
4.625000000000000222e-01,8.602676818643691936e-01,-2.420549737332814699e-01,2.225221247563830829e-01,7.221141963360938609e-01,-1.164726871779294959e-01,3.491633804642245154e-01,-7.691735886639597952e-01,9.764574525028822671e-02
4.666666666666667296e-01,8.592610485298287637e-01,-2.411296404964836937e-01,2.216384682374871740e-01,7.216298101835944001e-01,-1.160329487726064895e-01,3.459739743738550199e-01,-7.617541071542082154e-01,9.679276847975919196e-02
4.708333333333333814e-01,8.582582630908972554e-01,-2.402079811839656631e-01,2.207586378066210830e-01,7.211472527448143932e-01,-1.155949034541522563e-01,3.428153237233363404e-01,-7.544108365822838058e-01,9.594756314174930634e-02
4.750000000000000333e-01,8.572593102727125158e-01,-2.392899798947948076e-01,2.198826137575659034e-01,7.206665169794349568e-01,-1.151585444068378844e-01,3.396871127219736053e-01,-7.471429362893881043e-01,9.511005491254231892e-02
4.791666666666666852e-01,8.562641748664950869e-01,-2.383756208098709584e-01,2.190103765167803751e-01,7.201875958754736518e-01,-1.147238648450833037e-01,3.365890290608665736e-01,-7.399495756510556799e-01,9.428017021951488885e-02
4.833333333333333925e-01,8.552728417292092544e-01,-2.374648881913760945e-01,2.181419066422133624e-01,7.197104824491582509e-01,-1.142908580132987878e-01,3.335207638713720280e-01,-7.328299339467978513e-01,9.345783623305972676e-02
4.875000000000000444e-01,8.542852957832252070e-01,-2.365577663822287791e-01,2.172771848221293489e-01,7.192351697448030601e-01,-1.138595171857274407e-01,3.304820116841056810e-01,-7.257832002315928177e-01,9.264298085860178666e-02
4.916666666666666963e-01,8.533015220159835268e-01,-2.356542398055436749e-01,2.164161918739471724e-01,7.187616508346842403e-01,-1.134298356662887808e-01,3.274724703884754895e-01,-7.188085732091971103e-01,9.183553272870639828e-02
4.958333333333333481e-01,8.523215054796624557e-01,-2.347542929640958342e-01,2.155589087430914708e-01,7.182899188189169060e-01,-1.130018067884233784e-01,3.244918411927391610e-01,-7.119052611072478332e-01,9.103542119527822940e-02
5.000000000000000000e-01,8.513452312908468267e-01,-2.338579104397895958e-01,2.147053165018569243e-01,7.178199668253318899e-01,-1.125754239149385216e-01,3.215398285845786908e-01,-7.050724815541301593e-01,9.024257632184992661e-02
5.041666666666667629e-01,8.503726846301997710e-01,-2.329650768931324500e-01,2.138553963482849041e-01,7.173517880093546184e-01,-1.121506804378548799e-01,3.186161402921839358e-01,-6.983094614575803272e-01,8.945692887595924070e-02
5.083333333333334147e-01,8.494038507421359796e-01,-2.320757770627133454e-01,2.130091296050528049e-01,7.168853755538827643e-01,-1.117275697782542931e-01,3.157204872458387324e-01,-6.916154368850004897e-01,8.867841032161380421e-02
5.125000000000000666e-01,8.484387149344977397e-01,-2.311899957646855741e-01,2.121664977183752576e-01,7.164207226691660102e-01,-1.113060853861284061e-01,3.128525835400017829e-01,-6.849896529454557736e-01,8.790695281184199295e-02
5.166666666666667185e-01,8.474772625782325264e-01,-2.303077178922544321e-01,2.113274822569175537e-01,7.159578225926858108e-01,-1.108862207402284139e-01,3.100121463958762091e-01,-6.784313636733310116e-01,8.714248918132935784e-02
5.208333333333333703e-01,8.465194791070731473e-01,-2.294289284151692365e-01,2.104920649107210051e-01,7.154966685890357114e-01,-1.104679693479158620e-01,3.071988961244601635e-01,-6.719398319136192788e-01,8.638495293913926731e-02
5.250000000000000222e-01,8.455653500172199966e-01,-2.285536123792197560e-01,2.096602274901400720e-01,7.150372539498028868e-01,-1.100513247450142368e-01,3.044125560900722283e-01,-6.655143292088182561e-01,8.563427826151662203e-02
5.291666666666666741e-01,8.446148608670249747e-01,-2.276817549057371104e-01,2.088319519247910649e-01,7.145795719934490142e-01,-1.096362804956617504e-01,3.016528526743446625e-01,-6.591541356874102142e-01,8.489039998477396209e-02
5.333333333333333259e-01,8.436679972766780722e-01,-2.268133411910990271e-01,2.080072202625123101e-01,7.141236160651935894e-01,-1.092228301921649297e-01,2.989195152406781686e-01,-6.528585399539001966e-01,8.415325359825864826e-02
5.374999999999999778e-01,8.427247449278955083e-01,-2.259483565062394284e-01,2.071860146683355830e-01,7.136693795368962423e-01,-1.088109674548532191e-01,2.962122760991513504e-01,-6.466268389803901950e-01,8.342277523740021516e-02
5.416666666666666297e-01,8.417850895636098674e-01,-2.250867861961621808e-01,2.063683174234689777e-01,7.132168558069402753e-01,-1.084006859319346094e-01,2.935308704718791462e-01,-6.404583379996650061e-01,8.269890167683696669e-02
5.458333333333333925e-01,8.408490169876631226e-01,-2.242286156794592034e-01,2.055541109242902953e-01,7.127660383001173106e-01,-1.079919792993521144e-01,2.908750364588132964e-01,-6.343523503997664514e-01,8.198157032362080043e-02
5.500000000000000444e-01,8.399165130645004362e-01,-2.233738304478326275e-01,2.047433776813520900e-01,7.123169204675113830e-01,-1.075848412606412174e-01,2.882445150039796844e-01,-6.283081976200348695e-01,8.127071921049933145e-02
5.541666666666666963e-01,8.389875637188667357e-01,-2.225224160656211203e-01,2.039361003183966237e-01,7.118694957863845874e-01,-1.071792655467882355e-01,2.856390498621445562e-01,-6.223252090485934529e-01,8.056628698927417731e-02
5.583333333333333481e-01,8.380621549355050659e-01,-2.216743581693302878e-01,2.031322615713820612e-01,7.114237577600630580e-01,-1.067752459160896117e-01,2.830583875659062887e-01,-6.164027219212558917e-01,7.986821292423483543e-02
5.625000000000000000e-01,8.371402727588568293e-01,-2.208296424671671865e-01,2.023318442875189083e-01,7.109796999178233934e-01,-1.063727761540121941e-01,2.805022773932047131e-01,-6.105400812218341189e-01,7.917643688566691762e-02
5.666666666666667629e-01,8.362219032927639129e-01,-2.199882547385785814e-01,2.015348314243169126e-01,7.105373158147796353e-01,-1.059718500730542495e-01,2.779704713352427747e-01,-6.047366395838253972e-01,7.849089934343396469e-02
5.708333333333334147e-01,8.353070327001729245e-01,-2.191501808337936730e-01,2.007412060486421235e-01,7.100965990317710252e-01,-1.055724615126075600e-01,2.754627240648159225e-01,-5.989917571934597618e-01,7.781154136063193894e-02
5.750000000000000666e-01,8.343956472028413174e-01,-2.183154066733699883e-01,1.999509513357839163e-01,7.096575431752502050e-01,-1.051746043388203100e-01,2.729787929050414563e-01,-5.933048016940826175e-01,7.713830458731542328e-02
5.791666666666667185e-01,8.334877330810449569e-01,-2.174839182477438515e-01,1.991640505685323692e-01,7.092201418771720833e-01,-1.047782724444608349e-01,2.705184377984843347e-01,-5.876751480918591675e-01,7.647113125429481906e-02
5.833333333333333703e-01,8.325832766732882417e-01,-2.166557016167842131e-01,1.983804871362651046e-01,7.087843887948830357e-01,-1.043834597487823257e-01,2.680814212766731153e-01,-5.821021786627740280e-01,7.580996416700351570e-02
5.875000000000000222e-01,8.316822643760153344e-01,-2.158307429093504481e-01,1.976002445340441505e-01,7.083502776110111032e-01,-1.039901601973883538e-01,2.656675084300002543e-01,-5.765852828609122627e-01,7.515474669943426889e-02
5.916666666666666741e-01,8.307846826433240572e-01,-2.150090283228539012e-01,1.968233063617221279e-01,7.079178020333561916e-01,-1.035983677620992971e-01,2.632764668780025463e-01,-5.711238572279984105e-01,7.450542278814392683e-02
5.958333333333333259e-01,8.298905179866808979e-01,-2.141905441228230955e-01,1.960496563230582079e-01,7.074869557947812693e-01,-1.032080764408195295e-01,2.609080667400153208e-01,-5.657173053041768540e-01,7.386193692632571361e-02
6.000000000000000888e-01,8.289997569746382355e-01,-2.133752766424725777e-01,1.952792782248432835e-01,7.070577326531037876e-01,-1.028192802574055403e-01,2.585620806061963428e-01,-5.603650375400155426e-01,7.322423415794808432e-02
6.041666666666667407e-01,8.281123862325528995e-01,-2.125632122822755099e-01,1.945121559760344121e-01,7.066301263909883223e-01,-1.024319732615349421e-01,2.562382835089136446e-01,-5.550664712097123088e-01,7.259226007195970776e-02
6.083333333333333925e-01,8.272283924423071699e-01,-2.117543375095396752e-01,1.937482735868984174e-01,7.062041308158384378e-01,-1.020461495285761439e-01,2.539364528944920152e-01,-5.498210303254884579e-01,7.196596079655930012e-02
6.125000000000000444e-01,8.263477623420311113e-01,-2.109486388579871197e-01,1.929876151681645113e-01,7.057797397596907718e-01,-1.016618031594590105e-01,2.516563685953149276e-01,-5.446281455531499782e-01,7.134528299352992098e-02
6.166666666666666963e-01,8.254704827258264599e-01,-2.101461029273374026e-01,1.922301649301858539e-01,7.053569470791080098e-01,-1.012789282805462709e-01,2.493978128022746044e-01,-5.394872541288011636e-01,7.073017385263674628e-02
6.208333333333333481e-01,8.245965404434928425e-01,-2.093467163828941491e-01,1.914759071821099390e-01,7.049357466550739693e-01,-1.008975190435057456e-01,2.471605700375676118e-01,-5.343977997766908850e-01,7.012058108608769380e-02
6.250000000000000000e-01,8.237259224002552171e-01,-2.085504659551351558e-01,1.907248263310575287e-01,7.045161323928876840e-01,-1.005175696251833922e-01,2.449444271278300445e-01,-5.293592326281774119e-01,6.951645292305591584e-02
6.291666666666667629e-01,8.228586155564927562e-01,-2.077573384393057720e-01,1.899769068813104700e-01,7.040980982220591544e-01,-1.001390742274771567e-01,2.427491731776080519e-01,-5.243710091417929098e-01,6.891773810426374269e-02
6.333333333333334147e-01,8.219946069274708389e-01,-2.069673206950159161e-01,1.892321334335077543e-01,7.036816380962053197e-01,-9.976202707721162910e-02,2.405745995431596562e-01,-5.194325920243931805e-01,6.832438587662703622e-02
6.375000000000000666e-01,8.211338835830725991e-01,-2.061803996458401456e-01,1.884904906838499317e-01,7.032667459929462517e-01,-9.938642242601339327e-02,2.384204998065819203e-01,-5.145434501533752147e-01,6.773634598795931494e-02
6.416666666666667185e-01,8.202764326475338041e-01,-2.053965622789210577e-01,1.877519634233121015e-01,7.028534159138019044e-01,-9.901225455018732025e-02,2.362866697502609414e-01,-5.097030584999476810e-01,6.715356868173513738e-02
6.458333333333333703e-01,8.194222412991788440e-01,-2.046157956445761594e-01,1.870165365368647581e-01,7.024416418840901954e-01,-9.863951775059350002e-02,2.341729073316389242e-01,-5.049108980534390279e-01,6.657600469191171655e-02
6.500000000000000222e-01,8.185712967701580522e-01,-2.038380868559077075e-01,1.862841950027029070e-01,7.020314179528240883e-01,-9.826820635252497826e-02,2.320790126582946145e-01,-5.001664557466266592e-01,6.600360523780826605e-02
6.541666666666666741e-01,8.177235863461871368e-01,-2.030634230884159619e-01,1.855549238914830645e-01,7.016227381926106732e-01,-9.789831470558633952e-02,2.300047879633327075e-01,-4.954692243820736919e-01,6.543632201904237000e-02
6.583333333333333259e-01,8.168790973662877208e-01,-2.022917915796154653e-01,1.848287083655683061e-01,7.012155966995498035e-01,-9.752983718357288723e-02,2.279500375810782076e-01,-4.908187025594574759e-01,6.487410721052257190e-02
6.625000000000000888e-01,8.160378172225302151e-01,-2.015231796286544586e-01,1.841055336782808083e-01,7.008099875931339540e-01,-9.716276818435071183e-02,2.259145679230713244e-01,-4.862143946038758324e-01,6.431691345749676603e-02
6.666666666666666297e-01,8.151997333597771345e-01,-2.007575745959375157e-01,1.833853851731624685e-01,7.004059050161474120e-01,-9.679710212973749450e-02,2.238981874543596318e-01,-4.816558104951172981e-01,6.376469387065543393e-02
6.708333333333333925e-01,8.143648332754293007e-01,-1.999949639027510384e-01,1.826682482832427123e-01,7.000033431345676904e-01,-9.643283346538385203e-02,2.219007066700819097e-01,-4.771424657978783346e-01,6.321740202128912911e-02
6.750000000000000444e-01,8.135331045191724897e-01,-1.992353350308919968e-01,1.819541085303142958e-01,6.996022961374656068e-01,-9.606995666065580586e-02,2.199219380723421713e-01,-4.726738815929193427e-01,6.267499193649997413e-02
6.791666666666666963e-01,8.127045346927264102e-01,-1.984786755222995303e-01,1.812429515242159617e-01,6.992027582369072514e-01,-9.570846620851755637e-02,2.179616961473673786e-01,-4.682495844091391080e-01,6.213741809446573366e-02
6.833333333333332371e-01,8.118791114495943484e-01,-1.977249729786896559e-01,1.805347629621229799e-01,6.988047236678556207e-01,-9.534835662541524259e-02,2.160197973429469898e-01,-4.638691061565597407e-01,6.160463541975672030e-02
6.875000000000000000e-01,8.110568224948155880e-01,-1.969742150611926423e-01,1.798295286278444316e-01,6.984081866880733624e-01,-9.498962245116129854e-02,2.140960600461495333e-01,-4.595319840602052341e-01,6.107659927870412453e-02
6.916666666666667629e-01,8.102376555847179418e-01,-1.962263894899936856e-01,1.791272343911282094e-01,6.980131415780251869e-01,-9.463225824881962844e-02,2.121903045613132976e-01,-4.552377605948637052e-01,6.055326547481987287e-02
6.958333333333334147e-01,8.094215985266728364e-01,-1.954814840439762225e-01,1.784278662069725130e-01,6.976195826407816103e-01,-9.427625860459142026e-02,2.103023530883064984e-01,-4.509859834207176621e-01,6.003459024426675145e-02
7.000000000000000666e-01,8.086086391788515071e-01,-1.947394865603680469e-01,1.777314101149446712e-01,6.972275042019224767e-01,-9.392161812770152829e-02,2.084320297010539280e-01,-4.467762053198310324e-01,5.952053025137862136e-02
7.041666666666667185e-01,8.077987654499819703e-01,-1.940003849343904241e-01,1.770378522385068487e-01,6.968369006094417006e-01,-9.356833145028585486e-02,2.065791603263269216e-01,-4.426079841334812359e-01,5.901104258423004595e-02
7.083333333333333703e-01,8.069919652991092152e-01,-1.932641671189098964e-01,1.763471787843484406e-01,6.964477662336514552e-01,-9.321639322727910681e-02,2.047435727227922553e-01,-4.384808827003229825e-01,5.850608475025464994e-02
7.125000000000000222e-01,8.061882267353546183e-01,-1.925308211240928935e-01,1.756593760417253236e-01,6.960600954670878027e-01,-9.286579813630345404e-02,2.029250964603172280e-01,-4.343944687953721906e-01,5.800561467191173159e-02
7.166666666666667851e-01,8.053875378176785782e-01,-1.918003350170631172e-01,1.749744303818056845e-01,6.956738827244165480e-01,-9.251654087755772915e-02,2.011235628995270697e-01,-4.303483150697979265e-01,5.750959068240047573e-02
7.208333333333333259e-01,8.045898866546440376e-01,-1.910726969215615079e-01,1.742923282570225663e-01,6.952891224423387584e-01,-9.216861617370743220e-02,1.993388051716119547e-01,-4.263419989915119279e-01,5.701797152142138586e-02
7.250000000000000888e-01,8.037952614041805610e-01,-1.903478950176089590e-01,1.736130562004326860e-01,6.949058090794981712e-01,-9.182201876977515165e-02,1.975706581583790977e-01,-4.223751027865413898e-01,5.653071633098399884e-02
7.291666666666666297e-01,8.030036502733511883e-01,-1.896259175411718900e-01,1.729366008250818876e-01,6.945239371163874909e-01,-9.147674343303208166e-02,1.958189584725489041e-01,-4.184472133811787953e-01,5.604778465126093040e-02
7.333333333333333925e-01,8.022150415181197314e-01,-1.889067527838299843e-01,1.722629488233768658e-01,6.941435010552566842e-01,-9.113278495288962278e-02,1.940835444382887909e-01,-4.145579223448905837e-01,5.556913641648700275e-02
7.375000000000000444e-01,8.014294234431197372e-01,-1.881903890924471467e-01,1.715920869664631643e-01,6.937644954200201663e-01,-9.079013814079224531e-02,1.923642560719850958e-01,-4.107068258339818811e-01,5.509473195090362763e-02
7.416666666666666963e-01,8.006467844014250046e-01,-1.874768148688444325e-01,1.709240021036093626e-01,6.933869147561659840e-01,-9.044879783011045005e-02,1.906609350632467170e-01,-4.068935245359988628e-01,5.462453196474730682e-02
7.458333333333332371e-01,7.998671127943211001e-01,-1.867660185694759445e-01,1.702586811615974527e-01,6.930107536306641114e-01,-9.010875887603476964e-02,1.889734247561399016e-01,-4.031176236148638070e-01,5.415849755028216000e-02
7.500000000000000000e-01,7.990903970710784288e-01,-1.860579887051070080e-01,1.695961111441190439e-01,6.926360066318759667e-01,-8.977001615547015867e-02,1.873015701306492975e-01,-3.993787326567291851e-01,5.369659017787568878e-02
7.541666666666667629e-01,7.983166257287264145e-01,-1.853527138404952035e-01,1.689362791311780077e-01,6.922626683694641514e-01,-8.943256456693118861e-02,1.856452177843641305e-01,-3.956764656165426830e-01,5.323877169211758270e-02
7.583333333333334147e-01,7.975457873118297902e-01,-1.846501825940733976e-01,1.682791722784986177e-01,6.918907334743027437e-01,-8.909639903043777009e-02,1.840042159143846223e-01,-3.920104407653107748e-01,5.278500430798065135e-02
7.625000000000000666e-01,7.967778704122649991e-01,-1.839503836376354950e-01,1.676247778169396296e-01,6.915201965983874821e-01,-8.876151448741144423e-02,1.823784142994470392e-01,-3.883802806380526884e-01,5.233525060702370196e-02
7.666666666666667185e-01,7.960128636689987047e-01,-1.832533056960246598e-01,1.669730830519142450e-01,6.911510524147475021e-01,-8.842790590057245104e-02,1.807676642822644286e-01,-3.847856119824344390e-01,5.188947353363580761e-02
7.708333333333333703e-01,7.952507557678673011e-01,-1.825589375468238962e-01,1.663240753628157098e-01,6.907832956173560746e-01,-8.809556825383732526e-02,1.791718187520796313e-01,-3.812260657080730475e-01,5.144763639132144545e-02
7.750000000000000222e-01,7.944915354413580877e-01,-1.818672680200488501e-01,1.656777422024486579e-01,6.904169209210430092e-01,-8.776449655221700563e-02,1.775907321274284023e-01,-3.777012768365017314e-01,5.100970283902600544e-02
7.791666666666667851e-01,7.937351914683913323e-01,-1.811782859978432192e-01,1.650340710964657565e-01,6.900519230614067245e-01,-8.743468582171574910e-02,1.760242603391092842e-01,-3.742108844517865185e-01,5.057563688750125325e-02
7.833333333333333259e-01,7.929817126741033340e-01,-1.804919804141764395e-01,1.643930496428102905e-01,6.896882967947270959e-01,-8.710613110923048907e-02,1.744722608133586761e-01,-3.707545316517855127e-01,5.014540289571036563e-02
7.875000000000000888e-01,7.922310879296315944e-01,-1.798083402545433696e-01,1.637546655111636884e-01,6.893260368978786357e-01,-8.677882748245079048e-02,1.729345924552263825e-01,-3.673318655000401001e-01,4.971896556727170569e-02
7.916666666666666297e-01,7.914833061519006563e-01,-1.791273545556668345e-01,1.631189064423990420e-01,6.889651381682438958e-01,-8.645277002975952640e-02,1.714111156321518337e-01,-3.639425369782930408e-01,4.929628994694156691e-02
7.958333333333333925e-01,7.907383563034090512e-01,-1.784490124052018623e-01,1.624857602480392071e-01,6.886055954236275367e-01,-8.612795386013394339e-02,1.699016921577354844e-01,-3.605862009396187950e-01,4.887734141713459546e-02
8.000000000000000444e-01,7.899962273920175804e-01,-1.777733029414426957e-01,1.618552148097209264e-01,6.882474035021709513e-01,-8.580437410304755930e-02,1.684061852757053335e-01,-3.572625160621638041e-01,4.846208569448228615e-02
8.041666666666666963e-01,7.892569084707397042e-01,-1.771002153530314427e-01,1.612272580786635878e-01,6.878905572622666664e-01,-8.548202590837232495e-02,1.669244596440741524e-01,-3.539711448034828511e-01,4.805048882642841412e-02
8.083333333333332371e-01,7.885203886375312665e-01,-1.764297388786695564e-01,1.606018780751434782e-01,6.875350515824737441e-01,-8.516090444628167389e-02,1.654563813194862010e-01,-3.507117533554666711e-01,4.764251718786143702e-02
8.125000000000000000e-01,7.877866570350834374e-01,-1.757618628068309263e-01,1.599790628879727283e-01,6.871808813614335154e-01,-8.484100490715387743e-02,1.640018177417501555e-01,-3.474840115998502621e-01,4.723813747778320138e-02
8.166666666666667629e-01,7.870557028506154351e-01,-1.750965764754775778e-01,1.593588006739838636e-01,6.868280415177855369e-01,-8.452232250147613535e-02,1.625606377185568607e-01,-3.442875930642961824e-01,4.683731671601371049e-02
8.208333333333334147e-01,7.863275153156689123e-01,-1.744338692717772588e-01,1.587410796575187411e-01,6.864765269900835465e-01,-8.420485245974922150e-02,1.611327114103782432e-01,-3.411221748790415620e-01,4.644002223993133616e-02
8.250000000000000666e-01,7.856020837059037865e-01,-1.737737306318231367e-01,1.581258881299227037e-01,6.861263327367131959e-01,-8.388859003239249046e-02,1.597179103155457747e-01,-3.379874377341040015e-01,4.604622170124821057e-02
8.291666666666667185e-01,7.848793973408947355e-01,-1.731161500403557429e-01,1.575132144490434816e-01,6.857774537358083400e-01,-8.357353048964968889e-02,1.583161072555064885e-01,-3.348830658370368085e-01,4.565588306282034742e-02
8.333333333333333703e-01,7.841594455839291378e-01,-1.724611170304868879e-01,1.569030470387351162e-01,6.854298849851692133e-01,-8.325966912149518340e-02,1.569271763602536063e-01,-3.318087468712265231e-01,4.526897459549213132e-02
8.375000000000000222e-01,7.834422178418062321e-01,-1.718086211834256860e-01,1.562953743883661317e-01,6.850836215021800513e-01,-8.294700123754071563e-02,1.555509930539297481e-01,-3.287641719547253483e-01,4.488546487497469678e-02
8.416666666666667851e-01,7.827277035646369452e-01,-1.711586521282065232e-01,1.556901850523330078e-01,6.847386583237278224e-01,-8.263552216694274033e-02,1.541874340406008126e-01,-3.257490355996099929e-01,4.450532277875790532e-02
8.458333333333333259e-01,7.820158922456454942e-01,-1.705111995414193005e-01,1.550874676495778703e-01,6.843949905061206263e-01,-8.232522725831036003e-02,1.528363772901979167e-01,-3.227630356718616533e-01,4.412851748305548355e-02
8.500000000000000888e-01,7.813067734209717674e-01,-1.698662531469411208e-01,1.544872108631107355e-01,6.840526131250069808e-01,-8.201611187961355132e-02,1.514977020246253137e-01,-3.198058733517569752e-01,4.375501845978284343e-02
8.541666666666666297e-01,7.806003366694748147e-01,-1.692238027156707791e-01,1.538894034395367760e-01,6.837115212752955529e-01,-8.170817141809227913e-02,1.501712887040329292e-01,-3.168772530947667754e-01,4.338479547356754312e-02
8.583333333333333925e-01,7.798965716125371150e-01,-1.685838380652643909e-01,1.532940341885872804e-01,6.833717100710745562e-01,-8.140140128016580545e-02,1.488570190132496307e-01,-3.139768825929508678e-01,4.301781857879150017e-02
8.625000000000000444e-01,7.791954679138710649e-01,-1.679463490598736286e-01,1.527010919826559676e-01,6.830331746455325925e-01,-8.109579689134271963e-02,1.475547758483777283e-01,-3.111044727368471041e-01,4.265405811666517916e-02
8.666666666666666963e-01,7.784970152793250220e-01,-1.673113256098852641e-01,1.521105657563387725e-01,6.826959101508789374e-01,-8.079135369613138495e-02,1.462644433035440450e-01,-3.082597375778431403e-01,4.229348471233281004e-02
8.708333333333332371e-01,7.778012034566916810e-01,-1.666787576716633190e-01,1.515224445059786818e-01,6.823599117582644924e-01,-8.048806715795096822e-02,1.449859066578074729e-01,-3.054423942910279299e-01,4.193606927200877604e-02
8.750000000000000000e-01,7.771080222355167821e-01,-1.660486352472923255e-01,1.509367172892143172e-01,6.820251746577036256e-01,-8.018593275904283002e-02,1.437190523622199623e-01,-3.026521631385137856e-01,4.158178298014444940e-02
8.791666666666667629e-01,7.764174614469093738e-01,-1.654209483843231965e-01,1.503533732245332932e-01,6.816916940579954565e-01,-7.988494600038271998e-02,1.424637680270398055e-01,-2.998887674332249009e-01,4.123059729662546108e-02
8.833333333333334147e-01,7.757295109633525199e-01,-1.647956871755205388e-01,1.497724014908291823e-01,6.813594651866461405e-01,-7.958510240159309690e-02,1.412199424090943567e-01,-2.971519335031432840e-01,4.088248395399867591e-02
8.875000000000000666e-01,7.750441606985161158e-01,-1.641728417586116318e-01,1.491937913269629767e-01,6.810284832897914864e-01,-7.928639750085623994e-02,1.399874653992910500e-01,-2.944413906560078842e-01,4.053741495472885925e-02
8.916666666666667185e-01,7.743614006070690392e-01,-1.635524023160378204e-01,1.486175320313286585e-01,6.806987436321196849e-01,-7.898882685482767896e-02,1.387662280102744394e-01,-2.917568711444597507e-01,4.019536256848455641e-02
8.958333333333333703e-01,7.736812206844944084e-01,-1.629343590747071302e-01,1.480436129614225993e-01,6.803702414967943701e-01,-7.869238603855022163e-02,1.375561223642277064e-01,-2.890981101316277280e-01,3.985629932945287945e-02
9.000000000000000222e-01,7.730036109669040645e-01,-1.623187023057489353e-01,1.474720235334171237e-01,6.800429721853784581e-01,-7.839707064536839687e-02,1.363570416808165819e-01,-2.864648456571478596e-01,3.952019803368284762e-02
9.041666666666667851e-01,7.723285615308552732e-01,-1.617054223242704314e-01,1.469027532217380416e-01,6.797169310177580970e-01,-7.810287628684345340e-02,1.351688802652738497e-01,-2.838568186036112273e-01,3.918703173645697591e-02
9.083333333333333259e-01,7.716560624931677603e-01,-1.610945094891147455e-01,1.463357915586460112e-01,6.793921133320665051e-01,-7.780979859266874687e-02,1.339915334966230720e-01,-2.812737726634341739e-01,3.885677374969085524e-02
9.125000000000000888e-01,7.709861040107419683e-01,-1.604859542026207397e-01,1.457711281338216480e-01,6.790685144846090315e-01,-7.751783321058564047e-02,1.328248978160389560e-01,-2.787154543061447498e-01,3.852939763936018974e-02
9.166666666666666297e-01,7.703186762803786447e-01,-1.598797469103848401e-01,1.452087525939549650e-01,6.787461298497878825e-01,-7.722697580629994674e-02,1.316688707153438331e-01,-2.761816127460811066e-01,3.820487722295538152e-02
9.208333333333333925e-01,7.696537695385984312e-01,-1.592758781010240321e-01,1.446486546423378372e-01,6.784249548200278479e-01,-7.693722206339873027e-02,1.305233507256372549e-01,-2.736719999104939016e-01,3.788318656696283704e-02
9.250000000000000444e-01,7.689913740614637838e-01,-1.586743383059411594e-01,1.440908240384609629e-01,6.781049848057012497e-01,-7.664856768326765157e-02,1.293882374060581486e-01,-2.711863704080498261e-01,3.756429998437321727e-02
9.291666666666666963e-01,7.683314801644010039e-01,-1.580751180990914162e-01,1.435352505976139892e-01,6.777862152350545566e-01,-7.636100838500872734e-02,1.282634313326771469e-01,-2.687244814977287066e-01,3.724819203221584746e-02
9.333333333333332371e-01,7.676740782020231579e-01,-1.574782080967507547e-01,1.429819241904895510e-01,6.774686415541346651e-01,-7.607453990535856247e-02,1.271488340875176482e-01,-2.662860930581099628e-01,3.693483750911939062e-02
9.375000000000000000e-01,7.670191585679543289e-01,-1.568835989572857359e-01,1.424308347427907795e-01,6.771522592267151808e-01,-7.578915799860706792e-02,1.260443482477041355e-01,-2.638709675570429791e-01,3.662421145289819491e-02
9.416666666666667629e-01,7.663667116946549784e-01,-1.562912813809253787e-01,1.418819722348427237e-01,6.768370637342241425e-01,-7.550485843651660867e-02,1.249498773747362568e-01,-2.614788700216962303e-01,3.631628913816428023e-02
9.458333333333334147e-01,7.657167280532476417e-01,-1.557012461095341749e-01,1.413353267012067982e-01,6.765230505756705259e-01,-7.522163700824162358e-02,1.238653260038865833e-01,-2.591095680089797737e-01,3.601104607396439505e-02
9.500000000000000666e-01,7.650691981533441766e-01,-1.551134839263868526e-01,1.407908882302991438e-01,6.762102152675727451e-01,-7.493948952024859222e-02,1.227905996337210343e-01,-2.567628315763357816e-01,3.570845800144210186e-02
9.541666666666667185e-01,7.644241125428735684e-01,-1.545279856559449994e-01,1.402486469640123745e-01,6.758985533438861548e-01,-7.465841179623659840e-02,1.217256047157401766e-01,-2.544384332528933923e-01,3.540850089152448171e-02
9.583333333333333703e-01,7.637814618079107332e-01,-1.539447421636347957e-01,1.397085930973405443e-01,6.755880603559316633e-01,-7.437839967705821287e-02,1.206702486441401101e-01,-2.521361480109818309e-01,3.511115094263327768e-02
9.625000000000000222e-01,7.631412365725063207e-01,-1.533637443556266633e-01,1.391707168780076942e-01,6.752787318723244558e-01,-7.409944902064088956e-02,1.196244397456910913e-01,-2.498557532379972468e-01,3.481638457842005374e-02
9.666666666666667851e-01,7.625034274985175164e-01,-1.527849831786163015e-01,1.386350086060998410e-01,6.749705634789027187e-01,-7.382155570190876426e-02,1.185880872697327865e-01,-2.475970287086186883e-01,3.452417844552523735e-02
9.708333333333333259e-01,7.618680252854396207e-01,-1.522084496196072778e-01,1.381014586337000472e-01,6.746635507786573616e-01,-7.354471561270485569e-02,1.175611013782846548e-01,-2.453597565573686357e-01,3.423450941136080977e-02
9.750000000000000888e-01,7.612350206702382938e-01,-1.516341347056950617e-01,1.375700573645267377e-01,6.743576893916614079e-01,-7.326892466171372464e-02,1.165433931362695602e-01,-2.431437212515127622e-01,3.394735456191606132e-02
9.791666666666666297e-01,7.606044044271832449e-01,-1.510620295038527794e-01,1.370407952535757368e-01,6.740529749550001615e-01,-7.299417877438461877e-02,1.155348745018503070e-01,-2.409487095642958432e-01,3.366269119958675143e-02
9.833333333333333925e-01,7.599761673676824758e-01,-1.504921251207180233e-01,1.365136628067648294e-01,6.737494031227011515e-01,-7.272047389285486718e-02,1.145354583168760737e-01,-2.387745105485071517e-01,3.338049684102668141e-02
9.875000000000000444e-01,7.593503003401173013e-01,-1.499244127023817430e-01,1.359886505805820434e-01,6.734469695656654098e-01,-7.244780597587392734e-02,1.135450582974393413e-01,-2.366209155103736195e-01,3.310074921502211692e-02
9.916666666666666963e-01,7.587267942296785916e-01,-1.493588834341780802e-01,1.354657491817368165e-01,6.731456699715978598e-01,-7.217617099872762620e-02,1.125635890245399451e-01,-2.344877179837735470e-01,3.282342626038826233e-02
9.958333333333332371e-01,7.581056399582035699e-01,-1.487955285404758132e-01,1.349449492668143291e-01,6.728455000449387047e-01,-7.190556495316298424e-02,1.115909659348566924e-01,-2.323747137047691147e-01,3.254850612388792558e-02
1.000000000000000000e+00,7.574868284840133859e-01,-1.482343392844713004e-01,1.344262415419328616e-01,6.725464555067950378e-01,-7.163598384731330315e-02,1.106271053116238134e-01,-2.302817005864514210e-01,3.227596715817185324e-02
1.004166666666666652e+00,7.568703508017524673e-01,-1.476753069679828667e-01,1.339096167624043432e-01,6.722485320948728971e-01,-7.136742370562385029e-02,1.096719242756122037e-01,-2.282084786940959120e-01,3.200578791974074272e-02
1.008333333333333304e+00,7.562561979422272040e-01,-1.471184229312464120e-01,1.333950657323976496e-01,6.719517255634089858e-01,-7.109988056877770968e-02,1.087253407762129587e-01,-2.261548502206217615e-01,3.173794716692843187e-02
1.012499999999999956e+00,7.556443609722467425e-01,-1.465636785527126007e-01,1.328825793046051473e-01,6.716560316831038380e-01,-7.083335049362225744e-02,1.077872735826229111e-01,-2.241206194623531767e-01,3.147242385790623154e-02
1.016666666666666607e+00,7.550348309944642233e-01,-1.460110652488454119e-01,1.323721483799120135e-01,6.713614462410538719e-01,-7.056782955309585936e-02,1.068576422751303934e-01,-2.221055927950776332e-01,3.120919714870810241e-02
1.020833333333333259e+00,7.544275991472183529e-01,-1.454605744739218554e-01,1.318637639070685263e-01,6.710679650406851104e-01,-7.030331383615513741e-02,1.059363672365001702e-01,-2.201095786503972640e-01,3.094824639127639887e-02
1.025000000000000133e+00,7.538226566043769727e-01,-1.449121977198334632e-01,1.313574168823651300e-01,6.707755839016861232e-01,-7.003979944770244437e-02,1.050233696434563074e-01,-2.181323874923695449e-01,3.068955113152799924e-02
1.029166666666666785e+00,7.532199945751800740e-01,-1.443659265158886706e-01,1.308530983493107203e-01,6.704842986599423016e-01,-6.977728250851392144e-02,1.041185714582618799e-01,-2.161738317944339460e-01,3.043309110744066640e-02
1.033333333333333437e+00,7.526196043040846995e-01,-1.438217524286168059e-01,1.303507993983130386e-01,6.701941051674691341e-01,-6.951575915516772231e-02,1.032218954203939637e-01,-2.142337260166193025e-01,3.017884624715917730e-02
1.037500000000000089e+00,7.520214770706100671e-01,-1.432796670615733847e-01,1.298505111663627309e-01,6.699049992923471475e-01,-6.925522553997286168e-02,1.023332650383132342e-01,-2.123118865830302959e-01,2.992679666712131856e-02
1.041666666666666741e+00,7.514256041891839155e-01,-1.427396620551465989e-01,1.293522248367193761e-01,6.696169769186561815e-01,-6.899567783089828599e-02,1.014526045813268079e-01,-2.104081318596076333e-01,2.967692267020329011e-02
1.045833333333333393e+00,7.508319770089891820e-01,-1.422017290863651640e-01,1.288559316386008735e-01,6.693300339464104409e-01,-6.873711221150234640e-02,1.005798390715430674e-01,-2.085222821321593978e-01,2.942920474388441635e-02
1.050000000000000044e+00,7.502405869138120131e-01,-1.416658598687075554e-01,1.283616228468750231e-01,6.690441662914935472e-01,-6.847952488086272993e-02,9.971489427591749555e-02,-2.066541595846591861e-01,2.918362355843090797e-02
1.054166666666666696e+00,7.496514253218897750e-01,-1.411320461519124103e-01,1.278692897817541863e-01,6.687593698855940350e-01,-6.822291205350664023e-02,9.885769669838849472e-02,-2.048035882778082573e-01,2.894015996509848032e-02
1.058333333333333348e+00,7.490644836857610622e-01,-1.406002797217901779e-01,1.273789238084923059e-01,6.684756406761412917e-01,-6.796726995934150584e-02,9.800817357210180047e-02,-2.029703941278579171e-01,2.869879499435361997e-02
1.062500000000000000e+00,7.484797534921152629e-01,-1.400705524000360747e-01,1.268905163370847300e-01,6.681929746262414982e-01,-6.771259484358589653e-02,9.716625285172274251e-02,-2.011544048856883649e-01,2.845950985411329140e-02
1.066666666666666652e+00,7.478972262616436772e-01,-1.395428560440443999e-01,1.264040588219704497e-01,6.679113677146139016e-01,-6.745888296670093931e-02,9.633186320583510265e-02,-1.993554501161415582e-01,2.822228592800288607e-02
1.070833333333333304e+00,7.473168935488910813e-01,-1.390171825467237665e-01,1.259195427617371410e-01,6.676308159355275329e-01,-6.720613060432202579e-02,9.550493400942557110e-02,-1.975733611776038512e-01,2.798710477363220914e-02
1.074999999999999956e+00,7.467387469421079560e-01,-1.384935238363139420e-01,1.254369596988284818e-01,6.673513152987381458e-01,-6.695433404719086656e-02,9.468539533645270456e-02,-1.958079712018355178e-01,2.775394812088928867e-02
1.079166666666666607e+00,7.461627780631039375e-01,-1.379718718762036056e-01,1.249563012192542039e-01,6.670728618294253787e-01,-6.670348960108804515e-02,9.387317795249952579e-02,-1.940591150740443027e-01,2.752279787025185831e-02
1.083333333333333259e+00,7.455889785671017123e-01,-1.374522186647495481e-01,1.244775589523023779e-01,6.667954515681302485e-01,-6.645359358676569683e-02,9.306821330750857102e-02,-1.923266294131990295e-01,2.729363609111627037e-02
1.087500000000000133e+00,7.450173401425915776e-01,-1.369345562350967327e-01,1.240007245702544336e-01,6.665190805706928678e-01,-6.620464233988075653e-02,9.227043352859840009e-02,-1.906103525525807973e-01,2.706644502014366599e-02
1.091666666666666785e+00,7.444478545111868906e-01,-1.364188766550000209e-01,1.235257897881024969e-01,6.662437449081904939e-01,-6.595663221092851192e-02,9.147977141296095849e-02,-1.889101245205687674e-01,2.684120705962326700e-02
1.095833333333333437e+00,7.438805134274800723e-01,-1.359051720266464813e-01,1.230527463632689611e-01,6.659694406668759115e-01,-6.570955956517636476e-02,9.069616042083804286e-02,-1.872257870216564035e-01,2.661790477585243217e-02
1.100000000000000089e+00,7.433153086788998332e-01,-1.353934344864795025e-01,1.225815860953287512e-01,6.656961639481160375e-01,-6.546342078259810571e-02,8.991953466857678656e-02,-1.855571834176966972e-01,2.639652089753355066e-02
1.104166666666666741e+00,7.427522320855687310e-01,-1.348836562050234611e-01,1.221123008257337106e-01,6.654239108683304149e-01,-6.521821225780850828e-02,8.914982892176263884e-02,-1.839041587093724339e-01,2.617703831418738067e-02
1.108333333333333393e+00,7.421912755001611739e-01,-1.343758293867099440e-01,1.216448824375394311e-01,6.651526775589309270e-01,-6.497393039999818654e-02,8.838697858842914368e-02,-1.822665595178886710e-01,2.595944007458271183e-02
1.112500000000000044e+00,7.416324308077628658e-01,-1.338699462697049702e-01,1.211793228551343443e-01,6.648824601662608469e-01,-6.473057163286888294e-02,8.763091971234349131e-02,-1.806442340668850399e-01,2.574370938518224031e-02
1.116666666666666696e+00,7.410756899257308072e-01,-1.333659991257372668e-01,1.207156140439711173e-01,6.646132548515345517e-01,-6.448813239456903379e-02,8.688158896636705153e-02,-1.790370321645642915e-01,2.552982960860437217e-02
1.120833333333333348e+00,7.405210448035529636e-01,-1.328639802599277109e-01,1.202537480103002959e-01,6.643450577907773491e-01,-6.424660913762973713e-02,8.613892364588986161e-02,-1.774448051860351427e-01,2.531778426210087168e-02
1.125000000000000000e+00,7.399684874227103748e-01,-1.323638820106200209e-01,1.197937168009062386e-01,6.640778651747659689e-01,-6.400599832890094265e-02,8.540286166233826415e-02,-1.758674060558658991e-01,2.510755701605013254e-02
1.129166666666666652e+00,7.394180097965387111e-01,-1.318656967492123078e-01,1.193355125028451730e-01,6.638116732089688332e-01,-6.376629644948812736e-02,8.467334153675484809e-02,-1.743046892308466600e-01,2.489913169246590896e-02
1.133333333333333304e+00,7.388696039700908269e-01,-1.313694168799897366e-01,1.188791272431854867e-01,6.635464781134868817e-01,-6.352749999468919329e-02,8.395030239344969392e-02,-1.727565106829570540e-01,2.469249226352135396e-02
1.137499999999999956e+00,7.383232620200000929e-01,-1.308750348399585484e-01,1.184245531887502673e-01,6.632822761229943964e-01,-6.328960547393167047e-02,8.323368395372225670e-02,-1.712227278825373122e-01,2.448762285008818790e-02
1.141666666666666607e+00,7.377789760543447262e-01,-1.303825430986808309e-01,1.179717825458618391e-01,6.630190634866804933e-01,-6.305260941071039182e-02,8.252342652965287406e-02,-1.697031997816595139e-01,2.428450772029083771e-02
1.145833333333333259e+00,7.372367382125120105e-01,-1.298919341581104281e-01,1.175208075600885360e-01,6.627568364681906132e-01,-6.281650834252536231e-02,8.181947101796323285e-02,-1.681977867976968688e-01,2.408313128807536632e-02
1.150000000000000133e+00,7.366965406650638482e-01,-1.294032005524299866e-01,1.170716205159935408e-01,6.624955913455679024e-01,-6.258129882081990558e-02,8.112175889394475370e-02,-1.667063507970883429e-01,2.388347811179306404e-02
1.154166666666666785e+00,7.361583756136030887e-01,-1.289163348478890858e-01,1.166242137368858761e-01,6.622353244111959247e-01,-6.234697741091940748e-02,8.043023220545446328e-02,-1.652287550792962689e-01,2.368553289279854909e-02
1.158333333333333437e+00,7.356222352906398587e-01,-1.284313296426431716e-01,1.161785795845732550e-01,6.619760319717402641e-01,-6.211354069196995537e-02,7.974483356697693870e-02,-1.637648643609538324e-01,2.348928047406211028e-02
1.162500000000000089e+00,7.350881119594590007e-01,-1.279481775665936572e-01,1.157347104591172349e-01,6.617177103480916811e-01,-6.188098525687767137e-02,7.906550615375229629e-02,-1.623145447602012681e-01,2.329470583879632989e-02
1.166666666666666741e+00,7.345559979139885121e-01,-1.274668712812291882e-01,1.152925987985902040e-01,6.614603558753081591e-01,-6.164930771224817752e-02,7.839219369596880926e-02,-1.608776637812069366e-01,2.310179410909665720e-02
1.170833333333333393e+00,7.340258854786677611e-01,-1.269874034794676310e-01,1.148522370788344626e-01,6.612039649025588384e-01,-6.141850467832637300e-02,7.772484047301976562e-02,-1.594540902988720865e-01,2.291053054459589455e-02
1.175000000000000044e+00,7.334977670083172585e-01,-1.265097668854991975e-01,1.144136178132232340e-01,6.609485337930666171e-01,-6.118857278893657936e-02,7.706339130782360880e-02,-1.580436945437161955e-01,2.272090054113236682e-02
1.179166666666666696e+00,7.329716348880083165e-01,-1.260339542546306812e-01,1.139767335524236452e-01,6.606940589240519746e-01,-6.095950869142296308e-02,7.640779156120668103e-02,-1.566463480869409175e-01,2.253288962943169813e-02
1.183333333333333348e+00,7.324474815329341526e-01,-1.255599583731303870e-01,1.135415768841616657e-01,6.604405366866767935e-01,-6.073130904659026358e-02,7.575798712634790322e-02,-1.552619238256703615e-01,2.234648347380198061e-02
1.187500000000000000e+00,7.319252993882806591e-01,-1.250877720580743646e-01,1.131081404329889739e-01,6.601879634859882939e-01,-6.050397052864484732e-02,7.511392442328453101e-02,-1.538902959683654814e-01,2.216166787084224848e-02
1.191666666666666652e+00,7.314050809290989497e-01,-1.246173881571933789e-01,1.126764168600516286e-01,6.599363357408631892e-01,-6.027748982513601167e-02,7.447555039347832084e-02,-1.525313400204101610e-01,2.197842874816409095e-02
1.195833333333333526e+00,7.308868186601774619e-01,-1.241487995487208090e-01,1.122463988628607939e-01,6.596856498839527294e-01,-6.005186363689764967e-02,7.384281249444142603e-02,-1.511849327698670253e-01,2.179675216312623731e-02
1.200000000000000178e+00,7.303705051159155026e-01,-1.236819991412418801e-01,1.118180791750652131e-01,6.594359023616268578e-01,-5.982708867799021307e-02,7.321565869442134278e-02,-1.498509522734010613e-01,2.161662430158204848e-02
1.204166666666666829e+00,7.298561328601969045e-01,-1.232169798735432281e-01,1.113914505662254584e-01,6.591870896339194763e-01,-5.960316167564288364e-02,7.259403746714401806e-02,-1.485292778423679405e-01,2.143803147663965805e-02
1.208333333333333481e+00,7.293436944862645710e-01,-1.227537347144639912e-01,1.109665058415901795e-01,6.589392081744738228e-01,-5.938007937019613991e-02,7.197789778661468907e-02,-1.472197900290663775e-01,2.126096012743475261e-02
1.212500000000000133e+00,7.288331826165956873e-01,-1.222922566627474145e-01,1.105432378418740591e-01,6.586922544704876259e-01,-5.915783851504457375e-02,7.136718912197567710e-02,-1.459223706131514420e-01,2.108539681791578649e-02
1.216666666666666785e+00,7.283245899027769310e-01,-1.218325387468936205e-01,1.101216394430375445e-01,6.584462250226593705e-01,-5.893643587657999144e-02,7.076186143242045590e-02,-1.446369025882069670e-01,2.091132823564149229e-02
1.220833333333333437e+00,7.278179090253815708e-01,-1.213745740250131988e-01,1.097017035560684112e-01,6.582011163451335634e-01,-5.871586823413484091e-02,7.016186516216321722e-02,-1.433632701484754690e-01,2.073874119059060037e-02
1.225000000000000089e+00,7.273131326938458985e-01,-1.209183555846816416e-01,1.092834231267650058e-01,6.579569249654475538e-01,-5.849613237992586784e-02,6.956715123546362844e-02,-1.421013586757430280e-01,2.056762261398359382e-02
1.229166666666666741e+00,7.268102536463464380e-01,-1.204638765427948344e-01,1.088667911355213208e-01,6.577136474244775766e-01,-5.827722511899809804e-02,6.897767105170569957e-02,-1.408510547263775725e-01,2.039795955711638450e-02
1.233333333333333393e+00,7.263092646496790428e-01,-1.200111300454253377e-01,1.084518005971136928e-01,6.574712802763856834e-01,-5.805914326916909729e-02,6.839337648053045449e-02,-1.396122460185185432e-01,2.022973919020579561e-02
1.237500000000000044e+00,7.258101584991367705e-01,-1.195601092676795013e-01,1.080384445604892774e-01,6.572298200885663411e-01,-5.784188366097351569e-02,6.781421985702165700e-02,-1.383848214194160486e-01,2.006294880124671193e-02
1.241666666666666696e+00,7.253129280183895355e-01,-1.191108074135555916e-01,1.076267161085561752e-01,6.569892634415938071e-01,-5.762544313760788878e-02,6.724015397694399487e-02,-1.371686709329174303e-01,1.989757579488076258e-02
1.245833333333333348e+00,7.248175660593638714e-01,-1.186632177158027102e-01,1.072166083579751961e-01,6.567496069291693939e-01,-5.740981855487575086e-02,6.667113209203298640e-02,-1.359636856870997945e-01,1.973360769127644257e-02
1.250000000000000000e+00,7.243240655021236929e-01,-1.182173334357805583e-01,1.068081144589533571e-01,6.565108471580691774e-01,-5.719500678113298431e-02,6.610710790533630421e-02,-1.347697579220462627e-01,1.957103212502052381e-02
1.254166666666666652e+00,7.238324192547512803e-01,-1.177731478633201462e-01,1.064012275950389635e-01,6.562729807480914834e-01,-5.698100469723348799e-02,6.554803556660560027e-02,-1.335867809777645521e-01,1.940983684402065521e-02
1.258333333333333526e+00,7.233426202532285965e-01,-1.173306543165851812e-01,1.059959409829182853e-01,6.560360043320052625e-01,-5.676780919647509555e-02,6.499386966773834651e-02,-1.324146492822456389e-01,1.925000970841899903e-02
1.262500000000000178e+00,7.228546614613200472e-01,-1.168898461419346224e-01,1.055922478722139540e-01,6.557999145554981313e-01,-5.655541718454575734e-02,6.444456523826938565e-02,-1.312532583396614216e-01,1.909153868951686192e-02
1.266666666666666829e+00,7.223685358704550197e-01,-1.164507167137855959e-01,1.051901415452847627e-01,6.555647080771251911e-01,-5.634382557947001380e-02,6.390007774091097104e-02,-1.301025047186986083e-01,1.893441186871008472e-02
1.270833333333333481e+00,7.218842364996111982e-01,-1.160132594344776280e-01,1.047896153170272127e-01,6.553303815682571809e-01,-5.613303131155568393e-02,6.336036306714150357e-02,-1.289622860410284677e-01,1.877861743643519099e-02
1.275000000000000133e+00,7.214017563951985457e-01,-1.155774677341373652e-01,1.043906625346785327e-01,6.550969317130300729e-01,-5.592303132334092847e-02,6.282537753284182791e-02,-1.278325009699096126e-01,1.862414369112612433e-02
1.279166666666666785e+00,7.209210886309439514e-01,-1.151433350705442643e-01,1.039932765776212659e-01,6.548643552082934471e-01,-5.571382256954144491e-02,6.229507787397883106e-02,-1.267130491989227337e-01,1.847097903818146689e-02
1.283333333333333437e+00,7.204422263077761013e-01,-1.147108549289970469e-01,1.035974508571893826e-01,6.546326487635605318e-01,-5.550540201699803028e-02,6.176942124233567033e-02,-1.256038314408356171e-01,1.831911198894202453e-02
1.287500000000000089e+00,7.199651625537112354e-01,-1.142800208221810138e-01,1.032031788164758657e-01,6.544018091009577986e-01,-5.529776664462435903e-02,6.124836520128813105e-02,-1.245047494165965468e-01,1.816853115967869206e-02
1.291666666666666741e+00,7.194898905237391284e-01,-1.138508262900360390e-01,1.028104539301418763e-01,6.541718329551740041e-01,-5.509091344335500379e-02,6.073186772162655206e-02,-1.234157058444548677e-01,1.801922527059046306e-02
1.295833333333333393e+00,7.190164033997100690e-01,-1.134232648996254950e-01,1.024192697042273642e-01,6.539427170734110062e-01,-5.488483941609376832e-02,6.021988717742290942e-02,-1.223366044292068244e-01,1.787118314481248721e-02
1.300000000000000044e+00,7.185446943902218386e-01,-1.129973302450058698e-01,1.020296196759630653e-01,6.537144582153338046e-01,-5.467954157766222179e-02,5.971238234194235772e-02,-1.212673498515653425e-01,1.772439370743407114e-02
1.304166666666666696e+00,7.180747567305078016e-01,-1.125730159470972047e-01,1.016414974135841642e-01,6.534870531530208027e-01,-5.447501695474851746e-02,5.920931238359884718e-02,-1.202078477576521282e-01,1.757884598452653588e-02
1.308333333333333348e+00,7.176065836823248834e-01,-1.121503156535542528e-01,1.012548965161451237e-01,6.532604986709144024e-01,-5.427126258585648205e-02,5.871063686195427539e-02,-1.191580047486105048e-01,1.743452910218075066e-02
1.312500000000000000e+00,7.171401685338427701e-01,-1.117292230386385393e-01,1.008698106133362055e-01,6.530347915657722657e-01,-5.406827552125489933e-02,5.821631572376066710e-02,-1.181177283703377101e-01,1.729143228555437423e-02
1.316666666666666652e+00,7.166755045995331086e-01,-1.113097318030910193e-01,1.004862333653012141e-01,6.528099286466181317e-01,-5.386605282292709906e-02,5.772630929904487562e-02,-1.170869271033349729e-01,1.714954485792855726e-02
1.320833333333333526e+00,7.162125852200594833e-01,-1.108918356740055539e-01,1.001041584624567105e-01,6.525859067346930775e-01,-5.366459156452076801e-02,5.724057829723531304e-02,-1.160655103526739007e-01,1.700885623977409916e-02
1.325000000000000178e+00,7.157514037621681702e-01,-1.104755284047032327e-01,9.972357962531273878e-02,6.523627226634072240e-01,-5.346388883129803843e-02,5.675908380333039710e-02,-1.150533884380782745e-01,1.686935594782696529e-02
1.329166666666666829e+00,7.152919536185784466e-01,-1.100608037746072659e-01,9.934449060429459410e-02,6.521403732782912188e-01,-5.326394172008577094e-02,5.628178727410780569e-02,-1.140504725841186423e-01,1.673103359417296015e-02
1.333333333333333259e+00,7.148342282078748999e-01,-1.096476555891187782e-01,9.896688517956636622e-02,6.519188554369483857e-01,-5.306474733922611486e-02,5.580865053437462919e-02,-1.130566749105199192e-01,1.659387888534160846e-02
1.337500000000000133e+00,7.143782209743986256e-01,-1.092360776794931154e-01,9.859075716085541341e-02,6.516981660090064299e-01,-5.286630280852728375e-02,5.533963577325742844e-02,-1.120719084225789697e-01,1.645788162140899430e-02
1.341666666666666785e+00,7.139239253881405345e-01,-1.088260639027173043e-01,9.821610038727866809e-02,6.514783018760704758e-01,-5.266860525921468472e-02,5.487470554053236471e-02,-1.110960870016926977e-01,1.632303169510966948e-02
1.345833333333333437e+00,7.134713349446337727e-01,-1.084176081413876641e-01,9.784290872716973342e-02,6.512592599316747721e-01,-5.247165183388207560e-02,5.441382274299407656e-02,-1.101291253959929273e-01,1.618931909095724583e-02
1.350000000000000089e+00,7.130204431648476948e-01,-1.080107043035886116e-01,9.747117607790763139e-02,6.510410370812361736e-01,-5.227543968644318001e-02,5.395695064086374754e-02,-1.091709392110891408e-01,1.605673388437386939e-02
1.354166666666666741e+00,7.125712435950817270e-01,-1.076053463227718970e-01,9.710089636574677219e-02,6.508236302420064012e-01,-5.207996598208339267e-02,5.350405284423533775e-02,-1.082214449009160778e-01,1.592526624082830911e-02
1.358333333333333393e+00,7.121237298068598953e-01,-1.072015281576367274e-01,9.673206354564817255e-02,6.506070363430257464e-01,-5.188522789721177614e-02,5.305509330955979902e-02,-1.072805597586858617e-01,1.579490641498261863e-02
1.362500000000000044e+00,7.116778953968257992e-01,-1.067992437920104176e-01,9.636467160111197860e-02,6.503912523250759969e-01,-5.169122261941330038e-02,5.261003633616676001e-02,-1.063482019079427521e-01,1.566564474984727742e-02
1.366666666666666474e+00,7.112337339866385832e-01,-1.063984872347299021e-01,9.599871454401126547e-02,6.501762751406343632e-01,-5.149794734740130442e-02,5.216884656282327892e-02,-1.054242902937198856e-01,1.553747167594475738e-02
1.370833333333333348e+00,7.107912392228682430e-01,-1.059992525195237317e-01,9.563418641442693324e-02,6.499621017538266265e-01,-5.130539929097013147e-02,5.173148896432910870e-02,-1.045087446737959364e-01,1.541037771048132596e-02
1.375000000000000000e+00,7.103504047768931517e-01,-1.056015337048951119e-01,9.527108128048418501e-02,6.497487291403818421e-01,-5.111357567094815257e-02,5.129792884814853016e-02,-1.036014856100518217e-01,1.528435345652718116e-02
1.379166666666666652e+00,7.099112243447959214e-01,-1.052053248740051211e-01,9.490939323818983753e-02,6.495361542875857097e-01,-5.092247371915081117e-02,5.086813185107753876e-02,-1.027024344599244132e-01,1.515938960220458709e-02
1.383333333333333526e+00,7.094736916472619281e-01,-1.048106201345570809e-01,9.454911641127107524e-02,6.493243741942353875e-01,-5.073209067833402836e-02,5.044206393594675986e-02,-1.018115133679576845e-01,1.503547691988415223e-02
1.387500000000000178e+00,7.090378004294766168e-01,-1.044174136186812873e-01,9.419024495101542549e-02,6.491133858705937509e-01,-5.054242380214787889e-02,5.001969138835932194e-02,-1.009286452574495729e-01,1.491260626538905634e-02
1.391666666666666829e+00,7.086035444610242484e-01,-1.040256994828205467e-01,9.383277303611174680e-02,6.489031863383443177e-01,-5.035347035509028096e-02,4.960098081346317467e-02,-1.000537538221926703e-01,1.479076857720710951e-02
1.395833333333333259e+00,7.081709175357869812e-01,-1.036354719076162806e-01,9.347669487249259113e-02,6.486937726305458396e-01,-5.016522761246117873e-02,4.918589913275781683e-02,-9.918676351830903182e-02,1.466995487571067652e-02
1.400000000000000133e+00,7.077399134718436180e-01,-1.032467250977953527e-01,9.312200469317756524e-02,6.484851417915876715e-01,-4.997769286031668312e-02,4.877441358093468488e-02,-9.832759955617645375e-02,1.455015626238424439e-02
1.404166666666666785e+00,7.073105261113704634e-01,-1.028594532820576446e-01,9.276869675811810767e-02,6.482772908771449183e-01,-4.979086339542370537e-02,4.836649170275127835e-02,-9.747618789244671955e-02,1.443136391905974064e-02
1.408333333333333437e+00,7.068827493205408485e-01,-1.024736507129639929e-01,9.241676535404305670e-02,6.480702169541338042e-01,-4.960473652521456972e-02,4.796210134993791896e-02,-9.663245522215282990e-02,1.431356910715926925e-02
1.412500000000000089e+00,7.064565769894263214e-01,-1.020893116668250139e-01,9.206620479430566162e-02,6.478639171006677078e-01,-4.941930956774195915e-02,4.756121067813760817e-02,-9.579632897090586963e-02,1.419676316694543083e-02
1.416666666666666741e+00,7.060320030318979478e-01,-1.017064304435905120e-01,9.171700941873157931e-02,6.476583884060124197e-01,-4.923457985163407630e-02,4.716378814387798407e-02,-9.496773728717942953e-02,1.408093751677899630e-02
1.420833333333333393e+00,7.056090213855278348e-01,-1.013250013667394561e-01,9.136917359346802270e-02,6.474536279705428443e-01,-4.905054471605001243e-02,4.676980250157536378e-02,-9.414660903468083375e-02,1.396608365238392359e-02
1.425000000000000044e+00,7.051876260114913197e-01,-1.009450187831705814e-01,9.102269171083399169e-02,6.472496329056984798e-01,-4.886720151063530387e-02,4.637922280057030222e-02,-9.333287378480814578e-02,1.385219314611961169e-02
1.429166666666666474e+00,7.047678108944701592e-01,-1.005664770630937815e-01,9.067755818917165589e-02,6.470464003339405634e-01,-4.868454759547773125e-02,4.599201838219450084e-02,-9.252646180919180119e-02,1.373925764626033816e-02
1.433333333333333348e+00,7.043495700425546069e-01,-1.001893705999217787e-01,9.033376747269866724e-02,6.468439273887079954e-01,-4.850258034106329219e-02,4.560815887686845566e-02,-9.172730407231984018e-02,1.362726887628176210e-02
1.437500000000000000e+00,7.039328974871479350e-01,-9.981369381016284847e-02,8.999131403136188811e-02,6.466422112143744849e-01,-4.832129712823248630e-02,4.522761420122996256e-02,-9.093533222424629581e-02,1.351621863415453442e-02
1.441666666666666652e+00,7.035177872828699552e-01,-9.943944113331375234e-02,8.965019236069178554e-02,6.464412489662055838e-01,-4.814069534813665563e-02,4.485035455529245985e-02,-9.015047859338057301e-02,1.340609879164475667e-02
1.445833333333333526e+00,7.031042335074614291e-01,-9.906660703175347582e-02,8.931039698165808838e-02,6.462410378103153885e-01,-4.796077240219464438e-02,4.447635041963348551e-02,-8.937267617935795716e-02,1.329690129362137707e-02
1.450000000000000178e+00,7.026922302616893656e-01,-9.869518599063761832e-02,8.897192244052656851e-02,6.460415749236243510e-01,-4.778152570204965977e-02,4.410557255261269433e-02,-8.860185864598998928e-02,1.318861815737042316e-02
1.454166666666666829e+00,7.022817716692515422e-01,-9.832517251779314404e-02,8.863476330871664088e-02,6.458428574938160915e-01,-4.760295266952625087e-02,4.373799198761888635e-02,-8.783796031429318141e-02,1.308124147191588697e-02
1.458333333333333259e+00,7.018728518766831348e-01,-9.795656114361400713e-02,8.829891418266017089e-02,6.456448827192960982e-01,-4.742505073658762754e-02,4.337358003034612330e-02,-8.708091615559601650e-02,1.297476339734737229e-02
1.462500000000000133e+00,7.014654650532622382e-01,-9.758934642095705436e-02,8.796436968366118381e-02,6.454476478091484282e-01,-4.724781734529302779e-02,4.301230825609823893e-02,-8.633066178472247054e-02,1.286917616415426090e-02
1.466666666666666785e+00,7.010596053909170511e-01,-9.722352292503894100e-02,8.763112445775679549e-02,6.452511499830945185e-01,-4.707124994775546689e-02,4.265414850712182654e-02,-8.558713345325216770e-02,1.276447207256650555e-02
1.470833333333333437e+00,7.006552671041323954e-01,-9.685908525333310204e-02,8.729917317557880918e-02,6.450553864714512198e-01,-4.689534600609950726e-02,4.229907288996684334e-02,-8.485026804285482338e-02,1.266064349190177893e-02
1.475000000000000089e+00,7.002524444298574569e-01,-9.649602802546772273e-02,8.696851053221654748e-02,6.448603545150888294e-01,-4.672010299241934755e-02,4.194705377287506753e-02,-8.412000305869950234e-02,1.255768285991910350e-02
1.479166666666666741e+00,6.998511316274137473e-01,-9.613434588312405604e-02,8.663913124708064184e-02,6.446660513653899027e-01,-4.654551838873705050e-02,4.159806378319579750e-02,-8.339627662293692956e-02,1.245558268217878024e-02
1.483333333333333393e+00,6.994513229784032893e-01,-9.577403348993536458e-02,8.631103006376772413e-02,6.444724742842082854e-01,-4.637158968696102751e-02,4.125207580482850855e-02,-8.267902746825436799e-02,1.235433553140858134e-02
1.487500000000000044e+00,6.990530127866174670e-01,-9.541508553138644544e-02,8.598420174992611742e-02,6.442796205438274804e-01,-4.619831438884464125e-02,4.090906297569226607e-02,-8.196819493150196700e-02,1.225393404687616199e-02
1.491666666666666474e+00,6.986561953779459877e-01,-9.505749671471371010e-02,8.565864109712251206e-02,6.440874874269196804e-01,-4.602569000594509963e-02,4.056899868522158281e-02,-8.126371894739002621e-02,1.215437093376760432e-02
1.495833333333333348e+00,6.982608651002866207e-01,-9.470126176880569457e-02,8.533434292070948834e-02,6.438960722265054670e-01,-4.585371405958238444e-02,4.023185657188820680e-02,-8.056554004225584265e-02,1.205563896257200347e-02
1.500000000000000000e+00,6.978670163234554913e-01,-9.434637544410441612e-02,8.501130205969417708e-02,6.437053722459131766e-01,-4.568238408079863810e-02,3.989761052074910358e-02,-7.987359932790023820e-02,1.195773096847215985e-02
1.504166666666666652e+00,6.974746434390965977e-01,-9.399283251250692417e-02,8.468951337660761414e-02,6.435153847987378217e-01,-4.551169761031742533e-02,3.956623466101951564e-02,-7.918783849549153320e-02,1.186063985074109484e-02
1.508333333333333526e+00,6.970837408605936591e-01,-9.364062776726755910e-02,8.436897175737513577e-02,6.433261072088017896e-01,-4.534165219850343903e-02,3.923770336367164019e-02,-7.850819980953760435e-02,1.176435857214455996e-02
1.512500000000000178e+00,6.966943030229805212e-01,-9.328975602290089097e-02,8.404967211118782866e-02,6.431375368101138745e-01,-4.517224540532228244e-02,3.891199123905815516e-02,-7.783462610192450060e-02,1.166888015834934011e-02
1.516666666666666829e+00,6.963063243828532256e-01,-9.294021211508486646e-02,8.373160937037450735e-02,6.429496709468299764e-01,-4.500347480030041092e-02,3.858907313456038518e-02,-7.716706076602054820e-02,1.157419769733730383e-02
1.520833333333333259e+00,6.959197994182819702e-01,-9.259199090056478842e-02,8.341477849027503777e-02,6.427625069732130214e-01,-4.483533796248537900e-02,3.826892413226103129e-02,-7.650544775084600069e-02,1.148030433882520421e-02
1.525000000000000133e+00,6.955347226287232898e-01,-9.224508725705758694e-02,8.309917444911416040e-02,6.425760422535935490e-01,-4.466783248040612220e-02,3.795151954664088834e-02,-7.584973155530666533e-02,1.138719329369009513e-02
1.529166666666666785e+00,6.951510885349332369e-01,-9.189949608315690910e-02,8.278479224787654855e-02,6.423902741623300772e-01,-4.450095595203360649e-02,3.763683492229973060e-02,-7.519985722249156179e-02,1.129485783340040093e-02
1.533333333333333437e+00,6.947688916788802294e-01,-9.155521229823833373e-02,8.247162691018243563e-02,6.422052000837700225e-01,-4.433470598474145707e-02,3.732484603170047738e-02,-7.455577033403275322e-02,1.120329128945244009e-02
1.537500000000000089e+00,6.943881266236587857e-01,-9.121223084236546041e-02,8.215967348216431099e-02,6.420208174122107314e-01,-4.416908019526693402e-02,3.701552887293699245e-02,-7.391741700452778008e-02,1.111248705281249992e-02
1.541666666666666741e+00,6.940087879534037052e-01,-9.087054667619631765e-02,8.184892703234432354e-02,6.418371235518601781e-01,-4.400407620967201894e-02,3.670885966752489987e-02,-7.328474387602325335e-02,1.102243857336429947e-02
1.545833333333333393e+00,6.936308702732043585e-01,-9.053015478089028456e-02,8.153938265151272624e-02,6.416541159167984398e-01,-4.383969166330468903e-02,3.640481485821524948e-02,-7.265769811255905208e-02,1.093313935936184381e-02
1.550000000000000044e+00,6.932543682090190895e-01,-9.019105015801563707e-02,8.123103545260700054e-02,6.414717919309389504e-01,-4.367592420076038540e-02,3.610337110683083106e-02,-7.203622739477254233e-02,1.084458297688756755e-02
1.554166666666666474e+00,6.928792764075910604e-01,-8.985322782945749653e-02,8.092388057059186901e-02,6.412901490279904193e-01,-4.351277147584364097e-02,3.580450529212481081e-02,-7.142027991456192937e-02,1.075676304931576927e-02
1.558333333333333348e+00,6.925055895363630976e-01,-8.951668283732619469e-02,8.061791316234011295e-02,6.411091846514177517e-01,-4.335023115152988188e-02,3.550819450766144053e-02,-7.080980436980803538e-02,1.066967325678121192e-02
1.562500000000000000e+00,6.921333022833940918e-01,-8.918141024386642968e-02,8.031312840651437523e-02,6.409288962544049673e-01,-4.318830089992749255e-02,3.521441605971883243e-02,-7.020474995915440553e-02,1.058330733565294307e-02
1.566666666666666652e+00,6.917624093572751764e-01,-8.884740513136654694e-02,8.000952150344951830e-02,6.407492812998162313e-01,-4.302697840223988768e-02,3.492314746521306412e-02,-6.960506637684382714e-02,1.049765907801313534e-02
1.570833333333333526e+00,6.913929054870461277e-01,-8.851466260206855563e-02,7.970708767503591197e-02,6.405703372601587731e-01,-4.286626134872793120e-02,3.463436644964393296e-02,-6.901070380761195611e-02,1.041272233114103572e-02
1.575000000000000178e+00,6.910247854221127639e-01,-8.818317777807860303e-02,7.940582216460366494e-02,6.403920616175448055e-01,-4.270614743867243851e-02,3.434805094506179074e-02,-6.842161292163662090e-02,1.032849099700190038e-02
1.579166666666666829e+00,6.906580439321643450e-01,-8.785294580127775421e-02,7.910572023680739751e-02,6.402144518636541104e-01,-4.254663438033687295e-02,3.406417908805520200e-02,-6.783774486954208260e-02,1.024495903174084920e-02
1.583333333333333259e+00,6.902926758070911939e-01,-8.752396183323352119e-02,7.880677717751193023e-02,6.400375054996967350e-01,-4.238771989093018111e-02,3.378272921775950927e-02,-6.725905127745819556e-02,1.016212044518166081e-02
1.587500000000000133e+00,6.899286758569025402e-01,-8.719622105511157240e-02,7.850898829367874976e-02,6.398612200363759106e-01,-4.222940169656985709e-02,3.350367987388561813e-02,-6.668548424213315007e-02,1.007996930033036240e-02
1.591666666666666785e+00,6.895660389116460287e-01,-8.686971866758821936e-02,7.821234891325334893e-02,6.396855929938507490e-01,-4.207167753224518025e-02,3.322700979476937710e-02,-6.611699632609993604e-02,9.998499712883694018e-03
1.595833333333333437e+00,6.892047598213255633e-01,-8.654444989076312544e-02,7.791685438505305261e-02,6.395106219016996052e-01,-4.191454514178054314e-02,3.295269791544060134e-02,-6.555354055289487614e-02,9.917705850742237692e-03
1.600000000000000089e+00,6.888448334558211483e-01,-8.622040996407258351e-02,7.762250007865591217e-02,6.393363042988829958e-01,-4.175800227779902923e-02,3.268072336571217068e-02,-6.499507040232878341e-02,9.837581933528296088e-03
1.604166666666666741e+00,6.884862547048082870e-01,-8.589759414620325162e-02,7.732928138429014109e-02,6.391626377337075171e-01,-4.160204670168609481e-02,3.241106546828866064e-02,-6.444153980580916152e-02,9.758122232108423777e-03
1.608333333333333393e+00,6.881290184776779340e-01,-8.557599771500634667e-02,7.703719371272445271e-02,6.389896197637889852e-01,-4.144667618355350053e-02,3.214370373689433291e-02,-6.389290314171355845e-02,9.679321068120546809e-03
1.612500000000000044e+00,6.877731197034571142e-01,-8.525561596741228210e-02,7.674623249515899470e-02,6.388172479560162431e-01,-4.129188850220332635e-02,3.187861787442028416e-02,-6.334911523081292184e-02,9.601172813505658502e-03
1.616666666666666474e+00,6.874185533307290985e-01,-8.493644421934576361e-02,7.645639318311714394e-02,6.386455198865151894e-01,-4.113768144509218766e-02,3.161578777109066291e-02,-6.281013133174491447e-02,9.523671890044020302e-03
1.620833333333333348e+00,6.870653143275547992e-01,-8.461847780564127341e-02,7.616767124833791203e-02,6.384744331406126960e-01,-4.098405280829559016e-02,3.135519350264743405e-02,-6.227590713653598231e-02,9.446812768895822623e-03
1.625000000000000000e+00,6.867133976813942775e-01,-8.430171207995922067e-02,7.588006218266922509e-02,6.383039853128007479e-01,-4.083100039647253460e-02,3.109681532855402414e-02,-6.174639876617245282e-02,9.370589970146305653e-03
1.629166666666666652e+00,6.863627983990279180e-01,-8.398614241470217512e-02,7.559356149796178648e-02,6.381341740067006940e-01,-4.067852202283016305e-02,3.084063369021696963e-02,-6.122156276621909532e-02,9.294998062355204829e-03
1.633333333333333526e+00,6.860135115064790456e-01,-8.367176420093190570e-02,7.530816472596361943e-02,6.379649968350278311e-01,-4.052661550908862736e-02,3.058662920922595313e-02,-6.070135610248546254e-02,9.220031662110569556e-03
1.637500000000000178e+00,6.856655320489363215e-01,-8.335857284828659952e-02,7.502386741821558125e-02,6.377964514195558765e-01,-4.037527868544614484e-02,3.033478268561175598e-02,-6.018573615673906974e-02,9.145685433586864949e-03
1.641666666666666829e+00,6.853188550906760268e-01,-8.304656378489863600e-02,7.474066514594718269e-02,6.376285353910818854e-01,-4.022450939054413727e-02,3.008507509612189101e-02,-5.967466072246469661e-02,9.071954088107306302e-03
1.645833333333333259e+00,6.849734757149856801e-01,-8.273573245731277725e-02,7.445855349997340666e-02,6.374612463893910563e-01,-4.007430547143261967e-02,2.983748759251390881e-02,-5.916808800066979124e-02,8.998832383710414148e-03
1.650000000000000133e+00,6.846293890240874314e-01,-8.242607433040470555e-02,7.417752809059205421e-02,6.372945820632215375e-01,-3.992466478353565162e-02,2.959200149986599901e-02,-5.866597659573486584e-02,8.926315124720715297e-03
1.654166666666666785e+00,6.842865901390614569e-01,-8.211758488730022676e-02,7.389758454748195093e-02,6.371285400702301205e-01,-3.977558519061705211e-02,2.934859831490493898e-02,-5.816828551130909242e-02,8.854397161323600274e-03
1.658333333333333437e+00,6.839450741997704641e-01,-8.181025962929454332e-02,7.361871851960151425e-02,6.369631180769570467e-01,-3.962706456474617001e-02,2.910725970435083104e-02,-5.767497414624956492e-02,8.783073389144203588e-03
1.662500000000000089e+00,6.836048363647843074e-01,-8.150409407577220711e-02,7.334092567508836147e-02,6.367983137587919229e-01,-3.947910078626386265e-02,2.886796750327886088e-02,-5.718600229060476908e-02,8.712338748830365798e-03
1.666666666666666741e+00,6.832658718113041596e-01,-8.119908376412743323e-02,7.306420170115923707e-02,6.366341247999387498e-01,-3.933169174374863408e-02,2.863070371349758433e-02,-5.670133012164108727e-02,8.642188225639578503e-03
1.670833333333333393e+00,6.829281757350882387e-01,-8.089522424968477454e-02,7.278854230401089753e-02,6.364705488933822819e-01,-3.918483533398289809e-02,2.839545050194376002e-02,-5.622091819991208161e-02,8.572616849029881039e-03
1.675000000000000044e+00,6.825917433503767562e-01,-8.059251110562028197e-02,7.251394320872144028e-02,6.363075837408536106e-01,-3.903852946191941481e-02,2.816219019909340510e-02,-5.574472746537006279e-02,8.503619692254682852e-03
1.679166666666666474e+00,6.822565698898183095e-01,-8.029093992288302561e-02,7.224040015915235424e-02,6.361452270527961916e-01,-3.889277204064787302e-02,2.793090529738901859e-02,-5.527271923351942395e-02,8.435191871961468177e-03
1.683333333333333348e+00,6.819226506043954972e-01,-7.999050631011694890e-02,7.196790891785119493e-02,6.359834765483320940e-01,-3.874756099136160425e-02,2.770157844968267405e-02,-5.480485519161112928e-02,8.367328547794301505e-03
1.687500000000000000e+00,6.815899807633514218e-01,-7.969120589358337503e-02,7.169646526595502278e-02,6.358223299552280272e-01,-3.860289424332451896e-02,2.747419246769502998e-02,-5.434109739487839874e-02,8.300024922000217090e-03
1.691666666666666652e+00,6.812585556541165266e-01,-7.939303431708361058e-02,7.142606500309421624e-02,6.356617850098623679e-01,-3.845876973383809128e-02,2.724873032048974117e-02,-5.388140826281225676e-02,8.233276239039266989e-03
1.695833333333333526e+00,6.809283705822359867e-01,-7.909598724188215968e-02,7.115670394729708970e-02,6.355018394571911866e-01,-3.831518540820853802e-02,2.702517513296344778e-02,-5.342575057547735429e-02,8.167077785198368148e-03
1.700000000000000178e+00,6.805994208712964344e-01,-7.880006034663024350e-02,7.088837793489523309e-02,6.353424910507150525e-01,-3.817213921971421287e-02,2.680351018435102664e-02,-5.297408746986714823e-02,8.101424888208821895e-03
1.704166666666666829e+00,6.802717018628540169e-01,-7.850524932728972227e-02,7.062108282042911522e-02,6.351837375524462814e-01,-3.802962912957300740e-02,2.658371890674585125e-02,-5.252638243629791787e-02,8.036312916867457273e-03
1.708333333333333259e+00,6.799452089163628976e-01,-7.821154989705746130e-02,7.035481447655471399e-02,6.350255767328754075e-01,-3.788765310691002280e-02,2.636578488363510234e-02,-5.208259931484154198e-02,7.971737280661420760e-03
1.712500000000000133e+00,6.796199374091025369e-01,-7.791895778628993297e-02,7.008956879395038253e-02,6.348680063709385424e-01,-3.774620912872530404e-02,2.614969184844976799e-02,-5.164270229179619698e-02,7.907693429396513499e-03
1.716666666666666785e+00,6.792958827361074148e-01,-7.762746874242851258e-02,6.982534168122464524e-02,6.347110242539846237e-01,-3.760529517986181680e-02,2.593542368312942020e-02,-5.120665589619506630e-02,7.844176852829117669e-03
1.720833333333333437e+00,6.789730403100953104e-01,-7.733707852992474652e-02,6.956212906482436842e-02,6.345546281777428854e-01,-3.746490925297344537e-02,2.572296441670125083e-02,-5.077442499635181905e-02,7.781183080301574961e-03
1.725000000000000089e+00,6.786514055613969143e-01,-7.704778293016638357e-02,6.929992688894351383e-02,6.343988159462903287e-01,-3.732504934849320555e-02,2.551229822387359944e-02,-5.034597479644331575e-02,7.718707680381068324e-03
1.729166666666666741e+00,6.783309739378851067e-01,-7.675957774140350354e-02,6.903873111543266938e-02,6.342435853720189698e-01,-3.718571347460162407e-02,2.530340942364355666e-02,-4.992127083312856289e-02,7.656746260501941063e-03
1.733333333333333393e+00,6.780117409049055688e-01,-7.647245877867520081e-02,6.877853772370898233e-02,6.340889342756045322e-01,-3.704689964719518752e-02,2.509628247791861888e-02,-4.950027897220369427e-02,7.595294466611405594e-03
1.737500000000000044e+00,6.776937019452058397e-01,-7.618642187373654562e-02,6.851934271066673077e-02,6.339348604859732506e-01,-3.690860588985500623e-02,2.489090199015217553e-02,-4.908296540529256957e-02,7.534347982818634035e-03
1.741666666666666474e+00,6.773768525588668155e-01,-7.590146287498598932e-02,6.826114209058849192e-02,6.337813618402710070e-01,-3.677083023381554766e-02,2.468725270399274238e-02,-4.866929664657252547e-02,7.473902531047178603e-03
1.745833333333333348e+00,6.770611882632330270e-01,-7.561757764739299170e-02,6.800393189505676839e-02,6.336284361838305790e-01,-3.663357071793354319e-02,2.448531950194669446e-02,-4.825923952953487667e-02,7.413953870690680181e-03
1.750000000000000000e+00,6.767467045928441394e-01,-7.533476207242630063e-02,6.774770817286639157e-02,6.334760813701405535e-01,-3.649682538865710313e-02,2.428508740405460262e-02,-4.785276120378007675e-02,7.354497798271896272e-03
1.754166666666666652e+00,6.764333970993657852e-01,-7.505301204798223158e-02,6.749246698993728588e-02,6.333242952608135745e-01,-3.636059229999481085e-02,2.408654156658059445e-02,-4.744982913184649098e-02,7.295530147104893094e-03
1.758333333333333526e+00,6.761212613515219516e-01,-7.477232348831359954e-02,6.723820442922777418e-02,6.331730757255547015e-01,-3.622486951348508760e-02,2.388966728071506562e-02,-4.705041108607309341e-02,7.237046786960498086e-03
1.762500000000000178e+00,6.758102929350261467e-01,-7.449269232395888674e-02,6.698491659064870207e-02,6.330224206421305455e-01,-3.608965509816568912e-02,2.369444997129033226e-02,-4.665447514549540819e-02,7.179043623734917418e-03
1.766666666666666829e+00,6.755004874525147862e-01,-7.421411450167178514e-02,6.673259959097770089e-02,6.328723278963375165e-01,-3.595494713054321612e-02,2.350087519550908902e-02,-4.626198969277411227e-02,7.121516599121462121e-03
1.770833333333333259e+00,6.751918405234785814e-01,-7.393658598435107199e-02,6.648124956377438055e-02,6.327227953819714035e-01,-3.582074369456293012e-02,2.330892864168569029e-02,-4.587292341115639660e-02,7.064461690285429689e-03
1.775000000000000133e+00,6.748843477841961480e-01,-7.366010275097084614e-02,6.623086265929573058e-02,6.325738210007957329e-01,-3.568704288157853455e-02,2.311859612799993177e-02,-4.548724528146924628e-02,7.007874909542022301e-03
1.779166666666666785e+00,6.745780048876672819e-01,-7.338466079651123630e-02,6.598143504441238150e-02,6.324254026625117930e-01,-3.555384279032228201e-02,2.292986360126342618e-02,-4.510492457914482001e-02,6.951752304037364140e-03
1.783333333333333437e+00,6.742728075035457902e-01,-7.311025613188920635e-02,6.573296290252504670e-02,6.322775382847271031e-01,-3.542114152687499129e-02,2.274271713569813586e-02,-4.472593087127684636e-02,6.896089955432485076e-03
1.787500000000000089e+00,6.739687513180738776e-01,-7.283688478388997134e-02,6.548544243348178306e-02,6.321302257929254376e-01,-3.528893720463641137e-02,2.255714293172724622e-02,-4.435023401370841167e-02,6.840883979590323648e-03
1.791666666666666741e+00,6.736658320340154216e-01,-7.256454279509855221e-02,6.523886985349558465e-02,6.319834631204362951e-01,-3.515722794429553683e-02,2.237312731477804004e-02,-4.397780414815033456e-02,6.786130526265689474e-03
1.795833333333333393e+00,6.733640453705912465e-01,-7.229322622383184405e-02,6.499324139506257314e-02,6.318372482084042563e-01,-3.502601187380119385e-02,2.219065673409674130e-02,-4.360861169932996051e-02,6.731825778798140869e-03
1.800000000000000044e+00,6.730633870634128435e-01,-7.202293114407083696e-02,6.474855330688066013e-02,6.316915790057591185e-01,-3.489528712833267488e-02,2.200971776157515172e-02,-4.324262737216998109e-02,6.677965953807778535e-03
1.804166666666666474e+00,6.727638528644178662e-01,-7.175365364539340596e-02,6.450480185376882003e-02,6.315464534691860310e-01,-3.476505185027053968e-02,2.183029709058902437e-02,-4.287982214899700023e-02,6.624547300893902403e-03
1.808333333333333348e+00,6.724654385418046276e-01,-7.148538983290712856e-02,6.426198331658658502e-02,6.314018695630948530e-01,-3.463530418916749287e-02,2.165238153484791775e-02,-4.252016728677932705e-02,6.571566102336507363e-03
1.812500000000000000e+00,6.721681398799684848e-01,-7.121813582718282409e-02,6.402009399215452534e-02,6.312578252595910655e-01,-3.450604230171949033e-02,2.147595802725666553e-02,-4.216363431439413417e-02,6.519018672800627398e-03
1.816666666666666652e+00,6.718719526794363350e-01,-7.095188776418806520e-02,6.377913019317467402e-02,6.311143185384455734e-01,-3.437726435173687339e-02,2.130101361878795896e-02,-4.181019502992294051e-02,6.466901359043416252e-03
1.820833333333333526e+00,6.715768727568037777e-01,-7.068664179522121671e-02,6.353908824815183987e-02,6.309713473870653955e-01,-3.424896851011567656e-02,2.112753547736628823e-02,-4.145982149797576566e-02,6.415210539624028804e-03
1.825000000000000178e+00,6.712828959446706101e-01,-7.042239408684576596e-02,6.329996450131523955e-02,6.308289098004640216e-01,-3.412115295480906696e-02,2.095551088676297219e-02,-4.111248604704336590e-02,6.363942624616229435e-03
1.829166666666666829e+00,6.709900180915776557e-01,-7.015914082082495840e-02,6.306175531254064326e-02,6.306870037812322138e-01,-3.399381587079886718e-02,2.078492724550205437e-02,-4.076816126687703157e-02,6.313094055323687469e-03
1.833333333333333259e+00,6.706982350619434818e-01,-6.989687819405675240e-02,6.282445705727300600e-02,6.305456273395088074e-01,-3.386695545006728619e-02,2.061577206577717980e-02,-4.042682000589610525e-02,6.262661303997977061e-03
1.837500000000000133e+00,6.704075427360014494e-01,-6.963560241850907939e-02,6.258806612644954304e-02,6.304047784929511788e-01,-3.374056989156865027e-02,2.044803297237911266e-02,-4.008843536862243678e-02,6.212640873559206918e-03
1.841666666666666785e+00,6.701179370097370969e-01,-6.937530972115554806e-02,6.235257892642339511e-02,6.302644552667070466e-01,-3.361465740120139767e-02,2.028169770163402302e-02,-3.975298071314196935e-02,6.163029297319311955e-03
1.845833333333333437e+00,6.698294137948258564e-01,-6.911599634391130120e-02,6.211799187888755042e-02,6.301246556933847165e-01,-3.348921619178009401e-02,2.011675410035213343e-02,-3.942042964859256149e-02,6.113823138707904538e-03
1.850000000000000089e+00,6.695419690185707706e-01,-6.885765854356924731e-02,6.188430142079941881e-02,6.299853778130249937e-01,-3.336424448300761431e-02,1.995319012478689175e-02,-3.909075603267830878e-02,6.065018991000730407e-03
1.854166666666666741e+00,6.692555986238406529e-01,-6.860029259173663907e-02,6.165150400430581545e-02,6.298466196730722055e-01,-3.323974050144742204e-02,1.979099383960441008e-02,-3.876393396920973372e-02,6.016613477050666847e-03
1.858333333333333393e+00,6.689702985690086923e-01,-6.834389477477194330e-02,6.141959609666836073e-02,6.297083793283458908e-01,-3.311570248049600790e-02,1.963015341686309354e-02,-3.843993780566974661e-02,5.968603249021246608e-03
1.862500000000000044e+00,6.686860648278907249e-01,-6.808846139372198847e-02,6.118857418018935207e-02,6.295706548410118231e-01,-3.299212866035541869e-02,1.947065713500338233e-02,-3.811874213080488488e-02,5.920984988122682431e-03
1.866666666666666474e+00,6.684028933896846159e-01,-6.783398876425952850e-02,6.095843475213813534e-02,6.294334442805546992e-01,-3.286901728800591116e-02,1.931249337784744433e-02,-3.780032177224181000e-02,5.873755404350372231e-03
1.870833333333333348e+00,6.681207802589090861e-01,-6.758047321662087603e-02,6.072917432467781623e-02,6.292967457237489404e-01,-3.274636661717870295e-02,1.915565063360874162e-02,-3.748465179412849985e-02,5.826911236225838092e-03
1.875000000000000000e+00,6.678397214553434269e-01,-6.732791109554420173e-02,6.050078942479258926e-02,6.291605572546313807e-01,-3.262417490832893868e-02,1.900011749391147114e-02,-3.717170749480022685e-02,5.780449250540134649e-03
1.879166666666666652e+00,6.675597130139668822e-01,-6.707629876020775039e-02,6.027327659421530259e-02,6.290248769644728455e-01,-3.250244042860862131e-02,1.884588265281952890e-02,-3.686146440446957245e-02,5.734366242099610614e-03
1.883333333333333526e+00,6.672807509848990293e-01,-6.682563258416863994e-02,6.004663238935557118e-02,6.288897029517503956e-01,-3.238116145183980721e-02,1.869293490587515053e-02,-3.655389828294065141e-02,5.688659033474082437e-03
1.887500000000000178e+00,6.670028314333397157e-01,-6.657590895530182684e-02,5.982085338122840323e-02,6.287550333221197940e-01,-3.226033625848780811e-02,1.854126314914701992e-02,-3.624898511734711559e-02,5.643324474747370666e-03
1.891666666666666829e+00,6.667259504395094405e-01,-6.632712427573940472e-02,5.959593615538302108e-02,6.286208661883876392e-01,-3.213996313563460133e-02,1.839085637828771075e-02,-3.594670111991347949e-02,5.598359443270137410e-03
1.895833333333333259e+00,6.664501040985904012e-01,-6.607927496181018046e-02,5.937187731183237588e-02,6.284871996704840535e-01,-3.202004037695226762e-02,1.824170368760043986e-02,-3.564702272573991304e-02,5.553760843415075227e-03
1.900000000000000133e+00,6.661752885206672081e-01,-6.583235744397954170e-02,5.914867346498284967e-02,6.283540318954350390e-01,-3.190056628267658873e-02,1.809379426911496280e-02,-3.534992659060982867e-02,5.509525606334347674e-03
1.904166666666666785e+00,6.659014998306682642e-01,-6.558636816678971304e-02,5.892632124356460971e-02,6.282213609973354984e-01,-3.178153915958082526e-02,1.794711741167267713e-02,-3.505538958882045003e-02,5.465650689719338783e-03
1.908333333333333437e+00,6.656287341683070347e-01,-6.534130358880008149e-02,5.870481729056217790e-02,6.280891851173215912e-01,-3.166295732094945997e-02,1.780166250002052086e-02,-3.476338881103556433e-02,5.422133077562603029e-03
1.912500000000000089e+00,6.653569876880238709e-01,-6.509716018252809100e-02,5.848415826314550675e-02,6.279575024035443098e-01,-3.154481908655216993e-02,1.765741901391394697e-02,-3.447390156216074975e-02,5.378969779922066971e-03
1.916666666666666741e+00,6.650862565589282793e-01,-6.485393443439013694e-02,5.826434083260147861e-02,6.278263110111417244e-01,-3.142712278261788894e-02,1.751437652722862351e-02,-3.418690535924051588e-02,5.336157832687419243e-03
1.920833333333333393e+00,6.648165369647404122e-01,-6.461162284464304351e-02,5.804536168426577963e-02,6.276956091022130035e-01,-3.130986674180896712e-02,1.737252470708084903e-02,-3.390237792937718375e-02,5.293694297348689771e-03
1.925000000000000044e+00,6.645478251037342243e-01,-6.437022192732549941e-02,5.782721751745519001e-02,6.275653948457906584e-01,-3.119304930319542410e-02,1.723185331295662426e-02,-3.362029720767134577e-02,5.251576260766973973e-03
1.929166666666666474e+00,6.642801171886798528e-01,-6.412972821020011815e-02,5.760990504540027674e-02,6.274356664178150078e-01,-3.107666881222938271e-02,1.709235219584926205e-02,-3.334064133518354484e-02,5.209800834947308883e-03
1.933333333333333348e+00,6.640134094467866621e-01,-6.389013823469542885e-02,5.739342099517844020e-02,6.273064220011065339e-01,-3.096072362071950607e-02,1.695401129740536569e-02,-3.306338865691697132e-02,5.168365156813645687e-03
1.937500000000000000e+00,6.637476981196461789e-01,-6.365144855584846384e-02,5.717776210764750205e-02,6.271776597853404578e-01,-3.084521208680567755e-02,1.681682064907933857e-02,-3.278851771982118496e-02,5.127266387985949039e-03
1.941666666666666652e+00,6.634829794631758038e-01,-6.341365574224740176e-02,5.696292513737948038e-02,6.270493779670196499e-01,-3.073013257493366346e-02,1.668077037129596721e-02,-3.251600727081613990e-02,5.086501714559339866e-03
1.945833333333333526e+00,6.632192497475624116e-01,-6.317675637597457150e-02,5.674890685259488532e-02,6.269215747494486513e-01,-3.061548345582995947e-02,1.654585067262134140e-02,-3.224583625483676275e-02,5.046068346885304243e-03
1.950000000000000178e+00,6.629565052572061745e-01,-6.294074705254976143e-02,5.653570403509742409e-02,6.267942483427078049e-01,-3.050126310647675171e-02,1.641205184894183391e-02,-3.197798381289769509e-02,5.005963519354957904e-03
1.954166666666666829e+00,6.626947422906644958e-01,-6.270562438087369517e-02,5.632331348020896966e-02,6.266673969636270547e-01,-3.038746991008691584e-02,1.627936428265107371e-02,-3.171242928017778406e-02,4.966184490184286614e-03
1.958333333333333259e+00,6.624339571605969423e-01,-6.247138498317188204e-02,5.611173199670502210e-02,6.265410188357597443e-01,-3.027410225607921057e-02,1.614777844184489899e-02,-3.144915218412451530e-02,4.926728541201421362e-03
1.962500000000000133e+00,6.621741461937090678e-01,-6.223802549493865494e-02,5.590095640675046135e-02,6.264151121893573038e-01,-3.016115854005349192e-02,1.601728487952413030e-02,-3.118813224257769093e-02,4.887592977635857316e-03
1.966666666666666785e+00,6.619153057306979004e-01,-6.200554256488161053e-02,5.569098354583580657e-02,6.262896752613432705e-01,-3.004863716376614258e-02,1.588787423280521235e-02,-3.092934936191270301e-02,4.848775127909667713e-03
1.970833333333333437e+00,6.616574321261968761e-01,-6.177393285486607738e-02,5.548181026271366972e-02,6.261647062952878651e-01,-2.993653653510548740e-02,1.575953722213839850e-02,-3.067278363520253501e-02,4.810272343430612059e-03
1.975000000000000089e+00,6.614005217487206600e-01,-6.154319303986011125e-02,5.527343341933572268e-02,6.260402035413822341e-01,-2.982485506806739975e-02,1.563226465053369624e-02,-3.041841534039887648e-02,4.772081998387201103e-03
1.979166666666666741e+00,6.611445709806111903e-01,-6.131331980787955299e-02,5.506584989078994880e-02,6.259161652564131373e-01,-2.971359118273096678e-02,1.550604740279426692e-02,-3.016622493853180972e-02,4.734201489545641385e-03
1.983333333333333393e+00,6.608895762179834987e-01,-6.108430985993346107e-02,5.485905656523832469e-02,6.257925897037377450e-01,-2.960274330523429698e-02,1.538087644475734372e-02,-2.991619307192794341e-02,4.696628236048671495e-03
1.987500000000000044e+00,6.606355338706708658e-01,-6.085615990996975228e-02,5.465305034385480737e-02,6.256694751532586585e-01,-2.949230986775039018e-02,1.525674282254248573e-02,-2.966830056244684766e-02,4.659359679216261430e-03
1.991666666666666474e+00,6.603824403621721961e-01,-6.062886668482113384e-02,5.444782814076371685e-02,6.255468198813982639e-01,-2.938228930846314979e-02,1.513363766180719078e-02,-2.942252840973553010e-02,4.622393282348155087e-03
1.995833333333333348e+00,6.601302921295975068e-01,-6.040242692415120213e-02,5.424338688297839634e-02,6.254246221710740850e-01,-2.927268007154344709e-02,1.501155216700967437e-02,-2.917885778950071382e-02,4.585726530528240301e-03
2.000000000000000000e+00,6.598790856236148583e-01,-6.017683738040100622e-02,5.403972351034042748e-02,6.253028803116739143e-01,-2.916348060712537979e-02,1.489047762067893105e-02,-2.893727005179897588e-02,4.549356930430746397e-03
2.004166666666666874e+00,6.596288173083975082e-01,-5.995209481873554208e-02,5.383683497545890123e-02,6.251815925990309442e-01,-2.905468937128250981e-02,1.477040538269172934e-02,-2.869774671934410479e-02,4.513282010128204236e-03
2.008333333333333304e+00,6.593794836615707311e-01,-5.972819601699086434e-02,5.363471824365034085e-02,6.250607573353988977e-01,-2.894630482600431612e-02,1.465132688955677470e-02,-2.846026948583200988e-02,4.477499318901216434e-03
2.012500000000000178e+00,6.591310811741588616e-01,-5.950513776562108004e-02,5.343337029287867357e-02,6.249403728294278260e-01,-2.883832543917264415e-02,1.453323365370566382e-02,-2.822482021428246446e-02,4.442006427049951037e-03
2.016666666666667052e+00,6.588836063505336682e-01,-5.928291686764593227e-02,5.323278811369585445e-02,6.248204373961392388e-01,-2.873074968453837030e-02,1.441611726279087326e-02,-2.799138093539808511e-02,4.406800925707416751e-03
2.020833333333333481e+00,6.586370557083612853e-01,-5.906153013859840456e-02,5.303296870918258049e-02,6.247009493569017913e-01,-2.862357604169808029e-02,1.429996937899043891e-02,-2.775993384593980484e-02,4.371880426654431266e-03
2.024999999999999911e+00,6.583914257785503654e-01,-5.884097440647262367e-02,5.283390909488944187e-02,6.245819070394070804e-01,-2.851680299607084468e-02,1.418478173831937139e-02,-2.753046130711893358e-02,4.337242562136306955e-03
2.029166666666666785e+00,6.581467131052006758e-01,-5.862124651167201217e-02,5.263560629877841318e-02,6.244633087776453317e-01,-2.841042903887514015e-02,1.407054614994779872e-02,-2.730294584300571245e-02,4.302884984681231394e-03
2.033333333333333215e+00,6.579029142455509183e-01,-5.840234330695782267e-02,5.243805736116474020e-02,6.243451529118814181e-01,-2.830445266710589561e-02,1.395725449552570434e-02,-2.707737013895406691e-02,4.268805366920340981e-03
2.037500000000000089e+00,6.576600257699278806e-01,-5.818426165739758876e-02,5.224125933465895849e-02,6.242274377886306569e-01,-2.819887238351150710e-02,1.384489872851408718e-02,-2.685371704004217014e-02,4.235001401409408707e-03
2.041666666666666519e+00,6.574180442616949227e-01,-5.796699844031421439e-02,5.204520928410952263e-02,6.241101617606349405e-01,-2.809368669657111642e-02,1.373347087352275522e-02,-2.663196954952921913e-02,4.201470800452229357e-03
2.045833333333333837e+00,6.571769663172010167e-01,-5.775055054523487580e-02,5.184990428654542155e-02,6.239933231868389774e-01,-2.798889412047181335e-02,1.362296302565432250e-02,-2.641211082732748683e-02,4.168211295925581573e-03
2.050000000000000266e+00,6.569367885457302325e-01,-5.753491487384070763e-02,5.165534143111957799e-02,6.238769204323664219e-01,-2.788449317508615022e-02,1.351336734985478759e-02,-2.619412418849040650e-02,4.135220639105863065e-03
2.054166666666666696e+00,6.566975075694510000e-01,-5.732008833991604491e-02,5.146151781905199118e-02,6.237609518684965604e-01,-2.778048238594949676e-02,1.340467608027007956e-02,-2.597799310171538742e-02,4.102496600497246293e-03
2.058333333333333570e+00,6.564591200233659274e-01,-5.710606786929848383e-02,5.126843056357369838e-02,6.236454158726402186e-01,-2.767686028423767958e-02,1.329688151960904501e-02,-2.576370118786232982e-02,4.070036969661477814e-03
2.062500000000000000e+00,6.562216225552615079e-01,-5.689285039982893560e-02,5.107607678987087507e-02,6.235303108283167806e-01,-2.757362540674469786e-02,1.318997603851253426e-02,-2.555123221848702025e-02,4.037839555049229333e-03
2.066666666666666874e+00,6.559850118256583817e-01,-5.668043288130182600e-02,5.088445363502908797e-02,6.234156351251307626e-01,-2.747077629586041139e-02,1.308395207492843437e-02,-2.534057011438918192e-02,4.005902183832970968e-03
2.070833333333333304e+00,6.557492845077614874e-01,-5.646881227541578063e-02,5.069355824797820709e-02,6.233013871587480548e-01,-2.736831149954848871e-02,1.297880213349292267e-02,-2.513169894417558933e-02,3.974222701741429199e-03
2.075000000000000178e+00,6.555144372874108782e-01,-5.625798555572420617e-02,5.050338778943723461e-02,6.231875653308736052e-01,-2.726622957132429637e-02,1.287451878491747970e-02,-2.492460292283736265e-02,3.942798972895511511e-03
2.079166666666667052e+00,6.552804668630317630e-01,-5.604794970758645439e-02,5.031393943185980683e-02,6.230741680492274392e-01,-2.716452907023300320e-02,1.277109466538196153e-02,-2.471926641034198971e-02,3.911628879645791430e-03
2.083333333333333481e+00,6.550473699455863219e-01,-5.583870172811896543e-02,5.012521035937974462e-02,6.229611937275223443e-01,-2.706320856082770551e-02,1.266852247593342438e-02,-2.451567391023935782e-02,3.880710322411451158e-03
2.087499999999999911e+00,6.548151432585238574e-01,-5.563023862614668164e-02,4.993719776775699948e-02,6.228486407854406659e-01,-2.696226661314765280e-02,1.256679498189070508e-02,-2.431381006828191652e-02,3.850041219520707828e-03
2.091666666666666785e+00,6.545837835377329439e-01,-5.542255742215473208e-02,4.974989886432389791e-02,6.227365076486114370e-01,-2.686170180269658453e-02,1.246590501225479548e-02,-2.411365967105883260e-02,3.819619507052711242e-03
2.095833333333333215e+00,6.543532875314925779e-01,-5.521565514824042231e-02,4.956331086793178825e-02,6.226247927485877298e-01,-2.676151271042118834e-02,1.236584545912486517e-02,-2.391520764464398832e-02,3.789443138680903978e-03
2.100000000000000089e+00,6.541236520004236610e-01,-5.500952884806518256e-02,4.937743100889771530e-02,6.225134945228241179e-01,-2.666169792268954439e-02,1.226660927711980750e-02,-2.371843905325738550e-02,3.759510085517776216e-03
2.104166666666666519e+00,6.538948737174413717e-01,-5.480417557680708485e-02,4.919225652895171941e-02,6.224026114146541389e-01,-2.656225603126979862e-02,1.216818948280546688e-02,-2.352333909794036837e-02,3.729818335961099414e-03
2.108333333333333837e+00,6.536669494677070924e-01,-5.459959240111319362e-02,4.900778468118412862e-02,6.222921418732674237e-01,-2.646318563330878754e-02,1.207057915412720027e-02,-2.332989311524385351e-02,3.700365895541508302e-03
2.112500000000000266e+00,6.534398760485805591e-01,-5.439577639905260331e-02,4.882401272999346148e-02,6.221820843536879364e-01,-2.636448533131091621e-02,1.197377142984808532e-02,-2.313808657593018417e-02,3.671150786771549147e-03
2.116666666666666696e+00,6.532136502695724545e-01,-5.419272466006915673e-02,4.864093795103423962e-02,6.220724373167515475e-01,-2.626615373311691828e-02,1.187775950899225622e-02,-2.294790508368756490e-02,3.642171048996029926e-03
2.120833333333333570e+00,6.529882689522974459e-01,-5.399043428493478791e-02,4.845855763116540399e-02,6.219631992290831635e-01,-2.616818945188287976e-02,1.178253665029377339e-02,-2.275933437385782229e-02,3.613424738243800789e-03
2.125000000000000000e+00,6.527637289304265567e-01,-5.378890238570300381e-02,4.827686906839892544e-02,6.218543685630758544e-01,-2.607059110605931471e-02,1.168809617165070952e-02,-2.257236031217686387e-02,3.584909927080878918e-03
2.129166666666666874e+00,6.525400270496406474e-01,-5.358812608566235897e-02,4.809586957184857486e-02,6.217459437968675395e-01,-2.597335731937023759e-02,1.159443144958438067e-02,-2.238696889352761316e-02,3.556624704464884414e-03
2.133333333333333304e+00,6.523171601675833431e-01,-5.338810251929048539e-02,4.791555646167919291e-02,6.216379234143201149e-01,-2.587648672079244719e-02,1.150153591870388403e-02,-2.220314624070577128e-02,3.528567175600853985e-03
2.137500000000000178e+00,6.520951251538148474e-01,-5.318882883220796276e-02,4.773592706905600141e-02,6.215303059049969159e-01,-2.577997794453479666e-02,1.140940307117560386e-02,-2.202087860319764528e-02,3.500735461798324451e-03
2.141666666666667052e+00,6.518739188897655357e-01,-5.299030218113276458e-02,4.755697873609441434e-02,6.214230897641412898e-01,-2.568382963001763011e-02,1.131802645619791985e-02,-2.184015235597054974e-02,3.473127700329765432e-03
2.145833333333333481e+00,6.516535382686896583e-01,-5.279251973383464192e-02,4.737870881580998755e-02,6.213162734926549469e-01,-2.558804042185225391e-02,1.122739967948084561e-02,-2.166095399827512591e-02,3.445742044290275342e-03
2.149999999999999911e+00,6.514339801956195997e-01,-5.259547866908979852e-02,4.720111467206862532e-02,6.212098555970759772e-01,-2.549260896982049815e-02,1.113751640273063712e-02,-2.148327015245969640e-02,3.418576662458560223e-03
2.154166666666666785e+00,6.512152415873196931e-01,-5.239917617663579497e-02,4.702419367953716844e-02,6.211038345895579793e-01,-2.539753392885437874e-02,1.104837034313934860e-02,-2.130708756279656516e-02,3.391629739159192792e-03
2.158333333333333215e+00,6.509973193722413676e-01,-5.220360945712673728e-02,4.684794322363421831e-02,6.209982089878481881e-01,-2.530281395901587752e-02,1.095995527287927339e-02,-2.113239309432008578e-02,3.364899474126130472e-03
2.162500000000000089e+00,6.507802104904769624e-01,-5.200877572208841698e-02,4.667236070048110669e-02,6.208929773152660481e-01,-2.520844772547671184e-02,1.087226501860210325e-02,-2.095917373167619294e-02,3.338384082367448595e-03
2.166666666666666519e+00,6.505639118937150966e-01,-5.181467219387399931e-02,4.649744351685335814e-02,6.207881381006825627e-01,-2.511443389849830898e-02,1.078529346094299693e-02,-2.078741657798366740e-02,3.312081794031349058e-03
2.170833333333333837e+00,6.503484205451952604e-01,-5.162129610561952409e-02,4.632318909013211777e-02,6.206836898784984236e-01,-2.502077115341172497e-02,1.069903453402921284e-02,-2.061710885370652765e-02,3.285990854273340787e-03
2.175000000000000266e+00,6.501337334196635176e-01,-5.142864470120009357e-02,4.614959484825627289e-02,6.205796311886234706e-01,-2.492745817059784444e-02,1.061348222499361275e-02,-2.044823789553802673e-02,3.260109523124691319e-03
2.179166666666666696e+00,6.499198475033270972e-01,-5.123671523518566473e-02,4.597665822967426930e-02,6.204759605764553765e-01,-2.483449363546741742e-02,1.052863057349255269e-02,-2.028079115529536972e-02,3.234436075361999448e-03
2.183333333333333570e+00,6.497067597938103178e-01,-5.104550497279757015e-02,4.580437668329669781e-02,6.203726765928586628e-01,-2.474187623844136680e-02,1.044447367122855810e-02,-2.011475619882577975e-02,3.208968800378018613e-03
2.187500000000000000e+00,6.494944673001106228e-01,-5.085501118986500424e-02,4.563274766844889474e-02,6.202697777941442725e-01,-2.464960467493114427e-02,1.036100566147746954e-02,-1.995012070492344428e-02,3.183706002053634295e-03
2.191666666666666874e+00,6.492829670425539490e-01,-5.066523117278162042e-02,4.546176865482377122e-02,6.201672627420485862e-01,-2.455767764531907940e-02,1.027822073862000481e-02,-1.978687246425703608e-02,3.158645998630983318e-03
2.195833333333333304e+00,6.490722560527508733e-01,-5.047616221846257245e-02,4.529143712243507286e-02,6.200651300037124392e-01,-2.446609385493892994e-02,1.019611314767790607e-02,-1.962499937830823257e-02,3.133787122587768353e-03
2.200000000000000178e+00,6.488623313735533138e-01,-5.028780163430147249e-02,4.512175056157063935e-02,6.199633781516611375e-01,-2.437485201405641122e-02,1.011467718385433701e-02,-1.946448945832049415e-02,3.109127720512667916e-03
2.204166666666667052e+00,6.486531900590101207e-01,-5.010014673812777930e-02,4.495270647274617060e-02,6.198620057637834746e-01,-2.428395083784988182e-02,1.003390719207878333e-02,-1.930533082425858055e-02,3.084666152981921199e-03
2.208333333333333481e+00,6.484448291743247772e-01,-4.991319485816425594e-02,4.478430236665911085e-02,6.197610114233116363e-01,-2.419338904639109153e-02,9.953797566556159965e-03,-1.914751170377823608e-02,3.060400794437003174e-03
2.212499999999999911e+00,6.482372457958111012e-01,-4.972694333298459390e-02,4.461653576414272016e-02,6.196603937188004396e-01,-2.410316536462593640e-02,9.874342750320216910e-03,-1.899102043120614453e-02,3.036330033063415999e-03
2.216666666666666785e+00,6.480304370108509460e-01,-4.954138951147130099e-02,4.444940419612049970e-02,6.195601512441074599e-01,-2.401327852235540794e-02,9.795537234791198630e-03,-1.883584544653007370e-02,3.012452270670586737e-03
2.220833333333333215e+00,6.478243999178510126e-01,-4.935653075277381119e-02,4.428290520356092247e-02,6.194602825983726024e-01,-2.392372725421658408e-02,9.717375559337708413e-03,-1.868197529439908147e-02,2.988765922572860553e-03
2.225000000000000089e+00,6.476191316262003284e-01,-4.917236442626660153e-02,4.411703633743213615e-02,6.193607863859981189e-01,-2.383451029966361309e-02,9.639852310842614638e-03,-1.852939862313347091e-02,2.965269417471542990e-03
2.229166666666666519e+00,6.474146292562275029e-01,-4.898888791150778771e-02,4.395179515865726277e-02,6.192616612166286227e-01,-2.374562640294893348e-02,9.562962123273210588e-03,-1.837810418374481725e-02,2.941961197338050730e-03
2.233333333333333837e+00,6.472108899391585402e-01,-4.880609859819753232e-02,4.378717923806956652e-02,6.191629057051308838e-01,-2.365707431310439326e-02,9.486699677255273910e-03,-1.822808082896541781e-02,2.918839717298079769e-03
2.237500000000000266e+00,6.470079108170747606e-01,-4.862399388613708462e-02,4.362318615636828073e-02,6.190645184715742877e-01,-2.356885278392264679e-02,9.411059699651346672e-03,-1.807931751228774100e-02,2.895903445516871677e-03
2.241666666666666696e+00,6.468056890428703909e-01,-4.844257118518753569e-02,4.345981350407419203e-02,6.189664981412107414e-01,-2.348096057393842320e-02,9.336036963142769346e-03,-1.793180328701293735e-02,2.873150863085457366e-03
2.245833333333333570e+00,6.466042217802112635e-01,-4.826182791522910798e-02,4.329705888148583509e-02,6.188688433444550219e-01,-2.339339644641000998e-02,9.261626285815836510e-03,-1.778552730530912757e-02,2.850580463907980734e-03
2.250000000000000000e+00,6.464035062034928503e-01,-4.808176150612052807e-02,4.313491989863583315e-02,6.187715527168653473e-01,-2.330615916930080939e-02,9.187822530751815764e-03,-1.764047881727890538e-02,2.828190754590027139e-03
2.254166666666666874e+00,6.462035394977988512e-01,-4.790236939765844804e-02,4.297339417524728006e-02,6.186746248991235042e-01,-2.321924751526086711e-02,9.114620605620758764e-03,-1.749664717003594078e-02,2.805980254327939370e-03
2.258333333333333304e+00,6.460043188588596719e-01,-4.772364903953731086e-02,4.281247934069066369e-02,6.185780585370157514e-01,-2.313266026160862299e-02,9.042015462279251806e-03,-1.735402180679093340e-02,2.783947494799171845e-03
2.262500000000000178e+00,6.458058414930116786e-01,-4.754559789130907016e-02,4.265217303394069209e-02,6.184818522814127251e-01,-2.304639619031258191e-02,8.970002096371845757e-03,-1.721259226594634012e-02,2.762091020053597176e-03
2.266666666666667052e+00,6.456081046171558979e-01,-4.736821342234341647e-02,4.249247290353362627e-02,6.183860047882508981e-01,-2.296045408797321025e-02,8.898575546936349223e-03,-1.707234818020028633e-02,2.740409386405825379e-03
2.270833333333333481e+00,6.454111054587171603e-01,-4.719149311178795492e-02,4.233337660752466841e-02,6.182905147185129291e-01,-2.287483274580480105e-02,8.827730896012747283e-03,-1.693327927565916463e-02,2.718901162328478914e-03
2.274999999999999911e+00,6.452148412556036883e-01,-4.701543444852859799e-02,4.217488181344561382e-02,6.181953807382083443e-01,-2.278953095961744682e-02,8.757463268255834266e-03,-1.679537537095899397e-02,2.697564928346426593e-03
2.279166666666666785e+00,6.450193092561662400e-01,-4.684003493115020816e-02,4.201698619826271103e-02,6.181006015183547753e-01,-2.270454752979908855e-02,8.687767830551487713e-03,-1.665862637639551821e-02,2.676399276931983300e-03
2.283333333333333215e+00,6.448245067191583635e-01,-4.666529206789742784e-02,4.185968744833486188e-02,6.180061757349585294e-01,-2.261988126129768281e-02,8.618639791636588735e-03,-1.652302229306286396e-02,2.655402812401058601e-03
2.287500000000000089e+00,6.446304309136954291e-01,-4.649120337663550928e-02,4.170298325937181472e-02,6.179121020689958277e-01,-2.253553096360332714e-02,8.550074401722411802e-03,-1.638855321200055962e-02,2.634574150810215648e-03
2.291666666666666519e+00,6.444370791192155501e-01,-4.631776638481156089e-02,4.154687133639282937e-02,6.178183792063942636e-01,-2.245149545073061095e-02,8.482066952121678285e-03,-1.625520931334916222e-02,2.613911919854693729e-03
2.295833333333333837e+00,6.442444486254386149e-01,-4.614497862941571021e-02,4.139134939368526583e-02,6.177250058380131525e-01,-2.236777354120087630e-02,8.414612774878977089e-03,-1.612298086551393686e-02,2.593414758767309449e-03
2.300000000000000266e+00,6.440525367323279848e-01,-4.597283765694277352e-02,4.123641515476381136e-02,6.176319806596256567e-01,-2.228436405802473180e-02,8.347707242404819525e-03,-1.599185822433706744e-02,2.573081318218317648e-03
2.304166666666666696e+00,6.438613407500495267e-01,-4.580134102335366164e-02,4.108206635232937443e-02,6.175393023718995789e-01,-2.220126582868444873e-02,8.281345767112922515e-03,-1.586183183227764942e-02,2.552910260216114530e-03
2.308333333333333570e+00,6.436708579989335322e-01,-4.563048629403731321e-02,4.092830072822866566e-02,6.174469696803789320e-01,-2.211847768511656515e-02,8.215523801061061851e-03,-1.573289221760002313e-02,2.532900258008881009e-03
2.312500000000000000e+00,6.434810858094344166e-01,-4.546027104377271810e-02,4.077511603341379270e-02,6.173549812954652882e-01,-2.203599846369455259e-02,8.150236835595230100e-03,-1.560502999356999307e-02,2.513049995987099491e-03
2.316666666666666874e+00,6.432920215220926385e-01,-4.529069285669091310e-02,4.062251002790196602e-02,6.172633359323997926e-01,-2.195382700521144800e-02,8.085480400997085287e-03,-1.547823585765882928e-02,2.493358169586926739e-03
2.320833333333333304e+00,6.431036624874950647e-01,-4.512174932623746332e-02,4.047048048073566967e-02,6.171720323112441786e-01,-2.187196215486270426e-02,8.021250066134789219e-03,-1.535250059075525531e-02,2.473823485194466629e-03
2.325000000000000178e+00,6.429160060662365561e-01,-4.495343805513478397e-02,4.031902516994276958e-02,6.170810691568627826e-01,-2.179040276222896436e-02,7.957541438117011687e-03,-1.522781505638497526e-02,2.454444660050871668e-03
2.329166666666667052e+00,6.427290496288814436e-01,-4.478575665534489936e-02,4.016814188249701739e-02,6.169904451989041139e-01,-2.170914768125905767e-02,7.894350161950263595e-03,-1.510417019993802630e-02,2.435220422158324884e-03
2.333333333333333481e+00,6.425427905559252251e-01,-4.461870274803222958e-02,4.001782841427870691e-02,6.169001591717830912e-01,-2.162819577025292678e-02,7.831671920199382089e-03,-1.498155704790357645e-02,2.416149510186849179e-03
2.337499999999999911e+00,6.423572262377555964e-01,-4.445227396352647437e-02,3.986808257003542771e-02,6.168102098146625023e-01,-2.154754589184470354e-02,7.769502432651176349e-03,-1.485996670711221650e-02,2.397230673381948920e-03
2.341666666666666785e+00,6.421723540746153702e-01,-4.428646794128584391e-02,3.971890216334317270e-02,6.167205958714352398e-01,-2.146719691298583713e-02,7.707837455981253992e-03,-1.473939036398573543e-02,2.378462671473095466e-03
2.345833333333333215e+00,6.419881714765637293e-01,-4.412128232986035209e-02,3.957028501656762592e-02,6.166313160907062052e-01,-2.138714770492830541e-02,7.646672783423962179e-03,-1.461981928379421994e-02,2.359844274583030189e-03
2.350000000000000089e+00,6.418046758634387006e-01,-4.395671478685517913e-02,3.942222896082549222e-02,6.165423692257745447e-01,-2.130739714320785058e-02,7.586004244445340196e-03,-1.450124480992030437e-02,2.341374263137862427e-03
2.354166666666666519e+00,6.416218646648196300e-01,-4.379276297889444364e-02,3.927473183594624995e-02,6.164537540346156641e-01,-2.122794410762734313e-02,7.525827704419223163e-03,-1.438365836313079855e-02,2.323051427778002713e-03
2.358333333333333837e+00,6.414397353199892127e-01,-4.362942458158477338e-02,3.912779149043387611e-02,6.163654692798636869e-01,-2.114878748224014240e-02,7.466139064306258344e-03,-1.426705144085520065e-02,2.304874569269860576e-03
2.362500000000000266e+00,6.412582852778968556e-01,-4.346669727947949369e-02,3.898140578142905016e-02,6.162775137287938021e-01,-2.106992615533364102e-02,7.406934260336039619e-03,-1.415141561647152713e-02,2.286842498418374583e-03
2.366666666666666696e+00,6.410775119971209302e-01,-4.330457876604247580e-02,3.883557257467117052e-02,6.161898861533042782e-01,-2.099135901941271906e-02,7.348209263692051345e-03,-1.403674253859878845e-02,2.268954035980274425e-03
2.370833333333333570e+00,6.408974129458318014e-01,-4.314306674361251953e-02,3.869028974446089841e-02,6.161025853298993660e-01,-2.091308497118337870e-02,7.289960080199670532e-03,-1.392302393039661704e-02,2.251208012578161805e-03
2.375000000000000000e+00,6.407179856017549691e-01,-4.298215892336777755e-02,3.854555517362277806e-02,6.160156100396716461e-01,-2.083510291153645513e-02,7.232182750017039120e-03,-1.381025158887165538e-02,2.233603268615346350e-03
2.379166666666666874e+00,6.405392274521345408e-01,-4.282185302529020743e-02,3.840136675346795397e-02,6.159289590682844873e-01,-2.075741174553128593e-02,7.174873347328762120e-03,-1.369841738419058999e-02,2.216138654191430069e-03
2.383333333333333304e+00,6.403611359936962621e-01,-4.266214677813041922e-02,3.825772238375726303e-02,6.158426312059551710e-01,-2.068001038237959541e-02,7.118027980042536569e-03,-1.358751325900005129e-02,2.198813029018668961e-03
2.387500000000000178e+00,6.401837087326112119e-01,-4.250303791937241199e-02,3.811461997266430562e-02,6.157566252474369062e-01,-2.060289773542928193e-02,7.061642789488513546e-03,-1.347753122775295111e-02,2.181625262339059301e-03
2.391666666666667052e+00,6.400069431844594980e-01,-4.234452419519872668e-02,3.797205743673889855e-02,6.156709399920022863e-01,-2.052607272214842724e-02,7.005713950121535485e-03,-1.336846337604152835e-02,2.164574232842185909e-03
2.395833333333333481e+00,6.398308368741941754e-01,-4.218660336045554349e-02,3.783003270087059028e-02,6.155855742434257483e-01,-2.044953426410926409e-02,6.950237669226088343e-03,-1.326030185993678709e-02,2.147658828583790327e-03
2.400000000000000355e+00,6.396553873361049414e-01,-4.202927317861799433e-02,3.768854369825233586e-02,6.155005268099670301e-01,-2.037328128697222726e-02,6.895210186623979866e-03,-1.315303890533432718e-02,2.130877946905062378e-03
2.404166666666666785e+00,6.394805921137826088e-01,-4.187253142175571125e-02,3.754758837034455343e-02,6.154157965043531853e-01,-2.029731272047014326e-02,6.840627774384803843e-03,-1.304666680730665919e-02,2.114230494352672875e-03
2.408333333333333659e+00,6.393064487600830237e-01,-4.171637587049837476e-02,3.740716466683905589e-02,6.153313821437627062e-01,-2.022162749839235760e-02,6.786486736538989081e-03,-1.294117792946163255e-02,2.097715386599490698e-03
2.412500000000000089e+00,6.391329548370917601e-01,-4.156080431400156761e-02,3.726727054562348207e-02,6.152472825498080944e-01,-2.014622455856907371e-02,6.732783408793612673e-03,-1.283656470330725788e-02,2.081331548366036240e-03
2.416666666666666519e+00,6.389601079160884822e-01,-4.140581454991264232e-02,3.712790397274563781e-02,6.151634965485192064e-01,-2.007110284285560167e-02,6.679514158250750289e-03,-1.273281962762253493e-02,2.065077913342609241e-03
2.420833333333333837e+00,6.387879055775116388e-01,-4.125140438433676227e-02,3.698906292237817001e-02,6.150800229703262678e-01,-1.999626129711678038e-02,6.626675383128495349e-03,-1.262993526783447173e-02,2.048953424112123518e-03
2.425000000000000266e+00,6.386163454109236026e-01,-4.109757163180331047e-02,3.685074537678348361e-02,6.149968606500436641e-01,-1.992169887121149341e-02,6.574263512484584612e-03,-1.252790425540119094e-02,2.032957032073642086e-03
2.429166666666666696e+00,6.384454250149750321e-01,-4.094431411523197922e-02,3.671294932627854751e-02,6.149140084268529538e-01,-1.984741451897706691e-02,6.522275005942474932e-03,-1.242671928720080754e-02,2.017087697366556302e-03
2.433333333333333570e+00,6.382751419973704543e-01,-4.079162966589947037e-02,3.657567276920017929e-02,6.148314651442864376e-01,-1.977340719821392076e-02,6.470706353420063728e-03,-1.232637312492641975e-02,2.001344388795475368e-03
2.437500000000000000e+00,6.381054939748335153e-01,-4.063951612340612612e-02,3.643891371187041317e-02,6.147492296502108378e-01,-1.969967587067023018e-02,6.419554074860888380e-03,-1.222685859448691126e-02,1.985726083755773308e-03
2.441666666666666874e+00,6.379364785730720078e-01,-4.048797133564264322e-02,3.630267016856188883e-02,6.146673007968104230e-01,-1.962621950202656299e-02,6.368814719967756839e-03,-1.212816858541343641e-02,1.970231768159785152e-03
2.445833333333333304e+00,6.377680934267440094e-01,-4.033699315875716174e-02,3.616694016146369817e-02,6.145856774405712430e-01,-1.955303706188071811e-02,6.318484867938930008e-03,-1.203029605027180517e-02,1.954860436363684006e-03
2.450000000000000178e+00,6.376003361794227997e-01,-4.018657945712218044e-02,3.603172172064707246e-02,6.145043584422643645e-01,-1.948012752373248432e-02,6.268561127206642540e-03,-1.193323400408038276e-02,1.939611091094979155e-03
2.454166666666667052e+00,6.374332044835632205e-01,-4.003672810330193010e-02,3.589701288403156915e-02,6.144233426669301057e-01,-1.940748986496859674e-02,6.219040135178129439e-03,-1.183697552373375386e-02,1.924482743380688532e-03
2.458333333333333481e+00,6.372666960004672587e-01,-3.988743697801967747e-02,3.576281169735116838e-02,6.143426289838612719e-01,-1.933512306684765161e-02,6.169918557978980658e-03,-1.174151374743185629e-02,1.909474412476126369e-03
2.462500000000000355e+00,6.371008084002504068e-01,-3.973870397012521649e-02,3.562911621412064023e-02,6.142622162665875019e-01,-1.926302611448510449e-02,6.121193090198867939e-03,-1.164684187411461035e-02,1.894585125794328142e-03
2.466666666666666785e+00,6.369355393618079120e-01,-3.959052697656257475e-02,3.549592449560214774e-02,6.141821033928591689e-01,-1.919119799683839667e-02,6.072860454639664694e-03,-1.155295316290211143e-02,1.879813918836115844e-03
2.470833333333333659e+00,6.367708865727804701e-01,-3.944290390233774063e-02,3.536323461077183622e-02,6.141022892446313941e-01,-1.911963770669202617e-02,6.024917402065810626e-03,-1.145984093254005104e-02,1.865159835120760003e-03
2.475000000000000089e+00,6.366068477295216965e-01,-3.929583266048666812e-02,3.523104463628681099e-02,6.140227727080479481e-01,-1.904834424064279913e-02,5.977360710957061590e-03,-1.136749856085066297e-02,1.850621926117283766e-03
2.479166666666666519e+00,6.364434205370638198e-01,-3.914931117204323990e-02,3.509935265645207358e-02,6.139435526734255966e-01,-1.897731659908503607e-02,5.930187187263433884e-03,-1.127591948418877645e-02,1.836199251176349849e-03
2.483333333333333837e+00,6.362806027090850414e-01,-3.900333736600752887e-02,3.496815676318772159e-02,6.138646280352382245e-01,-1.890655378619589613e-02,5.883393664162453116e-03,-1.118509719690321744e-02,1.821890877462768081e-03
2.487500000000000266e+00,6.361183919678762289e-01,-3.885790917931421923e-02,3.483745505599639136e-02,6.137859976921010707e-01,-1.883605480992080888e-02,5.836977001818661678e-03,-1.109502525080342458e-02,1.807695879888606858e-03
2.491666666666666696e+00,6.359567860443077203e-01,-3.871302455680089571e-02,3.470724564193063827e-02,6.137076605467552959e-01,-1.876581868195881589e-02,5.790934087145239995e-03,-1.100569725463101597e-02,1.793613341046868589e-03
2.495833333333333570e+00,6.357957826777965726e-01,-3.856868145117676311e-02,3.457752663556065698e-02,6.136296155060519952e-01,-1.869584441774809966e-02,5.745261833567918454e-03,-1.091710687353660697e-02,1.779642351145781839e-03
2.500000000000000000e+00,6.356353796162741432e-01,-3.842487782299144200e-02,3.444829615894217517e-02,6.135518614809368776e-01,-1.862613103645157503e-02,5.699957180791029136e-03,-1.082924782856162053e-02,1.765782007943667237e-03
2.504166666666666874e+00,6.354755746161528940e-01,-3.828161164060370214e-02,3.431955234158434037e-02,6.134743973864348332e-01,-1.855667756094241810e-02,5.655017094565666091e-03,-1.074211389612497215e-02,1.752031416684366296e-03
2.508333333333333304e+00,6.353163654422946394e-01,-3.813888088015062600e-02,3.419129332041793978e-02,6.133972221416342796e-01,-1.848748301778981029e-02,5.610438566460041777e-03,-1.065569890751482708e-02,1.738389690033263508e-03
2.512500000000000178e+00,6.351577498679773504e-01,-3.799668352551660577e-02,3.406351723976364793e-02,6.133203346696720626e-01,-1.841854643724459561e-02,5.566218613631881799e-03,-1.056999674838507951e-02,1.724855948013851196e-03
2.516666666666667052e+00,6.349997256748637353e-01,-3.785501756830273595e-02,3.393622225130053099e-02,6.132437338977179131e-01,-1.834986685322511149e-02,5.522354278602970706e-03,-1.048500135825680864e-02,1.711429317944877446e-03
2.520833333333333481e+00,6.348422906529687104e-01,-3.771388100779619196e-02,3.380940651403464142e-02,6.131674187569591261e-01,-1.828144330330301257e-02,5.478842629035724811e-03,-1.040070673002440292e-02,1.698108934378032668e-03
2.525000000000000355e+00,6.346854426006275363e-01,-3.757327185093967820e-02,3.368306819426773041e-02,6.130913881825860168e-01,-1.821327482868914313e-02,5.435680757511807647e-03,-1.031710690946642875e-02,1.684893939036190627e-03
2.529166666666666785e+00,6.345291793244638434e-01,-3.743318811230123694e-02,3.355720546556625883e-02,6.130156411137757111e-01,-1.814536047421953791e-02,5.392865781312825360e-03,-1.023419599476126096e-02,1.671783480752205443e-03
2.533333333333333659e+00,6.343734986393582131e-01,-3.729362781404389759e-02,3.343181650873035954e-02,6.129401764936779351e-01,-1.807769928834137771e-02,5.350394842202953714e-03,-1.015196813600722711e-02,1.658776715408229446e-03
2.537500000000000089e+00,6.342183983684165360e-01,-3.715458898589574926e-02,3.330689951176318137e-02,6.128649932693999158e-01,-1.801029032309910127e-02,5.308265106213639825e-03,-1.007041753474746150e-02,1.645872805875589397e-03
2.541666666666666519e+00,6.340638763429382596e-01,-3.701606966511985369e-02,3.318245266984011510e-02,6.127900903919908382e-01,-1.794313263412050316e-02,5.266473763430192141e-03,-9.989538443499196632e-03,1.633070921955171416e-03
2.545833333333333837e+00,6.339099304023851911e-01,-3.687806789648447742e-02,3.305847418527839421e-02,6.127154668164276341e-01,-1.787622528060289415e-02,5.225018027780376634e-03,-9.909325165287606596e-03,1.620370240318343884e-03
2.550000000000000266e+00,6.337565583943507441e-01,-3.674058173223349738e-02,3.293496226750679962e-02,6.126411215015996614e-01,-1.780956732529941078e-02,5.183895136824955008e-03,-9.829772053184164179e-03,1.607769944448409665e-03
2.554166666666666696e+00,6.336037581745280756e-01,-3.660360923205664696e-02,3.281191513303535062e-02,6.125670534102940490e-01,-1.774315783450520004e-02,5.143102351550066925e-03,-9.750873509849223783e-03,1.595269224582546858e-03
2.558333333333333570e+00,6.334515276066795542e-01,-3.646714846306019220e-02,3.268933100542534276e-02,6.124932615091812638e-01,-1.767699587804382605e-02,5.102636956161578537e-03,-9.672623987079152774e-03,1.582867277654286886e-03
2.562500000000000000e+00,6.332998645626062295e-01,-3.633119749973761498e-02,3.256720811525946890e-02,6.124197447687999007e-01,-1.761108052925368025e-02,5.062496257881298443e-03,-9.595017985357718118e-03,1.570563307236494356e-03
2.566666666666666874e+00,6.331487669221161907e-01,-3.619575442394035170e-02,3.244554470011197511e-02,6.123465021635425831e-01,-1.754541086497437771e-02,5.022677586745009047e-03,-9.518050053411684919e-03,1.558356523484834147e-03
2.570833333333333304e+00,6.329982325729950343e-01,-3.606081732484880953e-02,3.232433900451917724e-02,6.122735326716408633e-01,-1.747998596553333034e-02,4.983178295402407830e-03,-9.441714787770782991e-03,1.546246143081758933e-03
2.575000000000000178e+00,6.328482594109745563e-01,-3.592638429894333407e-02,3.220358927994986659e-02,6.122008352751513449e-01,-1.741480491473225076e-02,4.943995758918799839e-03,-9.366006832331710136e-03,1.534231389180965282e-03
2.579166666666667052e+00,6.326988453397028866e-01,-3.579245344997545458e-02,3.208329378477607630e-02,6.121284089599406952e-01,-1.734986679983381574e-02,4.905127374578672345e-03,-9.290920877926430593e-03,1.522311491352361943e-03
2.583333333333333481e+00,6.325499882707141808e-01,-3.565902288893915001e-02,3.196345078424386865e-02,6.120562527156715449e-01,-1.728517071154831233e-02,4.866570561691005957e-03,-9.216451661894482436e-03,1.510485685527504767e-03
2.587500000000000355e+00,6.324016861233980880e-01,-3.552609073404224688e-02,3.184405855044426803e-02,6.119843655357880552e-01,-1.722071574402035329e-02,4.828322761396365570e-03,-9.142593967659371976e-03,1.498753213945514537e-03
2.591666666666666785e+00,6.322539368249704417e-01,-3.539365511067801146e-02,3.172511536228441592e-02,6.119127464175015962e-01,-1.715650099481568283e-02,4.790381436475790213e-03,-9.069342624309060380e-03,1.487113325099481383e-03
2.595833333333333659e+00,6.321067383104427284e-01,-3.526171415139674886e-02,3.160661950545871901e-02,6.118413943617768691e-01,-1.709252556490796840e-02,4.752744071161355173e-03,-8.996692506180318724e-03,1.475565273683321094e-03
2.600000000000000089e+00,6.319600885225928888e-01,-3.513026599587765197e-02,3.148856927242032339e-02,6.117703083733169178e-01,-1.702878855866572089e-02,4.715408170948532166e-03,-8.924638532447166581e-03,1.464108320539118458e-03
2.604166666666666519e+00,6.318139854119351195e-01,-3.499930879090062952e-02,3.137096296235253323e-02,6.116994874605500288e-01,-1.696528908383920439e-02,4.678371262410182738e-03,-8.853175666713094041e-03,1.452741732604914682e-03
2.608333333333333837e+00,6.316684269366907856e-01,-3.486884069031834232e-02,3.125379888114047933e-02,6.116289306356149647e-01,-1.690202625154740845e-02,4.641630893012293341e-03,-8.782298916607223296e-03,1.441464782862962113e-03
2.612500000000000266e+00,6.315234110627587771e-01,-3.473885985502842694e-02,3.113707534134300264e-02,6.115586369143470868e-01,-1.683899917626516599e-02,4.605184630931393949e-03,-8.712003333384335177e-03,1.430276750288442342e-03
2.616666666666666696e+00,6.313789357636865329e-01,-3.460936445294558045e-02,3.102079066216439571e-02,6.114886053162645885e-01,-1.677620697581013245e-02,4.569030064873563952e-03,-8.642284011528559434e-03,1.419176919798607796e-03
2.620833333333333570e+00,6.312349990206400641e-01,-3.448035265897404777e-02,3.090494316942656375e-02,6.114188348645543947e-01,-1.671364877133000443e-02,4.533164803895157156e-03,-8.573136088360942125e-03,1.408164582202394094e-03
2.625000000000000000e+00,6.310915988223760875e-01,-3.435182265498010895e-02,3.078953119554121362e-02,6.113493245860586178e-01,-1.665132368728969997e-02,4.497586477225133141e-03,-8.504554743650713164e-03,1.397239034150467383e-03
2.631250000000000089e+00,6.308775001654519654e-01,-3.415992704508873101e-02,3.061722620085444505e-02,6.112455448732659891e-01,-1.655827125494994598e-02,4.444751852155328330e-03,-8.402734620362622628e-03,1.381011918134028354e-03
2.637500000000000178e+00,6.306645974970859214e-01,-3.396910530538224671e-02,3.044589180938336165e-02,6.111423451128120687e-01,-1.646573845194776453e-02,4.392549694260436399e-03,-8.302162606625248381e-03,1.364976180356919670e-03
2.643750000000000266e+00,6.304528841245100601e-01,-3.377935138693746731e-02,3.027552247557629625e-02,6.110397220661263340e-01,-1.637372236494712488e-02,4.340972252159427253e-03,-8.202822959723370458e-03,1.349129519447702643e-03
2.650000000000000355e+00,6.302423533926544419e-01,-3.359065927538872759e-02,3.010611268654828782e-02,6.109376725127950714e-01,-1.628222009708516979e-02,4.290011872220114535e-03,-8.104700142274720923e-03,1.333469662377472203e-03
2.656250000000000000e+00,6.300329986839313667e-01,-3.340302299072434727e-02,2.993765696187602673e-02,6.108361932504586811e-01,-1.619122876787738169e-02,4.239660997284544139e-03,-8.007778819448014770e-03,1.317994364100789082e-03
2.662500000000000089e+00,6.298248134180212121e-01,-3.321643658708434144e-02,2.977014985339421216e-02,6.107352810947096478e-01,-1.610074551312327268e-02,4.189912165411628468e-03,-7.912043856220274049e-03,1.302701407201304435e-03
2.668750000000000178e+00,6.296177910516600473e-01,-3.303089415255951178e-02,2.960358594499346366e-02,6.106349328789909547e-01,-1.601076748481273376e-02,4.140758008636833028e-03,-7.817480314672923050e-03,1.287588601542031348e-03
2.675000000000000266e+00,6.294119250784275810e-01,-3.284638980899168975e-02,2.943795985241953739e-02,6.105351454544956091e-01,-1.592129185103282815e-02,4.092191251748614374e-03,-7.724073451325974560e-03,1.272653783920177362e-03
2.681250000000000355e+00,6.292072090285373287e-01,-3.266291771177527031e-02,2.927326622307400289e-02,6.104359156900656114e-01,-1.583231579587522295e-02,4.044204711081409928e-03,-7.631808714509846596e-03,1.257894817726492274e-03
2.687500000000000000e+00,6.290036364686268922e-01,-3.248047204965997387e-02,2.910949973581635972e-02,6.103372404720930344e-01,-1.574383651934414471e-02,3.996791293324945468e-03,-7.540671741774202484e-03,1.243309592609064852e-03
2.693750000000000089e+00,6.288012010015506803e-01,-3.229904704455483638e-02,2.894665510076745163e-02,6.102391167044201037e-01,-1.565585123726486935e-02,3.949943994349604422e-03,-7.450648357333248747e-03,1.228896024141505356e-03
2.700000000000000178e+00,6.285998962661729639e-01,-3.211863695133347629e-02,2.878472705911437959e-02,6.101415413082410533e-01,-1.556835718119279656e-02,3.903655898047683325e-03,-7.361724569547053662e-03,1.214652053495464661e-03
2.706250000000000266e+00,6.283997159371628172e-01,-3.193923605764052709e-02,2.862371038291670194e-02,6.100445112220039823e-01,-1.548135159832302911e-02,3.857920175190244182e-03,-7.273886568438218611e-03,1.200575647117417327e-03
2.712500000000000355e+00,6.282006537247891709e-01,-3.176083868369925650e-02,2.846359987491399457e-02,6.099480234013134883e-01,-1.539483175140050897e-02,3.812730082299397184e-03,-7.187120723243484166e-03,1.186664796409660910e-03
2.718750000000000000e+00,6.280027033747186405e-01,-3.158343918212044160e-02,2.830439036833480235e-02,6.098520748188334117e-01,-1.530879491863069292e-02,3.768078960535778312e-03,-7.101413579999723592e-03,1.172917517415473414e-03
2.725000000000000089e+00,6.278058586678130215e-01,-3.140703193771237495e-02,2.814607672670683611e-02,6.097566624641908017e-01,-1.522323839359072083e-02,3.723960234600989360e-03,-7.016751859163792952e-03,1.159331850508364247e-03
2.731250000000000178e+00,6.276101134199291165e-01,-3.123161136729213708e-02,2.798865384366862330e-02,6.096617833438802148e-01,-1.513815948514118589e-02,3.680367411654844687e-03,-6.933122453265820606e-03,1.145905860085381835e-03
2.737500000000000266e+00,6.274154614817191167e-01,-3.105717191949794453e-02,2.783211664278235214e-02,6.095674344811681244e-01,-1.505355551733836110e-02,3.637294080247145851e-03,-6.850512424595338497e-03,1.132637634264401557e-03
2.743750000000000355e+00,6.272218967384320942e-01,-3.088370807460272607e-02,2.767646007734806887e-02,6.094736129159985527e-01,-1.496942382934697731e-02,3.594733909263837963e-03,-6.768909002919857969e-03,1.119525284585353450e-03
2.750000000000000000e+00,6.270294131097171597e-01,-3.071121434432884725e-02,2.752167913021916559e-02,6.093803157048984787e-01,-1.488576177535352180e-02,3.552680646887318352e-03,-6.688299583235382713e-03,1.106566945715336571e-03
2.756250000000000089e+00,6.268380045494273967e-01,-3.053968527166392791e-02,2.736776881361909289e-02,6.092875399208846909e-01,-1.480256672448002422e-02,3.511128119570696305e-03,-6.608671723548366177e-03,1.093760775157557544e-03
2.762500000000000178e+00,6.266476650454246844e-01,-3.036911543067791555e-02,2.721472416895945323e-02,6.091952826533706400e-01,-1.471983606069840814e-02,3.470070231025845168e-03,-6.530013142688739607e-03,1.081104952964059493e-03
2.768750000000000266e+00,6.264583886193868523e-01,-3.019949942634118228e-02,2.706254026665924281e-02,6.091035410080735124e-01,-1.463756718274529349e-02,3.429500961224998725e-03,-6.452311718153444335e-03,1.068597681452170857e-03
2.775000000000000355e+00,6.262701693266140568e-01,-3.003083189434380823e-02,2.691121220596538050e-02,6.090123121069225265e-01,-1.455575750403733694e-02,3.389414365415744854e-03,-6.375555483980100552e-03,1.056237184924636602e-03
2.781250000000000000e+00,6.260830012558381563e-01,-2.986310750091596480e-02,2.676073511477449970e-02,6.089215930879674499e-01,-1.447440445258707693e-02,3.349804573149218253e-03,-6.299732628650351988e-03,1.044021709393380204e-03
2.787500000000000089e+00,6.258968785290319747e-01,-2.969632094264935615e-02,2.661110414945588865e-02,6.088313811052876723e-01,-1.439350547091922984e-02,3.310665787321288422e-03,-6.224831493022427685e-03,1.031949522306841328e-03
2.793750000000000178e+00,6.257117953012203415e-01,-2.953046694631991306e-02,2.646231449467577324e-02,6.087416733289015003e-01,-1.431305801598756894e-02,3.271992283226608008e-03,-6.150840568292570421e-03,1.020018912280854298e-03
2.800000000000000266e+00,6.255277457602915758e-01,-2.936554026871139936e-02,2.631436136322269290e-02,6.086524669446765623e-01,-1.423305955909221106e-02,3.233778407625287777e-03,-6.077748493984805322e-03,1.008228188833004474e-03
2.806250000000000355e+00,6.253447241268111911e-01,-2.920153569644023603e-02,2.616723999583411495e-02,6.085637591542399916e-01,-1.415350758579744100e-02,3.196018577822056384e-03,-6.005544055968719923e-03,9.965756821204271778e-04
2.812500000000000000e+00,6.251627246538352667e-01,-2.903844804578133848e-02,2.602094566102426329e-02,6.084755471748899414e-01,-1.407439959585000955e-02,3.158707280757729746e-03,-5.934216184504818511e-03,9.850597426809975816e-04
2.818750000000000089e+00,6.249817416267261505e-01,-2.887627216249503276e-02,2.587547365491303999e-02,6.083878282395072112e-01,-1.399573310309789285e-02,3.121839072112790516e-03,-5.863753952317030116e-03,9.736787411778660001e-04
2.825000000000000178e+00,6.248017693629681624e-01,-2.871500292165509241e-02,2.573081930105625484e-02,6.083005995964668733e-01,-1.391750563540958621e-02,3.085408575422965340e-03,-5.794146572692039643e-03,9.624310681473017409e-04
2.831250000000000266e+00,6.246228022119857393e-01,-2.855463522747776414e-02,2.558697795027687141e-02,6.082138585095514527e-01,-1.383971473459381755e-02,3.049410481206563540e-03,-5.725383397604969470e-03,9.513151337497877157e-04
2.837500000000000355e+00,6.244448345549608037e-01,-2.839516401315187941e-02,2.544394498049748141e-02,6.081276022578636642e-01,-1.376235795631976927e-02,3.013839546103469665e-03,-5.657453915871089693e-03,9.403293675243335056e-04
2.843750000000000000e+00,6.242678608046533517e-01,-2.823658424067001030e-02,2.530171579657392381e-02,6.080418281357403698e-01,-1.368543287003776317e-02,2.978690592025603004e-03,-5.590347751323159788e-03,9.294722181459593932e-04
2.850000000000000089e+00,6.240918754052205975e-01,-2.807889090066060730e-02,2.516028583012994493e-02,6.079565334526662035e-01,-1.360893705890038781e-02,2.943958505318677952e-03,-5.524054661014014822e-03,9.187421531863070165e-04
2.856250000000000178e+00,6.239168728320400037e-01,-2.792207901222128544e-02,2.501965053939312830e-02,6.078717155331887501e-01,-1.353286811968415493e-02,2.909638235935145534e-03,-5.458564533444089199e-03,9.081376588773437935e-04
2.862500000000000266e+00,6.237428475915307580e-01,-2.776614362275301937e-02,2.487980540903181326e-02,6.077873717168332801e-01,-1.345722366271154963e-02,2.875724796618110961e-03,-5.393867386813426014e-03,8.976572398781063663e-04
2.868750000000000355e+00,6.235697942209778022e-01,-2.761107980779539672e-02,2.474074594999315507e-02,6.077034993580184841e-01,-1.338200131177357498e-02,2.842213262096114461e-03,-5.329953367297903151e-03,8.872994190444538978e-04
2.875000000000000000e+00,6.233977072883565285e-01,-2.745688267086289144e-02,2.460246769934231609e-02,6.076200958259723173e-01,-1.330719870405275285e-02,2.809098768288606669e-03,-5.266812747349278873e-03,8.770627372017860118e-04
2.881250000000000089e+00,6.232265813921583630e-01,-2.730354734328209118e-02,2.446496622010265257e-02,6.075371585046487333e-01,-1.323281349004655494e-02,2.776376511521968116e-03,-5.204435924018709081e-03,8.669457529206838495e-04
2.887500000000000178e+00,6.230564111612172384e-01,-2.715106898403000721e-02,2.432823710109712281e-02,6.074546847926447501e-01,-1.315884333349132823e-02,2.744041747755953959e-03,-5.142813417303462170e-03,8.569470422954449714e-04
2.893750000000000266e+00,6.228871912545378420e-01,-2.699944277957329331e-02,2.419227595679060774e-02,6.073726721031179610e-01,-1.308528591128662460e-02,2.712089791820381391e-03,-5.081935868516396920e-03,8.470651987254595181e-04
2.900000000000000355e+00,6.227189163611236422e-01,-2.684866394370846732e-02,2.405707842713340761e-02,6.072911178637041552e-01,-1.301213891341999537e-02,2.680516016661942200e-03,-5.021794038677959704e-03,8.372988326994015027e-04
2.906250000000000000e+00,6.225515811998072468e-01,-2.669872771740313191e-02,2.392264017740573095e-02,6.072100195164360503e-01,-1.293940004289223858e-02,2.649315852601003430e-03,-4.962378806930337581e-03,8.276465715821922997e-04
2.912500000000000089e+00,6.223851805190803166e-01,-2.654962936863810435e-02,2.378895689806322447e-02,6.071293745176622458e-01,-1.286706701564304181e-02,2.618484786598233947e-03,-4.903681168973441154e-03,8.181070594046977330e-04
2.918750000000000178e+00,6.222197090969258104e-01,-2.640136419225061482e-02,2.365602430458360605e-02,6.070491803379665097e-01,-1.279513756047713849e-02,2.588018361530965410e-03,-4.845692235522460443e-03,8.086789566561324158e-04
2.925000000000000266e+00,6.220551617406504530e-01,-2.625392750977834783e-02,2.352383813731423814e-02,6.069694344620872872e-01,-1.272360941899081978e-02,2.557912175479100728e-03,-4.788403230786593932e-03,7.993609400791209293e-04
2.931250000000000355e+00,6.218915332867183121e-01,-2.610731466930448982e-02,2.339239416132078350e-02,6.068901343888385425e-01,-1.265248034549893048e-02,2.528161881020479351e-03,-4.731805490968726997e-03,7.901517024673918770e-04
2.937500000000000000e+00,6.217288186005854866e-01,-2.596152104530373428e-02,2.326168816623683591e-02,6.068112776310301548e-01,-1.258174810696226741e-02,2.498763184535553270e-03,-4.675890462785720590e-03,7.810499524660651340e-04
2.943750000000000089e+00,6.215670125765351273e-01,-2.581654203848914031e-02,2.313171596611455355e-02,6.067328617153890935e-01,-1.251141048291540096e-02,2.469711845521237528e-03,-4.620649702009003122e-03,7.720544143744968377e-04
2.950000000000000178e+00,6.214061101375148999e-01,-2.567237307566004947e-02,2.300247339927633319e-02,6.066548841824811467e-01,-1.244146526539495826e-02,2.441003675913839838e-03,-4.566074872025235702e-03,7.631638279516549063e-04
2.956250000000000266e+00,6.212461062349734497e-01,-2.552900960955082829e-02,2.287395632816743157e-02,6.065773425866330948e-01,-1.237191025886828256e-02,2.412634539420903217e-03,-4.512157742416680363e-03,7.543769482239820424e-04
2.962500000000000355e+00,6.210869958486993081e-01,-2.538644711868054057e-02,2.274616063920955819e-02,6.065002344958551062e-01,-1.230274328016252479e-02,2.384600350861871849e-03,-4.458890187561046631e-03,7.456925452957203094e-04
2.968750000000000000e+00,6.209287739866601319e-01,-2.524468110720359468e-02,2.261908224265548467e-02,6.064235574917635763e-01,-1.223396215839417378e-02,2.356897075517447489e-03,-4.406264185250531075e-03,7.371094041616619349e-04
2.975000000000000089e+00,6.207714356848427206e-01,-2.510370710476118178e-02,2.249271707244455965e-02,6.063473091695048556e-01,-1.216556473489894576e-02,2.329520728487504983e-03,-4.354271815329737588e-03,7.286263245222934911e-04
2.981250000000000178e+00,6.206149760070944765e-01,-2.496352066633376193e-02,2.236706108605925405e-02,6.062714871376788661e-01,-1.209754886316216117e-02,2.302467374057486690e-03,-4.302905258352280639e-03,7.202421206013072136e-04
2.987500000000000266e+00,6.204593900449653088e-01,-2.482411737209431341e-02,2.224211026438259117e-02,6.061960890182636064e-01,-1.202991240874945640e-02,2.275733125073112293e-03,-4.252156794255722815e-03,7.119556209654391262e-04
2.993750000000000355e+00,6.203046729175507590e-01,-2.468549282726254304e-02,2.211786061155655500e-02,6.061211124465394340e-01,-1.196265324923794816e-02,2.249314142323325088e-03,-4.202018801054647167e-03,7.037656683466110953e-04
3.000000000000000000e+00,6.201508197713360149e-01,-2.454764266195996053e-02,2.199430815484143195e-02,6.060465550710149030e-01,-1.189576927414777788e-02,2.223206633931350696e-03,-4.152483753551575521e-03,6.956711194663430962e-04
3.006250000000000089e+00,6.199978257800401460e-01,-2.441056253106578533e-02,2.187144894447603724e-02,6.059724145533514905e-01,-1.182925838487405151e-02,2.197406854753745486e-03,-4.103544222065475151e-03,6.876708448624037047e-04
3.012500000000000178e+00,6.198456861444624488e-01,-2.427424811407383545e-02,2.174927905353895782e-02,6.058986885682903223e-01,-1.176311849461922007e-02,2.171911105787360102e-03,-4.055192871177649983e-03,6.797637287176771332e-04
3.018750000000000266e+00,6.196943960923290140e-01,-2.413869511495015177e-02,2.162779457781060372e-02,6.058253748035782316e-01,-1.169734752832579834e-02,2.146715733584066317e-03,-4.007422458494693668e-03,6.719486686912065848e-04
3.025000000000000355e+00,6.195439508781398485e-01,-2.400389926199157295e-02,2.150699163563624117e-02,6.057524709598944845e-01,-1.163194342260951038e-02,2.121817129673172608e-03,-3.960225833428326729e-03,6.642245757513938692e-04
3.031250000000000000e+00,6.193943457830174415e-01,-2.386985630768512223e-02,2.138686636778988279e-02,6.056799747507782827e-01,-1.156690412569282532e-02,2.097211729991412671e-03,-3.913595935991847144e-03,6.565903740113237293e-04
3.037500000000000089e+00,6.192455761145558846e-01,-2.373656202856822342e-02,2.126741493733908320e-02,6.056078839025564875e-01,-1.150222759733885748e-02,2.072896014320398453e-03,-3.867525795612954988e-03,6.490450005661824130e-04
3.043750000000000178e+00,6.190976372066714362e-01,-2.360401222508982932e-02,2.114863352951064368e-02,6.055361961542712335e-01,-1.143791180878569319e-02,2.048866505731458329e-03,-3.822008529962757275e-03,6.415874053327508654e-04
3.050000000000000266e+00,6.189505244194529743e-01,-2.347220272147233083e-02,2.103051835155717031e-02,6.054649092576092073e-01,-1.137395474268105937e-02,2.025119770037723827e-03,-3.777037343800663735e-03,6.342165508909348125e-04
3.056250000000000355e+00,6.188042331390140038e-01,-2.334112936557429172e-02,2.091306563262450638e-02,6.053940209768294833e-01,-1.131035439301739977e-02,2.001652415253403310e-03,-3.732605527834997883e-03,6.269314123273129775e-04
3.062500000000000000e+00,6.186587587773455521e-01,-2.321078802875405425e-02,2.079627162362005649e-02,6.053235290886939124e-01,-1.124710876506732418e-02,1.978461091060117281e-03,-3.688706457599082254e-03,6.197309770806737252e-04
3.068750000000000089e+00,6.185140967721695082e-01,-2.308117460573410815e-02,2.068013259708191207e-02,6.052534313823958456e-01,-1.118421587531941500e-02,1.955542488280213789e-03,-3.645333592342563621e-03,6.126142447895120517e-04
3.075000000000000178e+00,6.183702425867930730e-01,-2.295228501446633027e-02,2.056464484704892057e-02,6.051837256594911896e-01,-1.112167375141444661e-02,1.932893338356971979e-03,-3.602480473937812091e-03,6.055802271414688137e-04
3.081250000000000266e+00,6.182271917099639857e-01,-2.282411519599801195e-02,2.044980468893152145e-02,6.051144097338279071e-01,-1.105948043208194315e-02,1.910510412841584732e-03,-3.560140725801114354e-03,5.986279477246757687e-04
3.087500000000000355e+00,6.180849396557267506e-01,-2.269666111433866346e-02,2.033560845938346684e-02,6.050454814314778496e-01,-1.099763396707712296e-02,1.888390522886843840e-03,-3.518308051828502800e-03,5.917564418809908135e-04
3.093750000000000000e+00,6.179434819632791953e-01,-2.256991875632767194e-02,2.022205251617436098e-02,6.049769385906673680e-01,-1.093613241711820054e-02,1.866530518747429920e-03,-3.476976235345998010e-03,5.849647565610933877e-04
3.100000000000000089e+00,6.178028141968304743e-01,-2.244388413150268102e-02,2.010913323806300806e-02,6.049087790617092564e-01,-1.087497385382405098e-02,1.844927289286714053e-03,-3.436139138074042164e-03,5.782519501814166246e-04
3.106250000000000178e+00,6.176629319454596256e-01,-2.231855327196884814e-02,1.999684702467164829e-02,6.048410007069349170e-01,-1.081415635965226121e-02,1.823577761489999583e-03,-3.395790699105975460e-03,5.716170924828960827e-04
3.112500000000000266e+00,6.175238308229747952e-01,-2.219392223226882011e-02,1.988519029636092589e-02,6.047736014006263039e-01,-1.075367802783751790e-02,1.802478899984093046e-03,-3.355924933900291448e-03,5.650592643915040500e-04
3.118750000000000355e+00,6.173855064677734594e-01,-2.206998708925349620e-02,1.977415949410573151e-02,6.047065790289496423e-01,-1.069353696233035778e-02,1.781627706563136161e-03,-3.316535933286524681e-03,5.585775578805525065e-04
3.125000000000000000e+00,6.172479545427033143e-01,-2.194674394195360312e-02,1.966375107937182176e-02,6.046399314898879274e-01,-1.063373127773628232e-02,1.761021219720611047e-03,-3.277617862484565135e-03,5.521710758347390512e-04
3.131250000000000089e+00,6.171111707349242748e-01,-2.182418891145195342e-02,1.955396153399320547e-02,6.045736566931745326e-01,-1.057425909925520900e-02,1.740656514187423690e-03,-3.239164960137195116e-03,5.458389319159103132e-04
3.137500000000000178e+00,6.169751507557708070e-01,-2.170231814075660598e-02,1.944478736005040426e-02,6.045077525602275959e-01,-1.051511856262130930e-02,1.720530700476008857e-03,-3.201171537355704689e-03,5.395802504305289692e-04
3.143750000000000266e+00,6.168398903406153710e-01,-2.158112779467463715e-02,1.933622507974942784e-02,6.044422170240841830e-01,-1.045630781404315729e-02,1.700640924430346299e-03,-3.163631976778347957e-03,5.333941661988105421e-04
3.150000000000000355e+00,6.167053852487327514e-01,-2.146061405968676533e-02,1.922827123530154031e-02,6.043770480293348957e-01,-1.039782501014425292e-02,1.680984366781826649e-03,-3.126540731641498823e-03,5.272798244255174011e-04
3.156250000000000000e+00,6.165716312631646101e-01,-2.134077314382269372e-02,1.912092238880383488e-02,6.043122435320590347e-01,-1.033966831790387314e-02,1.661558242710884856e-03,-3.089892324863317136e-03,5.212363805723844870e-04
3.162500000000000089e+00,6.164386241905855934e-01,-2.122160127653715048e-02,1.901417512212052324e-02,6.042478014997599844e-01,-1.028183591459827344e-02,1.642359801414315038e-03,-3.053681348139735720e-03,5.152630002321538852e-04
3.168750000000000178e+00,6.163063598611695504e-01,-2.110309470858677885e-02,1.890802603676505420e-02,6.041837199113014867e-01,-1.022432598774224329e-02,1.623386325678211279e-03,-3.017902461052635130e-03,5.093588590042038254e-04
3.175000000000000266e+00,6.161748341284566388e-01,-2.098524971190765878e-02,1.880247175378294347e-02,6.041199967568430251e-01,-1.016713673503097902e-02,1.604635131456430032e-03,-2.982550390189981498e-03,5.035231423717424033e-04
3.181250000000000355e+00,6.160440428692218751e-01,-2.086806257949359172e-02,1.869750891363534950e-02,6.040566300377769871e-01,-1.011026636428230714e-02,1.586103567454522556e-03,-2.947619928277802562e-03,4.977550455805526859e-04
3.187500000000000000e+00,6.159139819833435725e-01,-2.075152962527514536e-02,1.859313417608344371e-02,6.039936177666656025e-01,-1.005371309337924415e-02,1.567789014719055390e-03,-2.913105933323821475e-03,4.920537735192664344e-04
3.193750000000000089e+00,6.157846473936724463e-01,-2.063564718399932968e-02,1.848934422007345035e-02,6.039309579671778838e-01,-9.997475150212868644e-03,1.549688886232240825e-03,-2.879003327772571442e-03,4.864185406011440542e-04
3.200000000000000178e+00,6.156560350459028275e-01,-2.052041161111011966e-02,1.838613574362250869e-02,6.038686486740272308e-01,-9.941550772625566343e-03,1.531800626511825537e-03,-2.845307097671872804e-03,4.808485706473485219e-04
3.206250000000000266e+00,6.155281409084428779e-01,-2.040581928262957118e-02,1.828350546370518387e-02,6.038066879329098136e-01,-9.885938208354559664e-03,1.514121711216139367e-03,-2.812012291850459617e-03,4.753430967716846655e-04
3.212500000000000355e+00,6.154009609722865815e-01,-2.029186659503969328e-02,1.818145011614075851e-02,6.037450738004426221e-01,-9.830635714975792874e-03,1.496649646754258942e-03,-2.779114021106638636e-03,4.699013612667916006e-04
3.218750000000000000e+00,6.152744912508864017e-01,-2.017854996516504559e-02,1.807996645548122158e-02,6.036838043441020707e-01,-9.775641559848134710e-03,1.479381969901204588e-03,-2.746607457407818954e-03,4.645226154917665305e-04
3.225000000000000089e+00,6.151487277800262721e-01,-2.006586583005596017e-02,1.797905125489994774e-02,6.036228776421633802e-01,-9.720954020057882838e-03,1.462316247418102679e-03,-2.714487833100739673e-03,4.592061197612004489e-04
3.231250000000000178e+00,6.150236666176959188e-01,-1.995381064687255443e-02,1.787870130608115379e-02,6.035622917836395152e-01,-9.666571382363643022e-03,1.445450075677262884e-03,-2.682750440132292830e-03,4.539511432356125708e-04
3.237500000000000266e+00,6.148993038439648506e-01,-1.984238089276934777e-02,1.777891341910998665e-02,6.035020448682212324e-01,-9.612491943141466752e-03,1.428781080292079470e-03,-2.651390629280739927e-03,4.487569638132577442e-04
3.243750000000000355e+00,6.147756355608585688e-01,-1.973157306478062062e-02,1.767968442236335022e-02,6.034421350062169065e-01,-9.558714008330349704e-03,1.412306915751712416e-03,-2.620403809397214932e-03,4.436228680232947512e-04
3.250000000000000000e+00,6.146526578922341111e-01,-1.962138367970641187e-02,1.758101116240142966e-02,6.033825603184932440e-01,-9.505235893378018164e-03,1.396025265060477430e-03,-2.589785446657358933e-03,4.385481509202964726e-04
3.256250000000000089e+00,6.145303669836569282e-01,-1.951180927399920675e-02,1.748289050385984714e-02,6.033233189364155535e-01,-9.452055923187041575e-03,1.379933839381875275e-03,-2.559531063822935090e-03,4.335321159800821283e-04
3.262500000000000178e+00,6.144087590022787593e-01,-1.940284640365132554e-02,1.738531932934261198e-02,6.032644090017894589e-01,-9.399172432061267748e-03,1.364030377687216588e-03,-2.529636239513318938e-03,4.285740749968598847e-04
3.268750000000000266e+00,6.142878301367155069e-01,-1.929449164408294018e-02,1.728829453931562954e-02,6.032058286668016134e-01,-9.346583763652540830e-03,1.348312646408760017e-03,-2.500096607486680580e-03,4.236733479816561930e-04
3.275000000000000355e+00,6.141675765969262235e-01,-1.918674159003076057e-02,1.719181305200096974e-02,6.031475760939619679e-01,-9.294288270907748867e-03,1.332778439097315974e-03,-2.470907855930759914e-03,4.188292630620204203e-04
3.281250000000000000e+00,6.140479946140929846e-01,-1.907959285543740433e-02,1.709587180327176367e-02,6.030896494560454846e-01,-9.242284316016174950e-03,1.317425576084254842e-03,-2.442065726763092189e-03,4.140411563829860171e-04
3.287500000000000089e+00,6.139290804405005408e-01,-1.897304207334137016e-02,1.700046774654775592e-02,6.030320469360349600e-01,-9.190570270357131116e-03,1.302251904147853955e-03,-2.413566014940536457e-03,4.093083720092709817e-04
3.293750000000000178e+00,6.138108303494184126e-01,-1.886708589576775036e-02,1.690559785269157844e-02,6.029747667270631828e-01,-9.139144514447930523e-03,1.287255296183942343e-03,-2.385404567778017567e-03,4.046302618287062926e-04
3.300000000000000266e+00,6.136932406349813185e-01,-1.876172099361949133e-02,1.681125910990560399e-02,6.029178070323565342e-01,-9.088005437892135441e-03,1.272433650880763897e-03,-2.357577284276305210e-03,4.000061854568697558e-04
3.306250000000000355e+00,6.135763076120724913e-01,-1.865694405656935159e-02,1.671744852362949674e-02,6.028611660651778115e-01,-9.037151439328101887e-03,1.257784892398018401e-03,-2.330080114458744130e-03,3.954355101429151320e-04
3.312500000000000000e+00,6.134600276162061050e-01,-1.855275179295251195e-02,1.662416311643839101e-02,6.028048420487706061e-01,-8.986580926377845183e-03,1.243306970050022092e-03,-2.302909058716793265e-03,3.909176106765784356e-04
3.318750000000000089e+00,6.133443970034114789e-01,-1.844914092965973390e-02,1.653139992794170829e-02,6.027488332163026818e-01,-8.936292315596160510e-03,1.228997857992925307e-03,-2.276060167164246743e-03,3.864518692963462274e-04
3.325000000000000178e+00,6.132294121501168371e-01,-1.834610821203128475e-02,1.643915601468263002e-02,6.026931378108105752e-01,-8.886284032420085216e-03,1.214855554915949274e-03,-2.249529539000049132e-03,3.820376755987741919e-04
3.331250000000000266e+00,6.131150694530348444e-01,-1.824365040375136929e-02,1.634742845003819139e-02,6.026377540851443060e-01,-8.836554511118614383e-03,1.200878083736568952e-03,-2.223313321879538847e-03,3.776744264489355612e-04
3.337500000000000355e+00,6.130013653290480313e-01,-1.814176428674323799e-02,1.625621432411999967e-02,6.025826803019120881e-01,-8.787102194742730382e-03,1.187063491299605736e-03,-2.197407711294043376e-03,3.733615258919898458e-04
3.343750000000000000e+00,6.128882962150952185e-01,-1.804044666106490585e-02,1.616551074367557003e-02,6.025279147334260399e-01,-8.737925535075703048e-03,1.173409848080169716e-03,-2.171808949958691903e-03,3.690983850658550113e-04
3.350000000000000089e+00,6.127758585680583847e-01,-1.793969434480547492e-02,1.607531483199028596e-02,6.024734556616470060e-01,-8.689022992583674346e-03,1.159915247890399041e-03,-2.146513327208330810e-03,3.648844221149683572e-04
3.356250000000000178e+00,6.126640488646503124e-01,-1.783950417398209864e-02,1.598562372879000493e-02,6.024193013781313777e-01,-8.640393036366562224e-03,1.146577807589960370e-03,-2.121517178401451011e-03,3.607190621051258516e-04
3.362500000000000266e+00,6.125528636013032324e-01,-1.773987300243751869e-02,1.589643459014421917e-02,6.023654501839765807e-01,-8.592034144109205601e-03,1.133395666800238004e-03,-2.096816884331988325e-03,3.566017369393806769e-04
3.368750000000000355e+00,6.124422992940571353e-01,-1.764079770173821587e-02,1.580774458836985488e-02,6.023119003897678958e-01,-8.543944802032809455e-03,1.120366987622182413e-03,-2.072408870648907112e-03,3.525318852749913376e-04
3.375000000000000000e+00,6.123323524784496374e-01,-1.754227516107316823e-02,1.571955091193567855e-02,6.022586503155250570e-01,-8.496123504846670935e-03,1.107489954357760266e-03,-2.048289607283460077e-03,3.485089524414046393e-04
3.381250000000000089e+00,6.122230197094061799e-01,-1.744430228715318845e-02,1.563185076536726878e-02,6.022056982906496270e-01,-8.448568755700172628e-03,1.094762773234956958e-03,-2.024455607884002341e-03,3.445323903592590101e-04
3.387500000000000178e+00,6.121142975611307824e-01,-1.734687600411088243e-02,1.554464136915262827e-02,6.021530426538720393e-01,-8.401279066135072457e-03,1.082183672136296506e-03,-2.000903429258289561e-03,3.406016574603988947e-04
3.393750000000000266e+00,6.120061826269972416e-01,-1.724999325340116629e-02,1.545791995964834742e-02,6.021006817531997513e-01,-8.354252956038045116e-03,1.069750900330815714e-03,-1.977629670823114350e-03,3.367162186088818441e-04
3.400000000000000355e+00,6.118986715194417725e-01,-1.715365099370238025e-02,1.537168378898636119e-02,6.020486139458647301e-01,-8.307488953593513206e-03,1.057462728209459645e-03,-1.954630974061216404e-03,3.328755450229700609e-04
3.406250000000000000e+00,6.117917608698549836e-01,-1.705784620081799222e-02,1.528593012498130448e-02,6.019968375982720499e-01,-8.260985595236742043e-03,1.045317447023847660e-03,-1.931904021985348567e-03,3.290791141980916549e-04
3.412500000000000089e+00,6.116854473284754068e-01,-1.696257586757883573e-02,1.520065625103840003e-02,6.019453510859483769e-01,-8.214741425607194683e-03,1.033313368628365576e-03,-1.909445538609398250e-03,3.253264098307588701e-04
3.418750000000000178e+00,6.115797275642838038e-01,-1.686783700374600015e-02,1.511585946606199167e-02,6.018941527934911218e-01,-8.168754997502187046e-03,1.021448825225546638e-03,-1.887252288426492612e-03,3.216169217434339581e-04
3.425000000000000266e+00,6.114745982648966960e-01,-1.677362663591422387e-02,1.503153708436457889e-02,6.018432411145169247e-01,-8.123024871830768559e-03,1.009722169114687321e-03,-1.865321075893955263e-03,3.179501458103260562e-04
3.431250000000000355e+00,6.113700561364626695e-01,-1.667994180741586702e-02,1.494768643557644813e-02,6.017926144516118070e-01,-8.077549617567902907e-03,9.981317724436623937e-04,-1.843648744925048977e-03,3.143255838841108843e-04
3.437500000000000000e+00,6.112660979035569042e-01,-1.658677957822548774e-02,1.486430486455586619e-02,6.017422712162805443e-01,-8.032327811708893373e-03,9.866760269638980441e-04,-1.822232178387402524e-03,3.107427437235600327e-04
3.443750000000000089e+00,6.111627203090782556e-01,-1.649413702486488692e-02,1.478138973129979918e-02,6.016922098288965959e-01,-7.987358039224056253e-03,9.753533437884534182e-04,-1.801068297608022064e-03,3.072011389220669401e-04
3.450000000000000178e+00,6.110599201141458936e-01,-1.640201124030884333e-02,1.469893841085524733e-02,6.016424287186528108e-01,-7.942638893013703044e-03,9.641621531531846491e-04,-1.780154061884820990e-03,3.037002888370624585e-04
3.456250000000000266e+00,6.109576940979963844e-01,-1.631039933389127547e-02,1.461694829323106903e-02,6.015929263235115787e-01,-7.898168973863327336e-03,9.531009041809329445e-04,-1.759486468004548736e-03,3.002397185203023347e-04
3.462500000000000355e+00,6.108560390578824384e-01,-1.621929843121202100e-02,1.453541678331037729e-02,6.015437010901558690e-01,-7.853946890399077924e-03,9.421680646487104937e-04,-1.739062549767054133e-03,2.968189586490208053e-04
3.468750000000000000e+00,6.107549518089711027e-01,-1.612870567404414701e-02,1.445434130076348085e-02,6.014947514739403811e-01,-7.809971259043490405e-03,9.313621207578391984e-04,-1.718879377515789009e-03,2.934375454579371892e-04
3.475000000000000089e+00,6.106544291842429528e-01,-1.603861822024178069e-02,1.437371927996133718e-02,6.014460759388429167e-01,-7.766240703971442547e-03,9.206815769070017877e-04,-1.698934057674461161e-03,2.900950206721027353e-04
3.481250000000000178e+00,6.105544680343919506e-01,-1.594903324364853672e-02,1.429354816988959338e-02,6.013976729574160851e-01,-7.722753857066408031e-03,9.101249554681764770e-04,-1.679223732289772527e-03,2.867909314405825243e-04
3.487500000000000266e+00,6.104550652277259681e-01,-1.585994793400640271e-02,1.421382543406309561e-02,6.013495410107391193e-01,-7.679509357876925305e-03,8.996907965654039972e-04,-1.659745578580133904e-03,2.835248302709546947e-04
3.493750000000000355e+00,6.103562176500672010e-01,-1.577135949686523167e-02,1.413454855044097604e-02,6.013016785883705806e-01,-7.636505853573326633e-03,8.893776578563595625e-04,-1.640496808490293345e-03,2.802962749646221172e-04
3.500000000000000000e+00,6.102579222046544682e-01,-1.568326515349270991e-02,1.405571501134223085e-02,6.012540841883000642e-01,-7.593741998904723900e-03,8.791841143166907475e-04,-1.621474668251794531e-03,2.771048285529236670e-04
3.506250000000000089e+00,6.101601758120444030e-01,-1.559566214078485918e-02,1.397732232336182552e-02,6.012067563169017914e-01,-7.551216456156219919e-03,8.691087580270809385e-04,-1.602676437949174682e-03,2.739500592340346876e-04
3.512500000000000178e+00,6.100629754100145297e-01,-1.550854771117710605e-02,1.389936800728733962e-02,6.011596934888868704e-01,-7.508927895106396432e-03,8.591501979630128839e-04,-1.584099431091848904e-03,2.708315403106491639e-04
3.518750000000000266e+00,6.099663179534664526e-01,-1.542191913255580929e-02,1.382184959801609561e-02,6.011128942272574438e-01,-7.466874992985018944e-03,8.493070597871838759e-04,-1.565740994191573178e-03,2.677488501284298905e-04
3.525000000000000355e+00,6.098702004143292665e-01,-1.533577368817034582e-02,1.374476464447280458e-02,6.010663570632595043e-01,-7.425056434430992239e-03,8.395779856445479555e-04,-1.547598506345434404e-03,2.647015720152199117e-04
3.531250000000000000e+00,6.097746197814640778e-01,-1.525010867654569280e-02,1.366811070952773932e-02,6.010200805363369314e-01,-7.383470911450563945e-03,8.299616339599468666e-04,-1.529669378824281400e-03,2.616892942210044472e-04
3.537500000000000089e+00,6.096795730605686359e-01,-1.516492141139550581e-02,1.359188536991535849e-02,6.009740631940858613e-01,-7.342117123375748421e-03,8.204566792382938720e-04,-1.511951054666521403e-03,2.587116098586126223e-04
3.543750000000000178e+00,6.095850572740827422e-01,-1.508020922153575048e-02,1.351608621615350662e-02,6.009283035922088345e-01,-7.300993776823019518e-03,8.110618118672858210e-04,-1.494441008277224607e-03,2.557681168451531495e-04
3.550000000000000266e+00,6.094910694610942148e-01,-1.499596945079878507e-02,1.344071085246303920e-02,6.008828002944691660e-01,-7.260099585652212383e-03,8.017757379225983654e-04,-1.477136745032443061e-03,2.528584178441700280e-04
3.556250000000000355e+00,6.093976066772450739e-01,-1.491219945794797740e-02,1.336575689668797855e-02,6.008375518726462028e-01,-7.219433270925668111e-03,7.925971789755406876e-04,-1.460035800888689287e-03,2.499821202085124078e-04
3.562500000000000000e+00,6.093046659946388388e-01,-1.482889661659280919e-02,1.329122198021615540e-02,6.007925569064901383e-01,-7.178993560867625613e-03,7.835248719031353724e-04,-1.443135741997502407e-03,2.471388359239086972e-04
3.568750000000000089e+00,6.092122445017476018e-01,-1.474605831510445060e-02,1.321710374790030680e-02,6.007478139836776032e-01,-7.138779190823813826e-03,7.745575687005887278e-04,-1.426434164325021334e-03,2.443281815532349389e-04
3.575000000000000178e+00,6.091203393033202129e-01,-1.466368195653188454e-02,1.314339985797971164e-02,6.007033216997670344e-01,-7.098788903221323228e-03,7.656940362961290030e-04,-1.409928693276522741e-03,2.415497781814710584e-04
3.581250000000000266e+00,6.090289475202910197e-01,-1.458176495851846825e-02,1.307010798200225477e-02,6.006590786581548214e-01,-7.059021447528658622e-03,7.569330563681696787e-04,-1.393616983325826880e-03,2.388032513613334374e-04
3.587500000000000355e+00,6.089380662896884955e-01,-1.450030475321899270e-02,1.299722580474699241e-02,6.006150834700311192e-01,-7.019475580216053869e-03,7.482734251647777703e-04,-1.377496717649526366e-03,2.360882310595772537e-04
3.593750000000000000e+00,6.088476927645450898e-01,-1.441929878721723811e-02,1.292475102414719114e-02,6.005713347543364389e-01,-6.980150064715996520e-03,7.397139533254120172e-04,-1.361565607765967021e-03,2.334043516039594520e-04
3.600000000000000089e+00,6.087578241138074109e-01,-1.433874452144397876e-02,1.285268135121380752e-02,6.005278311377182376e-01,-6.941043671383978833e-03,7.312534657049012512e-04,-1.345821393178909652e-03,2.307512516308532122e-04
3.606250000000000178e+00,6.086684575222461868e-01,-1.425863943109552043e-02,1.278101450995948983e-02,6.004845712544876202e-01,-6.902155177459489040e-03,7.228908011996399569e-04,-1.330261841025828957e-03,2.281285740335081409e-04
3.612500000000000266e+00,6.085795901903682248e-01,-1.417898100555264537e-02,1.270974823732299273e-02,6.004415537465767061e-01,-6.863483367027203852e-03,7.146248125759627548e-04,-1.314884745730762403e-03,2.255359659109448301e-04
3.618750000000000355e+00,6.084912193343273712e-01,-1.409976674830007264e-02,1.263888028309407066e-02,6.003987772634954423e-01,-6.825027030978419486e-03,7.064543663006772048e-04,-1.299687928661666771e-03,2.229730785174777923e-04
3.625000000000000000e+00,6.084033421858369151e-01,-1.402099417684637972e-02,1.256840840983883961e-02,6.003562404622899695e-01,-6.786784966972693456e-03,6.983783423737235973e-04,-1.284669237792213439e-03,2.204395672128586943e-04
3.631250000000000089e+00,6.083159559920821025e-01,-1.394266082264435103e-02,1.249833039282556048e-02,6.003139420074996568e-01,-6.748755979399704077e-03,6.903956341629326763e-04,-1.269826547367962312e-03,2.179350914130306210e-04
3.637500000000000178e+00,6.082290580156330950e-01,-1.386476423101185886e-02,1.242864401995092544e-02,6.002718805711156902e-01,-6.710938879341345024e-03,6.825051482408617774e-04,-1.255157757576864973e-03,2.154593145414887328e-04
3.643750000000000266e+00,6.081426455343588167e-01,-1.378730196105314859e-02,1.235934709166673987e-02,6.002300548325391061e-01,-6.673332484534012440e-03,6.747058042236710011e-04,-1.240660794224024855e-03,2.130119039812355811e-04
3.650000000000000355e+00,6.080567158413409112e-01,-1.371027158558059053e-02,1.229043742090708824e-02,6.001884634785396022e-01,-6.635935619331124503e-03,6.669965346120222899e-04,-1.226333608410666923e-03,2.105925310273269616e-04
3.656250000000000000e+00,6.079712662447882554e-01,-1.363367069103690703e-02,1.222191283301591984e-02,6.001471052032136821e-01,-6.598747114665849157e-03,6.593762846339709443e-04,-1.212174176217260075e-03,2.082008708399993877e-04
3.662500000000000089e+00,6.078862940679521376e-01,-1.355749687741781249e-02,1.215377116567506639e-02,6.001059787079442431e-01,-6.561765808014038276e-03,6.518440120898235561e-04,-1.198180498390728288e-03,2.058366023983711072e-04
3.668750000000000178e+00,6.078017966490417701e-01,-1.348174775819515475e-02,1.208601026883274199e-02,6.000650827013598310e-01,-6.524990543357389074e-03,6.443986871989421930e-04,-1.184350600035713420e-03,2.034994084547124603e-04
3.675000000000000266e+00,6.077177713411399118e-01,-1.340642096024045014e-02,1.201862800463242807e-02,6.000244158992935617e-01,-6.488420171146804145e-03,6.370392924484614408e-04,-1.170682530309812485e-03,2.011889754892742766e-04
3.681250000000000355e+00,6.076342155121201571e-01,-1.333151412374889745e-02,1.195162224734220256e-02,5.999839770247432646e-01,-6.452053548265960538e-03,6.297648224438994391e-04,-1.157174362122754272e-03,1.989049936656704350e-04
3.687500000000000000e+00,6.075511265445631137e-01,-1.325702490216381507e-02,1.188499088328451476e-02,5.999437648078311813e-01,-6.415889537995091325e-03,6.225742837616382976e-04,-1.143824191839456746e-03,1.966471567868065089e-04
3.693750000000000089e+00,6.074685018356743571e-01,-1.318295096210150320e-02,1.181873181076635061e-02,5.999037779857642194e-01,-6.379927009974965812e-03,6.154666948032446209e-04,-1.130630138986906058e-03,1.944151622513468536e-04
3.700000000000000178e+00,6.073863387972020522e-01,-1.310928998327659176e-02,1.175284294000986801e-02,5.998640153027940958e-01,-6.344164840171091779e-03,6.084410856516157210e-04,-1.117590345964825701e-03,1.922087110107157987e-04
3.706250000000000266e+00,6.073046348553554630e-01,-1.303603965842775429e-02,1.168732219308340863e-02,5.998244755101783676e-01,-6.308601910838105079e-03,6.014964979289175824e-04,-1.104702977760060574e-03,1.900275075266230249e-04
3.712500000000000355e+00,6.072233874507235729e-01,-1.296319769324390421e-02,1.162216750383294507e-02,5.997851573661404645e-01,-6.273237110484367399e-03,5.946319846562989671e-04,-1.091966221664643875e-03,1.878712597291090061e-04
3.718750000000000000e+00,6.071425940381947051e-01,-1.289076180629079166e-02,1.155737681781394792e-02,5.997460596358317186e-01,-6.238069333836771327e-03,5.878466101153557478e-04,-1.079378286997494107e-03,1.857396789751029800e-04
3.725000000000000089e+00,6.070622520868760308e-01,-1.281872972893801158e-02,1.149294809222363781e-02,5.997071810912917300e-01,-6.203097481805731894e-03,5.811394497113216151e-04,-1.066937404829685406e-03,1.836324800074866186e-04
3.731250000000000178e+00,6.069823590800138557e-01,-1.274709920528649225e-02,1.142887929583368857e-02,5.996685205114103967e-01,-6.168320461450398431e-03,5.745095898379688976e-04,-1.054641827713259520e-03,1.815493809146590334e-04
3.737500000000000266e+00,6.069029125149142390e-01,-1.267586799209633255e-02,1.136516840892329468e-02,5.996300766818890571e-01,-6.133737185944050305e-03,5.679561277441893532e-04,-1.042489829413515909e-03,1.794901030905937103e-04
3.743750000000000355e+00,6.068239099028641670e-01,-1.260503385871510409e-02,1.130181342321267234e-02,5.995918483952030753e-01,-6.099346574539690410e-03,5.614781714022393190e-04,-1.030479704644743973e-03,1.774543711953840671e-04
3.750000000000000000e+00,6.067453487690529501e-01,-1.253459458700654540e-02,1.123881234179694051e-02,5.995538344505633166e-01,-6.065147552535839898e-03,5.550748393776259093e-04,-1.018609768809348396e-03,1.754419131162699092e-04
3.756250000000000089e+00,6.066672266524943957e-01,-1.246454797127966377e-02,1.117616317908039919e-02,5.995160336538787327e-01,-6.031139051242517639e-03,5.487452607006109524e-04,-1.006878357740319252e-03,1.734524599291387928e-04
3.762500000000000178e+00,6.065895411059490927e-01,-1.239489181821828469e-02,1.111386396071123613e-02,5.994784448177190583e-01,-5.997320007947433938e-03,5.424885747393185702e-04,-9.952838274470139201e-04,1.714857458604980946e-04
3.768750000000000266e+00,6.065122896958475840e-01,-1.232562394681095685e-02,1.105191272351658573e-02,5.994410667612773969e-01,-5.963689365882355979e-03,5.363039310744176702e-04,-9.838245538641911692e-04,1.695415082499090868e-04
3.775000000000000355e+00,6.064354700022132061e-01,-1.225674218828129262e-02,1.099030751543799735e-02,5.994038983103328055e-01,-5.930246074189670161e-03,5.301904893753635198e-04,-9.724989326042646730e-04,1.676194875128794671e-04
3.781250000000000000e+00,6.063590796185862608e-01,-1.218824438601871264e-02,1.092904639546729388e-02,5.993669382972142134e-01,-5.896989087889146532e-03,5.241474192781797560e-04,-9.613053787127320447e-04,1.657194271042079206e-04
3.787500000000000089e+00,6.062831161519478540e-01,-1.212012839550955651e-02,1.086812743358279640e-02,5.993301855607633399e-01,-5.863917367844867154e-03,5.181739002647550241e-04,-9.502423264267310368e-04,1.638410734817742599e-04
3.793750000000000178e+00,6.062075772226449555e-01,-1.205239208426864446e-02,1.080754871068596509e-02,5.992936389462980573e-01,-5.831029880732377380e-03,5.122691215436452495e-04,-9.393082289366944983e-04,1.619841760707716502e-04
3.800000000000000266e+00,6.061324604643147929e-01,-1.198503333177118949e-02,1.074730831853839240e-02,5.992572973055767527e-01,-5.798325599005990649e-03,5.064322819323499895e-04,-9.285015581510467362e-04,1.601484872283728670e-04
3.806250000000000355e+00,6.060577635238110217e-01,-1.191805002938511882e-02,1.068740435969918121e-02,5.992211594967619126e-01,-5.765803500866302327e-03,5.006625897410532178e-04,-9.178208044639132000e-04,1.583337622088267925e-04
3.812500000000000000e+00,6.059834840611291185e-01,-1.185144008030379094e-02,1.062783494746270471e-02,5.991852243843841519e-01,-5.733462570227877871e-03,4.949592626578059890e-04,-9.072644765257993626e-04,1.565397591289797020e-04
3.818750000000000089e+00,6.059096197493327729e-01,-1.178520139947906997e-02,1.056859820579672191e-02,5.991494908393072416e-01,-5.701301796687118818e-03,4.893215276351317936e-04,-8.968311010171965128e-04,1.547662389342147277e-04
3.825000000000000178e+00,6.058361682744806131e-01,-1.171933191355484932e-02,1.050969226928089723e-02,5.991139577386920267e-01,-5.669320175490332597e-03,4.837486207780413751e-04,-8.865192224250856203e-04,1.530129653648067340e-04
3.831250000000000266e+00,6.057631273355534862e-01,-1.165382956080088413e-02,1.045111528304565156e-02,5.990786239659615653e-01,-5.637516707501961932e-03,4.782397872334313155e-04,-8.763274028222878828e-04,1.512797049226846094e-04
3.837500000000000355e+00,6.056904946443819604e-01,-1.158869229104705391e-02,1.039286540271139661e-02,5.990434884107660451e-01,-5.605890399173007674e-03,4.727942810808554363e-04,-8.662542216496343060e-04,1.495662268385979381e-04
3.843750000000000000e+00,6.056182679255740497e-01,-1.152391806561799646e-02,1.033494079432814225e-02,5.990085499689480342e-01,-5.574440262509626834e-03,4.674113652246484176e-04,-8.562982755009130101e-04,1.478723030396822521e-04
3.850000000000000089e+00,6.055464449164438268e-01,-1.145950485726807827e-02,1.027733963431543170e-02,5.989738075425077302e-01,-5.543165315041901492e-03,4.620903112873833100e-04,-8.464581779105558815e-04,1.461977081174173332e-04
3.856250000000000178e+00,6.054750233669400350e-01,-1.139545065011681596e-02,1.022006010940267919e-02,5.989392600395684330e-01,-5.512064579792808061e-03,4.568303995046510153e-04,-8.367325591440376818e-04,1.445422192959756381e-04
3.862500000000000266e+00,6.054040010395753679e-01,-1.133175343958459438e-02,1.016310041656983375e-02,5.989049063743425716e-01,-5.481137085247335741e-03,4.516309186211380443e-04,-8.271200659909375228e-04,1.429056164009533114e-04
3.868750000000000355e+00,6.053333757093560807e-01,-1.126841123232879757e-02,1.010645876298840208e-02,5.988707454670978425e-01,-5.450381865321797525e-03,4.464911657879907896e-04,-8.176193615606392904e-04,1.412876818284811305e-04
3.875000000000000000e+00,6.052631451637116022e-01,-1.120542204618029183e-02,1.005013336596283398e-02,5.988367762441225706e-01,-5.419797959333312945e-03,4.414104464614490185e-04,-8.082291250806322019e-04,1.396882005147096894e-04
3.881250000000000089e+00,6.051933072024254789e-01,-1.114278391008026968e-02,9.994122452872235621e-03,5.988029976376928465e-01,-5.389384411969452143e-03,4.363880743027296694e-04,-7.989480516973742003e-04,1.381069599056641329e-04
3.887500000000000178e+00,6.051238596375656531e-01,-1.108049486401747885e-02,9.938424261112466240e-03,5.987694085860386650e-01,-5.359140273258075106e-03,4.314233710791512996e-04,-7.897748522796935742e-04,1.365437499274648641e-04
3.893750000000000266e+00,6.050548002934158509e-01,-1.101855295896579309e-02,9.883037038038543567e-03,5.987360080333108403e-01,-5.329064598537320077e-03,4.265156665664757130e-04,-7.807082532246839178e-04,1.349983629569081241e-04
3.900000000000000355e+00,6.049861270064068597e-01,-1.095695625682213681e-02,9.827959040907411833e-03,5.987027949295478102e-01,-5.299156448425774990e-03,4.216642984524566844e-04,-7.717469962660673853e-04,1.334705937924031405e-04
3.906250000000000000e+00,6.049178376250488043e-01,-1.089570283034479309e-02,9.773188536821048045e-03,5.986697682306425516e-01,-5.269414888792817164e-03,4.168686122415788666e-04,-7.628898382849930637e-04,1.319602396252610979e-04
3.912500000000000089e+00,6.048499300098634235e-01,-1.083479076309202226e-02,9.718723802669889181e-03,5.986369268983100511e-01,-5.239838990729108262e-03,4.121279611609701839e-04,-7.541355511232330578e-04,1.304671000113310001e-04
3.918750000000000178e+00,6.047824020333162354e-01,-1.077421814936109501e-02,9.664563125076637562e-03,5.986042699000549971e-01,-5.210427830517282664e-03,4.074417060674774657e-04,-7.454829213987553644e-04,1.289909768429797386e-04
3.925000000000000266e+00,6.047152515797503680e-01,-1.071398309412761353e-02,9.610704800340354181e-03,5.985717962091389177e-01,-5.181180489602775496e-03,4.028092153558840167e-04,-7.369307503236301659e-04,1.275316743214098363e-04
3.931250000000000355e+00,6.046484765453195021e-01,-1.065408371298521770e-02,9.557147134380912859e-03,5.985395048045482058e-01,-5.152096054564833660e-03,3.982298648682600149e-04,-7.284778535242475341e-04,1.260889989293125077e-04
3.937500000000000000e+00,6.045820748379218124e-01,-1.059451813208563305e-02,9.503888442683775320e-03,5.985073946709623671e-01,-5.123173617087682999e-03,3.937030378044289341e-04,-7.201230608638138023e-04,1.246627594038511296e-04
3.943750000000000089e+00,6.045160443771342429e-01,-1.053528448807903792e-02,9.450927050245081992e-03,5.984754647987218235e-01,-5.094412273931855917e-03,3.892281246335353522e-04,-7.118652162670928863e-04,1.232527667099706501e-04
3.950000000000000178e+00,6.044503830941467815e-01,-1.047638092805481917e-02,9.398261291517103627e-03,5.984437141837967156e-01,-5.065811126905700283e-03,3.848045230067037928e-04,-7.037031775473736889e-04,1.218588340140304698e-04
3.956250000000000266e+00,6.043850889316980668e-01,-1.041780560948262456e-02,9.345889510353979149e-03,5.984121418277548177e-01,-5.037369282837025376e-03,3.804316376707692461e-04,-6.956358162356207631e-04,1.204807766577544918e-04
3.962500000000000355e+00,6.043201598440098854e-01,-1.035955670015376896e-02,9.293810059957795244e-03,5.983807467377308953e-01,-5.009085853544923903e-03,3.761088803830702626e-04,-6.876620174117900174e-04,1.191184121324963366e-04
3.968750000000000000e+00,6.042555937967234447e-01,-1.030163237812299105e-02,9.242021302824981674e-03,5.983495279263951749e-01,-4.980959955811751876e-03,3.718356698272896020e-04,-6.797806795382776990e-04,1.177715600538150047e-04
3.975000000000000089e+00,6.041913887668352023e-01,-1.024403083165050486e-02,9.190521610693010157e-03,5.983184844119227019e-01,-4.952990711355257682e-03,3.676114315303279654e-04,-6.719907142954713178e-04,1.164400421363567985e-04
3.981250000000000178e+00,6.041275427426329170e-01,-1.018675025914443991e-02,9.139309364487450613e-03,5.982876152179621432e-01,-4.925177246800886352e-03,3.634355977802014841e-04,-6.642910464193850593e-04,1.151236821690411331e-04
3.987500000000000266e+00,6.040640537236332541e-01,-1.012978886910355890e-02,9.088382954269284136e-03,5.982569193736059221e-01,-4.897518693654227817e-03,3.593076075449452410e-04,-6.566806135413395676e-04,1.138223059905445975e-04
3.993750000000000355e+00,6.040009197205179481e-01,-1.007314488006033279e-02,9.037740779182576803e-03,5.982263959133591325e-01,-4.870014188273621286e-03,3.552269063925133892e-04,-6.491583660296690794e-04,1.125357414650809355e-04
4.000000000000000000e+00,6.039381387550718516e-01,-1.001681652052433674e-02,8.987381247402429288e-03,5.981960438771093402e-01,-4.842662871842927028e-03,3.511929464116627514e-04,-6.417232668334260908e-04,1.112638184584729468e-04
4.006249999999999645e+00,6.038757088601207634e-01,-9.960802028925956619e-03,8.937302776083250883e-03,5.981658623100970518e-01,-4.815463890344429988e-03,3.472051861338054787e-04,-6.343742913280558038e-04,1.100063688145122185e-04
4.012500000000000178e+00,6.038136280794690336e-01,-9.905099653560432010e-03,8.887503791307331882e-03,5.981358502628852936e-01,-4.788416394531919487e-03,3.432630904558219335e-04,-6.271104271630181240e-04,1.087632263316039326e-04
4.018750000000000711e+00,6.037518944678388344e-01,-9.849707652532240995e-03,8.837982728033745572e-03,5.981060067913299694e-01,-4.761519539903919830e-03,3.393661305638204055e-04,-6.199306741113328172e-04,1.075342267396931601e-04
4.025000000000000355e+00,6.036905060908086540e-01,-9.794624293699755527e-03,8.788738030047512154e-03,5.980763309565505503e-01,-4.734772486677056233e-03,3.355137838578290798e-04,-6.128340439210159477e-04,1.063192076774681821e-04
4.031250000000000000e+00,6.036294610247523451e-01,-9.739847854620228146e-03,8.739768149909073192e-03,5.980468218249004320e-01,-4.708174399759575135e-03,3.317055338774104974e-04,-6.058195601683865651e-04,1.051180086698379245e-04
4.037500000000000533e+00,6.035687573567788400e-01,-9.685376622495115231e-03,8.691071548904078306e-03,5.980174784679376243e-01,-4.681724448725028444e-03,3.279408702281895113e-04,-5.988862581132249922e-04,1.039304711056812560e-04
4.043750000000000178e+00,6.035083931846724203e-01,-9.631208894115728114e-03,8.642646696993494526e-03,5.979882999623957751e-01,-4.655421807786106966e-03,3.242192885092810210e-04,-5.920331845557541984e-04,1.027564382158637732e-04
4.049999999999999822e+00,6.034483666168323213e-01,-9.577342975809113174e-03,8.594492072763923809e-03,5.979592853901554150e-01,-4.629265655768592669e-03,3.205402902416013868e-04,-5.852593976954118416e-04,1.015957550515175171e-04
4.056250000000000355e+00,6.033886757722134453e-01,-9.523777183384325717e-03,8.546606163378296997e-03,5.979304338382149808e-01,-4.603255176085492215e-03,3.169033827970613539e-04,-5.785639669914063648e-04,1.004482684625831486e-04
4.062500000000000000e+00,6.033293187802676316e-01,-9.470509842079005702e-03,8.498987464526845323e-03,5.979017443986623936e-01,-4.577389556711311015e-03,3.133080793286256347e-04,-5.719459730250262474e-04,9.931382707661001513e-05
4.068749999999999645e+00,6.032702937808845922e-01,-9.417539286506180704e-03,8.451634480378304379e-03,5.978732161686464153e-01,-4.551667990156446977e-03,3.097538987012221244e-04,-5.654045073636696688e-04,9.819228127780931013e-05
4.075000000000000178e+00,6.032115989243336251e-01,-9.364863860601457465e-03,8.404545723531466755e-03,5.978448482503486705e-01,-4.526089673441757721e-03,3.062403654235012411e-04,-5.589386724265916562e-04,9.708348318636027231e-05
4.081250000000000711e+00,6.031532323712052168e-01,-9.312481917570496204e-03,8.357719714967008773e-03,5.978166397509552255e-01,-4.500653808073271783e-03,3.027670095804273903e-04,-5.525475813523344571e-04,9.598728663796465333e-05
4.087500000000000355e+00,6.030951922923537545e-01,-9.260391819836760741e-03,8.311154983999579152e-03,5.977885897826287209e-01,-4.475359600017021246e-03,2.993333667666928512e-04,-5.462303578678182579e-04,9.490354716364587657e-05
4.093750000000000000e+00,6.030374768688395726e-01,-9.208591938989560063e-03,8.264850068230170446e-03,5.977606974624809499e-01,-4.450206259674025291e-03,2.959389780209440010e-04,-5.399861361590738195e-04,9.383212196979063690e-05
4.100000000000000533e+00,6.029800842918722203e-01,-9.157080655732429894e-03,8.218803513498787114e-03,5.977329619125446580e-01,-4.425193001855423809e-03,2.925833897608126144e-04,-5.338140607435998969e-04,9.277286991843048866e-05
4.106250000000000178e+00,6.029230127627533964e-01,-9.105856359831802221e-03,8.173013873837415427e-03,5.977053822597462318e-01,-4.400319045757761054e-03,2.892661537187402564e-04,-5.277132863443208342e-04,9.172565150775997952e-05
4.112499999999999822e+00,6.028662604928206603e-01,-9.054917450065907286e-03,8.127479711423191144e-03,5.976779576358787205e-01,-4.375583614938366450e-03,2.859868268785815113e-04,-5.216829777651159263e-04,9.069032885288704740e-05
4.118750000000000355e+00,6.028098257033910334e-01,-9.004262334174036389e-03,8.082199596531917593e-03,5.976506871775740803e-01,-4.350985937290921014e-03,2.827449714129842608e-04,-5.157223097679148032e-04,8.966676566681546390e-05
4.125000000000000000e+00,6.027537066257055987e-01,-8.953889428806094397e-03,8.037172107491845699e-03,5.976235700262767514e-01,-4.326525245021147804e-03,2.795401546215330220e-04,-5.098304669513321636e-04,8.865482724165504142e-05
4.131249999999999645e+00,6.026979015008733231e-01,-8.903797159472363887e-03,7.992395830637676057e-03,5.975966053282161239e-01,-4.302200774622620336e-03,2.763719488696426627e-04,-5.040066436308130197e-04,8.765438043005567385e-05
4.137500000000000178e+00,6.026424085798164354e-01,-8.853983960493638783e-03,7.947869360264880195e-03,5.975697922343804480e-01,-4.278011766852729721e-03,2.732399315281999991e-04,-4.982500437202848744e-04,8.666529362686500751e-05
4.143750000000000711e+00,6.025872261232149141e-01,-8.804448274951619940e-03,7.903591298584287245e-03,5.975431299004899666e-01,-4.253957466708788854e-03,2.701436849139401031e-04,-4.925598806152889668e-04,8.568743675100551392e-05
4.150000000000000355e+00,6.025323524014527532e-01,-8.755188554639569201e-03,7.859560255676918683e-03,5.975166174869702695e-01,-4.230037123404258026e-03,2.670827962305467483e-04,-4.869353770775690653e-04,8.472068122756783387e-05
4.156250000000000000e+00,6.024777856945625620e-01,-8.706203260013256617e-03,7.815774849449074607e-03,5.974902541589264260e-01,-4.206249990345104980e-03,2.640568575104698928e-04,-4.813757651211021953e-04,8.376489997011852238e-05
4.162500000000000533e+00,6.024235242921724964e-01,-8.657490860142195641e-03,7.772233705587712309e-03,5.974640390861166717e-01,-4.182595325106307216e-03,2.610654655574522307e-04,-4.758802858995555261e-04,8.281996736321983656e-05
4.168750000000000178e+00,6.023695664934523020e-01,-8.609049832661181886e-03,7.728935457516105875e-03,5.974379714429264299e-01,-4.159072389408500006e-03,2.581082218897555415e-04,-4.704481895951500106e-04,8.188575924515880159e-05
4.174999999999999822e+00,6.023159106070596902e-01,-8.560878663722027923e-03,7.685878746349687936e-03,5.974120504083423322e-01,-4.135680449094715494e-03,2.551847326840734481e-04,-4.650787353089028586e-04,8.096215289088142127e-05
4.181250000000000355e+00,6.022625549510874921e-01,-8.512975847945658883e-03,7.643062220852221873e-03,5.973862751659270165e-01,-4.112418774107292653e-03,2.522946087201296617e-04,-4.597711909522471103e-04,8.004902699513215519e-05
4.187500000000000000e+00,6.022094978530107001e-01,-8.465339888374452670e-03,7.600484537392226438e-03,5.973606449037927035e-01,-4.089286638464909550e-03,2.494374653259490821e-04,-4.545248331400021245e-04,7.914626165579479995e-05
4.193749999999999645e+00,6.021567376496342883e-01,-8.417969296424816089e-03,7.558144359899592914e-03,5.973351588145768831e-01,-4.066283320239723158e-03,2.466129223237903162e-04,-4.493389470846715110e-04,7.825373835743126448e-05
4.200000000000000178e+00,6.021042726870408091e-01,-8.370862591840073225e-03,7.516040359822525815e-03,5.973098160954161129e-01,-4.043408101534661826e-03,2.438206039767382583e-04,-4.442128264920651979e-04,7.737133995501798171e-05
4.206250000000000711e+00,6.020521013205383243e-01,-8.324018302643631378e-03,7.474171216084712563e-03,5.972846159479213712e-01,-4.020660268460845253e-03,2.410601389359444272e-04,-4.391457734582204287e-04,7.649895065787644681e-05
4.212500000000000355e+00,6.020002219146091127e-01,-8.277434965092370783e-03,7.432535615042730817e-03,5.972595575781529664e-01,-3.998039111115119816e-03,2.383311601885060879e-04,-4.341370983676035803e-04,7.563645601379503567e-05
4.218750000000000000e+00,6.019486328428584887e-01,-8.231111123630317078e-03,7.391132250443703013e-03,5.972346401965956675e-01,-3.975543923557718802e-03,2.356333050059776534e-04,-4.291861197925786551e-04,7.478374289334027421e-05
4.225000000000000533e+00,6.018973324879630660e-01,-8.185045330842586134e-03,7.349959823383217170e-03,5.972098630181341683e-01,-3.953174003790065755e-03,2.329662148935078873e-04,-4.242921643941299781e-04,7.394069947435578309e-05
4.231250000000000178e+00,6.018463192416207974e-01,-8.139236147409613376e-03,7.309017042263505314e-03,5.971852252620284407e-01,-3.930928653732696648e-03,2.303295355395942076e-04,-4.194545668238194749e-04,7.310721522664621441e-05
4.237499999999999822e+00,6.017955915045001269e-01,-8.093682142061573923e-03,7.268302622751807510e-03,5.971607261518888654e-01,-3.908807179203292216e-03,2.277229167664426531e-04,-4.146726696269572806e-04,7.228318089684267027e-05
4.243750000000000355e+00,6.017451476861899184e-01,-8.048381891533130592e-03,7.227815287739040341e-03,5.971363649156528064e-01,-3.886808889894850360e-03,2.251460124809323733e-04,-4.099458231469813420e-04,7.146848849344968459e-05
4.250000000000000000e+00,6.016949862051493847e-01,-8.003333980518428231e-03,7.187553767298692636e-03,5.971121407855597418e-01,-3.864933099353987361e-03,2.225984806261742345e-04,-4.052733854310252518e-04,7.066303127207032575e-05
4.256249999999999645e+00,6.016451054886587935e-01,-7.958537001626294488e-03,7.147516798645925026e-03,5.970880529981276164e-01,-3.843179124959334933e-03,2.200799831336525093e-04,-4.006547221366525756e-04,6.986670372080631660e-05
4.262500000000000178e+00,6.015955039727700626e-01,-7.913989555335751089e-03,7.107703126096946190e-03,5.970641007941286382e-01,-3.821546287900080829e-03,2.175901858759493254e-04,-3.960892064397547444e-04,6.907940154583306334e-05
4.268750000000000711e+00,6.015461801022575772e-01,-7.869690249951766248e-03,7.068111501028630228e-03,5.970402834185659646e-01,-3.800033913154636511e-03,2.151287586200405699e-04,-3.915762189435913177e-04,6.830102165714636788e-05
4.275000000000000355e+00,6.014971323305693396e-01,-7.825637701561251672e-03,7.028740681838336994e-03,5.970166001206498319e-01,-3.778641329469403266e-03,2.126953749811554158e-04,-3.871151475889559180e-04,6.753146215447831632e-05
4.281250000000000000e+00,6.014483591197786749e-01,-7.781830533989279007e-03,6.989589433903977897e-03,5.969930501537739076e-01,-3.757367869337666262e-03,2.102897123771939694e-04,-3.827053875654560762e-04,6.677062231338086646e-05
4.287500000000000533e+00,6.013998589405360473e-01,-7.738267378755602464e-03,6.950656529544328027e-03,5.969696327754921983e-01,-3.736212868978613499e-03,2.079114519836972096e-04,-3.783463412238951672e-04,6.601840257147538601e-05
4.293750000000000178e+00,6.013516302720209872e-01,-7.694946875031413031e-03,6.911940747979576811e-03,5.969463472474959564e-01,-3.715175668316481831e-03,2.055602786893614682e-04,-3.740374179897407170e-04,6.527470451486589169e-05
4.299999999999999822e+00,6.013036716018941297e-01,-7.651867669596293907e-03,6.873440875292059944e-03,5.969231928355900330e-01,-3.694255610959787557e-03,2.032358810520874489e-04,-3.697780342776588593e-04,6.453943086471294009e-05
4.306250000000000355e+00,6.012559814262503632e-01,-7.609028416795469117e-03,6.835155704387269743e-03,5.969001688096705616e-01,-3.673452044180707931e-03,2.009379512555629444e-04,-3.655676134071123950e-04,6.381248546396799397e-05
4.312500000000000000e+00,6.012085582495712011e-01,-7.566427778497302782e-03,6.797084034955091884e-03,5.968772744437016442e-01,-3.652764318894571524e-03,1.986661850663700368e-04,-3.614055855190036973e-04,6.309377326426564834e-05
4.318749999999999645e+00,6.011614005846783737e-01,-7.524064424050975336e-03,6.759224673431216482e-03,5.968545090156929245e-01,-3.632191789639444002e-03,1.964202817916068061e-04,-3.572913874933430546e-04,6.238320031297046387e-05
4.325000000000000178e+00,6.011145069526865337e-01,-7.481937030244465922e-03,6.721576432958824114e-03,5.968318718076769391e-01,-3.611733814555851373e-03,1.941999442370236008e-04,-3.532244628679412054e-04,6.168067374037878691e-05
4.331250000000000711e+00,6.010678758829576251e-01,-7.440044281262758567e-03,6.684138133350490431e-03,5.968093621056865805e-01,-3.591389755366616865e-03,1.920048786656638150e-04,-3.492042617581060074e-04,6.098610174707239177e-05
4.337500000000000355e+00,6.010215059130540327e-01,-7.398384868646264330e-03,6.646908601050290251e-03,5.967869791997326701e-01,-3.571158977356798415e-03,1.898347947570022871e-04,-3.452302407773294706e-04,6.029939359142192577e-05
4.343750000000000000e+00,6.009753955886933952e-01,-7.356957491249482839e-03,6.609886669096117634e-03,5.967647223837824200e-01,-3.551040849353741084e-03,1.876894055665763331e-04,-3.413018629589544754e-04,5.962045957723865970e-05
4.350000000000000533e+00,6.009295434637028643e-01,-7.315760855199918838e-03,6.573071177082251415e-03,5.967425909557362296e-01,-3.531034743707250467e-03,1.855684274861045622e-04,-3.374185976788114725e-04,5.894921104157322891e-05
4.356250000000000178e+00,6.008839480999733640e-01,-7.274793673857237256e-03,6.536460971122141916e-03,5.967205842174067021e-01,-3.511140036269884499e-03,1.834715802040865363e-04,-3.335799205788102023e-04,5.828556034265922384e-05
4.362499999999999822e+00,6.008386080674151808e-01,-7.234054667772603017e-03,6.500054903811365928e-03,5.966987014744965512e-01,-3.491356106377327233e-03,1.813985866668741927e-04,-3.297853134914700618e-04,5.762942084799893300e-05
4.368750000000000355e+00,6.007935219439123342e-01,-7.193542564648295820e-03,6.463851834190841028e-03,5.966769420365766186e-01,-3.471682336828900515e-03,1.793491730402150034e-04,-3.260342643653860303e-04,5.698070692259125198e-05
4.375000000000000000e+00,6.007486883152789447e-01,-7.153256099297561690e-03,6.427850627710260216e-03,5.966553052170644467e-01,-3.452118113868186261e-03,1.773230686712577091e-04,-3.223262671916136729e-04,5.633933391729914957e-05
4.381249999999999645e+00,6.007041057752141588e-01,-7.113194013604634547e-03,6.392050156191684401e-03,5.966337903332029624e-01,-3.432662827163730258e-03,1.753200060510130387e-04,-3.186608219309569590e-04,5.570521815735419741e-05
4.387500000000000178e+00,6.006597729252582951e-01,-7.073355056485043993e-03,6.356449297793398574e-03,5.966123967060390498e-01,-3.413315869789880844e-03,1.733397207772684656e-04,-3.150374344421571072e-04,5.507827693099817662e-05
4.393750000000000711e+00,6.006156883747493236e-01,-7.033737983846131275e-03,6.321046936973967467e-03,5.965911236604022339e-01,-3.394076638207736002e-03,1.713819515179487881e-04,-3.114556164109650552e-04,5.445842847825911880e-05
4.400000000000000355e+00,6.005718507407789009e-01,-6.994341558547779482e-03,6.285841964456481169e-03,5.965699705248833640e-01,-3.374944532246179369e-03,1.694464399749160820e-04,-3.079148852800855192e-04,5.384559197985995164e-05
4.406250000000000000e+00,6.005282586481490714e-01,-6.955164550363355375e-03,6.250833277193011510e-03,5.965489366318144082e-01,-3.355918955083031160e-03,1.675329308482049345e-04,-3.044147641799835910e-04,5.323968754625854312e-05
4.412500000000000533e+00,6.004849107293296351e-01,-6.916205735940901024e-03,6.216019778329287884e-03,5.965280213172465817e-01,-3.336999313226310989e-03,1.656411718006884574e-04,-3.009547818605446561e-04,5.264063620681777545e-05
4.418750000000000178e+00,6.004418056244145152e-01,-6.877463898764552691e-03,6.181400377169588185e-03,5.965072239209303628e-01,-3.318185016495610404e-03,1.637709134231690646e-04,-2.975344726235754902e-04,5.204835989910394103e-05
4.424999999999999822e+00,6.003989419810799033e-01,-6.838937829116122774e-03,6.146973989141782391e-03,5.964865437862943987e-01,-3.299475478003546965e-03,1.619219091998862334e-04,-2.941533762561309210e-04,5.146278145831098045e-05
4.431250000000000355e+00,6.003563184545416265e-01,-6.800626324036954107e-03,6.112739535762632022e-03,5.964659802604250771e-01,-3.280870114137344508e-03,1.600939154744405448e-04,-2.908110379646648095e-04,5.088382460681063708e-05
4.437500000000000000e+00,6.003139337075127369e-01,-6.762528187289986760e-03,6.078695944603281290e-03,5.964455326940465429e-01,-3.262368344540521412e-03,1.582866914161270926e-04,-2.875070083099895749e-04,5.031141394382615637e-05
4.443749999999999645e+00,6.002717864101619893e-01,-6.724642229321997448e-03,6.044842149254908703e-03,5.964252004414996033e-01,-3.243969592094652146e-03,1.564999989866701813e-04,-2.842408431430308731e-04,4.974547493522738878e-05
4.450000000000000178e+00,6.002298752400719861e-01,-6.686967267226090472e-03,6.011177089294620669e-03,5.964049828607221881e-01,-3.225673282901260659e-03,1.547336029073596950e-04,-2.810121035413756406e-04,4.918593390344728268e-05
4.456250000000000711e+00,6.001881988821980984e-01,-6.649502124704410704e-03,5.977699710251535049e-03,5.963848793132291437e-01,-3.207478846263810482e-03,1.529872706265812210e-04,-2.778203557465978358e-04,4.863271801751742942e-05
4.462500000000000355e+00,6.001467560288266112e-01,-6.612245632031030045e-03,5.944408963573046857e-03,5.963648891640920269e-01,-3.189385714669785467e-03,1.512607722877344803e-04,-2.746651711023522305e-04,4.808575528322106812e-05
4.468750000000000000e+00,6.001055453795344219e-01,-6.575196626015058533e-03,5.911303806591282177e-03,5.963450117819195651e-01,-3.171393323772872877e-03,1.495538806975361891e-04,-2.715461259932269787e-04,4.754497453336244573e-05
4.475000000000000533e+00,6.000645656411478512e-01,-6.538353949963975759e-03,5.878383202489770656e-03,5.963252465388377832e-01,-3.153501112375256630e-03,1.478663712947040449e-04,-2.684628017843484061e-04,4.701030541815134645e-05
4.481250000000000178e+00,6.000238155277025642e-01,-6.501716453647183452e-03,5.845646120270313155e-03,5.963055928104704639e-01,-3.135708522410010721e-03,1.461980221190157918e-04,-2.654147847617262549e-04,4.648167839570132686e-05
4.487499999999999822e+00,5.999832937604030469e-01,-6.465282993259706401e-03,5.813091534719995977e-03,5.962860499759194965e-01,-3.118014998923573314e-03,1.445486137807366976e-04,-2.624016660733258862e-04,4.595902472263934600e-05
4.493750000000000355e+00,5.999429990675821944e-01,-6.429052431386160504e-03,5.780718426378441029e-03,5.962666174177454481e-01,-3.100419990058336621e-03,1.429179294304154437e-04,-2.594230416708668435e-04,4.544227644482701412e-05
4.500000000000000000e+00,5.999029301846623419e-01,-6.393023636964909918e-03,5.748525781505246790e-03,5.962472945219484677e-01,-3.082922947035339999e-03,1.413057547290413787e-04,-2.564785122523335751e-04,4.493136638819121033e-05
4.506249999999999645e+00,5.998630858541150745e-01,-6.357195485252390733e-03,5.716512592047568939e-03,5.962280806779491904e-01,-3.065523324137033306e-03,1.397118778185566044e-04,-2.535676832051864419e-04,4.442622814966232757e-05
4.512500000000000178e+00,5.998234648254217038e-01,-6.321566857787680981e-03,5.684677855607935155e-03,5.962089752785689756e-01,-3.048220578690164287e-03,1.381360892927234094e-04,-2.506901645502713312e-04,4.392679608821994854e-05
4.518750000000000711e+00,5.997840658550348536e-01,-6.286136642357262327e-03,5.653020575412241212e-03,5.961899777200120321e-01,-3.031014171048755299e-03,1.365781821683392165e-04,-2.478455708864152991e-04,4.343300531604413645e-05
4.525000000000000355e+00,5.997448877063386030e-01,-6.250903732959965653e-03,5.621539760277906653e-03,5.961710874018454343e-01,-3.013903564577168504e-03,1.350379518567954116e-04,-2.450335213356977801e-04,4.294479168977068041e-05
4.531250000000000000e+00,5.997059291496104061e-01,-6.215867029772109177e-03,5.590234424582223027e-03,5.961523037269810255e-01,-2.996888225633266480e-03,1.335151961359756366e-04,-2.422536394893912636e-04,4.246209180184943493e-05
4.537500000000000533e+00,5.996671889619824558e-01,-6.181025439112862972e-03,5.559103588230899021e-03,5.961336261016567661e-01,-2.979967623551676471e-03,1.320097151224911068e-04,-2.395055533545639302e-04,4.198484297200481152e-05
4.543750000000000178e+00,5.996286659274033815e-01,-6.146377873409806028e-03,5.528146276626787724e-03,5.961150539354178601e-01,-2.963141230627149621e-03,1.305213112442477476e-04,-2.367888953013353576e-04,4.151298323879687083e-05
4.549999999999999822e+00,5.995903588365998349e-01,-6.111923251164636840e-03,5.497361520638759623e-03,5.960965866410983249e-01,-2.946408522097996967e-03,1.290497892133387822e-04,-2.341033020107725828e-04,4.104645135128126001e-05
4.556250000000000355e+00,5.995522664870392981e-01,-6.077660496919123391e-03,5.466748356570793298e-03,5.960782236348032281e-01,-2.929768976129633849e-03,1.275949559992633391e-04,-2.314484144234261965e-04,4.058518676076794130e-05
4.562500000000000000e+00,5.995143876828918916e-01,-6.043588541221241346e-03,5.436305826131238722e-03,5.960599643358893696e-01,-2.913222073798222341e-03,1.261566208024643562e-04,-2.288238776884940549e-04,4.012912961267694312e-05
4.568749999999999645e+00,5.994767212349931818e-01,-6.009706320591470113e-03,5.406032976402230621e-03,5.960418081669484058e-01,-2.896767299074380457e-03,1.247345950281805792e-04,-2.262293411136023357e-04,3.967822073848938547e-05
4.575000000000000178e+00,5.994392659608068774e-01,-5.976012777489307475e-03,5.375928859809300450e-03,5.960237545537877546e-01,-2.880404138807007158e-03,1.233286922606123548e-04,-2.236644581152022319e-04,3.923240164779383374e-05
4.581250000000000711e+00,5.994020206843878595e-01,-5.942506860279983712e-03,5.345992534091176598e-03,5.960058029254132750e-01,-2.864132082707192793e-03,1.219387282373952561e-04,-2.211288861695711152e-04,3.879161452042611760e-05
4.587500000000000355e+00,5.993649842363452107e-01,-5.909187523201337930e-03,5.316223062269724228e-03,5.959879527140110600e-01,-2.847950623332213670e-03,1.205645208243774066e-04,-2.186222867644095223e-04,3.835580219870137478e-05
4.593750000000000000e+00,5.993281554538062439e-01,-5.876053726330878260e-03,5.286619512620072472e-03,5.959702033549298950e-01,-2.831859256069615104e-03,1.192058899906973718e-04,-2.161443253510279751e-04,3.792490817973747958e-05
4.600000000000000533e+00,5.992915331803789769e-01,-5.843104435553056301e-03,5.257180958640922906e-03,5.959525542866639380e-01,-2.815857479121393770e-03,1.178626577841598681e-04,-2.136946712971176429e-04,3.749887660786892089e-05
4.606250000000000178e+00,5.992551162661169384e-01,-5.810338622526724575e-03,5.227906479025030625e-03,5.959350049508342906e-01,-2.799944793488268972e-03,1.165346483069050872e-04,-2.112729978400964723e-04,3.707765226714995077e-05
4.612499999999999822e+00,5.992189035674829745e-01,-5.777755264652733626e-03,5.198795157629828440e-03,5.959175547921724547e-01,-2.784120702954026756e-03,1.152216876913660516e-04,-2.088789820410200246e-04,3.666118057394527556e-05
4.618750000000000355e+00,5.991828939473129445e-01,-5.745353345041765043e-03,5.169846083448243618e-03,5.959002032585024589e-01,-2.768384714069966387e-03,1.139236040765140301e-04,-2.065123047390564218e-04,3.624940756960836404e-05
4.625000000000000000e+00,5.991470862747807491e-01,-5.713131852482334488e-03,5.141058350579691578e-03,5.958829498007239822e-01,-2.752736336139439619e-03,1.126402275843867124e-04,-2.041726505065150782e-04,3.584227991324574644e-05
4.631249999999999645e+00,5.991114794253625808e-01,-5.681089781408940435e-03,5.112431058201198815e-03,5.958657938727947023e-01,-2.737175081202452426e-03,1.113713902968940350e-04,-2.018597076044193741e-04,3.543974487456575241e-05
4.637500000000000178e+00,5.990760722808020633e-01,-5.649226131870429754e-03,5.083963310538720110e-03,5.958487349317138637e-01,-2.721700464020376884e-03,1.101169262329017653e-04,-1.995731679386222456e-04,3.504175032681179647e-05
4.643750000000000711e+00,5.990408637290748350e-01,-5.617539909498545439e-03,5.055654216838632690e-03,5.958317724375046254e-01,-2.706312002060742850e-03,1.088766713255873842e-04,-1.973127270164550917e-04,3.464824473977850324e-05
4.650000000000000355e+00,5.990058526643539105e-01,-5.586030125476625259e-03,5.027502891339357023e-03,5.958149058531979625e-01,-2.691009215482111604e-03,1.076504634000645784e-04,-1.950780839039019247e-04,3.425917717290961548e-05
4.656250000000000000e+00,5.989710379869754853e-01,-5.554695796508479083e-03,4.999508453243159747e-03,5.957981346448151250e-01,-2.675791627119027127e-03,1.064381421512738111e-04,-1.928689411832936926e-04,3.387449726847685804e-05
4.662500000000000533e+00,5.989364186034037418e-01,-5.523535944787466567e-03,4.971670026688123148e-03,5.957814582813514281e-01,-2.660658762467069290e-03,1.052395491221363386e-04,-1.906850049115176526e-04,3.349415524483911416e-05
4.668750000000000178e+00,5.989019934261975431e-01,-5.492549597965743977e-03,4.943986740720283761e-03,5.957648762347598215e-01,-2.645610149667985533e-03,1.040545276819680574e-04,-1.885259845787341229e-04,3.311810188978065367e-05
4.674999999999999822e+00,5.988677613739755712e-01,-5.461735789123651520e-03,4.916457729265891544e-03,5.957483879799336801e-01,-2.630645319494891079e-03,1.028829230051481918e-04,-1.863915930675916438e-04,3.274628855392701707e-05
4.681250000000000355e+00,5.988337213713830209e-01,-5.431093556739312322e-03,4.889082131103870271e-03,5.957319929946912618e-01,-2.615763805337570184e-03,1.017245820500429734e-04,-1.842815466129395425e-04,3.237866714423861674e-05
4.687500000000000000e+00,5.987998723490578490e-01,-5.400621944658400529e-03,4.861859089838428856e-03,5.957156907597588313e-01,-2.600965143187860661e-03,1.005793535381794044e-04,-1.821955647620288770e-04,3.201519011758053706e-05
4.693749999999999645e+00,5.987662132435971341e-01,-5.370320002064043856e-03,4.834787753871801035e-03,5.956994807587545626e-01,-2.586248871625099980e-03,9.944708793366500012e-05,-1.801333703351934922e-04,3.165581047436728015e-05
4.700000000000000178e+00,5.987327429975242143e-01,-5.340186783446930832e-03,4.807867276377168937e-03,5.956833624781726622e-01,-2.571614531801673289e-03,9.832763742285302133e-05,-1.780946893870100761e-04,3.130048175228242988e-05
4.706250000000000711e+00,5.986994605592550478e-01,-5.310221348575589785e-03,4.781096815271747118e-03,5.956673354073668269e-01,-2.557061667428640796e-03,9.722085589424900971e-05,-1.760792511679284890e-04,3.094915802007179774e-05
4.712500000000000355e+00,5.986663648830657936e-01,-5.280422762466807467e-03,4.754475533189994954e-03,5.956513990385348123e-01,-2.542589824761436277e-03,9.612659891865492606e-05,-1.740867880863655617e-04,3.060179387140913568e-05
4.718750000000000000e+00,5.986334549290600604e-01,-5.250790095356229828e-03,4.728002597456994714e-03,5.956355528667023336e-01,-2.528198552585645808e-03,9.504472372954877730e-05,-1.721170356712582706e-04,3.025834441883359946e-05
4.725000000000000533e+00,5.986007296631359331e-01,-5.221322422669126724e-03,4.701677180061984013e-03,5.956197963897073011e-01,-2.513887402202877146e-03,9.397508920369757729e-05,-1.701697325350706779e-04,2.991876528775844064e-05
4.731250000000000178e+00,5.985681880569542201e-01,-5.192018824991343970e-03,4.675498457632057403e-03,5.956041291081841660e-01,-2.499655927416707165e-03,9.291755584200011783e-05,-1.682446203372494340e-04,2.958301261054987021e-05
4.737499999999999822e+00,5.985358290879058130e-01,-5.162878388040369020e-03,4.649465611405973788e-03,5.955885505255483769e-01,-2.485503684518692614e-03,9.187198575055556548e-05,-1.663414437481183544e-04,2.925104302067475551e-05
4.743750000000000355e+00,5.985036517390800448e-01,-5.133900202636604813e-03,4.623577827208151178e-03,5.955730601479807262e-01,-2.471430232274474115e-03,9.083824262195751818e-05,-1.644599504132123965e-04,2.892281364691723507e-05
4.750000000000000000e+00,5.984716549992328272e-01,-5.105083364674800617e-03,4.597834295422815847e-03,5.955576574844120286e-01,-2.457435131909963422e-03,8.981619171680978121e-05,-1.625998909180425796e-04,2.859828210766299456e-05
4.756249999999999645e+00,5.984398378627546755e-01,-5.076426975095608626e-03,4.572234210968253824e-03,5.955423420465079110e-01,-2.443517947097584471e-03,8.880569984545960704e-05,-1.607610187532846930e-04,2.827740650524994320e-05
4.762500000000000178e+00,5.984081993296396229e-01,-5.047930139857340938e-03,4.546776773271258426e-03,5.955271133486533808e-01,-2.429678243942615026e-03,8.780663534994856162e-05,-1.589430902803904897e-04,2.796014542038540612e-05
4.768750000000000711e+00,5.983767384054541338e-01,-5.019591969907876566e-03,4.521461186241705274e-03,5.955119709079376156e-01,-2.415915590969597727e-03,8.681886808617680234e-05,-1.571458646976144828e-04,2.764645790662848733e-05
4.775000000000000355e+00,5.983454541013054628e-01,-4.991411581156713316e-03,4.496286658247270439e-03,5.954969142441391972e-01,-2.402229559108823125e-03,8.584226940627794869e-05,-1.553691040064494855e-04,2.733630348493678016e-05
4.781250000000000000e+00,5.983143454338109013e-01,-4.963388094447180980e-03,4.471252402088285623e-03,5.954819428797105685e-01,-2.388619721682888608e-03,8.487671214120228239e-05,-1.536125729784676159e-04,2.702964213827679143e-05
4.787500000000000533e+00,5.982834114250673574e-01,-4.935520635528815869e-03,4.446357634972752070e-03,5.954670563397639338e-01,-2.375085654393337999e-03,8.392207058350671840e-05,-1.518760391225623750e-04,2.672643430629751711e-05
4.793750000000001066e+00,5.982526511026204918e-01,-4.907808335029907078e-03,4.421601578491505397e-03,5.954522541520554935e-01,-2.361626935307377471e-03,8.297822047034810453e-05,-1.501592726525858082e-04,2.642664088006623079e-05
4.800000000000000711e+00,5.982220634994342978e-01,-4.880250328430165915e-03,4.396983458593495785e-03,5.954375358469714552e-01,-2.348243144844660863e-03,8.204503896667705778e-05,-1.484620464553751396e-04,2.613022319686558381e-05
4.806250000000000355e+00,5.981916476538609029e-01,-4.852845756033561872e-03,4.372502505561218222e-03,5.954229009575130460e-01,-2.334933865764143510e-03,8.112240464863050777e-05,-1.467841360591647039e-04,2.583714303505145457e-05
4.812500000000000000e+00,5.981614026096107040e-01,-4.825593762941322515e-03,4.348157953986301477e-03,5.954083490192819683e-01,-2.321698683151024543e-03,8.021019748712103655e-05,-1.451253196023801688e-04,2.554736260897104563e-05
4.818749999999999645e+00,5.981313274157221693e-01,-4.798493499025076499e-03,4.323949042745214161e-03,5.953938795704658560e-01,-2.308537184403753380e-03,7.930829883161958575e-05,-1.434853778028073214e-04,2.526084456394012739e-05
4.825000000000000178e+00,5.981014211265320846e-01,-4.771544118900143162e-03,4.299875014975118245e-03,5.953794921518238414e-01,-2.295448959221107338e-03,7.841659139412976941e-05,-1.418640939271327095e-04,2.497755197127889988e-05
4.831250000000000711e+00,5.980716828016464648e-01,-4.744744781898988656e-03,4.275935118049872634e-03,5.953651863066725669e-01,-2.282433599589350336e-03,7.753495923335177310e-05,-1.402612537608517458e-04,2.469744832340592711e-05
4.837500000000000355e+00,5.980421115059104675e-01,-4.718094652044817379e-03,4.252128603556149487e-03,5.953509615808711963e-01,-2.269490699769456232e-03,7.666328773903268161e-05,-1.386766455785380138e-04,2.442049752898909704e-05
4.843750000000000000e+00,5.980127063093799711e-01,-4.691592898025303063e-03,4.228454727269699738e-03,5.953368175228082038e-01,-2.256619856284400663e-03,7.580146361650145982e-05,-1.371100601144703340e-04,2.414666390815316339e-05
4.850000000000000533e+00,5.979834662872914874e-01,-4.665238693166495060e-03,4.204912749131755646e-03,5.953227536833863853e-01,-2.243820667906534002e-03,7.494937487138693334e-05,-1.355612905336143364e-04,2.387591218774328647e-05
4.856250000000001066e+00,5.979543905200342957e-01,-4.639031215406859941e-03,4.181501933225573869e-03,5.953087696160093145e-01,-2.231092735645024121e-03,7.410691079451595001e-05,-1.340301324029528755e-04,2.360820749664384462e-05
4.862500000000000711e+00,5.979254780931209101e-01,-4.612969647271460139e-03,4.158221547753101696e-03,5.952948648765673534e-01,-2.218435662733360316e-03,7.327396194698929631e-05,-1.325163836631602454e-04,2.334351536115159467e-05
4.868750000000000355e+00,5.978967280971589915e-01,-4.587053175846279168e-03,4.135070865011768182e-03,5.952810390234236637e-01,-2.205849054616932682e-03,7.245042014543348499e-05,-1.310198446006172689e-04,2.308180170040280530e-05
4.875000000000000000e+00,5.978681396278225924e-01,-4.561280992752707319e-03,4.112049161371431408e-03,5.952672916174006623e-01,-2.193332518940684789e-03,7.163617844742700431e-05,-1.295403178197633283e-04,2.282303282185384500e-05
4.881249999999999645e+00,5.978397117858240684e-01,-4.535652294122154843e-03,4.089155717251442834e-03,5.952536222217656992e-01,-2.180885665536830102e-03,7.083113113709789833e-05,-1.280776082157801630e-04,2.256717541681425222e-05
4.887500000000000178e+00,5.978114436768858786e-01,-4.510166280570814326e-03,4.066389817097840025e-03,5.952400304022185118e-01,-2.168508106412639098e-03,7.003517371089098425e-05,-1.266315229476033398e-04,2.231419655603185390e-05
4.893750000000000711e+00,5.977833344117127190e-01,-4.484822157174572256e-03,4.043750749360685084e-03,5.952265157268764595e-01,-2.156199455738299665e-03,6.924820286350329721e-05,-1.252018714112589570e-04,2.206406368532944467e-05
4.900000000000000355e+00,5.977553831059638778e-01,-4.459619133444048950e-03,4.021237806471514992e-03,5.952130777662619776e-01,-2.143959329834837797e-03,6.847011647398444222e-05,-1.237884652135191844e-04,2.181674462129205763e-05
4.906250000000000000e+00,5.977275888802251469e-01,-4.434556423299775528e-03,3.998850284820918560e-03,5.951997160932886999e-01,-2.131787347162105925e-03,6.770081359200078269e-05,-1.223911181458740664e-04,2.157220754700446075e-05
4.912500000000000533e+00,5.976999508599816213e-01,-4.409633245047530486e-03,3.976587484736259122e-03,5.951864302832480247e-01,-2.119683128306844560e-03,6.694019442426164931e-05,-1.210096461588163467e-04,2.133042100783842161e-05
4.918750000000001066e+00,5.976724681755903879e-01,-4.384848821353806367e-03,3.954448710459520372e-03,5.951732199137964585e-01,-2.107646295970813308e-03,6.618816032110540106e-05,-1.196438673364347353e-04,2.109135390728895425e-05
4.925000000000000711e+00,5.976451399622534355e-01,-4.360202379221408270e-03,3.932433270125264106e-03,5.951600845649417382e-01,-2.095676474958979574e-03,6.544461376324277682e-05,-1.182936018713109965e-04,2.085497550285888430e-05
4.931250000000000355e+00,5.976179653599903441e-01,-4.335693149965186809e-03,3.910540475738721530e-03,5.951470238190300632e-01,-2.083773292167772750e-03,6.470945834865631787e-05,-1.169586720397180107e-04,2.062125540199129508e-05
4.937500000000000000e+00,5.975909435136116388e-01,-4.311320369187921983e-03,3.888769643154013807e-03,5.951340372607331064e-01,-2.071936376573415596e-03,6.398259877965430283e-05,-1.156389021771159654e-04,2.039016355804944828e-05
4.943749999999999645e+00,5.975640735726918118e-01,-4.287083276756338025e-03,3.867120092052494899e-03,5.951211244770350239e-01,-2.060165359220311569e-03,6.326394085007655207e-05,-1.143341186539414153e-04,2.016167026634329478e-05
4.950000000000000178e+00,5.975373546915432321e-01,-4.262981116777238809e-03,3.845591145921209777e-03,5.951082850572193550e-01,-2.048459873209498069e-03,6.255339143265061116e-05,-1.130441498516861920e-04,1.993574616020219622e-05
4.956250000000000711e+00,5.975107860291891670e-01,-4.239013137573808924e-03,3.824182132031493132e-03,5.950955185928565871e-01,-2.036819553687172542e-03,6.185085846649702546e-05,-1.117688261392636658e-04,1.971236220709343383e-05
4.962500000000000355e+00,5.974843667493379140e-01,-4.215178591662011899e-03,3.802892381417670876e-03,5.950828246777908337e-01,-2.025244037833272368e-03,6.115625094478075179e-05,-1.105079798496567798e-04,1.949148970478562686e-05
4.968750000000000000e+00,5.974580960203563773e-01,-4.191476735727138470e-03,3.781721228855885672e-03,5.950702029081278432e-01,-2.013732964850119354e-03,6.046947890250790728e-05,-1.092614452568457670e-04,1.927310027755678294e-05
4.975000000000000533e+00,5.974319730152441998e-01,-4.167906830600490165e-03,3.760668012843052573e-03,5.950576528822218991e-01,-2.002285975951136662e-03,5.979045340446601246e-05,-1.080290585530124331e-04,1.905716587244648559e-05
4.981250000000001066e+00,5.974059969116080060e-01,-4.144468141236195592e-03,3.739732075575938688e-03,5.950451742006633848e-01,-1.990902714349625149e-03,5.911908653330601404e-05,-1.068106578260172393e-04,1.884365875555161590e-05
4.987500000000000711e+00,5.973801668916356444e-01,-4.121159936688145557e-03,3.718912762930343032e-03,5.950327664662666827e-01,-1.979582825247598685e-03,5.845529137776373613e-05,-1.056060830371448057e-04,1.863255150836499495e-05
4.993750000000000355e+00,5.973544821420706530e-01,-4.097981490087060016e-03,3.698209424440402140e-03,5.950204292840569620e-01,-1.968325955824681926e-03,5.779898202101968246e-05,-1.044151759991156540e-04,1.842381702415651012e-05
5.000000000000000000e+00,5.973289418541867235e-01,-4.074932078617692077e-03,3.677621413278024491e-03,5.950081622612589660e-01,-1.957131755227077465e-03,5.715007352919584103e-05,-1.032377803543614797e-04,1.821742850439641683e-05
5.006249999999999645e+00,5.973035452237626108e-01,-4.052010983496156030e-03,3.657148086232429873e-03,5.949959650072836892e-01,-1.945999874556589597e-03,5.650848193998712638e-05,-1.020737415535592774e-04,1.801335945522003308e-05
5.012500000000000178e+00,5.972782914510568197e-01,-4.029217489947382012e-03,3.636788803689805418e-03,5.949838371337168308e-01,-1.934929966859706826e-03,5.587412425142616521e-05,-1.009229068344219061e-04,1.781158368393344731e-05
5.018750000000000711e+00,5.972531797407828469e-01,-4.006550887182701651e-03,3.616542929613092601e-03,5.949717782543064715e-01,-1.923921687116756382e-03,5.524691841078021226e-05,-9.978512520074260333e-05,1.761207529555991436e-05
5.025000000000000355e+00,5.972282093020840898e-01,-3.984010468377554258e-03,3.596409831521868352e-03,5.949597879849511939e-01,-1.912974692231106865e-03,5.462678330357779787e-05,-9.866024740168872901e-05,1.741480868942613992e-05
5.031250000000000000e+00,5.972033793485095332e-01,-3.961595530649315335e-03,3.576388880472345429e-03,5.949478659436877592e-01,-1.902088641018434860e-03,5.401363874276400931e-05,-9.754812591134281628e-05,1.721975855578817896e-05
5.037500000000000533e+00,5.971786890979885465e-01,-3.939305375035256039e-03,3.556479451037496391e-03,5.949360117506795609e-01,-1.891263194196057037e-03,5.340740545798329454e-05,-9.644861490848817770e-05,1.702689987249656538e-05
5.043750000000001066e+00,5.971541377728072364e-01,-3.917139306470635365e-03,3.536680921287291193e-03,5.949242250282043010e-01,-1.880498014372320153e-03,5.280800508498774897e-05,-9.536157025663575995e-05,1.683620790170011383e-05
5.050000000000000711e+00,5.971297245995833558e-01,-3.895096633766897704e-03,3.516992672769033660e-03,5.949125054006427771e-01,-1.869792766036046990e-03,5.221536015516919764e-05,-9.428684948428849293e-05,1.664765818658781759e-05
5.056250000000000355e+00,5.971054488092426560e-01,-3.873176669589996172e-03,3.497414090487813328e-03,5.949008524944667808e-01,-1.859147115546039763e-03,5.162939408521391427e-05,-9.322431176544096509e-05,1.646122654816850725e-05
5.062500000000000000e+00,5.970813096369950168e-01,-3.851378730438848215e-03,3.477944562887078268e-03,5.948892659382276626e-01,-1.848560731120650743e-03,5.105003116687884554e-05,-9.217381790031222918e-05,1.627688908208797534e-05
5.068749999999999645e+00,5.970573063223097998e-01,-3.829702136623907432e-03,3.458583481829310708e-03,5.948777453625443412e-01,-1.838033282827404927e-03,5.047719655688728048e-05,-9.113523029630767297e-05,1.609462215548286557e-05
5.075000000000000178e+00,5.970334381088928666e-01,-3.808146212245847300e-03,3.439330242576810193e-03,5.948662904000923124e-01,-1.827564442572680381e-03,4.991081626694269797e-05,-9.010841294920755580e-05,1.591440240387099125e-05
5.081250000000000711e+00,5.970097042446625979e-01,-3.786710285174384530e-03,3.420184243772598619e-03,5.948549006855919918e-01,-1.817153884091453212e-03,4.935081715385993841e-05,-8.909323142458032755e-05,1.573620672807781189e-05
5.087500000000000355e+00,5.969861039817265791e-01,-3.765393687027202181e-03,3.401144887421418510e-03,5.948435758557969466e-01,-1.806801282937091748e-03,4.879712690981130764e-05,-8.808955283941632508e-05,1.556001229119833944e-05
5.093750000000000000e+00,5.969626365763578413e-01,-3.744195753148989864e-03,3.382211578870838401e-03,5.948323155494831260e-01,-1.796506316471209062e-03,4.824967405268690155e-05,-8.709724584398026079e-05,1.538579651559424051e-05
5.100000000000000533e+00,5.969393012889723238e-01,-3.723115822590619250e-03,3.363383726792480970e-03,5.948211194074373154e-01,-1.786268663853576421e-03,4.770838791656792485e-05,-8.611618060388014496e-05,1.521353707992579732e-05
5.106250000000001066e+00,5.969160973841048934e-01,-3.702153238088429742e-03,3.344660743163351772e-03,5.948099870724459226e-01,-1.776088006032095282e-03,4.717319864231143880e-05,-8.514622878234952492e-05,1.504321191621822602e-05
5.112500000000000711e+00,5.968930241303872508e-01,-3.681307346043624727e-03,3.326042043247266853e-03,5.947989181892839872e-01,-1.765964025732817645e-03,4.664403716824485041e-05,-8.418726352274000517e-05,1.487479920696184250e-05
5.118750000000000355e+00,5.968700808005243941e-01,-3.660577496501779288e-03,3.307527045576385324e-03,5.947879124047036337e-01,-1.755896407450023219e-03,4.612083522096922176e-05,-8.323915943122175824e-05,1.470827738224578077e-05
5.125000000000000000e+00,5.968472666712725250e-01,-3.639963043132479325e-03,3.289115171932859016e-03,5.947769693674237468e-01,-1.745884837436360556e-03,4.560352530627036254e-05,-8.230179255969058947e-05,1.454362511692500151e-05
5.131249999999999645e+00,5.968245810234158455e-01,-3.619463343209063880e-03,3.270805847330577557e-03,5.947660887281185360e-01,-1.735929003693034798e-03,4.509204070013589653e-05,-8.137504038887742250e-05,1.438082132781996219e-05
5.137500000000000178e+00,5.968020231417445753e-01,-3.599077757588480669e-03,3.252598499997014052e-03,5.947552701394068775e-01,-1.726028595960053336e-03,4.458631543987721116e-05,-8.045878181165863304e-05,1.421984517094867939e-05
5.143750000000000711e+00,5.967795923150323034e-01,-3.578805650691266067e-03,3.234492561355186563e-03,5.947445132558411007e-01,-1.716183305706529567e-03,4.408628431535538877e-05,-7.955289711656496798e-05,1.406067603879088865e-05
5.150000000000000355e+00,5.967572878360140054e-01,-3.558646390481622242e-03,3.216487466005710227e-03,5.947338177338967746e-01,-1.706392826121035447e-03,4.359188286030926977e-05,-7.865726797148586474e-05,1.390329355758372065e-05
5.156250000000000000e+00,5.967351090013637283e-01,-3.538599348447609653e-03,3.198582651708946085e-03,5.947231832319614941e-01,-1.696656852102006738e-03,4.310304734378473957e-05,-7.777177740756708387e-05,1.374767758464863464e-05
5.162500000000000533e+00,5.967130551116729409e-01,-3.518663899581457935e-03,3.180777559367266999e-03,5.947126094103244442e-01,-1.686975080248208532e-03,4.261971476166431783e-05,-7.689630980330012351e-05,1.359380820574933976e-05
5.168750000000001066e+00,5.966911254714283297e-01,-3.498839422359989546e-03,3.163071633007420724e-03,5.947020959311659638e-01,-1.677347208849253903e-03,4.214182282829563364e-05,-7.603075086880024434e-05,1.344166573248024839e-05
5.175000000000000711e+00,5.966693193889904823e-01,-3.479125298725142292e-03,3.145464319762984913e-03,5.946916424585464434e-01,-1.667772937876169830e-03,4.166930996821727569e-05,-7.517498763027073336e-05,1.329123069968499595e-05
5.181250000000000355e+00,5.966476361765716829e-01,-3.459520914064599835e-03,3.127955069856918398e-03,5.946812486583966662e-01,-1.658251968972015815e-03,4.120211530798117028e-05,-7.432890841465129232e-05,1.314248386290481845e-05
5.187500000000000000e+00,5.966260751502153736e-01,-3.440025657192545376e-03,3.110543336584228706e-03,5.946709141985065949e-01,-1.648784005442562994e-03,4.074017866807069435e-05,-7.349240283444914126e-05,1.299540619585646788e-05
5.193749999999999645e+00,5.966046356297737274e-01,-3.420638920330514206e-03,3.093228576294723697e-03,5.946606387485156020e-01,-1.639368752247018354e-03,4.028344055491273469e-05,-7.266536177274940855e-05,1.284997888793919772e-05
5.200000000000000178e+00,5.965833169388873314e-01,-3.401360099088350780e-03,3.076010248375862961e-03,5.946504219799016999e-01,-1.630005915988802078e-03,3.983184215298289361e-05,-7.184767736840322154e-05,1.270618334177052387e-05
5.206250000000000711e+00,5.965621184049634262e-01,-3.382188592445284619e-03,3.058887815235715891e-03,5.946402635659717717e-01,-1.620695204906381264e-03,3.938532531700298061e-05,-7.103924300139177685e-05,1.256400117075050689e-05
5.212500000000000355e+00,5.965410393591551452e-01,-3.363123802731099888e-03,3.041860742286003026e-03,5.946301631818508016e-01,-1.611436328864148749e-03,3.894383256422909585e-05,-7.023995327836315115e-05,1.242341419665406420e-05
5.218750000000000000e+00,5.965200791363407529e-01,-3.344165135607409054e-03,3.024928497925235844e-03,5.946201205044724380e-01,-1.602228999343352240e-03,3.850730706682958045e-05,-6.944970401834049721e-05,1.228440444725105485e-05
5.225000000000000533e+00,5.964992370751028838e-01,-3.325312000049045376e-03,3.008090553521959760e-03,5.946101352125683359e-01,-1.593072929433080910e-03,3.807569264435204081e-05,-6.866839223859983626e-05,1.214695415395391320e-05
5.231250000000001066e+00,5.964785125177074487e-01,-3.306563808325554271e-03,2.991346383398091682e-03,5.946002069866582751e-01,-1.583967833821300127e-03,3.764893375627807807e-05,-6.789591614071504785e-05,1.201104574949242314e-05
5.237500000000000711e+00,5.964579048100837610e-01,-3.287919975982784432e-03,2.974695464812345154e-03,5.945903355090402798e-01,-1.574913428785933676e-03,3.722697549466447592e-05,-6.713217509676755012e-05,1.187666186561522479e-05
5.243750000000000355e+00,5.964374133018034430e-01,-3.269379921824576950e-03,2.958137277943745716e-03,5.945805204637809593e-01,-1.565909432185994335e-03,3.680976357687008106e-05,-6.637706963571917947e-05,1.174378533081785356e-05
5.250000000000000000e+00,5.964170373460606633e-01,-3.250943067894573272e-03,2.941671305875254681e-03,5.945707615367050725e-01,-1.556955563452770827e-03,3.639724433836763766e-05,-6.563050142994679263e-05,1.161239916809704577e-05
5.256249999999999645e+00,5.963967762996519317e-01,-3.232608839458115096e-03,2.925297034577473143e-03,5.945610584153862010e-01,-1.548051543581059229e-03,3.598936472563907826e-05,-6.489237328193565011e-05,1.148248659273089227e-05
5.262500000000000178e+00,5.963766295229553371e-01,-3.214376664984242276e-03,2.909013952892442693e-03,5.945514107891366473e-01,-1.539197095120442950e-03,3.558607228915341742e-05,-6.416258911113015804e-05,1.135403101008455558e-05
5.268750000000000711e+00,5.963565963799114522e-01,-3.196245976127806959e-03,2.892821552517540681e-03,5.945418183489983299e-01,-1.530391942166627571e-03,3.518731517642665154e-05,-6.344105394094047762e-05,1.122701601344137256e-05
5.275000000000000355e+00,5.963366762380031272e-01,-3.178216207711670113e-03,2.876719327989461349e-03,5.945322807877323479e-01,-1.521635810352816231e-03,3.479304212516203215e-05,-6.272767388590208841e-05,1.110142538185884628e-05
5.281250000000000000e+00,5.963168684682353948e-01,-3.160286797709003451e-03,2.860706776668284126e-03,5.945227977998100988e-01,-1.512928426841135760e-03,3.440320245647018372e-05,-6.202235613898715344e-05,1.097724307804935947e-05
5.287500000000000533e+00,5.962971724451163746e-01,-3.142457187225694993e-03,2.844783398721642976e-03,5.945133690814032867e-01,-1.504269520314112244e-03,3.401774606816822607e-05,-6.132500895906608704e-05,1.085445324628536373e-05
5.293750000000001066e+00,5.962775875466375108e-01,-3.124726820482858283e-03,2.828948697108982484e-03,5.945039943303747076e-01,-1.495658820966197988e-03,3.363662342815682373e-05,-6.063554165851727884e-05,1.073304021032870251e-05
5.300000000000000711e+00,5.962581131542542545e-01,-3.107095144799426611e-03,2.813202177565897640e-03,5.944946732462687011e-01,-1.487096060495338590e-03,3.325978556787397651e-05,-5.995386459098256843e-05,1.061298847138371532e-05
5.306250000000000355e+00,5.962387486528664127e-01,-3.089561610574846108e-03,2.797543348588560786e-03,5.944854055303018248e-01,-1.478580972094587940e-03,3.288718407582492107e-05,-5.927988913926740685e-05,1.049428270607391993e-05
5.312500000000000000e+00,5.962194934307994965e-01,-3.072125671271877263e-03,2.781971721418245724e-03,5.944761908853535282e-01,-1.470113290443776123e-03,3.251877109118746586e-05,-5.861352770338418690e-05,1.037690776444205921e-05
5.318749999999999645e+00,5.962003468797852923e-01,-3.054786783399484913e-03,2.766486810025933774e-03,5.944670290159569381e-01,-1.461692751701219178e-03,3.215449929749134993e-05,-5.795469368873628940e-05,1.026084866797312790e-05
5.325000000000000178e+00,5.961813083949427661e-01,-3.037544406495821907e-03,2.751088131097005271e-03,5.944579196282896438e-01,-1.453319093495475042e-03,3.179432191637110390e-05,-5.730330149444149009e-05,1.014609060764013378e-05
5.331250000000000711e+00,5.961623773747595223e-01,-3.020398003111319021e-03,2.735775204016026481e-03,5.944488624301641488e-01,-1.444992054917150883e-03,3.143819270139160669e-05,-5.665926650179348026e-05,1.003261894197243901e-05
5.337500000000000355e+00,5.961435532210727084e-01,-3.003347038791859876e-03,2.720547550851611530e-03,5.944398571310195445e-01,-1.436711376510750116e-03,3.108606593194506405e-05,-5.602250506285887208e-05,9.920419195146222650e-06
5.343750000000000000e+00,5.961248353390506960e-01,-2.986390982062043457e-03,2.705404696341370645e-03,5.944309034419117399e-01,-1.428476800266563658e-03,3.073789640721888715e-05,-5.539293448920873305e-05,9.809477055096938838e-06
5.350000000000000533e+00,5.961062231371742071e-01,-2.969529304408558956e-03,2.690346167876949898e-03,5.944220010755046912e-01,-1.420288069612614520e-03,3.039363944023375967e-05,-5.477047304078315205e-05,9.699778371653535331e-06
5.356250000000001066e+00,5.960877160272177733e-01,-2.952761480263646921e-03,2.675371495489160291e-03,5.944131497460616309e-01,-1.412144929406643169e-03,3.005325085195086014e-05,-5.415503991488712263e-05,9.591309154694142584e-06
5.362500000000000711e+00,5.960693134242318614e-01,-2.936086986988645838e-03,2.660480211833176224e-03,5.944043491694357417e-01,-1.404047125928137340e-03,2.971668696544730757e-05,-5.354655523531557510e-05,9.484055572322906485e-06
5.368750000000000355e+00,5.960510147465241104e-01,-2.919505304857633252e-03,2.645671852173822874e-03,5.943955990630617192e-01,-1.395994406870403048e-03,2.938390460015914284e-05,-5.294494004160655448e-05,9.378003949067788541e-06
5.375000000000000000e+00,5.960328194156415682e-01,-2.903015917041164903e-03,2.630945954370953344e-03,5.943868991459467788e-01,-1.387986521332687864e-03,2.905486106619133062e-05,-5.235011627842134509e-05,9.273140764099159028e-06
5.381249999999999645e+00,5.960147268563522616e-01,-2.886618309590102335e-03,2.616302058864903440e-03,5.943782491386618849e-01,-1.380023219812341910e-03,2.872951415869355891e-05,-5.176200678504922409e-05,9.169452649468813800e-06
5.387500000000000178e+00,5.959967364966275438e-01,-2.870311971419526372e-03,2.601739708662025377e-03,5.943696487633328696e-01,-1.372104254197025050e-03,2.840782215230124307e-05,-5.118053528503580050e-05,9.066926388369228406e-06
5.393750000000000711e+00,5.959788477676242202e-01,-2.854096394292750336e-03,2.587258449320314728e-03,5.943610977436321052e-01,-1.364229377756959833e-03,2.808974379564114837e-05,-5.060562637593362523e-05,8.965548913412880119e-06
5.400000000000000355e+00,5.959610601036665622e-01,-2.837971072805414805e-03,2.572857828935105461e-03,5.943525958047697344e-01,-1.356398345137222817e-03,2.777523830590047224e-05,-5.003720551917303222e-05,8.865307304931258390e-06
5.406250000000000000e+00,5.959433729422288772e-01,-2.821935504369666933e-03,2.558537398124846943e-03,5.943441426734850097e-01,-1.348610912350080553e-03,2.746426536345886445e-05,-4.947519903005207929e-05,8.766188789293433300e-06
5.412500000000000533e+00,5.959257857239178557e-01,-2.805989189198440387e-03,2.544296710016970275e-03,5.943357380780379673e-01,-1.340866836767370474e-03,2.715678510658282277e-05,-4.891953406784447047e-05,8.668180737243987179e-06
5.418750000000001066e+00,5.959082978924552521e-01,-2.790131630289824187e-03,2.530135320233833571e-03,5.943273817482006560e-01,-1.333165877112925998e-03,2.685275812618152566e-05,-4.837013862602384710e-05,8.571270662260038354e-06
5.425000000000000711e+00,5.958909088946602317e-01,-2.774362333411506138e-03,2.516052786878737041e-03,5.943190734152491439e-01,-1.325507793455039159e-03,2.655214546062326168e-05,-4.782694152260256391e-05,8.475446218927075800e-06
5.431250000000000355e+00,5.958736181804324961e-01,-2.758680807085307773e-03,2.502048670522020925e-03,5.943108128119546363e-01,-1.317892347198965520e-03,2.625490859061186273e-05,-4.728987239058403532e-05,8.380695201333452233e-06
5.437500000000000000e+00,5.958564252027348518e-01,-2.743086562571815136e-03,2.488122534187247551e-03,5.943025996725755933e-01,-1.310319301079475481e-03,2.596100943412269044e-05,-4.675886166852762863e-05,8.287005541483362852e-06
5.443749999999999645e+00,5.958393294175760024e-01,-2.727579113855085891e-03,2.474273943337457118e-03,5.942944337328491811e-01,-1.302788419153445062e-03,2.567041034139705096e-05,-4.623384059122406456e-05,8.194365307728004798e-06
5.450000000000000178e+00,5.958223302839942281e-01,-2.712157977627444039e-03,2.460502465861498077e-03,5.942863147299830562e-01,-1.295299466792485714e-03,2.538307408999457385e-05,-4.571474118048028153e-05,8.102762703214734362e-06
5.456250000000000711e+00,5.958054272640395110e-01,-2.696822673274367008e-03,2.446807672060444250e-03,5.942782424026472610e-01,-1.287852210675621183e-03,2.509896387990299949e-05,-4.520149623601284894e-05,8.012186064354074572e-06
5.462500000000000355e+00,5.957886198227577701e-01,-2.681572722859447769e-03,2.433189134634079157e-03,5.942702164909658968e-01,-1.280446418781999067e-03,2.481804332870433147e-05,-4.469403932644779487e-05,7.922623859304252973e-06
5.468750000000000000e+00,5.957719074281734306e-01,-2.666407651109440648e-03,2.419646428667454954e-03,5.942622367365094638e-01,-1.273081860383644013e-03,2.454027646679693040e-05,-4.419230478042617059e-05,7.834064686473122215e-06
5.475000000000000533e+00,5.957552895512732150e-01,-2.651326985399399087e-03,2.406179131617537225e-03,5.942543028822862006e-01,-1.265758306038255359e-03,2.426562773267301726e-05,-4.369622767781417282e-05,7.746497273037321148e-06
5.481250000000001066e+00,5.957387656659893782e-01,-2.636330255737896668e-03,2.392786823299922205e-03,5.942464146727343133e-01,-1.258475527582044460e-03,2.399406196825080355e-05,-4.320574384101637363e-05,7.659910473478415545e-06
5.487500000000000711e+00,5.957223352491836099e-01,-2.621416994752324460e-03,2.379469085875624262e-03,5.942385718537144257e-01,-1.251233298122608230e-03,2.372554441426041823e-05,-4.272078982639059431e-05,7.574293268135788050e-06
5.493750000000000355e+00,5.957059977806304918e-01,-2.606586737674265568e-03,2.366225503837935361e-03,5.942307741725009196e-01,-1.244031392031843012e-03,2.346004070568320112e-05,-4.224130291576337279e-05,7.489634761776107104e-06
5.500000000000000000e+00,5.956897527430010664e-01,-2.591839022324970293e-03,2.353055663999371275e-03,5.942230213777744963e-01,-1.236869584938902686e-03,2.319751686724387489e-05,-4.176722110804528620e-05,7.405924182179269813e-06
5.506249999999999645e+00,5.956735996218471829e-01,-2.577173389100895478e-03,2.339959155478679807e-03,5.942153132196145160e-01,-1.229747653723192117e-03,2.293793930895469431e-05,-4.129848311094423777e-05,7.323150878740505360e-06
5.512500000000000178e+00,5.956575379055851771e-01,-2.562589380959330587e-03,2.326935569687925767e-03,5.942076494494905603e-01,-1.222665376507400510e-03,2.268127482171106811e-05,-4.083502833277584089e-05,7.241304321088498348e-06
5.518750000000000711e+00,5.956415670854799949e-01,-2.548086543404110525e-03,2.313984500319654896e-03,5.942000298202554376e-01,-1.215622532650575743e-03,2.242749057293819920e-05,-4.037679687437002604e-05,7.160374097719397403e-06
5.525000000000000355e+00,5.956256866556290941e-01,-2.533664424471399577e-03,2.301105543334120221e-03,5.941924540861368564e-01,-1.208618902741235126e-03,2.217655410228785921e-05,-3.992372952107209533e-05,7.080349914646422731e-06
5.531250000000000000e+00,5.956098961129469016e-01,-2.519322574715551245e-03,2.288298296946581715e-03,5.941849220027300982e-01,-1.201654268590512595e-03,2.192843331738483293e-05,-3.947576773483747243e-05,7.001221594064941347e-06
5.537500000000000533e+00,5.955941949571490479e-01,-2.505060547195060890e-03,2.275562361614684448e-03,5.941774333269904673e-01,-1.194728413225349273e-03,2.168309648962264994e-05,-3.903285364641921953e-05,6.922979073032883767e-06
5.543750000000001066e+00,5.955785826907368241e-01,-2.490877897458592966e-03,2.262897340025907429e-03,5.941699878172252980e-01,-1.187841120881720893e-03,2.144051225000784451e-05,-3.859493004764702034e-05,6.845612402166279381e-06
5.550000000000000711e+00,5.955630588189814167e-01,-2.476774183531078085e-03,2.250302837085076633e-03,5.941625852330868485e-01,-1.180992176997901428e-03,2.120064958505203886e-05,-3.816194038379630088e-05,6.769111744349678444e-06
5.556250000000000355e+00,5.955476228499089197e-01,-2.462748965899892901e-03,2.237778459901948284e-03,5.941552253355647517e-01,-1.174181368207761859e-03,2.096347783271146041e-05,-3.773382874604655311e-05,6.693467373461351392e-06
5.562500000000000000e+00,5.955322742942844583e-01,-2.448801807501119806e-03,2.225323817778870200e-03,5.941479078869783548e-01,-1.167408482334112525e-03,2.072896667837348955e-05,-3.731053986402827844e-05,6.618669673113139294e-06
5.568749999999999645e+00,5.955170126655974228e-01,-2.434932273705882506e-03,2.212938522198506456e-03,5.941406326509691693e-01,-1.160673308382078640e-03,2.049708615088935385e-05,-3.689201909845679617e-05,6.544709135404680146e-06
5.575000000000000178e+00,5.955018374800459258e-01,-2.421139932306755338e-03,2.200622186811632738e-03,5.941333993924943213e-01,-1.153975636532513557e-03,2.026780661865261625e-05,-3.647821243385219190e-05,6.471576359691903428e-06
5.581250000000000711e+00,5.954867482565217029e-01,-2.407424353504254103e-03,2.188374427425002818e-03,5.941262078778180022e-01,-1.147315258135450829e-03,2.004109878572303368e-05,-3.606906647134465346e-05,6.399262051369663348e-06
5.587500000000000355e+00,5.954717445165956802e-01,-2.393785109893396303e-03,2.176194861989280086e-03,5.941190578745052520e-01,-1.140691965703589895e-03,1.981693368799491883e-05,-3.566452842156353454e-05,6.327757020668245628e-06
5.593750000000000000e+00,5.954568257845020973e-01,-2.380221776450337258e-03,2.164083110587034127e-03,5.941119491514141870e-01,-1.134105552905817970e-03,1.959528268940973400e-05,-3.526454609760959003e-05,6.257052181463652130e-06
5.600000000000000533e+00,5.954419915871245195e-01,-2.366733930519082565e-03,2.152038795420811029e-03,5.941048814786888954e-01,-1.127555814560770317e-03,1.937611747821244598e-05,-3.486906790810950237e-05,6.187138550101536269e-06
5.606250000000001066e+00,5.954272414539807379e-01,-2.353321151798284244e-03,2.140061540801274816e-03,5.940978546277522199e-01,-1.121042546630428467e-03,1.915941006325104243e-05,-3.447804285035156724e-05,6.118007244234590153e-06
5.612500000000000711e+00,5.954125749172080040e-01,-2.339983022328093708e-03,2.128150973135403516e-03,5.940908683712987637e-01,-1.114565546213750098e-03,1.894513277031858282e-05,-3.409142050350129165e-05,6.049649481673197104e-06
5.618750000000000355e+00,5.953979915115484856e-01,-2.326719126477095820e-03,2.116306720914756367e-03,5.940839224832876742e-01,-1.108124611540332958e-03,1.873325823853739432e-05,-3.370915102189626082e-05,5.982056579249223362e-06
5.625000000000000000e+00,5.953834907743349447e-01,-2.313529050929319722e-03,2.104528414703813431e-03,5.940770167389357592e-01,-1.101719541964121070e-03,1.852375941678508747e-05,-3.333118512841949448e-05,5.915219951692856624e-06
5.631249999999999645e+00,5.953690722454760831e-01,-2.300412384671320348e-03,2.092815687128373337e-03,5.940701509147100490e-01,-1.095350137957140429e-03,1.831660956016162918e-05,-3.295747410794999167e-05,5.849131110522242421e-06
5.637500000000000178e+00,5.953547354674422198e-01,-2.287368718979326723e-03,2.081168172864018666e-03,5.940633247883214674e-01,-1.089016201103271781e-03,1.811178222649710380e-05,-3.258796980088965066e-05,5.783781662945826821e-06
5.643750000000000711e+00,5.953404799852513030e-01,-2.274397647406474834e-03,2.069585508624651165e-03,5.940565381387175048e-01,-1.082717534092059609e-03,1.790925127289980654e-05,-3.222262459676598830e-05,5.719163310777271649e-06
5.650000000000000355e+00,5.953263053464541432e-01,-2.261498765770097747e-03,2.058067333151083339e-03,5.940497907460753346e-01,-1.076453940712553212e-03,1.770899085234395768e-05,-3.186139142790914749e-05,5.655267849362733001e-06
5.656250000000000000e+00,5.953122111011209805e-01,-2.248671672139090742e-03,2.046613287199696395e-03,5.940430823917950409e-01,-1.070225225847180103e-03,1.751097541029669202e-05,-3.150422376320271168e-05,5.592087166520401404e-06
5.662500000000000533e+00,5.952981968018269399e-01,-2.235915966821351488e-03,2.035223013531164537e-03,5.940364128584929571e-01,-1.064031195465659505e-03,1.731517968138398812e-05,-3.115107560190756754e-05,5.529613241492191819e-06
5.668750000000001066e+00,5.952842620036382648e-01,-2.223231252351294800e-03,2.023896156899246488e-03,5.940297819299944493e-01,-1.057871656618949042e-03,1.712157868609499525e-05,-3.080190146755774509e-05,5.467838143907415767e-06
5.675000000000000711e+00,5.952704062640985505e-01,-2.210617133477422915e-03,2.012632364039632950e-03,5.940231893913276995e-01,-1.051746417433219605e-03,1.693014772752414815e-05,-3.045665640192728323e-05,5.406754032758252631e-06
5.681250000000000355e+00,5.952566291432147549e-01,-2.198073217149973391e-03,2.001431283658854782e-03,5.940166350287165997e-01,-1.045655287103867959e-03,1.674086238815077825e-05,-3.011529595906730752e-05,5.346353155386932032e-06
5.687500000000000000e+00,5.952429302034434322e-01,-2.185599112508638565e-03,1.990292566423263170e-03,5.940101186295742020e-01,-1.039598075889563598e-03,1.655369852665593337e-05,-2.977777619941290686e-05,5.286627846484520554e-06
5.693749999999999645e+00,5.952293090096772987e-01,-2.173194430870351371e-03,1.979215864948066610e-03,5.940036399824962787e-01,-1.033574595106327059e-03,1.636863227477567407e-05,-2.944405368395842338e-05,5.227570527101113774e-06
5.700000000000000178e+00,5.952157651292316887e-01,-2.160858785717134894e-03,1.968200833786426431e-03,5.939971988772546618e-01,-1.027584657121640961e-03,1.618564003419057886e-05,-2.911408546850060989e-05,5.169173703667326857e-06
5.706250000000000711e+00,5.952022981318307870e-01,-2.148591792684031304e-03,1.957247129418623454e-03,5.939907951047902479e-01,-1.021628075348598140e-03,1.600469847345113326e-05,-2.878782909794899442e-05,5.111429967026995639e-06
5.712500000000000355e+00,5.951889075895944181e-01,-2.136393069547087159e-03,1.946354410241274077e-03,5.939844284572073363e-01,-1.015704664240076657e-03,1.582578452493831126e-05,-2.846524260070226248e-05,5.054331991480877272e-06
5.718750000000000000e+00,5.951755930770245007e-01,-2.124262236211405062e-03,1.935522336556611640e-03,5.939780987277661906e-01,-1.009814239282948427e-03,1.564887538185914611e-05,-2.814628448309009119e-05,4.997872533841264053e-06
5.725000000000000533e+00,5.951623541709922804e-01,-2.112198914699272081e-03,1.924750570561830016e-03,5.939718057108774873e-01,-1.003956616992323844e-03,1.547394849527688367e-05,-2.783091372387988652e-05,4.942044432497426555e-06
5.731250000000001066e+00,5.951491904507244524e-01,-2.100202729138351924e-03,1.914038776338489005e-03,5.939655492020951000e-01,-9.981316149058278367e-04,1.530098157117531875e-05,-2.751908976884739021e-05,4.886840606491719220e-06
5.737500000000000711e+00,5.951361014977903929e-01,-2.088273305749938254e-03,1.903386619841973505e-03,5.939593289981104363e-01,-9.923390515779049927e-04,1.512995256755673991e-05,-2.721077252541031268e-05,4.832254054606194240e-06
5.743750000000000355e+00,5.951230868960891707e-01,-2.076410272837269592e-03,1.892793768891011443e-03,5.939531448967456662e-01,-9.865787465741556860e-04,1.496083969157321860e-05,-2.690592235732436858e-05,4.778277854459642409e-06
5.750000000000000000e+00,5.951101462318366675e-01,-2.064613260773925756e-03,1.882259893157258498e-03,5.939469966969473935e-01,-9.808505204657097173e-04,1.479362139669099023e-05,-2.660450007944122026e-05,4.724905161614970323e-06
5.756249999999999645e+00,5.950972790935520340e-01,-2.052881901992273730e-03,1.871784664154934642e-03,5.939408841987805499e-01,-9.751541948236269524e-04,1.462827637988730021e-05,-2.630646695252719417e-05,4.672129208696730962e-06
5.762500000000000178e+00,5.950844850720456991e-01,-2.041215830971984668e-03,1.861367755230520322e-03,5.939348072034225101e-01,-9.694895922133282091e-04,1.446478357887944924e-05,-2.601178467814223825e-05,4.619943304518719566e-06
5.768750000000000711e+00,5.950717637604061583e-01,-2.029614684228617672e-03,1.851008841552514864e-03,5.939287655131559873e-01,-9.638565361890632241e-04,1.430312216938575634e-05,-2.572041539357856468e-05,4.568340833221547556e-06
5.775000000000000355e+00,5.950591147539872061e-01,-2.018078100302262128e-03,1.840707600101246927e-03,5.939227589313637035e-01,-9.582548512884027977e-04,1.414327156241783345e-05,-2.543232166685791058e-05,4.517315253420014091e-06
5.781250000000000000e+00,5.950465376503955017e-01,-2.006605719746240753e-03,1.830463709658740465e-03,5.939167872625219502e-01,-9.526843630267633556e-04,1.398521140160398162e-05,-2.514746649178690197e-05,4.466860097360204941e-06
5.787500000000000533e+00,5.950340320494782453e-01,-1.995197185115885497e-03,1.820276850798644873e-03,5.939108503121944826e-01,-9.471448978919649051e-04,1.382892156054337177e-05,-2.486581328307006320e-05,4.416968970086218750e-06
5.793750000000001066e+00,5.950215975533099666e-01,-1.983852140957372435e-03,1.810146705876221080e-03,5.939049478870263021e-01,-9.416362833388190225e-04,1.367438214019060180e-05,-2.458732587147954049e-05,4.367635548616404619e-06
5.800000000000000711e+00,5.950092337661809783e-01,-1.972570233796617362e-03,1.800072959018378599e-03,5.938990797947382161e-01,-9.361583477837443802e-04,1.352157346627018270e-05,-2.431196849908080068e-05,4.318853581128950096e-06
5.806250000000000355e+00,5.949969402945846086e-01,-1.961351112128226909e-03,1.790055296113767219e-03,5.938932458441200657e-01,-9.307109205994119807e-04,1.337047608672068105e-05,-2.403970581451372602e-05,4.270616886156759416e-06
5.812500000000000000e+00,5.949847167472046561e-01,-1.950194426404527285e-03,1.780093404802934182e-03,5.938874458450251748e-01,-9.252938321094247593e-04,1.322107076916830257e-05,-2.377050286832870163e-05,4.222919351791535606e-06
5.818749999999999645e+00,5.949725627349039536e-01,-1.939099829024641154e-03,1.770186974468528204e-03,5.938816796083646876e-01,-9.199069135830232084e-04,1.307333849842936306e-05,-2.350432510837668616e-05,4.175754934896908898e-06
5.825000000000000178e+00,5.949604778707114905e-01,-1.928066974323629354e-03,1.760335696225560085e-03,5.938759469461009077e-01,-9.145499972298210337e-04,1.292726047404140071e-05,-2.324113837525275728e-05,4.129117660330523367e-06
5.831250000000000711e+00,5.949484617698106437e-01,-1.917095518561699394e-03,1.750539262911723817e-03,5.938702476712424128e-01,-9.092229161945731197e-04,1.278281810782269300e-05,-2.298090889779269159e-05,4.083001620175019950e-06
5.837500000000000355e+00,5.949365140495272986e-01,-1.906185119913464052e-03,1.740797369077764318e-03,5.938645815978373932e-01,-9.039255045519684322e-04,1.263999302145965099e-05,-2.272360328862158631e-05,4.037400972977740521e-06
5.843750000000000000e+00,5.949246343293177475e-01,-1.895335438457262846e-03,1.731109710977899591e-03,5.938589485409681012e-01,-8.986575973014533864e-04,1.249876704412186260e-05,-2.246918853975410918e-05,3.992309942999092879e-06
5.850000000000000533e+00,5.949128222307568103e-01,-1.884546136164548134e-03,1.721475986560301857e-03,5.938533483167455218e-01,-8.934190303620853559e-04,1.235912221010457115e-05,-2.221763201824592627e-05,3.947722819469503796e-06
5.856250000000001066e+00,5.949010773775261773e-01,-1.873816876889329965e-03,1.711895895457633994e-03,5.938477807423029331e-01,-8.882096405674166483e-04,1.222104075649816591e-05,-2.196890146189553824e-05,3.903633955854828849e-06
5.862500000000000711e+00,5.948893993954026405e-01,-1.863147326357674719e-03,1.702369138977630854e-03,5.938422456357907997e-01,-8.830292656604026577e-04,1.208450512088429988e-05,-2.172296497499578676e-05,3.860037769130104678e-06
5.868750000000000355e+00,5.948777879122462142e-01,-1.852537152157262721e-03,1.692895420093735439e-03,5.938367428163707773e-01,-8.778777442883392915e-04,1.194949793905840964e-05,-2.147979102413462762e-05,3.816928739061564047e-06
5.875000000000000000e+00,5.948662425579888113e-01,-1.841986023727009824e-03,1.683474443435793635e-03,5.938312721042100506e-01,-8.727549159978324885e-04,1.181600204277842373e-05,-2.123934843404472019e-05,3.774301407496862469e-06
5.881249999999999645e+00,5.948547629646225854e-01,-1.831493612346744067e-03,1.674105915280797285e-03,5.938258333204760042e-01,-8.676606212297922416e-04,1.168400045753919040e-05,-2.100160638350096555e-05,3.732150377663352915e-06
5.887500000000000178e+00,5.948433487661884955e-01,-1.821059591126937202e-03,1.664789543543676500e-03,5.938204262873304495e-01,-8.625947013144551331e-04,1.155347640037238231e-05,-2.076653440126558707e-05,3.690470313474348888e-06
5.893750000000000711e+00,5.948319995987647602e-01,-1.810683634998500394e-03,1.655525037768151592e-03,5.938150508279240736e-01,-8.575569984664371207e-04,1.142441327767168361e-05,-2.053410236208027197e-05,3.649255938843305139e-06
5.900000000000000355e+00,5.948207151004556437e-01,-1.800365420702630887e-03,1.646312109117628814e-03,5.938097067663909989e-01,-8.525473557798112596e-04,1.129679468304278646e-05,-2.030428048270459490e-05,3.608502037005773301e-06
5.906250000000000000e+00,5.948094949113803542e-01,-1.790104626780713746e-03,1.637150470366146833e-03,5.938043939278433436e-01,-8.475656172232116621e-04,1.117060439517800418e-05,-2.007703931800029976e-05,3.568203449849071868e-06
5.912500000000000533e+00,5.947983386736612754e-01,-1.779900933564286481e-03,1.628039835889380027e-03,5.937991121383654480e-01,-8.426116276349684660e-04,1.104582637575528387e-05,-1.985234975706101987e-05,3.528355077249604470e-06
5.918750000000001066e+00,5.947872460314134191e-01,-1.769754023165059182e-03,1.618979921655691427e-03,5.937938612250091008e-01,-8.376852327182703409e-04,1.092244476736127151e-05,-1.963018301938682304e-05,3.488951876417716303e-06
5.925000000000000711e+00,5.947762166307328791e-01,-1.759663579464986697e-03,1.609970445217232069e-03,5.937886410157873218e-01,-8.327862790363500887e-04,1.080044389143807701e-05,-1.941051065110288370e-05,3.449988861249979476e-06
5.931250000000000355e+00,5.947652501196861730e-01,-1.749629288106392851e-03,1.601011125701088918e-03,5.937834513396698100e-01,-8.279146140076978910e-04,1.067980824625353418e-05,-1.919330452122188906e-05,3.411461101688843297e-06
5.937500000000000000e+00,5.947543461482989180e-01,-1.739650836482160368e-03,1.592101683800489385e-03,5.937782920265770592e-01,-8.230700859013049143e-04,1.056052250489477114e-05,-1.897853681794988106e-05,3.373363723089597006e-06
5.943749999999999645e+00,5.947435043685451728e-01,-1.729727913725967849e-03,1.583241841766050732e-03,5.937731629073752515e-01,-8.182525438319304418e-04,1.044257151328467431e-05,-1.876618004503466009e-05,3.335691905594504323e-06
5.950000000000000178e+00,5.947327244343363351e-01,-1.719860210702581606e-03,1.574431323397077831e-03,5.937680638138709277e-01,-8.134618377553950270e-04,1.032594028822102576e-05,-1.855620701815644883e-05,3.298440883514057322e-06
5.956250000000000711e+00,5.947220060015108167e-01,-1.710047419998208867e-03,1.565669854032915569e-03,5.937629945788058805e-01,-8.086978184639036791e-04,1.021061401543815641e-05,-1.834859086136039278e-05,3.261605944715281841e-06
5.962500000000000355e+00,5.947113487278227195e-01,-1.700289235910894779e-03,1.556957160544342016e-03,5.937579550358518254e-01,-8.039603375813908406e-04,1.009657804769066443e-05,-1.814330500353014526e-05,3.225182430016973752e-06
5.968750000000000000e+00,5.947007522729316209e-01,-1.690585354440976226e-03,1.548292971325011683e-03,5.937529450196052938e-01,-7.992492475588921456e-04,9.983817902859063310e-06,-1.794032317490225229e-05,3.189165732591803807e-06
5.975000000000000533e+00,5.946902162983918050e-01,-1.680935473281593108e-03,1.539677016282951696e-03,5.937479643655821926e-01,-7.945644016699439328e-04,9.872319262077141095e-06,-1.773961940362089350e-05,3.153551297375242807e-06
5.981250000000001066e+00,5.946797404676413823e-01,-1.671339291809252744e-03,1.531109026832103061e-03,5.937430129102131415e-01,-7.899056540060092136e-04,9.762067967880736012e-06,-1.754116801233245057e-05,3.118334620481198651e-06
5.987500000000000711e+00,5.946693244459927419e-01,-1.661796511074440253e-03,1.522588735883908997e-03,5.937380904908381440e-01,-7.852728594719258657e-04,9.653050022377601496e-06,-1.734494361481931694e-05,3.083511248624277187e-06
5.993750000000000355e+00,5.946589679006210050e-01,-1.652306833792285086e-03,1.514115877838946187e-03,5.937331969457013692e-01,-7.806658737813809571e-04,9.545251585438191251e-06,-1.715092111267257625e-05,3.049076778548604601e-06
6.000000000000000000e+00,5.946486705005541440e-01,-1.642869964333281124e-03,1.505690188578610910e-03,5.937283321139463776e-01,-7.760845534524132578e-04,9.438658972907210169e-06,-1.695907569200323767e-05,3.015026856463160947e-06
6.006249999999999645e+00,5.946384319166631016e-01,-1.633485608714058601e-03,1.497311405456848302e-03,5.937234958356110148e-01,-7.715287558029380877e-04,9.333258654835514370e-06,-1.676938282019137423e-05,2.981357177483514292e-06
6.012500000000000178e+00,5.946282518216505775e-01,-1.624153474588203297e-03,1.488979267291925222e-03,5.937186879516223037e-01,-7.669983389462972081e-04,9.229037253732231603e-06,-1.658181824267276110e-05,2.948063485079888109e-06
6.018750000000000711e+00,5.946181298900418133e-01,-1.614873271237135142e-03,1.480693514358256231e-03,5.937139083037915599e-01,-7.624931617868372291e-04,9.125981542836907216e-06,-1.639635797976272900e-05,2.915141570531520871e-06
6.025000000000000355e+00,5.946080657981734907e-01,-1.605644709561029546e-03,1.472453888378268821e-03,5.937091567348096177e-01,-7.580130840155074228e-04,9.024078444411297889e-06,-1.621297832351654850e-05,2.882587272387197114e-06
6.031250000000000000e+00,5.945980592241845164e-01,-1.596467502069790325e-03,1.464260132514313322e-03,5.937044330882417231e-01,-7.535579661054843175e-04,8.923315028050689480e-06,-1.603165583462601987e-05,2.850396475931901710e-06
6.037500000000000533e+00,5.945881098480054749e-01,-1.587341362874077717e-03,1.456111991360625052e-03,5.936997372085227598e-01,-7.491276693078216618e-04,8.823678509014557718e-06,-1.585236733935202800e-05,2.818565112659549903e-06
6.043750000000001066e+00,5.945782173513487479e-01,-1.578266007676386480e-03,1.448009210935330068e-03,5.936950689409522530e-01,-7.447220556471257583e-04,8.725156246576271890e-06,-1.567508992649242530e-05,2.787089159751704178e-06
6.050000000000000711e+00,5.945683814176986326e-01,-1.569241153762169529e-03,1.439951538672490155e-03,5.936904281316898180e-01,-7.403409879172517241e-04,8.627735742391604351e-06,-1.549980094438482598e-05,2.755964639562186047e-06
6.056250000000000355e+00,5.945586017323015726e-01,-1.560266519991010143e-03,1.431938723414195522e-03,5.936858146277502746e-01,-7.359843296770244691e-04,8.531404638885851043e-06,-1.532647799794394563e-05,2.725187619107541690e-06
6.062500000000000000e+00,5.945488779821560543e-01,-1.551341826787849690e-03,1.423970515402704336e-03,5.936812282769985405e-01,-7.316519452459856968e-04,8.436150717659435968e-06,-1.515509894573325763e-05,2.694754209563309767e-06
6.068749999999999645e+00,5.945392098560031702e-01,-1.542466796134261096e-03,1.416046666272623459e-03,5.936766689281454124e-01,-7.273436997001635641e-04,8.341961897911657413e-06,-1.498564189707027491e-05,2.664660565765989759e-06
6.075000000000000178e+00,5.945295970443168487e-01,-1.533641151559768292e-03,1.408166929043133415e-03,5.936721364307425697e-01,-7.230594588678648923e-04,8.248826234882416681e-06,-1.481808520916522190e-05,2.634902885720660872e-06
6.081250000000000711e+00,5.945200392392939737e-01,-1.524864618133221382e-03,1.400331058110259978e-03,5.936676306351778010e-01,-7.187990893254937253e-04,8.156731918311788731e-06,-1.465240748429278809e-05,2.605477410114203636e-06
6.087500000000000355e+00,5.945105361348449469e-01,-1.516136922454212584e-03,1.392538809239184799e-03,5.936631513926705628e-01,-7.145624583933899441e-04,8.065667270917094202e-06,-1.448858756699633486e-05,2.576380421834022558e-06
6.093750000000000000e+00,5.945010874265844736e-01,-1.507457792644540740e-03,1.384789939556598740e-03,5.936586985552673168e-01,-7.103494341316917348e-04,7.975620746887345791e-06,-1.432660454132433192e-05,2.547608245492230453e-06
6.100000000000000533e+00,5.944916928118214594e-01,-1.498826958339727865e-03,1.377084207543101835e-03,5.936542719758367559e-01,-7.061598853362234269e-04,7.886580930394924957e-06,-1.416643772809872007e-05,2.519157246955244876e-06
6.106250000000001066e+00,5.944823519895499064e-01,-1.490244150680583406e-03,1.369421373025647704e-03,5.936498715080652522e-01,-7.019936815344052315e-04,7.798536534124223023e-06,-1.400806668221474130e-05,2.491023832878717914e-06
6.112500000000000711e+00,5.944730646604395874e-01,-1.481709102304810347e-03,1.361801197170023955e-03,5.936454970064525272e-01,-6.978506929811852067e-04,7.711476397817011158e-06,-1.385147118997176687e-05,2.463204450247727309e-06
6.118750000000000355e+00,5.944638305268266087e-01,-1.473221547338659457e-03,1.354223442473375099e-03,5.936411483263067668e-01,-6.937307906549927987e-04,7.625389486834412215e-06,-1.369663126643487264e-05,2.435695585922178539e-06
6.125000000000000000e+00,5.944546492927041959e-01,-1.464781221388633406e-03,1.346687872756774677e-03,5.936368253237404025e-01,-6.896338462537180769e-04,7.540264890735307554e-06,-1.354352715282689583e-05,2.408493766187383956e-06
6.131249999999999645e+00,5.944455206637132560e-01,-1.456387861533235770e-03,1.339194253157831868e-03,5.936325278556654483e-01,-6.855597321907114629e-04,7.456091821870915404e-06,-1.339213931395043095e-05,2.381595556309719467e-06
6.137500000000000178e+00,5.944364443471338300e-01,-1.448041206314764056e-03,1.331742350123341903e-03,5.936282557797891712e-01,-6.815083215908054664e-04,7.372859613995381548e-06,-1.324244843563949557e-05,2.354997560097317674e-06
6.143750000000000711e+00,5.944274200518748774e-01,-1.439740995731152596e-03,1.324331931401980921e-03,5.936240089546096499e-01,-6.774794882863611426e-04,7.290557720892258648e-06,-1.309443542224061019e-05,2.328696419465759774e-06
6.150000000000000355e+00,5.944184474884662839e-01,-1.431486971227858163e-03,1.316962766037036185e-03,5.936197872394110009e-01,-6.734731068133337391e-04,7.209175715016574363e-06,-1.294808139412275521e-05,2.302688814008665856e-06
6.156250000000000000e+00,5.944095263690493125e-01,-1.423278875689787002e-03,1.309634624359177699e-03,5.936155904942598260e-01,-6.694890524073603523e-04,7.128703286152370524e-06,-1.280336768521597612e-05,2.276971460573158174e-06
6.162500000000000533e+00,5.944006564073676113e-01,-1.415116453433274768e-03,1.302347277979274721e-03,5.936114185799997722e-01,-6.655272009998717620e-04,7.049130240085596480e-06,-1.266027584057839154e-05,2.251541112840142771e-06
6.168750000000001066e+00,5.943918373187585535e-01,-1.406999450198108967e-03,1.295100499781251307e-03,5.936072713582482008e-01,-6.615874292142258405e-04,6.970446497292100797e-06,-1.251878761399117356e-05,2.226394560909353970e-06
6.175000000000000711e+00,5.943830688201440227e-01,-1.398927613139593681e-03,1.287894063914978926e-03,5.936031486913910804e-01,-6.576696143618601534e-04,6.892642091640542606e-06,-1.237888496558111602e-05,2.201528630889082522e-06
6.181250000000000355e+00,5.943743506300219748e-01,-1.390900690820655273e-03,1.280727745789208985e-03,5.935990504425792125e-01,-6.537736344384668941e-04,6.815707169110061645e-06,-1.224055005947052633e-05,2.176940184490550598e-06
6.187500000000000000e+00,5.943656824684574458e-01,-1.382918433204001875e-03,1.273601322064549148e-03,5.935949764757239011e-01,-6.498993681201911286e-04,6.739631986522613833e-06,-1.210376526145425290e-05,2.152626118626902663e-06
6.193749999999999645e+00,5.943570640570736696e-01,-1.374980591644317995e-03,1.266514570646475437e-03,5.935909266554925123e-01,-6.460466947598480147e-04,6.664406910289698780e-06,-1.196851313670331269e-05,2.128583365016723762e-06
6.200000000000000178e+00,5.943484951190436405e-01,-1.367086918880506619e-03,1.259467270678384012e-03,5.935869008473041442e-01,-6.422154943831623547e-04,6.590022415173354720e-06,-1.183477644749494123e-05,2.104808889792046221e-06
6.206250000000000711e+00,5.943399753790816753e-01,-1.359237169027975763e-03,1.252459202534684591e-03,5.935828989173259629e-01,-6.384056476850295076e-04,6.516469083061300589e-06,-1.170253815096877179e-05,2.081299693110813436e-06
6.212500000000000355e+00,5.943315045634343097e-01,-1.351431097570964055e-03,1.245490147813929204e-03,5.935789207324684291e-01,-6.346170360257962504e-04,6.443737601755970289e-06,-1.157178139690872550e-05,2.058052808773710974e-06
6.218750000000000000e+00,5.943230823998720824e-01,-1.343668461354910124e-03,1.238559889331978473e-03,5.935749661603817451e-01,-6.308495414275614799e-04,6.371818763777331568e-06,-1.144248952555037844e-05,2.035065303845339126e-06
6.225000000000000533e+00,5.943147086176810978e-01,-1.335949018578866214e-03,1.231668211115209731e-03,5.935710350694511916e-01,-6.271030465704994670e-04,6.300703465179368387e-06,-1.131464606541358393e-05,2.012334278279690095e-06
6.231250000000001066e+00,5.943063829476545878e-01,-1.328272528787957348e-03,1.224814898393764614e-03,5.935671273287932426e-01,-6.233774347892050106e-04,6.230382704380033651e-06,-1.118823473115998904e-05,1.989856864549858225e-06
6.237500000000000711e+00,5.942981051220841415e-01,-1.320638752865875391e-03,1.217999737594829173e-03,5.935632428082516787e-01,-6.196725900690549637e-04,6.160847581004474101e-06,-1.106323942147508466e-05,1.967630227281937961e-06
6.243750000000000355e+00,5.942898748747520443e-01,-1.313047453027417141e-03,1.211222516335952156e-03,5.935593813783931472e-01,-6.159883970425922024e-04,6.092089294741415561e-06,-1.093964421697457211e-05,1.945651562893057869e-06
6.250000000000000000e+00,5.942816919409222853e-01,-1.305498392811067949e-03,1.204483023418406219e-03,5.935555429105033864e-01,-6.123247409859305197e-04,6.024099144212608574e-06,-1.081743337813485668e-05,1.923918099233533784e-06
6.256249999999999645e+00,5.942735560573326747e-01,-1.297991337071623293e-03,1.197781048820581017e-03,5.935517272765831187e-01,-6.086815078151787102e-04,5.956868525855096436e-06,-1.069659134324721910e-05,1.902427095233055312e-06
6.262500000000000178e+00,5.942654669621867392e-01,-1.290526051972851760e-03,1.191116383691414888e-03,5.935479343493443860e-01,-6.050585840828848205e-04,5.890388932816194645e-06,-1.057710272639547530e-05,1.881175840550878794e-06
6.268750000000000711e+00,5.942574243951453949e-01,-1.283102304980201624e-03,1.184488820343866005e-03,5.935441640022058873e-01,-6.014558569745006742e-04,5.824651953861070816e-06,-1.045895231545690574e-05,1.860161655229989268e-06
6.275000000000000355e+00,5.942494280973186216e-01,-1.275719864853544494e-03,1.177898152248416054e-03,5.935404161092896480e-01,-5.978732143048661298e-04,5.759649272292709911e-06,-1.034212507012604627e-05,1.839381889355160035e-06
6.281250000000000000e+00,5.942414778112579121e-01,-1.268378501639959733e-03,1.171344174026609690e-03,5.935366905454169117e-01,-5.943105445147105767e-04,5.695372664884150434e-06,-1.022660611996113031e-05,1.818833922714883183e-06
6.287500000000000533e+00,5.942335732809478355e-01,-1.261077986666560942e-03,1.164826681444634544e-03,5.935329871861042550e-01,-5.907677366671775258e-04,5.631814000822904348e-06,-1.011238076245304175e-05,1.798515164467135250e-06
6.293750000000001066e+00,5.942257142517979318e-01,-1.253818092533364945e-03,1.158345471406936784e-03,5.935293059075594790e-01,-5.872446804443684975e-04,5.568965240667367593e-06,-9.999434461116377134e-06,1.778423052808921937e-06
6.300000000000000711e+00,5.942179004706356071e-01,-1.246598593106195470e-03,1.151900341949868567e-03,5.935256465866780573e-01,-5.837412661439029572e-04,5.506818435315069582e-06,-9.887752843602357896e-06,1.758555054649552295e-06
6.306250000000000355e+00,5.942101316856971405e-01,-1.239419263509625863e-03,1.145491092235371901e-03,5.935220091010393606e-01,-5.802573846754997171e-04,5.445365724982635467e-06,-9.777321699833372437e-06,1.738908665287605987e-06
6.312500000000000000e+00,5.942024076466205784e-01,-1.232279880119967761e-03,1.139117522544701774e-03,5.935183933289023273e-01,-5.767929275575773120e-04,5.384599338197396802e-06,-9.668126980158988780e-06,1.719481408091569252e-06
6.318749999999999645e+00,5.941947281044377416e-01,-1.225180220558292742e-03,1.132779434272180707e-03,5.935147991492022435e-01,-5.733477869138741074e-04,5.324511590800415134e-06,-9.560154793533036334e-06,1.700270834184069284e-06
6.325000000000000178e+00,5.941870928115664530e-01,-1.218120063683495596e-03,1.126476629918988668e-03,5.935112264415467465e-01,-5.699218554700848875e-04,5.265094884960845661e-06,-9.453391405711582257e-06,1.681274522129682238e-06
6.331250000000000711e+00,5.941795015218026554e-01,-1.211099189585396847e-03,1.120208913086990707e-03,5.935076750862119388e-01,-5.665150265505196694e-04,5.206341708201519005e-06,-9.347823237471627951e-06,1.662490077626278659e-06
6.337500000000000355e+00,5.941719539903131952e-01,-1.204117379577882355e-03,1.113976088472596248e-03,5.935041449641389466e-01,-5.631271940747785637e-04,5.148244632435562356e-06,-9.243436862850125865e-06,1.643915133199846617e-06
6.343750000000000000e+00,5.941644499736276064e-01,-1.197174416192078915e-03,1.107777961860650917e-03,5.935006359569299228e-01,-5.597582525544448490e-04,5.090796313013955818e-06,-9.140219007403191265e-06,1.625547347902764809e-06
6.350000000000000533e+00,5.941569892296310051e-01,-1.190270083169572357e-03,1.101614340118366739e-03,5.934971479468444944e-01,-5.564080970897985383e-04,5.033989487783940936e-06,-9.038156546485297203e-06,1.607384407015497245e-06
6.356250000000001066e+00,5.941495715175562076e-01,-1.183404165455663589e-03,1.095485031189287039e-03,5.934936808167960987e-01,-5.530766233665487027e-04,4.977816976158128951e-06,-8.937236503548186723e-06,1.589424021751658072e-06
6.362500000000000711e+00,5.941421965979765130e-01,-1.176576449192658688e-03,1.089389844087280826e-03,5.934902344503483196e-01,-5.497637276525819483e-04,4.922271678194135970e-06,-8.837446048459215992e-06,1.571663928966400788e-06
6.368750000000000355e+00,5.941348642327980434e-01,-1.169786721713195849e-03,1.083328588890571011e-03,5.934868087317112240e-01,-5.464693067947284585e-04,4.867346573684674765e-06,-8.738772495838938645e-06,1.554101890868102839e-06
6.375000000000000000e+00,5.941275741852525272e-01,-1.163034771533614630e-03,1.077301076735800132e-03,5.934834035457378087e-01,-5.431932582155500448e-04,4.813034721258021878e-06,-8.641203303417809348e-06,1.536735694733320394e-06
6.381249999999999645e+00,5.941203262198894164e-01,-1.156320388347358572e-03,1.071307119812127092e-03,5.934800187779204483e-01,-5.399354799101421841e-04,4.759329257488652506e-06,-8.544726070411633900e-06,1.519563152624955078e-06
6.387500000000000178e+00,5.941131201025694475e-01,-1.149643363018413829e-03,1.065346531355354899e-03,5.934766543143872308e-01,-5.366958704429562223e-04,4.706223396017983034e-06,-8.449328535915625254e-06,1.502582101113603421e-06
6.393750000000000711e+00,5.941059556004562037e-01,-1.143003487574789645e-03,1.059419125642096582e-03,5.934733100418984053e-01,-5.334743289446389246e-04,4.653710426685113636e-06,-8.354998577316877432e-06,1.485790401002065534e-06
6.400000000000000355e+00,5.940988324820101196e-01,-1.136400555202028749e-03,1.053524717983967763e-03,5.934699858478428292e-01,-5.302707551088893740e-04,4.601783714667406624e-06,-8.261724208724959158e-06,1.469185937052952868e-06
6.406250000000000000e+00,5.940917505169800439e-01,-1.129834360236754839e-03,1.047663124721814366e-03,5.934666816202347484e-01,-5.270850491893322399e-04,4.550436699630809065e-06,-8.169493579420451047e-06,1.452766617719373662e-06
6.412500000000000533e+00,5.940847094763970215e-01,-1.123304698160260172e-03,1.041834163219972640e-03,5.934633972477099118e-01,-5.239171119964106723e-04,4.499662894889856983e-06,-8.078294972321290807e-06,1.436530374878669833e-06
6.418750000000001066e+00,5.940777091325666337e-01,-1.116811365592128508e-03,1.036037651860564077e-03,5.934601326195221294e-01,-5.207668448942967586e-04,4.449455886577197671e-06,-7.988116802466660498e-06,1.420475163569160614e-06
6.425000000000000711e+00,5.940707492590621142e-01,-1.110354160283888838e-03,1.030273410037817238e-03,5.934568876255403858e-01,-5.176341497978173773e-04,4.399809332822511523e-06,-7.898947615518165117e-06,1.404598961729849758e-06
6.431250000000000355e+00,5.940638296307171329e-01,-1.103932881112707279e-03,1.024541258152422739e-03,5.934536621562446213e-01,-5.145189291693971810e-04,4.350716962940749548e-06,-7.810776086278151752e-06,1.388899769943073207e-06
6.437500000000000000e+00,5.940569500236188016e-01,-1.097547328075114750e-03,1.018841017605922293e-03,5.934504561027227343e-01,-5.114210860160205542e-04,4.302172576629607759e-06,-7.723591017225032057e-06,1.373375611180062893e-06
6.443749999999999645e+00,5.940501102151011237e-01,-1.091197302280770423e-03,1.013172510795127667e-03,5.934472693566672508e-01,-5.083405238862098328e-04,4.254170043176080078e-06,-7.637381337065308239e-06,1.358024530549375195e-06
6.450000000000000178e+00,5.940433099837374442e-01,-1.084882605946256183e-03,1.007535561106569352e-03,5.934441018103718823e-01,-5.052771468670192454e-04,4.206703300672007567e-06,-7.552136099302146662e-06,1.342844595048159506e-06
6.456250000000000711e+00,5.940365491093336781e-01,-1.078603042388911852e-03,1.001929992910980576e-03,5.934409533567278627e-01,-5.022308595810483700e-04,4.159766355238547769e-06,-7.467844480820360183e-06,1.327833893316242755e-06
6.462500000000000355e+00,5.940298273729217593e-01,-1.072358416020698178e-03,9.963556315578077707e-04,5.934378238892211721e-01,-4.992015671834692516e-04,4.113353280259409991e-06,-7.384495780487510370e-06,1.312990535392980130e-06
6.468750000000000000e+00,5.940231445567528690e-01,-1.066148532342096672e-03,9.908123033697516149e-04,5.934347133019286513e-01,-4.961891753590710842e-04,4.067458215622775215e-06,-7.302079417770993231e-06,1.298312652476850190e-06
6.475000000000000533e+00,5.940165004442899965e-01,-1.059973197936043719e-03,9.852998356373421189e-04,5.934316214895151154e-01,-4.931935903193222391e-04,4.022075366971844734e-06,-7.220584931370971236e-06,1.283798396687771059e-06
6.481250000000001066e+00,5.940098948202018336e-01,-1.053832220461902195e-03,9.798180566135434189e-04,5.934285483472298006e-01,-4.902147187994496417e-04,3.977199004963876059e-06,-7.140001977868929711e-06,1.269445940832099615e-06
6.487500000000000711e+00,5.940033274703558908e-01,-1.047725408649459759e-03,9.743667955083867589e-04,5.934254937709034783e-01,-4.872524680555318085e-04,3.932823464537598524e-06,-7.060320330391619576e-06,1.255253478170275312e-06
6.493750000000000355e+00,5.939967981818116138e-01,-1.041652572292962702e-03,9.689458824836329632e-04,5.934224576569446796e-01,-4.843067458616092855e-04,3.888943144188924727e-06,-6.981529877290264478e-06,1.241219222187084091e-06
6.500000000000000000e+00,5.939903067428141670e-01,-1.035613522245187098e-03,9.635551486474676526e-04,5.934194399023369204e-01,-4.813774605068121631e-04,3.845552505254906150e-06,-6.903620620834912018e-06,1.227341406364526077e-06
6.506249999999999645e+00,5.939838529427873270e-01,-1.029608070411539011e-03,9.581944260492248656e-04,5.934164404046350372e-01,-4.784645207925029321e-04,3.802646071205775817e-06,-6.826582675923644473e-06,1.213618283957237495e-06
6.512500000000000178e+00,5.939774365723274885e-01,-1.023636029744187659e-03,9.528635476741387613e-04,5.934134590619625227e-01,-4.755678360294350072e-04,3.760218426945011516e-06,-6.750406268806531288e-06,1.200048127770446489e-06
6.518750000000000711e+00,5.939710574231965579e-01,-1.017697214236235222e-03,9.475623474381286064e-04,5.934104957730080843e-01,-4.726873160349285966e-04,3.718264218117354349e-06,-6.675081735824196272e-06,1.186629229940441029e-06
6.525000000000000355e+00,5.939647152883158476e-01,-1.011791438915914630e-03,9.422906601826084834e-04,5.934075504370223131e-01,-4.698228711300605044e-04,3.676778150424634383e-06,-6.600599522160725055e-06,1.173359901717504435e-06
6.531250000000000000e+00,5.939584099617596369e-01,-1.005918519840819656e-03,9.370483216693267043e-04,5.934046229538150197e-01,-4.669744121368699249e-04,3.635754988949348357e-06,-6.526950180610810336e-06,1.160238473251297561e-06
6.537500000000000533e+00,5.939521412387485100e-01,-1.000078274092170349e-03,9.318351685752365591e-04,5.934017132237514591e-01,-4.641418503755810956e-04,3.595189557485920384e-06,-6.454124370361013763e-06,1.147263293378672801e-06
6.543750000000001066e+00,5.939459089156431393e-01,-9.942705197691103537e-04,9.266510384873959030e-04,5.933988211477498886e-01,-4.613250976618416183e-04,3.555076737879535994e-06,-6.382112855784928490e-06,1.134432729413875890e-06
6.550000000000000711e+00,5.939397127899378459e-01,-9.884950759830341428e-04,9.214957698978926571e-04,5.933959466272779038e-01,-4.585240663039747647e-04,3.515411469372442755e-06,-6.310906505252049255e-06,1.121745166941111557e-06
6.556250000000000355e+00,5.939335526602546045e-01,-9.827517628519435305e-04,9.163692021987979554e-04,5.933930895643498848e-01,-4.557386691002470705e-04,3.476188747957649318e-06,-6.240496289950240730e-06,1.109199009609443605e-06
6.562500000000000000e+00,5.939274283263361598e-01,-9.770404014948408291e-04,9.112711756771523603e-04,5.933902498615236665e-01,-4.529688193361532220e-04,3.437403625739974153e-06,-6.170873282721674541e-06,1.096792678930020513e-06
6.568749999999999645e+00,5.939213395890403646e-01,-9.713608140261513870e-04,9.062015315099754970e-04,5.933874274218974287e-01,-4.502144307817145495e-04,3.399051210304302127e-06,-6.102028656912017271e-06,1.084524614075577661e-06
6.575000000000000178e+00,5.939152862503338515e-01,-9.657128235501746425e-04,9.011601117593056112e-04,5.933846221491068107e-01,-4.474754176887926456e-04,3.361126664090995529e-06,-6.033953685232739007e-06,1.072393271682201332e-06
6.581250000000000711e+00,5.939092681132854823e-01,-9.600962541555712812e-04,8.961467593672681848e-04,5.933818339473218018e-01,-4.447516947884197339e-04,3.323625203778394777e-06,-5.966639738636428072e-06,1.060397125653333128e-06
6.587500000000000355e+00,5.939032849820607973e-01,-9.545109309098759797e-04,8.911613181511690530e-04,5.933790627212440771e-01,-4.420431772881418860e-04,3.286542099672281723e-06,-5.900078285204893414e-06,1.048534666965976455e-06
6.593750000000000000e+00,5.938973366619154648e-01,-9.489566798540417011e-04,8.862036327986154947e-04,5.933763083761034451e-01,-4.393497808693769833e-04,3.249872675102253062e-06,-5.834260889049934380e-06,1.036804403479086656e-06
6.600000000000000533e+00,5.938914229591893967e-01,-9.434333279970166233e-04,8.812735488626664880e-04,5.933735708176556267e-01,-4.366714216847895381e-04,3.213612305824947078e-06,-5.769179209226684689e-06,1.025204859744128283e-06
6.606250000000001066e+00,5.938855436813006428e-01,-9.379407033103518603e-04,8.763709127570109376e-04,5.933708499521785917e-01,-4.340080163556795018e-04,3.177756419434019975e-06,-5.704824998659342561e-06,1.013734576817766465e-06
6.612500000000000711e+00,5.938796986367395059e-01,-9.324786347228363956e-04,8.714955717511694297e-04,5.933681456864701165e-01,-4.313594819693848952e-04,3.142300494776779464e-06,-5.641190103079103217e-06,1.002392112076662520e-06
6.618750000000000355e+00,5.938738876350625473e-01,-9.270469521151605309e-04,8.666473739657235258e-04,5.933654579278446750e-01,-4.287257360766983175e-04,3.107240061377419702e-06,-5.578266459974196317e-06,9.911760390343581347e-07
6.625000000000000000e+00,5.938681104868864802e-01,-9.216454863146150049e-04,8.618261683675743296e-04,5.933627865841306637e-01,-4.261066966893004774e-04,3.072570698866802942e-06,-5.516046097551940255e-06,9.800849471602290643e-07
6.631249999999999645e+00,5.938623670038825075e-01,-9.162740690898145066e-04,8.570318047652255569e-04,5.933601315636674034e-01,-4.235022822772059755e-04,3.038288036418674410e-06,-5.454521133712572756e-06,9.691174417004740327e-07
6.637500000000000178e+00,5.938566569987703270e-01,-9.109325331454525216e-04,8.522641338040928436e-04,5.933574927753023642e-01,-4.209124117662239395e-04,3.004387752192251938e-06,-5.393683775034786621e-06,9.582721435011189411e-07
6.643750000000000711e+00,5.938509802853122466e-01,-9.056207121170866455e-04,8.475230069618413511e-04,5.933548701283885007e-01,-4.183370045354338940e-04,2.970865572781142100e-06,-5.333526315772841869e-06,9.475476888330219788e-07
6.650000000000000355e+00,5.938453366783075227e-01,-9.003384405659504595e-04,8.428082765437471154e-04,5.933522635327809214e-01,-4.157759804146743681e-04,2.937717272668458736e-06,-5.274041136865067934e-06,9.369427292188433206e-07
6.656250000000000000e+00,5.938397259935865868e-01,-8.950855539737939204e-04,8.381197956780837670e-04,5.933496728988346680e-01,-4.132292596820451649e-04,2.904938673688112118e-06,-5.215220704953655114e-06,9.264559312619617297e-07
6.662500000000000533e+00,5.938341480480050505e-01,-8.898618887377550846e-04,8.334574183115372233e-04,5.933470981374013853e-01,-4.106967630614255689e-04,2.872525644492198440e-06,-5.157057571415635329e-06,9.160859764773268428e-07
6.668750000000001066e+00,5.938286026594384870e-01,-8.846672821652614305e-04,8.288209992046471604e-04,5.933445391598271001e-01,-4.081784117200057795e-04,2.840474100024419345e-06,-5.099544371404908181e-06,9.058315611242138912e-07
6.675000000000000711e+00,5.938230896467763253e-01,-8.795015724689552502e-04,8.242103939272708195e-04,5.933419958779488912e-01,-4.056741272658316816e-04,2.808780000999430250e-06,-5.042673822905126838e-06,8.956913960408585173e-07
6.681250000000000355e+00,5.938176088299160771e-01,-8.743645987616485314e-04,8.196254588540713166e-04,5.933394682040926682e-01,-4.031838317453623004e-04,2.777439353388078524e-06,-4.986438725793375947e-06,8.856642064809517810e-07
6.687500000000000000e+00,5.938121600297585623e-01,-8.692562010513090647e-04,8.150660511600359842e-04,5.933369560510700635e-01,-4.007074476410436284e-04,2.746448207908480251e-06,-4.930831960914543351e-06,8.757487319519852985e-07
6.693749999999999645e+00,5.938067430682011372e-01,-8.641762202360714872e-04,8.105320288160163976e-04,5.933344593321756566e-01,-3.982448978688942149e-04,2.715802659522832268e-06,-4.875846489166191621e-06,8.659437260554097723e-07
6.700000000000000178e+00,5.938013577681333643e-01,-8.591244980992764069e-04,8.060232505842926864e-04,5.933319779611848643e-01,-3.957961057761043636e-04,2.685498846939911594e-06,-4.821475350593851483e-06,8.562479563285937838e-07
6.706250000000000711e+00,5.937960039534305734e-01,-8.541008773045399936e-04,8.015395760141667955e-04,5.933295118523504996e-01,-3.933609951386500200e-04,2.655532952123213566e-06,-4.767711663496633799e-06,8.466602040885668614e-07
6.712500000000000355e+00,5.937906814489486429e-01,-8.491052013908468796e-04,7.970808654375754771e-04,5.933270609204005508e-01,-3.909394901589186943e-04,2.625901199804627020e-06,-4.714548623542977992e-06,8.371792642775161176e-07
6.718750000000000000e+00,5.937853900805188934e-01,-8.441373147676719006e-04,7.926469799647291965e-04,5.933246250805354061e-01,-3.885315154633483398e-04,2.596599857003605033e-06,-4.661979502896470846e-06,8.278039453100204689e-07
6.725000000000000533e+00,5.937801296749420921e-01,-8.391970627101297004e-04,7.882377814797773830e-04,5.933222042484253000e-01,-3.861369961000810308e-04,2.567625232551782923e-06,-4.609997649351625567e-06,8.185330689220113210e-07
6.731250000000001066e+00,5.937749000599835680e-01,-8.342842913541533923e-04,7.838531326364972084e-04,5.933197983402075382e-01,-3.837558575366298145e-04,2.538973676622970681e-06,-4.558596485479499976e-06,8.093654700214325070e-07
6.737500000000000711e+00,5.937697010643675499e-01,-8.293988476916960969e-04,7.794928968540057847e-04,5.933174072724839432e-01,-3.813880256575569454e-04,2.510641580268434272e-06,-4.507769507782996293e-06,8.002999965405760811e-07
6.743750000000000355e+00,5.937645325177718370e-01,-8.245405795659592604e-04,7.751569383124942616e-04,5.933150309623181906e-01,-3.790334267621658362e-04,2.482625374957428119e-06,-4.457510285861773045e-06,7.913355092900798846e-07
6.750000000000000000e+00,5.937593942508225808e-01,-8.197093356666516548e-04,7.708451219489902227e-04,5.933126693272333663e-01,-3.766919875622068859e-04,2.454921532122938535e-06,-4.407812461586679327e-06,7.824708818145752380e-07
6.756249999999999645e+00,5.937542860950890677e-01,-8.149049655252714724e-04,7.665573134531411146e-04,5.933103222852094127e-01,-3.743636351795952884e-04,2.427526562712538570e-06,-4.358669748283556387e-06,7.737050002499525723e-07
6.762500000000000178e+00,5.937492078830783893e-01,-8.101273195104148747e-04,7.622933792630206618e-04,5.933079897546804649e-01,-3.720482971441415807e-04,2.400437016744319133e-06,-4.310075929926310005e-06,7.650367631822351522e-07
6.768750000000000711e+00,5.937441594482300022e-01,-8.053762488231135976e-04,7.580531865609619517e-04,5.933056716545320741e-01,-3.697459013912962307e-04,2.373649482867845556e-06,-4.262024860339186712e-06,7.564650815080437382e-07
6.775000000000000355e+00,5.937391406249111769e-01,-8.006516054921946745e-04,7.538366032694099285e-04,5.933033679040993214e-01,-3.674563762599049603e-04,2.347160587930055749e-06,-4.214510462408082785e-06,7.479888782966264608e-07
6.781250000000000000e+00,5.937341512484110018e-01,-7.959532423696663974e-04,7.496434980467981714e-04,5.933010784231635970e-01,-3.651796504899773479e-04,2.320966996546058443e-06,-4.167526727300814839e-06,7.396070886534401409e-07
6.787500000000000533e+00,5.937291911549360535e-01,-7.912810131261326834e-04,7.454737402834497439e-04,5.932988031319504918e-01,-3.629156532204683345e-04,2.295065410674791705e-06,-4.121067713696278346e-06,7.313186595852714101e-07
6.793750000000001066e+00,5.937242601816045129e-01,-7.866347722462324870e-04,7.413272000975023278e-04,5.932965419511274652e-01,-3.606643139870730104e-04,2.269452569199473544e-06,-4.075127547022364461e-06,7.231225498668753967e-07
6.800000000000000711e+00,5.937193581664420572e-01,-7.820143750241026308e-04,7.372037483308528736e-04,5.932942948018007367e-01,-3.584255627200320276e-04,2.244125247512771335e-06,-4.029700418702512364e-06,7.150177299091090011e-07
6.806250000000000355e+00,5.937144849483756426e-01,-7.774196775588658979e-04,7.331032565451251273e-04,5.932920616055137319e-01,-3.561993297419495342e-04,2.219080257106653222e-06,-3.984780585410811544e-06,7.070031816285480672e-07
6.812500000000000000e+00,5.937096403672296185e-01,-7.728505367501462301e-04,7.290255970176629614e-04,5.932898422842436403e-01,-3.539855457656247164e-04,2.194314445166891422e-06,-3.940362368335610833e-06,6.990778983185769087e-07
6.818749999999999645e+00,5.937048242637198436e-01,-7.683068102936084281e-04,7.249706427375431127e-04,5.932876367603997503e-01,-3.517841418918945607e-04,2.169824694172120871e-06,-3.896440152451452935e-06,6.912408845219223444e-07
6.825000000000000178e+00,5.937000364794492446e-01,-7.637883566765208375e-04,7.209382674016110142e-04,5.932854449568208954e-01,-3.495950496074884894e-04,2.145607921497426963e-06,-3.853008385799286998e-06,6.834911559046218657e-07
6.831250000000000711e+00,5.936952768569028205e-01,-7.592950351733464406e-04,7.169283454105403706e-04,5.932832667967724571e-01,-3.474182007828963852e-04,2.121661079022419590e-06,-3.810061578774874123e-06,6.758277391314132323e-07
6.837500000000000355e+00,5.936905452394426463e-01,-7.548267058413546567e-04,7.129407518649123580e-04,5.932811022039450322e-01,-3.452535276702471873e-04,2.097981152743709215e-06,-3.767594303425244336e-06,6.682496717425195530e-07
6.843750000000000000e+00,5.936858414713027665e-01,-7.503832295162580785e-04,7.089753625613163992e-04,5.932789511024509910e-01,-3.431009629011989252e-04,2.074565162391759991e-06,-3.725601192753141084e-06,6.607560020318205379e-07
6.850000000000000533e+00,5.936811653975849756e-01,-7.459644678078754471e-04,7.050320539884755502e-04,5.932768134168225904e-01,-3.409604394848425222e-04,2.051410161052074182e-06,-3.684076940029385488e-06,6.533457889263970008e-07
6.856250000000001066e+00,5.936765168642531565e-01,-7.415702830958195626e-04,7.011107033233928126e-04,5.932746890720100863e-01,-3.388318908056166582e-04,2.028513234790654093e-06,-3.643016298113045161e-06,6.460181018674301928e-07
6.862500000000000711e+00,5.936718957181293943e-01,-7.372005385252061206e-04,6.972111884275173938e-04,5.932725779933782917e-01,-3.367152506212337448e-04,2.005871502283669954e-06,-3.602414078779298739e-06,6.387720206924351047e-07
6.868750000000000355e+00,5.936673018068882035e-01,-7.328550980023864009e-04,6.933333878429317858e-04,5.932704801067051337e-01,-3.346104530606172850e-04,1.983482114451312140e-06,-3.562265152054924983e-06,6.316066355188190607e-07
6.875000000000000000e+00,5.936627349790528640e-01,-7.285338261907071695e-04,6.894771807885634535e-04,5.932683953381793218e-01,-3.325174326218520264e-04,1.961342254095781568e-06,-3.522564445561365199e-06,6.245210466287527875e-07
6.881249999999999645e+00,5.936581950839898703e-01,-7.242365885062916142e-04,6.856424471564156065e-04,5.932663236143974617e-01,-3.304361241701451730e-04,1.939449135543356870e-06,-3.483306943865213295e-06,6.175143643553321512e-07
6.887500000000000178e+00,5.936536819719043789e-01,-7.199632511138438079e-04,6.818290675078180277e-04,5.932642648623621673e-01,-3.283664629357982770e-04,1.917800004290491744e-06,-3.444487687836077558e-06,6.105857089700201842e-07
6.893750000000000711e+00,5.936491954938359905e-01,-7.157136809224787580e-04,6.780369230697025134e-04,5.932622190094799519e-01,-3.263083845121923570e-04,1.896392136653920045e-06,-3.406101774011749793e-06,6.037342105713565908e-07
6.900000000000000355e+00,5.936447355016536420e-01,-7.114877455815727314e-04,6.742658957308947940e-04,5.932601859835584523e-01,-3.242618248537823414e-04,1.875222839424686657e-06,-3.368144353970547130e-06,5.969590089749140853e-07
6.906250000000000000e+00,5.936403018480511662e-01,-7.072853134766366725e-04,6.705158680384290049e-04,5.932581657128045416e-01,-3.222267202741031116e-04,1.854289449526083193e-06,-3.330610633710773150e-06,5.902592536044912927e-07
6.912500000000000533e+00,5.936358943865428506e-01,-7.031062537252155339e-04,6.667867231938829752e-04,5.932561581258222194e-01,-3.202030074437877977e-04,1.833589333675448278e-06,-3.293495873037239865e-06,5.836341033845319410e-07
6.918750000000001066e+00,5.936315129714584415e-01,-6.989504361728095076e-04,6.630783450497358504e-04,5.932541631516099478e-01,-3.181906233885975119e-04,1.813119888049782234e-06,-3.256795384954746399e-06,5.770827266337529813e-07
6.925000000000000711e+00,5.936271574579391475e-01,-6.948177313888159647e-04,6.593906181057420865e-04,5.932521807195587638e-01,-3.161895054874603521e-04,1.792878537955118995e-06,-3.220504535068411415e-06,5.706043009599642717e-07
6.931250000000000355e+00,5.936228277019326427e-01,-6.907080106624945972e-04,6.557234275053276705e-04,5.932502107594499474e-01,-3.141995914705220062e-04,1.772862737499624750e-06,-3.184618740990811470e-06,5.641980131560696602e-07
6.937500000000000000e+00,5.936185235601890708e-01,-6.866211459989569540e-04,6.520766590320073745e-04,5.932482532014529131e-01,-3.122208194172088253e-04,1.753069969270393888e-06,-3.149133471755859195e-06,5.578630590972416318e-07
6.943749999999999645e+00,5.936142448902561597e-01,-6.825570101151766855e-04,6.484501991058209827e-04,5.932463079761230995e-01,-3.102531277543000036e-04,1.733497744013878926e-06,-3.114044247239311217e-06,5.515986436392467559e-07
6.950000000000000178e+00,5.936099915504747804e-01,-6.785154764360217970e-04,6.448439347797891436e-04,5.932443750143994166e-01,-3.082964552540113051e-04,1.714143600319918420e-06,-3.079346637585841423e-06,5.454039805179140984e-07
6.956250000000000711e+00,5.936057633999750616e-01,-6.744964190903108637e-04,6.412577537363911215e-04,5.932424542476026907e-01,-3.063507410320903375e-04,1.695005104309338719e-06,-3.045036262642631299e-06,5.392782922497360116e-07
6.962500000000000355e+00,5.936015602986712825e-01,-6.704997129068894111e-04,6.376915442840593549e-04,5.932405456074330008e-01,-3.044159245459210957e-04,1.676079849325061168e-06,-3.011108791399349859e-06,5.332208100335807598e-07
6.968750000000000000e+00,5.935973821072582091e-01,-6.665252334107268960e-04,6.341451953536941799e-04,5.932386490259676792e-01,-3.024919455926395099e-04,1.657365455626689133e-06,-2.977559941434485907e-06,5.272307736535097831e-07
6.975000000000000533e+00,5.935932286872059871e-01,-6.625728568190385149e-04,6.306185964951998039e-04,5.932367644356596470e-01,-3.005787443072603779e-04,1.638859570088547952e-06,-2.944385478367969930e-06,5.213074313826894317e-07
6.981250000000001066e+00,5.935890999007567004e-01,-6.586424600374282635e-04,6.271116378740393621e-04,5.932348917693344159e-01,-2.986762611608149228e-04,1.620559865901124670e-06,-2.911581215319998396e-06,5.154500398883818225e-07
6.987500000000000711e+00,5.935849956109193748e-01,-6.547339206560512945e-04,6.236242102678075374e-04,5.932330309601889784e-01,-2.967844369584978913e-04,1.602464042275861811e-06,-2.879143012375969396e-06,5.096578641379995670e-07
6.993750000000000355e+00,5.935809156814659815e-01,-6.508471169457976345e-04,6.201562050628222625e-04,5.932311819417890320e-01,-2.949032128378248981e-04,1.584569824153275963e-06,-2.847066776057483038e-06,5.039301773062153742e-07
7.000000000000000000e+00,5.935768599769271070e-01,-6.469819278545001868e-04,6.167075142507381057e-04,5.932293446480669807e-01,-2.930325302668015334e-04,1.566874961914376829e-06,-2.815348458799353660e-06,4.982662606831184796e-07
7.006249999999999645e+00,5.935728283625881785e-01,-6.431382330031606238e-04,6.132780304251762458e-04,5.932275190133203813e-01,-2.911723310421020119e-04,1.549377231095325335e-06,-2.783984058432530097e-06,4.926654035833999022e-07
7.012500000000000178e+00,5.935688207044843567e-01,-6.393159126821979388e-04,6.098676467783736366e-04,5.932257049722092779e-01,-2.893225572872574168e-04,1.532074432105307070e-06,-2.752969617672868522e-06,4.871269032565563640e-07
7.018750000000000711e+00,5.935648368693974275e-01,-6.355148478477185741e-04,6.064762570978524461e-04,5.932239024597545374e-01,-2.874831514508559781e-04,1.514964389947590364e-06,-2.722301223615716357e-06,4.816500647981060963e-07
7.025000000000000355e+00,5.935608767248506945e-01,-6.317349201178054131e-04,6.031037557631061929e-04,5.932221114113355176e-01,-2.856540563047515915e-04,1.498044953943714565e-06,-2.691975007236194596e-06,4.762342010617977926e-07
7.031250000000000000e+00,5.935569401391056488e-01,-6.279760117688269402e-04,5.997500377423042048e-04,5.932203317626886241e-01,-2.838352149422828535e-04,1.481313997460783344e-06,-2.661987142895140433e-06,4.708786325728042364e-07
7.037500000000000533e+00,5.935530269811571946e-01,-6.242380057317697094e-04,5.964149985890159194e-04,5.932185634499046456e-01,-2.820265707765028302e-04,1.464769417641838643e-06,-2.632333847850656812e-06,4.655826874418943592e-07
7.043750000000001066e+00,5.935491371207300970e-01,-6.205207855885904377e-04,5.930985344389544823e-04,5.932168064094270887e-01,-2.802280675384189097e-04,1.448409135139268915e-06,-2.603011381775196500e-06,4.603457012805682145e-07
7.050000000000000711e+00,5.935452704282746517e-01,-6.168242355685871810e-04,5.898005420067355250e-04,5.932150605780500685e-01,-2.784396492752418150e-04,1.432231093851209298e-06,-2.574016046278091313e-06,4.551670171171415307e-07
7.056250000000000355e+00,5.935414267749625772e-01,-6.131482405447894824e-04,5.865209185826551330e-04,5.932133258929166431e-01,-2.766612603486440507e-04,1.416233260660910629e-06,-2.545344184433488788e-06,4.500459853137724801e-07
7.062500000000000000e+00,5.935376060326834624e-01,-6.094926860303726988e-04,5.832595620294875457e-04,5.932116022915165932e-01,-2.748928454330298952e-04,1.400413625179051488e-06,-2.516992180313649744e-06,4.449819634844228859e-07
7.068749999999999645e+00,5.935338080740401034e-01,-6.058574581750892415e-04,5.800163707792983618e-04,5.932098897116842018e-01,-2.731343495138135796e-04,1.384770199488942422e-06,-2.488956458527513098e-06,4.399743164137378234e-07
7.075000000000000178e+00,5.935300327723450620e-01,-6.022424437617194398e-04,5.767912438302772588e-04,5.932081880915970329e-01,-2.713857178857079287e-04,1.369301017894598872e-06,-2.461233483764480963e-06,4.350224159768348297e-07
7.081250000000000711e+00,5.935262800016163354e-01,-5.986475302025454992e-04,5.735840807435882774e-04,5.932064973697733778e-01,-2.696468961510228141e-04,1.354004136671656095e-06,-2.433819760343382069e-06,4.301256410599970553e-07
7.087500000000000355e+00,5.935225496365740261e-01,-5.950726055358408545e-04,5.703947816402368028e-04,5.932048174850705902e-01,-2.679178302179727688e-04,1.338877633821077183e-06,-2.406711831766517814e-06,4.252833774822516721e-07
7.093750000000000000e+00,5.935188415526356787e-01,-5.915175584223804480e-04,5.672232471979534590e-04,5.932031483766831981e-01,-2.661984662989933838e-04,1.323919608825632574e-06,-2.379906280278754506e-06,4.204950179178291949e-07
7.100000000000000533e+00,5.935151556259128380e-01,-5.879822781419716086e-04,5.640693786480971937e-04,5.932014899841407951e-01,-2.644887509090690890e-04,1.309128182409128818e-06,-2.353399726431619034e-06,4.157599618194953001e-07
7.106250000000001066e+00,5.935114917332073858e-01,-5.844666545900046618e-04,5.609330777725760357e-04,5.931998422473064858e-01,-2.627886308640693365e-04,1.294501496298344252e-06,-2.327188828652322154e-06,4.110776153427425943e-07
7.112500000000000711e+00,5.935078497520070995e-01,-5.809705782740204544e-04,5.578142469007828144e-04,5.931982051063748873e-01,-2.610980532790940539e-04,1.280037712987637271e-06,-2.301270282817644163e-06,4.064473912708303166e-07
7.118750000000000355e+00,5.935042295604824325e-01,-5.774939403102972860e-04,5.547127889065487684e-04,5.931965785018700199e-01,-2.594169655668280964e-04,1.265735015506199885e-06,-2.275640821832638497e-06,4.018687089406653024e-07
7.125000000000000000e+00,5.935006310374822958e-01,-5.740366324204590909e-04,5.516286072051150438e-04,5.931949623746437528e-01,-2.577453154359061072e-04,1.251591607187943011e-06,-2.250297215214118953e-06,3.973409941695172751e-07
7.131249999999999645e+00,5.934970540625306157e-01,-5.705985469281002085e-04,5.485616057501208889e-04,5.931933566658738055e-01,-2.560830508892859977e-04,1.237605711443958643e-06,-2.225236268678838622e-06,3.928636791825540663e-07
7.137500000000000178e+00,5.934934985158222265e-01,-5.671795767554297773e-04,5.455116890306076780e-04,5.931917613170620829e-01,-2.544301202226311549e-04,1.223775571537544305e-06,-2.200454823736330889e-06,3.884362025411891393e-07
7.143750000000000711e+00,5.934899642782194285e-01,-5.637796154199359701e-04,5.424787620680416927e-04,5.931901762700325653e-01,-2.527864720227030577e-04,1.210099450361763517e-06,-2.175949757286361687e-06,3.840580090722360185e-07
7.150000000000000355e+00,5.934864512312483242e-01,-5.603985570310668178e-04,5.394627304133515393e-04,5.931886014669298657e-01,-2.511520551657618616e-04,1.196575630219499921e-06,-2.151717981220920151e-06,3.797285497978534768e-07
7.156250000000000000e+00,5.934829592570948220e-01,-5.570362962869288134e-04,5.364635001439818293e-04,5.931870368502168978e-01,-2.495268188159756035e-04,1.183202412605983062e-06,-2.127756442030703197e-06,3.754472818662771921e-07
7.162500000000000533e+00,5.934794882386011938e-01,-5.536927284710072006e-04,5.334809778609651831e-04,5.931854823626738771e-01,-2.479107124238399767e-04,1.169978117993769491e-06,-2.104062120416066948e-06,3.712136684833300407e-07
7.168750000000001066e+00,5.934760380592624118e-01,-5.503677494489027421e-04,5.305150706860108220e-04,5.931839379473956564e-01,-2.463036857246064001e-04,1.156901085620139616e-06,-2.080632030902372120e-06,3.670271788447008062e-07
7.175000000000000711e+00,5.934726086032222625e-01,-5.470612556650859435e-04,5.275656862586071459e-04,5.931824035477905044e-01,-2.447056887367184369e-04,1.143969673276878736e-06,-2.057463221459662850e-06,3.628872880689801378e-07
7.181250000000000355e+00,5.934691997552702381e-01,-5.437731441396692752e-04,5.246327327331414426e-04,5.931808791075781073e-01,-2.431166717602570749e-04,1.131182257102421507e-06,-2.034552773126644202e-06,3.587934771314468727e-07
7.187500000000000000e+00,5.934658114008375396e-01,-5.405033124651988010e-04,5.217161187760366173e-04,5.931793645707881257e-01,-2.415365853753955220e-04,1.118537231376342479e-06,-2.011897799638925759e-06,3.547452327986001185e-07
7.193749999999999645e+00,5.934624434259936354e-01,-5.372516588034631545e-04,5.188157535629032112e-04,5.931778598817578629e-01,-2.399653804408625394e-04,1.106033008316148236e-06,-1.989495447061451680e-06,3.507420475634232780e-07
7.200000000000000178e+00,5.934590957174427084e-01,-5.340180818823187783e-04,5.159315467757067059e-04,5.931763649851313769e-01,-2.384030080924137707e-04,1.093668017876356942e-06,-1.967342893425081207e-06,3.467834195813733986e-07
7.206250000000000711e+00,5.934557681625201031e-01,-5.308024809925358713e-04,5.130634085999532601e-04,5.931748798258568156e-01,-2.368494197413130724e-04,1.081440707549839895e-06,-1.945437348367293388e-06,3.428688526070908178e-07
7.212500000000000355e+00,5.934524606491888843e-01,-5.276047559846589732e-04,5.102112497218873723e-04,5.931734043491853070e-01,-2.353045670728212452e-04,1.069349542171390562e-06,-1.923776052776926635e-06,3.389978559318155514e-07
7.218750000000000000e+00,5.934491730660363951e-01,-5.244248072658850039e-04,5.073749813257073240e-04,5.931719385006691825e-01,-2.337684020446930582e-04,1.057393003723497806e-06,-1.902356278442938086e-06,3.351699443215049721e-07
7.225000000000000533e+00,5.934459053022704822e-01,-5.212625357969610362e-04,5.045545150907962363e-04,5.931704822261599785e-01,-2.322408768856841672e-04,1.045569591144312931e-06,-1.881175327707138524e-06,3.313846379556480673e-07
7.231250000000001066e+00,5.934426572477164985e-01,-5.181178430890981141e-04,5.017497631889691716e-04,5.931690354718073266e-01,-2.307219440940659204e-04,1.033877820137771362e-06,-1.860230533120850111e-06,3.276414623667647340e-07
7.237500000000000711e+00,5.934394287928135281e-01,-5.149906312009023103e-04,4.989606382817341141e-04,5.931675981840565104e-01,-2.292115564361482411e-04,1.022316222985842925e-06,-1.839519257105428922e-06,3.239399483805819064e-07
7.243750000000000355e+00,5.934362198286110557e-01,-5.118808027353207455e-04,4.961870535175679116e-04,5.931661703096473559e-01,-2.277096669448103986e-04,1.010883348362892504e-06,-1.819038891616621366e-06,3.202796320568794222e-07
7.250000000000000000e+00,5.934330302467657470e-01,-5.087882608366086409e-04,4.934289225292099986e-04,5.931647517956125659e-01,-2.262162289180416988e-04,9.995777611521326617e-07,-1.798786857812724417e-06,3.166600546310025561e-07
7.256249999999999645e+00,5.934298599395376739e-01,-5.057129091873098156e-04,4.906861594309690211e-04,5.931633425892754996e-01,-2.247311959174890330e-04,9.883980422641345465e-07,-1.778760605726481258e-06,3.130807624560269279e-07
7.262500000000000178e+00,5.934267087997874279e-01,-5.026546520052558318e-04,4.879586788160447490e-04,5.931619426382492843e-01,-2.232545217670132086e-04,9.773427884573759182e-07,-1.758957613940680585e-06,3.095413069455723966e-07
7.268750000000000711e+00,5.934235767209725676e-01,-4.996133940405816194e-04,4.852463957538668475e-04,5.931605518904348173e-01,-2.217861605512537904e-04,9.664106121608127314e-07,-1.739375389267429905e-06,3.060412445172595875e-07
7.275000000000000355e+00,5.934204635971442876e-01,-4.965890405727571479e-04,4.825492257874460628e-04,5.931591702940188782e-01,-2.203260666142016131e-04,9.556001412984348958e-07,-1.720011466431033181e-06,3.025801365367972478e-07
7.281250000000000000e+00,5.934173693229440882e-01,-4.935814974076343847e-04,4.798670849307406410e-04,5.931577977974732407e-01,-2.188741945577787743e-04,9.449100191157950931e-07,-1.700863407754450363e-06,2.991575492626968821e-07
7.287500000000000533e+00,5.934142937936004447e-01,-4.905906708745132270e-04,4.771998896660386300e-04,5.931564343495521197e-01,-2.174304992404280611e-04,9.343389040084890523e-07,-1.681928802849304288e-06,2.957730537916082112e-07
7.293750000000001066e+00,5.934112369049259206e-01,-4.876164678232235345e-04,4.745475569413550899e-04,5.931550798992913931e-01,-2.159949357757100187e-04,9.238854693525653657e-07,-1.663205268309387958e-06,2.924262260042676167e-07
7.300000000000000711e+00,5.934081985533133929e-01,-4.846587956212212024e-04,4.719100041678423677e-04,5.931537343960066044e-01,-2.145674595309073388e-04,9.135484033368318117e-07,-1.644690447407616897e-06,2.891166465120498334e-07
7.306250000000000355e+00,5.934051786357332769e-01,-4.817175621507012559e-04,4.692871492172144120e-04,5.931523977892912969e-01,-2.131480261256372163e-04,9.033264087970467499e-07,-1.626382009796403953e-06,2.858439006041190219e-07
7.312500000000000000e+00,5.934021770497300841e-01,-4.787926758057280217e-04,4.666789104191880022e-04,5.931510700290160143e-01,-2.117365914304723796e-04,8.932182030519786467e-07,-1.608277651211425619e-06,2.826075781951738773e-07
7.318749999999999645e+00,5.933991936934190914e-01,-4.758840454893806401e-04,4.640852065589361739e-04,5.931497510653259697e-01,-2.103331115655694120e-04,8.832225177413014395e-07,-1.590375093178721006e-06,2.794072737737766075e-07
7.325000000000000178e+00,5.933962284654834551e-01,-4.729915806109139193e-04,4.615059568745564448e-04,5.931484408486398241e-01,-2.089375428993046901e-04,8.733380986653100683e-07,-1.572672082725095085e-06,2.762425863512605939e-07
7.331250000000000711e+00,5.933932812651712130e-01,-4.701151910829363197e-04,4.589410810545541640e-04,5.931471393296484651e-01,-2.075498420469190771e-04,8.635637056264412468e-07,-1.555166392091798476e-06,2.731131194112123937e-07
7.337500000000000355e+00,5.933903519922912873e-01,-4.672547873186022496e-04,4.563904992353384391e-04,5.931458464593128976e-01,-2.061699658691689579e-04,8.538981122725668613e-07,-1.537855818451424043e-06,2.700184808595171247e-07
7.343750000000000000e+00,5.933874405472115976e-01,-4.644102802288195943e-04,4.538541319987317237e-04,5.931445621888630226e-01,-2.047978714709854336e-04,8.443401059420466571e-07,-1.520738183627997662e-06,2.669582829749638980e-07
7.350000000000000533e+00,5.933845468308550641e-01,-4.615815812194742668e-04,4.513319003694953968e-04,5.931432864697963048e-01,-2.034335162001415663e-04,8.348884875105261309e-07,-1.503811333820233707e-06,2.639321423604058449e-07
7.356250000000001066e+00,5.933816707446964989e-01,-4.587686021886704796e-04,4.488237258128683531e-04,5.931420192538757741e-01,-2.020768576459272938e-04,8.255420712394535815e-07,-1.487073139327914187e-06,2.609396798944674337e-07
7.362500000000000711e+00,5.933788121907602742e-01,-4.559712555239847317e-04,4.463295302321186576e-04,5.931407604931288047e-01,-2.007278536378313111e-04,8.162996846262936622e-07,-1.470521494281340493e-06,2.579805206837910288e-07
7.368750000000000355e+00,5.933759710716165481e-01,-4.531894540997345408e-04,4.438492359661082103e-04,5.931395101398456715e-01,-1.993864622442301075e-04,8.071601682564206001e-07,-1.454154316373838065e-06,2.550542940158179265e-07
7.375000000000000000e+00,5.933731472903785997e-01,-4.504231112742652812e-04,4.413827657868735666e-04,5.931382681465779960e-01,-1.980526417710857037e-04,7.981223756566819746e-07,-1.437969546597288140e-06,2.521606333121007998e-07
7.381249999999999645e+00,5.933703407506997207e-01,-4.476721408872494910e-04,4.389300428972181946e-04,5.931370344661371918e-01,-1.967263507606500309e-04,7.891851731505997063e-07,-1.421965148980631744e-06,2.492991760821370671e-07
7.387500000000000178e+00,5.933675513567702176e-01,-4.449364572570020616e-04,4.364909909283184487e-04,5.931358090515930215e-01,-1.954075479901765187e-04,7.803474397151969249e-07,-1.406139110331321772e-06,2.464695638777192692e-07
7.393750000000000711e+00,5.933647790133141919e-01,-4.422159751778111493e-04,4.340655339373444507e-04,5.931345918562721531e-01,-1.940961924706399505e-04,7.716080668394363167e-07,-1.390489439979697771e-06,2.436714422477985893e-07
7.400000000000000355e+00,5.933620236255870983e-01,-4.395106099172827472e-04,4.316535964050924085e-04,5.931333828337569392e-01,-1.927922434454625532e-04,7.629659583842407312e-07,-1.375014169526232994e-06,2.409044606938512463e-07
7.406250000000000000e+00,5.933592850993724133e-01,-4.368202772136991889e-04,4.292551032336300006e-04,5.931321819378834181e-01,-1.914956603892475136e-04,7.544200304440850322e-07,-1.359711352591627074e-06,2.381682726257450865e-07
7.412500000000000533e+00,5.933565633409787488e-01,-4.341448932733947292e-04,4.268699797439567218e-04,5.931309891227403153e-01,-1.902064030065203279e-04,7.459692112101458554e-07,-1.344579064569727787e-06,2.354625353181020615e-07
7.418750000000001066e+00,5.933538582572369657e-01,-4.314843747681448394e-04,4.244981516736769686e-04,5.931298043426674882e-01,-1.889244312304773886e-04,7.376124408349860830e-07,-1.329615402383233612e-06,2.327869098671487284e-07
7.425000000000000711e+00,5.933511697554971764e-01,-4.288386388325692716e-04,4.221395451746847794e-04,5.931286275522545948e-01,-1.876497052217409407e-04,7.293486712987543432e-07,-1.314818484242143450e-06,2.301410611480489503e-07
7.431250000000000355e+00,5.933484977436261909e-01,-4.262076030615488936e-04,4.197940868108618025e-04,5.931274587063394277e-01,-1.863821853671211943e-04,7.211768662768837580e-07,-1.300186449404926146e-06,2.275246577727139264e-07
7.437500000000000000e+00,5.933458421300042973e-01,-4.235911855076592730e-04,4.174617035557893585e-04,5.931262977600066932e-01,-1.851218322783864322e-04,7.130960010092827386e-07,-1.285717457942393546e-06,2.249373720480864812e-07
7.443749999999999645e+00,5.933432028235225975e-01,-4.209893046786166771e-04,4.151423227904725913e-04,5.931251446685867901e-01,-1.838686067910393529e-04,7.051050621709870203e-07,-1.271409690504222846e-06,2.223788799348911950e-07
7.450000000000000178e+00,5.933405797335798981e-01,-4.184018795347384375e-04,4.128358723010766541e-04,5.931239993876538108e-01,-1.826224699631005138e-04,6.972030477442636157e-07,-1.257261348088112592e-06,2.198488610068458501e-07
7.456250000000000711e+00,5.933379727700802686e-01,-4.158288294864188189e-04,4.105422802766774235e-04,5.931228618730248758e-01,-1.813833830738992563e-04,6.893889668921537726e-07,-1.243270651811544564e-06,2.173469984103313073e-07
7.462500000000000355e+00,5.933353818434301541e-01,-4.132700743916170854e-04,4.082614753070227306e-04,5.931217320807582460e-01,-1.801513076228709192e-04,6.816618398334284644e-07,-1.229435842686107521e-06,2.148729788245109176e-07
7.468750000000000000e+00,5.933328068645352671e-01,-4.107255345533595528e-04,4.059933863803066021e-04,5.931206099671522125e-01,-1.789262053283607195e-04,6.740206977189465674e-07,-1.215755181394363100e-06,2.124264924218962423e-07
7.475000000000000533e+00,5.933302477447982559e-01,-4.081951307172570370e-04,4.037379428809566208e-04,5.931194954887435422e-01,-1.777080381264352501e-04,6.664645825094043952e-07,-1.202226948069233329e-06,2.100072328293558497e-07
7.481250000000001066e+00,5.933277043961155961e-01,-4.056787840690357456e-04,4.014950745874342418e-04,5.931183886023063678e-01,-1.764967681697008348e-04,6.589925468544560506e-07,-1.188849442075871013e-06,2.076148970895603340e-07
7.487500000000000711e+00,5.933251767308749258e-01,-4.031764162320809102e-04,3.992647116700457342e-04,5.931172892648506334e-01,-1.752923578261279282e-04,6.516036539731849005e-07,-1.175620981795980154e-06,2.052491856228574687e-07
7.493750000000000355e+00,5.933226646619526035e-01,-4.006879492649938613e-04,3.970467846887655366e-04,5.931161974336206510e-01,-1.740947696778821286e-04,6.442969775359159042e-07,-1.162539904414565667e-06,2.029098021895742105e-07
7.500000000000000000e+00,5.933201681027104879e-01,-3.982133056591642835e-04,3.948412245910735453e-04,5.931151130660942128e-01,-1.729039665201629705e-04,6.370716015473578891e-07,-1.149604565709091845e-06,2.005964538527421947e-07
7.506249999999999645e+00,5.933176869669938291e-01,-3.957524083363547752e-04,3.926479627098027015e-04,5.931140361199808142e-01,-1.717199113600485446e-04,6.299266202310531158e-07,-1.136813339841008706e-06,1.983088509412391751e-07
7.512500000000000178e+00,5.933152211691279376e-01,-3.933051806462987444e-04,3.904669307609991559e-04,5.931129665532205442e-01,-1.705425674153467313e-04,6.228611379151205810e-07,-1.124164619149626308e-06,1.960467070133427850e-07
7.518750000000000711e+00,5.933127706239161858e-01,-3.908715463643131047e-04,3.882980608417955517e-04,5.931119043239826416e-01,-1.693718981134538070e-04,6.158742689192865972e-07,-1.111656813948314394e-06,1.938097388206936262e-07
7.525000000000000355e+00,5.933103352466366776e-01,-3.884514296889220826e-04,3.861412854282941743e-04,5.931108493906643853e-01,-1.682078670902186336e-04,6.089651374431752294e-07,-1.099288352322989011e-06,1.915976662726598517e-07
7.531250000000000000e+00,5.933079149530404717e-01,-3.860447552394950126e-04,3.839965373734628403e-04,5.931098017118896504e-01,-1.670504381888134895e-04,6.021328774558517047e-07,-1.087057679932868347e-06,1.894102124011007804e-07
7.537500000000000533e+00,5.933055096593478073e-01,-3.836514480538977387e-04,3.818637499050427119e-04,5.931087612465075765e-01,-1.658995754586120011e-04,5.953766325866083134e-07,-1.074963259813475939e-06,1.872471033255257322e-07
7.543750000000001066e+00,5.933031192822466604e-01,-3.812714335861577841e-04,3.797428566234687438e-04,5.931077279535913460e-01,-1.647552431540734181e-04,5.886955560169739548e-07,-1.063003572181862914e-06,1.851080682186430008e-07
7.550000000000000711e+00,5.933007437388893024e-01,-3.789046377041406359e-04,3.776337914998001031e-04,5.931067017924371854e-01,-1.636174057336329049e-04,5.820888103739310235e-07,-1.051177114244014926e-06,1.829928392722929298e-07
7.556250000000000355e+00,5.932983829468901904e-01,-3.765509866872392012e-04,3.755364888736620289e-04,5.931056827225623662e-01,-1.624860278585978774e-04,5.755555676243283050e-07,-1.039482400004426659e-06,1.809011516637621009e-07
7.562500000000000000e+00,5.932960368243233029e-01,-3.742104072240774672e-04,3.734508834512011350e-04,5.931046707037047616e-01,-1.613610743920517929e-04,5.690950089704833182e-07,-1.027917960077827155e-06,1.788327435224761185e-07
7.568749999999999645e+00,5.932937052897194752e-01,-3.718828264102260871e-04,3.713769103030507422e-04,5.931036656958210695e-01,-1.602425103977633890e-04,5.627063247469497514e-07,-1.016482341503018697e-06,1.767873558970637398e-07
7.575000000000000178e+00,5.932913882620637347e-01,-3.695681717459301093e-04,3.693145048623072690e-04,5.931026676590857027e-01,-1.591303011391023996e-04,5.563887143184422631e-07,-1.005174107558807451e-06,1.747647327227894109e-07
7.581250000000000711e+00,5.932890856607934138e-01,-3.672663711338509636e-04,3.672636029225199040e-04,5.931016765538897895e-01,-1.580244120779619938e-04,5.501413859789097531e-07,-9.939918375820148293e-07,1.727646207893513504e-07
7.587500000000000355e+00,5.932867974057947080e-01,-3.649773528768191812e-04,3.652241406356891685e-04,5.931006923408392861e-01,-1.569248088736866084e-04,5.439635568517332824e-07,-9.829341267875261955e-07,1.707867697090386955e-07
7.593750000000000000e+00,5.932845234174011217e-01,-3.627010456755995829e-04,3.631960545102774058e-04,5.930997149807544222e-01,-1.558314573820061225e-04,5.378544527910445112e-07,-9.719995860903641769e-07,1.688309318852443234e-07
7.600000000000000533e+00,5.932822636163901375e-01,-3.604373786266705081e-04,3.611792814092310336e-04,5.930987444346683679e-01,-1.547443236539767554e-04,5.318133082841515268e-07,-9.611868419297715707e-07,1.668968624813317575e-07
7.606250000000001066e+00,5.932800179239815508e-01,-3.581862812200145899e-04,3.591737585480142894e-04,5.930977806638254579e-01,-1.536633739349278988e-04,5.258393663550594615e-07,-9.504945360952704805e-07,1.649843193898495702e-07
7.612500000000000711e+00,5.932777862618342501e-01,-3.559476833369216195e-04,3.571794234926525704e-04,5.930968236296807472e-01,-1.525885746634146427e-04,5.199318784690675836e-07,-9.399213255546740766e-07,1.630930632020897067e-07
7.618750000000000355e+00,5.932755685520444411e-01,-3.537215152478024151e-04,3.551962141577866706e-04,5.930958732938982347e-01,-1.515198924701762634e-04,5.140901044384358734e-07,-9.294658822840312850e-07,1.612228571779858400e-07
7.625000000000000000e+00,5.932733647171427593e-01,-3.515077076100173821e-04,3.532240688047395393e-04,5.930949296183500863e-01,-1.504572941771013252e-04,5.083133123291122963e-07,-9.191268930994923356e-07,1.593734672163501153e-07
7.631249999999999645e+00,5.932711746800920505e-01,-3.493061914657151013e-04,3.512629260395927445e-04,5.930939925651149691e-01,-1.494007467961985293e-04,5.026007783685021375e-07,-9.089030594910589586e-07,1.575446618254414819e-07
7.637500000000000178e+00,5.932689983642850384e-01,-3.471168982396836034e-04,3.493127248112732892e-04,5.930930620964773858e-01,-1.483502175285730904e-04,4.969517868542700827e-07,-8.987930974582043005e-07,1.557362120938633874e-07
7.643750000000000711e+00,5.932668356935417719e-01,-3.449397597372142734e-04,3.473734044096528969e-04,5.930921381749261201e-01,-1.473056737634099729e-04,4.913656300641675255e-07,-8.887957373473464657e-07,1.539478916617878193e-07
7.650000000000000355e+00,5.932646865921072932e-01,-3.427747081419762728e-04,3.454449044636558616e-04,5.930912207631531263e-01,-1.462670830769619771e-04,4.858416081668651973e-07,-8.789097236911434959e-07,1.521794766925001325e-07
7.656250000000000000e+00,5.932625509846495282e-01,-3.406216760139026698e-04,3.435271649393782829e-04,5.930903098240525306e-01,-1.452344132315439799e-04,4.803790291337857197e-07,-8.691338150495940136e-07,1.504307458442619123e-07
7.662500000000000533e+00,5.932604287962562895e-01,-3.384805962870897442e-04,3.416201261382178708e-04,5.930894053207194094e-01,-1.442076321745333265e-04,4.749772086519254911e-07,-8.594667838529311383e-07,1.487014802424895683e-07
7.668750000000001066e+00,5.932583199524340545e-01,-3.363514022677076211e-04,3.397237286950154068e-04,5.930885072164484573e-01,-1.431867080373761870e-04,4.696354700376544730e-07,-8.499074162462813032e-07,1.469914634522442126e-07
7.675000000000000711e+00,5.932562243791043022e-01,-3.342340276319214756e-04,3.378379135762045525e-04,5.930876154747330986e-01,-1.421716091345989535e-04,4.643531441514766178e-07,-8.404545119360656296e-07,1.453004814510279270e-07
7.681250000000000355e+00,5.932541420026024026e-01,-3.321284064238242306e-04,3.359626220779726637e-04,5.930867300592640445e-01,-1.411623039628255192e-04,4.591295693137462785e-07,-8.311068840381258610e-07,1.436283226018844574e-07
7.687500000000000000e+00,5.932520727496743973e-01,-3.300344730533822648e-04,3.340977958244326627e-04,5.930858509339285156e-01,-1.401587611998009273e-04,4.539640912213316550e-07,-8.218633589275661735e-07,1.419747776268018506e-07
7.693749999999999645e+00,5.932500165474754450e-01,-3.279521622943911492e-04,3.322433767658048310e-04,5.930849780628089096e-01,-1.391609497034199529e-04,4.488560628652083346e-07,-8.127227760902759236e-07,1.403396395804116308e-07
7.700000000000000178e+00,5.932479733235670460e-01,-3.258814092824429852e-04,3.303993071766079268e-04,5.930841114101815803e-01,-1.381688385107616209e-04,4.438048444489759406e-07,-8.036839879761220037e-07,1.387227038239817914e-07
7.706250000000000711e+00,5.932459430059151551e-01,-3.238221495129059392e-04,3.285655296538622823e-04,5.930832509405160602e-01,-1.371823968371296333e-04,4.388098033082898933e-07,-7.947458598537958763e-07,1.371237679997019070e-07
7.712500000000000355e+00,5.932439255228876274e-01,-3.217743188389135902e-04,3.267419871153009244e-04,5.930823966184733953e-01,-1.362015940750978640e-04,4.338703138311916615e-07,-7.859072696672858531e-07,1.355426320052543571e-07
7.718750000000000000e+00,5.932419208032519986e-01,-3.197378534693656607e-04,3.249286227975914289e-04,5.930815484089058121e-01,-1.352263997935612759e-04,4.289857573793310456e-07,-7.771671078939614887e-07,1.339790979686699417e-07
7.725000000000000533e+00,5.932399287761737083e-01,-3.177126899669404573e-04,3.231253802545680748e-04,5.930807062768547189e-01,-1.342567837367930172e-04,4.241555222100732398e-07,-7.685242774042590794e-07,1.324329702234656110e-07
7.731250000000001066e+00,5.932379493712133245e-01,-3.156987652461189123e-04,3.213322033554745147e-04,5.930798701875504841e-01,-1.332927158235068846e-04,4.193790033994780198e-07,-7.599776933229421131e-07,1.309040552840600227e-07
7.737500000000000711e+00,5.932359825183247670e-01,-3.136960165712181117e-04,3.195490362832147948e-04,5.930790401064106598e-01,-1.323341661459248282e-04,4.146556027661382465e-07,-7.515262828919168720e-07,1.293921618214632459e-07
7.743750000000000355e+00,5.932340281478527544e-01,-3.117043815544357746e-04,3.177758235326144025e-04,5.930782159990393154e-01,-1.313811049688498231e-04,4.099847287958711191e-07,-7.431689853345888941e-07,1.278971006392381256e-07
7.750000000000000000e+00,5.932320861905311382e-01,-3.097237981539068745e-04,3.160125099086924278e-04,5.930773978312257055e-01,-1.304335027287448939e-04,4.053657965672556150e-07,-7.349047517217489645e-07,1.264186846497315318e-07
7.756249999999999645e+00,5.932301565774802388e-01,-3.077542046717702900e-04,3.142590405249419102e-04,5.930765855689436039e-01,-1.294913300328168009e-04,4.007982276780010272e-07,-7.267325448389619543e-07,1.249567288505704922e-07
7.762500000000000178e+00,5.932282392402049576e-01,-3.057955397522456472e-04,3.125153608016205940e-04,5.930757791783497490e-01,-1.285545576581053381e-04,3.962814501721392413e-07,-7.186513390554443213e-07,1.235110503014211702e-07
7.768750000000000711e+00,5.932263341105925569e-01,-3.038477423797223591e-04,3.107814164640514414e-04,5.930749786257828449e-01,-1.276231565505782405e-04,3.918148984680351411e-07,-7.106601201944198934e-07,1.220814681010081993e-07
7.775000000000000355e+00,5.932244411209108836e-01,-3.019107518768576639e-04,3.090571535409319818e-04,5.930741838777628949e-01,-1.266970978242308631e-04,3.873980132871986770e-07,-7.027578854049254555e-07,1.206678033643902708e-07
7.781250000000000000e+00,5.932225602038055934e-01,-2.999845079026852344e-04,3.073425183626529310e-04,5.930733949009898698e-01,-1.257763527601910903e-04,3.830302415838944165e-07,-6.949436430350562926e-07,1.192698792004894889e-07
7.787500000000000533e+00,5.932206912922985964e-01,-2.980689504507352794e-04,3.056374575596272733e-04,5.930726116623427080e-01,-1.248608928058300195e-04,3.787110364755411119e-07,-6.872164125066408889e-07,1.178875206898727956e-07
7.793750000000001066e+00,5.932188343197857261e-01,-2.961640198471652717e-04,3.039419180606285588e-04,5.930718341288783169e-01,-1.239506895738778209e-04,3.744398571738899023e-07,-6.795752241913212781e-07,1.165205548627818557e-07
7.800000000000000711e+00,5.932169892200348515e-01,-2.942696567488998355e-04,3.022558470911377118e-04,5.930710622678303512e-01,-1.230457148415442601e-04,3.702161689169704578e-07,-6.720191192880223161e-07,1.151688106774075349e-07
7.806250000000000355e+00,5.932151559271836572e-01,-2.923858021417807731e-04,3.005791921716992180e-04,5.930702960466085472e-01,-1.221459405496444245e-04,3.660394429017984993e-07,-6.645471497017956879e-07,1.138321189984074636e-07
7.812500000000000000e+00,5.932133343757376442e-01,-2.905123973387290707e-04,2.989119011162871234e-04,5.930695354327973901e-01,-1.212513388017301690e-04,3.619091562178395083e-07,-6.571583779240302854e-07,1.125103125756645284e-07
7.818749999999999645e+00,5.932115245005681325e-01,-2.886493839779155244e-04,2.972539220306801943e-04,5.930687803941552261e-01,-1.203618818632261962e-04,3.578247917812142777e-07,-6.498518769140036484e-07,1.112032260232820298e-07
7.825000000000000178e+00,5.932097262369100399e-01,-2.867967040209418823e-04,2.956052033108452098e-04,5.930680308986131521e-01,-1.194775421605711658e-04,3.537858382696407464e-07,-6.426267299817626141e-07,1.099106957988137995e-07
7.831250000000000711e+00,5.932079395203602168e-01,-2.849542997510330460e-04,2.939656936413309867e-04,5.930672869142743497e-01,-1.185982922803643724e-04,3.497917900581059232e-07,-6.354820306723237482e-07,1.086325601827269198e-07
7.837500000000000355e+00,5.932061642868751150e-01,-2.831221137712377827e-04,2.923353419936698325e-04,5.930665484094126416e-01,-1.177241049685168699e-04,3.458421471552546654e-07,-6.284168826511680433e-07,1.073686592580933682e-07
7.843750000000000000e+00,5.932044004727689002e-01,-2.813000890026395211e-04,2.907140976247881044e-04,5.930658153524717147e-01,-1.168549531294074608e-04,3.419364151404902829e-07,-6.214303995910215186e-07,1.061188348905084011e-07
7.850000000000000533e+00,5.932026480147116754e-01,-2.794881686825783675e-04,2.891019100754266898e-04,5.930650877120641207e-01,-1.159908098250443231e-04,3.380741051017806675e-07,-6.145217050599108162e-07,1.048829307082342749e-07
7.856250000000001066e+00,5.932009068497270388e-01,-2.776862963628822303e-04,2.874987291685699429e-04,5.930643654569702772e-01,-1.151316482742314350e-04,3.342547335741604183e-07,-6.076899324104753712e-07,1.036607920825658244e-07
7.862500000000000711e+00,5.931991769151907512e-01,-2.758944159081075397e-04,2.859045050078831869e-04,5.930636485561375792e-01,-1.142774418517394859e-04,3.304778224789186413e-07,-6.009342246705174136e-07,1.024522661084147201e-07
7.868750000000000355e+00,5.931974581488281828e-01,-2.741124714937892906e-04,2.843191879761584016e-04,5.930629369786790672e-01,-1.134281640874816924e-04,3.267428990634667565e-07,-5.942537344347816511e-07,1.012572015851108576e-07
7.875000000000000000e+00,5.931957504887126476e-01,-2.723404076047019283e-04,2.827427287337698860e-04,5.930622306938732047e-01,-1.125837886656950635e-04,3.230494958418818673e-07,-5.876476237579533025e-07,1.000754489974190529e-07
7.881249999999999645e+00,5.931940538732637380e-01,-2.705781690331292332e-04,2.811750782171379436e-04,5.930615296711621021e-01,-1.117442894241260290e-04,3.193971505361128804e-07,-5.811150640488538361e-07,9.890686049676724289e-08
7.887500000000000178e+00,5.931923682412447718e-01,-2.688257008771432577e-04,2.796161876372008624e-04,5.930608338801509616e-01,-1.109096403532209202e-04,3.157854060178440812e-07,-5.746552359658238241e-07,9.775128988268452671e-08
7.893750000000000711e+00,5.931906935317614593e-01,-2.670829485388944856e-04,2.780660084778966519e-04,5.930601432906070780e-01,-1.100798155953215999e-04,3.122138102510110320e-07,-5.682673293132839149e-07,9.660859258444725836e-08
7.900000000000000355e+00,5.931890296842599053e-01,-2.653498577229094720e-04,2.765244924946518284e-04,5.930594578724589505e-01,-1.092547894438654300e-04,3.086819162349568783e-07,-5.619505429394511571e-07,9.547862564292939393e-08
7.906250000000000000e+00,5.931873766385242774e-01,-2.636263744343984579e-04,2.749915917128788732e-04,5.930587775957951724e-01,-1.084345363425898601e-04,3.051892819482241958e-07,-5.557040846352036899e-07,9.436124769265582226e-08
7.912500000000000533e+00,5.931857343346756961e-01,-2.619124449775729049e-04,2.734672584264832861e-04,5.930581024308637650e-01,-1.076190308847422471e-04,3.017354702929775585e-07,-5.495271710340840561e-07,9.325631894405668050e-08
7.918750000000001066e+00,5.931841027131695698e-01,-2.602080159539728972e-04,2.719514451963784998e-04,5.930574323480708454e-01,-1.068082478122943781e-04,2.983200490400471416e-07,-5.434190275134237758e-07,9.216370116592019317e-08
7.925000000000000711e+00,5.931824817147943740e-01,-2.585130342608020233e-04,2.704441048490084372e-04,5.930567673179800714e-01,-1.060021620151611400e-04,2.949425907745855222e-07,-5.373788880965738275e-07,9.108325766804079193e-08
7.931250000000000355e+00,5.931808712806694306e-01,-2.568274470892723416e-04,2.689451904748787429e-04,5.930561073113116421e-01,-1.052007485304239055e-04,2.916026728423314333e-07,-5.314059953562327778e-07,9.001485328406125886e-08
7.937500000000000000e+00,5.931792713522432425e-01,-2.551512019229589955e-04,2.674546554270965256e-04,5.930554522989411881e-01,-1.044039825415590692e-04,2.882998772964773981e-07,-5.254996003188630305e-07,8.895835435450733150e-08
7.943749999999999645e+00,5.931776818712917176e-01,-2.534842465361634468e-04,2.659724533199184487e-04,5.930548022518989937e-01,-1.036118393776707438e-04,2.850337908451288063e-07,-5.196589623701757145e-07,8.791362871001128891e-08
7.950000000000000178e+00,5.931761027799160590e-01,-2.518265289922853845e-04,2.644985380273060308e-04,5.930541571413692203e-01,-1.028242945127280108e-04,2.818040047993508832e-07,-5.138833491616765852e-07,8.688054565472299664e-08
7.956250000000000711e+00,5.931745340205414330e-01,-2.501779976422049859e-04,2.630328636814904873e-04,5.930535169386885741e-01,-1.020413235648071439e-04,2.786101150217982589e-07,-5.081720365182632009e-07,8.585897594990691523e-08
7.962500000000000355e+00,5.931729755359146372e-01,-2.485386011226724972e-04,2.615753846715445112e-04,5.930528816153460836e-01,-1.012629022953379131e-04,2.754517218759161794e-07,-5.025243083468539959e-07,8.484879179772171044e-08
7.968750000000000000e+00,5.931714272691028800e-01,-2.469082883547071383e-04,2.601260556419616424e-04,5.930522511429816568e-01,-1.004890066083542240e-04,2.723284301757101291e-07,-4.969394565460427940e-07,8.384986682518102259e-08
7.975000000000000533e+00,5.931698891634915594e-01,-2.452870085420055476e-04,2.586848314912452334e-04,5.930516254933851927e-01,-9.971961254974979984e-05,2.692398491360781482e-07,-4.914167809167694428e-07,8.286207606829417759e-08
7.981250000000001066e+00,5.931683611627827091e-01,-2.436747111693590099e-04,2.572516673705044069e-04,5.930510046384960265e-01,-9.895469630653832215e-05,2.661855923236988564e-07,-4.859555890739928066e-07,8.188529595638396745e-08
7.987500000000000711e+00,5.931668432109932221e-01,-2.420713460010785983e-04,2.558265186820579836e-04,5.930503885504018191e-01,-9.819423420611743327e-05,2.631652776084661309e-07,-4.805551963593500225e-07,8.091940429657922404e-08
7.993750000000000355e+00,5.931653352524530742e-01,-2.404768630794291257e-04,2.544093410780454015e-04,5.930497772013380020e-01,-9.743820271553734727e-05,2.601785271154671026e-07,-4.752149257547969388e-07,7.996428025848054488e-08
8.000000000000000000e+00,5.931638372318035479e-01,-2.388912127230725555e-04,2.530000904590471778e-04,5.930491705636862232e-01,-9.668657844077424481e-05,2.572249671774987599e-07,-4.699341077972192528e-07,7.901980435899819165e-08
8.006250000000001421e+00,5.931623490939957888e-01,-2.373143455255190563e-04,2.515987229727115497e-04,5.930485686099742360e-01,-9.593933812600738127e-05,2.543042282881126770e-07,-4.647120804939973554e-07,7.808585844735853496e-08
8.012500000000001066e+00,5.931608707842886963e-01,-2.357462123535887359e-04,2.502051950123909273e-04,5.930479713128745667e-01,-9.519645865290187348e-05,2.514159450551891383e-07,-4.595481892395260984e-07,7.716232569027944257e-08
8.018750000000000711e+00,5.931594022482472583e-01,-2.341867643458777118e-04,2.488194632157823046e-04,5.930473786452038487e-01,-9.445791703989346512e-05,2.485597561550217584e-07,-4.544417867326557112e-07,7.624909055730876106e-08
8.025000000000000355e+00,5.931579434317414412e-01,-2.326359529112367592e-04,2.474414844635791622e-04,5.930467905799219341e-01,-9.372369044147985150e-05,2.457353042869235575e-07,-4.493922328950728703e-07,7.534603880632922635e-08
8.031250000000000000e+00,5.931564942809437468e-01,-2.310937297272565988e-04,2.460712158781289539e-04,5.930462070901311167e-01,-9.299375614751520275e-05,2.429422361283360678e-07,-4.443988947905898419e-07,7.445305746922403246e-08
8.037499999999999645e+00,5.931550547423278807e-01,-2.295600467387614522e-04,2.447086148220985083e-04,5.930456281490749104e-01,-9.226809158250914584e-05,2.401802022904409427e-07,-4.394611465453398958e-07,7.357003483770279391e-08
8.043749999999999289e+00,5.931536247626670866e-01,-2.280348561563114336e-04,2.433536388971469107e-04,5.930450537301378278e-01,-9.154667430492994780e-05,2.374488572742674237e-07,-4.345783692688672402e-07,7.269686044928592981e-08
8.050000000000000711e+00,5.931522042890323698e-01,-2.265181104547123680e-04,2.420062459426057045e-04,5.930444838068440472e-01,-9.082948200651171056e-05,2.347478594272896581e-07,-4.297499509761000930e-07,7.183342507344543134e-08
8.056250000000000355e+00,5.931507932687912765e-01,-2.250097623715362888e-04,2.406663940341680628e-04,5.930439183528568581e-01,-9.011649251156686480e-05,2.320768709005124891e-07,-4.249752865102056741e-07,7.097962069790164214e-08
8.062500000000000000e+00,5.931493916496056729e-01,-2.235097649056456222e-04,2.393340414825817291e-04,5.930433573419777726e-01,-8.940768377630069663e-05,2.294355576060294669e-07,-4.202537774662958303e-07,7.013534051507077089e-08
8.068750000000001421e+00,5.931479993794303018e-01,-2.220180713157294324e-04,2.380091468323527722e-04,5.930428007481454156e-01,-8.870303388813186463e-05,2.268235891750614192e-07,-4.155848321160005514e-07,6.930047890866602117e-08
8.075000000000001066e+00,5.931466164065113400e-01,-2.205346351188478265e-04,2.366916688604564696e-04,5.930422485454353021e-01,-8.800252106501709089e-05,2.242406389164640657e-07,-4.109678653328862952e-07,6.847493144044840803e-08
8.081250000000000711e+00,5.931452426793847321e-01,-2.190594100889803428e-04,2.353815665750520942e-04,5.930417007080583947e-01,-8.730612365477814253e-05,2.216863837756923685e-07,-4.064022985186987943e-07,6.765859483712352883e-08
8.087500000000000355e+00,5.931438781468744148e-01,-2.175923502555868357e-04,2.340787992142088418e-04,5.930411572103606588e-01,-8.661382013443481701e-05,2.191605042942306720e-07,-4.018875595304454301e-07,6.685136697738700168e-08
8.093750000000000000e+00,5.931425227580909842e-01,-2.161334099021741326e-04,2.327833262446368258e-04,5.930406180268222860e-01,-8.592558910954112576e-05,2.166626845694722986e-07,-3.974230826082883244e-07,6.605314687911368766e-08
8.099999999999999645e+00,5.931411764624298089e-01,-2.146825435648708506e-04,2.314951073604257985e-04,5.930400831320566946e-01,-8.524140931352562492e-05,2.141926122150480463e-07,-3.930083083042468231e-07,6.526383468669003515e-08
8.106249999999999289e+00,5.931398392095698080e-01,-2.132397060310102358e-04,2.302141024817907556e-04,5.930395525008098634e-01,-8.456125960703583897e-05,2.117499783215979223e-07,-3.886426834116990500e-07,6.448333165848819636e-08
8.112500000000000711e+00,5.931385109494714536e-01,-2.118048523377204023e-04,2.289402717538243997e-04,5.930390261079594438e-01,-8.388511897728639769e-05,2.093344774179800778e-07,-3.843256608956722069e-07,6.371154015447982475e-08
8.118750000000000355e+00,5.931371916323756599e-01,-2.103779377705243829e-04,2.276735755452583844e-04,5.930385039285139825e-01,-8.321296653741222830e-05,2.069458074329165479e-07,-3.800566998239200318e-07,6.294836362398927574e-08
8.125000000000000000e+00,5.931358812088021182e-01,-2.089589178619437587e-04,2.264139744472279208e-04,5.930379859376122553e-01,-8.254478152582376681e-05,2.045836696570605743e-07,-3.758352652987603113e-07,6.219370659358160457e-08
8.131250000000001421e+00,5.931345796295474093e-01,-2.075477483901136443e-04,2.251614292720465740e-04,5.930374721105223790e-01,-8.188054330556776669e-05,2.022477687054936402e-07,-3.716608283896877446e-07,6.144747465508787629e-08
8.137500000000001066e+00,5.931332868456837826e-01,-2.061443853774054264e-04,2.239159010519878919e-04,5.930369624226411451e-01,-8.122023136369210545e-05,1.999378124806411230e-07,-3.675328660667406143e-07,6.070957445376409515e-08
8.143750000000000711e+00,5.931320028085578233e-01,-2.047487850890533775e-04,2.226773510380709083e-04,5.930364568494931321e-01,-8.056382531061280028e-05,1.976535121355962975e-07,-3.634508611346044824e-07,5.997991367658082845e-08
8.150000000000000355e+00,5.931307274697884546e-01,-2.033609040317928436e-04,2.214457406988557301e-04,5.930359553667298167e-01,-7.991130487948671583e-05,1.953945820378603108e-07,-3.594143021674652447e-07,5.925840104064551696e-08
8.156250000000000000e+00,5.931294607812658271e-01,-2.019806989525039891e-04,2.202210317192443282e-04,5.930354579501290191e-01,-7.926264992558729411e-05,1.931607397334840492e-07,-3.554226834445866107e-07,5.854494628175336868e-08
8.162499999999999645e+00,5.931282026951496533e-01,-2.006081268368634010e-04,2.190031859992885117e-04,5.930349645755943477e-01,-7.861784042568424179e-05,1.909517059116105970e-07,-3.514755048866102085e-07,5.783946014306619449e-08
8.168749999999999289e+00,5.931269531638675430e-01,-1.992431449080030398e-04,2.177921656530042984e-04,5.930344752191538671e-01,-7.797685647742709351e-05,1.887672043694139491e-07,-3.475722719925693682e-07,5.714185436391792143e-08
8.175000000000000711e+00,5.931257121401140031e-01,-1.978857106251763183e-04,2.165879330071930078e-04,5.930339898569596535e-01,-7.733967829873243432e-05,1.866069619774284968e-07,-3.437124957776076353e-07,5.645204166874493084e-08
8.181250000000000355e+00,5.931244795768485512e-01,-1.965357816824334775e-04,2.153904506002704848e-04,5.930335084652873512e-01,-7.670628622717568944e-05,1.844707086452684394e-07,-3.398956927114000060e-07,5.576993575614111556e-08
8.187500000000000000e+00,5.931232554272944935e-01,-1.951933160073001067e-04,2.141996811810995232e-04,5.930330310205348399e-01,-7.607666071938504161e-05,1.823581772877240733e-07,-3.361213846572534280e-07,5.509545128803329516e-08
8.193750000000001421e+00,5.931220396449372601e-01,-1.938582717594669396e-04,2.130155877078319373e-04,5.930325574992219018e-01,-7.545078235044060696e-05,1.802691037912419186e-07,-3.323890988118988519e-07,5.442850387897936489e-08
8.200000000000001066e+00,5.931208321835229613e-01,-1.925306073294862368e-04,2.118381333467573018e-04,5.930320878779892224e-01,-7.482863181327741909e-05,1.782032269807788907e-07,-3.286983676459581029e-07,5.376901008558603521e-08
8.206250000000000711e+00,5.931196329970571668e-01,-1.912102813374724232e-04,2.106672814711549443e-04,5.930316221335978355e-01,-7.421018991809045953e-05,1.761602885870214368e-07,-3.250487288450675732e-07,5.311688739604315071e-08
8.212500000000000355e+00,5.931184420398035728e-01,-1.898972526318134602e-04,2.095029956601558588e-04,5.930311602429285678e-01,-7.359543759174521770e-05,1.741400332139761498e-07,-3.214397252516720242e-07,5.247205421977684523e-08
8.218750000000000000e+00,5.931172592662818932e-01,-1.885914802878873393e-04,2.083452396976094698e-04,5.930307021829809289e-01,-7.298435587719104267e-05,1.721422083069193384e-07,-3.178709048074653091e-07,5.183442987721745659e-08
8.224999999999999645e+00,5.931160846312673041e-01,-1.872929236067862751e-04,2.071939775709568212e-04,5.930302479308723340e-01,-7.237692593287827609e-05,1.701665641207049985e-07,-3.143418204964762179e-07,5.120393458968190995e-08
8.231249999999999289e+00,5.931149180897885564e-01,-1.860015421140475919e-04,2.060491734701105958e-04,5.930297974638378822e-01,-7.177312903217911199e-05,1.682128536884263670e-07,-3.108520302887922432e-07,5.058048946936927277e-08
8.237500000000000711e+00,5.931137595971265331e-01,-1.847172955583914955e-04,2.049107917863405822e-04,5.930293507592293567e-01,-7.117294656281183127e-05,1.662808327904267193e-07,-3.074010970849125337e-07,4.996401650946792606e-08
8.243750000000000355e+00,5.931126091088130270e-01,-1.834401439104674919e-04,2.037787971111675175e-04,5.930289077945143372e-01,-7.057636002626958979e-05,1.643702599236587458e-07,-3.039885886607284451e-07,4.935443857437418677e-08
8.250000000000000000e+00,5.931114665806295205e-01,-1.821700473616040853e-04,2.026531542352596950e-04,5.930284685472757555e-01,-6.998335103725103598e-05,1.624808962713804666e-07,-3.006140776131109907e-07,4.875167939001854963e-08
8.256250000000001421e+00,5.931103319686054087e-01,-1.809069663225686402e-04,2.015338281473387332e-04,5.930280329952112295e-01,-6.939390132309601080e-05,1.606125056731941137e-07,-2.972771413061163085e-07,4.815566353430161315e-08
8.262500000000001066e+00,5.931092052290168892e-01,-1.796508614223339933e-04,2.004207840330914970e-04,5.930276011161319527e-01,-6.880799272322489317e-05,1.587648545954194072e-07,-2.939773618177929979e-07,4.756631642763692368e-08
8.268750000000000711e+00,5.931080863183855190e-01,-1.784016935068486430e-04,1.993139872740855171e-04,5.930271728879624726e-01,-6.822560718857982934e-05,1.569377121017926209e-07,-2.907143258875768736e-07,4.698356432359801113e-08
8.275000000000000355e+00,5.931069751934771039e-01,-1.771594236378173470e-04,1.982134034466932976e-04,5.930267482887398023e-01,-6.764672678107135604e-05,1.551308498244978171e-07,-2.874876248642844664e-07,4.640733429967169426e-08
8.281250000000000000e+00,5.931058718112998118e-01,-1.759240130914865993e-04,1.971189983210215591e-04,5.930263272966125321e-01,-6.707133367302749031e-05,1.533440419355186574e-07,-2.842968546546834061e-07,4.583755424811389677e-08
8.287499999999999645e+00,5.931047761291035059e-01,-1.746954233574369913e-04,1.960307378598465241e-04,5.930259098898406078e-01,-6.649941014664665457e-05,1.515770651183106029e-07,-2.811416156726402687e-07,4.527415286690788824e-08
8.293749999999999289e+00,5.931036881043776354e-01,-1.734736161373825125e-04,1.949485882175553569e-04,5.930254960467941094e-01,-6.593093859345390865e-05,1.498296985397887412e-07,-2.780215127888373133e-07,4.471705965082361975e-08
8.300000000000000711e+00,5.931026076948509029e-01,-1.722585533439758133e-04,1.938725157390933215e-04,5.930250857459530289e-01,-6.536590151376063757e-05,1.481017238226280877e-07,-2.749361552810515943e-07,4.416620488257685722e-08
8.306250000000000355e+00,5.931015348584889324e-01,-1.710501970996218990e-04,1.928024869589182587e-04,5.930246789659062712e-01,-6.480428151612835938e-05,1.463929250178749349e-07,-2.718851567849949166e-07,4.362151962408794695e-08
8.312500000000000000e+00,5.931004695534936033e-01,-1.698485097352948848e-04,1.917384685999580984e-04,5.930242756853510988e-01,-6.424606131683440326e-05,1.447030885778591615e-07,-2.688681352456955210e-07,4.308293570783679224e-08
8.318750000000001421e+00,5.930994117383018294e-01,-1.686534537893642663e-04,1.906804275725769372e-04,5.930238758830926882e-01,-6.369122373934243931e-05,1.430320033294129041e-07,-2.658847128694319286e-07,4.255038572831591376e-08
8.325000000000001066e+00,5.930983613715834490e-01,-1.674649920064278296e-04,1.896283309735468628e-04,5.930234795380427970e-01,-6.313975171377638309e-05,1.413794604473880187e-07,-2.629345160762047050e-07,4.202380303357899963e-08
8.331250000000000711e+00,5.930973184122411146e-01,-1.662830873361475169e-04,1.885821460850230843e-04,5.930230866292199865e-01,-6.259162827639627865e-05,1.397452534284645253e-07,-2.600171754527328017e-07,4.150312171688272178e-08
8.337500000000000355e+00,5.930962828194078496e-01,-1.651077029320956180e-04,1.875418403735276825e-04,5.930226971357482890e-01,-6.204683656907901998e-05,1.381291780652562019e-07,-2.571323257059842700e-07,4.098827660842342666e-08
8.343750000000000000e+00,5.930952545524468267e-01,-1.639388021506050011e-04,1.865073814889377246e-04,5.930223110368567641e-01,-6.150535983880182347e-05,1.365310324207021574e-07,-2.542796056172233475e-07,4.047920326716562309e-08
8.349999999999999645e+00,5.930942335709493696e-01,-1.627763485496265810e-04,1.854787372634793675e-04,5.930219283118788320e-01,-6.096718143712894633e-05,1.349506168027450208e-07,-2.514586579965723278e-07,3.997583797276187688e-08
8.356249999999999289e+00,5.930932198347339535e-01,-1.616203058875925053e-04,1.844558757107276009e-04,5.930215489402517193e-01,-6.043228481970189470e-05,1.333877337392909790e-07,-2.486691296380824455e-07,3.947811771756319904e-08
8.362500000000000711e+00,5.930922133038447619e-01,-1.604706381222856845e-04,1.834387650246114914e-04,5.930211729015157918e-01,-5.990065354573272176e-05,1.318421879534491246e-07,-2.459106712753066274e-07,3.898598019871860406e-08
8.368750000000000355e+00,5.930912139385510207e-01,-1.593273094097169378e-04,1.824273735784263115e-04,5.930208001753136671e-01,-5.937227127750132385e-05,1.303137863390486832e-07,-2.431829375373734224e-07,3.849936381036376542e-08
8.375000000000000000e+00,5.930902216993451104e-01,-1.581902841030050392e-04,1.814216699238487050e-04,5.930204307413898812e-01,-5.884712177985454586e-05,1.288023379364250681e-07,-2.404855869055451170e-07,3.801820763589567808e-08
8.381250000000001421e+00,5.930892365469415672e-01,-1.570595267512658714e-04,1.804216227899595767e-04,5.930200645795901115e-01,-5.832518891970988088e-05,1.273076539084799493e-07,-2.378182816702685591e-07,3.754245144033498225e-08
8.387500000000001066e+00,5.930882584422759729e-01,-1.559350020985076778e-04,1.794272010822729182e-04,5.930197016698603996e-01,-5.780645666556236828e-05,1.258295475170078745e-07,-2.351806878887072292e-07,3.707203566277371839e-08
8.393750000000000711e+00,5.930872873465035111e-01,-1.548166750825294316e-04,1.784383738817674257e-04,5.930193419922470399e-01,-5.729090908699340271e-05,1.243678340992834836e-07,-2.325724753427412964e-07,3.660690140890642224e-08
8.400000000000000355e+00,5.930863232209983016e-01,-1.537045108338285567e-04,1.774551104439262494e-04,5.930189855268951371e-01,-5.677853035418425258e-05,1.229223310449135284e-07,-2.299933174974456403e-07,3.614699044364608206e-08
8.406250000000000000e+00,5.930853660273512906e-01,-1.525984746745127679e-04,1.764773801977811605e-04,5.930186322540486055e-01,-5.626930473743196377e-05,1.214928577729451447e-07,-2.274428914600286317e-07,3.569224518382209256e-08
8.412499999999999645e+00,5.930844157273699180e-01,-1.514985321172185523e-04,1.755051527449621128e-04,5.930182821540495031e-01,-5.576321660666865151e-05,1.200792357092295325e-07,-2.249208779392313288e-07,3.524260869096006006e-08
8.418749999999999289e+00,5.930834722830763406e-01,-1.504046488640352341e-04,1.745383978587523063e-04,5.930179352073369214e-01,-5.526025043098391611e-05,1.186812882640382104e-07,-2.224269612051809743e-07,3.479802466414238012e-08
8.425000000000000711e+00,5.930825356567066553e-01,-1.493167908054349213e-04,1.735770854831483463e-04,5.930175913944472077e-01,-5.476039077815026730e-05,1.172988408099281518e-07,-2.199608290496930756e-07,3.435843743294865469e-08
8.431250000000000355e+00,5.930816058107094557e-01,-1.482349240192095536e-04,1.726211857319270978e-04,5.930172506960122991e-01,-5.426362231415242469e-05,1.159317206598556981e-07,-2.175221727470214336e-07,3.392379195047570388e-08
8.437500000000000000e+00,5.930806827077448329e-01,-1.471590147694109326e-04,1.716706688877150608e-04,5.930169130927600563e-01,-5.376992980271825119e-05,1.145797570455305252e-07,-2.151106870150400783e-07,3.349403378643448565e-08
8.443750000000001421e+00,5.930797663106831541e-01,-1.460890295052991812e-04,1.707255054010655782e-04,5.930165785655130417e-01,-5.327929810485411145e-05,1.132427810960143378e-07,-2.127260699768663764e-07,3.306910912032545212e-08
8.450000000000001066e+00,5.930788565826039527e-01,-1.450249348602970030e-04,1.697856658895411676e-04,5.930162470951882980e-01,-5.279171217838334051e-05,1.119206258165580415e-07,-2.103680231229131087e-07,3.264896473469021158e-08
8.456250000000000711e+00,5.930779534867944847e-01,-1.439666976509469242e-04,1.688511211367986985e-04,5.930159186627965706e-01,-5.230715707748644723e-05,1.106131260676713875e-07,-2.080362512733592718e-07,3.223354800843776916e-08
8.462500000000000355e+00,5.930770569867490627e-01,-1.429142848758771815e-04,1.679218420916824570e-04,5.930155932494416415e-01,-5.182561795224585778e-05,1.093201185444295865e-07,-2.057304625410477329e-07,3.182280691024663644e-08
8.468750000000000000e+00,5.930761670461677237e-01,-1.418676637147719467e-04,1.669977998673210053e-04,5.930152708363196634e-01,-5.134708004819295632e-05,1.080414417560086355e-07,-2.034503682947945676e-07,3.141668999204022274e-08
8.474999999999999645e+00,5.930752836289547858e-01,-1.408268015273472437e-04,1.660789657402294900e-04,5.930149514047190484e-01,-5.087152870585833083e-05,1.067769360054491449e-07,-2.011956831231095539e-07,3.101514638253546157e-08
8.481249999999999289e+00,5.930744066992184038e-01,-1.397916658523326388e-04,1.651653111494169905e-04,5.930146349360191360e-01,-5.039894936032500726e-05,1.055264433696455028e-07,-1.989661247983229506e-07,3.061812578086367317e-08
8.487500000000000711e+00,5.930735362212686823e-01,-1.387622244064581347e-04,1.642568076954986395e-04,5.930143214116905259e-01,-4.992932754078459074e-05,1.042898076795577029e-07,-1.967614142411127364e-07,3.022557845026273664e-08
8.493750000000000355e+00,5.930726721596172313e-01,-1.377384450834479501e-04,1.633534271398143288e-04,5.930140108132934129e-01,-4.946264887009705914e-05,1.030668745006454263e-07,-1.945812754854320993e-07,2.983745521184054514e-08
8.500000000000000000e+00,5.930718144789756119e-01,-1.367202959530172256e-04,1.624551414035495028e-04,5.930137031224778088e-01,-4.899889906435216265e-05,1.018574911135165410e-07,-1.924254356438230668e-07,2.945370743840715681e-08
8.506250000000001421e+00,5.930709631442544483e-01,-1.357077452598763471e-04,1.615619225668635413e-04,5.930133983209828763e-01,-4.853806393243506530e-05,1.006615064947943620e-07,-1.902936248731239269e-07,2.907428704837711051e-08
8.512500000000001066e+00,5.930701181205622063e-01,-1.347007614227410687e-04,1.606737428680230211e-04,5.930130963906358188e-01,-4.808012937559485956e-05,9.947877129819791275e-08,-1.881855763405603554e-07,2.869914649974000371e-08
8.518750000000000711e+00,5.930692793732044166e-01,-1.336993130333452660e-04,1.597905747025375257e-04,5.930127973133519914e-01,-4.762508138701486996e-05,9.830913783583006737e-08,-1.861010261902103489e-07,2.832823878409770151e-08
8.525000000000000355e+00,5.930684468676822307e-01,-1.327033688554620362e-04,1.589123906223030710e-04,5.930125010711337907e-01,-4.717290605138723243e-05,9.715246005967729245e-08,-1.840397135098505616e-07,2.796151742076944725e-08
8.531250000000000000e+00,5.930676205696914227e-01,-1.317128978239285946e-04,1.580391633347490827e-04,5.930122076460704328e-01,-4.672358954448966250e-05,9.600859354331385438e-08,-1.820013802981707299e-07,2.759893645096250895e-08
8.537499999999999645e+00,5.930668004451213893e-01,-1.307278690436769703e-04,1.571708657019903871e-04,5.930119170203371759e-01,-4.627711813276530657e-05,9.487739546381014858e-08,-1.799857714323551806e-07,2.724045043200826240e-08
8.543749999999999289e+00,5.930659864600543729e-01,-1.297482517887697166e-04,1.563074707399842442e-04,5.930116291761949876e-01,-4.583347817290546640e-05,9.375872458384243714e-08,-1.779926346360275575e-07,2.688601443166292996e-08
8.550000000000000711e+00,5.930651785807636855e-01,-1.287740155014407994e-04,1.554489516176917442e-04,5.930113440959894344e-01,-4.539265611143508152e-05,9.265244123400153348e-08,-1.760217204475532069e-07,2.653558402247209172e-08
8.556250000000000355e+00,5.930643767737135974e-01,-1.278051297911430976e-04,1.545952816562452489e-04,5.930110617621510150e-01,-4.495463848430168784e-05,9.155840729530004991e-08,-1.740727821886993296e-07,2.618911527619890273e-08
8.562500000000000000e+00,5.930635810055572277e-01,-1.268415644335981818e-04,1.537464343281183532e-04,5.930107821571937166e-01,-4.451941191646598226e-05,9.047648618187127325e-08,-1.721455759336401920e-07,2.584656475831379298e-08
8.568750000000001421e+00,5.930627912431366555e-01,-1.258832893698538173e-04,1.529023832563024341e-04,5.930105052637150154e-01,-4.408696312149638528e-05,8.940654282386354623e-08,-1.702398604783139891e-07,2.550788952254689410e-08
8.575000000000001066e+00,5.930620074534810326e-01,-1.249302747053467250e-04,1.520631022134881591e-04,5.930102310643950991e-01,-4.365727890116634797e-05,8.834844365052499304e-08,-1.683553973101227025e-07,2.517304710550153188e-08
8.581250000000000711e+00,5.930612296038056952e-01,-1.239824907089678103e-04,1.512285651212493258e-04,5.930099595419965341e-01,-4.323034614505345466e-05,8.730205657347385102e-08,-1.664919505779660595e-07,2.484199552132730221e-08
8.587500000000000355e+00,5.930604576615114976e-01,-1.230399078121351966e-04,1.503987460492339930e-04,5.930096906793632661e-01,-4.280615183014249654e-05,8.626725097015811417e-08,-1.646492870626162651e-07,2.451469325645388199e-08
8.593750000000000000e+00,5.930596915941837022e-01,-1.221024966078711627e-04,1.495736192143587288e-04,5.930094244594205088e-01,-4.238468302043074752e-05,8.524389766749768583e-08,-1.628271761474213292e-07,2.419109926438344405e-08
8.599999999999999645e+00,5.930589313695905362e-01,-1.211702278498840547e-04,1.487531589800080085e-04,5.930091608651741897e-01,-4.196592686653614034e-05,8.423186892570905372e-08,-1.610253897893370425e-07,2.387117296054163987e-08
8.606249999999999289e+00,5.930581769556827476e-01,-1.202430724516554545e-04,1.479373398552379494e-04,5.930088998797099498e-01,-4.154987060530821417e-05,8.323103842230989323e-08,-1.592437024902827578e-07,2.355487421718634921e-08
8.612500000000000711e+00,5.930574283205922725e-01,-1.193210014855319308e-04,1.471261364939844911e-04,5.930086414861932553e-01,-4.113650155944167112e-05,8.224128123630140220e-08,-1.574818912688175081e-07,2.324216335837352839e-08
8.618750000000000355e+00,5.930566854326315696e-01,-1.184039861818230371e-04,1.463195236942772131e-04,5.930083856678682874e-01,-4.072580713709330041e-05,8.126247383252816836e-08,-1.557397356321352442e-07,2.293300115498000496e-08
8.625000000000000000e+00,5.930559482602920651e-01,-1.174919979279015996e-04,1.455174763974554839e-04,5.930081324080579419e-01,-4.031777483150046805e-05,8.029449404620916396e-08,-1.540170175483687106e-07,2.262734881978129650e-08
8.631250000000001421e+00,5.930552167722437096e-01,-1.165850082673112564e-04,1.447199696873908710e-04,5.930078816901627192e-01,-3.991239222060332655e-05,7.933722106764352039e-08,-1.523135214192075436e-07,2.232516800258549893e-08
8.637500000000001066e+00,5.930544909373339779e-01,-1.156829888988788216e-04,1.439269787897143218e-04,5.930076334976607244e-01,-3.950964696666979618e-05,7.839053542708635782e-08,-1.506290340528227573e-07,2.202642078542183834e-08
8.643750000000000711e+00,5.930537707245863155e-01,-1.147859116758291690e-04,1.431384790710455400e-04,5.930073878141066679e-01,-3.910952681592214537e-05,7.745431897979042157e-08,-1.489633446370899672e-07,2.173106967778249972e-08
8.650000000000000355e+00,5.930530561032001380e-01,-1.138937486049074356e-04,1.423544460382290561e-04,5.930071446231318655e-01,-3.871201959816748112e-05,7.652845489121700604e-08,-1.473162447131168849e-07,2.143907761191879170e-08
8.656250000000000000e+00,5.930523470425490551e-01,-1.130064718455047747e-04,1.415748553375736603e-04,5.930069039084432392e-01,-3.831711322643026541e-05,7.561282762240982642e-08,-1.456875281490647846e-07,2.115040793818973786e-08
8.662499999999999645e+00,5.930516435121799823e-01,-1.121240537087890565e-04,1.407996827540961980e-04,5.930066656538230951e-01,-3.792479569658769125e-05,7.470732291553205033e-08,-1.440769911142632564e-07,2.086502442046304519e-08
8.668749999999999289e+00,5.930509454818129189e-01,-1.112464666568402708e-04,1.400289042107700284e-04,5.930064298431284575e-01,-3.753505508700760658e-05,7.381182777956414645e-08,-1.424844320536148290e-07,2.058289123156777459e-08
8.675000000000000711e+00,5.930502529213390606e-01,-1.103736833017904294e-04,1.392624957677772771e-04,5.930061964602906244e-01,-3.714787955818910802e-05,7.292623047616047246e-08,-1.409096516622853607e-07,2.030397294879808160e-08
8.681250000000000355e+00,5.930495658008206883e-01,-1.095056764049693102e-04,1.385004336217665372e-04,5.930059654893146126e-01,-3.676325735240618396e-05,7.205042050566452292e-08,-1.393524528606800654e-07,2.002823454946788818e-08
8.687500000000000000e+00,5.930488840904895032e-01,-1.086424188760523412e-04,1.377426941051129283e-04,5.930057369142786028e-01,-3.638117679335299071e-05,7.118428859327715909e-08,-1.378126407696949306e-07,1.975564140651481150e-08
8.693750000000001421e+00,5.930482077607464042e-01,-1.077838837722153978e-04,1.369892536851838479e-04,5.930055107193337172e-01,-3.600162628579264552e-05,7.032772667538093121e-08,-1.362900226862493503e-07,1.948615928415422320e-08
8.700000000000001066e+00,5.930475367821598232e-01,-1.069300442972940851e-04,1.362400889636095199e-04,5.930052868887031314e-01,-3.562459431520868271e-05,6.948062788601633714e-08,-1.347844080590923226e-07,1.921975433358224129e-08
8.706250000000000711e+00,5.930468711254656133e-01,-1.060808738009454057e-04,1.354951766755552514e-04,5.930050654066817417e-01,-3.525006944745806152e-05,6.864288654350640458e-08,-1.332956084648756486e-07,1.895639308872636772e-08
8.712500000000000355e+00,5.930462107615654954e-01,-1.052363457778164070e-04,1.347544936890005191e-04,5.930048462576356094e-01,-3.487804032842790094e-05,6.781439813723228327e-08,-1.318234375844992135e-07,1.869604246204475748e-08
8.718750000000000000e+00,5.930455556615265023e-01,-1.043964338667161082e-04,1.340180170040206585e-04,5.930046294260016282e-01,-3.450849568369419997e-05,6.699505931455472537e-08,-1.303677111797187692e-07,1.843866974037239222e-08
8.724999999999999645e+00,5.930449057965798687e-01,-1.035611118497921032e-04,1.332857237520734047e-04,5.930044148962868578e-01,-3.414142431818326161e-05,6.618476786788112327e-08,-1.289282470700161909e-07,1.818424258081409873e-08
8.731249999999999289e+00,5.930442611381204765e-01,-1.027303536517116487e-04,1.325575911952890380e-04,5.930042026530680799e-01,-3.377681511583560371e-05,6.538342272187634439e-08,-1.275048651097282372e-07,1.793272900668386632e-08
8.737500000000000711e+00,5.930436216577052999e-01,-1.019041333388469544e-04,1.318335967257647310e-04,5.930039926809913542e-01,-3.341465703927239068e-05,6.459092392081545719e-08,-1.260973871654313531e-07,1.768409740348981810e-08
8.743750000000000355e+00,5.930429873270535168e-01,-1.010824251184659753e-04,1.311137178648639915e-04,5.930037849647714632e-01,-3.305493912946487375e-05,6.380717261607818979e-08,-1.247056370935811912e-07,1.743831651496479613e-08
8.750000000000000000e+00,5.930423581180446213e-01,-1.002652033379253580e-04,1.303979322625178937e-04,5.930035794891912460e-01,-3.269765050540527463e-05,6.303207105377997241e-08,-1.233294407183987785e-07,1.719535543914099239e-08
8.756250000000001421e+00,5.930417340027182016e-01,-9.945244248386964970e-05,1.296862176965323280e-04,5.930033762391015983e-01,-3.234278036378119284e-05,6.226552256254263460e-08,-1.219686258100075371e-07,1.695518362446945926e-08
8.762500000000001066e+00,5.930411149532728299e-01,-9.864411718143505992e-05,1.289785520718992880e-04,5.930031751994205846e-01,-3.199031797865246603e-05,6.150743154140077317e-08,-1.206230220628152036e-07,1.671777086598339438e-08
8.768750000000000711e+00,5.930405009420652851e-01,-9.784020219345517379e-05,1.282749134201100556e-04,5.930029763551329935e-01,-3.164025270112958880e-05,6.075770344784064114e-08,-1.192924610741341617e-07,1.648308730150407819e-08
8.775000000000000355e+00,5.930398919416095538e-01,-9.704067241967348262e-05,1.275752798984748106e-04,5.930027796912898941e-01,-3.129257395905566205e-05,6.001624478597405901e-08,-1.179767763230450183e-07,1.625110340789031798e-08
8.781250000000000000e+00,5.930392879245761639e-01,-9.624550289595886876e-05,1.268796297894446510e-04,5.930025851930084135e-01,-3.094727125669030057e-05,5.928296309484253088e-08,-1.166758031494948752e-07,1.602178999732986961e-08
8.787499999999999645e+00,5.930386888637912968e-01,-9.545466879352558986e-05,1.261879414999381144e-04,5.930023928454708493e-01,-3.060433417439610213e-05,5.855776693685157206e-08,-1.153893787336300420e-07,1.579511821367281058e-08
8.793749999999999289e+00,5.930380947322356766e-01,-9.466814541815742382e-05,1.255001935606715204e-04,5.930022026339243357e-01,-3.026375236832757289e-05,5.784056588633345478e-08,-1.141173420753600567e-07,1.557105952880630514e-08
8.800000000000000711e+00,5.930375055030440157e-01,-9.388590820943583880e-05,1.248163646254927823e-04,5.930020145436807333e-01,-2.992551557012239073e-05,5.713127051823671768e-08,-1.128595339741502053e-07,1.534958573907027192e-08
8.806250000000000355e+00,5.930369211495043480e-01,-9.310793273997335388e-05,1.241364334707202881e-04,5.930018285601155181e-01,-2.958961358659560259e-05,5.642979239694233983e-08,-1.116157970090421460e-07,1.513066896171384807e-08
8.812500000000000000e+00,5.930363416450568081e-01,-9.233419471464882414e-05,1.234603789944836239e-04,5.930016446686677822e-01,-2.925603629943527540e-05,5.573604406520199999e-08,-1.103859755188945625e-07,1.491428163139129332e-08
8.818750000000001421e+00,5.930357669632928541e-01,-9.156466996984883797e-05,1.227881802160697190e-04,5.930014628548396782e-01,-2.892477366490144697e-05,5.504993903320104821e-08,-1.091699155828484666e-07,1.470039649669806203e-08
8.825000000000001066e+00,5.930351970779546011e-01,-9.079933447271319367e-05,1.221198162752729478e-04,5.930012831041956423e-01,-2.859581571352745209e-05,5.437139176774274216e-08,-1.079674650010110356e-07,1.448898661674605703e-08
8.831250000000000711e+00,5.930346319629341556e-01,-9.003816432038238182e-05,1.214552664317471566e-04,5.930011054023623940e-01,-2.826915254982283410e-05,5.370031768155086947e-08,-1.067784732753527957e-07,1.428002535777706126e-08
8.837500000000000355e+00,5.930340715922722827e-01,-8.928113573925143738e-05,1.207945100643634630e-04,5.930009297350283815e-01,-2.794477435197956344e-05,5.303663312269302601e-08,-1.056027915908222019e-07,1.407348638981511791e-08
8.843750000000000000e+00,5.930335159401584066e-01,-8.852822508422651573e-05,1.201375266705707130e-04,5.930007560879430040e-01,-2.762267137158018395e-05,5.238025536412024870e-08,-1.044402727966698983e-07,1.386934368335649446e-08
8.849999999999999645e+00,5.930329649809287229e-01,-8.777940883798585991e-05,1.194842958657599209e-04,5.930005844469163900e-01,-2.730283393330842237e-05,5.173110259332295649e-08,-1.032907713879826852e-07,1.366757150609718412e-08
8.856249999999999289e+00,5.930324186890666427e-01,-8.703466361024456241e-05,1.188347973826323967e-04,5.930004147978189533e-01,-2.698525243466216953e-05,5.108909390210165110e-08,-1.021541434874241619e-07,1.346814441969748808e-08
8.862500000000000711e+00,5.930318770392007943e-01,-8.629396613702317595e-05,1.181890110705713560e-04,5.930002471265809483e-01,-2.666991734566872822e-05,5.045414927645088856e-08,-1.010302468271797037e-07,1.327103727658319729e-08
8.868750000000000355e+00,5.930313400061052453e-01,-8.555729327992125737e-05,1.175469168950180564e-04,5.930000814191918046e-01,-2.635681920860284946e-05,4.982618958655640906e-08,-9.991894073110528209e-08,1.307622521678330909e-08
8.875000000000000000e+00,5.930308075646981703e-01,-8.482462202539261913e-05,1.169084949368497908e-04,5.929999176617000156e-01,-2.604594863770622227e-05,4.920513657690134213e-08,-9.882008609707304798e-08,1.288368366480305451e-08
8.881250000000001421e+00,5.930302796900409623e-01,-8.409592948402650327e-05,1.162737253917631527e-04,5.929997558402124724e-01,-2.573729631891012127e-05,4.859091285648384960e-08,-9.773354537951764902e-08,1.269338832653289309e-08
8.887500000000001066e+00,5.930297563573380115e-01,-8.337119288983242812e-05,1.156425885696608111e-04,5.929995959408940198e-01,-2.543085300956033772e-05,4.798344188914312261e-08,-9.665918257217801251e-08,1.250531518619258180e-08
8.893750000000000711e+00,5.930292375419354833e-01,-8.265038959952712206e-05,1.150150648940403460e-04,5.929994379499669011e-01,-2.512660953814365233e-05,4.738264798399113203e-08,-9.559686319102983015e-08,1.231944050330944454e-08
8.900000000000000355e+00,5.930287232193206526e-01,-8.193349709182724426e-05,1.143911349013883283e-04,5.929992818537107580e-01,-2.482455680401752330e-05,4.678845628595218358e-08,-9.454645425741231758e-08,1.213574080973150565e-08
8.906250000000000000e+00,5.930282133651211263e-01,-8.122049296674488362e-05,1.137707792405771379e-04,5.929991276384616317e-01,-2.452468577714158704e-05,4.620079276640644638e-08,-9.350782428134252556e-08,1.195419290667428311e-08
8.912499999999999645e+00,5.930277079551041775e-01,-8.051135494488705579e-05,1.131539786722654534e-04,5.929989752906119627e-01,-2.422698749781158477e-05,4.561958421393737526e-08,-9.248084324501707051e-08,1.177477386180120822e-08
8.918749999999999289e+00,5.930272069651760791e-01,-7.980606086675885930e-05,1.125407140683021718e-04,5.929988247966098136e-01,-2.393145307639554909e-05,4.504475822518167711e-08,-9.146538258649870343e-08,1.159746100633723343e-08
8.925000000000000711e+00,5.930267103713809940e-01,-7.910458869207022316e-05,1.119309664111337835e-04,5.929986761429588693e-01,-2.363807369307219608e-05,4.447624319578045785e-08,-9.046131518358549385e-08,1.142223193221523794e-08
8.931250000000000355e+00,5.930262181499007523e-01,-7.840691649904728939e-05,1.113247167932159080e-04,5.929985293162173265e-01,-2.334684059757200094e-05,4.391396831143150389e-08,-8.946851533786227148e-08,1.124906448925514658e-08
8.937500000000000000e+00,5.930257302770536310e-01,-7.771302248374553027e-05,1.107219464164267133e-04,5.929983843029980051e-01,-2.305774510891971013e-05,4.335786353903897235e-08,-8.848685875892802570e-08,1.107793678237467841e-08
8.943750000000001421e+00,5.930252467292936869e-01,-7.702288495936821888e-05,1.101226365914851604e-04,5.929982410899680145e-01,-2.277077861517985875e-05,4.280785961796265398e-08,-8.751622254880278338e-08,1.090882716883230745e-08
8.950000000000001066e+00,5.930247674832105353e-01,-7.633648235558864012e-05,1.095267687373727844e-04,5.929980996638477553e-01,-2.248593257320452080e-05,4.226388805136406915e-08,-8.655648518650917401e-08,1.074171425550164136e-08
8.962500000000000355e+00,5.930238218031034236e-01,-7.497479620684259450e-05,1.083452851554446336e-04,5.929978221194839305e-01,-2.192256801440211977e-05,4.119377176233519259e-08,-8.466922771614715795e-08,1.041339418901474560e-08
8.974999999999999645e+00,5.930228930521235231e-01,-7.362779377869535318e-05,1.071773491659278271e-04,5.929975515647267770e-01,-2.136758445360969561e-05,4.014698165004327185e-08,-8.282414114396738058e-08,1.009281032845684828e-08
8.987500000000000711e+00,5.930219810477789233e-01,-7.229530663305465258e-05,1.060228159598491080e-04,5.929972878952265436e-01,-2.082091599674775221e-05,3.912299637577572245e-08,-8.102030134097182935e-08,9.779800244031106633e-09
9.000000000000000000e+00,5.930210856096720384e-01,-7.097716813143624490e-05,1.048815424060213979e-04,5.929970310074508255e-01,-2.028249782686190064e-05,3.812130602314197174e-08,-7.925680478828056818e-08,9.474205248594462393e-09
9.012500000000001066e+00,5.930202065594768479e-01,-6.967321341410120559e-05,1.037533870333216997e-04,5.929967807986704642e-01,-1.975226619657513829e-05,3.714141184329050771e-08,-7.753276812371169212e-08,9.175870317626120945e-09
9.025000000000000355e+00,5.930193437209174689e-01,-6.838327937941632891e-05,1.026382100131797005e-04,5.929965371669466689e-01,-1.923015842068122335e-05,3.618282600573231989e-08,-7.584732769848593297e-08,8.884644011018880046e-09
9.037499999999999645e+00,5.930184969197455080e-01,-6.710720466342924985e-05,1.015358731422699213e-04,5.929963000111175830e-01,-1.871611286887598361e-05,3.524507135464132136e-08,-7.419963914382512582e-08,8.600378396652587766e-09
9.050000000000000711e+00,5.930176659837191888e-01,-6.584482961966059607e-05,1.004462398254093758e-04,5.929960692307849612e-01,-1.821006895862769100e-05,3.432768117051300867e-08,-7.258887694723189171e-08,8.322928975712284818e-09
9.062500000000000000e+00,5.930168507425814806e-01,-6.459599629910854873e-05,9.936917505865706772e-05,5.929958447263016241e-01,-1.771196714818488256e-05,3.343019893706015424e-08,-7.101423403823443690e-08,8.052154609712934634e-09
9.075000000000001066e+00,5.930160510280392261e-01,-6.336054843046167850e-05,9.830454541261158532e-05,5.929956263987581355e-01,-1.722174892972017424e-05,3.255217811322741022e-08,-6.947492138338521365e-08,7.787917449193552814e-09
9.087500000000000355e+00,5.930152666737424916e-01,-6.213833140052195413e-05,9.725221901590862283e-05,5.929954141499698128e-01,-1.673935682261106021e-05,3.169318191021345848e-08,-6.797016759031518376e-08,7.530082864045784255e-09
9.099999999999999645e+00,5.930144975152634723e-01,-6.092919223483018521e-05,9.621206553891189627e-05,5.929952078824641815e-01,-1.626473436685486868e-05,3.085278307338516641e-08,-6.649921852063691610e-08,7.278519375440593219e-09
9.112500000000000711e+00,5.930137433900763977e-01,-5.973297957849587079e-05,9.518395617759903965e-05,5.929950074994683185e-01,-1.579782611661884316e-05,3.003056366897733982e-08,-6.506133691150732565e-08,7.033098589319711120e-09
9.125000000000000000e+00,5.930130041375377692e-01,-5.854954367722723253e-05,9.416776363763918801e-05,5.929948129048957517e-01,-1.533857763392398383e-05,2.922611487546978193e-08,-6.365580200565662578e-08,6.793695131417856473e-09
9.137500000000001066e+00,5.930122795988657103e-01,-5.737873635855744085e-05,9.316336211865864248e-05,5.929946240033345806e-01,-1.488693548246128175e-05,2.843903677953596117e-08,-6.228190918969533362e-08,6.560186583782643105e-09
9.150000000000000355e+00,5.930115696171208706e-01,-5.622041101326882335e-05,9.217062729869647400e-05,5.929944407000343753e-01,-1.444284722154130160e-05,2.766893817646368206e-08,-6.093896964052195446e-08,6.332453422760954681e-09
9.162499999999999645e+00,5.930108740371867748e-01,-5.507442257700773678e-05,9.118943631884362828e-05,5.929942629008940758e-01,-1.400626140017453432e-05,2.691543637494434516e-08,-5.962630997964707569e-08,6.110378958419485806e-09
9.175000000000000711e+00,5.930101927057509492e-01,-5.394062751209197987e-05,9.021966776806745634e-05,5.929940905124496675e-01,-1.357712755128347872e-05,2.617815700613567338e-08,-5.834327193526471530e-08,5.893849275369681127e-09
9.187500000000000000e+00,5.930095254712853814e-01,-5.281888378950668118e-05,8.926120166821816079e-05,5.929939234418617477e-01,-1.315539618604516274e-05,2.545673383690097919e-08,-5.708921201189862646e-08,5.682753174966844766e-09
9.200000000000001066e+00,5.930088721840280908e-01,-5.170905087108495520e-05,8.831391945921397268e-05,5.929937615969036457e-01,-1.274101878836292359e-05,2.475080858713037623e-08,-5.586350116745521702e-08,5.476982118853917868e-09
9.212500000000000355e+00,5.930082326959649208e-01,-5.061098969187494649e-05,8.737770398440683451e-05,5.929936048859487663e-01,-1.233394780946836843e-05,2.406003075105489757e-08,-5.466552449752499975e-08,5.276430173822153332e-09
9.224999999999999645e+00,5.930076068608105544e-01,-4.952456264268639054e-05,8.645243947612243657e-05,5.929934532179592654e-01,-1.193413666265114389e-05,2.338405742246085993e-08,-5.349468092676811000e-08,5.080993957959924154e-09
9.237500000000000711e+00,5.930069945339909721e-01,-4.844963355281832446e-05,8.553801154137644959e-05,5.929933065024731720e-01,-1.154153971811744433e-05,2.272255312371947275e-08,-5.235038290723288073e-08,4.890572588063155103e-09
9.250000000000000000e+00,5.930063955726252445e-01,-4.738606767296434260e-05,8.463430714776363345e-05,5.929931646495933961e-01,-1.115611229797613245e-05,2.207518963854487453e-08,-5.123205612345364561e-08,4.705067628280495155e-09
9.262500000000001066e+00,5.930058098355082130e-01,-4.633373165829157518e-05,8.374121460951694886e-05,5.929930275699750730e-01,-1.077781067135139990e-05,2.144164584839593943e-08,-5.013913920417768681e-08,4.524383039966971858e-09
9.275000000000000355e+00,5.930052371830927260e-01,-4.529249355169514516e-05,8.285862357373814907e-05,5.929928951748142385e-01,-1.040659204962285539e-05,2.082160757244219343e-08,-4.907108344058017052e-08,4.348425132721426350e-09
9.287499999999999645e+00,5.930046774774725415e-01,-4.426222276722146907e-05,8.198642500679422743e-05,5.929927673758359497e-01,-1.004241458179091451e-05,2.021476741101088039e-08,-4.802735251082033509e-08,4.177102516582133587e-09
9.300000000000000711e+00,5.930041305823651188e-01,-4.324279007366202854e-05,8.112451118088132007e-05,5.929926440852822944e-01,-9.685237349968385553e-06,1.962082459243907733e-08,-4.700742221080424694e-08,4.010326055357058766e-09
9.312500000000000000e+00,5.930035963630950757e-01,-4.223406757831408843e-05,8.027277566075319032e-05,5.929925252159012894e-01,-9.335020364997238310e-06,1.903948482325315707e-08,-4.601078019101677912e-08,3.848008821064830376e-09
9.325000000000001066e+00,5.930030746865774249e-01,-4.123592871090477725e-05,7.943111329061120515e-05,5.929924106809350004e-01,-8.991724562189637736e-06,1.847046014159976538e-08,-4.503692569928906740e-08,3.690066049463100886e-09
9.337500000000000355e+00,5.930025654213010311e-01,-4.024824820768023730e-05,7.859942018115756532e-05,5.929923003941081072e-01,-8.655311797194094502e-06,1.791346877385706283e-08,-4.408536932937536164e-08,3.536415096642343369e-09
9.349999999999999645e+00,5.930020684373125128e-01,-3.927090209565348172e-05,7.777759369680628694e-05,5.929921942696160242e-01,-8.325744841984823288e-06,1.736823499435184456e-08,-4.315563277520855814e-08,3.386975396662353943e-09
9.362500000000000711e+00,5.930015836062001444e-01,-3.830376767701252369e-05,7.696553244305362853e-05,5.929920922221142421e-01,-8.002987380975179539e-06,1.683448898811445761e-08,-4.224724859071410110e-08,3.241668420210539415e-09
9.375000000000000000e+00,5.930011108010780907e-01,-3.734672351368534227e-05,7.616313625400485999e-05,5.929919941667063377e-01,-7.687004007254283607e-06,1.631196671660190042e-08,-4.135975995505996954e-08,3.100417634260750178e-09
9.387500000000001066e+00,5.930006498965705308e-01,-3.639964941205850679e-05,7.537030618005513744e-05,5.929919000189326495e-01,-7.377760218946064029e-06,1.580040978632120618e-08,-4.049272044322324516e-08,2.963148462711974725e-09
9.400000000000000355e+00,5.930002007687966703e-01,-3.546242640785081504e-05,7.458694447572547309e-05,5.929918096947593975e-01,-7.075222415691517838e-06,1.529956532028920196e-08,-3.964569380176107558e-08,2.829788247987389195e-09
9.412499999999999645e+00,5.929997632953549758e-01,-3.453493675113598893e-05,7.381295458764904332e-05,5.929917231105670261e-01,-6.779357895252519255e-06,1.480918583226213513e-08,-3.881825372966930136e-08,2.700266213573627139e-09
9.425000000000000711e+00,5.929993373553081870e-01,-3.361706389151602683e-05,7.304824114270925802e-05,5.929916401831393236e-01,-6.490134850238001772e-06,1.432902910367404823e-08,-3.800998366422158373e-08,2.574513427481706334e-09
9.437500000000000000e+00,5.929989228291685510e-01,-3.270869246344177024e-05,7.229270993632683987e-05,5.929915608296519869e-01,-6.207522364951769088e-06,1.385885806322157597e-08,-3.722047657167997105e-08,2.452462766610791802e-09
9.450000000000001066e+00,5.929985195988832780e-01,-3.180970827167775740e-05,7.154626792089355562e-05,5.929914849676615196e-01,-5.931490412361288599e-06,1.339844066903431026e-08,-3.644933474277049539e-08,2.334048881996472161e-09
9.462500000000000355e+00,5.929981275478194425e-01,-3.091999827691260398e-05,7.080882319435377820e-05,5.929914125150943516e-01,-5.662009851188227249e-06,1.294754979337345773e-08,-3.569616959282364433e-08,2.219208164926269903e-09
9.474999999999999645e+00,5.929977465607503273e-01,-3.003945058150935427e-05,7.008028498892931275e-05,5.929913433902356257e-01,-5.399052423119292312e-06,1.250596310979914659e-08,-3.496060146647581391e-08,2.107878713904567742e-09
9.487500000000000711e+00,5.929973765238404360e-01,-2.916795441539708016e-05,6.936056365998886865e-05,5.929912775117183177e-01,-5.142590750138174170e-06,1.207346298275160042e-08,-3.424225944683628627e-08,2.000000302450521958e-09
9.500000000000000000e+00,5.929970173246322807e-01,-2.830540012210075996e-05,6.864957067505941303e-05,5.929912147985118009e-01,-4.892598331977967668e-06,1.164983635949032427e-08,-3.354078116902240248e-08,1.895514347712314498e-09
9.512500000000001066e+00,5.929966688520320606e-01,-2.745167914490637760e-05,6.794721860297760316e-05,5.929911551699116323e-01,-4.649049543693554514e-06,1.123487466433666618e-08,-3.285581263796834750e-08,1.794363879881562120e-09
9.525000000000000355e+00,5.929963309962962281e-01,-2.660668401316260414e-05,6.725342110318189410e-05,5.929910985455280059e-01,-4.411919633354683633e-06,1.082837369516844740e-08,-3.218700805041823150e-08,1.696493512392590271e-09
9.537499999999999645e+00,5.929960036490176112e-01,-2.577030832871363725e-05,6.656809291514154039e-05,5.929910448452752059e-01,-4.181184719858534842e-06,1.043013352211310795e-08,-3.153402962101096246e-08,1.601849412890870161e-09
9.550000000000000711e+00,5.929956867031126455e-01,-2.494244675246452348e-05,6.589114984792327791e-05,5.929909939893602822e-01,-3.956821790862514611e-06,1.003995838839025959e-08,-3.089654741237192864e-08,1.510379274956089620e-09
9.562500000000000000e+00,5.929953800528080521e-01,-2.412299499107604941e-05,6.522250876989374782e-05,5.929909458982728365e-01,-3.738808700836812544e-06,9.657656613253479109e-09,-3.027423916912491499e-08,1.422032290565195313e-09
9.575000000000001066e+00,5.929950835936274034e-01,-2.331184978378634219e-05,6.456208759855516896e-05,5.929909004927739202e-01,-3.527124169236317087e-06,9.283040496982349982e-09,-2.966679015573992737e-08,1.336759123281134790e-09
9.587500000000000355e+00,5.929947972223790220e-01,-2.250890888936041265e-05,6.390980529051566814e-05,5.929908576938849318e-01,-3.321747778792600270e-06,8.915926227878663265e-09,-2.907389299813761455e-08,1.254511882153828743e-09
9.600000000000001421e+00,5.929945208371425469e-01,-2.171407107316244034e-05,6.326558183158989090e-05,5.929908174228771811e-01,-3.122659973924946577e-06,8.556133791218650902e-09,-2.849524752896776831e-08,1.175244096319543235e-09
9.612500000000000711e+00,5.929942543372571651e-01,-2.092723609435275534e-05,6.262933822703185783e-05,5.929907796012611199e-01,-2.929842059271348792e-06,8.203486880117514993e-09,-2.793056063648697916e-08,1.098910690285959084e-09
9.625000000000000000e+00,5.929939976233088439e-01,-2.014830469320446512e-05,6.200099649189587869e-05,5.929907441507755728e-01,-2.743276198338533986e-06,7.857812808260124519e-09,-2.737954611695668663e-08,1.025467959889815807e-09
9.637500000000001066e+00,5.929937505971180078e-01,-1.937717857854083791e-05,6.138047964152681187e-05,5.929907109933768572e-01,-2.562945412271726942e-06,7.518942424455622139e-09,-2.684192453048952715e-08,9.548735489149929047e-10
9.650000000000000355e+00,5.929935131617279920e-01,-1.861376041529078267e-05,6.076771168217737202e-05,5.929906800512281251e-01,-2.388833578743857074e-06,7.186710028972771361e-09,-2.631742306027060870e-08,8.870864263588094704e-10
9.662500000000001421e+00,5.929932852213929406e-01,-1.785795381215971199e-05,6.016261760175071723e-05,5.929906512466888158e-01,-2.220925430963993707e-06,6.860953291613845449e-09,-2.580577537508216753e-08,8.220668643346656795e-10
9.675000000000000711e+00,5.929930666815658169e-01,-1.710966330941699395e-05,5.956512336066916959e-05,5.929906245023038869e-01,-2.059206556805675903e-06,6.541513171487366636e-09,-2.530672149506433749e-08,7.597764165998059663e-10
9.687500000000000000e+00,5.929928574488871895e-01,-1.636879436679514115e-05,5.897515588286553190e-05,5.929905997407929341e-01,-1.903663398054451175e-06,6.228233838438277887e-09,-2.482000766064229717e-08,7.001778976967506445e-10
9.700000000000001066e+00,5.929926574311737975e-01,-1.563525335150189573e-05,5.839264304689794244e-05,5.929905768850398662e-01,-1.754283249775306399e-06,5.920962596097534952e-09,-2.434538620455572169e-08,6.432353626977749698e-10
9.712500000000000355e+00,5.929924665374068926e-01,-1.490894752634264550e-05,5.781751367718643145e-05,5.929905558580820246e-01,-1.611054259799824315e-06,5.619549806512266854e-09,-2.388261542692538341e-08,5.889140875417692567e-10
9.725000000000001421e+00,5.929922846777218037e-01,-1.418978503795055213e-05,5.724969753536920741e-05,5.929905365830995256e-01,-1.473965428332978758e-06,5.323848816318524003e-09,-2.343145947329349693e-08,5.371805499531349135e-10
9.737500000000000711e+00,5.929921117633962790e-01,-1.347767490512555026e-05,5.668912531177975050e-05,5.929905189834047130e-01,-1.343006607680212595e-06,5.033715884420888822e-09,-2.299168821557805909e-08,4.880024109329227842e-10
9.750000000000000000e+00,5.929919477068400502e-01,-1.277252700727759253e-05,5.613572861704123714e-05,5.929905029824314999e-01,-1.218168502094326357e-06,4.749010111141635593e-09,-2.256307713587940380e-08,4.413484968122751191e-10
9.762500000000001066e+00,5.929917924215839520e-01,-1.207425207297526056e-05,5.558943997377925096e-05,5.929904885037244888e-01,-1.099442667742840579e-06,4.469593368805196737e-09,-2.214540721308217063e-08,3.971887818589256731e-10
9.775000000000000355e+00,5.929916458222694864e-01,-1.138276166859721409e-05,5.505019280845107932e-05,5.929904754709287573e-01,-9.868215127957913950e-07,4.195330233722925096e-09,-2.173846481219492038e-08,3.554943714275139804e-10
9.787500000000001421e+00,5.929915078246384974e-01,-1.069796818708407290e-05,5.451792144328971174e-05,5.929904638077787560e-01,-8.802982976340053565e-07,3.926087919543905301e-09,-2.134204157637130141e-08,3.162374856447615937e-10
9.800000000000000711e+00,5.929913783455227350e-01,-1.001978483679174946e-05,5.399256108836362431e-05,5.929904534380879833e-01,-7.798671351784720038e-07,3.661736211939595935e-09,-2.095593432155983045e-08,2.793914436210235680e-10
9.812500000000000000e+00,5.929912573028337519e-01,-9.348125630441866940e-06,5.347404783374902292e-05,5.929904442857379943e-01,-6.855229913405603008e-07,3.402147404588632951e-09,-2.057994493372767104e-08,2.449306481796590411e-10
9.825000000000001066e+00,5.929911446155531340e-01,-8.682905374170285520e-06,5.296231864181554834e-05,5.929904362746681867e-01,-5.972616855937214053e-07,3.147196236430893759e-09,-2.021388026860808029e-08,2.128305710962364706e-10
9.837500000000000355e+00,5.929910402037222861e-01,-8.024039656671351988e-06,5.245731133962374212e-05,5.929904293288646988e-01,-5.150798916667654422e-07,2.896759830159200940e-09,-1.985755205392059640e-08,1.830677388396312775e-10
9.850000000000001421e+00,5.929909439884331057e-01,-7.371444838435539760e-06,5.195896461143264720e-05,5.929904233723499729e-01,-4.389751383588907410e-07,2.650717631917720346e-09,-1.951077679401428961e-08,1.556197188073420104e-10
9.862500000000000711e+00,5.929908558918181027e-01,-6.725038041081469555e-06,5.146721799131847815e-05,5.929904183291720976e-01,-3.689458104770618461e-07,2.408951352177954203e-09,-1.917337567688740704e-08,1.304651060477380619e-10
9.875000000000000000e+00,5.929907758370409621e-01,-6.084737136778110283e-06,5.098201185590127128e-05,5.929904141233938164e-01,-3.049911498957029499e-07,2.171344907761858771e-09,-1.884517448353516053e-08,1.075835104619528185e-10
9.887500000000001066e+00,5.929907037482876619e-01,-5.450460737758156252e-06,5.050328741718052407e-05,5.929904106790819807e-01,-2.471112567393259819e-07,1.937784364984146885e-09,-1.852600349958135997e-08,8.695554447859882074e-11
9.900000000000000355e+00,5.929906395507567041e-01,-4.822128185920266597e-06,5.003098671547815714e-05,5.929904079202970024e-01,-1.953070906883151976e-07,1.708157883885145834e-09,-1.821569742914890043e-08,6.856281119456033209e-11
9.912500000000001421e+00,5.929905831706502317e-01,-4.199659542517962116e-06,4.956505261248736883e-05,5.929904057710817522e-01,-1.495804724081782008e-07,1.482355663526183621e-09,-1.791409531092543105e-08,5.238789297537019780e-11
9.925000000000000711e+00,5.929905345351653700e-01,-3.582975577936087942e-06,4.910542878442819570e-05,5.929904041554510119e-01,-1.099340851028415797e-07,1.260269888321137228e-09,-1.762104043638312473e-08,3.841434050898908921e-11
9.937500000000000000e+00,5.929904935724852333e-01,-2.971997761550839834e-06,4.865205971530698009e-05,5.929904029973807056e-01,-7.637147619217620715e-08,1.041794675376509473e-09,-1.733638027011010748e-08,2.662666230687796002e-11
9.950000000000001066e+00,5.929904602117701540e-01,-2.366648251674287924e-06,4.820489069028065991e-05,5.929904022207967973e-01,-4.889705911435429183e-08,8.268260228146886025e-10,-1.705996637221459735e-08,1.701031464661205593e-11
9.962500000000000355e+00,5.929904343831493563e-01,-1.766849885581184221e-06,4.776386778912428783e-05,5.929904017495648549e-01,-2.751611525339398578e-08,6.152617590544023676e-10,-1.679165432276233598e-08,9.551691950403878588e-12
9.975000000000001421e+00,5.929904160177121852e-01,-1.172526169615932665e-06,4.732893787980055371e-05,5.929904015074789481e-01,-1.223479599233506770e-08,4.070014930228920094e-10,-1.653130364820895804e-08,4.238117594137259209e-12
9.987500000000000711e+00,5.929904050475001132e-01,-5.836012693805798000e-07,4.690004861213202834e-05,5.929904014182507677e-01,-3.060124892607552509e-09,2.019465652758551819e-10,-1.627877774979126347e-08,1.057835141756713320e-12
1.000000000000000000e+01,5.929904014054987460e-01,6.373927246438639243e-31,4.647714841157355359e-05,5.929904014054987460e-01,0.000000000000000000e+00,-5.385446762555416796e-33,-1.603394383384034776e-08,0.000000000000000000e+00
