eta,f,f',f'',F,F',t,t',tp
0.000000000000000000e+00,1.000000000000000000e+00,-3.644722482880803915e-01,3.526387585595981422e-01,7.933318136677072197e-01,-1.685654719447136629e-01,6.948569148608716439e-01,-1.525715425695641780e+00,1.898100333811978957e-01
3.125000000000000173e-03,9.988627442439936832e-01,-3.633720267076146482e-01,3.515037473798103829e-01,7.928058235467358994e-01,-1.680684584892089550e-01,6.901062674523844587e-01,-1.514713103816336170e+00,1.885675007608874076e-01
6.250000000000000347e-03,9.977289211451534356e-01,-3.622753455365880226e-01,3.503728933585456007e-01,7.922813842234091020e-01,-1.675729606253561765e-01,6.853898696578223371e-01,-1.503795554239867993e+00,1.873334146971850633e-01
9.375000000000001388e-03,9.965985196599677076e-01,-3.611821918134464071e-01,3.492461775922129363e-01,7.917584909692453321e-01,-1.670789734010493799e-01,6.807074576716759529e-01,-1.492962068975119516e+00,1.861077150444058470e-01
1.250000000000000069e-02,9.954715287853374006e-01,-3.600925526355334139e-01,3.481235812896742998e-01,7.912371390712097385e-01,-1.665864918825670504e-01,6.760587698907375431e-01,-1.482211946529015556e+00,1.848903421102234268e-01
1.562500000000000000e-02,9.943479375583927915e-01,-3.590064151587404884e-01,3.470050857713923853e-01,7.907173238316567154e-01,-1.660955111544893670e-01,6.714435468938986240e-01,-1.471544491840305557e+00,1.836812366520079454e-01
1.875000000000000278e-02,9.932277350563111229e-01,-3.579237665971591875e-01,3.458906724685861245e-01,7.901990405682729479e-01,-1.656060263196154625e-01,6.668615314221524315e-01,-1.460959016214099737e+00,1.824803398731956461e-01
2.187500000000000208e-02,9.921109103961347486e-01,-3.568445942227367329e-01,3.447803229223938559e-01,7.896822846140202357e-01,-1.651180324988813786e-01,6.623124683588007544e-01,-1.450454837257147078e+00,1.812875934196907235e-01
2.500000000000000139e-02,9.909974527345916107e-01,-3.557688853649334515e-01,3.436740187830440441e-01,7.891670513170795376e-01,-1.646315248312786306e-01,6.577961047098614955e-01,-1.440031278813846738e+00,1.801029393762982878e-01
2.812500000000000069e-02,9.898873512679154940e-01,-3.546966274103834915e-01,3.425717418090337141e-01,7.886533360407941284e-01,-1.641464984737728283e-01,6.533121895846748517e-01,-1.429687670902983543e+00,1.789263202631887761e-01
3.125000000000000000e-02,9.887805952316680580e-01,-3.536278078025573701e-01,3.414734738663138813e-01,7.881411341636140877e-01,-1.636629486012231849e-01,6.488604741767064477e-01,-1.419423349655179800e+00,1.777576790323932843e-01
3.437500000000000278e-02,9.876771739005616446e-01,-3.525624140414279073e-01,3.403791969274828078e-01,7.876304410790397892e-01,-1.631808704063022197e-01,6.444407117445444255e-01,-1.409237657251050990e+00,1.765969590643293452e-01
3.750000000000000555e-02,9.865770765882835303e-01,-3.515004336831377141e-01,3.392888930709861972e-01,7.871212521955670560e-01,-1.627002590994159892e-01,6.400526575930892692e-01,-1.399129941860060677e+00,1.754441041643572674e-01
4.062500000000000833e-02,9.854802926473206215e-01,-3.504418543396701780e-01,3.382025444803244962e-01,7.866135629366315385e-01,-1.622211099086247332e-01,6.356960690549331439e-01,-1.389099557580063538e+00,1.742990585593661990e-01
4.375000000000000416e-02,9.843868114687855941e-01,-3.493866636785218360e-01,3.371201334432677443e-01,7.861073687405537580e-01,-1.617434180795641330e-01,6.313707054719270850e-01,-1.379145864377527175e+00,1.731617668943903066e-01
4.687500000000000000e-02,9.832966224822436985e-01,-3.483348494223783010e-01,3.360416423510770856e-01,7.856026650604841510e-01,-1.612671788753666513e-01,6.270763281769342612e-01,-1.369268228028426515e+00,1.720321742292541256e-01
5.000000000000000278e-02,9.822097151555412298e-01,-3.472863993487915746e-01,3.349670536977333302e-01,7.850994473643486682e-01,-1.607923875765837896e-01,6.228127004757667562e-01,-1.359466020059800773e+00,1.709102260352471370e-01
5.312500000000000555e-02,9.811260789946342209e-01,-3.462413012898606368e-01,3.338963500791725658e-01,7.845977111347944843e-01,-1.603190394811083164e-01,6.185795876293042062e-01,-1.349738617691964349e+00,1.697958681918274038e-01
5.625000000000000139e-02,9.800457035434184672e-01,-3.451995431319136998e-01,3.328295141925282086e-01,7.840974518691357087e-01,-1.598471299040972460e-01,6.143767568357912934e-01,-1.340085403781366757e+00,1.686890469833536299e-01
5.937499999999999722e-02,9.789685783835607724e-01,-3.441611128151934040e-01,3.317665288353805475e-01,7.835986650792999830e-01,-1.593766541778952328e-01,6.102039772133132089e-01,-1.330505766764087605e+00,1.675897090958456959e-01
6.250000000000000000e-02,9.778946931343309723e-01,-3.431259983335439578e-01,3.307073769050120626e-01,7.831013462917744139e-01,-1.589076076519581326e-01,6.060610197824476408e-01,-1.320999100599964615e+00,1.664978016137732553e-01
6.562500000000000278e-02,9.768240374524345127e-01,-3.420941877341007187e-01,3.296520413976701258e-01,7.826054910475522819e-01,-1.584399856927772299e-01,6.019476574490885135e-01,-1.311564804717344490e+00,1.654132720168721149e-01
6.875000000000000555e-02,9.757566010318468042e-01,-3.410656691169820509e-01,3.286005054078356968e-01,7.821110949020804171e-01,-1.579737836838038811e-01,5.978636649874430331e-01,-1.302202283958447060e+00,1.643360681769881204e-01
7.187500000000000833e-02,9.746923736036482433e-01,-3.400404306349835704e-01,3.275527521274990694e-01,7.816181534252057972e-01,-1.575089970253745197e-01,5.938088190231974872e-01,-1.292910948525337833e+00,1.632661383549484924e-01
7.500000000000001110e-02,9.736313449358593441e-01,-3.390184604932744428e-01,3.265087648454413904e-01,7.811266622011229233e-01,-1.570456211346358821e-01,5.897828980168520197e-01,-1.283690213926501844e+00,1.622034311974600573e-01
7.812500000000001388e-02,9.725735048332784238e-01,-3.379997469490962358e-01,3.254685269465231179e-01,7.806366168283217499e-01,-1.565836514454711503e-01,5.857856822472198299e-01,-1.274539500924007696e+00,1.611478957340342077e-01
8.125000000000001665e-02,9.715188431373187328e-01,-3.369842783114634366e-01,3.244320219109784742e-01,7.801480129195351720e-01,-1.561230834084259556e-01,5.818169537950923509e-01,-1.265458235481258020e+00,1.600994813739386180e-01
8.437500000000000555e-02,9.704673497258474724e-01,-3.359720429408667997e-01,3.233992333137160058e-01,7.796608461016871772e-01,-1.556639124906350757e-01,5.778764965270657417e-01,-1.256445848711318369e+00,1.590581379031748843e-01
8.750000000000000833e-02,9.694190145130251457e-01,-3.349630292489784722e-01,3.223701448236256928e-01,7.791751120158413313e-01,-1.552061341757495772e-01,5.739640960795278080e-01,-1.247501776825816089e+00,1.580238154814825324e-01
9.062500000000001110e-02,9.683738274491463516e-01,-3.339572256983592835e-01,3.213447402028918876e-01,7.786908063171488203e-01,-1.547497439638641781e-01,5.700795398428045724e-01,-1.238625461084403412e+00,1.569964646393686158e-01
9.375000000000000000e-02,9.673317785204809116e-01,-3.329546208021684217e-01,3.203230033063121929e-01,7.782079246747976020e-01,-1.542947373714451953e-01,5.662226169454631641e-01,-1.229816347744778549e+00,1.559760362751627938e-01
9.687500000000000278e-02,9.662928577491163296e-01,-3.319552031238749423e-01,3.193049180806227794e-01,7.777264627719611134e-01,-1.538411099312586572e-01,5.623931182387705840e-01,-1.221073888013255448e+00,1.549624816520978887e-01
1.000000000000000056e-01,9.652570551928011389e-01,-3.309589612769716638e-01,3.182904685638290876e-01,7.772464163057475339e-01,-1.533888571922991384e-01,5.585908362813053474e-01,-1.212397537995877128e+00,1.539557523954153406e-01
1.031250000000000083e-01,9.642243609447889163e-01,-3.299658839246908393e-01,3.172796388845425253e-01,7.767677809871491590e-01,-1.529379747197186501e-01,5.548155653237218932e-01,-1.203786758650068345e+00,1.529558004894955303e-01
1.062500000000000111e-01,9.631947651336830729e-01,-3.289759597797221047e-01,3.162724132613234374e-01,7.762905525409919960e-01,-1.524884580947561130e-01,5.510671012936648738e-01,-1.195241015736813850e+00,1.519625782750128051e-01
1.093750000000000000e-01,9.621682579232831989e-01,-3.279891776039323137e-01,3.152687760020291829e-01,7.758147267058859153e-01,-1.520403029146672191e-01,5.473452417808318815e-01,-1.186759779773365997e+00,1.509760384461145688e-01
1.125000000000000028e-01,9.611448295124315200e-01,-3.270055262080877601e-01,3.142687115031680967e-01,7.753402992341739131e-01,-1.515935047926545709e-01,5.436497860221831679e-01,-1.178342525986464606e+00,1.499961340476249350e-01
1.156250000000000056e-01,9.601244701348604638e-01,-3.260249944515778431e-01,3.132722042492593340e-01,7.748672658918833722e-01,-1.511480593577982645e-01,5.399805348872975808e-01,-1.169988734266071972e+00,1.490228184722717508e-01
1.187499999999999944e-01,9.591071700590413363e-01,-3.250475712421411201e-01,3.122792388121979901e-01,7.743956224586757697e-01,-1.507039622549868896e-01,5.363372908638708303e-01,-1.161697889119610361e+00,1.480560454579378238e-01
1.218749999999999972e-01,9.580929195880336646e-01,-3.240732455355933572e-01,3.112897998506259367e-01,7.739253647277979375e-01,-1.502612091448488063e-01,5.327198580433574193e-01,-1.153469479626699323e+00,1.470957690849352684e-01
1.250000000000000000e-01,9.570817090593349841e-01,-3.231020063355573013e-01,3.103038721093078212e-01,7.734564885060326578e-01,-1.498197957036839223e-01,5.291280421067521278e-01,-1.145302999394385957e+00,1.461419437733031956e-01
1.281249999999999889e-01,9.560735288447325120e-01,-3.221338426931945609e-01,3.093214404185129496e-01,7.729889896136497018e-01,-1.493797176233957191e-01,5.255616503105114967e-01,-1.137197946512861657e+00,1.451945242801284397e-01
1.312500000000000056e-01,9.550683693501544891e-01,-3.211687437069393747e-01,3.083424896934019444e-01,7.725228638843576467e-01,-1.489409706114236398e-01,5.220204914726122025e-01,-1.129153823511659160e+00,1.442534656968890161e-01
1.343750000000000222e-01,9.540662210155228529e-01,-3.202066985222341011e-01,3.073670049334192855e-01,7.720581071652548033e-01,-1.485035503906760312e-01,5.185043759587463219e-01,-1.121170137316326976e+00,1.433187234468203952e-01
1.375000000000000111e-01,9.530670743146073542e-01,-3.192476963312671501e-01,3.063949712216906818e-01,7.715947153167815875e-01,-1.480674526994632811e-01,5.150131156686508227e-01,-1.113246399205570114e+00,1.423902532823038136e-01
1.406250000000000000e-01,9.520709197548790081e-01,-3.182917263727120805e-01,3.054263737244258259e-01,7.711326842126722259e-01,-1.476326732914312878e-01,5.115465240225697263e-01,-1.105382124768857333e+00,1.414680112822770675e-01
1.437500000000000167e-01,9.510777478773659865e-01,-3.173387779314689183e-01,3.044611976903261463e-01,7.706720097399065716e-01,-1.471992079354953464e-01,5.081044159478493860e-01,-1.097576833864484680e+00,1.405519538496671217e-01
1.468750000000000333e-01,9.500875492565091784e-01,-3.163888403384075287e-01,3.034994284499978323e-01,7.702126877986632536e-01,-1.467670524157745626e-01,5.046866078656629950e-01,-1.089830050578093568e+00,1.396420377088446463e-01
1.500000000000000222e-01,9.491003145000188601e-01,-3.154419029701123200e-01,3.025410514153699659e-01,7.697547143022717142e-01,-1.463362025315262382e-01,5.012929176778642137e-01,-1.082141303181634706e+00,1.387382199030997576e-01
1.531250000000000111e-01,9.481160342487324755e-01,-3.144979552486291130e-01,3.015860520791170951e-01,7.692980851771650253e-01,-1.459066540970809789e-01,4.979231647539688610e-01,-1.074510124092773911e+00,1.378404577921396867e-01
1.562500000000000000e-01,9.471346991764730827e-01,-3.135569866412137863e-01,3.006344160140875799e-01,7.688427963628331474e-01,-1.454784029417779401e-01,4.945771699182621162e-01,-1.066936049834736000e+00,1.369487090496070425e-01
1.593749999999999889e-01,9.461562999899078008e-01,-3.126189866600823652e-01,2.996861288727362127e-01,7.683888438117759678e-01,-1.450514449099004621e-01,4.912547554370308434e-01,-1.059418620996579019e+00,1.360629316606195016e-01
1.625000000000000056e-01,9.451808274284085876e-01,-3.116839448621634423e-01,2.987411763865618908e-01,7.679362234894566708e-01,-1.446257758606121491e-01,4.879557450059195944e-01,-1.051957382193894563e+00,1.351830839193299827e-01
1.656250000000000222e-01,9.442082722639122405e-01,-3.107518508488518738e-01,2.977995443655500063e-01,7.674849313742555523e-01,-1.442013916678930863e-01,4.846799637374083480e-01,-1.044551882029930656e+00,1.343091244265076367e-01
1.687500000000000111e-01,9.432386253007820631e-01,-3.098226942657643090e-01,2.968612186976199441e-01,7.670349634574232800e-01,-1.437782882204766410e-01,4.814272381484114849e-01,-1.037201673057128737e+00,1.334410120871389882e-01
1.718750000000000000e-01,9.422718773756699751e-01,-3.088964648024967730e-01,2.959261853480766313e-01,7.665863157430357067e-01,-1.433564614217863742e-01,4.781973961479957791e-01,-1.029906311739074987e+00,1.325787061080495044e-01
1.750000000000000167e-01,9.413080193573796217e-01,-3.079731521923832482e-01,2.949944303590674166e-01,7.661389842479473522e-01,-1.429359071898734235e-01,4.749902670252172943e-01,-1.022665358412854220e+00,1.317221659955451762e-01
1.781250000000000333e-01,9.403470421467298168e-01,-3.070527462122569218e-01,2.940659398490430565e-01,7.656929650017461064e-01,-1.425166214573542478e-01,4.718056814370749086e-01,-1.015478377251809228e+00,1.308713515530737781e-01
1.812500000000000222e-01,9.393889366764193172e-01,-3.061352366822120974e-01,2.931407000122237538e-01,7.652482540467078209e-01,-1.420986001713485658e-01,4.686434713965797472e-01,-1.008344936228694033e+00,1.300262228789059449e-01
1.843750000000000111e-01,9.384336939108917086e-01,-3.052206134653684955e-01,2.922186971180690263e-01,7.648048474377507899e-01,-1.416818392934177384e-01,4.655034702609389674e-01,-1.001264607079220825e+00,1.291867403638356504e-01
1.875000000000000000e-01,9.374813048462010689e-01,-3.043088664676369404e-01,2.912999175107529037e-01,7.643627412423912304e-01,-1.412663347995034291e-01,4.623855127198529535e-01,-9.942369652659936996e-01,1.283528646889000591e-01
1.906249999999999889e-01,9.365317605098795184e-01,-3.033999856374865467e-01,2.903843476086429010e-01,7.639219315406979849e-01,-1.408520826798665970e-01,4.592894347839246993e-01,-9.872615899428262010e-01,1.275245568231184734e-01
1.937500000000000056e-01,9.355850519608036597e-01,-3.024939609657139594e-01,2.894719739037836526e-01,7.634824144252480016e-01,-1.404390789390267957e-01,4.562150737731801575e-01,-9.803380639194361201e-01,1.267017780212501554e-01
1.968750000000000222e-01,9.346411702890630169e-01,-3.015907824852134822e-01,2.885627829613848783e-01,7.630441860010822586e-01,-1.400273195957018602e-01,4.531622683056979461e-01,-9.734659736265155461e-01,1.258844898215710495e-01
2.000000000000000111e-01,9.337001066158291396e-01,-3.006904402707497592e-01,2.876567614193136779e-01,7.626072423856605775e-01,-1.396168006827478714e-01,4.501308582863482455e-01,-9.666449090811697342e-01,1.250726540436691292e-01
2.031250000000000000e-01,9.327618520932242641e-01,-2.997929244387309566e-01,2.867538959875910454e-01,7.621715797088184363e-01,-1.392075182470993155e-01,4.471206848956382762e-01,-9.598744638527209050e-01,1.242662327862578964e-01
2.062500000000000167e-01,9.318263979041926381e-01,-2.988982251469844975e-01,2.858541734478925456e-01,7.617371941127227819e-01,-1.387994683497098258e-01,4.441315905786651919e-01,-9.531542350288740861e-01,1.234651884250086290e-01
2.093750000000000333e-01,9.308937352623706252e-01,-2.980063325945337960e-01,2.849575806530533217e-01,7.613040817518279546e-01,-1.383926470654929519e-01,4.411634190341729989e-01,-9.464838231822392256e-01,1.226694836104002956e-01
2.125000000000000222e-01,9.299638554119584732e-01,-2.971172370213764347e-01,2.840641045265772657e-01,7.608722387928328335e-01,-1.379870504832634848e-01,4.382160152037145595e-01,-9.398628323372054671e-01,1.218790812655876910e-01
2.156250000000000111e-01,9.290367496275929726e-01,-2.962309287082643960e-01,2.831737320621500742e-01,7.604416614146366493e-01,-1.375826747056788368e-01,4.352892252609156243e-01,-9.332908699371645911e-01,1.210939445842871554e-01
2.187500000000000000e-01,9.281124092142197801e-01,-2.953473979764853485e-01,2.822864503231565236e-01,7.600123458082967964e-01,-1.371795158491810052e-01,4.323828966008415042e-01,-9.267675468120785132e-01,1.203140370286800570e-01
2.218749999999999889e-01,9.271908255069677418e-01,-2.944666351876455423e-01,2.814022464422017422e-01,7.595842881769848676e-01,-1.367775700439385900e-01,4.294968778294641631e-01,-9.202924771463869558e-01,1.195393223273336775e-01
2.250000000000000056e-01,9.262719898710229938e-01,-2.935886307434543707e-01,2.805211076206365339e-01,7.591574847359445766e-01,-1.363768334337893406e-01,4.266310187532292297e-01,-9.138652784472522939e-01,1.187697644731393332e-01
2.281250000000000222e-01,9.253558937015038399e-01,-2.927133750855100969e-01,2.796430211280866440e-01,7.587319317124486817e-01,-1.359773021761827017e-01,4.237851703687217086e-01,-9.074855715131364686e-01,1.180053277212677748e-01
2.312500000000000111e-01,9.244425284233366291e-01,-2.918408586950875239e-01,2.787679743019857437e-01,7.583076253457569083e-01,-1.355789724421230802e-01,4.209591848524292801e-01,-9.011529804027064161e-01,1.172459765871414483e-01
2.343750000000000000e-01,9.235318854911318542e-01,-2.909710720929264416e-01,2.778959545471125225e-01,7.578845618870734269e-01,-1.351818404161129195e-01,4.181529155506022444e-01,-8.948671324040644581e-01,1.164916758444236033e-01
2.375000000000000167e-01,9.226239563890613615e-01,-2.901040058390221277e-01,2.770269493351314449e-01,7.574627375995047762e-01,-1.347859022960965492e-01,4.153662169692092787e-01,-8.886276580043003248e-01,1.157423905230241939e-01
2.406250000000000333e-01,9.217187326307362261e-01,-2.892396505324170142e-01,2.761609462041376140e-01,7.570421487580178965e-01,-1.343911542934039249e-01,4.125989447639877850e-01,-8.824341908593600348e-01,1.149980859071221689e-01
2.437500000000000222e-01,9.208162057590842942e-01,-2.883779968109937974e-01,2.752979327582048552e-01,7.566227916493986072e-01,-1.339975926326949229e-01,4.098509557305879958e-01,-8.762863677642286353e-01,1.142587275332042490e-01
2.468750000000000111e-01,9.199163673462298352e-01,-2.875190353512699359e-01,2.744378966669380748e-01,7.562046625722099735e-01,-1.336052135519038009e-01,4.071221077948093403e-01,-8.701838286234229169e-01,1.135242811881198577e-01
2.500000000000000000e-01,9.190192089933731934e-01,-2.866627568681935356e-01,2.735808256650290038e-01,7.557877578367507843e-01,-1.332140133021839090e-01,4.044122600029290693e-01,-8.641262164217912156e-01,1.127947129071521920e-01
2.531249999999999889e-01,9.181247223306701066e-01,-2.858091521149405678e-01,2.727267075518157169e-01,7.553720737650142514e-01,-1.328239881478529560e-01,4.017212725121215855e-01,-8.581131771956157506e-01,1.120699889721052667e-01
2.562499999999999778e-01,9.172328990171136898e-01,-2.849582118827138633e-01,2.718755301908457045e-01,7.549576066906472649e-01,-1.324351343663380809e-01,3.990490065809671472e-01,-8.521443600040143895e-01,1.113500759094066539e-01
2.593750000000000222e-01,9.163437307404150856e-01,-2.841099270005426614e-01,2.710272815094425525e-01,7.545443529589092035e-01,-1.320474482481217016e-01,3.963953245600499997e-01,-8.462194169006389544e-01,1.106349404882259746e-01
2.625000000000000111e-01,9.154572092168861142e-01,-2.832642883350843799e-01,2.701819494982762859e-01,7.541323089266316337e-01,-1.316609260966873085e-01,3.937600898826443818e-01,-8.403380029056666256e-01,1.099245497186089188e-01
2.656250000000000000e-01,9.145733261913215895e-01,-2.824212867904271618e-01,2.693395222109369880e-01,7.537214709621772313e-01,-1.312755642284657021e-01,3.911431670554874063e-01,-8.344997759780787838e-01,1.092188708496265731e-01
2.687500000000000444e-01,9.136920734368828567e-01,-2.815809133078938098e-01,2.684999877635121934e-01,7.533118354453995913e-01,-1.308913589727813964e-01,3.885444216496380943e-01,-8.287043969882285088e-01,1.085178713675400003e-01
2.718750000000000333e-01,9.128134427549816632e-01,-2.807431588658473864e-01,2.676633343341675020e-01,7.529033987676033712e-01,-1.305083066717994122e-01,3.859637202914221743e-01,-8.229515296906891875e-01,1.078215189939800145e-01
2.750000000000000222e-01,9.119374259751649170e-01,-2.799080144794975911e-01,2.668295501627307442e-01,7.524961573315037677e-01,-1.301264036804722635e-01,3.834009306534605921e-01,-8.172408406973826756e-01,1.071297816841418338e-01
2.781250000000000111e-01,9.110640149549994460e-01,-2.790754712007090244e-01,2.659986235502795893e-01,7.520901075511871037e-01,-1.297456463664872495e-01,3.808559214457822306e-01,-8.115719994509850155e-01,1.064426276249945957e-01
2.812500000000000000e-01,9.101932015799579778e-01,-2.782455201178100634e-01,2.651705428587323166e-01,7.516852458520704161e-01,-1.293660311102139415e-01,3.783285624070187869e-01,-8.059446781986038255e-01,1.057600252335056251e-01
2.843750000000000444e-01,9.093249777633057862e-01,-2.774181523554036244e-01,2.643452965104419183e-01,7.512815686708625984e-01,-1.289875543046520856e-01,3.758187242956817498e-01,-8.003585519657273606e-01,1.050819431548791760e-01
2.875000000000000333e-01,9.084593354459870040e-01,-2.765933590741789794e-01,2.635228729877939768e-01,7.508790724555248763e-01,-1.286102123553796439e-01,3.733262788815204791e-01,-7.948132985304393605e-01,1.044083502608097735e-01
2.906250000000000222e-01,9.075962665965127130e-01,-2.757711314707245176e-01,2.627032608328069840e-01,7.504777536652311731e-01,-1.282340016805011418e-01,3.708510989369600552e-01,-7.893085983978985753e-01,1.037392156477496830e-01
2.937500000000000666e-01,9.067357632108485888e-01,-2.749514607773422270e-01,2.618864486467366581e-01,7.500776087703295847e-01,-1.278589187105962366e-01,3.683930582286188415e-01,-7.838441347750793042e-01,1.030745086351907563e-01
2.968750000000000555e-01,9.058778173123038790e-01,-2.741343382618630642e-01,2.610724250896830911e-01,7.496786342523030777e-01,-1.274849598886687030e-01,3.659520315089043185e-01,-7.784195935457699500e-01,1.024141987639601709e-01
3.000000000000000444e-01,9.050224209514206031e-01,-2.733197552274638231e-01,2.602611788802008941e-01,7.492808266037307430e-01,-1.271121216700953904e-01,3.635278945076870771e-01,-7.730346632458262590e-01,1.017582557945302807e-01
3.031250000000000333e-01,9.041695662058635286e-01,-2.725077030124849475e-01,2.594526987949130614e-01,7.488841823282498256e-01,-1.267404005225757635e-01,3.611205239240509179e-01,-7.676890350386780248e-01,1.011066497053421109e-01
3.062500000000000222e-01,9.033192451803100376e-01,-2.716981729902496756e-01,2.586469736681273890e-01,7.484886979405162011e-01,-1.263697929260814701e-01,3.587297974181202775e-01,-7.623824026910837048e-01,1.004593506911426737e-01
3.093750000000000111e-01,9.024714500063417688e-01,-2.708911565688844059e-01,2.578439923914562781e-01,7.480943699661672941e-01,-1.260002953728062702e-01,3.563555936029617066e-01,-7.571144625491330604e-01,9.981632916133578726e-02
3.125000000000000000e-01,9.016261728423355937e-01,-2.700866451911402843e-01,2.570437439134393709e-01,7.477011949417829983e-01,-1.256319043671161040e-01,3.539977920365612873e-01,-7.518849135144930473e-01,9.917755573834642624e-02
3.156249999999999889e-01,9.007834058733560356e-01,-2.692846303342156244e-01,2.562462172391696269e-01,7.473091694148482622e-01,-1.252646164254996308e-01,3.516562732138747704e-01,-7.466934570208944022e-01,9.854300125599826932e-02
3.187499999999999778e-01,8.999431413110479117e-01,-2.684851035095801586e-01,2.554514014299218982e-01,7.469182899437151191e-01,-1.248984280765187277e-01,3.493309185589515975e-01,-7.415397970108574821e-01,9.791263675790461141e-02
3.218750000000000222e-01,8.991053713935290848e-01,-2.676880562627996785e-01,2.546592856027847240e-01,7.465285530975651618e-01,-1.245333358607595142e-01,3.470216104171306437e-01,-7.364236399126532495e-01,9.728643349587227929e-02
3.250000000000000111e-01,8.982700883852846596e-01,-2.668934801733623963e-01,2.538698589302952890e-01,7.461399554563715730e-01,-1.241693363307834197e-01,3.447282320473085693e-01,-7.313446946174980701e-01,9.666436292831856458e-02
3.281250000000000000e-01,8.974372845770609564e-01,-2.661013668545061384e-01,2.530831106400767139e-01,7.457524936108624880e-01,-1.238064260510785969e-01,3.424506676142776707e-01,-7.263026724569777715e-01,9.604639671870102147e-02
3.312500000000000444e-01,8.966069522857605945e-01,-2.653117079530469269e-01,2.522990300144788423e-01,7.453661641624834688e-01,-1.234446015980115580e-01,3.401888021811352858e-01,-7.212972871807007413e-01,9.543250673396003192e-02
3.343750000000000333e-01,8.957790838543375767e-01,-2.645244951492082830e-01,2.515176063902215819e-01,7.449809637233599791e-01,-1.230838595597790602e-01,3.379425217017619776e-01,-7.163282549341762895e-01,9.482266504297401366e-02
3.375000000000000222e-01,8.949536716516929280e-01,-2.637397201564519733e-01,2.507388291580411321e-01,7.445968889162615234e-01,-1.227241965363601583e-01,3.357117130133683292e-01,-7.113952942369151655e-01,9.421684391502713196e-02
3.406250000000000111e-01,8.941307080725720002e-01,-2.629573747213098112e-01,2.499626877623388477e-01,7.442139363745640113e-01,-1.223656091394686729e-01,3.334962638291104620e-01,-7.064981259607512332e-01,9.361501581828944596e-02
3.437500000000000000e-01,8.933101855374601108e-01,-2.621774506232165125e-01,2.491891717008334894e-01,7.438321027422133414e-01,-1.220080939925056590e-01,3.312960627307724448e-01,-7.016364733083807481e-01,9.301715341830946171e-02
3.468750000000000444e-01,8.924920964924811795e-01,-2.613999396743434955e-01,2.484182705242153344e-01,7.434513846736894305e-01,-1.216516477305123051e-01,3.291109991615155939e-01,-6.968100617921169082e-01,9.242322957651870341e-02
3.500000000000000333e-01,8.916764334092948108e-01,-2.606248337194339015e-01,2.476499738358039493e-01,7.430717788339693541e-01,-1.212962670001230259e-01,3.269409634186940528e-01,-6.920186192128585656e-01,9.183321734874859421e-02
3.531250000000000222e-01,8.908631887849953745e-01,-2.598521246356388370e-01,2.468842712912078241e-01,7.426932818984914864e-01,-1.209419484595186667e-01,3.247858466467352101e-01,-6.872618756392678829e-01,9.124708998375916091e-02
3.562500000000000666e-01,8.900523551420104207e-01,-2.590818043323542264e-01,2.461211525979873915e-01,7.423158905531193064e-01,-1.205886887783800820e-01,3.226455408300853978e-01,-6.825395633871584877e-01,9.066482092177971519e-02
3.593750000000000555e-01,8.892439250280007590e-01,-2.583138647510592745e-01,2.453606075153202670e-01,7.419396014941056494e-01,-1.202364846378419089e-01,3.205199387862195382e-01,-6.778514169990884630e-01,9.008638379306134480e-02
3.625000000000000444e-01,8.884378910157599840e-01,-2.575482978651554844e-01,2.446026258536692644e-01,7.415644114280570687e-01,-1.198853327304465061e-01,3.184089341587140187e-01,-6.731971732241569528e-01,8.951175241644102054e-02
3.656250000000000333e-01,8.876342457031152211e-01,-2.567850956798068407e-01,2.438471974744531034e-01,7.411903170718980860e-01,-1.195352297600982411e-01,3.163124214103826271e-01,-6.685765709980038274e-01,8.894090079791729109e-02
3.687500000000000222e-01,8.868329817128278725e-01,-2.560242502317814361e-01,2.430943122897195607e-01,7.408173151528358868e-01,-1.191861724420178459e-01,3.142302958164747140e-01,-6.639893514230074123e-01,8.837380312923749648e-02
3.718750000000000111e-01,8.860340916924954735e-01,-2.552657535892932650e-01,2.423439602618212285e-01,7.404454024083247932e-01,-1.188381575026971337e-01,3.121624534579346411e-01,-6.594352577486797262e-01,8.781043378649637521e-02
3.750000000000000000e-01,8.852375683144534380e-01,-2.545095978518459590e-01,2.415961314030939944e-01,7.400745755860315134e-01,-1.184911816798538825e-01,3.101087912147225123e-01,-6.549140353522570068e-01,8.725076732874585683e-02
3.781249999999999889e-01,8.844434042756772474e-01,-2.537557751500769121e-01,2.408508157755376577e-01,7.397048314437997263e-01,-1.181452417223869122e-01,3.080692067591949690e-01,-6.504254317194833046e-01,8.669477849661619273e-02
3.812499999999999778e-01,8.836515922976861948e-01,-2.530042776456025155e-01,2.401080034904994054e-01,7.393361667496155532e-01,-1.178003343903314820e-01,3.060435985495459921e-01,-6.459691964255838137e-01,8.614244221094799481e-02
3.843750000000000222e-01,8.828621251264459069e-01,-2.522550975308645582e-01,2.393676847083596460e-01,7.389685782815725856e-01,-1.174564564548147699e-01,3.040318658233066573e-01,-6.415450811164280509e-01,8.559373357143541805e-02
3.875000000000000111e-01,8.820749955322729763e-01,-2.515082270289774047e-01,2.386298496382201484e-01,7.386020628278373579e-01,-1.171136046980116863e-01,3.020339085909038435e-01,-6.371528394898796632e-01,8.504862785528016778e-02
3.906250000000000000e-01,8.812901963097385938e-01,-2.507636583935761720e-01,2.378944885375948726e-01,7.382366171866148186e-01,-1.167717759131008393e-01,3.000496276292761166e-01,-6.327922272773290890e-01,8.450710051585627602e-02
3.937500000000000444e-01,8.805077202775742906e-01,-2.500213839086662393e-01,2.371615917121028816e-01,7.378722381661142471e-01,-1.164309669042207229e-01,2.980789244755481793e-01,-6.284630022254111825e-01,8.396912718138566101e-02
3.968750000000000333e-01,8.797275602785766813e-01,-2.492813958884728676e-01,2.364311495151640852e-01,7.375089225845148366e-01,-1.160911744864261824e-01,2.961217014207611076e-01,-6.241649240779019170e-01,8.343468365362426142e-02
4.000000000000000222e-01,8.789497091795132055e-01,-2.485436866772927911e-01,2.357031523476967594e-01,7.371466672699318323e-01,-1.157523954856449766e-01,2.941778615036595435e-01,-6.198977545577937232e-01,8.290374590655870402e-02
4.031250000000000111e-01,8.781741598710289809e-01,-2.478082486493459746e-01,2.349775906578180085e-01,7.367854690603823364e-01,-1.154146267386346875e-01,2.922473085045344532e-01,-6.156612573495484630e-01,8.237629008511336559e-02
4.062500000000000000e-01,8.774009052675527665e-01,-2.470750742086286478e-01,2.342544549405460863e-01,7.364253248037518906e-01,-1.150778650929396574e-01,2.903299469391207865e-01,-6.114551980815238208e-01,8.185229250386784339e-02
4.093750000000000444e-01,8.766299383072045925e-01,-2.463441557887672551e-01,2.335337357375053546e-01,7.360662313577606142e-01,-1.147421074068483843e-01,2.884256820525503695e-01,-6.072793443085734433e-01,8.133172964578459785e-02
4.125000000000000333e-01,8.758612519517033901e-01,-2.456154858528731555e-01,2.328154236366331842e-01,7.357081855899297862e-01,-1.144073505493508891e-01,2.865344198133584763e-01,-6.031334654948182772e-01,8.081457816094687885e-02
4.156250000000000222e-01,8.750948391862749531e-01,-2.448890568933984879e-01,2.320995092718894648e-01,7.353511843775482060e-01,-1.140735914000964440e-01,2.846560669075438588e-01,-5.990173329965856608e-01,8.030081486530661616e-02
4.187500000000000666e-01,8.743306930195604565e-01,-2.441648614319926469e-01,2.313859833229680585e-01,7.349952246076395523e-01,-1.137408268493513841e-01,2.827905307326821771e-01,-5.949307200455176137e-01,7.979041673944231583e-02
4.218750000000000555e-01,8.735688064835254174e-01,-2.434428920193600354e-01,2.306748365150106950e-01,7.346403031769284109e-01,-1.134090537979572655e-01,2.809377193920920002e-01,-5.908734017318428844e-01,7.928336092732694851e-02
4.250000000000000444e-01,8.728091726333694345e-01,-2.427231412351182338e-01,2.299660596183229211e-01,7.342864169918082995e-01,-1.130782691572890936e-01,2.790975416890523753e-01,-5.868451549878136442e-01,7.877962473510552455e-02
4.281250000000000333e-01,8.720517845474355934e-01,-2.420056016876573901e-01,2.292596434480922707e-01,7.339335629683076956e-01,-1.127484698492138282e-01,2.772699071210721899e-01,-5.828457585713039402e-01,7.827918562988253615e-02
4.312500000000000222e-01,8.712966353271209830e-01,-2.412902660140005540e-01,2.285555788641085717e-01,7.335817380320585057e-01,-1.124196528060490557e-01,2.754547258742108262e-01,-5.788749930495683538e-01,7.778202123851897520e-02
4.343750000000000111e-01,8.705437180967875443e-01,-2.405771268796645102e-01,2.278538567704865292e-01,7.332309391182624259e-01,-1.120918149705219385e-01,2.736519088174486081e-01,-5.749326407831587549e-01,7.728810934643891295e-02
4.375000000000000000e-01,8.697930260036730310e-01,-2.398661769785218056e-01,2.271544681153902512e-01,7.328811631716590780e-01,-1.117649532957281644e-01,2.718613674971079308e-01,-5.710184859099982635e-01,7.679742789644565526e-02
4.406249999999999889e-01,8.690445522178028570e-01,-2.391574090326634705e-01,2.264574038907598841e-01,7.325324071464935916e-01,-1.114390647450913679e-01,2.700830141313235733e-01,-5.671323143296104208e-01,7.630995498754714057e-02
4.437499999999999778e-01,8.682982899319019454e-01,-2.384508157922627658e-01,2.257626551320405239e-01,7.321846680064840740e-01,-1.111141462923225104e-01,2.683167616045622483e-01,-5.632739136875010155e-01,7.582566887379087184e-02
4.468750000000000222e-01,8.675542323613070206e-01,-2.377463900354394588e-01,2.250702129179130151e-01,7.318379427247900804e-01,-1.107901949213796061e-01,2.665625234621903927e-01,-5.594430733596921224e-01,7.534454796310788294e-02
4.500000000000000111e-01,8.668123727438800108e-01,-2.370441245681253195e-01,2.243800683700267751e-01,7.314922282839800838e-01,-1.104672076264275604e-01,2.648202139050905290e-01,-5.556395844374070192e-01,7.486657081616610032e-02
4.531250000000000000e-01,8.660727043399208958e-01,-2.363440122239301167e-01,2.236922126527348398e-01,7.311475216760000562e-01,-1.101451814117981876e-01,2.630897477843247567e-01,-5.518632397119020983e-01,7.439171614523253095e-02
4.562500000000000444e-01,8.653352204320814423e-01,-2.356460458640086131e-01,2.230066369728306852e-01,7.308038199021413828e-01,-1.098241132919505203e-01,2.613710405958458716e-01,-5.481138336594468807e-01,7.391996281304472061e-02
4.593750000000000333e-01,8.645999143252794950e-01,-2.349502183769284491e-01,2.223233325792872972e-01,7.304611199730097759e-01,-1.095040002914312444e-01,2.596640084752547817e-01,-5.443911624264494709e-01,7.345128983169094128e-02
4.625000000000000222e-01,8.638667793466136002e-01,-2.342565226785385812e-01,2.216422907629978789e-01,7.301194189084934116e-01,-1.091848394448352577e-01,2.579685681926046081e-01,-5.406950238147247845e-01,7.298567636149941307e-02
4.656250000000000111e-01,8.631358088452776300e-01,-2.335649517118387752e-01,2.209635028565189174e-01,7.297787137377315103e-01,-1.088666277967665491e-01,2.562846371472501383e-01,-5.370252172669063295e-01,7.252310170993610250e-02
4.687500000000000000e-01,8.624069961924764049e-01,-2.328754984468498490e-01,2.202869602338148047e-01,7.294390014990836946e-01,-1.085493624017991598e-01,2.546121333627429650e-01,-5.333815438519979857e-01,7.206354533051147204e-02
4.718750000000000444e-01,8.616803347813415392e-01,-2.321881558804845258e-01,2.196126543100047623e-01,7.291002792400982369e-01,-1.082330403244383538e-01,2.529509754817715894e-01,-5.297638062510653389e-01,7.160698682169563956e-02
4.750000000000000333e-01,8.609558180268471750e-01,-2.315029170364193700e-01,2.189405765411112648e-01,7.287625440174814173e-01,-1.079176586390820647e-01,2.513010827611457665e-01,-5.261718087430651281e-01,7.115340592584229462e-02
4.781250000000000222e-01,8.602334393657269374e-01,-2.308197749649672781e-01,2.182707184238107667e-01,7.284257928970666596e-01,-1.076032144299823579e-01,2.496623750668250097e-01,-5.226053571908103601e-01,7.070278252812092767e-02
4.812500000000000666e-01,8.595131922563907789e-01,-2.301387227429507742e-01,2.176030714951858736e-01,7.280900229537836665e-01,-1.072897047912071966e-01,2.480347728689910047e-01,-5.190642590270706513e-01,7.025509665545760785e-02
4.843750000000000555e-01,8.587950701788422680e-01,-2.294597534735762501e-01,2.169376273324798432e-01,7.277552312716281113e-01,-1.069771268266023756e-01,2.464181972371628782e-01,-5.155483232408067940e-01,6.981032847548403197e-02
4.875000000000000444e-01,8.580790666345965434e-01,-2.287828602863087868e-01,2.162743775528525314e-01,7.274214149436305510e-01,-1.066654776497536067e-01,2.448125698353554591e-01,-5.120573603635359961e-01,6.936845829549492803e-02
4.906250000000000333e-01,8.573651751465980464e-01,-2.281080363367477271e-01,2.156133138131383353e-01,7.270885710718268946e-01,-1.063547543839487575e-01,2.432178129172799519e-01,-5.085911824558291272e-01,6.892946656141352157e-02
4.937500000000000222e-01,8.566533892591395860e-01,-2.274352748065031904e-01,2.149544278096059413e-01,7.267566967672272060e-01,-1.060449541621403674e-01,2.416338493215865468e-01,-5.051496030939363058e-01,6.849333385676531494e-02
4.968750000000000111e-01,8.559437025377806263e-01,-2.267645689030730882e-01,2.142977112777198490e-01,7.264257891497861719e-01,-1.057360741269082194e-01,2.400606024671486649e-01,-5.017324373565410500e-01,6.806004090165981846e-02
5.000000000000000000e-01,8.552361085692672393e-01,-2.260959118597211381e-01,2.136431559919036438e-01,7.260958453483732367e-01,-1.054281114304221750e-01,2.384979963483883914e-01,-4.983395018116407726e-01,6.762956855178027527e-02
5.031250000000000444e-01,8.545306009614511700e-01,-2.254292969353553500e-01,2.129907537653051575e-01,7.257668625007418495e-01,-1.051210632344051349e-01,2.369459555306427101e-01,-4.949706145035525084e-01,6.720189779738142133e-02
5.062500000000000888e-01,8.538271733432104549e-01,-2.247647174144074833e-01,2.123404964495631542e-01,7.254388377535005983e-01,-1.048149267100962345e-01,2.354044051455701780e-01,-4.916255949400429315e-01,6.677700976229498930e-02
5.093750000000001332e-01,8.531258193643692644e-01,-2.241021666067130880e-01,2.116923759345759604e-01,7.251117682620829008e-01,-1.045096990382141239e-01,2.338732708865974841e-01,-4.883042640795804412e-01,6.635488570294308108e-02
5.125000000000000666e-01,8.524265326956191879e-01,-2.234416378473922937e-01,2.110463841482717040e-01,7.247856511907178056e-01,-1.042053774089204826e-01,2.323524790044059485e-01,-4.850064443187094287e-01,6.593550700735928416e-02
5.156250000000000000e-01,8.517293070284400747e-01,-2.227831244967313495e-01,2.104025130563802193e-01,7.244604837124002383e-01,-1.039019590217836880e-01,2.308419563024568522e-01,-4.817319594795433368e-01,6.551885519421737913e-02
5.187500000000000444e-01,8.510341360750219852e-01,-2.221266199400647734e-01,2.097607546622067554e-01,7.241362630088621355e-01,-1.035994410857426495e-01,2.293416301325560680e-01,-4.784806347973781238e-01,6.510491191186769389e-02
5.218750000000000888e-01,8.503410135681863657e-01,-2.214721175876583625e-01,2.091211010064073506e-01,7.238129862705424689e-01,-1.032978208190708375e-01,2.278514283904571891e-01,-4.752522969084226334e-01,6.469365893738111828e-02
5.250000000000000222e-01,8.496499332613092204e-01,-2.208196108745928421e-01,2.084835441667657052e-01,7.234906506965590456e-01,-1.029970954493404506e-01,2.263712795115025989e-01,-4.720467738376449840e-01,6.428507817560040472e-02
5.281249999999999556e-01,8.489608889282429516e-01,-2.201690932606480688e-01,2.078480762579718588e-01,7.231692534946785322e-01,-1.026972622133867225e-01,2.249011124663021777e-01,-4.688638949867344752e-01,6.387915165819889329e-02
5.312500000000000000e-01,8.482738743632400880e-01,-2.195205582301881231e-01,2.072146894314024212e-01,7.228487918812883661e-01,-1.023983183572724914e-01,2.234408567564501180e-01,-4.657034911221774598e-01,6.347586154274677261e-02
5.343750000000000444e-01,8.475888833808759015e-01,-2.188739992920470112e-01,2.065833758749024696e-01,7.225292630813677786e-01,-1.021002611362528262e-01,2.219904424102781826e-01,-4.625653943634464027e-01,6.307519011178448765e-02
5.374999999999999778e-01,8.469059098159725796e-01,-2.182294099794151176e-01,2.059541278125690822e-01,7.222106643284585958e-01,-1.018030878147399010e-01,2.205497999786460994e-01,-4.594494381712996289e-01,6.267711977190339179e-02
5.406249999999999112e-01,8.462249475235233964e-01,-2.175867838497259898e-01,2.053269375045361778e-01,7.218929928646374838e-01,-1.015067956662679682e-01,2.191188605307679282e-01,-4.563554573361922051e-01,6.228163305283358070e-02
5.437499999999999556e-01,8.455459903786164411e-01,-2.169461144845442890e-01,2.047017972467614355e-01,7.215762459404868601e-01,-1.012113819734585252e-01,2.176975556500748421e-01,-4.532832879667958448e-01,6.188871260653882461e-02
5.468750000000000000e-01,8.448690322763604543e-01,-2.163073954894541850e-01,2.040786993708142427e-01,7.212604208150669161e-01,-1.009168440279856332e-01,2.162858174301136860e-01,-4.502327674786273937e-01,6.149834120631860607e-02
5.500000000000000444e-01,8.441940671318088896e-01,-2.156706204939482230e-01,2.034576362436656682e-01,7.209455147558873067e-01,-1.006231791305414736e-01,2.148835784704804519e-01,-4.472037345827840071e-01,6.111050174591708267e-02
5.531250000000000888e-01,8.435210888798858608e-01,-2.150357831513171891e-01,2.028386002674795185e-01,7.206315250388788396e-01,-1.003303845908018604e-01,2.134907718727891979e-01,-4.441960292747840211e-01,6.072517723863900263e-02
5.562500000000000222e-01,8.428500914753122020e-01,-2.144028771385403653e-01,2.022215838794053366e-01,7.203184489483656083e-01,-1.000384577273921854e-01,2.121073312366754393e-01,-4.412094928235135161e-01,6.034235081647253141e-02
5.593749999999999556e-01,8.421810688925310817e-01,-2.137718961561765607e-01,2.016065795513724834e-01,7.200062837770372370e-01,-9.974739586785326406e-02,2.107331906558340684e-01,-4.382439677602756323e-01,5.996200572921879524e-02
5.625000000000000000e-01,8.415140151256346179e-01,-2.131428339282556428e-01,2.009935797898861898e-01,7.196950268259207917e-01,-9.945719634860750169e-02,2.093682847140912184e-01,-4.352992978679433578e-01,5.958412534362832191e-02
5.656250000000000444e-01,8.408489241882910470e-01,-2.125156842021709847e-01,2.003825771358246355e-01,7.193846754043530245e-01,-9.916785651492518450e-02,2.080125484815100734e-01,-4.323753281702139573e-01,5.920869314254410820e-02
5.687500000000000888e-01,8.401857901136714490e-01,-2.118904407485722730e-01,1.997735641642378601e-01,7.190752268299532846e-01,-9.887937372089088128e-02,2.066659175105297896e-01,-4.294719049209634321e-01,5.883569272405133471e-02
5.718750000000001332e-01,8.395246069543776946e-01,-2.112670973612589820e-01,1.991665334841478674e-01,7.187666784285952071e-01,-9.859174532937005353e-02,2.053283278321377525e-01,-4.265888755937010668e-01,5.846510780063370744e-02
5.750000000000000666e-01,8.388653687823697247e-01,-2.106456478570745972e-01,1.985614777383503948e-01,7.184590275343804011e-01,-9.830496871197573483e-02,2.039997159520746395e-01,-4.237260888711223972e-01,5.809692219833630100e-02
5.781250000000000000e-01,8.382080696888939420e-01,-2.100260860758013104e-01,1.979583896032178214e-01,7.181522714896099169e-01,-9.801904124903548787e-02,2.026800188470717357e-01,-4.208833946347593780e-01,5.773111985593490370e-02
5.812500000000000444e-01,8.375527037844120448e-01,-2.094084058800554926e-01,1.973572617885038516e-01,7.178464076447581554e-01,-9.773396032955838919e-02,2.013691739611207232e-01,-4.180606439547275843e-01,5.736768482411181563e-02
5.843750000000000888e-01,8.368992651985290854e-01,-2.087926011551835825e-01,1.967580870371494206e-01,7.175414333584452242e-01,-9.744972335120223594e-02,2.000671192017752786e-01,-4.152576890795690590e-01,5.700660126463800298e-02
5.875000000000000222e-01,8.362477480799234142e-01,-2.081786658091588083e-01,1.961608581250899874e-01,7.172373459974099585e-01,-9.716632772024096087e-02,1.987737929364843392e-01,-4.124743834261890840e-01,5.664785344956160817e-02
5.906249999999999556e-01,8.355981465962756261e-01,-2.075665937724781862e-01,1.955655678610641324e-01,7.169341429364833873e-01,-9.688377085153195012e-02,1.974891339889562336e-01,-4.097105815698869891e-01,5.629142576040263579e-02
5.937500000000000000e-01,8.349504549341982829e-01,-2.069563789980604640e-01,1.949722090864237922e-01,7.166318215585615325e-01,-9.660205016848384674e-02,1.962130816355543705e-01,-4.069661392344794404e-01,5.593730268735397360e-02
5.968750000000000444e-01,8.343046672991663026e-01,-2.063480154611444517e-01,1.943807746749456611e-01,7.163303792545790971e-01,-9.632116310302427098e-02,1.949455756017235974e-01,-4.042409132825160456e-01,5.558546882848858228e-02
6.000000000000000888e-01,8.336607779154472375e-01,-2.057414971591880193e-01,1.937912575326439235e-01,7.160298134234825973e-01,-9.604110709556774872e-02,1.936865560584465351e-01,-4.015347617055849971e-01,5.523590888897269430e-02
6.062500000000000666e-01,8.323786708925691169e-01,-2.045339723604823745e-01,1.926179468397070382e-01,7.154313008156359954e-01,-9.548347805856645387e-02,1.911937393342663383e-01,-3.961791192312161258e-01,5.454355011947685516e-02
6.125000000000000444e-01,8.311040880329291225e-01,-2.033337570221798729e-01,1.914522208934404390e-01,7.148362630858292599e-01,-9.492914274932341689e-02,1.887341616087284124e-01,-3.908980979617030505e-01,5.386010613251229068e-02
6.187500000000000222e-01,8.298369838001764531e-01,-2.021408039136564916e-01,1.902940240837203423e-01,7.142446797113781720e-01,-9.437808099344593971e-02,1.863073599345377029e-01,-3.856906015068951032e-01,5.318545834591181104e-02
6.250000000000000000e-01,8.285773129520690450e-01,-2.009550661502913504e-01,1.891433012987053797e-01,7.136565302952732059e-01,-9.383027274930288986e-02,1.839128781630468279e-01,-3.805555506409893929e-01,5.251948981753229440e-02
6.312500000000000888e-01,8.273250305383201830e-01,-1.997764971903702169e-01,1.879999979191584736e-01,7.130717945653526346e-01,-9.328569810703273013e-02,1.815502668378861095e-01,-3.754918830131714347e-01,5.186208522149643452e-02
6.375000000000000666e-01,8.260800918984653185e-01,-1.986050508320243990e-01,1.868640598128489538e-01,7.124904523734824080e-01,-9.274433728756065198e-02,1.792190830903851728e-01,-3.704985528635583725e-01,5.121313082479812817e-02
6.437500000000000444e-01,8.248424526597477602e-01,-1.974406812102040831e-01,1.857354333290334170e-01,7.119124836947411383e-01,-9.220617064162429932e-02,1.769188905367538311e-01,-3.655745307443367120e-01,5.057251446426540287e-02
6.500000000000000222e-01,8.236120687350221292e-01,-1.962833427936861164e-01,1.846140652930141346e-01,7.113378686266125239e-01,-9.167117864880831857e-02,1.746492591769896741e-01,-3.607188032459929805e-01,4.994012552387531306e-02
6.562500000000000000e-01,8.223888963206781311e-01,-1.951329903821155953e-01,1.834999030007738730e-01,7.107665873881825469e-01,-9.113934191658765172e-02,1.724097652954813542e-01,-3.559303727285337837e-01,4.931585491241483044e-02
6.625000000000000888e-01,8.211728918945812028e-01,-1.939895791030806227e-01,1.823928942136852915e-01,7.101986203193432212e-01,-9.061064117937907281e-02,1.701999913632761818e-01,-3.512082570575970064e-01,4.869959504148228119e-02
6.687500000000000666e-01,8.199640122140318121e-01,-1.928530644092200652e-01,1.812929871532947268e-01,7.096339478800023359e-01,-9.008505729760146741e-02,1.680195259419821341e-01,-3.465514893453565115e-01,4.809123980382371683e-02
6.750000000000000444e-01,8.187622143137436304e-01,-1.917234020753633694e-01,1.802001304961777794e-01,7.090725506492986385e-01,-8.956257125674421671e-02,1.658679635892743032e-01,-3.419591176961244705e-01,4.749068455199871586e-02
6.812500000000000222e-01,8.175674555038376923e-01,-1.906005481957027126e-01,1.791142733688669275e-01,7.085144093248233466e-01,-8.904316416644396381e-02,1.637449047659771673e-01,-3.374302049565599537e-01,4.689782607737046777e-02
6.875000000000000000e-01,8.163796933678558743e-01,-1.894844591809963785e-01,1.780353653428489447e-01,7.079595047218466553e-01,-8.852681725956948466e-02,1.616499557446935686e-01,-3.329638284703910767e-01,4.631256258941475468e-02
6.937500000000000888e-01,8.151988857607908034e-01,-1.883750917558031923e-01,1.769633564296315686e-01,7.074078177725504624e-01,-8.801351189131463582e-02,1.595827285199530876e-01,-3.285590798375624955e-01,4.573479369534264732e-02
7.000000000000000666e-01,8.140249908071327534e-01,-1.872724029557477632e-01,1.758981970758779212e-01,7.068593295252671993e-01,-8.750322953829937911e-02,1.575428407198520842e-01,-3.242150646777212653e-01,4.516442038003201653e-02
7.062500000000000444e-01,8.128579668989347473e-01,-1.861763501248156760e-01,1.748398381586080408e-01,7.063140211437229921e-01,-8.699595179767850850e-02,1.555299155191584293e-01,-3.199309023979546862e-01,4.460134498626267679e-02
7.125000000000000222e-01,8.116977726938930937e-01,-1.850868909126785478e-01,1.737882309804658076e-01,7.057718739062873725e-01,-8.649166038625838437e-02,1.535435815538550020e-01,-3.157057259646980363e-01,4.404547119525045046e-02
7.187500000000000000e-01,8.105443671134451300e-01,-1.840039832720486435e-01,1.727433272650509277e-01,7.052328692052283188e-01,-8.599033713962130066e-02,1.515834728370959172e-01,-3.115386816797298675e-01,4.349670400747522592e-02
7.250000000000000888e-01,8.093977093408836199e-01,-1.829275854560622194e-01,1.717050791523142828e-01,7.046969885459725136e-01,-8.549196401125752631e-02,1.496492286765501167e-01,-3.074289289601749298e-01,4.295494972379835380e-02
7.312500000000000666e-01,8.082577588194873597e-01,-1.818576560156916488e-01,1.706734391940162021e-01,7.041642135463710428e-01,-8.499652307170489640e-02,1.477404935931078689e-01,-3.033756401224367849e-01,4.242011592686473209e-02
7.375000000000000444e-01,8.071244752506673281e-01,-1.807941537971854973e-01,1.696483603492458803e-01,7.036345259359705340e-01,-8.450399650769589710e-02,1.458569172409251713e-01,-2.993780001699831717e-01,4.189211146278495196e-02
7.437500000000000222e-01,8.059978185921292670e-01,-1.797370379395366591e-01,1.686297959800019675e-01,7.031079075552897351e-01,-8.401436662131211985e-02,1.439981543287831289e-01,-2.954352065849101261e-01,4.137084642309313276e-02
7.500000000000000000e-01,8.048777490560521386e-01,-1.786862678719778608e-01,1.676176998468325574e-01,7.025843403551010891e-01,-8.352761582914611238e-02,1.421638645427380776e-01,-2.915464691232101391e-01,4.085623212697597068e-02
7.562500000000000888e-01,8.037642271072812372e-01,-1.776418033115041151e-01,1.666120261045338224e-01,7.020638063957175268e-01,-8.304372666147044613e-02,1.403537124700401095e-01,-2.877110096136741291e-01,4.034818110376861555e-02
7.625000000000000666e-01,8.026572134615382881e-01,-1.766036042604220146e-01,1.656127292979066579e-01,7.015462878462848106e-01,-8.256268176141388915e-02,1.385673675242973246e-01,-2.839280617603562873e-01,3.984660707571333060e-02
7.687500000000000444e-01,8.015566690836449792e-01,-1.755716310039253103e-01,1.646197643575699476e-01,7.010317669840786525e-01,-8.208446388414475381e-02,1.368045038718633255e-01,-2.801968709485321840e-01,3.935142494097643162e-02
7.750000000000000222e-01,8.004625551857628141e-01,-1.745458441076964407e-01,1.636330865958300629e-01,7.005202261938068276e-01,-8.160905589606128052e-02,1.350648003594273061e-01,-2.765166940540847440e-01,3.886255075691969624e-02
7.812500000000000000e-01,7.993748332256475075e-01,-1.735262044155338190e-01,1.626526517026051222e-01,7.000116479669166170e-01,-8.113644077398884935e-02,1.333479404427845294e-01,-2.728867992562507561e-01,3.837990172362203828e-02
7.875000000000000888e-01,7.982934649049181486e-01,-1.725126730470042391e-01,1.616784157414037360e-01,6.995060149009071360e-01,-8.066660160438417215e-02,1.316536121167669049e-01,-2.693064658536638012e-01,3.790339616764747122e-02
7.937500000000000666e-01,7.972184121673404622e-01,-1.715052113951205937e-01,1.607103351453570972e-01,6.990033096986466576e-01,-8.019952158254629870e-02,1.299815078463133489e-01,-2.657749840836306499e-01,3.743295352605557902e-02
8.000000000000000444e-01,7.961496371971258368e-01,-1.705037811240437129e-01,1.597483667133033081e-01,6.985035151676947107e-01,-7.973518401183421478e-02,1.283313244986592772e-01,-2.622916549445790668e-01,3.696849433065046292e-02
8.062500000000000222e-01,7.950871024172425638e-01,-1.695083441668089885e-01,1.587924676059237206e-01,6.980066142196292844e-01,-7.927357230289128198e-02,1.267027632766266620e-01,-2.588557900216165164e-01,3.650994019246456973e-02
8.125000000000000000e-01,7.940307704877438422e-01,-1.685188627230767011e-01,1.578425953419301253e-01,6.975125898693783633e-01,-7.881466997287610299e-02,1.250955296529941974e-01,-2.554667113151409263e-01,3.605721378647361308e-02
8.187500000000000888e-01,7.929806043041069952e-01,-1.675352992569061616e-01,1.568987077943017616e-01,6.970214252345569017e-01,-7.835846064470003425e-02,1.235093333059296278e-01,-2.521237510724444464e-01,3.561023883653889610e-02
8.250000000000000666e-01,7.919365669955887865e-01,-1.665576164945532511e-01,1.559607631865720656e-01,6.965331035348083510e-01,-7.790492804627109635e-02,1.219438880554652438e-01,-2.488262516222550236e-01,3.516894010057357994e-02
8.312500000000000444e-01,7.908986219235930593e-01,-1.655857774222906642e-01,1.550287200891635742e-01,6.960476080911502939e-01,-7.745405600974421267e-02,1.203989118009983761e-01,-2.455735652121580903e-01,3.473324335592917894e-02
8.375000000000000222e-01,7.898667326800526967e-01,-1.646197452842514952e-01,1.541025374157708461e-01,6.955649223253255187e-01,-7.700582847077791504e-02,1.188741264597993064e-01,-2.423650538488455741e-01,3.430307538499904885e-02
8.437500000000000000e-01,7.888408630858243509e-01,-1.636594835802947789e-01,1.531821744197904567e-01,6.950850297591577576e-01,-7.656022946779716953e-02,1.173692579065087477e-01,-2.392000891411380226e-01,3.387836396103523912e-02
8.500000000000000888e-01,7.878209771890968272e-01,-1.627049560638934300e-01,1.522675906907971222e-01,6.946079140139109764e-01,-7.611724314126246116e-02,1.158840359136080606e-01,-2.360780521457277459e-01,3.345903783417549654e-02
8.562500000000000666e-01,7.868070392638127908e-01,-1.617561267400440816e-01,1.513587461510657595e-01,6.941335588096544384e-01,-7.567685373294502638e-02,1.144181940928451768e-01,-2.329983332155918241e-01,3.304502671767713812e-02
8.625000000000000444e-01,7.857990138081031306e-01,-1.608129598631983792e-01,1.504556010521380660e-01,6.936619479646315423e-01,-7.523904558520801145e-02,1.129714698375995502e-01,-2.299603318510244632e-01,3.263626127435439311e-02
8.687500000000000222e-01,7.847968655427339790e-01,-1.598754199352157290e-01,1.495581159714337027e-01,6.931930653946336562e-01,-7.480380314029386191e-02,1.115436042661703958e-01,-2.269634565532402948e-01,3.223267310321623058e-02
8.750000000000000000e-01,7.838005594095671658e-01,-1.589434717033369748e-01,1.486662518089047480e-01,6.927268951123776164e-01,-7.437111093961747132e-02,1.101343421659717603e-01,-2.240071246804996585e-01,3.183419472630139718e-02
8.812500000000000888e-01,7.828100605700325509e-01,-1.580170801581790019e-01,1.477799697837332005e-01,6.922634212268883314e-01,-7.394095362306524200e-02,1.087434319386191423e-01,-2.210907623067094874e-01,3.144075957570766772e-02
8.875000000000000666e-01,7.818253344036133479e-01,-1.570962105317497415e-01,1.468992314310706149e-01,6.918026279428857173e-01,-7.351331592830009920e-02,1.073706255458923148e-01,-2.182138040824530556e-01,3.105230198081226217e-02
8.937500000000000444e-01,7.808463465063434361e-01,-1.561808282954833260e-01,1.460239985988193989e-01,6.913444995601751852e-01,-7.308818269007201496e-02,1.060156784565590427e-01,-2.153756930984034035e-01,3.066875715568033803e-02
9.000000000000000222e-01,7.798730626893172202e-01,-1.552708991582955056e-01,1.451542334444549942e-01,6.908890204730437912e-01,-7.266553883953452697e-02,1.046783495940453029e-01,-2.125758807510766124e-01,3.029006118665887246e-02
9.062500000000000000e-01,7.789054489772110346e-01,-1.543663890646585490e-01,1.442898984318883859e-01,6.904361751696589389e-01,-7.224536940356669767e-02,1.033584012849373263e-01,-2.098138266108808270e-01,2.991615102015280150e-02
9.125000000000000888e-01,7.779434716068172051e-01,-1.534672641926957681e-01,1.434309563283685252e-01,6.899859482314729675e-01,-7.182765950410073541e-02,1.020555992083011926e-01,-2.070889982924188910e-01,2.954696445058073440e-02
9.187500000000000666e-01,7.769870970255898790e-01,-1.525734909522952210e-01,1.425773702014235533e-01,6.895383243326307365e-01,-7.141239435745518060e-02,1.007697123458062283e-01,-2.044008713270030753e-01,2.918244010850743961e-02
9.250000000000000444e-01,7.760362918902014018e-01,-1.516850359832423445e-01,1.417291034158408292e-01,6.890932882393818737e-01,-7.099955927367346264e-02,9.950051293263814656e-02,-2.017489290373400967e-01,2.882251744895026821e-02
9.312500000000000222e-01,7.750910230651123500e-01,-1.508018661533715998e-01,1.408861196306847863e-01,6.886508248094971307e-01,-7.058913965586804951e-02,9.824777640918903876e-02,-1.991326624143477664e-01,2.846713673985696788e-02
9.375000000000000000e-01,7.741512576211511121e-01,-1.499239485567362973e-01,1.400483827963522054e-01,6.882109189916884029e-01,-7.018112099956978767e-02,9.701128137351044955e-02,-1.965515699960629636e-01,2.811623905075210858e-02
9.437500000000000888e-01,7.732169628341063472e-01,-1.490512505117968789e-01,1.392158571516643184e-01,6.877735558250336334e-01,-6.977548889208269600e-02,9.579080953451697689e-02,-1.940051577486029410e-01,2.776976624154960105e-02
9.500000000000000666e-01,7.722881061833295480e-01,-1.481837395596274642e-01,1.383885072209952716e-01,6.873387204384050486e-01,-6.937222901184394996e-02,9.458614566592754569e-02,-1.914929389491424050e-01,2.742766095152870953e-02
9.562500000000000444e-01,7.713646553503494818e-01,-1.473213834621397711e-01,1.375662978114361168e-01,6.869063980499013899e-01,-6.897132712778908381e-02,9.339707756093172664e-02,-1.890144340708688198e-01,2.708986658847098439e-02
9.625000000000000222e-01,7.704465782174974020e-01,-1.464641502003250217e-01,1.367491940099941627e-01,6.864765739662842536e-01,-6.857276909872241089e-02,9.222339598756917889e-02,-1.865691706698805741e-01,2.675632731795576924e-02
9.687500000000000000e-01,7.695338428665433606e-01,-1.456120079725131133e-01,1.359371611808271041e-01,6.860492335824187604e-01,-6.817654087269242602e-02,9.106489464480994889e-02,-1.841566832739920945e-01,2.642698805281171182e-02
9.750000000000000888e-01,7.686264175773429574e-01,-1.447649251926489689e-01,1.351301649625110124e-01,6.856243623807172227e-01,-6.778262848637242599e-02,8.992137011932373192e-02,-1.817765132734110167e-01,2.610179444272193658e-02
9.812500000000000666e-01,7.677242708264957471e-01,-1.439228704885860133e-01,1.343281712653423554e-01,6.852019459305874749e-01,-6.739101806444605658e-02,8.879262184292692484e-02,-1.794282088132538866e-01,2.578069286398054771e-02
9.875000000000000444e-01,7.668273712860125269e-01,-1.430858127003959701e-01,1.335311462686729622e-01,6.847819698878847561e-01,-6.700169581899774462e-02,8.767845205069545178e-02,-1.771113246878660286e-01,2.546363040939804423e-02
9.937500000000000222e-01,7.659356878219953924e-01,-1.422537208786957552e-01,1.327390564182775734e-01,6.843644199943671458e-01,-6.661464804890819547e-02,8.657866573973281576e-02,-1.748254222369140243e-01,2.515055487835348227e-02
1.000000000000000000e+00,7.650491894933260095e-01,-1.414265642829904412e-01,1.319518684237539485e-01,6.839492820771549964e-01,-6.622986113925465046e-02,8.549307062858198247e-02,-1.725700692432179106e-01,2.484141476699107051e-02
1.006250000000000089e+00,7.641678455503658762e-01,-1.406043123800322647e-01,1.311695492559543652e-01,6.835365420481940291e-01,-6.584732156071598785e-02,8.442147711727047976e-02,-1.703448398322916502e-01,2.453615925855896773e-02
1.012499999999999956e+00,7.632916254336660211e-01,-1.397869348421959812e-01,1.303920661444485374e-01,6.831261859037225381e-01,-6.546701586898258374e-02,8.336369824797816575e-02,-1.681493143735616203e-01,2.423473821388820101e-02
1.018750000000000044e+00,7.624204987726862504e-01,-1.389744015458693749e-01,1.296193865750172869e-01,6.827181997237412592e-01,-6.508893070417089144e-02,8.231954966631706283e-02,-1.659830793832318407e-01,2.393710216200941807e-02
1.025000000000000133e+00,7.615544353845260517e-01,-1.381666825698600609e-01,1.288514782871766629e-01,6.823125696714882338e-01,-6.471305279024276713e-02,8.128884958321347387e-02,-1.638457274287677956e-01,2.364320229090557945e-02
1.031250000000000000e+00,7.606934052726637141e-01,-1.373637481938171090e-01,1.280883092717318983e-01,6.819092819929160054e-01,-6.433936893442929184e-02,8.027141873738186106e-02,-1.617368570349680956e-01,2.335299043839828351e-02
1.037500000000000089e+00,7.598373786257061058e-01,-1.365655688966680159e-01,1.273298477683607877e-01,6.815083230161732564e-01,-6.396786602665927024e-02,7.926708035838087030e-02,-1.596560725915965595e-01,2.306641908316584347e-02
1.043750000000000178e+00,7.589863258161483328e-01,-1.357721153550707771e-01,1.265760622632262911e-01,6.811096791510896642e-01,-6.359853103899229532e-02,7.827566013024216118e-02,-1.576029842625467914e-01,2.278344133589112891e-02
1.050000000000000044e+00,7.581402173991421689e-01,-1.349833584418809185e-01,1.258269214866177821e-01,6.807133368886643110e-01,-6.323135102505628158e-02,7.729698615566192588e-02,-1.555772078965111105e-01,2.250401093053707238e-02
1.056249999999999911e+00,7.572990241112750320e-01,-1.341992692246326280e-01,1.250823944106201902e-01,6.803192828005576454e-01,-6.286631311948935597e-02,7.633088892074613163e-02,-1.535783649391274375e-01,2.222808221574797127e-02
1.062500000000000000e+00,7.564627168693578430e-01,-1.334198189640350141e-01,1.243424502468113840e-01,6.799275035385871080e-01,-6.250340453738632840e-02,7.537720126030039713e-02,-1.516060823465780194e-01,2.195561014637473912e-02
1.068750000000000089e+00,7.556312667692222096e-01,-1.326449791124824640e-01,1.236070584439868253e-01,6.795379858342254220e-01,-6.214261257374943670e-02,7.443575832365552369e-02,-1.496599925006137088e-01,2.168655027512214617e-02
1.074999999999999956e+00,7.548046450845272703e-01,-1.318747213125788242e-01,1.228761886859111169e-01,6.791507164981036571e-01,-6.178392460294346994e-02,7.350639754101945256e-02,-1.477397331249785395e-01,2.142085874431620685e-02
1.081250000000000044e+00,7.539828232655749751e-01,-1.311090173956759586e-01,1.221498108890963358e-01,6.787656824195161809e-01,-6.142732807815505514e-02,7.258895859034729392e-02,-1.458449472032096739e-01,2.115849227778988581e-02
1.087500000000000133e+00,7.531657729381356914e-01,-1.303478393804259339e-01,1.214278952006066364e-01,6.783828705659303848e-01,-6.107281053085639871e-02,7.168328336472122586e-02,-1.439752828977889088e-01,2.089940817288547109e-02
1.093750000000000000e+00,7.523534659022812487e-01,-1.295911594713468340e-01,1.207104119958886806e-01,6.780022679824981857e-01,-6.072035957027305253e-02,7.078921594023110386e-02,-1.421303934706210637e-01,2.064356429257163672e-02
1.100000000000000089e+00,7.515458741312281976e-01,-1.288389500574020630e-01,1.199973318766275471e-01,6.776238617915728568e-01,-6.036996288285589873e-02,6.990660254434814813e-02,-1.403099372048158544e-01,2.039091905767360588e-02
1.106250000000000178e+00,7.507429697701895055e-01,-1.280911837105931095e-01,1.192886256686279817e-01,6.772476391922268579e-01,-6.002160823175734655e-02,6.903529152478361797e-02,-1.385135773277513804e-01,2.014143143921471452e-02
1.112500000000000044e+00,7.499447251352348021e-01,-1.273478331845652178e-01,1.185842644197202811e-01,6.768735874597747726e-01,-5.967528345631150505e-02,6.817513331882427141e-02,-1.367409819353948841e-01,1.989506095086761989e-02
1.118749999999999911e+00,7.491511127121590619e-01,-1.266088714132262150e-01,1.178842193976906011e-01,6.765016939452989098e-01,-5.933097647151843596e-02,6.732598042313681086e-02,-1.349918239178599655e-01,1.965176764151354769e-02
1.125000000000000000e+00,7.483621051553609460e-01,-1.258742715093782993e-01,1.171884620882355510e-01,6.761319460751773480e-01,-5.898867526753244495e-02,6.648768736403404267e-02,-1.332657808861781035e-01,1.941151208790796792e-02
1.131250000000000089e+00,7.475776752867283603e-01,-1.251440067633623199e-01,1.164969641929404776e-01,6.757643313506161986e-01,-5.864836790915438358e-02,6.566011066819492370e-02,-1.315625351002633892e-01,1.917425538745108973e-02
1.137499999999999956e+00,7.467977960945333393e-01,-1.244180506417148641e-01,1.158096976272811607e-01,6.753988373471847551e-01,-5.831004253532777459e-02,6.484310883383104240e-02,-1.298817733980490163e-01,1.893995915106159306e-02
1.143750000000000044e+00,7.460224407323349238e-01,-1.236963767858374058e-01,1.151266345186485324e-01,6.750354517143535293e-01,-5.797368735863891315e-02,6.403654230229233191e-02,-1.282231871257755174e-01,1.870858549615200817e-02
1.150000000000000133e+00,7.452515825178904763e-01,-1.229789590106781794e-01,1.144477472043964189e-01,6.746741621750355078e-01,-5.763929066482086777e-02,6.324027343010521496e-02,-1.265864720694107881e-01,1.848009703970436221e-02
1.156250000000000000e+00,7.444851949320748785e-01,-1.222657713034258353e-01,1.137730082299115569e-01,6.743149565251302935e-01,-5.730684081226123522e-02,6.245416646143568673e-02,-1.249713283871816405e-01,1.825445689144441358e-02
1.162500000000000089e+00,7.437232516178081676e-01,-1.215567878222151843e-01,1.131023903467058001e-01,6.739578226330721344e-01,-5.697632623151367703e-02,6.167808750097054232e-02,-1.233774605431977173e-01,1.803162864711310015e-02
1.168750000000000178e+00,7.429657263789912758e-01,-1.208519828948449171e-01,1.124358665105302663e-01,6.736027484393799503e-01,-5.664773542481334190e-02,6.091190448721042761e-02,-1.218045772421491590e-01,1.781157638183377204e-02
1.175000000000000044e+00,7.422125931794495424e-01,-1.201513310175068849e-01,1.117734098795109543e-01,6.732497219562109114e-01,-5.632105696559587538e-02,6.015548716616746922e-02,-1.202523913650588167e-01,1.759426464357371350e-02
1.181249999999999911e+00,7.414638261418839971e-01,-1.194548068535270235e-01,1.111149938123055236e-01,6.728987312669167942e-01,-5.599627949802015586e-02,5.940870706546114849e-02,-1.187206199060708428e-01,1.737965844669853849e-02
1.187500000000000000e+00,7.407193995468310810e-01,-1.187623852321177120e-01,1.104605918662812658e-01,6.725497645256041102e-01,-5.567339173649469425e-02,5.867143746880629923e-02,-1.172089839102581493e-01,1.716772326561817261e-02
1.193750000000000089e+00,7.399792878316291400e-01,-1.180740411471415674e-01,1.098101777957135733e-01,6.722028099566953463e-01,-5.535238246520771122e-02,5.794355339088653328e-02,-1.157172084124307443e-01,1.695842502852297137e-02
1.200000000000000178e+00,7.392434655893939111e-01,-1.173897497558862718e-01,1.091637255500047810e-01,6.718578558544954227e-01,-5.503324053766069784e-02,5.722493155260700848e-02,-1.142450223769274492e-01,1.675173011120865627e-02
1.206250000000000266e+00,7.385119075680003364e-01,-1.167094863778505576e-01,1.085212092719232274e-01,6.715148905827594827e-01,-5.471595487620561221e-02,5.651545035672050216e-02,-1.127921586383746205e-01,1.654760533098873984e-02
1.212500000000000133e+00,7.377845886690727051e-01,-1.160332264935411695e-01,1.078826032958620507e-01,6.711739025742636811e-01,-5.440051447158553849e-02,5.581498986382080196e-02,-1.113583538433947778e-01,1.634601794069319436e-02
1.218750000000000000e+00,7.370614839469822321e-01,-1.153609457432804852e-01,1.072478821461175513e-01,6.708348803303798569e-01,-5.408690838247889182e-02,5.512343176869737710e-02,-1.099433483932488742e-01,1.614693562275197267e-02
1.225000000000000089e+00,7.363425686078516330e-01,-1.146926199260250301e-01,1.066170205351868600e-01,6.704978124206517620e-01,-5.377512573504702326e-02,5.444065937704577890e-02,-1.085468863873964157e-01,1.595032648336226072e-02
1.231250000000000178e+00,7.356278180085674689e-01,-1.140282249981945384e-01,1.059899933620847695e-01,6.701626874823749525e-01,-5.346515572248535658e-02,5.376655758252799067e-02,-1.071687155679575537e-01,1.575615904673814682e-02
1.237500000000000044e+00,7.349172076557998201e-01,-1.133677370725113542e-01,1.053667757106791225e-01,6.698294942201792335e-01,-5.315698760457779337e-02,5.310101284417696743e-02,-1.058085872650614961e-01,1.556440224944145682e-02
1.243749999999999911e+00,7.342107132050286200e-01,-1.127111324168502265e-01,1.047473428480448082e-01,6.694982214056138803e-01,-5.285061070725454585e-02,5.244391316414006438e-02,-1.044662563430662217e-01,1.537502543479259652e-02
1.250000000000000000e+00,7.335083104595776504e-01,-1.120583874530984431e-01,1.041316702228360508e-01,6.691688578767354123e-01,-5.254601442215330737e-02,5.179514806575597624e-02,-1.031414811476348836e-01,1.518799834736024937e-02
1.256250000000000089e+00,7.328099753696558638e-01,-1.114094787560259703e-01,1.035197334636767663e-01,6.688413925376985869e-01,-5.224318820618376047e-02,5.115460857195981009e-02,-1.018340234536540406e-01,1.500329112752873256e-02
1.262500000000000178e+00,7.321156840314045899e-01,-1.107643830521656270e-01,1.029115083775685863e-01,6.685158143583493917e-01,-5.194212158109526994e-02,5.052218718401098319e-02,-1.005436484139792253e-01,1.482087430614181800e-02
1.268750000000000266e+00,7.314254126859534022e-01,-1.101230772187031109e-01,1.023069709483165196e-01,6.681921123738215895e-01,-5.164280413304789263e-02,4.989777786053898462e-02,-9.927012450899402873e-02,1.464071879922197901e-02
1.275000000000000133e+00,7.307391377184813130e-01,-1.094855382823769485e-01,1.017060973349718650e-01,6.678702756841351507e-01,-5.134522551218661385e-02,4.928127599690185906e-02,-9.801322349696896252e-02,1.446279590276390581e-02
1.281250000000000000e+00,7.300568356572857409e-01,-1.088517434183878807e-01,1.011088638702921788e-01,6.675502934537979050e-01,-5.104937543221869239e-02,4.867257840485247206e-02,-9.677272036520608023e-02,1.428707728760116730e-02
1.287500000000000089e+00,7.293784831728581386e-01,-1.082216699493181028e-01,1.005152470592182018e-01,6.672321549114091921e-01,-5.075524366999423914e-02,4.807158329250772744e-02,-9.554839328195660619e-02,1.411353499434502869e-02
1.293750000000000178e+00,7.287040570769656167e-01,-1.075952953440597742e-01,9.992522357736734195e-02,6.669158493492672868e-01,-5.046282006508995277e-02,4.747819024461598370e-02,-9.434002354909830357e-02,1.394214142839429044e-02
1.300000000000000044e+00,7.280335343217407829e-01,-1.069725972167530209e-01,9.933877026954356093e-02,6.666013661229776011e-01,-5.017209451939584619e-02,4.689230020311774272e-02,-9.314739555555938411e-02,1.377286935501513196e-02
1.306249999999999911e+00,7.273668919987763548e-01,-1.063535533257329718e-01,9.875586414826338644e-02,6.662886946510655495e-01,-4.988305699670515791e-02,4.631381544799521854e-02,-9.197029673147673334e-02,1.360569189448990017e-02
1.312500000000000000e+00,7.267041073382277672e-01,-1.057381415724862883e-01,9.817648239229799512e-02,6.659778244145901915e-01,-4.959569752230723327e-02,4.574263957840616485e-02,-9.080851750307619707e-02,1.344058251733391655e-02
1.318750000000000089e+00,7.260451577079213292e-01,-1.051263400006165472e-01,9.760060234523111611e-02,6.656687449567614268e-01,-4.931000618258351426e-02,4.517867749409753414e-02,-8.966185124826253627e-02,1.327751503957922720e-02
1.325000000000000178e+00,7.253900206124695993e-01,-1.045181267948185611e-01,9.702820151403229731e-02,6.653614458825594102e-01,-4.902597312460644369e-02,4.462183537709435432e-02,-8.853009425290692125e-02,1.311646361812432958e-02
1.331250000000000266e+00,7.247386736923923101e-01,-1.039134802798617058e-01,9.645925756764563153e-02,6.650559168583567438e-01,-4.874358855574138782e-02,4.407202067365979803e-02,-8.741304566782079344e-02,1.295740274614894452e-02
1.337500000000000133e+00,7.240910947232443995e-01,-1.033123789195819486e-01,9.589374833559373423e-02,6.647521476115421102e-01,-4.846284274325147329e-02,4.352914207652201078e-02,-8.631050746640417382e-02,1.280030724859284458e-02
1.343750000000000000e+00,7.234472616147498147e-01,-1.027148013158824813e-01,9.533165180659637639e-02,6.644501279301480157e-01,-4.818372601390534526e-02,4.299310950736349307e-02,-8.522228440295717689e-02,1.264515227769782459e-02
1.350000000000000089e+00,7.228071524099418665e-01,-1.021207262077430677e-01,9.477294612720421618e-02,6.641498476624795311e-01,-4.790622875358783311e-02,4.246383409956909494e-02,-8.414818397164385011e-02,1.249191330861189157e-02
1.356250000000000178e+00,7.221707452843092456e-01,-1.015301324702378855e-01,9.421760960044692212e-02,6.638512967167464751e-01,-4.763034140691350254e-02,4.194122818122845986e-02,-8.308801636609738916e-02,1.234056613505478926e-02
1.362500000000000044e+00,7.215380185449488115e-01,-1.009429991135616517e-01,9.366562068449570122e-02,6.635544650606969297e-01,-4.735605447684299724e-02,4.142520525838888634e-02,-8.204159443965571008e-02,1.219108686504388576e-02
1.368749999999999911e+00,7.209089506297239325e-01,-1.003593052820641318e-01,9.311695799133989926e-02,6.632593427212544190e-01,-4.708335852430220458e-02,4.091567999855482557e-02,-8.100873366621716420e-02,1.204345191667963340e-02
1.375000000000000000e+00,7.202835201064288206e-01,-9.977903025329284969e-02,9.257160028547783970e-02,6.629659197841563101e-01,-4.681224416780425251e-02,4.041256821443008074e-02,-7.998925210170622357e-02,1.189763801398969166e-02
1.381250000000000089e+00,7.196617056719597505e-01,-9.920215343704405497e-02,9.202952648262131830e-02,6.626741863935955434e-01,-4.654270208307425410e-02,3.991578684789911374e-02,-7.898297034613876999e-02,1.175362218283088935e-02
1.387500000000000178e+00,7.190434861514903853e-01,-9.862865437442161487e-02,9.149071564841380899e-02,6.623841327518638078e-01,-4.627472300267678612e-02,3.942525395424335138e-02,-7.798971150627689863e-02,1.161138174684812376e-02
1.393750000000000266e+00,7.184288404976549858e-01,-9.805851273690384395e-02,9.095514699716206186e-02,6.620957491189974897e-01,-4.600829771564611537e-02,3.894088868658929919e-02,-7.700930115886378546e-02,1.147089432348944067e-02
1.400000000000000133e+00,7.178177477897360603e-01,-9.749170832541838305e-02,9.042279989058116252e-02,6.618090258124261771e-01,-4.574341706711906874e-02,3.846261128058452161e-02,-7.604156731442895945e-02,1.133213782007644853e-02
1.406250000000000000e+00,7.172101872328577876e-01,-9.692822106942469707e-02,8.989365383655249786e-02,6.615239532066229389e-01,-4.548007195797062335e-02,3.799034303929812312e-02,-7.508634038165418190e-02,1.119509042992925148e-02
1.412500000000000089e+00,7.166061381571863231e-01,-9.636803102600442761e-02,8.936768848789486408e-02,6.612405217327570472e-01,-4.521825334445215422e-02,3.752400631834219846e-02,-7.414345313229131484e-02,1.105973062854514848e-02
1.418750000000000178e+00,7.160055800171345464e-01,-9.581111837895939232e-02,8.884488364114831449e-02,6.609587218783492535e-01,-4.495795223783226324e-02,3.706352451121094210e-02,-7.321274066662257496e-02,1.092603716983030042e-02
1.425000000000000044e+00,7.154084923905726923e-01,-9.525746343791699489e-02,8.832521923537066388e-02,6.606785441869288400e-01,-4.469915970404027966e-02,3.660882203483380865e-02,-7.229404037945431905e-02,1.079398908238357949e-02
1.431249999999999911e+00,7.148148549780451999e-01,-9.470704663744329566e-02,8.780867535094631637e-02,6.603999792576930039e-01,-4.444186686331224462e-02,3.615982431533962954e-02,-7.138719192663561808e-02,1.066356566583187039e-02
1.437500000000000000e+00,7.142246476019920021e-01,-9.415984853616331252e-02,8.729523220840759712e-02,6.601230177451686831e-01,-4.418606488983956027e-02,3.571645777402838312e-02,-7.049203719209323760e-02,1.053474648721609494e-02
1.443750000000000089e+00,7.136378502059765871e-01,-9.361584981588889909e-02,8.678487016726822711e-02,6.598476503588764919e-01,-4.393174501142012994e-02,3.527864981354746771e-02,-6.960842025537423983e-02,1.040751137742720010e-02
1.450000000000000178e+00,7.130544428539182800e-01,-9.307503128075360344e-02,8.627756972486864961e-02,6.595738678629968765e-01,-4.367889850911202410e-02,3.484632880426912632e-02,-6.873618735968783922e-02,1.028184042769138620e-02
1.456250000000000266e+00,7.124744057293302957e-01,-9.253737385635486812e-02,8.577331151523336084e-02,6.593016610760378260e-01,-4.342751671688960952e-02,3.441942407086617112e-02,-6.787518688043871207e-02,1.015771398610389696e-02
1.462500000000000133e+00,7.118977191345639000e-01,-9.200285858890330792e-02,8.527207630793988413e-02,6.590310208705056905e-01,-4.317759102130221821e-02,3.399786587908285723e-02,-6.702526929424335034e-02,1.003511265421064454e-02
1.468750000000000000e+00,7.113243634900565660e-01,-9.147146664437898200e-02,8.477384500699929049e-02,6.587619381725773327e-01,-4.292911286113521019e-02,3.358158542269783914e-02,-6.618628714842170191e-02,9.914017283636977415e-03
1.475000000000000089e+00,7.107543193335864595e-01,-9.094317930769461877e-02,8.427859864974815429e-02,6.584944039617749434e-01,-4.268207372707348568e-02,3.317051481067641999e-02,-6.535809503095645068e-02,9.794408972762954496e-03
1.481250000000000178e+00,7.101875673195312544e-01,-9.041797798186587687e-02,8.378631840575181955e-02,6.582284092706426337e-01,-4.243646516136746760e-02,3.276458705450911724e-02,-6.454054954091219265e-02,9.676269063444414148e-03
1.487500000000000044e+00,7.096240882181332754e-01,-8.989584418718825354e-02,8.329698557571876827e-02,6.579639451844250253e-01,-4.219227875750138773e-02,3.236373605573365786e-02,-6.373350925930701405e-02,9.559579137779199848e-03
1.493749999999999911e+00,7.090638629147683059e-01,-8.937675956042073766e-02,8.281058159042588296e-02,6.577010028407486164e-01,-4.194950615986397374e-02,3.196789659363755143e-02,-6.293683472042907456e-02,9.444321014917865867e-03
1.500000000000000000e+00,7.085068724092207226e-01,-8.886070585397629062e-02,8.232708800965471418e-02,6.574395734293035920e-01,-4.170813906342153710e-02,3.157700431313872902e-02,-6.215038838359118051e-02,9.330476747918285338e-03
1.506250000000000089e+00,7.079530978149627396e-01,-8.834766493511886365e-02,8.184648652113843403e-02,6.571796481915300747e-01,-4.146816921339334383e-02,3.119099571284128514e-02,-6.137403460531612454e-02,9.218028620643491100e-03
1.512500000000000178e+00,7.074025203584396460e-01,-8.783761878516693766e-02,8.136875893951933669e-02,6.569212184203039318e-01,-4.122958840492929600e-02,3.080980813326368237e-02,-6.060763961194563093e-02,9.106959144702110945e-03
1.518750000000000266e+00,7.068551213783589304e-01,-8.733054949870357186e-02,8.089388720531683064e-02,6.566642754596262455e-01,-4.099238848278994457e-02,3.043337974523692424e-02,-5.985107147266633537e-02,8.997251056430831742e-03
1.525000000000000133e+00,7.063108823249851786e-01,-8.682643928279290546e-02,8.042185338390570037e-02,6.564088107043142273e-01,-4.075656134102875056e-02,3.006164953846999707e-02,-5.910420007294592964e-02,8.888887313918274885e-03
1.531250000000000000e+00,7.057697847594393004e-01,-8.632527045620291828e-02,7.995263966450466553e-02,6.561548155996939080e-01,-4.052209892267658042e-02,2.969455731028004461e-02,-5.836689708837277529e-02,8.781851094069665492e-03
1.537500000000000089e+00,7.052318103530026416e-01,-8.582702544863453353e-02,7.948622835917497353e-02,6.559022816412951595e-01,-4.028899321942850525e-02,2.933204365448484688e-02,-5.763903595889265791e-02,8.676125789711768010e-03
1.543750000000000178e+00,7.046969408864264262e-01,-8.533168679995707662e-02,7.902260190182898436e-02,6.556512003745486039e-01,-4.005723627133276482e-02,2.897404995045510870e-02,-5.692049186343620115e-02,8.571695006737465455e-03
1.550000000000000044e+00,7.041651582492455264e-01,-8.483923715944965971e-02,7.856174284724849743e-02,6.554015633944841879e-01,-3.982682016648194517e-02,2.862051835232406333e-02,-5.621114169493055673e-02,8.468542561289437581e-03
1.556249999999999911e+00,7.036364444390966755e-01,-8.434965928504879751e-02,7.810363387011287628e-02,6.551533623454319777e-01,-3.959773704070632810e-02,2.827139177835206671e-02,-5.551086403568920857e-02,8.366652476982356854e-03
1.562500000000000000e+00,7.031107815610418976e-01,-8.386293604260211532e-02,7.764825776403674884e-02,6.549065889207246194e-01,-3.936997907726941942e-02,2.792661390044390637e-02,-5.481953913317408333e-02,8.266008982163106089e-03
1.568750000000000089e+00,7.025881518268963788e-01,-8.337905040512795518e-02,7.719559744061724182e-02,6.546612348624019084e-01,-3.914353850656564215e-02,2.758612913381642412e-02,-5.413704887612372230e-02,8.166596507208433164e-03
1.575000000000000178e+00,7.020685375545610007e-01,-8.289798545208093561e-02,7.674563592849044380e-02,6.544172919609174688e-01,-3.891840760582012532e-02,2.724988262681416959e-02,-5.346327677104164428e-02,8.068399681859511965e-03
1.581250000000000266e+00,7.015519211673594269e-01,-8.241972436862340934e-02,7.629835637239726354e-02,6.541747520548463202e-01,-3.869457869879060902e-02,2.691782025087091634e-02,-5.279810791903929296e-02,7.971403332592894367e-03
1.587500000000000133e+00,7.010382851933795179e-01,-8.194425044490265264e-02,7.585374203225837830e-02,6.539336070305955539e-01,-3.847204415547145206e-02,2.658988859061485466e-02,-5.214142899302786488e-02,7.875592480027360578e-03
1.593750000000000000e+00,7.005276122648194104e-01,-8.147154707533391105e-02,7.541177628225818885e-02,6.536938488221158972e-01,-3.825079639179970042e-02,2.626603493411515736e-02,-5.149312821525326572e-02,7.780952336366099738e-03
1.600000000000000089e+00,7.000198851173381476e-01,-8.100159775788902394e-02,7.497244260993767007e-02,6.534554694106160522e-01,-3.803082786936326509e-02,2.594620726326801047e-02,-5.085309533516901848e-02,7.687468302873780995e-03
1.606250000000000178e+00,6.995150865894109726e-01,-8.053438609339086396e-02,7.453572461529625603e-02,6.532184608242774804e-01,-3.781213109511108450e-02,2.563035424431985357e-02,-5.022122160764157239e-02,7.595125967387995544e-03
1.612500000000000044e+00,6.990131996216880639e-01,-8.006989578481317482e-02,7.410160600990210733e-02,6.529828151379722945e-01,-3.759469862106534777e-02,2.531842521852578631e-02,-4.959739977148264894e-02,7.503911101864565655e-03
1.618749999999999911e+00,6.985142072563588211e-01,-7.960811063658601583e-02,7.367007061601123230e-02,6.527485244729824831e-01,-3.737852304403569553e-02,2.501037019294112887e-02,-4.898152402830349694e-02,7.413809659956254079e-03
1.625000000000000000e+00,6.980180926365195937e-01,-7.914901455390671581e-02,7.324110236569499055e-02,6.525155809967208009e-01,-3.716359700533544003e-02,2.470613983134421071e-02,-4.837349002168608164e-02,7.324807774624428856e-03
1.631250000000000089e+00,6.975248390055460712e-01,-7.869259154205628104e-02,7.281468529997611738e-02,6.522839769224532125e-01,-3.694991319049980433e-02,2.440568544528835121e-02,-4.777319481666603834e-02,7.236891755783179600e-03
1.637500000000000178e+00,6.970344297064701156e-01,-7.823882570572106288e-02,7.239080356797295002e-02,6.520537045090238903e-01,-3.673746432900602127e-02,2.410895898528104056e-02,-4.718053687952233899e-02,7.150048087975434223e-03
1.643750000000000266e+00,6.965468481813602564e-01,-7.778770124831983768e-02,7.196944142605186945e-02,6.518247560605809898e-01,-3.652624319399545155e-02,2.381591303208857591e-02,-4.659541605786909207e-02,7.064263428080639826e-03
1.650000000000000133e+00,6.960620779707070716e-01,-7.733920247133613257e-02,7.155058323698793021e-02,6.515971239263047554e-01,-3.631624260199765170e-02,2.352650078816414733e-02,-4.601773356104447987e-02,6.979524603053554113e-03
1.656250000000000000e+00,6.955801027128117875e-01,-7.689331377365575537e-02,7.113421346913341436e-02,6.513708005001375145e-01,-3.610745541265623915e-02,2.324067606919754878e-02,-4.544739194079219086e-02,6.895818607693696319e-03
1.662500000000000089e+00,6.951009061431802083e-01,-7.645001965090950091e-02,7.072031669559437905e-02,6.511457782205145595e-01,-3.589987452845682520e-02,2.295839329578480345e-02,-4.488429507223081621e-02,6.813132602445051700e-03
1.668750000000000178e+00,6.946244720939198647e-01,-7.600930469482108931e-02,7.030887759341501730e-02,6.509220495700975828e-01,-3.569349289445668261e-02,2.267960748521580597e-02,-4.432834813510664468e-02,6.731453911225588130e-03
1.675000000000000044e+00,6.941507844931410487e-01,-7.557115359256000309e-02,6.989988094276976260e-02,6.506996070755092232e-01,-3.548830349801641165e-02,2.240427424337823950e-02,-4.377945759532522740e-02,6.650770019286156298e-03
1.681249999999999911e+00,6.936798273643630663e-01,-7.513555112609938968e-02,6.949331162616291524e-02,6.504784433070698313e-01,-3.528429936853329230e-02,2.213234975677606450e-02,-4.323753118675747326e-02,6.571068571098371072e-03
1.687500000000000000e+00,6.932115848259230440e-01,-7.470248217157904325e-02,6.908915462763609572e-02,6.502585508785351243e-01,-3.508147357717666254e-02,2.186379078466090323e-02,-4.270247789331606952e-02,6.492337368271073293e-03
1.693750000000000089e+00,6.927460410903897303e-01,-7.427193169867328526e-02,6.868739503198291463e-02,6.500399224468361714e-01,-3.487981923662500372e-02,2.159855465127460961e-02,-4.217420793129778023e-02,6.414564367494966952e-03
1.700000000000000178e+00,6.922831804639806297e-01,-7.384388476996360529e-02,6.828801802397116427e-02,6.498225507118209343e-01,-3.467932950080487159e-02,2.133659923820134183e-02,-4.165263273198747257e-02,6.337737678515018881e-03
1.706250000000000266e+00,6.918229873459833534e-01,-7.341832654031632543e-02,6.789100888757224062e-02,6.496064284159970281e-01,-3.447999756463160370e-02,2.107788297682759715e-02,-4.113766492451991635e-02,6.261845562130252327e-03
1.712500000000000133e+00,6.913654462281811908e-01,-7.299524225626488616e-02,6.749635300519786496e-02,6.493915483442763703e-01,-3.428181666375185871e-02,2.082236484090853323e-02,-4.062921831899520692e-02,6.186876428220544101e-03
1.718750000000000000e+00,6.909105416942813438e-01,-7.257461725539703090e-02,6.710403585694380002e-02,6.491779033237214946e-01,-3.408478007428783485e-02,2.057000433923903554e-02,-4.012720788984379394e-02,6.112818833800039327e-03
1.725000000000000089e+00,6.904582584193481587e-01,-7.215643696574654264e-02,6.671404301984081020e-02,6.489654862232934196e-01,-3.388888111258333419e-02,2.032076150842801465e-02,-3.963154975943743163e-02,6.039661481096825560e-03
1.731250000000000178e+00,6.900085811692399096e-01,-7.174068690518983771e-02,6.632636016711239424e-02,6.487542899536008489e-01,-3.369411313495151300e-02,2.007459690577436187e-02,-3.914216118194202565e-02,5.967393215658495058e-03
1.737500000000000044e+00,6.895614948000489131e-01,-7.132735268084700042e-02,6.594097306743956777e-02,6.485443074666513708e-01,-3.350046953742439465e-02,1.983147160224307121e-02,-3.865896052740860206e-02,5.896003024483211820e-03
1.743749999999999911e+00,6.891169842575454174e-01,-7.091641998848739747e-02,6.555786758423233496e-02,6.483355317556039887e-01,-3.330794375550403391e-02,1.959134717554004285e-02,-3.818186726609876930e-02,5.825480034175954669e-03
1.750000000000000000e+00,6.886750345766258219e-01,-7.050787461193994132e-02,6.517702967490796029e-02,6.481279558545227637e-01,-3.311652926391542295e-02,1.935418570328415605e-02,-3.771080195304105098e-02,5.755813509129573818e-03
1.756250000000000089e+00,6.882356308807638934e-01,-7.010170242250783612e-02,6.479844539017590166e-02,6.479215728381333417e-01,-3.292621957636111818e-02,1.911994975627516469e-02,-3.724568621281442588e-02,5.686992849730320918e-03
1.762500000000000178e+00,6.877987583814658690e-01,-6.969788937838761189e-02,6.442210087332933544e-02,6.477163758215789269e-01,-3.273700824527746300e-02,1.888860239185595827e-02,-3.678644272455556391e-02,5.619007590587489151e-03
1.768750000000000266e+00,6.873644023777293333e-01,-6.929642152409273836e-02,6.404798235954309304e-02,6.475123579601802515e-01,-3.254888886159251066e-02,1.866010714736785620e-02,-3.633299520718626108e-02,5.551847398786856347e-03
1.775000000000000133e+00,6.869325482555052043e-01,-6.889728498988155481e-02,6.367607617517817564e-02,6.473095124491945462e-01,-3.236185505448560540e-02,1.843442803369754746e-02,-3.588526840485780495e-02,5.485502072167582413e-03
1.781250000000000000e+00,6.865031814871641602e-01,-6.850046599118941870e-02,6.330636873709249990e-02,6.471078325235779527e-01,-3.217590049114855966e-02,1.821152952891433308e-02,-3.544318807260865567e-02,5.419961537622230638e-03
1.787500000000000089e+00,6.860762876309652869e-01,-6.810595082806532308e-02,6.293884655195804145e-02,6.469073114577484906e-01,-3.199101887654847570e-02,1.799137657199635296e-02,-3.500668096223241710e-02,5.355215849419610145e-03
1.793750000000000178e+00,6.856518523305296098e-01,-6.771372588461269104e-02,6.257349621558411235e-02,6.467079425653509128e-01,-3.180720395319219795e-02,1.777393455664450991e-02,-3.457567480835271878e-02,5.291255187550108173e-03
1.800000000000000044e+00,6.852298613143162909e-01,-6.732377762843431979e-02,6.221030441224689039e-02,6.465097191990221148e-01,-3.162444950089230572e-02,1.755916932518275173e-02,-3.415009831470174062e-02,5.228069856093195585e-03
1.806249999999999911e+00,6.848103003951024892e-01,-6.693609261008152955e-02,6.184925791402486744e-02,6.463126347501597646e-01,-3.144274933653473658e-02,1.734704716254347953e-02,-3.372988114059934095e-02,5.165650281606802043e-03
1.812500000000000000e+00,6.843931554694665520e-01,-6.655065746250747594e-02,6.149034358014048712e-02,6.461166826486901549e-01,-3.126209731384794327e-02,1.713753479033688562e-02,-3.331495388762973492e-02,5.103987011538266803e-03
1.818750000000000089e+00,6.839784125172748697e-01,-6.616745890052461165e-02,6.113354835630765288e-02,6.459218563628397192e-01,-3.108248732317367424e-02,1.693059936100293691e-02,-3.290524808651260069e-02,5.043070712656559824e-03
1.825000000000000178e+00,6.835660576011718392e-01,-6.578648372026600633e-02,6.077885927408510636e-02,6.457281493989062149e-01,-3.090391329123920450e-02,1.672620845204478984e-02,-3.250069618416560197e-02,4.982892169505463535e-03
1.831250000000000266e+00,6.831560768660730476e-01,-6.540771879865092675e-02,6.042626345023561357e-02,6.455355553010323488e-01,-3.072636918093118660e-02,1.652433006034249516e-02,-3.210123153095548187e-02,4.923442282877445522e-03
1.837500000000000133e+00,6.827484565386626736e-01,-6.503115109285428908e-02,6.007574808609097289e-02,6.453440676509800689e-01,-3.054984899107099361e-02,1.632493259654579573e-02,-3.170678836813476537e-02,4.864712068307928960e-03
1.843750000000000000e+00,6.823431829268927773e-01,-6.465676763978001063e-02,5.972730046692259487e-02,6.451536800679075201e-01,-3.037434675619153646e-02,1.612798487954487589e-02,-3.131730181546119735e-02,4.806692654589665020e-03
1.850000000000000089e+00,6.819402424194871415e-01,-6.428455555553834466e-02,5.938090796131784144e-02,6.449643862081453349e-01,-3.019985654631565652e-02,1.593345613101791736e-02,-3.093270785899726941e-02,4.749375282306953980e-03
1.856250000000000178e+00,6.815396214854477774e-01,-6.391450203492721194e-02,5.903655802056183982e-02,6.447761797649768090e-01,-3.002637246673595453e-02,1.574131597005437935e-02,-3.055294333908687224e-02,4.692751302389428815e-03
1.862500000000000044e+00,6.811413066735644284e-01,-6.354659435091711273e-02,5.869423817802485455e-02,6.445890544684169665e-01,-2.985388865779611128e-02,1.555153440785284231e-02,-3.017794593850653059e-02,4.636812174685112434e-03
1.868749999999999911e+00,6.807452846119279588e-01,-6.318081985414004953e-02,5.835393604855500932e-02,6.444030040849951790e-01,-2.968239929467366214e-02,1.536408184249237266e-02,-2.980765417078838977e-02,4.581549466552509164e-03
1.875000000000000000e+00,6.803515420074462972e-01,-6.281716597238216904e-02,5.801563932787650452e-02,6.442180224175373393e-01,-2.951189858716423906e-02,1.517892905377636256e-02,-2.944200736871253887e-02,4.526954851471461615e-03
1.881250000000000089e+00,6.799600656453641534e-01,-6.245562021008017883e-02,5.767933579199312211e-02,6.440341033049507002e-01,-2.934238077946726281e-02,1.499604719814776749e-02,-2.908094567296595767e-02,4.473020107672508357e-03
1.887500000000000178e+00,6.795708423887850680e-01,-6.209617014782142785e-02,5.734501329659697638e-02,6.438512406220090467e-01,-2.917384014997305430e-02,1.481540780367468155e-02,-2.872441002096550594e-02,4.419737116784479627e-03
1.893750000000000266e+00,6.791838591781973467e-01,-6.173880344184768526e-02,5.701265977648247579e-02,6.436694282791403099e-01,-2.900627101105137176e-02,1.463698276510529313e-02,-2.837234213584258549e-02,4.367097862500099459e-03
1.900000000000000133e+00,6.787991030310024376e-01,-6.138350782356258306e-02,5.668226324496548202e-02,6.434886602222140706e-01,-2.883966770884135652e-02,1.446074433899117648e-02,-2.802468451558693188e-02,4.315094429259335763e-03
1.906250000000000000e+00,6.784165610410473057e-01,-6.103027109904263919e-02,5.635381179330748586e-02,6.433089304323318380e-01,-2.867402462304287011e-02,1.428666513887793046e-02,-2.768138042234711410e-02,4.263719000950237301e-03
1.912500000000000089e+00,6.780362203781582497e-01,-6.067908114855188190e-02,5.602729359014491095e-02,6.431302329256174399e-01,-2.850933616670925028e-02,1.411471813056223296e-02,-2.734237387188543159e-02,4.212963859627060631e-03
1.918750000000000178e+00,6.776580682876800488e-01,-6.032992592606006149e-02,5.570269688092342047e-02,6.429525617530098547e-01,-2.834559678604143054e-02,1.394487662741431509e-02,-2.700760962318483893e-02,4.162821384245402566e-03
1.925000000000000044e+00,6.772820920900155528e-01,-5.998279345876433855e-02,5.538000998733704633e-02,6.427759110000555998e-01,-2.818280096018341632e-02,1.377711428576491870e-02,-2.667703316820551479e-02,4.113284049414130811e-03
1.931249999999999911e+00,6.769082791801702692e-01,-5.963767184661442067e-02,5.505922130677228660e-02,6.426002747867047837e-01,-2.802094320101912450e-02,1.361140510035580009e-02,-2.635059072178888573e-02,4.064344424163868208e-03
1.937500000000000000e+00,6.765366170272987256e-01,-5.929454926184126590e-02,5.474031931175701859e-02,6.424256472671058260e-01,-2.786001805297057612e-02,1.344772339985289555e-02,-2.602822921170691237e-02,4.015995170731823279e-03
1.943750000000000089e+00,6.761670931742546076e-01,-5.895341394848914451e-02,5.442329254941422056e-02,6.422520226294039514e-01,-2.770002009279745256e-02,1.328604384242125860e-02,-2.570989626885438958e-02,3.968229043362720733e-03
1.950000000000000178e+00,6.757996952371428945e-01,-5.861425422195110785e-02,5.410812964092036326e-02,6.420793950955386853e-01,-2.754094392939792843e-02,1.312634141136078715e-02,-2.539554021758204036e-02,3.921038887125622915e-03
1.956250000000000266e+00,6.754344109048756595e-01,-5.827705846850783633e-02,5.379481928096851995e-02,6.419077589210442358e-01,-2.738278420361086110e-02,1.296859141080199118e-02,-2.508511006616840136e-02,3.874417636746417103e-03
1.962500000000000133e+00,6.750712279387305337e-01,-5.794181514486983903e-02,5.348335023723609083e-02,6.417371083948500976e-01,-2.722553558801927426e-02,1.281276946146086247e-02,-2.477855549742834923e-02,3.828358315455770034e-03
1.968750000000000000e+00,6.747101341719115020e-01,-5.760851277772290752e-02,5.317371134985712094e-02,6.415674378390835431e-01,-2.706919278675512866e-02,1.265885149645200151e-02,-2.447582685945615469e-02,3.782854033852309835e-03
1.975000000000000089e+00,6.743511175091135845e-01,-5.727713996327694901e-02,5.286589153089910065e-02,6.413987416088728910e-01,-2.691375053530541822e-02,1.250681375715921931e-02,-2.417687515650117011e-02,3.737897988780858414e-03
1.981250000000000178e+00,6.739941659260890727e-01,-5.694768536681801829e-02,5.255987976384438737e-02,6.412310140921522184e-01,-2.675920360031951509e-02,1.235663278916274838e-02,-2.388165203997407240e-02,3.693483462225490097e-03
1.987500000000000044e+00,6.736392674692177618e-01,-5.662013772226357627e-02,5.225566510307589480e-02,6.410642497094672931e-01,-2.660554677941779841e-02,1.220828543822224423e-02,-2.359010979958166970e-02,3.649603820217214856e-03
1.993749999999999911e+00,6.732864102550790708e-01,-5.629448583172094039e-02,5.195323667336723683e-02,6.408984429137820626e-01,-2.645277490100151133e-02,1.206174884631480183e-02,-2.330220135458837757e-02,3.606252511756083152e-03
2.000000000000000000e+00,6.729355824700273825e-01,-5.597071856504892695e-02,5.165258366937727774e-02,6.407335881902875840e-01,-2.630088282406391545e-02,1.191700044772720651e-02,-2.301788024520253981e-02,3.563423067747532869e-03
2.006250000000000089e+00,6.725867723697696032e-01,-5.564882485942269225e-02,5.135369535514891504e-02,6.405696800562111770e-01,-2.614986543800268404e-02,1.177401796520164377e-02,-2.273710062408561272e-02,3.521109099952770584e-03
2.012500000000000178e+00,6.722399682789463871e-01,-5.532879371890155745e-02,5.105656106361213670e-02,6.404067130606266867e-01,-2.599971766243347471e-02,1.163277940613407363e-02,-2.245981724798241583e-02,3.479304299952987265e-03
2.018749999999999822e+00,6.718951585907149138e-01,-5.501061421400008089e-02,5.076117019609129727e-02,6.402446817842664117e-01,-2.585043444700479975e-02,1.149326305882456857e-02,-2.218598546947064126e-02,3.438002438127243585e-03
2.024999999999999911e+00,6.715523317663351088e-01,-5.469427548126201688e-02,5.046751222181648094e-02,6.400835808393341431e-01,-2.570201077121401015e-02,1.135544748877878943e-02,-2.191556122882777971e-02,3.397197362643804546e-03
2.031250000000000000e+00,6.712114763347583057e-01,-5.437976672283755669e-02,5.017557667743918065e-02,6.399234048693187571e-01,-2.555444164422463263e-02,1.121931153506003885e-02,-2.164850104601393627e-02,3.356882998464791584e-03
2.037500000000000089e+00,6.708725808922184619e-01,-5.406707720606335199e-02,4.988535316655184904e-02,6.397641485488100299e-01,-2.540772210468475456e-02,1.108483430669096603e-02,-2.138476201276844763e-02,3.317053346363913174e-03
2.043750000000000178e+00,6.705356341018260391e-01,-5.375619626304565385e-02,4.959683135921161279e-02,6.396058065833140072e-01,-2.526184722054668902e-02,1.095199517910435370e-02,-2.112430178481888160e-02,3.277702481957131715e-03
2.050000000000000266e+00,6.702006246931646594e-01,-5.344711329024639385e-02,4.931000099146793519e-02,6.394483737090713715e-01,-2.511681208888778480e-02,1.082077379064225187e-02,-2.086707857420067383e-02,3.238824554746084529e-03
2.056250000000000355e+00,6.698675414618896484e-01,-5.313981774807217257e-02,4.902485186489426855e-02,6.392918446928751441e-01,-2.497261183573240562e-02,1.069115003910277827e-02,-2.061305114168568084e-02,3.200413787174079868e-03
2.062500000000000000e+00,6.695363732693305758e-01,-5.283429916046624569e-02,4.874137384612361318e-02,6.391362143318911615e-01,-2.482924161587510281e-02,1.056310407833389170e-02,-2.036217878931816105e-02,3.162464473694503574e-03
2.068750000000000089e+00,6.692071090420942392e-01,-5.253054711450321629e-02,4.845955686638787896e-02,6.389814774534777753e-01,-2.468669661270486357e-02,1.043661631487346857e-02,-2.011442135305639700e-02,3.124970979851451197e-03
2.075000000000000178e+00,6.688797377716724224e-01,-5.222855125998689813e-02,4.817939092106123672e-02,6.388276289150087717e-01,-2.454497203803063243e-02,1.031166740463510499e-02,-1.986973919551868889e-02,3.087927741372460243e-03
2.081249999999999822e+00,6.685542485140506530e-01,-5.192830130905071867e-02,4.790086606920718193e-02,6.386746636036954028e-01,-2.440406313190784937e-02,1.018823824963886737e-02,-1.962809319883182871e-02,3.051329263273126150e-03
2.087499999999999911e+00,6.682306303893196242e-01,-5.162978703576107109e-02,4.762397243312924827e-02,6.385225764364108603e-01,-2.426396516246615356e-02,1.006630999478643450e-02,-1.938944475758071564e-02,3.015170118973465804e-03
2.093750000000000000e+00,6.679088725812896143e-01,-5.133299827572352508e-02,4.734870019792568330e-02,6.383713623595154152e-01,-2.412467342573824600e-02,9.945864024680041438e-03,-1.915375577185772504e-02,2.979444949425895470e-03
2.100000000000000089e+00,6.675889643371074600e-01,-5.103792492569168837e-02,4.707503961104762130e-02,6.382210163486822241e-01,-2.398618324548982758e-02,9.826881960484501813e-03,-1.892098864041007883e-02,2.944148462254611055e-03
2.106250000000000178e+00,6.672708949668747502e-01,-5.074455694317889926e-02,4.680298098186096156e-02,6.380715334087245783e-01,-2.384848997305063709e-02,9.709345656831779373e-03,-1.869110625388398575e-02,2.909275430906259688e-03
2.112500000000000266e+00,6.669546538432700178e-01,-5.045288434607259759e-02,4.653251468121184092e-02,6.379229085734244853e-01,-2.371158898714659929e-02,9.593237198767486096e-03,-1.846407198816404915e-02,2.874820693811732178e-03
2.118750000000000355e+00,6.666402304011721514e-01,-5.016289721225143661e-02,4.626363114099573542e-02,6.377751369053615838e-01,-2.357547569373306603e-02,9.478538898738708349e-03,-1.823984969780651291e-02,2.840779153558929768e-03
2.125000000000000000e+00,6.663276141372870276e-01,-4.987458567920507319e-02,4.599632085373003137e-02,6.376282134957437231e-01,-2.344014552582912581e-02,9.365233293622602512e-03,-1.801840370956504442e-02,2.807145776076359033e-03
2.131250000000000089e+00,6.660167946097758085e-01,-4.958793994365653934e-02,4.573057437213008669e-02,6.374821334642380988e-01,-2.330559394335296811e-02,9.253303141795114761e-03,-1.779969881600751078e-02,2.773915589827393152e-03
2.137500000000000178e+00,6.657077614378857922e-01,-4.930295026118743096e-02,4.546638230868890740e-02,6.373368919588039416e-01,-2.317181643295837881e-02,9.142731420239412141e-03,-1.758370026922271775e-02,2.741083685015091587e-03
2.143749999999999822e+00,6.654005043015844834e-01,-4.901960694586553202e-02,4.520373533526006460e-02,6.371924841555256513e-01,-2.303880850787223128e-02,9.033501321693284195e-03,-1.737037377461544269e-02,2.708645212797392964e-03
2.149999999999999911e+00,6.650950129411938860e-01,-4.873790036987507568e-02,4.494262418264408782e-02,6.370489052584474843e-01,-2.290656570773299400e-02,8.925596251835058934e-03,-1.715968548478864417e-02,2.676595384512559742e-03
2.156250000000000000e+00,6.647912771570300139e-01,-4.845782096314970450e-02,4.468303964017831392e-02,6.369061504994086853e-01,-2.277508359843041438e-02,8.818999826507556081e-03,-1.695160199351165159e-02,2.644929470914758000e-03
2.162500000000000089e+00,6.644892868090416238e-01,-4.817935921300781771e-02,4.442497255532990019e-02,6.367642151378801740e-01,-2.264435777194609076e-02,8.713695868979392384e-03,-1.674609032977282877e-02,2.613642801419592369e-03
2.168750000000000178e+00,6.641890318164537232e-01,-4.790250566379052749e-02,4.416841383329228599e-02,6.366230944608017861e-01,-2.251438384619516841e-02,8.609668407243240007e-03,-1.654311795191569859e-02,2.582730763359496803e-03
2.175000000000000266e+00,6.638905021574117438e-01,-4.762725091650216180e-02,4.391335443658481857e-02,6.364827837824207357e-01,-2.238515746486898633e-02,8.506901671350469013e-03,-1.634265274185717209e-02,2.552188801248833714e-03
2.181250000000000355e+00,6.635936878686288232e-01,-4.735358562845316116e-02,4.365978538465566106e-02,6.363432784441310774e-01,-2.225667429727880287e-02,8.405380090781665661e-03,-1.614466299938673716e-02,2.522012416058574437e-03
2.187500000000000000e+00,6.632985790450348640e-01,-4.708150051290559829e-02,4.340769775348794768e-02,6.362045738143141671e-01,-2.212893003820048596e-02,8.305088291852549473e-03,-1.594911743654544092e-02,2.492197164500432188e-03
2.193750000000000089e+00,6.630051658394278125e-01,-4.681098633872089743e-02,4.315708267520892982e-02,6.360666652881795669e-01,-2.200192040772017826e-02,8.206011095154725279e-03,-1.575598517208334076e-02,2.462738658320311799e-03
2.200000000000000178e+00,6.627134384621276020e-01,-4.654203393001033612e-02,4.290793133770254286e-02,6.359295482876077266e-01,-2.187564115108103779e-02,8.108133513030921571e-03,-1.556523572599460663e-02,2.433632563600975594e-03
2.206249999999999822e+00,6.624233871806314289e-01,-4.627463416578767724e-02,4.266023498422485960e-02,6.357932182609929983e-01,-2.175008803853087716e-02,8.011440747084066366e-03,-1.537683901412877086e-02,2.404874600073771476e-03
2.212499999999999911e+00,6.621350023192723588e-01,-4.600877797962420884e-02,4.241398491302265233e-02,6.356576706830882051e-01,-2.162525686517079507e-02,7.915918185719815481e-03,-1.519076534287718341e-02,2.376460540439311302e-03
2.218750000000000000e+00,6.618482742588785994e-01,-4.574445635930639298e-02,4.216917247695513987e-02,6.355229010548493207e-01,-2.150114345080484865e-02,7.821551401722122085e-03,-1.500698540393370813e-02,2.348386209697003735e-03
2.225000000000000089e+00,6.615631934364366584e-01,-4.548166034649562400e-02,4.192578908311860031e-02,6.353889049032815928e-01,-2.137774363979058276e-02,7.728326149861242979e-03,-1.482547026912829809e-02,2.320647484483281085e-03
2.231250000000000178e+00,6.612797503447547243e-01,-4.522038103639040157e-02,4.168382619247405774e-02,6.352556777812871092e-01,-2.125505330089059314e-02,7.636228364533864145e-03,-1.464619138533259854e-02,2.293240292418435161e-03
2.237500000000000266e+00,6.609979355321299321e-01,-4.496060957739086289e-02,4.144327531947789717e-02,6.351232152675119202e-01,-2.113306832712501249e-02,7.545244157434814747e-03,-1.446912056943645830e-02,2.266160611461936342e-03
2.243750000000000355e+00,6.607177396020161853e-01,-4.470233717076559088e-02,4.120412803171544930e-02,6.349915129661953817e-01,-2.101178463562492632e-02,7.455359815259974925e-03,-1.429423000339431760e-02,2.239404469276118359e-03
2.250000000000000000e+00,6.604391532126953068e-01,-4.444555507032068448e-02,4.096637594953743411e-02,6.348605665070199411e-01,-2.089119816748676722e-02,7.366561797439927228e-03,-1.412149222934048695e-02,2.212967942598128603e-03
2.256250000000000089e+00,6.601621670769495243e-01,-4.419025458207102852e-02,4.073001074569929103e-02,6.347303715449615913e-01,-2.077130488762756258e-02,7.278836733903896322e-03,-1.395088014477221042e-02,2.186847156620011674e-03
2.262500000000000178e+00,6.598867719617361738e-01,-4.393642706391404085e-02,4.049502414500341652e-02,6.346009237601415442e-01,-2.065210078464120927e-02,7.192171422873643027e-03,-1.378236699779976891e-02,2.161038284376852036e-03
2.268749999999999822e+00,6.596129586878644036e-01,-4.368406392530537613e-02,4.026140792394418411e-02,6.344722188576785715e-01,-2.053358187065558449e-02,7.106552828686789683e-03,-1.361592638246236081e-02,2.135537546142832199e-03
2.274999999999999911e+00,6.593407181296738750e-01,-4.343315662693694734e-02,4.002915391035566373e-02,6.343442525675425658e-01,-2.041574418119056211e-02,7.021968079649215135e-03,-1.345153223410895660e-02,2.110341208835112784e-03
2.281250000000000000e+00,6.590700412147156850e-01,-4.318369668041720927e-02,3.979825398306233164e-02,6.342170206444087688e-01,-2.029858377501702130e-02,6.938404465916168072e-03,-1.328915882484327411e-02,2.085445585425452480e-03
2.287500000000000089e+00,6.588009189234353968e-01,-4.293567564795351676e-02,3.956870007153230617e-02,6.340905188675127757e-01,-2.018209673401664614e-02,6.855849437401599980e-03,-1.312878075903173812e-02,2.060847034359427395e-03
2.293750000000000178e+00,6.585333422888569599e-01,-4.268908514203668958e-02,3.934048415553342143e-02,6.339647430405063178e-01,-2.006627916304268636e-02,6.774290601715401983e-03,-1.297037296887367311e-02,2.036541958983173039e-03
2.300000000000000266e+00,6.582673023962704040e-01,-4.244391682512770048e-02,3.911359826479195168e-02,6.338396889913148202e-01,-1.995112718978156452e-02,6.693715722128136189e-03,-1.281391071003276476e-02,2.012526806977543107e-03
2.306250000000000355e+00,6.580027903829198666e-01,-4.220016240934647278e-02,3.888803447865402108e-02,6.337153525719941838e-01,-1.983663696461539575e-02,6.614112715562873827e-03,-1.265936955732894185e-02,1.988798069799583169e-03
2.312500000000000000e+00,6.577397974376941736e-01,-4.195781365616287756e-02,3.866378492574963632e-02,6.335917296585902303e-01,-1.972280466048534700e-02,6.535469650613781947e-03,-1.250672540048976787e-02,1.965352282131226438e-03
2.318750000000000089e+00,6.574783148008197520e-01,-4.171686237608963899e-02,3.844084178365929361e-02,6.334688161509975934e-01,-1.960962647275587070e-02,6.457774745591055368e-03,-1.235595443996047142e-02,1.942186021335104299e-03
2.325000000000000178e+00,6.572183337635547629e-01,-4.147730042837754344e-02,3.821919727858331950e-02,6.333466079728200526e-01,-1.949709861907983691e-02,6.381016366591905908e-03,-1.220703318277190780e-02,1.919295906917402187e-03
2.331249999999999822e+00,6.569598456678857890e-01,-4.123911972071254983e-02,3.799884368501361964e-02,6.332251010712320882e-01,-1.938521733926446000e-02,6.305183025597149195e-03,-1.205993843846540209e-02,1.896678599997635292e-03
2.337499999999999911e+00,6.567028419062252986e-01,-4.100231220891492612e-02,3.777977332540800870e-02,6.331042914168402147e-01,-1.927397889513810317e-02,6.230263378593085474e-03,-1.191464731507378867e-02,1.874330802785267522e-03
2.343750000000000000e+00,6.564473139211127739e-01,-4.076686989664057847e-02,3.756197856986715627e-02,6.329841750035459791e-01,-1.916337957041794327e-02,6.156246223718377791e-03,-1.177113721515789593e-02,1.852249258063096539e-03
2.350000000000000089e+00,6.561932532049157274e-01,-4.053278483508422625e-02,3.734545183581391981e-02,6.328647478484099587e-01,-1.905341567057844757e-02,6.083120499435469564e-03,-1.162938583189750651e-02,1.830430748677285176e-03
2.356250000000000178e+00,6.559406512995341609e-01,-4.030004912268463080e-02,3.713018558767518240e-02,6.327460059915156476e-01,-1.894408352272067275e-02,6.010875282726303899e-03,-1.148937114523615119e-02,1.808872097033974386e-03
2.362500000000000266e+00,6.556894997961059124e-01,-4.006865490483182968e-02,3.691617233656614011e-02,6.326279454958350090e-01,-1.883537947544242780e-02,5.939499787311952606e-03,-1.135107141807891948e-02,1.787570164602381466e-03
2.368750000000000355e+00,6.554397903347141119e-01,-3.983859437357629985e-02,3.670340463997705943e-02,6.325105624470941379e-01,-1.872729989870921749e-02,5.868983361895854789e-03,-1.121446519254251997e-02,1.766521851424297882e-03
2.375000000000000000e+00,6.551915146040964144e-01,-3.960985976734010539e-02,3.649187510146235935e-02,6.323938529536409225e-01,-1.861984118372602207e-02,5.799315488430333704e-03,-1.107953128625685686e-02,1.745724095629905184e-03
2.381250000000000089e+00,6.549446643413564528e-01,-3.938244337062992567e-02,3.628157637033210120e-02,6.322778131463118179e-01,-1.851299974280986790e-02,5.730485780406045782e-03,-1.094624878871734881e-02,1.725173872959814662e-03
2.387500000000000178e+00,6.546992313316761791e-01,-3.915633751375206806e-02,3.607250114134593483e-02,6.321624391783006169e-01,-1.840677200926322740e-02,5.662483981164115505e-03,-1.081459705768736054e-02,1.704868196293271359e-03
2.393750000000000266e+00,6.544552074080308701e-01,-3.893153457252938182e-02,3.586464215440923753e-02,6.320477272250278888e-01,-1.830115443724819602e-02,5.595299962230558879e-03,-1.068455571564989881e-02,1.684804115182410734e-03
2.400000000000000355e+00,6.542125844509053545e-01,-3.870802696801998316e-02,3.565799219427163297e-02,6.319336734840108605e-01,-1.819614350166145686e-02,5.528923721672750029e-03,-1.055610464630795872e-02,1.664978715392510756e-03
2.406250000000000000e+00,6.539713543880121271e-01,-3.848580716623797165e-02,3.545254409022788322e-02,6.318202741747340756e-01,-1.809173569801006062e-02,5.463345382477611742e-03,-1.042922399113282300e-02,1.645389118448152251e-03
2.412500000000000089e+00,6.537315091940115730e-01,-3.826486767787588145e-02,3.524829071582084861e-02,6.317075255385210530e-01,-1.798792754228792368e-02,5.398555190951210767e-03,-1.030389414595954400e-02,1.626032481185202272e-03
2.418750000000000178e+00,6.534930408902330790e-01,-3.804520105802913776e-02,3.504522498854698714e-02,6.315954238384066111e-01,-1.788471557085319352e-02,5.334543515139527139e-03,-1.018009575762910714e-02,1.606905995308563918e-03
2.425000000000000266e+00,6.532559415443989215e-01,-3.782679990592219960e-02,3.484333986956383161e-02,6.314839653590103019e-01,-1.778209634030630815e-02,5.271300843270025453e-03,-1.005780972067640659e-02,1.588006886955590233e-03
2.431250000000000355e+00,6.530202032703487092e-01,-3.760965686463661750e-02,3.464262836339983970e-02,6.313731464064095134e-01,-1.768006642736884640e-02,5.208817782213799943e-03,-9.937017174063537267e-03,1.569332416265107341e-03
2.437500000000000000e+00,6.527858182277666010e-01,-3.739376462084086084e-02,3.444308351766635357e-02,6.312629633080150127e-01,-1.757862242876315900e-02,5.147085055968005432e-03,-9.817699497957679475e-03,1.550879876951964187e-03
2.443750000000000089e+00,6.525527786219096349e-01,-3.717911590452190745e-02,3.424469842277176601e-02,6.311534124124456024e-01,-1.747776096109268998e-02,5.086093504158260142e-03,-9.699838310552945028e-03,1.532646595887032347e-03
2.450000000000000178e+00,6.523210767033377211e-01,-3.696570348871870693e-02,3.404746621163784459e-02,6.310444900894045528e-01,-1.737747866072314462e-02,5.025834080560822627e-03,-9.583415464935648651e-03,1.514629932682602350e-03
2.456250000000000266e+00,6.520907047676453017e-01,-3.675352018925732989e-02,3.385138005941819989e-02,6.309361927295563666e-01,-1.727777218366432013e-02,4.966297851644182852e-03,-9.468413045992241442e-03,1.496827279283076970e-03
2.462500000000000355e+00,6.518616551551950078e-01,-3.654255886448787988e-02,3.365643318321882155e-02,6.308285167444044328e-01,-1.717863820545269954e-02,4.907475995129866216e-03,-9.354813367359418944e-03,1.479236059560916838e-03
2.468750000000000000e+00,6.516339202508526496e-01,-3.633281241502319542e-02,3.346261884182077928e-02,6.307214585661694572e-01,-1.708007342103480888e-02,4.849359798572177270e-03,-9.242598968415767155e-03,1.461853728917755736e-03
2.475000000000000089e+00,6.514074924837235381e-01,-3.612427378347915496e-02,3.326993033540489447e-02,6.306150146476681151e-01,-1.698207454465123015e-02,4.791940657956584790e-03,-9.131752611314315066e-03,1.444677773890617068e-03
2.481250000000000178e+00,6.511823643268913608e-01,-3.591693595421690394e-02,3.307836100527863921e-02,6.305091814621932578e-01,-1.688463830972145377e-02,4.735210076316574701e-03,-9.022257278055537469e-03,1.427705711763179895e-03
2.487500000000000266e+00,6.509585282971575015e-01,-3.571079195308658055e-02,3.288790423360489490e-02,6.304039555033942310e-01,-1.678776146872933139e-02,4.679159662368634343e-03,-8.914096167600074269e-03,1.410935090182003889e-03
2.493750000000000355e+00,6.507359769547829131e-01,-3.550583484717283189e-02,3.269855344313288281e-02,6.302993332851579700e-01,-1.669144079310931617e-02,4.623781129165172032e-03,-8.807252693020723930e-03,1.394363486777667246e-03
2.500000000000000000e+00,6.505147029032312123e-01,-3.530205774454200918e-02,3.251030209693098194e-02,6.301953113414910934e-01,-1.659567307313340040e-02,4.569066292765121273e-03,-8.701710478693119519e-03,1.377988508790746209e-03
2.506250000000000089e+00,6.502946987889128838e-01,-3.509945379399092430e-02,3.232314369812157306e-02,6.300918862264024423e-01,-1.650045511779871243e-02,4.515007070921959846e-03,-8.597453357524499282e-03,1.361807792702566383e-03
2.512500000000000178e+00,6.500759573009319281e-01,-3.489801618479744516e-02,3.213707178961794364e-02,6.299890545137862841e-01,-1.640578375471590453e-02,4.461595481788976393e-03,-8.494465368220145002e-03,1.345819003870681605e-03
2.518750000000000266e+00,6.498584711708337291e-01,-3.469773814647254123e-02,3.195207995386299682e-02,6.298868127973067388e-01,-1.631165582999814095e-02,4.408823642641458360e-03,-8.392730752586823745e-03,1.330019836168995148e-03
2.525000000000000355e+00,6.496422331723537003e-01,-3.449861294851407773e-02,3.176816181256997967e-02,6.297851576902819826e-01,-1.621806820815084246e-02,4.356683768615646039e-03,-8.292233952872790637e-03,1.314408011632477516e-03
2.531250000000000000e+00,6.494272361211690381e-01,-3.430063390016215019e-02,3.158531102646512656e-02,6.296840858255696727e-01,-1.612501777196207950e-02,4.305168171464195115e-03,-8.192959609143837460e-03,1.298981280106418145e-03
2.537500000000000089e+00,6.492134728746502548e-01,-3.410379435015604282e-02,3.140352129503215517e-02,6.295835938554534827e-01,-1.603250142239365239e-02,4.254269258327908303e-03,-8.094892556694823285e-03,1.283737418900143161e-03
2.543750000000000178e+00,6.490009363316155966e-01,-3.390808768649285210e-02,3.122278635625872628e-02,6.294836784515295269e-01,-1.594051607847288277e-02,4.203979530523575640e-03,-7.998017823496286413e-03,1.268674232445159492e-03
2.550000000000000266e+00,6.487896194320862397e-01,-3.371350733618756063e-02,3.104309998638470069e-02,6.293843363045936723e-01,-1.584905867718502601e-02,4.154291582347624176e-03,-7.902320627675530479e-03,1.253789551957642081e-03
2.556250000000000355e+00,6.485795151570433736e-01,-3.352004676503476943e-02,3.086445599965227660e-02,6.292855641245298504e-01,-1.575812617336638799e-02,4.105198099895422670e-03,-7.807786375031783126e-03,1.239081235105229288e-03
2.562500000000000000e+00,6.483706165281860612e-01,-3.332769947737197064e-02,3.068684824805796574e-02,6.291873586401989238e-01,-1.566771553959809757e-02,4.056691859896020130e-03,-7.714400656584921578e-03,1.224547165678057303e-03
2.568750000000000089e+00,6.481629166076917636e-01,-3.313645901584428427e-02,3.051027062110634250e-02,6.290897165993275530e-01,-1.557782376610050527e-02,4.008765728562067518e-03,-7.622149246157256842e-03,1.210185253263980224e-03
2.575000000000000178e+00,6.479564084979769767e-01,-3.294631896117090897e-02,3.033471704556570461e-02,6.289926347683990615e-01,-1.548844786062830194e-02,3.961412660454804655e-03,-7.531018097988023512e-03,1.195993432927931147e-03
2.581250000000000266e+00,6.477510853414607528e-01,-3.275727293191289802e-02,3.016018148522539577e-02,6.288961099325436344e-01,-1.539958484836622538e-02,3.914625697363801823e-03,-7.440993344379969766e-03,1.181969664895352479e-03
2.587500000000000355e+00,6.475469403203280017e-01,-3.256931458424257297e-02,2.998665794065498089e-02,6.288001388954298498e-01,-1.531123177182545057e-02,3.868397967201347640e-03,-7.352061293377706690e-03,1.168111934239656445e-03
2.593750000000000000e+00,6.473439666562960104e-01,-3.238243761171437363e-02,2.981414044896516652e-02,6.287047184791567656e-01,-1.522338569074060434e-02,3.822722682911230789e-03,-7.264208426477338984e-03,1.154418250573658331e-03
2.600000000000000089e+00,6.471421576103809636e-01,-3.219663574503719983e-02,2.964262308357038314e-02,6.286098455241464489e-01,-1.513604368196740102e-02,3.777593141391737391e-03,-7.177421396366901775e-03,1.140886647744926733e-03
2.606250000000000178e+00,6.469415064826664619e-01,-3.201190275184830764e-02,2.947209995395326174e-02,6.285155168890375066e-01,-1.504920283938096862e-02,3.733002722432700489e-03,-7.091687024697273037e-03,1.127515183535011348e-03
2.612500000000000266e+00,6.467420066120739275e-01,-3.182823243648858630e-02,2.930256520543065776e-02,6.284217294505786144e-01,-1.496286027377473696e-02,3.688944887666358811e-03,-7.006992299883010866e-03,1.114301939362482381e-03
2.618750000000000355e+00,6.465436513761330106e-01,-3.164561863977929934e-02,2.913401301892145148e-02,6.283284801035238232e-01,-1.487701311275999201e-02,3.645413179531879939e-03,-6.923324374932784270e-03,1.101245019989743196e-03
2.625000000000000000e+00,6.463464341907553257e-01,-3.146405523880032445e-02,2.896643761071603443e-02,6.282357657605269763e-01,-1.479165850066603734e-02,3.602401220253355785e-03,-6.840670565308965521e-03,1.088342553233563083e-03
2.631250000000000089e+00,6.461503485100077437e-01,-3.128353614666976729e-02,2.879983323224739183e-02,6.281435833520380152e-01,-1.470679359844095230e-02,3.559902710831068257e-03,-6.759018346815930459e-03,1.075592689679278312e-03
2.637500000000000178e+00,6.459553878258880166e-01,-3.110405531232506363e-02,2.863419416986397181e-02,6.280519298261992844e-01,-1.462241558355301639e-02,3.517911430045894162e-03,-6.678355353516777018e-03,1.062993602398624830e-03
2.643750000000000266e+00,6.457615456681018440e-01,-3.092560672030544855e-02,2.846951474460406029e-02,6.279608021487425029e-01,-1.453852164989268350e-02,3.476421233476614716e-03,-6.598669375677927718e-03,1.050543486671140590e-03
2.650000000000000355e+00,6.455688156038408287e-01,-3.074818439053584110e-02,2.830578931197186635e-02,6.278701973028865124e-01,-1.445510900767519279e-02,3.435426052529998685e-03,-6.519948357741328984e-03,1.038240559709100634e-03
2.656250000000000000e+00,6.453771912375620978e-01,-3.057178237811214450e-02,2.814301226171518622e-02,6.277801122892356922e-01,-1.437217488334377458e-02,3.394919893483473120e-03,-6.442180396323830133e-03,1.026083060385938554e-03
2.662500000000000089e+00,6.451866662107687000e-01,-3.039639477308787169e-02,2.798117801760462847e-02,6.276905441256784846e-01,-1.428971651947342179e-02,3.354896836540203001e-03,-6.365353738243336931e-03,1.014069248968100948e-03
2.668750000000000178e+00,6.449972342017926685e-01,-3.022201570026224540e-02,2.782028103721455314e-02,6.276014898472872527e-01,-1.420773117467532577e-02,3.315351034896447946e-03,-6.289456778571447457e-03,1.002197406850305859e-03
2.675000000000000266e+00,6.448088889255777501e-01,-3.004863931896957843e-02,2.766031581170543333e-02,6.275129465062180278e-01,-1.412621612350182035e-02,3.276276713820986970e-03,-6.214478058712096659e-03,9.904658362941429293e-04
2.681250000000000355e+00,6.446216241334643549e-01,-2.987625982287002782e-02,2.750127686560784740e-02,6.274249111716114768e-01,-1.404516865635195913e-02,3.237668169746477261e-03,-6.140406264505929475e-03,9.788728601699840572e-04
2.687500000000000000e+00,6.444354336129761718e-01,-2.970487143974172642e-02,2.734315875660803946e-02,6.273373809294937598e-01,-1.396458607937766001e-02,3.199519769372587401e-03,-6.067230224360019991e-03,9.674168217021574022e-04
2.693750000000000089e+00,6.442503111876066724e-01,-2.953446843127417731e-02,2.718595607533491956e-02,6.272503528826789410e-01,-1.388446571439040655e-02,3.161825948780726345e-03,-5.994938907402550671e-03,9.560960842173402705e-04
2.700000000000000178e+00,6.440662507166088346e-01,-2.936504509286309503e-02,2.702966344514871541e-02,6.271638241506707345e-01,-1.380480489876856863e-02,3.124581212560253226e-03,-5.923521421662200116e-03,9.449090308961387991e-04
2.706250000000000266e+00,6.438832460947843117e-01,-2.919659575340643673e-02,2.687427552193101879e-02,6.270777918695660258e-01,-1.372560098536525219e-02,3.087780132945966340e-03,-5.852967012271774461e-03,9.338540645277971890e-04
2.712500000000000355e+00,6.437012912522750430e-01,-2.902911477510181429e-02,2.671978699387637587e-02,6.269922531919582820e-01,-1.364685134241672322e-02,3.051417348966753776e-03,-5.783265059695841259e-03,9.229296072680105755e-04
2.718750000000000000e+00,6.435203801543557534e-01,-2.886259655324520737e-02,2.656619258128536248e-02,6.269072052868414069e-01,-1.356855335345140585e-02,3.015487565605253027e-03,-5.714405077981995519e-03,9.121341003997938306e-04
2.725000000000000089e+00,6.433405068012276740e-01,-2.869703551603087349e-02,2.641348703635907139e-02,6.268226453395149278e-01,-1.349070441719940963e-02,2.979985552968346559e-03,-5.646376713035414392e-03,9.014660040973654235e-04
2.731250000000000178e+00,6.431616652278133728e-01,-2.853242612435269443e-02,2.626166514299517474e-02,6.267385705514890715e-01,-1.341330194750266214e-02,2.944906145468403989e-03,-5.579169740916450730e-03,8.909237971930172818e-04
2.737500000000000266e+00,6.429838495035532508e-01,-2.836876287160665713e-02,2.611072171658531185e-02,6.266549781403902841e-01,-1.333634337322553778e-02,2.910244241015057937e-03,-5.512774066160847433e-03,8.805059769469178541e-04
2.743750000000000355e+00,6.428070537322030376e-01,-2.820604028349465650e-02,2.596065160381397230e-02,6.265718653398683058e-01,-1.325982613816606946e-02,2.875994800217431587e-03,-5.447179720122331467e-03,8.702110588198212673e-04
2.750000000000000000e+00,6.426312720516322852e-01,-2.804425291782955409e-02,2.581144968245878413e-02,6.264892293995023564e-01,-1.318374770096768407e-02,2.842152845596645355e-03,-5.382376859337266624e-03,8.600375762486404041e-04
2.756250000000000089e+00,6.424564986336241956e-01,-2.788339536434140953e-02,2.566311086119219334e-02,6.264070675847089875e-01,-1.310810553503147756e-02,2.808713460808474286e-03,-5.318355763911019815e-03,8.499840804248456286e-04
2.762500000000000178e+00,6.422827276836773347e-01,-2.772346224448508922e-02,2.551563007938460748e-02,6.263253771766503775e-01,-1.303289712842905720e-02,2.775671789876039530e-03,-5.255106835925827530e-03,8.400491400756602113e-04
2.768750000000000266e+00,6.421099534408071241e-01,-2.756444821124895417e-02,2.536900230690884370e-02,6.262441554721424053e-01,-1.295811998381587830e-02,2.743023036432365187e-03,-5.192620597869762600e-03,8.302313412480052902e-04
2.775000000000000355e+00,6.419381701773498872e-01,-2.740634794896485218e-02,2.522322254394599936e-02,6.261633997835640564e-01,-1.288377161834512209e-02,2.710762462972699047e-03,-5.130887691086588771e-03,8.205292870951668305e-04
2.781250000000000000e+00,6.417673721987676716e-01,-2.724915617311929675e-02,2.507828582079268259e-02,6.260831074387670503e-01,-1.280984956358212183e-02,2.678885390116457141e-03,-5.069898874246182158e-03,8.109415976661475027e-04
2.787500000000000089e+00,6.415975538434534053e-01,-2.709286763016580113e-02,2.493418719766955782e-02,6.260032757809859127e-01,-1.273635136541926074e-02,2.647387195878652885e-03,-5.009645021835232477e-03,8.014669096976649891e-04
2.793750000000000178e+00,6.414287094825388280e-01,-2.693747709733852053e-02,2.479092176453130680e-02,6.259239021687490467e-01,-1.266327458399145803e-02,2.616263314950721067e-03,-4.950117122667988152e-03,7.921038764087727588e-04
2.800000000000000266e+00,6.412608335197018672e-01,-2.678297938246694543e-02,2.464848464087785254e-02,6.258449839757892486e-01,-1.259061679359211108e-02,2.585509237990564479e-03,-4.891306278416701799e-03,7.828511672980559321e-04
2.806250000000000355e+00,6.410939203909767903e-01,-2.662936932379186133e-02,2.450687097556692590e-02,6.257665185909565553e-01,-1.251837558258957900e-02,2.555120510921732573e-03,-4.833203702161562726e-03,7.737074679433787044e-04
2.812500000000000000e+00,6.409279645645641343e-01,-2.647664178978243951e-02,2.436607594662796791e-02,6.256885034181294269e-01,-1.244654855334417429e-02,2.525092734241608967e-03,-4.775800716959831965e-03,7.646714798041487479e-04
2.818750000000000089e+00,6.407629605406421902e-01,-2.632479167895445879e-02,2.422609476107724646e-02,6.256109358761283712e-01,-1.237513332212563863e-02,2.495421562338464693e-03,-4.719088754433884043e-03,7.557419200260604222e-04
2.825000000000000178e+00,6.405989028511805961e-01,-2.617381391968976942e-02,2.408692265473439190e-02,6.255338133986287907e-01,-1.230412751903116157e-02,2.466102702817305620e-03,-4.663059353377977702e-03,7.469175212482969577e-04
2.831250000000000266e+00,6.404357860597535979e-01,-2.602370347005680817e-02,2.394855489204010188e-02,6.254571334340751632e-01,-1.223352878790385720e-02,2.437131915834343625e-03,-4.607704158383400805e-03,7.381970314131455291e-04
2.837500000000000355e+00,6.402736047613549752e-01,-2.587445531763228265e-02,2.381098676587515076e-02,6.253808934455947766e-01,-1.216333478625176295e-02,2.408505013440018216e-03,-4.553014918481805562e-03,7.295792135780041886e-04
2.843750000000000000e+00,6.401123535822146327e-01,-2.572606447932400051e-02,2.367421359738067221e-02,6.253050909109135747e-01,-1.209354318516732592e-02,2.380217858930435901e-03,-4.498983485806466037e-03,7.210628457297474803e-04
2.850000000000000089e+00,6.399520271796155235e-01,-2.557852600119475683e-02,2.353823073577962152e-02,6.252297233222706696e-01,-1.202415166924735226e-02,2.352266366207118441e-03,-4.445601814271192553e-03,7.126467206014160420e-04
2.856250000000000178e+00,6.397926202417121289e-01,-2.543183495828744631e-02,2.340303355819960476e-02,6.251547881863341871e-01,-1.195515793651350488e-02,2.324646499144966336e-03,-4.392861958266713884e-03,7.043296454912107872e-04
2.862500000000000266e+00,6.396341274873497129e-01,-2.528598645445115714e-02,2.326861746949679399e-02,6.250802830241183328e-01,-1.188655969833321557e-02,2.297354270968300465e-03,-4.340756071374227143e-03,6.961104420837481909e-04
2.868750000000000355e+00,6.394765436658849111e-01,-2.514097562216842732e-02,2.313497790208114691e-02,6.250062053708995702e-01,-1.181835467934112295e-02,2.270385743634899516e-03,-4.289276405095917601e-03,6.879879462735596571e-04
2.875000000000000000e+00,6.393198635570073174e-01,-2.499679762238359720e-02,2.300211031574280612e-02,6.249325527761340204e-01,-1.175054061736096819e-02,2.243737027227918693e-03,-4.238415307602217720e-03,6.799610079907992969e-04
2.881250000000000089e+00,6.391640819705622922e-01,-2.485344764433217168e-02,2.287001019747967462e-02,6.248593228033754166e-01,-1.168311526332796273e-02,2.217404279355577809e-03,-4.188165222495545195e-03,6.720284910291320383e-04
2.887500000000000178e+00,6.390091937463742156e-01,-2.471092090537136896e-02,2.273867306132624014e-02,6.247865130301937242e-01,-1.161607638121164507e-02,2.191383704558544192e-03,-4.138518687590356064e-03,6.641892728757815747e-04
2.893750000000000266e+00,6.388551937540717374e-01,-2.456921265081163722e-02,2.260809444818352373e-02,6.247141210480929852e-01,-1.154942174793919564e-02,2.165671553724868130e-03,-4.089468333709217994e-03,6.564422445436989039e-04
2.900000000000000355e+00,6.387020768929133618e-01,-2.442831815374927121e-02,2.247826992565020790e-02,6.246421444624317143e-01,-1.148314915331919740e-02,2.140264123512407995e-03,-4.041006883494738071e-03,6.487863104058322686e-04
2.906250000000000000e+00,6.385498380916142525e-01,-2.428823271490009733e-02,2.234919508785495473e-02,6.245705808923416313e-01,-1.141725639996590130e-02,2.115157755778626202e-03,-3.993127150237116979e-03,6.412203880314707415e-04
2.912500000000000089e+00,6.383984723081744805e-01,-2.414895166243413369e-02,2.222086555528980656e-02,6.244994279706486129e-01,-1.135174130322389417e-02,2.090348837017660596e-03,-3.945822036717084105e-03,6.337434080246299051e-04
2.918750000000000178e+00,6.382479745297073848e-01,-2.401047035181139849e-02,2.209327697464483556e-02,6.244286833437928674e-01,-1.128660169109328530e-02,2.065833797804593648e-03,-3.899084534064083465e-03,6.263543138644624966e-04
2.925000000000000266e+00,6.380983397722699291e-01,-2.387278416561864139e-02,2.196642501864383076e-02,6.243583446717502206e-01,-1.122183540415529895e-02,2.041609112246795411e-03,-3.852907720629402972e-03,6.190520617476580204e-04
2.931250000000000355e+00,6.379495630806936157e-01,-2.373588851340716413e-02,2.184030538588113343e-02,6.242884096279538442e-01,-1.115744029549833524e-02,2.017671297442272596e-03,-3.807284760874123444e-03,6.118356204328128994e-04
2.937500000000000000e+00,6.378016395284165085e-01,-2.359977883153164049e-02,2.171491380065963817e-02,6.242188758992163189e-01,-1.109341423064448030e-02,1.994016912944920547e-03,-3.762208904271650573e-03,6.047039710867437327e-04
2.943750000000000089e+00,6.376545642173157002e-01,-2.346445058298989722e-02,2.159024601282980016e-02,6.241497411856516964e-01,-1.102975508747644495e-02,1.970642560236580097e-03,-3.717673484224623404e-03,5.976561071327161218e-04
2.950000000000000178e+00,6.375083322775422223e-01,-2.332989925726380864e-02,2.146629779762985676e-02,6.240810032005992269e-01,-1.096646075616497344e-02,1.947544882205841203e-03,-3.673671916996053624e-03,5.906910341005725852e-04
2.956250000000000266e+00,6.373629388673550666e-01,-2.319612037016107603e-02,2.134306495552705518e-02,6.240126596705459772e-01,-1.090352913909666856e-02,1.924720562633458476e-03,-3.630197700654437185e-03,5.838077694787245425e-04
2.962500000000000355e+00,6.372183791729578717e-01,-2.306310946365805470e-02,2.122054331205998692e-02,6.239447083350515566e-01,-1.084095815080225560e-02,1.902166325684331773e-03,-3.587244414032692095e-03,5.770053425679928620e-04
2.968750000000000000e+00,6.370746484083353867e-01,-2.293086210574354564e-02,2.109872871768200125e-02,6.238771469466716235e-01,-1.077874571788529044e-02,1.879878935405947336e-03,-3.544805715700732451e-03,5.702827943372699776e-04
2.975000000000000089e+00,6.369317418150914900e-01,-2.279937389026354122e-02,2.097761704760564561e-02,6.238099732708832779e-01,-1.071688977895127355e-02,1.857855195233189694e-03,-3.502875342951462714e-03,5.636391772809792866e-04
2.981250000000000178e+00,6.367896546622884291e-01,-2.266864043676701176e-02,2.085720420164824743e-02,6.237431850860096771e-01,-1.065538828453723233e-02,1.836091947499468623e-03,-3.461447110800069948e-03,5.570735552783140495e-04
2.987500000000000266e+00,6.366483822462860598e-01,-2.253865739035256985e-02,2.073748610407844320e-02,6.236767801831465396e-01,-1.059423919704169208e-02,1.814586072954040138e-03,-3.420514910996364649e-03,5.505850034542257576e-04
2.993750000000000355e+00,6.365079198905829738e-01,-2.240942042151613384e-02,2.061845870346379686e-02,6.236107563660870934e-01,-1.053344049065508409e-02,1.793334490285470153e-03,-3.380072711050045690e-03,5.441726080421451645e-04
3.000000000000000000e+00,6.363682629456581807e-01,-2.228092522599954897e-02,2.050011797251945905e-02,6.235451114512496895e-01,-1.047299015129057702e-02,1.772334155651148846e-03,-3.340114553268696412e-03,5.378354662484124537e-04
3.006250000000000089e+00,6.362294067888140114e-01,-2.215316752464008623e-02,2.038245990795780130e-02,6.234798432676040836e-01,-1.041288617651529858e-02,1.751582062212772486e-03,-3.300634553808324493e-03,5.315726861183920401e-04
3.012500000000000178e+00,6.360913468240191326e-01,-2.202614306322099938e-02,2.026548053033913957e-02,6.234149496565989379e-01,-1.035312657548202904e-02,1.731075239677733928e-03,-3.261626901736325041e-03,5.253833864042576924e-04
3.018750000000000266e+00,6.359540784817538928e-01,-2.189984761232288343e-02,2.014917588392339115e-02,6.233504284720898792e-01,-1.029370936886123654e-02,1.710810753846315991e-03,-3.223085858106634460e-03,5.192666964344166448e-04
3.025000000000000355e+00,6.358175972188552239e-01,-2.177427696717603584e-02,2.003354203652277579e-02,6.232862775802672228e-01,-1.023463258877358069e-02,1.690785706164637386e-03,-3.185005755046962320e-03,5.132217559845612042e-04
3.031250000000000000e+00,6.356818985183632087e-01,-2.164942694751371965e-02,1.991857507935550220e-02,6.232224948595852521e-01,-1.017589427872278227e-02,1.670997233283263387e-03,-3.147380994857916937e-03,5.072477151503209649e-04
3.037500000000000089e+00,6.355469778893685362e-01,-2.152529339742628722e-02,1.980427112690039473e-02,6.231590782006907192e-01,-1.011749249352890574e-02,1.651442506621404478e-03,-3.110206049123854632e-03,5.013437342214967663e-04
3.043750000000000178e+00,6.354128308668602898e-01,-2.140187218521631338e-02,1.969062631675259217e-02,6.230960255063526798e-01,-1.005942529926207030e-02,1.632118731936649204e-03,-3.073475457835336908e-03,4.955089835578609971e-04
3.050000000000000266e+00,6.352794530115757343e-01,-2.127915920325453361e-02,1.957763680948011731e-02,6.230333346913922155e-01,-1.000169077317652512e-02,1.613023148900133647e-03,-3.037183828522982583e-03,4.897426434664954066e-04
3.056250000000000355e+00,6.351468399098496587e-01,-2.115715036783670858e-02,1.946529878848146308e-02,6.229710036826127117e-01,-9.944287003645137582e-03,1.594153030677093524e-03,-3.001325835402601262e-03,4.840439040806546059e-04
3.062500000000000000e+00,6.350149871734659390e-01,-2.103584161904139410e-02,1.935360845984412936e-02,6.229090304187309135e-01,-9.887212090094273445e-03,1.575505683512725850e-03,-2.965896218531450731e-03,4.784119652401327603e-04
3.068750000000000089e+00,6.348838904395088800e-01,-2.091522892058853000e-02,1.924256205220405483e-02,6.228474128503075358e-01,-9.830464142939051783e-03,1.557078446323282954e-03,-2.930889782975443485e-03,4.728460363731126575e-04
3.075000000000000178e+00,6.347535453702157771e-01,-2.079530825969901769e-02,1.913215581660608969e-02,6.227861489396790962e-01,-9.774041283519035311e-03,1.538868690292350717e-03,-2.896301397987208291e-03,4.673453363794844665e-04
3.081250000000000266e+00,6.346239476528309220e-01,-2.067607564695504371e-02,1.902238602636531148e-02,6.227252366608896361e-01,-9.717941644034250315e-03,1.520873818472216277e-03,-2.862125996194797746e-03,4.619090935156072979e-04
3.087500000000000355e+00,6.344950929994600530e-01,-2.055752711616134695e-02,1.891324897692929149e-02,6.226646739996234414e-01,-9.662163367481621176e-03,1.503091265390281385e-03,-2.828358572800945131e-03,4.565365452805016403e-04
3.093750000000000000e+00,6.343669771469250263e-01,-2.043965872420731508e-02,1.880474098574131531e-02,6.226044589531373186e-01,-9.606704607591795217e-03,1.485518496660447052e-03,-2.794994184792714415e-03,4.512269383034521811e-04
3.100000000000000089e+00,6.342395958566205971e-01,-2.032246655092990670e-02,1.869685839210443595e-02,6.225445895301938704e-01,-9.551563528766304073e-03,1.468153008599399874e-03,-2.762027950161388603e-03,4.459795282330012789e-04
3.106250000000000178e+00,6.341129449143709795e-01,-2.020594669897750675e-02,1.858959755704654715e-02,6.224850637509952156e-01,-9.496738306015162223e-03,1.450992327847753626e-03,-2.729455047132504052e-03,4.407935796273213793e-04
3.112500000000000266e+00,6.339870201302880703e-01,-2.009009529367452099e-02,1.848295486318623712e-02,6.224258796471162647e-01,-9.442227124894789908e-03,1.434034010995960916e-03,-2.697270713405836018e-03,4.356683658459411103e-04
3.118750000000000355e+00,6.338618173386300070e-01,-1.997490848288687240e-02,1.837692671459962082e-02,6.223670352614397716e-01,-9.388028181446333303e-03,1.417275644214950657e-03,-2.665470245405248285e-03,4.306031689428138371e-04
3.125000000000000000e+00,6.337373323976606132e-01,-1.986038243688829918e-02,1.827150953668800828e-02,6.223085286480903866e-01,-9.334139682134343780e-03,1.400714842891420892e-03,-2.634048997538256370e-03,4.255972795607092696e-04
3.131250000000000089e+00,6.336135611895097330e-01,-1.974651334822746102e-02,1.816669977604644381e-02,6.222503578723702633e-01,-9.280559843785824922e-03,1.384349251267726457e-03,-2.603002381465167273e-03,4.206499968269105023e-04
3.137500000000000178e+00,6.334904996200346750e-01,-1.963329743159593008e-02,1.806249390033318539e-02,6.221925210106937776e-01,-9.227286893529657724e-03,1.368176542086314449e-03,-2.572325865377699059e-03,4.157606282502041830e-04
3.143750000000000266e+00,6.333681436186818781e-01,-1.952073092369693147e-02,1.795888839813997162e-02,6.221350161505240228e-01,-9.174319068736370986e-03,1.352194416238629206e-03,-2.542014973286910260e-03,4.109284896191416373e-04
3.150000000000000355e+00,6.332464891383500216e-01,-1.940881008311489894e-02,1.785587977886316999e-02,6.220778413903084170e-01,-9.121654616958286416e-03,1.336400602418442995e-03,-2.512065284320348472e-03,4.061529049015586432e-04
3.156250000000000000e+00,6.331255321552538007e-01,-1.929753119018587024e-02,1.775346457257582361e-02,6.220209948394156418e-01,-9.069291795870012413e-03,1.320792856779551706e-03,-2.482472432028284132e-03,4.014332061453379724e-04
3.162500000000000089e+00,6.330052686687879238e-01,-1.918689054686861795e-02,1.765163932990043705e-02,6.219644746180724715e-01,-9.017228873209281320e-03,1.305368962597773953e-03,-2.453232103698896761e-03,3.967687333803958339e-04
3.168750000000000178e+00,6.328856947013926648e-01,-1.907688447661666856e-02,1.755040062188274741e-02,6.219082788573010445e-01,-8.965464126718189139e-03,1.290126729937211532e-03,-2.424340039682326958e-03,3.921588345218824604e-04
3.175000000000000266e+00,6.327668062984197483e-01,-1.896750932425099803e-02,1.744974503986619283e-02,6.218524056988563586e-01,-8.913995844084726672e-03,1.275063995320698364e-03,-2.395792032723435393e-03,3.876028652745747215e-04
3.181250000000000355e+00,6.326485995279997887e-01,-1.885876145583358435e-02,1.734966919536728991e-02,6.217968532951645422e-01,-8.862822322884697512e-03,1.260178621404397159e-03,-2.367583927303180350e-03,3.831001890384509506e-04
3.187500000000000000e+00,6.325310704809088413e-01,-1.875063725854171637e-02,1.725016971995180573e-02,6.217416198092610147e-01,-8.811941870523972570e-03,1.245468496656484828e-03,-2.339711618988494102e-03,3.786501768154308559e-04
3.193750000000000089e+00,6.324142152704379516e-01,-1.864313314054304518e-02,1.715124326511172081e-02,6.216867034147295357e-01,-8.761352804181079396e-03,1.230931535039872212e-03,-2.312171053790531075e-03,3.742522071172649017e-04
3.200000000000000178e+00,6.322980300322614822e-01,-1.853624553087146118e-02,1.705288650214306992e-02,6.216321022956410314e-01,-8.711053450750162741e-03,1.216565675698916922e-03,-2.284958227531207545e-03,3.699056658745626452e-04
3.206250000000000266e+00,6.321825109243077723e-01,-1.842997087930367886e-02,1.695509612202450792e-02,6.215778146464929765e-01,-8.661042146784253895e-03,1.202368882650060129e-03,-2.258069185217884134e-03,3.656099463469403483e-04
3.212500000000000355e+00,6.320676541266292414e-01,-1.832430565623660926e-02,1.685786883529671876e-02,6.215238386721495534e-01,-8.611317238438902580e-03,1.188339144476352601e-03,-2.231500020426110432e-03,3.613644490342772953e-04
3.218750000000000000e+00,6.319534558412744918e-01,-1.821924635256545744e-02,1.676120137194260507e-02,6.214701725877813665e-01,-8.561877081416122831e-03,1.174474474025811880e-03,-2.205246874690318555e-03,3.571685815890666667e-04
3.225000000000000089e+00,6.318399122921600775e-01,-1.811478947956257982e-02,1.666509048126822712e-02,6.214168146188066011e-01,-8.512720040908691027e-03,1.160772908113558979e-03,-2.179305936902347675e-03,3.530217587298441640e-04
3.231250000000000178e+00,6.317270197249438279e-01,-1.801093156875711171e-02,1.656953293178461614e-02,6.213637630008309598e-01,-8.463844491544776985e-03,1.147232507227700362e-03,-2.153673442717722770e-03,3.489234021556867965e-04
3.237500000000000266e+00,6.316147744068985048e-01,-1.790766917181527140e-02,1.647452551109024679e-02,6.213110159795898202e-01,-8.415248817332892511e-03,1.133851355238886006e-03,-2.128345673969551412e-03,3.448729404617610129e-04
3.243750000000000355e+00,6.315031726267863466e-01,-1.780499886042145180e-02,1.638006502575434925e-02,6.212585718108890598e-01,-8.366931411607176489e-03,1.120627559113512991e-03,-2.103318958089966158e-03,3.408698090559128058e-04
3.250000000000000000e+00,6.313922106947342794e-01,-1.770291722616000943e-02,1.628614830120097418e-02,6.212064287605474355e-01,-8.318890676973004356e-03,1.107559248630520399e-03,-2.078589667538993310e-03,3.369134500762838505e-04
3.256250000000000089e+00,6.312818849421100165e-01,-1.760142088039775773e-02,1.619277218159377238e-02,6.211545851043382971e-01,-8.271125025252913307e-03,1.094644576101727607e-03,-2.054154219240758236e-03,3.330033123099406141e-04
3.262500000000000178e+00,6.311721917213986011e-01,-1.750050645416724449e-02,1.609993352972158981e-02,6.211030391279327434e-01,-8.223632877432877908e-03,1.081881716095681699e-03,-2.030009074026937945e-03,3.291388511125067310e-04
3.268750000000000266e+00,6.310631274060801710e-01,-1.740017059805067448e-02,1.600762922688477030e-02,6.210517891268420021e-01,-8.176412663608864997e-03,1.069268865164952438e-03,-2.006150736087346838e-03,3.253195283287818400e-04
3.275000000000000355e+00,6.309546883905077230e-01,-1.730040998206457473e-02,1.591585617278218692e-02,6.210008334063610302e-01,-8.129462822933739008e-03,1.056804241576843328e-03,-1.982575752427572380e-03,3.215448122143370704e-04
3.281250000000000000e+00,6.308468710897863208e-01,-1.720122129554514656e-02,1.582461128539905740e-02,6.209501702815117818e-01,-8.082781803564472595e-03,1.044486085047470437e-03,-1.959280712333572646e-03,3.178141773580747632e-04
3.287500000000000089e+00,6.307396719396525242e-01,-1.710260124703432555e-02,1.573389150089540486e-02,6.208997980769872527e-01,-8.036368062609652169e-03,1.032312656479162337e-03,-1.936262246843124509e-03,3.141271046057387130e-04
3.293750000000000178e+00,6.306330873963549299e-01,-1.700454656416654567e-02,1.564369377349535475e-02,6.208497151270957470e-01,-7.990220066077344252e-03,1.020282237701149956e-03,-1.913517028224065225e-03,3.104830809843663639e-04
3.300000000000000266e+00,6.305271139365349331e-01,-1.690705399355617658e-02,1.555401507537705966e-02,6.207999197757051446e-01,-7.944336288823218573e-03,1.008393131213488432e-03,-1.891041769459197303e-03,3.068815996276669689e-04
3.306250000000000355e+00,6.304217480571084886e-01,-1.681012030068565130e-02,1.546485239656336663e-02,6.207504103761883885e-01,-7.898715214499014634e-03,9.966436599341823525e-04,-1.868833223737800505e-03,3.033221597023166589e-04
3.312500000000000000e+00,6.303169862751488717e-01,-1.671374226979428432e-02,1.537620274481321485e-02,6.207011852913677519e-01,-7.853355335501296247e-03,9.850321669494673232e-04,-1.846888183953650578e-03,2.998042663351592539e-04
3.318750000000000089e+00,6.302128251277692161e-01,-1.661791670376773847e-02,1.528806314551368895e-02,6.206522428934612146e-01,-7.808255152920515717e-03,9.735570152672066643e-04,-1.825203482209454510e-03,2.963274305412985058e-04
3.325000000000000178e+00,6.301092611720069403e-01,-1.652264042402821001e-02,1.520043064157283394e-02,6.206035815640275066e-01,-7.763413176490393738e-03,9.622165875733713642e-04,-1.803775989327637691e-03,2.928911691530757542e-04
3.331250000000000266e+00,6.300062909847076176e-01,-1.642791027042524166e-02,1.511330229331310504e-02,6.205551996939131509e-01,-7.718827924537579460e-03,9.510092859915520022e-04,-1.782602614367372832e-03,2.894950047499160830e-04
3.337500000000000355e+00,6.299039111624108456e-01,-1.633372310112721909e-02,1.502667517836554258e-02,6.205070956831979512e-01,-7.674497923931621057e-03,9.399335318454727197e-04,-1.761680304147787745e-03,2.861384655890363091e-04
3.343750000000000000e+00,6.298021183212353380e-01,-1.624007579251352321e-02,1.494054639156461653e-02,6.204592679411423672e-01,-7.630421710035232077e-03,9.289877654244661472e-04,-1.741006042777265258e-03,2.828210855370023348e-04
3.350000000000000089e+00,6.297009090967660150e-01,-1.614696523906730685e-02,1.485491304484373026e-02,6.204117148861346687e-01,-7.586597826654844015e-03,9.181704457518681962e-04,-1.720576851188746577e-03,2.795424040021242634e-04
3.356250000000000178e+00,6.296002801439409824e-01,-1.605438835326900363e-02,1.476977226713145283e-02,6.203644349456376439e-01,-7.543024825991475474e-03,9.074800503563056108e-04,-1.700389786680982793e-03,2.763019658676828813e-04
3.362500000000000266e+00,6.295002281369391772e-01,-1.596234206549039178e-02,1.468512120424836538e-02,6.203174265561369749e-01,-7.499701268591865005e-03,8.969150750458249966e-04,-1.680441942465625690e-03,2.730993214259711346e-04
3.368750000000000355e+00,6.294007497690693453e-01,-1.587082332388934855e-02,1.460095701880459625e-02,6.202706881630890567e-01,-7.456625723299914466e-03,8.864740336848381730e-04,-1.660730447220102766e-03,2.699340263131453418e-04
3.375000000000000000e+00,6.293018417526587971e-01,-1.577982909430524286e-02,1.451727689009801696e-02,6.202242182208689281e-01,-7.413796767208409924e-03,8.761554579738440587e-04,-1.641252464646196247e-03,2.668056414448735669e-04
3.381250000000000089e+00,6.292035008189432732e-01,-1.568935636015492824e-02,1.443407801401306277e-02,6.201780151927194229e-01,-7.371212985611022735e-03,8.659578972318888188e-04,-1.622005193034239783e-03,2.637137329527715021e-04
3.387500000000000178e+00,6.291057237179575878e-01,-1.559940212232943137e-02,1.435135760292026615e-02,6.201320775506996563e-01,-7.328872971954619384e-03,8.558799181817385764e-04,-1.602985864832884473e-03,2.606578721216177294e-04
3.393750000000000266e+00,6.290085072184269377e-01,-1.550996339909119399e-02,1.426911288557637311e-02,6.200864037756342872e-01,-7.286775327791831548e-03,8.459201047377176361e-04,-1.584191746224330143e-03,2.576376353273357846e-04
3.400000000000000355e+00,6.289118481076577671e-01,-1.542103722597197926e-02,1.418734110702512576e-02,6.200409923570631143e-01,-7.244918662733911517e-03,8.360770577961876065e-04,-1.565620136704972852e-03,2.546526039757351619e-04
3.406250000000000000e+00,6.288157431914311868e-01,-1.533262065567139384e-02,1.410603952849869176e-02,6.199958417931908938e-01,-7.203301594403875574e-03,8.263493950286308854e-04,-1.547268368671391239e-03,2.517023644420026958e-04
3.412500000000000089e+00,6.287201892938953929e-01,-1.524471075795599644e-02,1.402520542731968377e-02,6.199509505908372686e-01,-7.161922748389905856e-03,8.167357506773022940e-04,-1.529133807011592546e-03,2.487865080109314168e-04
3.418750000000000178e+00,6.286251832574596410e-01,-1.515730461955906022e-02,1.394483609680387606e-02,6.199063172653871412e-01,-7.120780758199061859e-03,8.072347753534246835e-04,-1.511213848701472781e-03,2.459046308178834120e-04
3.425000000000000266e+00,6.285307219426879977e-01,-1.507039934408090955e-02,1.386492884616347641e-02,6.198619403407412687e-01,-7.079874265211228736e-03,7.978451358378855791e-04,-1.493505922406393460e-03,2.430563337904711324e-04
3.431250000000000355e+00,6.284368022281948685e-01,-1.498399205188986200e-02,1.378548100041105187e-02,6.198178183492676352e-01,-7.039201918633364828e-03,7.885655148844097082e-04,-1.476007488087830886e-03,2.402412225909529998e-04
3.437500000000000000e+00,6.283434210105400819e-01,-1.489807988002378632e-02,1.370648990026406347e-02,6.197739498317519358e-01,-6.998762375454003343e-03,7.793946110251757540e-04,-1.458716036615021437e-03,2.374589075593322538e-04
3.443750000000000089e+00,6.282505752041253055e-01,-1.481265998209221717e-02,1.362795290204998552e-02,6.197303333373498369e-01,-6.958554300398028976e-03,7.703311383788405799e-04,-1.441629089381535203e-03,2.347090036571498244e-04
3.450000000000000178e+00,6.281582617410903513e-01,-1.472772952817913081e-02,1.354986737761208933e-02,6.196869674235382375e-01,-6.918576365881732963e-03,7.613738264609517343e-04,-1.424744197926727882e-03,2.319911304119655912e-04
3.456250000000000266e+00,6.280664775712109238e-01,-1.464328570474622560e-02,1.347223071421576115e-02,6.196438506560674186e-01,-6.878827251968112726e-03,7.525214199967042179e-04,-1.408058943561988968e-03,2.293049118625150467e-04
3.462500000000000355e+00,6.279752196617965909e-01,-1.455932571453684432e-02,1.339504031445545688e-02,6.196009816089137479e-01,-6.839305646322456009e-03,7.437726787360212375e-04,-1.391570937001734192e-03,2.266499765045365382e-04
3.468750000000000000e+00,6.278844849975886433e-01,-1.447584677648046034e-02,1.331829359616224298e-02,6.195583588642317174e-01,-6.800010244168175691e-03,7.351263772709273978e-04,-1.375277817999080200e-03,2.240259572372593311e-04
3.475000000000000089e+00,6.277942705806602852e-01,-1.439284612559770492e-02,1.324198799231190299e-02,6.195159810123076483e-01,-6.760939748242898728e-03,7.265813048551799606e-04,-1.359177254986134245e-03,2.214324913105433323e-04
3.481250000000000178e+00,6.277045734303154934e-01,-1.431032101290604167e-02,1.316612095093367893e-02,6.194738466515118391e-01,-6.722092868754841327e-03,7.181362652261417999e-04,-1.343266944718850752e-03,2.188692202726654585e-04
3.487500000000000266e+00,6.276153905829897628e-01,-1.422826870532593879e-02,1.309068993501953486e-02,6.194319543882528256e-01,-6.683468323339417441e-03,7.097900764288530119e-04,-1.327544611926380173e-03,2.163357899187407776e-04
3.493750000000000355e+00,6.275267190921506311e-01,-1.414668648558764334e-02,1.301569242243403798e-02,6.193903028369308617e-01,-6.645064837016108339e-03,7.015415706422825290e-04,-1.312008008964862197e-03,2.138318502397730026e-04
3.500000000000000000e+00,6.274385560281997565e-01,-1.406557165213850880e-02,1.294112590582479662e-02,6.193488906198919564e-01,-6.606881142145595853e-03,6.933895940077312251e-04,-1.296654915475603260e-03,2.113570553723260982e-04
3.506250000000000089e+00,6.273508984783745523e-01,-1.398492151905085870e-02,1.286698789253344632e-02,6.193077163673815777e-01,-6.568915978387131552e-03,6.853330064593538776e-04,-1.281483138047575686e-03,2.089110635488081354e-04
3.512500000000000178e+00,6.272637435466505984e-01,-1.390473341593046266e-02,1.279327590450725881e-02,6.192667787175001326e-01,-6.531168092656183463e-03,6.773706815567832884e-04,-1.266490509884195953e-03,2.064935370483623003e-04
3.518750000000000266e+00,6.271770883536453844e-01,-1.382500468782549806e-02,1.271998747821124522e-02,6.192260763161570036e-01,-6.493636239082310052e-03,6.695015063198181838e-04,-1.251674890474309887e-03,2.041041421483543491e-04
3.525000000000000355e+00,6.270909300365219430e-01,-1.374573269513609461e-02,1.264712016454085271e-02,6.191856078170258071e-01,-6.456319178967289199e-03,6.617243810651571127e-04,-1.237034165267339664e-03,2.017425490764515497e-04
3.531250000000000000e+00,6.270052657488928149e-01,-1.366691481352442540e-02,1.257467152873521614e-02,6.191453718814998730e-01,-6.419215680743502184e-03,6.540382192451496112e-04,-1.222566245352540168e-03,1.994084319632846529e-04
3.537500000000000089e+00,6.269200926607252367e-01,-1.358854843382530271e-02,1.250263915029091628e-02,6.191053671786476142e-01,-6.382324519932545785e-03,6.464419472885372031e-04,-1.208269067142300280e-03,1.971014687956854940e-04
3.543750000000000178e+00,6.268354079582466598e-01,-1.351063096195736536e-02,1.243102062287635388e-02,6.190655923851681175e-01,-6.345644479104111529e-03,6.389345044431661309e-04,-1.194140592059455500e-03,1.948213413704947758e-04
3.550000000000000266e+00,6.267512088438504936e-01,-1.343315981883475875e-02,1.235981355424660248e-02,6.190260461853477336e-01,-6.309174347835088716e-03,6.315148426206366886e-04,-1.180178806228539268e-03,1.925677352489302491e-04
3.556250000000000355e+00,6.266674925360029569e-01,-1.335613244027935957e-02,1.228901556615882677e-02,6.189867272710163348e-01,-6.272912922668918111e-03,6.241819262428731103e-04,-1.166381720170935228e-03,1.903403397115106279e-04
3.562500000000000000e+00,6.265842562691499307e-01,-1.327954627693352617e-02,1.221862429428823699e-02,6.189476343415034609e-01,-6.236859007075179831e-03,6.169347320905858249e-04,-1.152747368503876909e-03,1.881388477135274059e-04
3.568750000000000089e+00,6.265014972936246984e-01,-1.320339879417335542e-02,1.214863738814453940e-02,6.189087661035953536e-01,-6.201011411409418882e-03,6.097722491536019000e-04,-1.139273809643238412e-03,1.859629558410571756e-04
3.575000000000000178e+00,6.264192128755561306e-01,-1.312768747202251209e-02,1.207905251098898188e-02,6.188701212714923239e-01,-6.165368952873217893e-03,6.026934784830448094e-04,-1.125959125510083390e-03,1.838123642675101388e-04
3.581250000000000266e+00,6.263374002967773135e-01,-1.305240980506650744e-02,1.200986733975184517e-02,6.188316985667660086e-01,-6.129930455474491904e-03,5.956974330453327325e-04,-1.112801421240902254e-03,1.816867767107047810e-04
3.587500000000000355e+00,6.262560568547351769e-01,-1.297756330236754171e-02,1.194107956495050853e-02,6.187934967183164048e-01,-6.094694749988026870e-03,5.887831375779787983e-04,-1.099798824901507266e-03,1.795859003904648054e-04
3.593750000000000000e+00,6.261751798623995668e-01,-1.290314548737983916e-02,1.187268689060800610e-02,6.187555144623304582e-01,-6.059660673916242822e-03,5.819496284471674689e-04,-1.086949487204528705e-03,1.775094459867310908e-04
3.600000000000000089e+00,6.260947666481744278e-01,-1.282915389786546539e-02,1.180468703417208304e-02,6.187177505422396528e-01,-6.024827071450186006e-03,5.751959535070840781e-04,-1.074251581230467644e-03,1.754571275981812182e-04
3.606250000000000178e+00,6.260148145558077637e-01,-1.275558608581071549e-02,1.173707772643480668e-02,6.186802037086785999e-01,-5.990192793430770823e-03,5.685211719609808284e-04,-1.061703302152265660e-03,1.734286627013530971e-04
3.612500000000000266e+00,6.259353209443038191e-01,-1.268243961734293219e-02,1.166985671145264088e-02,6.186428727194434041e-01,-5.955756697310222135e-03,5.619243542239487797e-04,-1.049302866963333159e-03,1.714237721102627988e-04
3.618750000000000355e+00,6.258562831878343724e-01,-1.260971207264786551e-02,1.160302174646702517e-02,6.186057563394504744e-01,-5.921517647113764757e-03,5.554045817873813021e-04,-1.037048514209005070e-03,1.694421799365134244e-04
3.625000000000000000e+00,6.257776986756512505e-01,-1.253740104588751264e-02,1.153657060182548127e-02,6.185688533406956680e-01,-5.887474513401528935e-03,5.489609470851058992e-04,-1.024938503721370365e-03,1.674836135498874729e-04
3.631250000000000089e+00,6.256995648119995090e-01,-1.246550414511842647e-02,1.147050106090316546e-02,6.185321625022136560e-01,-5.853626173230675259e-03,5.425925533611593559e-04,-1.012971116357434202e-03,1.655478035394168819e-04
3.637500000000000178e+00,6.256218790160303911e-01,-1.239401899221057902e-02,1.140481092002497594e-02,6.184956826100369565e-01,-5.819971510117761572e-03,5.362985145391951534e-04,-1.001144653740576682e-03,1.636344836749259967e-04
3.643750000000000266e+00,6.255446387217158399e-01,-1.232294322276663613e-02,1.133949798838809232e-02,6.184594124571564100e-01,-5.786509414001311975e-03,5.300779550934907325e-04,-9.894574380052533879e-04,1.617433908690396355e-04
3.650000000000000355e+00,6.254678413777622348e-01,-1.225227448604175942e-02,1.127456008798502843e-02,6.184233508434805460e-01,-5.753238781204611345e-03,5.239300099215434383e-04,-9.779078115449042763e-04,1.598742651396522119e-04
3.656250000000000000e+00,6.253914844475257917e-01,-1.218201044486387150e-02,1.120999505352716051e-02,6.183874965757961695e-01,-5.720158514398727100e-03,5.178538242182318362e-04,-9.664941367630306215e-04,1.580268495728514623e-04
3.662500000000000089e+00,6.253155654089278537e-01,-1.211214877555438947e-02,1.114580073236872033e-02,6.183518484677282823e-01,-5.687267522565726124e-03,5.118485533515207148e-04,-9.552147958273886005e-04,1.562008902862908172e-04
3.668750000000000178e+00,6.252400817543708467e-01,-1.204268716784946854e-02,1.108197498443129654e-02,6.183164053397016691e-01,-5.654564720962140627e-03,5.059133627396973079e-04,-9.440681904272781684e-04,1.543961363930066745e-04
3.675000000000000266e+00,6.251650309906544578e-01,-1.197362332482166877e-02,1.101851568212877316e-02,6.182811660189007075e-01,-5.622049031082619608e-03,5.000474277301104366e-04,-9.330527415338666156e-04,1.526123399656723891e-04
3.681250000000000355e+00,6.250904106388929238e-01,-1.190495496280212333e-02,1.095542071029275560e-02,6.182461293392315094e-01,-5.589719380623811053e-03,4.942499334794003222e-04,-9.221668891635216537e-04,1.508492560012856458e-04
3.687500000000000000e+00,6.250162182344319861e-01,-1.183667981130315759e-02,1.089268796609845630e-02,6.182112941412823970e-01,-5.557574703448445348e-03,4.885200748351984680e-04,-9.114090921441115288e-04,1.491066423862833596e-04
3.693750000000000089e+00,6.249424513267670678e-01,-1.176879561294135595e-02,1.083031535899103143e-02,6.181766592722862663e-01,-5.525613939549633806e-03,4.828570562192766318e-04,-9.007778278842292277e-04,1.473842598620780063e-04
3.700000000000000178e+00,6.248691074794613387e-01,-1.170130012336113509e-02,1.076830081061240681e-02,6.181422235860816183e-01,-5.493836035015384027e-03,4.772600915121336671e-04,-8.902715921453155162e-04,1.456818719910121015e-04
3.706250000000000266e+00,6.247961842700648916e-01,-1.163419111115871450e-02,1.070664225472853226e-02,6.181079859430751444e-01,-5.462239941993312156e-03,4.717284039389930202e-04,-8.798888988166283327e-04,1.439992451227232952e-04
3.712500000000000355e+00,6.247236792900336955e-01,-1.156746635780658145e-02,1.064533763715709916e-02,6.180739452102036458e-01,-5.430824618655569376e-03,4.662612259572003113e-04,-8.696282796930325174e-04,1.423361483609167464e-04
3.718750000000000000e+00,6.246515901446494379e-01,-1.150112365757839129e-02,1.058438491569570726e-02,6.180401002608969518e-01,-5.399589029163971363e-03,4.608577991450006715e-04,-8.594882842555707364e-04,1.406923535305393573e-04
3.725000000000000089e+00,6.245799144529398106e-01,-1.143516081747429809e-02,1.052378206005046349e-02,6.180064499750397289e-01,-5.368532143635325500e-03,4.555173740916773498e-04,-8.494674794547766791e-04,1.390676351453500395e-04
3.731250000000000178e+00,6.245086498475992398e-01,-1.136957565714678126e-02,1.046352705176506644e-02,6.179729932389352864e-01,-5.337652938106985344e-03,4.502392102890396641e-04,-8.395644494967041812e-04,1.374617703758832475e-04
3.737500000000000266e+00,6.244377939749099493e-01,-1.130436600882685216e-02,1.040361788415028119e-02,6.179397289452682740e-01,-5.306950394502577689e-03,4.450225760242360637e-04,-8.297777956316259793e-04,1.358745390177982170e-04
3.743750000000000355e+00,6.243673444946634676e-01,-1.123952971725074648e-02,1.034405256221388424e-02,6.179066559930677105e-01,-5.276423500597945612e-03,4.398667482738818414e-04,-8.201061359453765088e-04,1.343057234606113330e-04
3.750000000000000000e+00,6.242972990800830235e-01,-1.117506463958703108e-02,1.028482910259103517e-02,6.178737732876710131e-01,-5.246071249987296209e-03,4.347710125994820878e-04,-8.105481051533013417e-04,1.327551086568059093e-04
3.756250000000000089e+00,6.242276554177458303e-01,-1.111096864536413598e-02,1.022594553347506291e-02,6.178410797406878041e-01,-5.215892642049527010e-03,4.297346630441334619e-04,-8.011023543967781338e-04,1.312224820913146614e-04
3.762500000000000178e+00,6.241584112075060364e-01,-1.104723961639835460e-02,1.016739989454872213e-02,6.178085742699630512e-01,-5.185886681914777911e-03,4.247570020304925267e-04,-7.917675510422847972e-04,1.297076337513714331e-04
3.768750000000000266e+00,6.240895641624183421e-01,-1.098387544672223270e-02,1.010919023691583644e-02,6.177762557995420956e-01,-5.156052380431152236e-03,4.198373402599889660e-04,-7.825423784829692525e-04,1.282103560967258850e-04
3.775000000000000355e+00,6.240211120086617269e-01,-1.092087404251340481e-02,1.005131462303337879e-02,6.177441232596347920e-01,-5.126388754131650308e-03,4.149749966132729477e-04,-7.734255359426989683e-04,1.267304440302181401e-04
3.781250000000000000e+00,6.239530524854636218e-01,-1.085823332202384868e-02,9.993771126643982011e-03,6.177121755865797592e-01,-5.096894825201292098e-03,4.101692980518792885e-04,-7.644157382825550505e-04,1.252676948687083140e-04
3.787500000000000089e+00,6.238853833450249686e-01,-1.079595121550954578e-02,9.936557832708838023e-03,6.176804117228095192e-01,-5.067569621444421163e-03,4.054195795210920462e-04,-7.555117158097368396e-04,1.238219083143562982e-04
3.793750000000000178e+00,6.238181023524453916e-01,-1.073402566516059968e-02,9.879672837341060138e-03,6.176488306168151921e-01,-5.038412176252223679e-03,4.007251838539991327e-04,-7.467122140888556546e-04,1.223928864262489749e-04
3.800000000000000266e+00,6.237512072856485901e-01,-1.067245462503172392e-02,9.823114247739413163e-03,6.176174312231119679e-01,-5.009421528570418350e-03,3.960854616767159678e-04,-7.380159937555734505e-04,1.209804335923682513e-04
3.806250000000000355e+00,6.236846959353083975e-01,-1.061123606097317054e-02,9.766880182122468501e-03,6.175862125022044680e-01,-4.980596722867138004e-03,3.914997713147677660e-04,-7.294218303325676308e-04,1.195843565018978526e-04
3.812500000000000000e+00,6.236185661047756179e-01,-1.055036795056206282e-02,9.710968769663177319e-03,6.175551734205517729e-01,-4.951936809101011548e-03,3.869674787006153311e-04,-7.209285140477884055e-04,1.182044641178636431e-04
3.818750000000000089e+00,6.235528156100047514e-01,-1.048984828303411478e-02,9.655378150423820152e-03,6.175243129505341155e-01,-4.923440842689409853e-03,3.824879572823078788e-04,-7.125348496549757356e-04,1.168405676501032186e-04
3.825000000000000178e+00,6.234874422794809412e-01,-1.042967505921580870e-02,9.600106475291393660e-03,6.174936300704182424e-01,-4.895107884476906750e-03,3.780605879332536723e-04,-7.042396562564175394e-04,1.154924805285621704e-04
3.831250000000000266e+00,6.234224439541486973e-01,-1.036984629145691096e-02,9.545151905913370344e-03,6.174631237643235515e-01,-4.866937000703901346e-03,3.736847588630885742e-04,-6.960417671279069867e-04,1.141600183769108377e-04
3.837500000000000355e+00,6.233578184873390660e-01,-1.031036000356344053e-02,9.490512614633857258e-03,6.174327930221888971e-01,-4.838927262975432041e-03,3.693598655296333557e-04,-6.879400295458810988e-04,1.128429989864795322e-04
3.843750000000000000e+00,6.232935637446987975e-01,-1.025121423073100009e-02,9.436186784430164107e-03,6.174026368397389497e-01,-4.811077748230177011e-03,3.650853105519243102e-04,-6.799333046167096474e-04,1.115412422905073407e-04
3.850000000000000089e+00,6.232296776041192921e-01,-1.019240701947851310e-02,9.382172608849725232e-03,6.173726542184506672e-01,-4.783387538709622973e-03,3.608605036243032419e-04,-6.720204671081033429e-04,1.102545703387005618e-04
3.856250000000000178e+00,6.231661579556658781e-01,-1.013393642758237019e-02,9.328468291947467420e-03,6.173428441655206544e-01,-4.755855721927435172e-03,3.566848614315569076e-04,-6.642004052826236404e-04,1.089828072720982571e-04
3.862500000000000266e+00,6.231030027015080908e-01,-1.007580052401094682e-02,9.275072048223514248e-03,6.173132056938321899e-01,-4.728481390638986093e-03,3.525578075650881308e-04,-6.564720207332558908e-04,1.077257792982392779e-04
3.868750000000000355e+00,6.230402097558491725e-01,-1.001799738885950954e-02,9.221982102561289418e-03,6.172837378219225846e-01,-4.701263642811074131e-03,3.484787724401094814e-04,-6.488342282210282728e-04,1.064833146666285590e-04
3.875000000000000000e+00,6.229777770448575724e-01,-9.960525113285517707e-03,9.169196690166006927e-03,6.172544395739504308e-01,-4.674201581591817464e-03,3.444471932138453178e-04,-6.412859555146467995e-04,1.052552436444984104e-04
3.881250000000000089e+00,6.229157025065971132e-01,-9.903381799444294781e-03,9.116714056503525537e-03,6.172253099796637388e-01,-4.647294315280713593e-03,3.404625137047286921e-04,-6.338261432321196185e-04,1.040413984928609308e-04
3.887500000000000178e+00,6.228539840909594894e-01,-9.846565560425105459e-03,9.064532457239600494e-03,6.171963480743675179e-01,-4.620540957298894906e-03,3.365241843125846635e-04,-6.264537446843513073e-04,1.028416134428492386e-04
3.893750000000000266e+00,6.227926197595953228e-01,-9.790074520187583285e-03,9.012650158179483922e-03,6.171675528988920245e-01,-4.593940626159538632e-03,3.326316619397824540e-04,-6.191677257206739879e-04,1.016557246723421144e-04
3.900000000000000355e+00,6.227316074858465500e-01,-9.733906813498546806e-03,8.961065435207917276e-03,6.171389234995608986e-01,-4.567492445438458941e-03,3.287844099133479907e-04,-6.119670645762962866e-04,1.004835702828701282e-04
3.906250000000000000e+00,6.226709452546794754e-01,-9.678060585869197388e-03,8.909776574229475929e-03,6.171104589281598551e-01,-4.541195543744869050e-03,3.249818979080244742e-04,-6.048507517216442260e-04,9.932499027679924178e-05
3.912500000000000089e+00,6.226106310626173812e-01,-9.622533993492667428e-03,8.858781871109278061e-03,6.170821582419048212e-01,-4.515049054692308120e-03,3.212236018702669879e-04,-5.978177897135682466e-04,9.817982653478803676e-05
3.918750000000000178e+00,6.225506629176741358e-01,-9.567325203181965831e-03,8.808079631614080390e-03,6.170540205034115155e-01,-4.489052116869754645e-03,3.175090039431642075e-04,-5.908671930483980336e-04,9.704792279351661603e-05
3.925000000000000266e+00,6.224910388392880245e-01,-9.512432392308266954e-03,8.757668171353712172e-03,6.170260447806636961e-01,-4.463203873812889889e-03,3.138375923922699737e-04,-5.839979880168149002e-04,9.592912462368213800e-05
3.931250000000000355e+00,6.224317568582559135e-01,-9.457853748739575989e-03,8.707545815722871757e-03,6.169982301469826291e-01,-4.437503473975538265e-03,3.102088615323377887e-04,-5.772092125605225374e-04,9.482327940825886899e-05
3.937500000000000000e+00,6.223728150166679685e-01,-9.403587470779758636e-03,8.657710899843292646e-03,6.169705756809965580e-01,-4.411950070701275116e-03,3.066223116549453872e-04,-5.704999161306939038e-04,9.373023632101931148e-05
3.943750000000000089e+00,6.223142113678422627e-01,-9.349631767107909053e-03,8.608161768506235670e-03,6.169430804666101720e-01,-4.386542822195190622e-03,3.030774489569973505e-04,-5.638691595481675834e-04,9.264984630531272194e-05
3.950000000000000178e+00,6.222559439762607170e-01,-9.295984856718120248e-03,8.558896776115368019e-03,6.169157435929740751e-01,-4.361280891495840188e-03,2.995737854700985495e-04,-5.573160148653797351e-04,9.158196205309898543e-05
3.956250000000000266e+00,6.221980109175039297e-01,-9.242644968859570209e-03,8.509914286629971861e-03,6.168885641544551435e-01,-4.336163446447330143e-03,2.961108389907826459e-04,-5.508395652299986726e-04,9.052643798423333390e-05
3.962500000000000355e+00,6.221404102781883383e-01,-9.189610342976972310e-03,8.461212673508492974e-03,6.168615412506058826e-01,-4.311189659671589916e-03,2.926881330115890887e-04,-5.444389047502494992e-04,8.948313022599988886e-05
3.968750000000000000e+00,6.220831401559018259e-01,-9.136879228651393486e-03,8.412790319652455398e-03,6.168346739861353401e-01,-4.286358708540793407e-03,2.893051966529760848e-04,-5.381131383619036429e-04,8.845189659289072167e-05
3.975000000000000089e+00,6.220261986591409942e-01,-9.084449885541389866e-03,8.364645617350695284e-03,6.168079614708792402e-01,-4.261669775149939075e-03,2.859615645960590278e-04,-5.318613816969103075e-04,8.743259656662686707e-05
3.981250000000000178e+00,6.219695839072482135e-01,-9.032320583324532706e-03,8.316776968223960759e-03,6.167814028197702303e-01,-4.237122046289606980e-03,2.826567770161670648e-04,-5.256827609536567211e-04,8.642509127641978572e-05
3.987500000000000266e+00,6.219132940303492285e-01,-8.980489601639239650e-03,8.269182783169827522e-03,6.167549971528093478e-01,-4.212714713418853722e-03,2.793903795172032745e-04,-5.195764127688258472e-04,8.542924347946850502e-05
3.993750000000000355e+00,6.218573271692909854e-01,-8.928955230026970266e-03,8.221861482307961377e-03,6.167287435950360441e-01,-4.188446972638279996e-03,2.761619230668016251e-04,-5.135414840908400676e-04,8.444491754169094783e-05
4.000000000000000000e+00,6.218016814755800148e-01,-8.877715767874766808e-03,8.174811494925715571e-03,6.167026412765000964e-01,-4.164318024663247325e-03,2.729709639322705755e-04,-5.075771320548669828e-04,8.347197941868606051e-05
4.006249999999999645e+00,6.217463551113212583e-01,-8.826769524358107216e-03,8.128031259424045585e-03,6.166766893322321863e-01,-4.140327074797252663e-03,2.698170636173114465e-04,-5.016825238593671660e-04,8.251029663692382684e-05
4.012500000000000178e+00,6.216913462491565623e-01,-8.776114818384118943e-03,8.081519223263772603e-03,6.166508869022155892e-01,-4.116473332905458242e-03,2.666997887995052759e-04,-4.958568366441665209e-04,8.155973827516074174e-05
4.018750000000000711e+00,6.216366530722045036e-01,-8.725749978535143198e-03,8.035273842912176584e-03,6.166252331313579749e-01,-4.092756013388387099e-03,2.636187112685571500e-04,-4.900992573700353565e-04,8.062017494607818342e-05
4.025000000000000355e+00,6.215822737739999937e-01,-8.675673343012594088e-03,7.989293583789892905e-03,6.165997271694625415e-01,-4.069174335155753899e-03,2.605734078652870633e-04,-4.844089826997485348e-04,7.969147877813992982e-05
4.031250000000000000e+00,6.215282065584341042e-01,-8.625883259581147364e-03,7.943576920218135134e-03,6.165743681712008151e-01,-4.045727521600446693e-03,2.575634604213593369e-04,-4.787852188806128169e-04,7.877352339766694931e-05
4.037500000000000533e+00,6.214744496396948925e-01,-8.576378085513295182e-03,7.898122335366250871e-03,6.165491552960835620e-01,-4.022414800572680395e-03,2.545884556997434389e-04,-4.732271816284453034e-04,7.786618391112721561e-05
4.043750000000000178e+00,6.214210012422075602e-01,-8.527156187534232212e-03,7.852928321199621059e-03,6.165240877084340321e-01,-3.999235404354297731e-03,2.516479853358960170e-04,-4.677340960129825354e-04,7.696933688763753863e-05
4.049999999999999822e+00,6.213678596005760557e-01,-8.478215941766988062e-03,7.807993378427803902e-03,6.164991645773597595e-01,-3.976188569633191602e-03,2.487416457796506430e-04,-4.623051963446947747e-04,7.608286034167364325e-05
4.056250000000000355e+00,6.213150229595244545e-01,-8.429555733677972576e-03,7.763316016453059541e-03,6.164743850767252509e-01,-3.953273537477907003e-03,2.458690382378146753e-04,-4.569397260630013446e-04,7.520663371598818470e-05
4.062500000000000000e+00,6.212624895738383390e-01,-8.381173958022817769e-03,7.718894753319183524e-03,6.164497483851250070e-01,-3.930489553312393851e-03,2.430297686174602535e-04,-4.516369376258622570e-04,7.434053786473301397e-05
4.068749999999999645e+00,6.212102577083074006e-01,-8.333069018792488639e-03,7.674728115660594402e-03,6.164252536858556564e-01,-3.907835866890866511e-03,2.402234474698974193e-04,-4.463960924007227609e-04,7.348445503678226458e-05
4.075000000000000178e+00,6.211583256376674855e-01,-8.285239329159775623e-03,7.630814638651791694e-03,6.164009001668896426e-01,-3.885311732272855000e-03,2.374496899353283877e-04,-4.412164605568064221e-04,7.263826885925574574e-05
4.081250000000000711e+00,6.211066916465438625e-01,-8.237683311426078486e-03,7.587152865957104420e-03,6.163766870208481352e-01,-3.862916407798384563e-03,2.347081156881703639e-04,-4.360973209587331516e-04,7.180186432123936212e-05
4.087500000000000355e+00,6.210553540293937136e-01,-8.190399396968500723e-03,7.543741349680731928e-03,6.163526134449742733e-01,-3.840649156063294031e-03,2.319983488830375284e-04,-4.310379610614426134e-04,7.097512775769940251e-05
4.093750000000000000e+00,6.210043110904498453e-01,-8.143386026187230189e-03,7.500578650317075297e-03,6.163286786411069640e-01,-3.818509243894695551e-03,2.293200181013757110e-04,-4.260376768064101107e-04,7.015794683358920667e-05
4.100000000000000533e+00,6.209535611436649560e-01,-8.096641648453280563e-03,7.457663336701406999e-03,6.163048818156539044e-01,-3.796495942326589580e-03,2.266727562987434677e-04,-4.210957725191410701e-04,6.935021052814608245e-05
4.106250000000000178e+00,6.209031025126546810e-01,-8.050164722056520755e-03,7.414993985960833742e-03,6.162812221795660461e-01,-3.774608526575627329e-03,2.240562007527299076e-04,-4.162115608079265086e-04,6.855180911937593905e-05
4.112499999999999822e+00,6.208529335306430808e-01,-8.003953714153974955e-03,7.372569183465506500e-03,6.162576989483112833e-01,-3.752846276016981193e-03,2.214699930114982416e-04,-4.113843624638360082e-04,6.776263416872218041e-05
4.118750000000000355e+00,6.208030525404066857e-01,-7.958007100718469604e-03,7.330387522780186169e-03,6.162343113418481400e-01,-3.731208474160390819e-03,2.189137788429538849e-04,-4.066135063619455425e-04,6.698257850591862836e-05
4.125000000000000000e+00,6.207534578942198733e-01,-7.912323366487589160e-03,7.288447605616091979e-03,6.162110585846005684e-01,-3.709694408626340589e-03,2.163872081845259743e-04,-4.018983293637786347e-04,6.621153621402338558e-05
4.131249999999999645e+00,6.207041479538000228e-01,-7.866901004912867784e-03,7.246748041782993636e-03,6.161879399054321915e-01,-3.688303371122353749e-03,2.138899350935516473e-04,-3.972381762209390528e-04,6.544940261463019597e-05
4.137500000000000178e+00,6.206551210902534477e-01,-7.821738518109345312e-03,7.205287449141648676e-03,6.161649545376206571e-01,-3.667034657419449180e-03,2.114216176982621626e-04,-3.926323994799323872e-04,6.469607425325745158e-05
4.143750000000000711e+00,6.206063756840213275e-01,-7.776834416805412063e-03,7.164064453556511294e-03,6.161421017188323246e-01,-3.645887567328733470e-03,2.089819181493599097e-04,-3.880803593881552603e-04,6.395144888491125466e-05
4.150000000000000355e+00,6.205579101248257512e-01,-7.732187220292912992e-03,7.123077688848718746e-03,6.161193806910971738e-01,-3.624861404678116159e-03,2.065705025721779073e-04,-3.835814238010351986e-04,6.321542545982037991e-05
4.156250000000000000e+00,6.205097228116170927e-01,-7.687795456377557145e-03,7.082325796749348347e-03,6.160967907007840472e-01,-3.603955477289159850e-03,2.041870410194160151e-04,-3.791349680903093522e-04,6.248790410934141584e-05
4.162500000000000533e+00,6.204618121525200536e-01,-7.643657661329634166e-03,7.041807426852985871e-03,6.160743309985751148e-01,-3.583169096954078644e-03,2.018312074244486018e-04,-3.747403750534306749e-04,6.176878613203236410e-05
4.168750000000000178e+00,6.204141765647812612e-01,-7.599772379835036985e-03,7.001521236571582769e-03,6.160520008394416713e-01,-3.562501579412871450e-03,1.995026795551948595e-04,-3.703970348240854128e-04,6.105797397989237913e-05
4.174999999999999822e+00,6.203668144747174207e-01,-7.556138164946502207e-03,6.961465891088532837e-03,6.160297994826192669e-01,-3.541952244330561980e-03,1.972011389685421432e-04,-3.661043447838011901e-04,6.035537124476468031e-05
4.181250000000000355e+00,6.203197243176619136e-01,-7.512753578035204390e-03,6.921640063313085414e-03,6.160077261915836155e-01,-3.521520415274599636e-03,1.949262709653214935e-04,-3.618617094746445577e-04,5.966088264490247391e-05
4.187500000000000000e+00,6.202729045379142825e-01,-7.469617188742630476e-03,6.882042433835026604e-03,6.159857802340256150e-01,-3.501205419692387903e-03,1.926777645458250989e-04,-3.576685405129871294e-04,5.897441401169486937e-05
4.193749999999999645e+00,6.202263535886877177e-01,-7.426727574932675408e-03,6.842671690879587737e-03,6.159639608818278100e-01,-3.481006588888919864e-03,1.904553123658567237e-04,-3.535242565043227449e-04,5.829587227655020818e-05
4.200000000000000178e+00,6.201800699320584309e-01,-7.384083322644083812e-03,6.803526530262674760e-03,6.159422674110400786e-01,-3.460923258004569396e-03,1.882586106933142628e-04,-3.494282829591330557e-04,5.762516545793643270e-05
4.206250000000000711e+00,6.201340520389143629e-01,-7.341683026043159706e-03,6.764605655346361303e-03,6.159206991018554289e-01,-3.440954765993007713e-03,1.860873593652942319e-04,-3.453800522097822366e-04,5.696220264857579114e-05
4.212500000000000355e+00,6.200882983889045574e-01,-7.299525287376724264e-03,6.725907776994626344e-03,6.158992552385870178e-01,-3.421100455599236992e-03,1.839412617457116049e-04,-3.413790033284260753e-04,5.630689400279164253e-05
4.218750000000000000e+00,6.200428074703890902e-01,-7.257608716925361553e-03,6.687431613529365090e-03,6.158779351096438370e-01,-3.401359673337752375e-03,1.818200246834292548e-04,-3.374245820459258476e-04,5.565915072400593876e-05
4.225000000000000533e+00,6.199975777803885535e-01,-7.215931932956948756e-03,6.649175890686674813e-03,6.158567380075073983e-01,-3.381731769470840577e-03,1.797233584708926319e-04,-3.335162406717560261e-04,5.501888505238593339e-05
4.231250000000000178e+00,6.199526078245346516e-01,-7.174493561680476104e-03,6.611139341573422576e-03,6.158356632287083077e-01,-3.362216097987009034e-03,1.776509768032619283e-04,-3.296534380148918365e-04,5.438601025263801677e-05
4.237499999999999822e+00,6.199078961170207958e-01,-7.133292237200076699e-03,6.573320706624012459e-03,6.158147100738035062e-01,-3.342812016579513931e-03,1.756025967380331907e-04,-3.258356393056589893e-04,5.376044060194604146e-05
4.243750000000000355e+00,6.198634411805521438e-01,-7.092326601469381604e-03,6.535718733557476304e-03,6.157938778473525110e-01,-3.323518886625037409e-03,1.735779386551474868e-04,-3.220623161185437976e-04,5.314209137805392093e-05
4.250000000000000000e+00,6.198192415462978611e-01,-7.051595304246141213e-03,6.498332177334804720e-03,6.157731658578949885e-01,-3.304336073162491422e-03,1.715767262175794787e-04,-3.183329462959459547e-04,5.253087884749010309e-05
4.256249999999999645e+00,6.197752957538413821e-01,-7.011097003047062591e-03,6.461159800116504474e-03,6.157525734179275512e-01,-3.285262944871916550e-03,1.695986863323971632e-04,-3.146470138728583586e-04,5.192672025393127552e-05
4.262500000000000178e+00,6.197316023511327820e-01,-6.970830363102963403e-03,6.424200371220442976e-03,6.157320998438813309e-01,-3.266298874053529585e-03,1.676435491122919396e-04,-3.110040090024713275e-04,5.132953380670525533e-05
4.268750000000000711e+00,6.196881598944403713e-01,-6.930794057314173910e-03,6.387452667079952968e-03,6.157117444560993302e-01,-3.247443236606889928e-03,1.657110478375705743e-04,-3.074034278826846172e-04,5.073923866943054928e-05
4.275000000000000355e+00,6.196449669483030664e-01,-6.890986766206192229e-03,6.350915471202161870e-03,6.156915065788139962e-01,-3.228695412010174851e-03,1.638009189186025573e-04,-3.038447726835148276e-04,5.015575494879061946e-05
4.281250000000000000e+00,6.196020220854826510e-01,-6.851407177885586799e-03,6.314587574126568313e-03,6.156713855401247937e-01,-3.210054783299577923e-03,1.619129018587182162e-04,-3.003275514753879515e-04,4.957900368344160731e-05
4.287500000000000533e+00,6.195593238869168129e-01,-6.812053987996185070e-03,6.278467773383897971e-03,6.156513806719762227e-01,-3.191520737048833198e-03,1.600467392175537653e-04,-2.968512781583098020e-04,4.900890683305224907e-05
4.293750000000000178e+00,6.195168709416717379e-01,-6.772925899675524136e-03,6.242554873455200513e-03,6.156314913101358366e-01,-3.173092663348865607e-03,1.582021765748360253e-04,-2.934154723918998980e-04,4.844538726747410555e-05
4.299999999999999822e+00,6.194746618468961463e-01,-6.734021623511503470e-03,6.206847685731152996e-03,6.156117167941718149e-01,-3.154769955787532429e-03,1.563789624945999572e-04,-2.900196595262750400e-04,4.788836875603976162e-05
4.306250000000000355e+00,6.194326952077739978e-01,-6.695339877499342091e-03,6.171345028471652075e-03,6.155920564674320916e-01,-3.136552011429506997e-03,1.545768484898373831e-04,-2.866633705337792671e-04,4.733777595698885314e-05
4.312500000000000000e+00,6.193909696374790830e-01,-6.656879386998792482e-03,6.136045726765643020e-03,6.155725096770214844e-01,-3.118438230796279076e-03,1.527955889875701721e-04,-2.833461419415462114e-04,4.679353440701977326e-05
4.318749999999999645e+00,6.193494837571285050e-01,-6.618638884691546188e-03,6.100948612491152549e-03,6.155530757737813774e-01,-3.100428017846247174e-03,1.510349412943398412e-04,-2.800675157648791023e-04,4.625557051096467284e-05
4.325000000000000178e+00,6.193082361957373827e-01,-6.580617110538945595e-03,6.066052524275599225e-03,6.155337541122674061e-01,-3.082520779954950937e-03,1.492946655621132728e-04,-2.768270394414464172e-04,4.572381153158781592e-05
4.331250000000000711e+00,6.192672255901736644e-01,-6.542812811739931629e-03,6.031356307456341506e-03,6.155145440507284738e-01,-3.064715927895414992e-03,1.475745247545970416e-04,-2.736242657662786484e-04,4.519818557950500002e-05
4.337500000000000355e+00,6.192264505851126088e-01,-6.505224742689223044e-03,5.996858814041439167e-03,6.154954449510856573e-01,-3.047012875818595149e-03,1.458742846139544404e-04,-2.704587528275546947e-04,4.467862160322227244e-05
4.343750000000000000e+00,6.191859098329921540e-01,-6.467851664935731631e-03,5.962558902670650647e-03,6.154764561789112243e-01,-3.029411041233939089e-03,1.441937136279214653e-04,-2.673300639431703423e-04,4.416504937929293989e-05
4.350000000000000533e+00,6.191456019939682864e-01,-6.430692347141248044e-03,5.928455438576681058e-03,6.154575771034073162e-01,-3.011909844990071517e-03,1.425325829973177227e-04,-2.642377675980801615e-04,4.365739950259166512e-05
4.356250000000000178e+00,6.191055257358708541e-01,-6.393745565039371352e-03,5.894547293546674796e-03,6.154388070973856317e-01,-2.994508711255591642e-03,1.408906666039469696e-04,-2.611814373824025183e-04,4.315560337670401754e-05
4.362499999999999822e+00,6.190656797341591577e-01,-6.357010101394632885e-03,5.860833345883883355e-03,6.154201455372461105e-01,-2.977207067499957824e-03,1.392677409788797556e-04,-2.581606519302737709e-04,4.265959320442943144e-05
4.368750000000000355e+00,6.190260626718785408e-01,-6.320484745961904571e-03,5.827312480369615036e-03,6.154015918029572818e-01,-2.960004344474511002e-03,1.376635852711182177e-04,-2.551749948594497514e-04,4.216930197839741578e-05
4.375000000000000000e+00,6.189866732396166471e-01,-6.284168295446045799e-03,5.793983588225407565e-03,6.153831452780347266e-01,-2.942899976193601771e-03,1.360779812166359559e-04,-2.522240547116419039e-04,4.168466347179506428e-05
4.381249999999999645e+00,6.189475101354598996e-01,-6.248059553461739364e-03,5.760845567075385462e-03,6.153648053495217596e-01,-2.925893399915808525e-03,1.345107131077864825e-04,-2.493074248935749581e-04,4.120561222920392068e-05
4.387500000000000178e+00,6.189085720649509792e-01,-6.212157330493603240e-03,5.727897320908883691e-03,6.153465714079684457e-01,-2.908984056125286585e-03,1.329615677630800296e-04,-2.464247036187646226e-04,4.073208355754606393e-05
4.393750000000000711e+00,6.188698577410453039e-01,-6.176460443856540868e-03,5.695137760043292481e-03,6.153284428474117274e-01,-2.892171388513219230e-03,1.314303344973213959e-04,-2.435754938500025567e-04,4.026401351713748873e-05
4.400000000000000355e+00,6.188313658840691733e-01,-6.140967717656292679e-03,5.662565801087102516e-03,6.153104190653558847e-01,-2.875454843959371950e-03,1.299168050921046852e-04,-2.407594032425382138e-04,3.980133891284723635e-05
4.406250000000000000e+00,6.187930952216766922e-01,-6.105677982750220070e-03,5.630180366903169559e-03,6.152924994627518851e-01,-2.858833872513748178e-03,1.284207737666606555e-04,-2.379760440879508869e-04,3.934399728536128659e-05
4.412500000000000533e+00,6.187550444888084700e-01,-6.070590076708345245e-03,5.597980386572222813e-03,6.152746834439782875e-01,-2.842307927378364286e-03,1.269420371490536954e-04,-2.352250332587050197e-04,3.889192690255027562e-05
4.418750000000000178e+00,6.187172124276494323e-01,-6.035702843774609638e-03,5.565964795356590118e-03,6.152569704168211473e-01,-2.825876464889133435e-03,1.254803942477234955e-04,-2.325059921533788332e-04,3.844506675093950824e-05
4.424999999999999822e+00,6.186795977875869657e-01,-6.001015134828331828e-03,5.534132534664099219e-03,6.152393597924546986e-01,-2.809538944497827050e-03,1.240356464233649644e-04,-2.298185466425542889e-04,3.800335652727940798e-05
4.431250000000000355e+00,6.186421993251699503e-01,-5.966525807345916983e-03,5.502482552012238383e-03,6.152218509854221473e-01,-2.793294828754170310e-03,1.226075973611462529e-04,-2.271623270153672503e-04,3.756673663021645919e-05
4.437500000000000000e+00,6.186050158040675706e-01,-5.932233725362801371e-03,5.471013800992526044e-03,6.152044434136157980e-01,-2.777143583288033905e-03,1.211960530432586787e-04,-2.245369679267058606e-04,3.713514815206270307e-05
4.443749999999999645e+00,6.185680459950283483e-01,-5.898137759435572065e-03,5.439725241235054791e-03,6.151871364982585133e-01,-2.761084676791712104e-03,1.198008217217929705e-04,-2.219421083450461615e-04,3.670853287066215461e-05
4.450000000000000178e+00,6.185312886758395079e-01,-5.864236786604347731e-03,5.408615838373290359e-03,6.151699296638838410e-01,-2.745117581002324853e-03,1.184217138919412454e-04,-2.193773915009235959e-04,3.628683324135406591e-05
4.456250000000000711e+00,6.184947426312867869e-01,-5.830529690355378859e-03,5.377684564009066644e-03,6.151528223383181393e-01,-2.729241770684315282e-03,1.170585422655189765e-04,-2.168424648360287401e-04,3.586999238903126045e-05
4.462500000000000355e+00,6.184584066531138014e-01,-5.797015360583844014e-03,5.346930395677782812e-03,6.151358139526604818e-01,-2.713456723612042622e-03,1.157111217448023266e-04,-2.143369799529186730e-04,3.545795410029218311e-05
4.468750000000000000e+00,6.184222795399826333e-01,-5.763692693556862930e-03,5.316352316813799037e-03,6.151189039412648940e-01,-2.697761920552476170e-03,1.143792693966779090e-04,-2.118605925653377754e-04,3.505066281568585952e-05
4.475000000000000533e+00,6.183863600974337515e-01,-5.730560591876746393e-03,5.285949316716057750e-03,6.151020917417210354e-01,-2.682156845247996371e-03,1.130628044271019119e-04,-2.094129624491418071e-04,3.464806362204880932e-05
4.481250000000000178e+00,6.183506471378467095e-01,-5.697617964444464701e-03,5.255720390513918261e-03,6.150853767948361028e-01,-2.666640984399299558e-03,1.117615481558643573e-04,-2.069937533938166947e-04,3.425010224493270036e-05
4.487499999999999822e+00,6.183151394804008438e-01,-5.664863726423282654e-03,5.225664539133149239e-03,6.150687585446160677e-01,-2.651213827648379439e-03,1.104753239916526409e-04,-2.046026331545814888e-04,3.385672504112102944e-05
4.493750000000000355e+00,6.182798359510361941e-01,-5.632296799202651284e-03,5.195780769262168391e-03,6.150522364382476903e-01,-2.635874867561630031e-03,1.092039574074145288e-04,-2.022392734050741333e-04,3.346787899123481607e-05
4.500000000000000000e+00,6.182447353824147562e-01,-5.599916110362316429e-03,5.166068093318475565e-03,6.150358099260798683e-01,-2.620623599613042688e-03,1.079472759160149045e-04,-1.999033496906101276e-04,3.308351169242572360e-05
4.506249999999999645e+00,6.182098366138819578e-01,-5.567720593636581693e-03,5.136525529415255850e-03,6.150194784616058730e-01,-2.605459522167483805e-03,1.067051090461812804e-04,-1.975945413820035911e-04,3.270357135115511683e-05
4.512500000000000178e+00,6.181751384914281333e-01,-5.535709188878829880e-03,5.107152101328211666e-03,6.150032415014452525e-01,-2.590382136464087440e-03,1.054772883187378690e-04,-1.953125316299503787e-04,3.232800677605889369e-05
4.518750000000000711e+00,6.181406398676507763e-01,-5.503880842026248263e-03,5.077946838462592608e-03,6.149870985053256245e-01,-2.575390946599742052e-03,1.042636472231227263e-04,-1.930570073199623768e-04,3.195676737089666100e-05
4.525000000000000355e+00,6.181063396017161260e-01,-5.472234505064730789e-03,5.048908775820402234e-03,6.149710489360654675e-01,-2.560485459512662661e-03,1.030640211941842533e-04,-1.908276590278456630e-04,3.158980312758400755e-05
4.531250000000000000e+00,6.180722365593216416e-01,-5.440769135993998862e-03,5.020036953967800010e-03,6.149550922595559133e-01,-2.545665184966061471e-03,1.018782475892542365e-04,-1.886241809757171074e-04,3.122706461930708171e-05
4.537500000000000533e+00,6.180383296126585879e-01,-5.409483698792927689e-03,4.991330419002713153e-03,6.149392279447429832e-01,-2.530929635531918662e-03,1.007061656654947715e-04,-1.864462709885536420e-04,3.086850299371874843e-05
4.543750000000000178e+00,6.180046176403750646e-01,-5.378377163385094674e-03,4.962788222522647973e-03,6.149234554636109351e-01,-2.516278326574848158e-03,9.954761655751537069e-05,-1.842936304512673962e-04,3.051406996621518057e-05
4.549999999999999822e+00,6.179710995275384811e-01,-5.347448505604474392e-03,4.934409421592647789e-03,6.149077742911639444e-01,-2.501710776236042762e-03,9.840244325525510246e-05,-1.821659642662963152e-04,3.016371781329136987e-05
4.556250000000000355e+00,6.179377741655985856e-01,-5.316696707161381631e-03,4.906193078713489385e-03,6.148921839054092287e-01,-2.487226505417324679e-03,9.727049058212977877e-05,-1.800629808117102900e-04,2.981739936597558829e-05
4.562500000000000000e+00,6.179046404523517166e-01,-5.286120755608613060e-03,4.878138261790052922e-03,6.148766837873398394e-01,-2.472825037765293173e-03,9.615160517343929614e-05,-1.779843918998229324e-04,2.947506800334136291e-05
4.568749999999999645e+00,6.178716972919034989e-01,-5.255719644307737214e-03,4.850244044099860131e-03,6.148612734209175645e-01,-2.458505899655541189e-03,9.504563545503074025e-05,-1.759299127363006456e-04,2.913667764609559918e-05
4.575000000000000178e+00,6.178389435946329833e-01,-5.225492372395633411e-03,4.822509504261821532e-03,6.148459522930556087e-01,-2.444268620176986029e-03,9.395243162221686070e-05,-1.738992618797680979e-04,2.880218275024283887e-05
4.581250000000000711e+00,6.178063782771567869e-01,-5.195437944751206752e-03,4.794933726205171873e-03,6.148307198936021623e-01,-2.430112731116285899e-03,9.287184561894540314e-05,-1.718921612019008000e-04,2.847153830082425674e-05
4.587500000000000355e+00,6.177740002622931215e-01,-5.165555371962293925e-03,4.767515799138571236e-03,6.148155757153234147e-01,-2.416037766942337114e-03,9.180373111721559874e-05,-1.699083358479982835e-04,2.814469980573034241e-05
4.593750000000000000e+00,6.177418084790262665e-01,-5.135843670292748568e-03,4.740254817519391761e-03,6.148005192538864572e-01,-2.402043264790864555e-03,9.074794349673977829e-05,-1.679475141980328633e-04,2.782162328958659301e-05
4.600000000000000533e+00,6.177098018624711528e-01,-5.106301861649745200e-03,4.713149881023198651e-03,6.147855500078432955e-01,-2.388128764449107093e-03,8.970433982484742746e-05,-1.660094278281696494e-04,2.750226528771153908e-05
4.606250000000000178e+00,6.176779793538382801e-01,-5.076928973551267030e-03,4.686200094513419401e-03,6.147706674786138636e-01,-2.374293808340591921e-03,8.867277883662841699e-05,-1.640938114727505425e-04,2.718658284014607030e-05
4.612499999999999822e+00,6.176463399003988552e-01,-5.047724039093759441e-03,4.659404568011153540e-03,6.147558711704699252e-01,-2.360537941509983050e-03,8.765312091531123377e-05,-1.622004029867344624e-04,2.687453348575280070e-05
4.618750000000000355e+00,6.176148824554495986e-01,-5.018686096919994233e-03,4.632762416665202679e-03,6.147411605905183096e-01,-2.346860711608031707e-03,8.664522807287562993e-05,-1.603289433085927239e-04,2.656607525638539881e-05
4.625000000000000000e+00,6.175836059782785492e-01,-4.989814191187127296e-03,4.606272760722267962e-03,6.147265352486851464e-01,-2.333261668876614788e-03,8.564896393089596312e-05,-1.584791764236515379e-04,2.626116667112669340e-05
4.631249999999999645e+00,6.175525094341308696e-01,-4.961107371534910666e-03,4.579934725497300171e-03,6.147119946576992122e-01,-2.319740366133841818e-03,8.466419370161090458e-05,-1.566508493278739671e-04,2.595976673059429806e-05
4.637500000000000178e+00,6.175215917941740962e-01,-4.932564693054112756e-03,4.553747441344051933e-03,6.146975383330766096e-01,-2.306296358759267733e-03,8.369078416921937956e-05,-1.548437119920806305e-04,2.566183491131378145e-05
4.643750000000000711e+00,6.174908520354646102e-01,-4.904185216255131131e-03,4.527710043625804252e-03,6.146831657931040027e-01,-2.292929204679184166e-03,8.272860367139870145e-05,-1.530575173266010265e-04,2.536733116015807895e-05
4.650000000000000355e+00,6.174602891409138872e-01,-4.875968007036763155e-03,4.501821672686247451e-03,6.146688765588230741e-01,-2.279638464351993986e-03,8.177752208104174185e-05,-1.512920211463494836e-04,2.507621588885229532e-05
4.656250000000000000e+00,6.174299020992545239e-01,-4.847912136655163108e-03,4.476081473820539905e-03,6.146546701540149815e-01,-2.266423700753665213e-03,8.083741078821098168e-05,-1.495469821363218355e-04,2.478844996854326460e-05
4.662500000000000533e+00,6.173996899050073761e-01,-4.820016681692990135e-03,4.450488597246548932e-03,6.146405461051842600e-01,-2.253284479363279469e-03,7.990814268230758677e-05,-1.478221618175082949e-04,2.450399472443323730e-05
4.668750000000000178e+00,6.173696515584478073e-01,-4.792280724028745269e-03,4.425042198076263415e-03,6.146265039415436116e-01,-2.240220368148666298e-03,7.898959213445221452e-05,-1.461173245132167512e-04,2.422281193047684086e-05
4.674999999999999822e+00,6.173397860655731595e-01,-4.764703350806248107e-03,4.399741436287347811e-03,6.146125431949980289e-01,-2.227230937552099506e-03,7.808163498007400093e-05,-1.444322373157993112e-04,2.394486380414014124e-05
4.681250000000000355e+00,6.173100924380697796e-01,-4.737283654404326853e-03,4.374585476694893039e-03,6.145986634001295856e-01,-2.214315760476098013e-03,7.718414850170730792e-05,-1.427666700537811857e-04,2.367011300122178521e-05
4.687500000000000000e+00,6.172805696932802677e-01,-4.710020732406682703e-03,4.349573488923337387e-03,6.145848640941821150e-01,-2.201474412269305205e-03,7.629701141199274784e-05,-1.411203952593849593e-04,2.339852261073513244e-05
4.693749999999999645e+00,6.172512168541710587e-01,-4.682913687571895606e-03,4.324704647378514039e-03,6.145711448170458890e-01,-2.188706470712434207e-03,7.542010383687873119e-05,-1.394931881364433284e-04,2.313005614985028970e-05
4.700000000000000178e+00,6.172220329493005586e-01,-4.655961627803639931e-03,4.299978131219905908e-03,6.145575051112424081e-01,-2.176011516004311593e-03,7.455330729902361888e-05,-1.378848265286997403e-04,2.286467755889605067e-05
4.706250000000000711e+00,6.171930170127862825e-01,-4.629163666121067534e-03,4.275393124333054864e-03,6.145439445219096353e-01,-2.163389130747998303e-03,7.369650470139456225e-05,-1.362950908884898583e-04,2.260235119642062322e-05
4.712500000000000355e+00,6.171641680842739897e-01,-4.602518920629347816e-03,4.250948815302114936e-03,6.145304625967865642e-01,-2.150838899936985144e-03,7.284958031106040176e-05,-1.347237642457984317e-04,2.234304183431033437e-05
4.718750000000000000e+00,6.171354852089052656e-01,-4.576026514490381253e-03,4.226644397382582456e-03,6.145170588861985639e-01,-2.138360410941466359e-03,7.201241974317694385e-05,-1.331706321776881012e-04,2.208671465296580477e-05
4.725000000000000533e+00,6.171069674372859915e-01,-4.549685575893692470e-03,4.202479068474181470e-03,6.145037329430426132e-01,-2.125953253494700795e-03,7.118490994516242032e-05,-1.316354827780963723e-04,2.183333523653501328e-05
4.731250000000000178e+00,6.170786138254554798e-01,-4.523495238027501995e-03,4.178452031093929549e-03,6.144904843227725344e-01,-2.113617019679452438e-03,7.036693918106093489e-05,-1.301181066279955261e-04,2.158286956820247243e-05
4.737499999999999822e+00,6.170504234348550554e-01,-4.497454639049926380e-03,4.154562492349323302e-03,6.144773125833842276e-01,-2.101351303914494699e-03,6.955839701609000726e-05,-1.286182967659089060e-04,2.133528402553353214e-05
4.743750000000000355e+00,6.170223953322969690e-01,-4.471562922060388218e-03,4.130809663911712108e-03,6.144642172854012374e-01,-2.089155702941207070e-03,6.875917430137251283e-05,-1.271358486587832574e-04,2.109054537587372368e-05
4.750000000000000000e+00,6.169945285899338661e-01,-4.445819235071179695e-03,4.107192761989832304e-03,6.144511979918604316e-01,-2.077029815810249418e-03,6.796916315884945386e-05,-1.256705601732106955e-04,2.084862077180225606e-05
4.756249999999999645e+00,6.169668222852279227e-01,-4.420222730979167514e-03,4.083711007303465410e-03,6.144382542682972348e-01,-2.064973243868299148e-03,6.718825696637053971e-05,-1.242222315469940393e-04,2.060947774663861811e-05
4.762500000000000178e+00,6.169392755009206475e-01,-4.394772567537689502e-03,4.060363625057281101e-03,6.144253856827314175e-01,-2.052985590744877721e-03,6.641635034296241365e-05,-1.227906653610554043e-04,2.037308421000236737e-05
4.768750000000000711e+00,6.169118873250024615e-01,-4.369467907328616028e-03,4.037149844914833703e-03,6.144125918056532187e-01,-2.041066462339252187e-03,6.565333913427130069e-05,-1.213756665116815897e-04,2.013940844342505221e-05
4.775000000000000355e+00,6.168846568506823891e-01,-4.344307917734551924e-03,4.014068900972694864e-03,6.143998722100089127e-01,-2.029215466807409145e-03,6.489912039817763694e-05,-1.199770421831014333e-04,1.990841909601360300e-05
4.781250000000000000e+00,6.168575831763587480e-01,-4.319291770911206675e-03,3.991120031734740614e-03,6.143872264711865983e-01,-2.017432214549096364e-03,6.415359239058098656e-05,-1.185946018203921828e-04,1.968008518016467408e-05
4.787500000000000533e+00,6.168306654055887295e-01,-4.294418643759932881e-03,3.968302480086603225e-03,6.143746541670024319e-01,-2.005716318194954596e-03,6.341665455135386375e-05,-1.172281571027114787e-04,1.945437606732951290e-05
4.793750000000001066e+00,6.168039026470594210e-01,-4.269687717900429516e-03,3.945615493270274859e-03,6.143621548776868613e-01,-1.994067392593715758e-03,6.268820749046170881e-05,-1.158775219168503025e-04,1.923126148382856693e-05
4.800000000000000711e+00,6.167772940145579419e-01,-4.245098179643583963e-03,3.923058322858842192e-03,6.143497281858706360e-01,-1.982485054799474830e-03,6.196815297424676842e-05,-1.145425123311019698e-04,1.901071150671514395e-05
4.806250000000000355e+00,6.167508386269422438e-01,-4.220649219964476249e-03,3.900630224731378021e-03,6.143373736765707083e-01,-1.970968924059029841e-03,6.125639391187440294e-05,-1.132229465694444708e-04,1.879269655968768190e-05
4.812500000000000000e+00,6.167245356081124674e-01,-4.196340034475555883e-03,3.878330459047987702e-03,6.143250909371773538e-01,-1.959518621799306425e-03,6.055283434194017419e-05,-1.119186449860329747e-04,1.857718740905016399e-05
4.818749999999999645e+00,6.166983840869816325e-01,-4.172169823399954000e-03,3.856158290224997835e-03,6.143128795574399614e-01,-1.948133771614847217e-03,5.985737941923509792e-05,-1.106294300399971570e-04,1.836415515971988986e-05
4.825000000000000178e+00,6.166723831974469938e-01,-4.148137791544965515e-03,3.834112986910285462e-03,6.143007391294535990e-01,-1.936813999255374095e-03,5.916993540166740767e-05,-1.093551262705404231e-04,1.815357125128208752e-05
4.831250000000000711e+00,6.166465320783615089e-01,-4.124243148275677853e-03,3.812193821958767288e-03,6.142886692476458022e-01,-1.925558932613427414e-03,5.849040963733942732e-05,-1.080955602723380056e-04,1.794540745409101739e-05
4.837500000000000355e+00,6.166208298735054161e-01,-4.100485107488755811e-03,3.790400072408016408e-03,6.142766695087632511e-01,-1.914368201712068548e-03,5.781871055177678078e-05,-1.068505606712286506e-04,1.773963586541666009e-05
4.843750000000000000e+00,6.165952757315581456e-01,-4.076862887586362588e-03,3.768731019454023452e-03,6.142647395118582265e-01,-1.903241438692655080e-03,5.715474763530865144e-05,-1.056199581001973978e-04,1.753622890563668677e-05
4.850000000000000533e+00,6.165698688060697874e-01,-4.053375711450255166e-03,3.747185948427112553e-03,6.142528788582753974e-01,-1.892178277802691010e-03,5.649843143059759366e-05,-1.044035851756464067e-04,1.733515931447319672e-05
4.856250000000001066e+00,6.165446082554338902e-01,-4.030022806416025394e-03,3.725764148767996518e-03,6.142410871516390536e-01,-1.881178355383747664e-03,5.584967352031680262e-05,-1.032012764739497759e-04,1.713640014727365322e-05
4.862500000000000711e+00,6.165194932428590402e-01,-4.006803404247476393e-03,3.704464914003964288e-03,6.142293639978397835e-01,-1.870241309859447480e-03,5.520838651497259948e-05,-1.020128685082880861e-04,1.693992477133535006e-05
4.868750000000000355e+00,6.164945229363415491e-01,-3.983716741111151607e-03,3.683287541725205425e-03,6.142177090050213728e-01,-1.859366781723518266e-03,5.457448404087091883e-05,-1.008381997057601474e-04,1.674570686227298531e-05
4.875000000000000000e+00,6.164696965086381431e-01,-3.960762057551022591e-03,3.662231333561289867e-03,6.142061217835684817e-01,-1.848554413527923141e-03,5.394788072822636889e-05,-9.967711038476921115e-05,1.655372040042900006e-05
4.881249999999999645e+00,6.164450131372382069e-01,-3.937938598463316432e-03,3.641295595157773447e-03,6.141946019460930994e-01,-1.837803849871052272e-03,5.332849219941148566e-05,-9.852944273267894622e-05,1.636393966732594351e-05
4.887500000000000178e+00,6.164204720043374719e-01,-3.915245613071481091e-03,3.620479636152941754e-03,6.141831491074219995e-01,-1.827114737385983562e-03,5.271623505734473119e-05,-9.739504078373656154e-05,1.617633924216040038e-05
4.893750000000000711e+00,6.163960722968101491e-01,-3.892682354901313372e-03,3.599782770154701453e-03,6.141717628845846377e-01,-1.816486724728817075e-03,5.211102687401609058e-05,-9.627375039726036616e-05,1.599089399833820258e-05
4.900000000000000355e+00,6.163718132061827282e-01,-3.870248081756217859e-03,3.579204314717592591e-03,6.141604428967994966e-01,-1.805919462567068430e-03,5.151278617914761831e-05,-9.516541923608733437e-05,1.580757910005007834e-05
4.906250000000000000e+00,6.163476939286071099e-01,-3.847942055692602469e-03,3.558743591319935787e-03,6.141491887654627613e-01,-1.795412603568130074e-03,5.092143244898801905e-05,-9.406989674527800626e-05,1.562636999888751161e-05
4.912500000000000533e+00,6.163237136648341830e-01,-3.825763542995432292e-03,3.538399925341126438e-03,6.141380001141346634e-01,-1.784965802387803021e-03,5.033688609523976541e-05,-9.298703413107659585e-05,1.544724243049835105e-05
4.918750000000001066e+00,6.162998716201870675e-01,-3.803711814153926118e-03,3.518172646039059888e-03,6.141268765685279352e-01,-1.774578715658898208e-03,4.975906845411699080e-05,-9.191668434012226826e-05,1.527017241128162311e-05
4.925000000000000711e+00,6.162761670045356910e-01,-3.781786143837378728e-03,3.498061086527680646e-03,6.141158177564952636e-01,-1.764251001979893563e-03,4.918790177553212454e-05,-9.085870203890812993e-05,1.509513623512100369e-05
4.931250000000000355e+00,6.162525990322699210e-01,-3.759985810871124996e-03,3.478064583754659524e-03,6.141048233080167451e-01,-1.753982321903659177e-03,4.862330921241025949e-05,-8.981294359348537056e-05,1.492211047015654853e-05
4.937500000000000000e+00,6.162291669222744739e-01,-3.738310098212657088e-03,3.458182478479219536e-03,6.140938928551881171e-01,-1.743772337926254024e-03,4.806521481012988352e-05,-8.877926704941061864e-05,1.475107195559441650e-05
4.943749999999999645e+00,6.162058698979022697e-01,-3.716758292927867854e-03,3.438414115250077157e-03,6.140830260322083234e-01,-1.733620714475780575e-03,4.751354349608798242e-05,-8.775753211193187573e-05,1.458199779855383520e-05
4.950000000000000178e+00,6.161827071869496741e-01,-3.695329686167433871e-03,3.418758842383517148e-03,6.140722224753679681e-01,-1.723527117901305561e-03,4.696822106938816600e-05,-8.674760012641095583e-05,1.441486537095104287e-05
4.956250000000000711e+00,6.161596780216302971e-01,-3.674023573143342467e-03,3.399216011941602698e-03,6.140614818230365479e-01,-1.713491216461847724e-03,4.642917419065076680e-05,-8.574933405898016664e-05,1.424965230641980871e-05
4.962500000000000355e+00,6.161367816385503460e-01,-3.652839253105545376e-03,3.379784979710500920e-03,6.140508037156513499e-01,-1.703512680315423912e-03,4.589633037194270937e-05,-8.476259847742881467e-05,1.408633649726791638e-05
4.968750000000000000e+00,6.161140172786829794e-01,-3.631776029318742501e-03,3.360465105178937588e-03,6.140401877957050170e-01,-1.693591181508157829e-03,4.536961796682615386e-05,-8.378725953231797540e-05,1.392489609146928905e-05
4.975000000000000533e+00,6.160913841873435493e-01,-3.610833209039314429e-03,3.341255751516786308e-03,6.140296337077342237e-01,-1.683726393963455581e-03,4.484896616052473482e-05,-8.282318493832075052e-05,1.376530948969144417e-05
4.981250000000001066e+00,6.160688816141646207e-01,-3.590010103492388086e-03,3.322156285553783898e-03,6.140191410983075748e-01,-1.673917993471246701e-03,4.433430496020576911e-05,-8.187024395578520672e-05,1.360755534235774093e-05
4.987500000000000711e+00,6.160465088130712141e-01,-3.569306027849022955e-03,3.303166077758359822e-03,6.140087096160145030e-01,-1.664165657677278308e-03,4.382556518537663020e-05,-8.092830737251643165e-05,1.345161254674393937e-05
4.993750000000000355e+00,6.160242650422563804e-01,-3.548720301203528264e-03,3.284284502216590958e-03,6.139983389114530565e-01,-1.654469066072472789e-03,4.332267845839442159e-05,-7.999724748577576928e-05,1.329746024410875601e-05
5.000000000000000000e+00,6.160021495641565537e-01,-3.528252246550927194e-03,3.265510936611289074e-03,6.139880286372189078e-01,-1.644827899982352929e-03,4.282557719508773647e-05,-7.907693808449526923e-05,1.314507781685811271e-05
5.006249999999999645e+00,6.159801616454272377e-01,-3.507901190764541217e-03,3.246844762201205829e-03,6.139777784478936962e-01,-1.635241842556523851e-03,4.233419459548871461e-05,-7.816725443170343367e-05,1.299444488574249439e-05
5.012500000000000178e+00,6.159583005569190250e-01,-3.487666464573699332e-03,3.228285363800354000e-03,6.139675880000337038e-01,-1.625710578758212408e-03,4.184846463467421058e-05,-7.726807324716044559e-05,1.284554130708710051e-05
5.018750000000000711e+00,6.159365655736533940e-01,-3.467547402541592584e-03,3.209832129757463157e-03,6.139574569521585312e-01,-1.616233795353876198e-03,4.136832205371515186e-05,-7.637927269020057454e-05,1.269834717005450725e-05
5.025000000000000355e+00,6.159149559747989500e-01,-3.447543343043240043e-03,3.191484451935543316e-03,6.139473849647399950e-01,-1.606811180902862008e-03,4.089370235073218942e-05,-7.550073234277841240e-05,1.255284279393923082e-05
5.031250000000000000e+00,6.158934710436475557e-01,-3.427653628243581413e-03,3.173241725691565256e-03,6.139373717001905817e-01,-1.597442425747126705e-03,4.042454177205657685e-05,-7.463233319271693337e-05,1.240900872549397299e-05
5.037500000000000533e+00,6.158721100675907945e-01,-3.407877604075710155e-03,3.155103349856272239e-03,6.139274168228529005e-01,-1.588127222001020807e-03,3.996077730349551919e-05,-7.377395761715542662e-05,1.226682573628720366e-05
5.043750000000001066e+00,6.158508723380963223e-01,-3.388214620219228909e-03,3.137068726714110564e-03,6.139175199989880261e-01,-1.578865263541131018e-03,3.950234666170024313e-05,-7.292548936619450985e-05,1.212627482009166165e-05
5.050000000000000711e+00,6.158297571506847756e-01,-3.368664030078722445e-03,3.119137261983263333e-03,6.139076808967651733e-01,-1.569656245996177641e-03,3.904918828563550107e-05,-7.208681354673524206e-05,1.198733719030332165e-05
5.056250000000000355e+00,6.158087638049063450e-01,-3.349225190762352908e-03,3.101308364795806512e-03,6.138978991862501511e-01,-1.560499866736967485e-03,3.860124132814939102e-05,-7.125781660651056028e-05,1.184999427739053252e-05
5.062500000000000000e+00,6.157878916043180162e-01,-3.329897463060591672e-03,3.083581447677989033e-03,6.138881745393949263e-01,-1.551395824866413356e-03,3.815844564764279436e-05,-7.043838631830727840e-05,1.171422772637310319e-05
5.068749999999999645e+00,6.157671398564600329e-01,-3.310680211425066129e-03,3.065955926530620438e-03,6.138785066300265214e-01,-1.542343821209604714e-03,3.772074179983652727e-05,-6.962841176437527344e-05,1.158001939433076036e-05
5.075000000000000178e+00,6.157465078728334706e-01,-3.291572803947526594e-03,3.048431220609573462e-03,6.138688951338366895e-01,-1.533343558303935797e-03,3.728807102963539277e-05,-6.882778332102209760e-05,1.144735134794075596e-05
5.081250000000000711e+00,6.157259949688779210e-01,-3.272574612338944190e-03,3.031006752506408899e-03,6.138593397283708120e-01,-1.524394740389295759e-03,3.686037526308813046e-05,-6.803639264339128112e-05,1.131620586104432793e-05
5.087500000000000355e+00,6.157056004639479552e-01,-3.253685011908719754e-03,3.013681948129101531e-03,6.138498400930175736e-01,-1.515497073398308463e-03,3.643759709944169176e-05,-6.725413265042092458e-05,1.118656541224150441e-05
5.093750000000000000e+00,6.156853236812916963e-01,-3.234903381544010272e-03,2.996456236682882267e-03,6.138403959089981932e-01,-1.506650264946628659e-03,3.601967980328894640e-05,-6.648089750998119796e-05,1.105841268251402102e-05
5.100000000000000533e+00,6.156651639480279492e-01,-3.216229103689185846e-03,2.979329050651194789e-03,6.138310068593562097e-01,-1.497854024323299737e-03,3.560656729680894579e-05,-6.571658262418888998e-05,1.093173055287610879e-05
5.106250000000001066e+00,6.156451205951239958e-01,-3.197661564325404195e-03,2.962299825776771450e-03,6.138216726289468239e-01,-1.489108062481165696e-03,3.519820415209844237e-05,-6.496108461489639204e-05,1.080650210205270239e-05
5.112500000000000711e+00,6.156251929573741677e-01,-3.179200152950296173e-03,2.945368001042805457e-03,6.138123929044265736e-01,-1.480412092027334281e-03,3.479453558359332321e-05,-6.421430130935281279e-05,1.068271060418472279e-05
5.118750000000000355e+00,6.156053803733770868e-01,-3.160844262557763185e-03,2.928533018654231896e-03,6.138031673742432304e-01,-1.471765827213694340e-03,3.439550744057913114e-05,-6.347613172603523105e-05,1.056033952656116181e-05
5.125000000000000000e+00,6.155856821855144601e-01,-3.142593289617910332e-03,2.911794324019135842e-03,6.137939957286250303e-01,-1.463168983927494752e-03,3.400106619978989414e-05,-6.274647606064897600e-05,1.043937252737775502e-05
5.131249999999999645e+00,6.155660977399293188e-01,-3.124446634057079751e-03,2.895151365730251527e-03,6.137848776595712375e-01,-1.454621279681971718e-03,3.361115895809371800e-05,-6.202523567229351910e-05,1.031979345352174660e-05
5.137500000000000178e+00,6.155466263865041476e-01,-3.106403699238002337e-03,2.878603595546576441e-03,6.137758128608412633e-01,-1.446122433607030478e-03,3.322573342526430882e-05,-6.131231306979282604e-05,1.020158633838254641e-05
5.143750000000000711e+00,6.155272674788401233e-01,-3.088463891940073942e-03,2.862150468375099926e-03,6.137668010279452302e-01,-1.437672166439985574e-03,3.284473791683767310e-05,-6.060761189818828474e-05,1.008473539968800459e-05
5.150000000000000355e+00,6.155080203742350209e-01,-3.070626622339731309e-03,2.845791442252623704e-03,6.137578418581333128e-01,-1.429270200516347946e-03,3.246812134705242338e-05,-5.991103692539145154e-05,9.969225037365877010e-06
5.156250000000000000e+00,6.154888844336626752e-01,-3.052891303990942079e-03,2.829525978327692998e-03,6.137489350503865237e-01,-1.420916259760664950e-03,3.209583322187301859e-05,-5.922249402899524678e-05,9.855039831430254459e-06
5.162500000000000533e+00,6.154698590217517751e-01,-3.035257353805818382e-03,2.813353540842639978e-03,6.137400803054059439e-01,-1.412610069677418907e-03,3.172782363209520723e-05,-5.854189018324202764e-05,9.742164539892738726e-06
5.168750000000001066e+00,6.154509435067645473e-01,-3.017724192035341896e-03,2.797273597115731720e-03,6.137312773256037302e-01,-1.404351357341976836e-03,3.136404324653236557e-05,-5.786913344614626821e-05,9.630584096697989530e-06
5.175000000000000711e+00,6.154321372605766616e-01,-3.000291242250188208e-03,2.781285617523415309e-03,6.137225258150926788e-01,-1.396139851391587673e-03,3.100444330528166710e-05,-5.720413294676960389e-05,9.520283609683317019e-06
5.181250000000000355e+00,6.154134396586558031e-01,-2.982957931321664376e-03,2.765389075482663130e-03,6.137138254796768999e-01,-1.387975282016431751e-03,3.064897561306931050e-05,-5.654679887264678985e-05,9.411248358562070810e-06
5.187500000000000000e+00,6.153948500800415777e-01,-2.965723689402768783e-03,2.749583447433436110e-03,6.137051760268419365e-01,-1.379857380950727736e-03,3.029759253267411525e-05,-5.589704245736128630e-05,9.303463792930666333e-06
5.193749999999999645e+00,6.153763679073250836e-01,-2.948587949909347271e-03,2.733868212821237171e-03,6.136965771657452162e-01,-1.371785881463884887e-03,2.995024697842811579e-05,-5.525477596826771916e-05,9.196915530298775831e-06
5.200000000000000178e+00,6.153579925266282613e-01,-2.931550149501363327e-03,2.718242854079768768e-03,6.136880286072062818e-01,-1.363760518351707796e-03,2.960689240979342944e-05,-5.461991269435994238e-05,9.091589354142521384e-06
5.206250000000000711e+00,6.153397233275837985e-01,-2.914609728064280168e-03,2.702706856613697976e-03,6.136795300636977979e-01,-1.355781027927655110e-03,2.926748282501469306e-05,-5.399236693428325170e-05,8.987471211980429408e-06
5.212500000000000355e+00,6.153215597033151463e-01,-2.897766128690542568e-03,2.687259708781513951e-03,6.136710812493354483e-01,-1.347847148014142717e-03,2.893197275484572363e-05,-5.337205398448816127e-05,8.884547213471762067e-06
5.218750000000000000e+00,6.153035010504164237e-01,-2.881018797661164064e-03,2.671900901878482976e-03,6.136626818798689431e-01,-1.339958617933898963e-03,2.860031725634982325e-05,-5.275889012752465909e-05,8.782803628537027394e-06
5.225000000000000533e+00,6.152855467689325453e-01,-2.864367184427429099e-03,2.656629930119711915e-03,6.136543316726725816e-01,-1.332115178501370621e-03,2.827247190677293904e-05,-5.215279262047541644e-05,8.682226885500463144e-06
5.231250000000001066e+00,6.152676962623396806e-01,-2.847810741592702276e-03,2.641446290623310992e-03,6.136460303467358157e-01,-1.324316572014181976e-03,2.794839279748873628e-05,-5.155367968352603372e-05,8.582803569254192829e-06
5.237500000000000711e+00,6.152499489375251596e-01,-2.831348924894330852e-03,2.626349483393646770e-03,6.136377776226543679e-01,-1.316562542244635549e-03,2.762803652801447659e-05,-5.096147048867033042e-05,8.484520419443720215e-06
5.243750000000000355e+00,6.152323042047683765e-01,-2.814981193185654793e-03,2.611339011304691406e-03,6.136295732226204613e-01,-1.308852834431263774e-03,2.731136020009705768e-05,-5.037608514854938500e-05,8.387364328674592849e-06
5.250000000000000000e+00,6.152147614777211393e-01,-2.798707008418129145e-03,2.596414380083478593e-03,6.136214168704143823e-01,-1.301187195270433160e-03,2.699832141186865535e-05,-4.979744470542313208e-05,8.291322340740026286e-06
5.262500000000000178e+00,6.151799797121100255e-01,-2.766437142897062301e-03,2.566820677319768453e-03,6.136052472124902124e-01,-1.285987116931316997e-03,2.638298929457502101e-05,-4.866008726267541639e-05,8.102529594065734333e-06
5.275000000000000355e+00,6.151455990166243559e-01,-2.734535085231209420e-03,2.537564477356502816e-03,6.135892664705323574e-01,-1.270960309638436000e-03,2.578171067085114270e-05,-4.754878467928664139e-05,7.918041487388715783e-06
5.287500000000000533e+00,6.151116148199325950e-01,-2.702996640763882536e-03,2.508641927054260003e-03,6.135734724910187898e-01,-1.256104798599184686e-03,2.519416361512964681e-05,-4.646293766450303224e-05,7.737759637743598225e-06
5.300000000000000711e+00,6.150780226028367270e-01,-2.671817662726524642e-03,2.480049217366684343e-03,6.135578631449712939e-01,-1.241418631556488739e-03,2.462003360601776726e-05,-4.540196078669692754e-05,7.561587917978335604e-06
5.312500000000000000e+00,6.150448178976767322e-01,-2.640994051690720087e-03,2.451782582833598664e-03,6.135424363276752446e-01,-1.226899878531427556e-03,2.405901335508384844e-05,-4.436528215056303814e-05,7.389432404806154449e-06
5.325000000000000178e+00,6.150119962877426127e-01,-2.610521755026498549e-03,2.423838301079986237e-03,6.135271899584031630e-01,-1.212546631568798888e-03,2.351080263963103891e-05,-4.335234308190326054e-05,7.221201328060668890e-06
5.337500000000000355e+00,6.149795534066923031e-01,-2.580396766366884875e-03,2.396212692320810050e-03,6.135121219801402681e-01,-1.198357004485611039e-03,2.297510813936512756e-05,-4.236259781982075858e-05,7.056805021126236955e-06
5.350000000000000533e+00,6.149474849379772401e-01,-2.550615125078578137e-03,2.368902118871552779e-03,6.134972303593146936e-01,-1.184329132622448854e-03,2.245164327686413811e-05,-4.139551321614553126e-05,6.896155872515914374e-06
5.362500000000000711e+00,6.149157866142732631e-01,-2.521172915738728246e-03,2.341902984664444472e-03,6.134825130855290354e-01,-1.170461172597691592e-03,2.194012806176100431e-05,-4.045056844192065074e-05,6.739168278570401424e-06
5.375000000000000000e+00,6.148844542169196181e-01,-2.492066267617724235e-03,2.315211734770299904e-03,6.134679681712971178e-01,-1.156751302064549071e-03,2.144028893855193243e-05,-3.952725470078109879e-05,6.585758597251795113e-06
5.387500000000000178e+00,6.148534835753626249e-01,-2.463291354167910542e-03,2.288824854925887529e-03,6.134535936517813148e-01,-1.143197719470877933e-03,2.095185863794511415e-05,-3.862507494906094508e-05,6.435845103006552745e-06
5.400000000000000355e+00,6.148228705666071159e-01,-2.434844392518202647e-03,2.262738871066797934e-03,6.134393875845348676e-01,-1.129798643821756975e-03,2.047457603166721421e-05,-3.774354362247030279e-05,6.289347942672909786e-06
5.412500000000000533e+00,6.147926111146733152e-01,-2.406721642974484106e-03,2.236950348865702955e-03,6.134253480492464217e-01,-1.116552314444776680e-03,2.000818599064585026e-05,-3.688218636918454715e-05,6.146189092408192320e-06
5.425000000000000711e+00,6.147627011900604899e-01,-2.378919408525752895e-03,2.211455893275978551e-03,6.134114731474868965e-01,-1.103456990758019734e-03,1.955243924648927719e-05,-3.604053978919479487e-05,6.006292315612426591e-06
5.437500000000000000e+00,6.147331368092162629e-01,-2.351434034355939871e-03,2.186252148080606444e-03,6.133977610024602400e-01,-1.090510952040701313e-03,1.910709225618591130e-05,-3.521815117977065453e-05,5.869583121824976804e-06
5.450000000000000178e+00,6.147039140340122554e-01,-2.324261907361322137e-03,2.161335795446298579e-03,6.133842097587564046e-01,-1.077712497206432477e-03,1.867190706994789173e-05,-3.441457828689008019e-05,5.735988726571503067e-06
5.462500000000000355e+00,6.146750289712255011e-01,-2.297399455673498382e-03,2.136703555482797560e-03,6.133708175821075415e-01,-1.065059944579088919e-03,1.824665120212559376e-05,-3.362938906249569361e-05,5.605438012139257273e-06
5.475000000000000533e+00,6.146464777720265227e-01,-2.270843148187821642e-03,2.112352185807261570e-03,6.133575826591464164e-01,-1.052551631671238847e-03,1.783109750512036761e-05,-3.286216142743836343e-05,5.477861489258912620e-06
5.487500000000000711e+00,6.146182566314719598e-01,-2.244589494097253956e-03,2.088278481113699930e-03,6.133445031971681560e-01,-1.040185914965113768e-03,1.742502404622585309e-05,-3.211248303997414930e-05,5.353191259671967755e-06
5.500000000000000000e+00,6.145903617880041914e-01,-2.218635042431573064e-03,2.064479272747391653e-03,6.133315774238944362e-01,-1.027961169696087239e-03,1.702821398732901628e-05,-3.137995106968284630e-05,5.231360979563075758e-06
5.512500000000000178e+00,6.145627895229560655e-01,-2.192976381601858312e-03,2.040951428284220204e-03,6.133188035872405575e-01,-1.015875789638629074e-03,1.664045546740387430e-05,-3.066417197667945535e-05,5.112305823837131772e-06
5.525000000000000355e+00,6.145355361600617350e-01,-2.167610138950222358e-03,2.017691851114888912e-03,6.133061799550845183e-01,-1.003928186894720038e-03,1.626154148773290998e-05,-2.996476129599414702e-05,4.995962451221591820e-06
5.537500000000000533e+00,6.145085980649722668e-01,-2.142532980304693267e-03,1.994697480033928976e-03,6.132937048150398640e-01,-9.921167916846819219e-04,1.589126979979182253e-05,-2.928134342699738733e-05,4.882268970174674842e-06
5.550000000000000711e+00,6.144819716447778024e-01,-2.117741609539211013e-03,1.971965288833471466e-03,6.132813764742301998e-01,-9.804400521404050151e-04,1.552944279573565176e-05,-2.861355142775164097e-05,4.771164905580823423e-06
5.562500000000000000e+00,6.144556533475346027e-01,-2.093232768138675055e-03,1.949492285901709577e-03,6.132691932590664807e-01,-9.688964341009452010e-04,1.517586740142536603e-05,-2.796102681417297482e-05,4.662591166215094254e-06
5.575000000000000178e+00,6.144296396617973111e-01,-2.069003234768971439e-03,1.927275513826001707e-03,6.132571535150271869e-01,-9.574844209104576209e-04,1.483035497193529436e-05,-2.732341936388859519e-05,4.556490012958559337e-06
5.587500000000000355e+00,6.144039271161572113e-01,-2.045049824851949936e-03,1.905312049000571330e-03,6.132452556064403870e-01,-9.462025132184509642e-04,1.449272118948385726e-05,-2.670038692468009269e-05,4.452805027747391042e-06
5.600000000000000533e+00,6.143785122787854824e-01,-2.021369390145260139e-03,1.883599001238728428e-03,6.132334979162693545e-01,-9.350492287823215093e-04,1.416278596373038228e-05,-2.609159522740311053e-05,4.351481083238428615e-06
5.612500000000000711e+00,6.143533917569811154e-01,-1.997958818327014423e-03,1.862133513389576701e-03,6.132218788458990710e-01,-9.240231022721523890e-04,1.384037333438313727e-05,-2.549671770327851262e-05,4.252464313174699677e-06
5.625000000000000000e+00,6.143285621967247145e-01,-1.974815032585214899e-03,1.840912760959149313e-03,6.132103968149266171e-01,-9.131226850777466372e-04,1.352531137606443855e-05,-2.491543530545150666e-05,4.155702083434606585e-06
5.637500000000000178e+00,6.143040202822376283e-01,-1.951934991211880374e-03,1.819933951735912226e-03,6.131990502609531157e-01,-9.023465451178666955e-04,1.321743210538000668e-05,-2.434743633471791877e-05,4.061142963748872902e-06
5.650000000000000355e+00,6.142797627355447432e-01,-1.929315687201843630e-03,1.799194325420608916e-03,6.131878376393785635e-01,-8.916932666516648757e-04,1.291657139014142560e-05,-2.379241626931985476e-05,3.968736700069849243e-06
5.662500000000000533e+00,6.142557863160440501e-01,-1.906954147856132487e-03,1.778691153260360995e-03,6.131767574231983264e-01,-8.811614500922646627e-04,1.262256886069102237e-05,-2.325007759871401046e-05,3.878434187577894610e-06
5.675000000000000711e+00,6.142320878200796530e-01,-1.884847434389907116e-03,1.758421737687003092e-03,6.131658081028028562e-01,-8.707497118224807138e-04,1.233526782328039855e-05,-2.272012966121955208e-05,3.790187444310177880e-06
5.687500000000000000e+00,6.142086640805207720e-01,-1.862992641544890726e-03,1.738383411959590601e-03,6.131549881857786266e-01,-8.604566840126473071e-04,1.205451517545458654e-05,-2.220228848545392121e-05,3.703949585397391013e-06
5.700000000000000178e+00,6.141855119663446327e-01,-1.841386897206236366e-03,1.718573539811026323e-03,6.131442961967125127e-01,-8.502810144405288911e-04,1.178016132339496795e-05,-2.169627663546717526e-05,3.619674797894276842e-06
5.712500000000000355e+00,6.141626283822247956e-01,-1.820027362023799930e-03,1.698989515098779310e-03,6.131337306769975015e-01,-8.402213663132991834e-04,1.151206010117553939e-05,-2.120182305948825597e-05,3.537318316190268957e-06
5.725000000000000533e+00,6.141400102681237039e-01,-1.798911229037739121e-03,1.679628761459618516e-03,6.131232901846410677e-01,-8.302764180915508723e-04,1.125006869188751107e-05,-2.071866294219742218e-05,3.456836397986684840e-06
5.737500000000000711e+00,6.141176545988906721e-01,-1.778035723308411505e-03,1.660488731968336748e-03,6.131129732940752142e-01,-8.204448633153226932e-04,1.099404755058902249e-05,-2.024653756044237304e-05,3.378186300827424527e-06
5.750000000000000000e+00,6.140955583838633158e-01,-1.757398101550511783e-03,1.641566908800410479e-03,6.131027785959695109e-01,-8.107254104321180753e-04,1.074386032903727129e-05,-1.978519414231686828e-05,3.301326259170316426e-06
5.762500000000000178e+00,6.140737186664740888e-01,-1.736995651771397128e-03,1.622860802898543932e-03,6.130927046970456873e-01,-8.011167826268885805e-04,1.049937380216149303e-05,-1.933438572952253984e-05,3.226215461986558536e-06
5.775000000000000355e+00,6.140521325238621486e-01,-1.716825692913568268e-03,1.604367953643070100e-03,6.130827502198945567e-01,-7.916177176539700979e-04,1.026045779623646287e-05,-1.889387104293719055e-05,3.152814030876096746e-06
5.787500000000000533e+00,6.140307970664879988e-01,-1.696885574501233885e-03,1.586085928526139105e-03,6.130729138027943836e-01,-7.822269676709352583e-04,1.002698511871658511e-05,-1.846341435131351673e-05,3.081082998686883979e-06
5.800000000000000711e+00,6.140097094377539033e-01,-1.677172676290931454e-03,1.568012322829670036e-03,6.130631940995326934e-01,-7.729432990743508990e-04,9.798831489692137175e-06,-1.804278534303519607e-05,3.010984288626430227e-06
5.812500000000000000e+00,6.139888668136281868e-01,-1.657684407926150088e-03,1.550144759307011842e-03,6.130535897792288580e-01,-7.637654923374151026e-04,9.575875474929842966e-06,-1.763175900085828561e-05,2.942480693854218693e-06
5.825000000000000178e+00,6.139682664022731995e-01,-1.638418208595901395e-03,1.532480887868268400e-03,6.130440995261590142e-01,-7.546923418494489800e-04,9.357998420460802657e-06,-1.723011547956766998e-05,2.875535857543828384e-06
5.837500000000000355e+00,6.139479054436789429e-01,-1.619371546697217753e-03,1.515018385269262377e-03,6.130347220395833130e-01,-7.457226557572314883e-04,9.145084388680006969e-06,-1.683763998648056366e-05,2.810114253403966454e-06
5.850000000000000533e+00,6.139277812092994724e-01,-1.600541919501499710e-03,1.497754954804068287e-03,6.130254560335751668e-01,-7.368552558081437834e-04,8.937020095921967297e-06,-1.645412266472960261e-05,2.746181166647689393e-06
5.862500000000000711e+00,6.139078910016941837e-01,-1.581926852824691934e-03,1.480688326001095012e-03,6.130163002368514968e-01,-7.280889771951112865e-04,8.733694851478341506e-06,-1.607935847926073071e-05,2.683702675399520764e-06
5.875000000000000000e+00,6.138882321541730969e-01,-1.563523900701238242e-03,1.463816254322668556e-03,6.130072533926066436e-01,-7.194226684033201572e-04,8.535000498023955284e-06,-1.571314710548202490e-05,2.622645632530302797e-06
5.887500000000000178e+00,6.138688020304460258e-01,-1.545330645061760008e-03,1.447136520868067770e-03,6.129983142583460554e-01,-7.108551910586846439e-04,8.340831353418405009e-06,-1.535529282050116819e-05,2.562977647909871548e-06
5.900000000000000355e+00,6.138495980242762995e-01,-1.527344695414441667e-03,1.430646932079992660e-03,6.129894816057237517e-01,-7.023854197780549048e-04,8.151084153851458045e-06,-1.500560439689119239e-05,2.504667071067955769e-06
5.912500000000000533e+00,6.138306175591371483e-01,-1.509563688530048955e-03,1.414345319454400228e-03,6.129807542203807857e-01,-6.940122420211315788e-04,7.965657998300759506e-06,-1.466389499892474756e-05,2.447682974253775888e-06
5.925000000000000711e+00,6.138118580878739738e-01,-1.491985288130561220e-03,1.398229539253685507e-03,6.129721309017851505e-01,-6.857345579440789771e-04,7.784454294271547090e-06,-1.432998208121940496e-05,2.391995135885183694e-06
5.937500000000000000e+00,6.137933170923682846e-01,-1.474607184581366859e-03,1.382297472223166165e-03,6.129636104630743487e-01,-6.775512802548122821e-04,7.607376704788531332e-06,-1.400368728973733733e-05,2.337574024378324803e-06
5.950000000000000178e+00,6.137749920832075157e-01,-1.457427094586977428e-03,1.366547023310822097e-03,6.129551917308996289e-01,-6.694613340699381550e-04,7.434331096610783022e-06,-1.368483636508414799e-05,2.284390782349005858e-06
5.962500000000000355e+00,6.137568805993568466e-01,-1.440442760890236346e-03,1.350976121390274612e-03,6.129468735452709982e-01,-6.614636567733379099e-04,7.265225489641427500e-06,-1.337325904805330635e-05,2.232417211177232614e-06
5.975000000000000533e+00,6.137389802078363488e-01,-1.423651951974957584e-03,1.335582718986938217e-03,6.129386547594056767e-01,-6.535571978763625705e-04,7.099970007504145475e-06,-1.306878898736317734e-05,2.181625755926457044e-06
5.987500000000000711e+00,6.137212885034005749e-01,-1.407052461771976124e-03,1.320364792007332417e-03,6.129305342395765521e-01,-6.457409188796308123e-04,6.938476829259586218e-06,-1.277126364953563629e-05,2.131989490609393908e-06
6.000000000000000000e+00,6.137038031082222567e-01,-1.390642109368559441e-03,1.305320339471504948e-03,6.129225108649638543e-01,-6.380137931364076708e-04,6.780660142235179316e-06,-1.248052423086605243e-05,2.083482103792380712e-06
6.012500000000000178e+00,6.136865216715799987e-01,-1.374418738721140329e-03,1.290447383248528954e-03,6.129145835275071619e-01,-6.303748057175441758e-04,6.626436095942440150e-06,-1.219641557143559566e-05,2.036077884530450683e-06
6.025000000000000355e+00,6.136694418695488595e-01,-1.358380218371349393e-03,1.275743967795052404e-03,6.129067511317604078e-01,-6.228229532779671783e-04,6.475722757056729995e-06,-1.191878607111841277e-05,1.989751708625531861e-06
6.037500000000000533e+00,6.136525614046950405e-01,-1.342524441165282145e-03,1.261208159896843803e-03,6.128990125947476608e-01,-6.153572439246916131e-04,6.328440065434582336e-06,-1.164748760753658808e-05,1.944479025200242204e-06
6.050000000000000711e+00,6.136358780057737938e-01,-1.326849323975988352e-03,1.246838048413315353e-03,6.128913668458204622e-01,-6.079766970863450084e-04,6.184509791144713334e-06,-1.138237545591769590e-05,1.900235843580052751e-06
6.062500000000000000e+00,6.136193894274304395e-01,-1.311352807429131805e-03,1.232631744024983425e-03,6.128838128265177154e-01,-6.006803433841858067e-04,6.043855492489153661e-06,-1.112330821081033673e-05,1.856998720476678784e-06
6.075000000000000178e+00,6.136030934499056011e-01,-1.296032855631786690e-03,1.218587378983826885e-03,6.128763494904260201e-01,-5.934672245045936011e-04,5.906402474991502228e-06,-1.087014770961415190e-05,1.814744747465737649e-06
6.087500000000000355e+00,6.135869878787433285e-01,-1.280887455904346044e-03,1.204703106866526156e-03,6.128689758030425594e-01,-5.863363930730242351e-04,5.772077751330031613e-06,-1.062275895788223759e-05,1.773451538751926615e-06
6.100000000000000533e+00,6.135710705445022173e-01,-1.265914618515485502e-03,1.190977102330527480e-03,6.128616907416389870e-01,-5.792869125294013632e-04,5.640810002193555418e-06,-1.038101005635413543e-05,1.733097219215030482e-06
6.112500000000000711e+00,6.135553393024706370e-01,-1.251112376420165625e-03,1.177407560872917227e-03,6.128544932951269786e-01,-5.723178570049365557e-04,5.512529538038827515e-06,-1.014477212967932620e-05,1.693660412730324459e-06
6.125000000000000000e+00,6.135397920323844012e-01,-1.236478785000629226e-03,1.163992698592065684e-03,6.128473824639252276e-01,-5.654283112003588661e-04,5.387168261728532848e-06,-9.913919256791617972e-06,1.655120230757030986e-06
6.137500000000000178e+00,6.135244266381484346e-01,-1.222011921810356623e-03,1.150730751952005852e-03,6.128403572598284388e-01,-5.586173702655344549e-04,5.264659632029444416e-06,-9.688328402895844452e-06,1.617456261188634047e-06
6.150000000000000355e+00,6.135092410475607716e-01,-1.207709886320960588e-03,1.137619977549528608e-03,6.128334167058772097e-01,-5.518841396804693294e-04,5.144938627950945368e-06,-9.467879353029497476e-06,1.580648557459059051e-06
6.162500000000000533e+00,6.134942332120406627e-01,-1.193570799671963330e-03,1.124658651883944779e-03,6.128265598362296895e-01,-5.452277351376677702e-04,5.027941713904301456e-06,-9.252454647162205379e-06,1.544677627898760885e-06
6.175000000000000711e+00,6.134794011063585684e-01,-1.179592804423441844e-03,1.111845071129496151e-03,6.128197856960345691e-01,-5.386472824258404807e-04,4.913606805663802642e-06,-9.041939516797463280e-06,1.509524425335005016e-06
6.187500000000000000e+00,6.134647427283705934e-01,-1.165774064311500633e-03,1.099177550910380476e-03,6.128130933413057368e-01,-5.321419173149417522e-04,4.801873237111173855e-06,-8.836221823041470161e-06,1.475170336930698463e-06
6.200000000000000178e+00,6.134502560987551423e-01,-1.152112764006536696e-03,1.086654426078356890e-03,6.128064818387981560e-01,-5.257107854425210067e-04,4.692681727745103836e-06,-8.635191996104839076e-06,1.441597174256262629e-06
6.212500000000000355e+00,6.134359392607524608e-01,-1.138607108874276162e-03,1.074274050492913515e-03,6.127999502658854070e-01,-5.193530422013788519e-04,4.585974350938291569e-06,-8.438742976203959844e-06,1.408787163589216748e-06
6.225000000000000533e+00,6.134217902799076194e-01,-1.125255324739536395e-03,1.062034796803951273e-03,6.127934977104378955e-01,-5.130678526285037963e-04,4.481694502924576667e-06,-8.246770155829152737e-06,1.376722936436176511e-06
6.237500000000000711e+00,6.134078072438163831e-01,-1.112055657652690150e-03,1.049935056236966360e-03,6.127871232707036153e-01,-5.068543912952822505e-04,4.379786872499373146e-06,-8.059171323347942616e-06,1.345387520272182718e-06
6.250000000000000000e+00,6.133939882618735240e-01,-1.099006373658802929e-03,1.037973238380699922e-03,6.127808260551894648e-01,-5.007118421989653363e-04,4.280197411416885202e-06,-7.875846607912335190e-06,1.314764329492342753e-06
6.262500000000000178e+00,6.133803314650245753e-01,-1.086105758569402141e-03,1.026147770977221558e-03,6.127746051825437856e-01,-4.946393986553742879e-04,4.182873305467956320e-06,-7.696698425639615797e-06,1.284837156570885664e-06
6.275000000000000355e+00,6.133668350055199170e-01,-1.073352117736865903e-03,1.014457099714430799e-03,6.127684597814410106e-01,-4.886362631928394592e-04,4.087762946222915471e-06,-7.521631427037262550e-06,1.255590163422888919e-06
6.287500000000000533e+00,6.133534970566721922e-01,-1.060743775831380319e-03,1.002899688020931048e-03,6.127623889904667553e-01,-4.827016474473472393e-04,3.994815903423928179e-06,-7.350552445642713091e-06,1.227007872963965247e-06
6.300000000000000711e+00,6.133403158126161658e-01,-1.048279076620452872e-03,9.914740168632631741e-04,6.127563919580047980e-01,-4.768347720588904880e-04,3.903982898011934508e-06,-7.183370447849950726e-06,1.199075160863392098e-06
6.312500000000000000e+00,6.133272894880710258e-01,-1.035956382750942038e-03,9.801785845454660199e-04,6.127504678421255013e-01,-4.710348665690036784e-04,3.815215775773476249e-06,-7.019996483895199233e-06,1.171777247486212470e-06
6.325000000000000178e+00,6.133144163181062369e-01,-1.023774075533577955e-03,9.690119065109328161e-04,6.127446158104744578e-01,-4.653011693194699532e-04,3.728467481593078972e-06,-6.860343639974725492e-06,1.145099690019958628e-06
6.337500000000000355e+00,6.133016945579091717e-01,-1.011730554729950741e-03,9.579725151465487594e-04,6.127388350401636874e-01,-4.596329273521905013e-04,3.643692034297276435e-06,-6.704326991468591853e-06,1.119028374781772460e-06
6.350000000000000533e+00,6.132891224825560705e-01,-9.998242383419265588e-04,9.470589595890689834e-04,6.127331247176632800e-01,-4.540293963101966817e-04,3.560844502076501191e-06,-6.551863557244406856e-06,1.093549509701737694e-06
6.362500000000000711e+00,6.132766983867851129e-01,-9.880535624034734229e-04,9.362698055337214222e-04,6.127274840386945920e-01,-4.484898403397966039e-04,3.479880978471590838e-06,-6.402872255016152893e-06,1.068649616978401206e-06
6.375000000000000000e+00,6.132644205847727070e-01,-9.764169807748657517e-04,9.256036350450050744e-04,6.127219122081244418e-01,-4.430135319938418507e-04,3.400758558911840633e-06,-6.257273857733503145e-06,1.044315525902509995e-06
6.387500000000000178e+00,6.132522874099113341e-01,-9.649129649392369735e-04,9.150590463696554790e-04,6.127164084398607491e-01,-4.375997521360997628e-04,3.323435317791849511e-06,-6.114990950977633037e-06,1.020534365845088635e-06
6.400000000000000355e+00,6.132402972145909459e-01,-9.535400038014634925e-04,9.046346537517624409e-04,6.127109719567492840e-01,-4.322477898467237483e-04,3.247870286074799637e-06,-5.975947891340299734e-06,9.972935594061076155e-07
6.412500000000000533e+00,6.132284483699824706e-01,-9.422966034893395749e-04,8.943290872500017337e-04,6.127056019904711937e-01,-4.269569423288024283e-04,3.174023429409922217e-06,-5.840070765763149513e-06,9.745808157200105373e-07
6.425000000000000711e+00,6.132167392658234295e-01,-9.311812871570266737e-04,8.841409925569658186e-04,6.127002977814424156e-01,-4.217265148159798655e-04,3.101855626752360576e-06,-5.707287351815103128e-06,9.523841239145259978e-07
6.437500000000000000e+00,6.132051683102065498e-01,-9.201925947907491120e-04,8.740690308205667980e-04,6.126950585787138692e-01,-4.165558204811339199e-04,3.031328649473816833e-06,-5.577527078885988559e-06,9.306917467192274928e-07
6.450000000000000178e+00,6.131937339293707101e-01,-9.093290830167046835e-04,8.641118784674836325e-04,6.126898836398725345e-01,-4.114441803460979321e-04,2.962405140952639124e-06,-5.450720990275108127e-06,9.094922142203967661e-07
6.462500000000000355e+00,6.131824345674936616e-01,-8.985893249111780254e-04,8.542682270286418040e-04,6.126847722309440858e-01,-4.063909231924199344e-04,2.895048596632365909e-06,-5.326801706154112160e-06,8.887743177588487442e-07
6.475000000000000533e+00,6.131712686864881912e-01,-8.879719098128140489e-04,8.445367829666850911e-04,6.126797236262964130e-01,-4.013953854731398731e-04,2.829223344537823496e-06,-5.205703387383700511e-06,8.685271039674043581e-07
6.487500000000000711e+00,6.131602347657993946e-01,-8.774754431370410156e-04,8.349162675054313263e-04,6.126747371085441429e-01,-3.964569112255788251e-04,2.764894526238312545e-06,-5.087361700164485507e-06,8.487398689448258784e-07
6.500000000000000000e+00,6.131493313022052805e-01,-8.670985461926119294e-04,8.254054164612808012e-04,6.126698119684544919e-01,-3.915748519851269815e-04,2.702028078247539157e-06,-4.971713781502626061e-06,8.294021525630720601e-07
6.512500000000000178e+00,6.131385568096191507e-01,-8.568398560002376792e-04,8.160029800765558530e-04,6.126649475048543403e-01,-3.867485667000170090e-04,2.640590713850214246e-06,-4.858698205471291578e-06,8.105037329048049321e-07
6.525000000000000355e+00,6.131279098188942012e-01,-8.466980251132997896e-04,8.067077228547567778e-04,6.126601430245373070e-01,-3.819774216470773662e-04,2.580549905345549826e-06,-4.748254950249626731e-06,7.920346208281768384e-07
6.537500000000000533e+00,6.131173888776305647e-01,-8.366717214406016890e-04,7.975184233976994859e-04,6.126553978421737101e-01,-3.772607903484462787e-04,2.521873866697957489e-06,-4.640325365921038073e-06,7.739850546559493181e-07
6.550000000000000711e+00,6.131069925499844642e-01,-8.267596280711494950e-04,7.884338742445228627e-04,6.126507112802196398e-01,-3.725980534892421960e-04,2.464531536585639341e-06,-4.534852143013314641e-06,7.563454949861080605e-07
6.562500000000000000e+00,6.130967194164796963e-01,-8.169604431009321781e-04,7.794528817125418764e-04,6.126460826688284733e-01,-3.679885988361768006e-04,2.408492561837877701e-06,-4.431779281763361533e-06,7.391066196211778817e-07
6.575000000000000178e+00,6.130865680738206702e-01,-8.072728794616768153e-04,7.705742657399203017e-04,6.126415113457626127e-01,-3.634318211570988582e-04,2.353727281252054748e-06,-4.331052062089716760e-06,7.222593186135095350e-07
6.587500000000000355e+00,6.130765371347084436e-01,-7.976956647515662507e-04,7.617968597301543864e-04,6.126369966563063318e-01,-3.589271221414631094e-04,2.300206709781720462e-06,-4.232617014256564612e-06,7.057946894238913765e-07
6.600000000000000533e+00,6.130666252276584238e-01,-7.882275410678825150e-04,7.531195103983300563e-04,6.126325379531802895e-01,-3.544739103217069099e-04,2.247902523087077580e-06,-4.136421890213090942e-06,6.897040321908632608e-07
6.612500000000000711e+00,6.130568309968198459e-01,-7.788672648415636461e-04,7.445410776191466098e-04,6.126281345964557090e-01,-3.500716009955296315e-04,2.196787042439608494e-06,-4.042415635592643229e-06,6.739788451082106260e-07
6.625000000000000000e+00,6.130471531017979148e-01,-7.696136066736507068e-04,7.360604342766809919e-04,6.126237859534712227e-01,-3.457196161490624095e-04,2.146833219972668942e-06,-3.950548362356393780e-06,6.586108199081483852e-07
6.637500000000000178e+00,6.130375902174776126e-01,-7.604653511735974623e-04,7.276764661158700940e-04,6.126194913987486057e-01,-3.414173843809169620e-04,2.098014624270063931e-06,-3.860771322066544072e-06,6.435918374477680868e-07
6.650000000000000355e+00,6.130281410338495052e-01,-7.514212967994330673e-04,7.193880715957012145e-04,6.126152503139118410e-01,-3.371643408271076791e-04,2.050305426284889869e-06,-3.773036879774605036e-06,6.289139633963917928e-07
6.662500000000000533e+00,6.130188042558379902e-01,-7.424802556997428526e-04,7.111941617440777205e-04,6.126110620876048518e-01,-3.329599270868316961e-04,2.003680385580965790e-06,-3.687298488510390990e-06,6.145694440215004737e-07
6.675000000000000711e+00,6.130095786031304339e-01,-7.336410535574554997e-04,7.030936600143505855e-04,6.126069261154116763e-01,-3.288035911491006070e-04,1.958114836889486631e-06,-3.603510664357923121e-06,6.005507020709895332e-07
6.687500000000000000e+00,6.130004628100095276e-01,-7.249025294354140541e-04,6.950855021434930361e-04,6.126028417997767539e-01,-3.246947873202136819e-04,1.913584676973632697e-06,-3.521628962104640448e-06,5.868503327495384796e-07
6.700000000000000178e+00,6.129914556251871982e-01,-7.162635356237058394e-04,6.871686360118971649e-04,6.125988085499269875e-01,-3.206329761520610409e-04,1.870066351794033369e-06,-3.441609951450619833e-06,5.734610997869313183e-07
6.712500000000000355e+00,6.129825558116392958e-01,-7.077229374887414066e-04,6.793420215047816678e-04,6.125948257817932507e-01,-3.166176243712517978e-04,1.827536843968213082e-06,-3.363411193764955567e-06,5.603759315962349644e-07
6.725000000000000533e+00,6.129737621464439457e-01,-6.992796133240498837e-04,6.716046303751818658e-04,6.125908929179344486e-01,-3.126482048090519395e-04,1.785973660517200104e-06,-3.286991219376523564e-06,5.475879175197548314e-07
6.737500000000000711e+00,6.129650734206206764e-01,-6.909324542027796669e-04,6.639554461085107363e-04,6.125870093874612454e-01,-3.087241963321272261e-04,1.745354820892737849e-06,-3.212309505386867265e-06,5.350903041607716709e-07
6.750000000000000000e+00,6.129564884389712143e-01,-6.826803638318829862e-04,6.563934637886717624e-04,6.125831746259609023e-01,-3.048450837740802693e-04,1.705658845278637557e-06,-3.139326453993111282e-06,5.228764917990876638e-07
6.762500000000000178e+00,6.129480060199230529e-01,-6.745222584079609267e-04,6.489176899657019167e-04,6.125793880754234477e-01,-3.010103578677720301e-04,1.666864743159952628e-06,-3.068003371309087136e-06,5.109400308884567735e-07
6.775000000000000355e+00,6.129396249953735776e-01,-6.664570664747597982e-04,6.415271425249361066e-04,6.125756491841684026e-01,-2.972195151784218291e-04,1.628952002153863476e-06,-2.998302446673241196e-06,4.992746186340367384e-07
6.787500000000000533e+00,6.129313442105372989e-01,-6.584837287822876278e-04,6.342208505576634814e-04,6.125719574067718387e-01,-2.934720580374725312e-04,1.591900577096202438e-06,-2.930186732431976704e-06,4.878740956480104519e-07
6.800000000000000711e+00,6.129231625237934189e-01,-6.506011981475406936e-04,6.269978542332683372e-04,6.125683122039952133e-01,-2.897674944772160826e-04,1.555690879377785418e-06,-2.863620124187525195e-06,4.767324426816003441e-07
6.812500000000000000e+00,6.129150788065365063e-01,-6.428084393168193890e-04,6.198572046728348037e-04,6.125647130427140929e-01,-2.861053381661692063e-04,1.520303766524799357e-06,-2.798567341499592938e-06,4.658437774317202365e-07
6.825000000000000178e+00,6.129070919430277264e-01,-6.351044288296124954e-04,6.127979638241955792e-04,6.125611593958483203e-01,-2.824851083451892283e-04,1.485720532017623754e-06,-2.734993909030287251e-06,4.552023514205514924e-07
6.837500000000000355e+00,6.128992008302487360e-01,-6.274881548840393437e-04,6.058192043384168007e-04,6.125576507422928474e-01,-2.789063297643264573e-04,1.451922895342649352e-06,-2.672866138122151096e-06,4.448025469463846546e-07
6.850000000000000533e+00,6.128914043777564657e-01,-6.199586172038217859e-04,5.989200094476918338e-04,6.125541865668491237e-01,-2.753685326203982628e-04,1.418892992271690764e-06,-2.612151108799223281e-06,4.346388741040791979e-07
6.862500000000000711e+00,6.128837015075399020e-01,-6.125148269067768681e-04,5.920994728446354188e-04,6.125507663601573727e-01,-2.718712524952818710e-04,1.386613365363806875e-06,-2.552816652181428730e-06,4.247059678735587146e-07
6.875000000000000000e+00,6.128760911538784217e-01,-6.051558063748086304e-04,5.853566985629593067e-04,6.125473896186296452e-01,-2.684140302949153617e-04,1.355066954684406366e-06,-2.494831333302737064e-06,4.149985852747792344e-07
6.887500000000000178e+00,6.128685722632021271e-01,-5.978805891253817940e-04,5.786908008595120388e-04,6.125440558443838723e-01,-2.649964121889981927e-04,1.324237088736639808e-06,-2.438164434323752252e-06,4.055116025876461245e-07
6.900000000000000355e+00,6.128611437939529560e-01,-5.906882196844651925e-04,5.721009040976731113e-04,6.125407645451780292e-01,-2.616179495513869680e-04,1.294107475600240936e-06,-2.382785938129702237e-06,3.962400126354021860e-07
6.912500000000000533e+00,6.128538047164484581e-01,-5.835777534609202285e-04,5.655861426320778901e-04,6.125375152343459639e-01,-2.582781989011733868e-04,1.264662194273006357e-06,-2.328666512304850870e-06,3.871789221300209443e-07
6.925000000000000711e+00,6.128465540127459033e-01,-5.765482566223241630e-04,5.591456606946636253e-04,6.125343074307331159e-01,-2.549767218444405777e-04,1.235885686210299916e-06,-2.275777493474717788e-06,3.783235490781955127e-07
6.937500000000000000e+00,6.128393906765089438e-01,-5.695988059722099147e-04,5.527786122820199785e-04,6.125311406586331220e-01,-2.517130850166887646e-04,1.207762747058024691e-06,-2.224090872007601637e-06,3.696692202465331516e-07
6.950000000000000178e+00,6.128323137128753872e-01,-5.627284888287030712e-04,5.464841610440271478e-04,6.125280144477258659e-01,-2.484868600259217001e-04,1.180278518574612278e-06,-2.173579277067108657e-06,3.612113686845971503e-07
6.962500000000000355e+00,6.128253221383265226e-01,-5.559364029045480880e-04,5.402614801737721595e-04,6.125249283330151950e-01,-2.452976233963895291e-04,1.153418480737726687e-06,-2.124215962007645335e-06,3.529455313044819629e-07
6.975000000000000533e+00,6.128184149805578906e-01,-5.492216561884977633e-04,5.341097522987213160e-04,6.125218818547678579e-01,-2.421449565129765084e-04,1.127168444031398527e-06,-2.075974790104904539e-06,3.448673465156152111e-07
6.987500000000000711e+00,6.128115912783512753e-01,-5.425833668280577492e-04,5.280281693731399099e-04,6.125188745584534411e-01,-2.390284455662291380e-04,1.101514541909488157e-06,-2.028830220613675258e-06,3.369725519135323608e-07
7.000000000000000000e+00,6.128048500814491373e-01,-5.360206630135679919e-04,5.220159325717437003e-04,6.125159059946841955e-01,-2.359476814980168962e-04,1.076443223431417558e-06,-1.982757295145416164e-06,3.292569820213867704e-07
7.012500000000000178e+00,6.127981904504290478e-01,-5.295326828636029957e-04,5.160722521845644787e-04,6.125129757191563051e-01,-2.329022599478169887e-04,1.051941246066213997e-06,-1.937731624358214511e-06,3.217165660829849118e-07
7.025000000000000355e+00,6.127916114565808980e-01,-5.231185743116851649e-04,5.101963475130237612e-04,6.125100832925912675e-01,-2.298917811996193685e-04,1.027995668661032667e-06,-1.893729374951977798e-06,3.143473259061775953e-07
7.037500000000000533e+00,6.127851121817844415e-01,-5.167774949942824901e-04,5.043874467671912972e-04,6.125072282806783841e-01,-2.269158501294407258e-04,1.004593844570350474e-06,-1.850727256961767056e-06,3.071453737554435310e-07
7.050000000000000711e+00,6.127786917183890569e-01,-5.105086121400880883e-04,4.986447869642213464e-04,6.125044102540175839e-01,-2.239740761534437879e-04,9.817234149421730397e-07,-1.808702511342456525e-06,3.001069102925490000e-07
7.062500000000000000e+00,6.127723491690942881e-01,-5.043111024605602356e-04,4.929676138279513297e-04,6.125016287880628019e-01,-2.210660731766540138e-04,9.593723021576510227e-07,-1.767632897837989845e-06,2.932282225641816420e-07
7.075000000000000178e+00,6.127660836468322714e-01,-4.981841520417086902e-04,4.873551816896468060e-04,6.124988834630666901e-01,-2.181914595422659333e-04,9.375287034205736281e-07,-1.727496683128672896e-06,2.865056820354808826e-07
7.087500000000000355e+00,6.127598942746506072e-01,-4.921269562371187413e-04,4.818067533898872474e-04,6.124961738640247733e-01,-2.153498579815353879e-04,9.161810844933365561e-07,-1.688272629250142511e-06,2.799357426684237848e-07
7.100000000000000533e+00,6.127537801855982291e-01,-4.861387195621908104e-04,4.763216001815695727e-04,6.124934995806214921e-01,-2.125408955642472942e-04,8.953181735759892757e-07,-1.649939982277703620e-06,2.735149390440310902e-07
7.112500000000000711e+00,6.127477405226102736e-01,-4.802186555895868788e-04,4.708990016340240713e-04,6.124908602071759134e-01,-2.097642036497550518e-04,8.749289553251102848e-07,-1.612478461269968167e-06,2.672398845273982409e-07
7.125000000000000000e+00,6.127417744383965026e-01,-4.743659868458692660e-04,4.655382455382271615e-04,6.124882553425888831e-01,-2.070194178385846052e-04,8.550026650092966090e-07,-1.575868247465818711e-06,2.611072694745707821e-07
7.137500000000000178e+00,6.127358810953297263e-01,-4.685799447093153339e-04,4.602386278130970489e-04,6.124856845902895142e-01,-2.043061779245954317e-04,8.355287827981324583e-07,-1.540089973728851976e-06,2.551138594803051974e-07
7.150000000000000355e+00,6.127300596653355580e-01,-4.628597693089003644e-04,4.549994524128651852e-04,6.124831475581837825e-01,-2.016241278476952053e-04,8.164970281815979922e-07,-1.505124714233651783e-06,2.492564936657870941e-07
7.162500000000000533e+00,6.127243093297838339e-01,-4.572047094244282824e-04,4.498200312355039561e-04,6.124806438586027912e-01,-1.989729156470981602e-04,7.978973545169042398e-07,-1.470953974388275128e-06,2.435320830053853261e-07
7.175000000000000711e+00,6.127186292793812550e-01,-4.516140223878018748e-04,4.446996840322039318e-04,6.124781731082518110e-01,-1.963521934151237673e-04,7.797199436998554156e-07,-1.437559680987560445e-06,2.379376086915562682e-07
7.187500000000000000e+00,6.127130187140645834e-01,-4.460869739854185197e-04,4.396377383178869092e-04,6.124757349281595431e-01,-1.937616172515286477e-04,7.619552009578803178e-07,-1.404924172591933837e-06,2.324701205370241048e-07
7.200000000000000178e+00,6.127074768428963925e-01,-4.406228383616757056e-04,4.346335292827408154e-04,6.124733289436289363e-01,-1.912008472183649745e-04,7.445937497619395075e-07,-1.373030190126520102e-06,2.271267354133840383e-07
7.212500000000000355e+00,6.127020028839603727e-01,-4.352208979235805387e-04,4.296863997047707792e-04,6.124709547841875601e-01,-1.886695472953619764e-04,7.276264268546060209e-07,-1.341860867695529294e-06,2.219046357253016604e-07
7.225000000000000533e+00,6.126965960642590803e-01,-4.298804432464415010e-04,4.247956998633468017e-04,6.124686120835390879e-01,-1.861673853358211618e-04,7.110442773916344148e-07,-1.311399723606921346e-06,2.168010679194877635e-07
7.237500000000000711e+00,6.126912556196122406e-01,-4.246007729806369844e-04,4.199607874537428210e-04,6.124663004795146692e-01,-1.836940330230220949e-04,6.948385501944375524e-07,-1.281630651602553459e-06,2.118133410276598990e-07
7.250000000000000000e+00,6.126859807945566061e-01,-4.193811937594459625e-04,4.151810275026528597e-04,6.124640196140260784e-01,-1.812491658271322438e-04,6.790006931109282334e-07,-1.252537912289075365e-06,2.069388252427125511e-07
7.262500000000000178e+00,6.126807708422463694e-01,-4.142210201079268698e-04,4.104557922846729804e-04,6.124617691330181968e-01,-1.788324629626140440e-04,6.635223484822377166e-07,-1.224106124764949356e-06,2.021749505273357397e-07
7.275000000000000355e+00,6.126756250243556856e-01,-4.091195743528377483e-04,4.057844612397416210e-04,6.124595486864224947e-01,-1.764436073461266290e-04,6.483953487129053548e-07,-1.196320258439120823e-06,1.975192052543459276e-07
7.287500000000000533e+00,6.126705426109808617e-01,-4.040761865335793391e-04,4.011664208915211266e-04,6.124573579281109570e-01,-1.740822855549128501e-04,6.336117119421491158e-07,-1.169165625036895794e-06,1.929691348779984555e-07
7.300000000000000711e+00,6.126655228805453213e-01,-3.990901943141539625e-04,3.966010647667153805e-04,6.124551965158507860e-01,-1.717481877856687927e-04,6.191636378139203695e-07,-1.142627870788755768e-06,1.885223406355791276e-07
7.312500000000000000e+00,6.126605651197042368e-01,-3.941609428961274485e-04,3.920877933153099301e-04,6.124530641112594376e-01,-1.694410078138897460e-04,6.050435033434772319e-07,-1.116692968797897356e-06,1.841764782785816002e-07
7.325000000000000178e+00,6.126556686232514926e-01,-3.892877849325802387e-04,3.876260138317235457e-04,6.124509603797597679e-01,-1.671604429536860924e-04,5.912438588782628514e-07,-1.091347211582386274e-06,1.799292568327940570e-07
7.337500000000000355e+00,6.126508326940260929e-01,-3.844700804430425099e-04,3.832151403768650354e-04,6.124488849905365129e-01,-1.649061940180667049e-04,5.777574241509465977e-07,-1.066577203787939565e-06,1.757784373866391980e-07
7.350000000000000533e+00,6.126460566428216792e-01,-3.797071967293938043e-04,3.788545937010783459e-04,6.124468376164924344e-01,-1.626779652796808543e-04,5.645770844224988171e-07,-1.042369855067386328e-06,1.717218319071168354e-07
7.362500000000000711e+00,6.126413397882954914e-01,-3.749985082927226668e-04,3.745438011679717762e-04,6.124448179342055765e-01,-1.604754644320165104e-04,5.516958867132565364e-07,-1.018712373123006522e-06,1.677573020827236414e-07
7.375000000000000000e+00,6.126366814568785513e-01,-3.703433967511324644e-04,3.702821966791177517e-04,6.124428256238865220e-01,-1.582984025510485334e-04,5.391070361199608918e-07,-9.955922569079976286e-07,1.638827581927323231e-07
7.387500000000000178e+00,6.126320809826880653e-01,-3.657412507584819521e-04,3.660692205996134542e-04,6.124408603693365372e-01,-1.561464940573314693e-04,5.268038922167959807e-07,-9.729972899834144138e-07,1.600961580022277732e-07
7.400000000000000355e+00,6.126275377074392736e-01,-3.611914659240538059e-04,3.619043196844957499e-04,6.124389218579060490e-01,-1.540194566785338599e-04,5.147799655385221470e-07,-9.509155340270320971e-07,1.563955056823161119e-07
7.412500000000000533e+00,6.126230509803592961e-01,-3.566934447331344287e-04,3.577869470059956685e-04,6.124370097804530122e-01,-1.519170114124063144e-04,5.030289141438083569e-07,-9.293353224906211303e-07,1.527788507549268820e-07
7.425000000000000711e+00,6.126186201581016455e-01,-3.522465964685000950e-04,3.537165618816260921e-04,6.124351238313031631e-01,-1.498388824901807147e-04,4.915445402569432864e-07,-9.082452544022458742e-07,1.492442870616512054e-07
7.437500000000000000e+00,6.126142446046615175e-01,-3.478503371327960436e-04,3.496926298030930583e-04,6.124332637082089414e-01,-1.477847973403949148e-04,4.803207869861276104e-07,-8.876341883102587582e-07,1.457899517560661001e-07
7.450000000000000178e+00,6.126099236912928570e-01,-3.435040893717978953e-04,3.457146223660185883e-04,6.124314291123102993e-01,-1.457544865531375971e-04,4.693517351165955654e-07,-8.674912363657271525e-07,1.424140243190080679e-07
7.462500000000000355e+00,6.126056567964250910e-01,-3.392072823985498096e-04,3.417820172004710296e-04,6.124296197480952886e-01,-1.437476838447106263e-04,4.586315999768636178e-07,-8.478057585401435771e-07,1.391147255962756397e-07
7.475000000000000533e+00,6.126014433055819719e-01,-3.349593519183625772e-04,3.378942979022872442e-04,6.124278353233610916e-01,-1.417641260227013686e-04,4.481547283764219690e-07,-8.285673569752852281e-07,1.358903168582447148e-07
7.487500000000000711e+00,6.125972826113006420e-01,-3.307597400546669303e-04,3.340509539651821463e-04,6.124260755491754971e-01,-1.398035529514627512e-04,4.379155956132455029e-07,-8.097658704622155343e-07,1.327390988809004940e-07
7.500000000000000000e+00,6.125931741130521413e-01,-3.266078952757107425e-04,3.302514807136357200e-04,6.124243401398392628e-01,-1.378657075179955073e-04,4.279088025495264088e-07,-7.913913690464596356e-07,1.296594110477958112e-07
7.512500000000000178e+00,6.125891172171622490e-01,-3.225032723220886788e-04,3.264953792365461347e-04,6.124226288128483686e-01,-1.359503355982276450e-04,4.181290727540644850e-07,-7.734341487564530140e-07,1.266496304724581369e-07
7.525000000000000355e+00,6.125851113367336565e-01,-3.184453321350993083e-04,3.227821563216452718e-04,6.124209412888567128e-01,-1.340571860236887836e-04,4.085712497098032762e-07,-7.558847264524591731e-07,1.237081711407815312e-07
7.537500000000000533e+00,6.125811558915689181e-01,-3.144335417859147729e-04,3.191113243906621875e-04,6.124192772916395855e-01,-1.321860105485720370e-04,3.992302940850094606e-07,-7.387338347931677227e-07,1.208334830729438958e-07
7.550000000000000711e+00,6.125772503080942899e-01,-3.104673744055572106e-04,3.154824014352300139e-04,6.124176365480571427e-01,-1.303365638171814398e-04,3.901012810666515607e-07,-7.219724173172953972e-07,1.180240515044073640e-07
7.562500000000000000e+00,6.125733940192844562e-01,-3.065463091156720669e-04,3.118949109535264306e-04,6.124160187880186568e-01,-1.285086033317597658e-04,3.811793977545536376e-07,-7.055916236375479004e-07,1.152783960855654176e-07
7.575000000000000178e+00,6.125695864645877009e-01,-3.026698309600876703e-04,3.083483818876381669e-04,6.124144237444468786e-01,-1.267018894206918599e-04,3.724599406149326141e-07,-6.895828047443630434e-07,1.125950700996108885e-07
7.587500000000000355e+00,6.125658270898529656e-01,-2.988374308371552165e-04,3.048423485616451431e-04,6.124128511532431762e-01,-1.249161852070815044e-04,3.639383129919718582e-07,-6.739375084169358992e-07,1.099726596982122184e-07
7.600000000000000533e+00,6.125621153472564639e-01,-2.950486054328564753e-04,3.013763506204106984e-04,6.124113007532522301e-01,-1.231512565776947193e-04,3.556100226760934066e-07,-6.586474747390460739e-07,1.074097831545879339e-07
7.612500000000000711e+00,6.125584506952300723e-01,-2.913028571546730965e-04,2.979499329690739481e-04,6.124097722862283932e-01,-1.214068721522677195e-04,3.474706795276424475e-07,-6.437046317173032248e-07,1.049050901335859839e-07
7.625000000000000000e+00,6.125548325983902753e-01,-2.875996940662078091e-04,2.945626457132347834e-04,6.124082654968009409e-01,-1.196828032531745161e-04,3.395159931547161086e-07,-6.291010909994591452e-07,1.024572609783789374e-07
7.637500000000000178e+00,6.125512605274675559e-01,-2.839386298225480285e-04,2.912140440998228406e-04,6.124067801324410976e-01,-1.179788238754499868e-04,3.317417706438974460e-07,-6.148291436904892630e-07,1.000650060133957052e-07
7.650000000000000355e+00,6.125477339592372283e-01,-2.803191836063668833e-04,2.879036884586452338e-04,6.124053159434288407e-01,-1.162947106571659216e-04,3.241439143426936483e-07,-6.008812562642208317e-07,9.772706486312222502e-08
7.662500000000000533e+00,6.125442523764504932e-01,-2.767408800647478935e-04,2.846311441446018869e-04,6.124038726828192614e-01,-1.146302428501538373e-04,3.167184196924887441e-07,-5.872500665682980109e-07,9.544220578640597288e-08
7.675000000000000711e+00,6.125408152677668250e-01,-2.732032492467293956e-04,2.813959814805634739e-04,6.124024501064111448e-01,-1.129852022910727308e-04,3.094613731108639840e-07,-5.739283799203631844e-07,9.320922502591358994e-08
7.687500000000000000e+00,6.125374221276864706e-01,-2.697058265415587411e-04,2.781977757009034056e-04,6.124010479727138856e-01,-1.113593733728171091e-04,3.023689499221568547e-07,-5.609091652933605438e-07,9.102694617239543893e-08
7.700000000000000178e+00,6.125340724564842798e-01,-2.662481526176469437e-04,2.750361068956754581e-04,6.123996660429165129e-01,-1.097525430162610548e-04,2.954374123351555180e-07,-5.481855515879175171e-07,8.889421954341884662e-08
7.712500000000000355e+00,6.125307657601440914e-01,-2.628297733622199264e-04,2.719105599554330860e-04,6.123983040808557154e-01,-1.081645006423365097e-04,2.886631074668586067e-07,-5.357508239898242104e-07,8.680992157624282615e-08
7.725000000000000533e+00,6.125275015502940068e-01,-2.594502398216527077e-04,2.688207245166783868e-04,6.123969618529847558e-01,-1.065950381444395165e-04,2.820424654112409525e-07,-5.235984204106446857e-07,8.477295423450887279e-08
7.737500000000000711e+00,6.125242793441417755e-01,-2.561091081424831111e-04,2.657661949079371914e-04,6.123956391283432721e-01,-1.050439498611628050e-04,2.755719973520035101e-07,-5.117219280095716160e-07,8.278224442843538395e-08
7.750000000000000000e+00,6.125210986644119560e-01,-2.528059395130953491e-04,2.627465700964515000e-04,6.123943356785263026e-01,-1.035110325493503462e-04,2.692482937183029519e-07,-5.001150797946609504e-07,8.083674344820737019e-08
7.762500000000000178e+00,6.125179590392829665e-01,-2.495403001060652964e-04,2.597614536354822144e-04,6.123930512776544210e-01,-1.019960853574699704e-04,2.630680223824761497e-07,-4.887717513016244100e-07,7.893542641026013856e-08
7.775000000000000355e+00,6.125148600023254675e-01,-2.463117610211626256e-04,2.568104536122168559e-04,6.123917857023443156e-01,-1.004989097993020975e-04,2.570279268988089611e-07,-4.776859573484201037e-07,7.707729171616523793e-08
7.787500000000000533e+00,6.125118010924404111e-01,-2.431198982289986142e-04,2.538931825962730524e-04,6.123905387316787019e-01,-9.901930972793898363e-05,2.511248247824040858e-07,-4.668518488638881700e-07,7.526136052382908706e-08
7.800000000000000711e+00,6.125087818537994222e-01,-2.399642925153144151e-04,2.510092575887921018e-04,6.123893101471779010e-01,-9.755709131009268045e-05,2.453556058272381711e-07,-4.562637097887522548e-07,7.348667623072566443e-08
7.812500000000000000e+00,6.125058018357840695e-01,-2.368445294259025568e-04,2.481582999721167583e-04,6.123880997327708631e-01,-9.611206300070781767e-05,2.397172304625137008e-07,-4.459159540473256889e-07,7.175230396888867557e-08
7.825000000000000178e+00,6.125028605929275782e-01,-2.337601992121525636e-04,2.453399354600442422e-04,6.123869072747665232e-01,-9.468403551787541459e-05,2.342067281464285378e-07,-4.358031225883020953e-07,7.005733011139472819e-08
7.837500000000000355e+00,6.124999576848555449e-01,-2.307108967772168761e-04,2.425537940486513825e-04,6.123857325618258240e-01,-9.327282181804580938e-05,2.288211957965163000e-07,-4.259198804930619878e-07,6.840086179007763484e-08
7.850000000000000533e+00,6.124970926762285384e-01,-2.276962216227860917e-04,2.397995099676820008e-04,6.123845753849341822e-01,-9.187823707153566462e-05,2.235577962557147439e-07,-4.162610141499360238e-07,6.678202642421586846e-08
7.862500000000000711e+00,6.124942651366851454e-01,-2.247157777964690830e-04,2.370767216324917639e-04,6.123834355373731775e-01,-9.050009863832712473e-05,2.184137567933538500e-07,-4.068214284929279430e-07,6.519997125994484487e-08
7.875000000000000000e+00,6.124914746407850163e-01,-2.217691738397706736e-04,2.343850715965445700e-04,6.123823128146942407e-01,-8.913822604415554726e-05,2.133863676402643535e-07,-3.975961443034200149e-07,6.365386292014954374e-08
7.887500000000000178e+00,6.124887207679530210e-01,-2.188560227366583878e-04,2.317242065044522567e-04,6.123812070146911202e-01,-8.779244095688231169e-05,2.084729805572271594e-07,-3.885802955734171789e-07,6.214288696459810217e-08
7.900000000000000355e+00,6.124860031024247364e-01,-2.159759418627151852e-04,2.290937770455550267e-04,6.123801179373735692e-01,-8.646256716315078113e-05,2.036710074360085387e-07,-3.797691269289336461e-07,6.066624746008512735e-08
7.912500000000000533e+00,6.124833212331908250e-01,-2.131285529348667400e-04,2.264934379080319675e-04,6.123790453849408122e-01,-8.514843054532072780e-05,1.989779189322306085e-07,-3.711579911121333593e-07,5.922316656035441494e-08
7.925000000000000711e+00,6.124806747539438545e-01,-2.103134819616802589e-04,2.239228477335390623e-04,6.123779891617555649e-01,-8.384985905867940628e-05,1.943912431293567986e-07,-3.627423465208919812e-07,5.781288409558034823e-08
7.937500000000000000e+00,6.124780632630248967e-01,-2.075303591942270830e-04,2.213816690723675103e-04,6.123769490743183885e-01,-8.256668270892603535e-05,1.899085642330804550e-07,-3.545177548044638039e-07,5.643465717118980088e-08
7.950000000000000178e+00,6.124754863633703472e-01,-2.047788190775014856e-04,2.188695683391153612e-04,6.123759249312417108e-01,-8.129873352992597526e-05,1.855275212954224090e-07,-3.464798785139696898e-07,5.508775977581143519e-08
7.962500000000000355e+00,6.124729436624601897e-01,-2.020585002023923599e-04,2.163862157688697019e-04,6.123749165432254005e-01,-8.004584556173346174e-05,1.812458069678642269e-07,-3.386244788064610638e-07,5.377148239814619606e-08
7.975000000000000533e+00,6.124704347722663700e-01,-1.993690452581977106e-04,2.139312853738897704e-04,6.123739237230312327e-01,-7.880785482887781479e-05,1.770611662828491758e-07,-3.309474132013243474e-07,5.248513165255403884e-08
7.987500000000000711e+00,6.124679593092016150e-01,-1.967101009856781857e-04,2.115044549007881263e-04,6.123729462854582417e-01,-7.758459931891187528e-05,1.729713954630088002e-07,-3.234446333878394601e-07,5.122802991316002843e-08
8.000000000000000000e+00,6.124655168940698058e-01,-1.940813181306430047e-04,2.091054057882030725e-04,6.123719840473187404e-01,-7.637591896121934901e-05,1.689743407574813723e-07,-3.161121830827197229e-07,4.999951495628548189e-08
8.012500000000001066e+00,6.124631071520152403e-01,-1.914823513980606407e-04,2.067338231249560678e-04,6.123710368274136728e-01,-7.518165560607772437e-05,1.650678973047030328e-07,-3.089461959364890879e-07,4.879893961101417425e-08
8.025000000000000355e+00,6.124607297124741168e-01,-1.889128594066926846e-04,2.043893956086921787e-04,6.123701044465090781e-01,-7.400165300397597745e-05,1.612500080210741207e-07,-3.019428934875920559e-07,4.762567141771056912e-08
8.037499999999999645e+00,6.124583842091255725e-01,-1.863725046442370398e-04,2.020718155049913733e-04,6.123691867273123313e-01,-7.283575678518091191e-05,1.575186625149000134e-07,-2.950985831631258769e-07,4.647909229430561931e-08
8.050000000000000711e+00,6.124560702798439449e-01,-1.838609534229830513e-04,1.997807786069525000e-04,6.123682834944486064e-01,-7.168381443955310918e-05,1.538718960250421945e-07,-2.884096563251520158e-07,4.535859821017723025e-08
8.062500000000000000e+00,6.124537875666505871e-01,-1.813778758359687270e-04,1.975159841952414403e-04,6.123673945744383396e-01,-7.054567529660823370e-05,1.503077883837107396e-07,-2.818725863615361406e-07,4.426359886745088431e-08
8.075000000000001066e+00,6.124515357156675721e-01,-1.789229457136310016e-04,1.952771349985948977e-04,6.123665197956734696e-01,-6.942119050581950534e-05,1.468244630028434404e-07,-2.754839268202904528e-07,4.319351738955025830e-08
8.087500000000000355e+00,6.124493143770708414e-01,-1.764958405809521035e-04,1.930639371547829123e-04,6.123656589883955670e-01,-6.831021301716270783e-05,1.434200858835462219e-07,-2.692403095864489819e-07,4.214779001683677219e-08
8.099999999999999645e+00,6.124471232050445746e-01,-1.740962416150858706e-04,1.908761001720148142e-04,6.123648119846731852e-01,-6.721259756189649625e-05,1.400928646480546034e-07,-2.631384431004761888e-07,4.112586580917224917e-08
8.112500000000000711e+00,6.124449618577354482e-01,-1.717238336034672148e-04,1.887133368907923292e-04,6.123639786183796563e-01,-6.612820063357950770e-05,1.368410475937153956e-07,-2.571751106172846574e-07,4.012720635525116225e-08
8.125000000000000000e+00,6.124428299972080048e-01,-1.693783049023955443e-04,1.865753634462006746e-04,6.123631587251711084e-01,-6.505688046931987082e-05,1.336629227684813671e-07,-2.513471685049241564e-07,3.915128548854690456e-08
8.137500000000001066e+00,6.124407272894002441e-01,-1.670593473960836346e-04,1.844618992306304092e-04,6.123623521424651495e-01,-6.399849703125368519e-05,1.305568170674248221e-07,-2.456515445820297117e-07,3.819758900972035853e-08
8.150000000000000355e+00,6.124386534040796581e-01,-1.647666564561746849e-04,1.823726668569322857e-04,6.123615587094189960e-01,-6.295291198825328385e-05,1.275210953498018644e-07,-2.400852364931638152e-07,3.726561441534741692e-08
8.162499999999999645e+00,6.124366080148002656e-01,-1.624999309017122998e-04,1.803073921219913646e-04,6.123607782669083788e-01,-6.191998869785885504e-05,1.245541595761862604e-07,-2.346453101211639146e-07,3.635487063281763516e-08
8.175000000000000711e+00,6.124345907988593130e-01,-1.602588729595665409e-04,1.782658039707231542e-04,6.123600106575068924e-01,-6.089959218843445983e-05,1.216544479652261700e-07,-2.293288980356707831e-07,3.546487776126714641e-08
8.187500000000000000e+00,6.124326014372551974e-01,-1.580431882253074288e-04,1.762476344604837521e-04,6.123592557254645685e-01,-5.989158914154477309e-05,1.188204341695726482e-07,-2.241331979770035481e-07,3.459516681840729648e-08
8.200000000000001066e+00,6.124306396146453890e-01,-1.558525856245174105e-04,1.742526187258868885e-04,6.123585133166878913e-01,-5.889584787454879360e-05,1.160506264705387182e-07,-2.190554713745680407e-07,3.374527949311389694e-08
8.212500000000000355e+00,6.124287050193053528e-01,-1.536867773745460202e-04,1.722804949440298226e-04,6.123577832787191477e-01,-5.791223832341182434e-05,1.133435669910726863e-07,-2.140930418990290970e-07,3.291476790364914141e-08
8.224999999999999645e+00,6.124267973430873591e-01,-1.515454789466918225e-04,1.703310043001157032e-04,6.123570654607165542e-01,-5.694063202572922461e-05,1.106978309266164656e-07,-2.092432940474539595e-07,3.210319436138468323e-08
8.237500000000000711e+00,6.124249162813800718e-01,-1.494284090288149481e-04,1.684038909534741040e-04,6.123563597134339398e-01,-5.598090210396320792e-05,1.081120257934513439e-07,-2.045036717606935691e-07,3.131013113990378920e-08
8.250000000000000000e+00,6.124230615330689131e-01,-1.473352894883715725e-04,1.664989020039731992e-04,6.123556658892014282e-01,-5.503292324888916186e-05,1.055847906941286190e-07,-1.998716770722580490e-07,3.053516024935924679e-08
8.262500000000001066e+00,6.124212328004959849e-01,-1.452658453358631569e-04,1.646157874588160175e-04,6.123549838419057867e-01,-5.409657170324791225e-05,1.031147955995928169e-07,-1.953448687879624883e-07,2.977787321596644497e-08
8.275000000000000355e+00,6.124194297894214323e-01,-1.432198046887025924e-04,1.627543001997231332e-04,6.123543134269712196e-01,-5.317172524560517149e-05,1.007007406476258730e-07,-1.909208611956570585e-07,2.903787086651785819e-08
8.287499999999999645e+00,6.124176522089846975e-01,-1.411968987354837474e-04,1.609141959504896782e-04,6.123536545013400501e-01,-5.225826317441212678e-05,9.834135545723001045e-08,-1.865973228043360181e-07,2.831476311780154686e-08
8.300000000000000711e+00,6.124158997716664388e-01,-1.391968617006573755e-04,1.590952332449190867e-04,6.123530069234538464e-01,-5.135606629226834046e-05,9.603539845859516572e-08,-1.823719751119719873e-07,2.760816877081503544e-08
8.312500000000000000e+00,6.124141721932504501e-01,-1.372194308096051955e-04,1.572971733951262011e-04,6.123523705532351036e-01,-5.046501689038361500e-05,9.378165623829225375e-08,-1.782425914014134553e-07,2.691771530966457989e-08
8.325000000000001066e+00,6.124124691927869124e-01,-1.352643462541053959e-04,1.555197804602036389e-04,6.123517452520682580e-01,-4.958499873323547513e-05,9.157894289934242351e-08,-1.742069955637002688e-07,2.624303870504247935e-08
8.337500000000000355e+00,6.124107904925552015e-01,-1.333313511581913800e-04,1.537628212152533473e-04,6.123511308827817023e-01,-4.871589704342354794e-05,8.942609943583160275e-08,-1.702630609481866541e-07,2.558378322218096364e-08
8.349999999999999645e+00,6.124091358180273614e-01,-1.314201915443916069e-04,1.520260651207716064e-04,6.123505273096294665e-01,-4.785759848671496575e-05,8.732199312172941476e-08,-1.664087092388429834e-07,2.493960123317812065e-08
8.362500000000000711e+00,6.124075048978322444e-01,-1.295306163003523739e-04,1.503092842923900311e-04,6.123499343982730103e-01,-4.700999115728212010e-05,8.526551691359692080e-08,-1.626419093561541889e-07,2.431015303359906379e-08
8.375000000000000000e+00,6.124058974637198727e-01,-1.276623771458367624e-04,1.486122534709658210e-04,6.123493520157643477e-01,-4.617296456312938534e-05,8.325558886686361864e-08,-1.589606763840251828e-07,2.369510666325426883e-08
8.387500000000001066e+00,6.124043132505264664e-01,-1.258152286000925916e-04,1.469347499930149983e-04,6.123487800305273954e-01,-4.534640961170593874e-05,8.129115156536201549e-08,-1.553630705211185470e-07,2.309413773105952764e-08
8.400000000000000355e+00,6.124027519961391386e-01,-1.239889279495917662e-04,1.452765537614906924e-04,6.123482183123412081e-01,-4.453021859570565971e-05,7.937117156382483575e-08,-1.518471960560805089e-07,2.250692924388701194e-08
8.412499999999999645e+00,6.124012134414619224e-01,-1.221832352161289286e-04,1.436374472168957660e-04,6.123476667323226597e-01,-4.372428517904873455e-05,7.749463884304129506e-08,-1.484112003660953712e-07,2.193317143931438604e-08
8.425000000000000711e+00,6.123996973303815761e-01,-1.203979131252815569e-04,1.420172153087314074e-04,6.123471251629093448e-01,-4.292850438304610507e-05,7.566056627739125207e-08,-1.450532729382496897e-07,2.137256162218564387e-08
8.437500000000000000e+00,6.123982034097340543e-01,-1.186327270752251389e-04,1.404156454672760804e-04,6.123465934778425934e-01,-4.214277257274375927e-05,7.386798911447227749e-08,-1.417716444131810698e-07,2.082480400489634336e-08
8.450000000000001066e+00,6.123967314292714237e-01,-1.168874451058962130e-04,1.388325275756883785e-04,6.123460715521508169e-01,-4.136698744344399092e-05,7.211596446654202550e-08,-1.385645856504994928e-07,2.028960955131805157e-08
8.462500000000000355e+00,6.123952811416287778e-01,-1.151618378685061341e-04,1.372676539424361436e-04,6.123455592621329657e-01,-4.060104800740467159e-05,7.040357081351310222e-08,-1.354304068154967785e-07,1.976669582428140701e-08
8.474999999999999645e+00,6.123938523022920410e-01,-1.134556785953935856e-04,1.357208192740414117e-04,6.123450564853424316e-01,-3.984485458071142580e-05,6.872990751722979097e-08,-1.323674564866451475e-07,1.925578683653482599e-08
8.487500000000000711e+00,6.123924446695654389e-01,-1.117687430702183439e-04,1.341918206481429769e-04,6.123445631005702827e-01,-3.909830877032388841e-05,6.709409434677611114e-08,-1.293741207834233301e-07,1.875661290510197507e-08
8.500000000000000000e+00,6.123910580045404117e-01,-1.101008095984898035e-04,1.326804574868709606e-04,6.123440789878296098e-01,-3.836131346129311684e-05,6.549527101456136543e-08,-1.264488225140019452e-07,1.826891050896018841e-08
8.512500000000001066e+00,6.123896920710639735e-01,-1.084516589784239346e-04,1.311865315305278581e-04,6.123436040283396498e-01,-3.763377280414750191e-05,6.393259672293547139e-08,-1.235900203423321806e-07,1.779242214996391789e-08
8.525000000000000355e+00,6.123883466357076255e-01,-1.068210744721308946e-04,1.297098468115777154e-04,6.123431381045095767e-01,-3.691559220244822073e-05,6.240524972110024301e-08,-1.207962079742062903e-07,1.732689621694143342e-08
8.537499999999999645e+00,6.123870214677367141e-01,-1.052088417771224530e-04,1.282502096289336510e-04,6.123426810999235137e-01,-3.620667830050942063e-05,6.091242687207519169e-08,-1.180659133618453235e-07,1.687208685289081346e-08
8.550000000000000711e+00,6.123857163390805658e-01,-1.036147489981411522e-04,1.268074285225459735e-04,6.123422328993248787e-01,-3.550693897128414365e-05,5.945334322949459376e-08,-1.153976979266029028e-07,1.642775382520674515e-08
8.562500000000000000e+00,6.123844310243021782e-01,-1.020385866193052976e-04,1.253813142482850115e-04,6.123417933886008413e-01,-3.481628330441343029e-05,5.802723162400968667e-08,-1.127901557993678350e-07,1.599366239886880311e-08
8.575000000000001066e+00,6.123831653005686881e-01,-1.004801474765639065e-04,1.239716797531134802e-04,6.123413624547676681e-01,-3.413462159443599357e-05,5.663334225907521592e-08,-1.102419130782595487e-07,1.556958321252357000e-08
8.587500000000000355e+00,6.123819189476223945e-01,-9.893922673046347423e-05,1.225783401505503090e-04,6.123409399859551794e-01,-3.346186532915947309e-05,5.527094231591180396e-08,-1.077516271032316850e-07,1.515529215739660805e-08
8.599999999999999645e+00,6.123806917477514489e-01,-9.741562183921629713e-05,1.212011126964166184e-04,6.123405258713924271e-01,-3.279792717818879005e-05,5.393931556742919310e-08,-1.053179857471881733e-07,1.475057025896844476e-08
8.612500000000000711e+00,6.123794834857618774e-01,-9.590913253207256225e-05,1.198398167648653925e-04,6.123401200013928181e-01,-3.214272098161257205e-05,5.263776200091117732e-08,-1.029397067232449976e-07,1.435520356135352676e-08
8.625000000000000000e+00,6.123782939489487154e-01,-9.441956078299013153e-05,1.184942738246901571e-04,6.123397222673391260e-01,-3.149616173884518133e-05,5.136559744926077489e-08,-1.006155369077664571e-07,1.396898301432036625e-08
8.637500000000001066e+00,6.123771229270686955e-01,-9.294671078459670844e-05,1.171643074159072699e-04,6.123393325616699467e-01,-3.085816559762197465e-05,5.012215323060891160e-08,-9.834425167881386588e-08,1.359170436289262837e-08
8.650000000000000355e+00,6.123759702123122706e-01,-9.149038892244613496e-05,1.158497431266137064e-04,6.123389507778644880e-01,-3.022864984314876715e-05,4.890677579610065781e-08,-9.612465426966425231e-08,1.322316803947418311e-08
8.662499999999999645e+00,6.123748355992764125e-01,-9.005040374955923749e-05,1.145504085701114786e-04,6.123385768104290250e-01,-2.960753288740122451e-05,4.771882638566749075e-08,-9.395557513704641492e-08,1.286317905843940361e-08
8.675000000000000711e+00,6.123737188849380786e-01,-8.862656596125088860e-05,1.132661333623006503e-04,6.123382105548828003e-01,-2.899473425857518276e-05,4.655768069160807553e-08,-9.183587134376756510e-08,1.251154691313437177e-08
8.687500000000000000e+00,6.123726198686270106e-01,-8.721868837023810748e-05,1.119967490993356519e-04,6.123378519077438131e-01,-2.839017459068555801e-05,4.542272852979797419e-08,-8.976442595540001529e-08,1.216808547523395202e-08
8.700000000000001066e+00,6.123715383519996447e-01,-8.582658588202375107e-05,1.107420893355407057e-04,6.123375007665152747e-01,-2.779377561331165743e-05,4.431337351835289391e-08,-8.774014745070524595e-08,1.183261289640105445e-08
8.712500000000000355e+00,6.123704741390132433e-01,-8.445007547055763896e-05,1.095019895615854456e-04,6.123371570296722854e-01,-2.720546014148976543e-05,4.322903276357987956e-08,-8.576196914549027403e-08,1.150495151219730145e-08
8.724999999999999645e+00,6.123694270359002489e-01,-8.308897615416597766e-05,1.082762871829128989e-04,6.123368205966478461e-01,-2.662515206574906821e-05,4.216913655304553505e-08,-8.382884862958219271e-08,1.118492774819284680e-08
8.737500000000000711e+00,6.123683968511425268e-01,-8.174310897175075124e-05,1.070648214984212126e-04,6.123364913678194243e-01,-2.605277634229182803e-05,4.113312805560320277e-08,-8.193976721662992665e-08,1.087237202822689731e-08
8.750000000000000000e+00,6.123673833954464962e-01,-8.041229695925407740e-05,1.058674336793946364e-04,6.123361692444962978e-01,-2.548825898331562857e-05,4.012046302821892575e-08,-8.009372940643830289e-08,1.056711868476992017e-08
8.762500000000001066e+00,6.123663864817181501e-01,-7.909636512638243324e-05,1.046839667486791978e-04,6.123358541289057877e-01,-2.493152704747568231e-05,3.913060952943999433e-08,-7.828976235954757119e-08,1.026900587133972477e-08
8.775000000000000355e+00,6.123654059250388526e-01,-7.779514043359248552e-05,1.035142655601047751e-04,6.123355459241806020e-01,-2.438250863048798932e-05,3.816304763935825704e-08,-7.652691538378605276e-08,9.977875476926187338e-09
8.787499999999999645e+00,6.123644415426408028e-01,-7.650845176932991943e-05,1.023581767781456275e-04,6.123352445343458461e-01,-2.384113285586970862e-05,3.721726918591603391e-08,-7.480425943251638317e-08,9.693573042378059427e-09
8.800000000000000711e+00,6.123634931538831649e-01,-7.523612992752274319e-05,1.012155488578209671e-04,6.123349498643061439e-01,-2.330732986581759584e-05,3.629277747741365439e-08,-7.312088661431599866e-08,9.415947678708719719e-09
8.812500000000000000e+00,6.123625605802284211e-01,-7.397800758532446059e-05,1.000862320248313043e-04,6.123346618198329816e-01,-2.278103081222245419e-05,3.538908704107580205e-08,-7.147590971382936491e-08,9.144851987277207097e-09
8.825000000000001066e+00,6.123616436452187228e-01,-7.273391928110220549e-05,9.897007825592618992e-05,6.123343803075522729e-01,-2.226216784781779592e-05,3.450572336753748803e-08,-6.986846172353590624e-08,8.880141981801956752e-09
8.837500000000000355e+00,6.123607421744533541e-01,-7.150370139267154580e-05,9.786694125950505909e-05,6.123341052349318137e-01,-2.175067411746337191e-05,3.364222266111786670e-08,-6.829769538619170135e-08,8.621677012166935756e-09
8.849999999999999645e+00,6.123598559955650833e-01,-7.028719211576973068e-05,9.677667645644361799e-05,6.123338365102688474e-01,-2.124648374956029961e-05,3.279813159574618320e-08,-6.676278274769529588e-08,8.369319689978741323e-09
8.862500000000000711e+00,6.123589849381981809e-01,-6.908423144276883100e-05,9.569914096114727508e-05,6.123335740426779639e-01,-2.074953184759845688e-05,3.197300707641430648e-08,-6.526291472014702714e-08,8.122935815836224326e-09
8.875000000000000000e+00,6.123581288339859929e-01,-6.789466114162449049e-05,9.463419356282762014e-05,6.123333177420788864e-01,-2.025975448183438328e-05,3.116641600602838928e-08,-6.379730065486768279e-08,7.882394308273747350e-09
8.887500000000001066e+00,6.123572875165287366e-01,-6.671832473505544931e-05,9.358169470699795279e-05,6.123330675191844819e-01,-1.977708868109789991e-05,3.037793505753566410e-08,-6.236516792514872106e-08,7.647567134340182475e-09
8.900000000000000355e+00,6.123564608213715177e-01,-6.555506747995565613e-05,9.254150647718908018e-05,6.123328232854888808e-01,-1.930147242472814563e-05,2.960715045120884589e-08,-6.096576151851812531e-08,7.418329241777748334e-09
8.912499999999999645e+00,6.123556485859832366e-01,-6.440473634703108104e-05,9.151349257687871612e-05,6.123325849532554876e-01,-1.883284463463595344e-05,2.885365773696722095e-08,-5.959834363830000990e-08,7.194558492763787561e-09
8.925000000000000711e+00,6.123548506497348276e-01,-6.326718000066262535e-05,9.049751831163567418e-05,6.123323524355052117e-01,-1.837114516749323767e-05,2.811706158162233248e-08,-5.826219331426191685e-08,6.976135599181255913e-09
8.937500000000000000e+00,6.123540668538787202e-01,-6.214224877899102173e-05,8.949345057147506009e-05,6.123321256460051432e-01,-1.791631480704772514e-05,2.739697556093486950e-08,-5.695660602214180376e-08,6.762944059383318766e-09
8.950000000000001066e+00,6.123532970415276333e-01,-6.102979467421932696e-05,8.850115781342073648e-05,6.123319044992567850e-01,-1.746829525656140057e-05,2.669302195637195333e-08,-5.568089331185136224e-08,6.554870096418282057e-09
8.962500000000000355e+00,6.123525410576341477e-01,-5.992967131313445067e-05,8.752051004427626618e-05,6.123316889104846172e-01,-1.702702913137334046e-05,2.600483155646022632e-08,-5.443438244416358887e-08,6.351802597682930959e-09
8.974999999999999645e+00,6.123517987489701664e-01,-5.884173393784044898e-05,8.655137880359807274e-05,6.123314787956247729e-01,-1.659245995158405214e-05,2.533204346262683884e-08,-5.321641603568671415e-08,6.153633055971392562e-09
8.987500000000000711e+00,6.123510699641074861e-01,-5.776583938670495889e-05,8.559363714687171268e-05,6.123312740713136026e-01,-1.616453213486197872e-05,2.467430489942841757e-08,-5.202635171194121910e-08,5.960255511889093067e-09
9.000000000000000000e+00,6.123503545533972581e-01,-5.670184607551463960e-05,8.464715962888797981e-05,6.123310746548770167e-01,-1.574319098937063845e-05,2.403127102906687753e-08,-5.086356176835437990e-08,5.771566497600963097e-09
9.012500000000001066e+00,6.123496523689507809e-01,-5.564961397883564335e-05,8.371182228731520935e-05,6.123308804643188274e-01,-1.532838270681487726e-05,2.340260477009332890e-08,-4.972743283899132027e-08,5.587464981883869427e-09
9.025000000000000355e+00,6.123489632646200720e-01,-5.460900461158053860e-05,8.278750262646885282e-05,6.123306914183098693e-01,-1.492005435560687646e-05,2.278797662020678602e-08,-4.861736557285149083e-08,5.407852316454827237e-09
9.037499999999999645e+00,6.123482870959784385e-01,-5.357988101077458412e-05,8.187407960127245511e-05,6.123305074361772293e-01,-1.451815387414927637e-05,2.218706448305141448e-08,-4.753277431755419408e-08,5.232632183545751205e-09
9.050000000000000711e+00,6.123476237203020478e-01,-5.256210771752283808e-05,8.097143360141109106e-05,6.123303284378937006e-01,-1.412263006423602393e-05,2.159955349892332166e-08,-4.647308681025004149e-08,5.061710544697642052e-09
9.062500000000000000e+00,6.123469729965510533e-01,-5.155555075917411063e-05,8.007944643567375140e-05,6.123301543440661243e-01,-1.373343258456952645e-05,2.102513587929659569e-08,-4.543774387559290681e-08,4.894995590746782537e-09
9.075000000000001066e+00,6.123463347853507210e-01,-5.056007763167806053e-05,7.919800131648162863e-05,6.123299850759257312e-01,-1.335051194439274592e-05,2.046351074508058404e-08,-4.442619913061126697e-08,4.732397692976215037e-09
9.087500000000000355e+00,6.123457089489738880e-01,-4.957555728213664165e-05,7.832698284460325167e-05,6.123298205553168172e-01,-1.297381949723682203e-05,1.991438396852521736e-08,-4.343791869632644506e-08,4.573829355407195616e-09
9.099999999999999645e+00,6.123450953513224215e-01,-4.860186009154338077e-05,7.746627699405069574e-05,6.123296607046867512e-01,-1.260330743478180100e-05,1.937746801868851378e-08,-4.247238091596072329e-08,4.419205168204610555e-09
9.112500000000000711e+00,6.123444938579095664e-01,-4.763885785771169280e-05,7.661577109715814161e-05,6.123295054470752063e-01,-1.223892878083104143e-05,1.885248181038685771e-08,-4.152907607959000026e-08,4.268441762172244716e-09
9.125000000000000000e+00,6.123439043358421818e-01,-4.668642377838857425e-05,7.577535382983947713e-05,6.123293547061038344e-01,-1.188063738539801464e-05,1.833915055654761480e-08,-4.060750615509362201e-08,4.121457764313510634e-09
9.137500000000001066e+00,6.123433266538038655e-01,-4.574443243455015131e-05,7.494491519702175652e-05,6.123292084059660523e-01,-1.152838791890424074e-05,1.783720562388549750e-08,-3.970718452525800009e-08,3.978173754433850294e-09
9.150000000000000355e+00,6.123427606820370794e-01,-4.481275977388021406e-05,7.412434651825579107e-05,6.123290664714168274e-01,-1.118213586648893148e-05,1.734638439182850646e-08,-3.882763573089806786e-08,3.838512222762328480e-09
9.162499999999999645e+00,6.123422062923264964e-01,-4.389128309442548930e-05,7.331354041349827421e-05,6.123289288277623532e-01,-1.084183752242809009e-05,1.686643011461687045e-08,-3.796839521985682116e-08,3.702397528569266137e-09
9.175000000000000711e+00,6.123416633579823465e-01,-4.297988102842895288e-05,7.251239078906655225e-05,6.123287954008505007e-01,-1.050744998466366262e-05,1.639709178650416185e-08,-3.712900910175345323e-08,3.569755859758486887e-09
9.187500000000000000e+00,6.123411317538236531e-01,-4.207843352633763075e-05,7.172079282376307274e-05,6.123286661170600498e-01,-1.017893114944152131e-05,1.593812400998878823e-08,-3.630903390834891951e-08,3.440515193412478095e-09
9.200000000000001066e+00,6.123406113561619124e-01,-4.118682184098142629e-05,7.093864295516648822e-05,6.123285409032911408e-01,-9.856239706057170070e-06,1.548928686700582114e-08,-3.550803635940112957e-08,3.314605257269345661e-09
9.212500000000000355e+00,6.123401020427847730e-01,-4.030492851192430173e-05,7.016583886609056744e-05,6.123284196869555052e-01,-9.539335131709702589e-06,1.505034579301292463e-08,-3.472559313388880592e-08,3.191957492111546011e-09
9.224999999999999645e+00,6.123396036929402708e-01,-3.943263734998170175e-05,6.940227947120560133e-05,6.123283023959665838e-01,-9.228177686461968126e-06,1.462107145390212972e-08,-3.396129064647950906e-08,3.072505015045853925e-09
9.237500000000000711e+00,6.123391161873210642e-01,-3.856983342190550661e-05,6.864786490382355057e-05,6.123281889587294247e-01,-8.922728408307499068e-06,1.420123962567421997e-08,-3.321472482912648678e-08,2.956182583655499245e-09
9.250000000000000000e+00,6.123386394080485573e-01,-3.771640303523314026e-05,6.790249650284392623e-05,6.123280793041315784e-01,-8.622949108343107535e-06,1.379063107681168798e-08,-3.248550091767767546e-08,2.842926561005210771e-09
9.262500000000001066e+00,6.123381732386575793e-01,-3.687223372329760120e-05,6.716607679985763858e-05,6.123279733615328846e-01,-8.328802366046146455e-06,1.338903145328776260e-08,-3.177323324338290758e-08,2.732674881480396931e-09
9.275000000000000355e+00,6.123377175640813963e-01,-3.603721423039959505e-05,6.643850950640995258e-05,6.123278710607563680e-01,-8.040251524656933169e-06,1.299623116615242475e-08,-3.107754502919171929e-08,2.625367017442683832e-09
9.287499999999999645e+00,6.123372722706363902e-01,-3.521123449713605655e-05,6.571969950141748145e-05,6.123277723320782462e-01,-7.757260686664505970e-06,1.261202528163446670e-08,-3.039806819073090905e-08,2.520943946683573397e-09
9.300000000000000711e+00,6.123368372460071818e-01,-3.439418564588619937e-05,6.500955281874043793e-05,6.123276771062190482e-01,-7.479794709396208257e-06,1.223621341370320444e-08,-2.973444314185912490e-08,2.419348120659285101e-09
9.312500000000000000e+00,6.123364123792321978e-01,-3.358595996645194270e-05,6.430797663490722953e-05,6.123275853143337333e-01,-7.207819200710129581e-06,1.186859961903265829e-08,-2.908631860469462271e-08,2.320523433489684281e-09
9.325000000000001066e+00,6.123359975606890160e-01,-3.278645090184971288e-05,6.361487925698902602e-05,6.123274968880023650e-01,-6.941300514789533700e-06,1.150899229431245819e-08,-2.845335142401477331e-08,2.224415191704640090e-09
9.337500000000000355e+00,6.123355926820798212e-01,-3.199555303425452791e-05,6.293017011062499041e-05,6.123274117592212296e-01,-6.680205748039707318e-06,1.115720407585268957e-08,-2.783520638593152759e-08,2.130970084722022233e-09
9.349999999999999645e+00,6.123351976364178606e-01,-3.121316207109123535e-05,6.225375972819383649e-05,6.123273298603931769e-01,-6.424502735085609975e-06,1.081305174142832905e-08,-2.723155604074414030e-08,2.040136156041173357e-09
9.362500000000000711e+00,6.123348123180127889e-01,-3.043917483127372690e-05,6.158555973713251269e-05,6.123272511243182947e-01,-6.174160044870779105e-06,1.047635611431290631e-08,-2.664208052987779230e-08,1.951862775136816061e-09
9.375000000000000000e+00,6.123344366224571234e-01,-2.967348923158932757e-05,6.092548284839947783e-05,6.123271754841853598e-01,-5.929146976856657630e-06,1.014694196945035172e-08,-2.606646741681557274e-08,1.866100610038239759e-09
9.387500000000001066e+00,6.123340704466128104e-01,-2.891600427322534077e-05,6.027344284508025799e-05,6.123271028735621790e-01,-5.689433557321530925e-06,9.824637941715241744e-09,-2.550441152193367176e-08,1.782801600578998283e-09
9.400000000000000355e+00,6.123337136885974585e-01,-2.816662002843881986e-05,5.962935457113601655e-05,6.123270332263865967e-01,-5.454990535759535655e-06,9.509276436214360703e-09,-2.495561476115444524e-08,1.701918932303117782e-09
9.412499999999999645e+00,6.123333662477712380e-01,-2.742523762736445692e-05,5.899313392029089526e-05,6.123269664769578347e-01,-5.225789381378262391e-06,9.200693540580998479e-09,-2.441978598832958095e-08,1.623407011013488983e-09
9.425000000000000711e+00,6.123330280247235580e-01,-2.669175924496159833e-05,5.836469782505906832e-05,6.123269025599269444e-01,-5.001802279695404332e-06,8.898728939217030302e-09,-2.389664084127206101e-08,1.547221437949119783e-09
9.437500000000000000e+00,6.123326989212601879e-01,-2.596608808809755477e-05,5.774396424590906324e-05,6.123268414102885915e-01,-4.783002129233713524e-06,8.603225829437212482e-09,-2.338590159135455987e-08,1.473318985577824497e-09
9.450000000000001066e+00,6.123323788403904899e-01,-2.524812838276444086e-05,5.713085216056309199e-05,6.123267829633715076e-01,-4.569362538313565757e-06,8.314030839471200083e-09,-2.288729699659412067e-08,1.401657573991270148e-09
9.462500000000000355e+00,6.123320676863146517e-01,-2.453778536143052025e-05,5.652528155343218520e-05,6.123267271548299417e-01,-4.360857821943561912e-06,8.030993948281240917e-09,-2.240056215814717162e-08,1.332196247889983496e-09
9.474999999999999645e+00,6.123317653644111402e-01,-2.383496525052121115e-05,5.592717340518317217e-05,6.123266739206348896e-01,-4.157462998807874014e-06,7.753968407152160258e-09,-2.192543838013679970e-08,1.264895154145648853e-09
9.487500000000000711e+00,6.123314717812247121e-01,-2.313957525803072459e-05,5.533644968243827913e-05,6.123266231970651008e-01,-3.959153788350762917e-06,7.482810663013466716e-09,-2.146167303273998288e-08,1.199715519928899657e-09
9.500000000000000000e+00,6.123311868444536454e-01,-2.245152356126159799e-05,5.475303332760510954e-05,6.123265749206985298e-01,-3.765906607957628508e-06,7.217380283452862142e-09,-2.100901941846154560e-08,1.136619631390736030e-09
9.512500000000001066e+00,6.123309104629381938e-01,-2.177071929468958952e-05,5.417684824883489914e-05,6.123265290284035656e-01,-3.577698570232002922e-06,6.957539883381394639e-09,-2.056723664152352124e-08,1.075570812886010749e-09
9.525000000000000355e+00,6.123306425466484848e-01,-2.109707253795476008e-05,5.360781931010983161e-05,6.123264854573304827e-01,-3.394507480368887392e-06,6.703155053312708132e-09,-2.013608948030242701e-08,1.016533406728017702e-09
9.537499999999999645e+00,6.123303830066727516e-01,-2.043049430397418919e-05,5.304587232145556615e-05,6.123264441449023376e-01,-3.216311833623315940e-06,6.454094289217570556e-09,-1.971534826274506076e-08,9.594727534630026405e-10
9.550000000000000711e+00,6.123301317552057865e-01,-1.977089652717726673e-05,5.249093402927984412e-05,6.123264050288070859e-01,-3.043090812874554584e-06,6.210228923917792612e-09,-1.930478874469844508e-08,9.043551726541707698e-10
9.562500000000000000e+00,6.123298887055376172e-01,-1.911819205186090421e-05,5.194293210683502681e-05,6.123263680469883674e-01,-2.874824286285389322e-06,5.971433059983148583e-09,-1.890419199108896861e-08,8.511479441647200989e-10
9.575000000000001066e+00,6.123296537720419597e-01,-1.847229462066231424e-05,5.140179514480257885e-05,6.123263331376374019e-01,-2.711492805056028530e-06,5.737583504095727139e-09,-1.851334425988722348e-08,7.998192899297074074e-10
9.587500000000000355e+00,6.123294268701653387e-01,-1.783311886315009669e-05,5.086745264200024264e-05,6.123263002391838850e-01,-2.553077601272985294e-06,5.508559702848145140e-09,-1.813203688879862126e-08,7.503383562070711970e-10
9.600000000000001421e+00,6.123292079164156521e-01,-1.720058028452924414e-05,5.033983499620821073e-05,6.123262692902883275e-01,-2.399560585851981664e-06,5.284243679940872094e-09,-1.776006618461805652e-08,7.026751962979584598e-10
9.612500000000000711e+00,6.123289968283518458e-01,-1.657459525446157073e-05,4.981887349511567855e-05,6.123262402298328411e-01,-2.250924346575410582e-06,5.064519974746796493e-09,-1.739723331519184375e-08,6.568007537272146057e-10
9.625000000000000000e+00,6.123287935245729230e-01,-1.595508099599716670e-05,4.930450030738415894e-05,6.123262129969129219e-01,-2.107152146223454248e-06,4.849275582209795414e-09,-1.704334420392804550e-08,6.126868458746777246e-10
9.637500000000001066e+00,6.123285979247069521e-01,-1.534195557461778668e-05,4.879664847382831060e-05,6.123261875308293467e-01,-1.968227920799242622e-06,4.638399894046602458e-09,-1.669820942680074345e-08,5.703061480485486702e-10
9.650000000000000355e+00,6.123284099494014088e-01,-1.473513788738968647e-05,4.829525189871234931e-05,6.123261637710792904e-01,-1.834136277847642525e-06,4.431784641220810806e-09,-1.636164411179313243e-08,5.296321779920862221e-10
9.662500000000001421e+00,6.123282295203121839e-01,-1.413454765222371792e-05,4.780024534116027326e-05,6.123261416573481108e-01,-1.704862494867340855e-06,4.229323837658585221e-09,-1.603346784072576656e-08,4.906392808151201863e-10
9.675000000000000711e+00,6.123280565600937031e-01,-1.354010539724334935e-05,4.731156440668048526e-05,6.123261211295011330e-01,-1.580392517816565811e-06,4.030913725177316131e-09,-1.571350455341919508e-08,4.533026143422980887e-10
9.687500000000000000e+00,6.123278909923886015e-01,-1.295173245025665754e-05,4.682914553880164731e-05,6.123261021275752114e-01,-1.460712959711738646e-06,3.836452719597491061e-09,-1.540158245413879616e-08,4.175981348698716687e-10
9.700000000000001066e+00,6.123277327418182869e-01,-1.236935092833302665e-05,4.635292601082040455e-05,6.123260845917701811e-01,-1.345811099319416146e-06,3.645841358010276340e-09,-1.509753392027348138e-08,3.835025833233600156e-10
9.712500000000000355e+00,6.123275817339726146e-01,-1.179288372748229393e-05,4.588284391765925049e-05,6.123260684624409755e-01,-1.235674879941215298e-06,3.458982247172912432e-09,-1.480119541319937802e-08,3.509934718084262452e-10
9.725000000000001421e+00,6.123274378954003394e-01,-1.122225451243417412e-05,4.541883816783273128e-05,6.123260536800889664e-01,-1.130292908291487019e-06,3.275780013004625914e-09,-1.451240739128092774e-08,3.200490705475265529e-10
9.737500000000000711e+00,6.123273011535999011e-01,-1.065738770651865511e-05,4.496084847552272063e-05,6.123260401853537482e-01,-1.029654453468054437e-06,3.096141251157311711e-09,-1.423101422496432386e-08,2.906483951952476699e-10
9.750000000000000000e+00,6.123271714370095431e-01,-1.009820848164356536e-05,4.450881535275963484e-05,6.123260279190050337e-01,-9.337494460154857298e-07,2.919974478634314366e-09,-1.395686411391710555e-08,2.627711945251890865e-10
9.762500000000001066e+00,6.123270486749984309e-01,-9.544642748370029431e-06,4.406268010171034014e-05,6.123260168219342159e-01,-8.425684770812338357e-07,2.747190086432660038e-09,-1.368980900617101138e-08,2.363979384816869336e-10
9.775000000000000355e+00,6.123269327978571042e-01,-8.996617146083634887e-06,4.362238480707102432e-05,6.123260068351462637e-01,-7.561027976644384079e-07,2.577700293183705423e-09,-1.342970451922482416e-08,2.115098065897029583e-10
9.787500000000001421e+00,6.123268237367885947e-01,-8.454059033259289516e-06,4.318787232856338606e-05,6.123259978997510622e-01,-6.743443179572537233e-07,2.411419099767724846e-09,-1.317640986306505551e-08,1.880886767164001953e-10
9.800000000000000711e+00,6.123267214238998779e-01,-7.916896477820370247e-06,4.275908629353486701e-05,6.123259899569559739e-01,-5.972856067790018739e-07,2.248262244879324917e-09,-1.292978776506458848e-08,1.661171141782311512e-10
9.812500000000000000e+00,6.123266257921921030e-01,-7.385058247588589301e-06,4.233597108965994507e-05,6.123259829480568461e-01,-5.249198911027832060e-07,2.088147161519743614e-09,-1.268970439671835105e-08,1.455783611873426894e-10
9.825000000000001066e+00,6.123265367755530431e-01,-6.858473800825217081e-06,4.191847185774325458e-05,6.123259768144301285e-01,-4.572410556748612706e-07,1.930992934393910406e-09,-1.245602930217812065e-08,1.264563266314696093e-10
9.837500000000000355e+00,6.123264543087475476e-01,-6.337073276861645012e-06,4.150653448462280547e-05,6.123259714975246570e-01,-3.942436427267161967e-07,1.776720258189764821e-09,-1.222863532854815963e-08,1.087355761815328338e-10
9.850000000000001421e+00,6.123263783274097705e-01,-5.820787486817280866e-06,4.110010559617197323e-05,6.123259669388533277e-01,-3.359228517797278932e-07,1.625251396717855875e-09,-1.200739855790440235e-08,9.240132272134153431e-11
9.862500000000000711e+00,6.123263087680346217e-01,-5.309547904405423712e-06,4.069913255040070695e-05,6.123259630799848807e-01,-2.822745395427707188e-07,1.476510142890435935e-09,-1.179219824100196914e-08,7.743941709404883209e-11
9.875000000000000000e+00,6.123262455679692184e-01,-4.803286656823649027e-06,4.030356343065335330e-05,6.123259598625357958e-01,-2.332952199025186603e-07,1.330421779518526612e-09,-1.158291673263484784e-08,6.383633916003197953e-11
9.887500000000001066e+00,6.123261886654053354e-01,-4.301936515729365517e-06,3.991334703890367245e-05,6.123259572281620766e-01,-1.889820640067592021e-07,1.186913040907051607e-09,-1.137943942861425192e-08,5.157918916116246307e-11
9.900000000000000355e+00,6.123261379993709674e-01,-3.805430888298559468e-06,3.952843288914564330e-05,6.123259551185510352e-01,-1.493329004407098254e-07,1.045912075227795201e-09,-1.118165470433186008e-08,4.065567938649779389e-11
9.912500000000001421e+00,6.123260935097226687e-01,-3.313703808365866117e-06,3.914877120087851972e-05,6.123259534754127431e-01,-1.143462154963970506e-07,9.073484076503840862e-10,-1.098945385487506661e-08,3.105412613459443083e-11
9.925000000000000711e+00,6.123260551371375593e-01,-2.826689927646536822e-06,3.877431289268683582e-05,6.123259522404722599e-01,-8.402115353536364810e-08,7.711529042125931111e-10,-1.080273103666315554e-08,2.276344196784415232e-11
9.937500000000000000e+00,6.123260228231059976e-01,-2.344324507037029536e-06,3.840500957591283260e-05,6.123259513554614175e-01,-5.835751744466765435e-08,6.372577364105606701e-10,-1.062138321057252894e-08,1.577312825429701472e-11
9.950000000000001066e+00,6.123259965099236979e-01,-1.866543407994810399e-06,3.804081354842182123e-05,6.123259507621099385e-01,-3.735576918645571785e-08,5.055963464909846216e-10,-1.044531008652151194e-08,1.007326799266261878e-11
9.962500000000000355e+00,6.123259761406842916e-01,-1.393283083995504912e-06,3.768167778845914087e-05,6.123259504021381083e-01,-2.101703044120379393e-08,3.761034134270363837e-10,-1.027441406948496925e-08,5.654518916268693235e-12
9.975000000000001421e+00,6.123259616592724441e-01,-9.244805720655990365e-07,3.732755594859746458e-05,6.123259502172476720e-01,-9.343083344785035478e-09,2.487148195601217681e-10,-1.010860020690980494e-08,2.508106871910778606e-12
9.987500000000000711e+00,6.123259530103558612e-01,-4.600734843912395968e-07,3.697840234977492740e-05,6.123259501491142842e-01,-2.336371319614388204e-09,1.233676178906121537e-10,-9.947776137504023779e-09,6.258194696855271863e-13
1.000000000000000000e+01,6.123259501393787385e-01,-9.810558302527729313e-33,3.663417197542174569e-05,6.123259501393787385e-01,0.000000000000000000e+00,-3.744039262217183875e-35,-9.791852041371368925e-09,0.000000000000000000e+00
