eta,f,f',f'',F,F',t,t',tp
0.000000000000000000e+00,1.000000000000000000e+00,-3.660669037536709580e-01,3.446654812316452543e-01,7.915509573727768089e-01,-1.727125069211780661e-01,6.960749597626688656e-01,-1.519625201186655561e+00,1.934910016400464283e-01
3.125000000000000173e-03,9.988577221304655307e-01,-3.649914865840402367e-01,3.436021167354993411e-01,7.910120103960979199e-01,-1.722138045661108785e-01,6.913433412464108363e-01,-1.508625084454710663e+00,1.922392942207984956e-01
6.250000000000000347e-03,9.977187997533217834e-01,-3.639193867233029844e-01,3.425424009832027106e-01,7.904746195565652833e-01,-1.717165783781232913e-01,6.866459631554535648e-01,-1.497711204224174919e+00,1.909960403282705554e-01
9.375000000000001388e-03,9.965832225197693850e-01,-3.628505927930583685e-01,3.414863186778436810e-01,7.899387802483617271e-01,-1.712208237487697071e-01,6.819825571666728870e-01,-1.486882815496684884e+00,1.897611796523553662e-01
1.250000000000000069e-02,9.954509801164924676e-01,-3.617850934625749248e-01,3.404338546078772842e-01,7.894044878800464682e-01,-1.707265360856088376e-01,6.773528572738078957e-01,-1.476139180465255718e+00,1.885346523439051514e-01
1.562500000000000000e-02,9.943220622655091212e-01,-3.607228774485246592e-01,3.393849936464912731e-01,7.888717378745048192e-01,-1.702337108121367293e-01,6.727565997651095975e-01,-1.465479568436211855e+00,1.873163990108982213e-01
1.875000000000000278e-02,9.931964587240242892e-01,-3.596639335147193695e-01,3.383397207509775129e-01,7.883405256688993390e-01,-1.697423433677205107e-01,6.681935232012327086e-01,-1.454903255752066693e+00,1.861063607146408727e-01
2.187500000000000208e-02,9.920741592842826639e-01,-3.586082504718485775e-01,3.372980209621100345e-01,7.878108467146195393e-01,-1.692524292075320014e-01,6.636633683933669259e-01,-1.444409525715341092e+00,1.849044789660041488e-01
2.500000000000000139e-02,9.909551537734228033e-01,-3.575558171772198479e-01,3.362598794035277505e-01,7.872826964772330349e-01,-1.687639638024822364e-01,6.591658783816046752e-01,-1.433997668513307788e+00,1.837106957216950998e-01
2.812500000000000069e-02,9.898394320533313584e-01,-3.565066225345007167e-01,3.352252812811237215e-01,7.867560704364362500e-01,-1.682769426391557688e-01,6.547007984135424508e-01,-1.423666981143648425e+00,1.825249533805619329e-01
3.125000000000000000e-02,9.887269840204990778e-01,-3.554606554934624518e-01,3.341942118824395291e-01,7.862309640860056792e-01,-1.677913612197458326e-01,6.502678759231137473e-01,-1.413416767341011626e+00,1.813471947799333017e-01
3.437500000000000278e-02,9.876177996058770336e-01,-3.544179050497261452e-01,3.331666565760655341e-01,7.857073729337492596e-01,-1.673072150619894782e-01,6.458668605096492543e-01,-1.403246337504458596e+00,1.801773631919907637e-01
3.750000000000000555e-02,9.865118687747335136e-01,-3.533783602445099703e-01,3.321426008110460737e-01,7.851852925014576323e-01,-1.668244996991032625e-01,6.414975039171628701e-01,-1.393155008625786229e+00,1.790154023201743771e-01
4.062500000000000833e-02,9.854091815265121346e-01,-3.523420101643789937e-01,3.311220301162907664e-01,7.846647183248560697e-01,-1.663432106797191889e-01,6.371595600138602045e-01,-1.383142104218715529e+00,1.778612562956211340e-01
4.375000000000000416e-02,9.843097278946906226e-01,-3.513088439409964847e-01,3.301049300999908120e-01,7.841456459535564028e-01,-1.658633435678210644e-01,6.328527847718673494e-01,-1.373206954248931133e+00,1.767148696736357549e-01
4.687500000000000000e-02,9.832134979466398139e-01,-3.502788507508768912e-01,3.290912864490405654e-01,7.836280709510091702e-01,-1.653848939426809939e-01,6.285769362471765875e-01,-1.363348895064965260e+00,1.755761874301936254e-01
5.000000000000000278e-02,9.821204817834845446e-01,-3.492520198151408684e-01,3.280810849284646058e-01,7.831119888944556573e-01,-1.649078573987965424e-01,6.243317745598065960e-01,-1.353567269329909672e+00,1.744451549584754013e-01
5.312500000000000555e-02,9.810306695399639842e-01,-3.482283403992721404e-01,3.270743113808496361e-01,7.825973953748809331e-01,-1.644322295458279515e-01,6.201170618741754792e-01,-1.343861425953948530e+00,1.733217180654331446e-01
5.625000000000000139e-02,9.799440513842936351e-01,-3.472078018128758048e-01,3.260709517257820433e-01,7.820842859969659999e-01,-1.639580060085357727e-01,6.159325623796829685e-01,-1.334230720027699935e+00,1.722058229683876007e-01
5.937499999999999722e-02,9.788606175180281088e-01,-3.461903934094386903e-01,3.250709919592900121e-01,7.815726563790412751e-01,-1.634851824267187781e-01,6.117780422714994559e-01,-1.324674512756353284e+00,1.710974162916563124e-01
6.250000000000000000e-02,9.777803581759239027e-01,-3.451761045860913257e-01,3.240744181532911328e-01,7.810625021530390732e-01,-1.630137544551523987e-01,6.076532697315597531e-01,-1.315192171394595988e+00,1.699964450632120427e-01
6.562500000000000278e-02,9.767032636258037304e-01,-3.441649247833716285e-01,3.230812164550446175e-01,7.805538189644473102e-01,-1.625437177635271901e-01,6.035580149097594660e-01,-1.305783069182314682e+00,1.689028567113716739e-01
6.875000000000000555e-02,9.756293241684210749e-01,-3.431568434849903149e-01,3.220913730866087343e-01,7.800466024722629843e-01,-1.620750680363879093e-01,5.994920499053505436e-01,-1.296446585281064934e+00,1.678165990615148040e-01
7.187500000000000833e-02,9.745585301373255183e-01,-3.421518502175979748e-01,3.211048743443029041e-01,7.795408483489456586e-01,-1.616078009730725906e-01,5.954551487485341132e-01,-1.287182104711294794e+00,1.667376203328320705e-01
7.500000000000001110e-02,9.734908718987291820e-01,-3.411499345505539238e-01,3.201217065981748489e-01,7.790365522803716081e-01,-1.611419122876522891e-01,5.914470873822489372e-01,-1.277989018290315082e+00,1.656658691351025892e-01
7.812500000000001388e-02,9.724263398513736112e-01,-3.401510860956964977e-01,3.191418562914722923e-01,7.785337099657874127e-01,-1.606773977088708782e-01,5.874676436441517158e-01,-1.268866722571008188e+00,1.646012944655006749e-01
8.125000000000001665e-02,9.713649244263972138e-01,-3.391552945071151792e-01,3.181653099401195450e-01,7.780323171177646602e-01,-1.602142529800852089e-01,5.835165972487887931e-01,-1.259814619781259637e+00,1.635438457054309291e-01
8.437500000000000555e-02,9.703066160872034773e-01,-3.381625494809244459e-01,3.171920541321986420e-01,7.775323694621542048e-01,-1.597524738592057125e-01,5.795937297699552682e-01,-1.250832117764109075e+00,1.624934726173920818e-01
8.750000000000000833e-02,9.692514053293304066e-01,-3.371728407550387274e-01,3.162220755274351980e-01,7.770338627380407592e-01,-1.592920561186371986e-01,5.756988246232396245e-01,-1.241918629918608463e+00,1.614501253418687554e-01
9.062500000000001110e-02,9.681992826803198504e-01,-3.361861581089497508e-01,3.152553608566889265e-01,7.765367926976975976e-01,-1.588329955452198738e-01,5.718316670487538778e-01,-1.233073575141377276e+00,1.604137543942512345e-01
9.375000000000000000e-02,9.671502386995881606e-01,-3.352024913635046621e-01,3.142918969214483771e-01,7.760411551065417024e-01,-1.583752879401709723e-01,5.679920440940431359e-01,-1.224296377768848920e+00,1.593843106617826022e-01
9.687500000000000278e-02,9.661042639782969621e-01,-3.342218303806863133e-01,3.133316705933306690e-01,7.755469457430889113e-01,-1.579189291190262190e-01,5.641797445971756808e-01,-1.215586467520193947e+00,1.583617454005335490e-01
1.000000000000000056e-01,9.650613491392256993e-01,-3.332441650633947705e-01,3.123746688135849991e-01,7.750541603989091755e-01,-1.574639149115820980e-01,5.603945591700109086e-01,-1.206943279440917838e+00,1.573460102324038545e-01
1.031250000000000083e-01,9.640214848366430722e-01,-3.322694853552306538e-01,3.114208785926012024e-01,7.745627948785820394e-01,-1.570102411618380656e-01,5.566362801816406858e-01,-1.198366253847118035e+00,1.563370571421507926e-01
1.062500000000000111e-01,9.629846617561809152e-01,-3.312977812402796429e-01,3.104702870094221412e-01,7.740728449996525651e-01,-1.565579037279391517e-01,5.529047017420058996e-01,-1.189854836270397120e+00,1.553348384744441257e-01
1.093750000000000000e-01,9.619508706147080757e-01,-3.303290427428986487e-01,3.095228812112608141e-01,7.735843065925871453e-01,-1.561068984821190053e-01,5.491996196856829826e-01,-1.181408477403419033e+00,1.543393069309472176e-01
1.125000000000000028e-01,9.609201021602041815e-01,-3.293632599275039263e-01,3.085786484130212948e-01,7.730971755007292057e-01,-1.556572213106429126e-01,5.455208315558396359e-01,-1.173026633046102996e+00,1.533504155674240976e-01
1.156250000000000056e-01,9.598923471716355182e-01,-3.284004228983596896e-01,3.076375758968244445e-01,7.726114475802560166e-01,-1.552088681137515080e-01,5.418681365883581957e-01,-1.164708764052446277e+00,1.523681177908723927e-01
1.187499999999999944e-01,9.588675964588305733e-01,-3.274405217993694439e-01,3.066996510115369556e-01,7.721271187001347291e-01,-1.547618348056044035e-01,5.382413356961234241e-01,-1.156454336277966233e+00,1.513923673566817119e-01
1.218749999999999972e-01,9.578458408623562459e-01,-3.264835468138674868e-01,3.057648611723056131e-01,7.716441847420791866e-01,-1.543161173142243159e-01,5.346402314534748346e-01,-1.148262820527755190e+00,1.504231183658170101e-01
1.250000000000000000e-01,9.568270712533955002e-01,-3.255294881644130722e-01,3.048331938600944979e-01,7.711626416005062934e-01,-1.538717115814414726e-01,5.310646280808191122e-01,-1.140133692505139518e+00,1.494603252620273215e-01
1.281249999999999889e-01,9.558112785336245754e-01,-3.245783361125849642e-01,3.039046366212272421e-01,7.706824851824934930e-01,-1.534286135628382397e-01,5.275143314294026275e-01,-1.132066432760934216e+00,1.485039428290788888e-01
1.312500000000000056e-01,9.547984536350914153e-01,-3.236300809587784322e-01,3.029791770669325035e-01,7.702037114077354696e-01,-1.529868192276939431e-01,5.239891489662416024e-01,-1.124060526643288593e+00,1.475539261880128294e-01
1.343750000000000222e-01,9.537885875200952102e-01,-3.226847130420024690e-01,3.020568028728939369e-01,7.697263162085018484e-01,-1.525463245589302186e-01,5.204888897592083730e-01,-1.116115464248109923e+00,1.466102307944273653e-01
1.375000000000000111e-01,9.527816711810654926e-01,-3.217422227396797840e-01,3.011375017788037178e-01,7.692502955295938971e-01,-1.521071255530564714e-01,5.170133644622707525e-01,-1.108230740370063527e+00,1.456728124357835052e-01
1.406250000000000000e-01,9.517776956404425670e-01,-3.208026004674468523e-01,3.002212615879202295e-01,7.687756453283031144e-01,-1.516692182201155037e-01,5.135623853008847162e-01,-1.100405854454137078e+00,1.447416272287349870e-01
1.437500000000000167e-01,9.507766519505583824e-01,-3.198658366789563501e-01,2.993080701666292476e-01,7.683023615743682644e-01,-1.512325985836296960e-01,5.101357660575368547e-01,-1.092640310547765337e+00,1.438166316164815328e-01
1.468750000000000333e-01,9.497785311935181829e-01,-3.189319218656803678e-01,2.983979154440094539e-01,7.678304402499337433e-01,-1.507972626805472727e-01,5.067333220574359309e-01,-1.084933617253506455e+00,1.428977823661453650e-01
1.500000000000000222e-01,9.487833244810824906e-01,-3.180008465567152331e-01,2.974907854114011152e-01,7.673598773495073910e-01,-1.503632065611888169e-01,5.033548701543513193e-01,-1.077285287682261616e+00,1.419850365661710634e-01
1.531250000000000111e-01,9.477910229545498666e-01,-3.170726013185876102e-01,2.965866681219788692e-01,7.668906688799191906e-01,-1.499304262891941464e-01,5.000002287165967729e-01,-1.069694839407034026e+00,1.410783516237479052e-01
1.562500000000000000e-01,9.468016177846402259e-01,-3.161471767550619871e-01,2.956855516903280634e-01,7.664228108602794132e-01,-1.494989179414694946e-01,4.966692176131580760e-01,-1.062161794417218363e+00,1.401776852622551306e-01
1.593749999999999889e-01,9.458151001713788197e-01,-3.152245635069492735e-01,2.947874242920248133e-01,7.659562993219373173e-01,-1.490686776081347475e-01,4.933616581999623607e-01,-1.054685679073414040e+00,1.392829955187295798e-01
1.625000000000000056e-01,9.448314613439806608e-01,-3.143047522519170633e-01,2.938922741632195579e-01,7.654911303084398488e-01,-1.486397013924712074e-01,4.900773733062880888e-01,-1.047266024062755596e+00,1.383942407413553122e-01
1.656250000000000222e-01,9.438506925607357267e-01,-3.133877337043007305e-01,2.930000896002242783e-01,7.650272998754911180e-01,-1.482119854108693846e-01,4.868161872213138119e-01,-1.039902364354755138e+00,1.375113795869755962e-01
1.687500000000000111e-01,9.428727851088946066e-01,-3.124734986149163007e-01,2.921108589591032700e-01,7.645648040909105436e-01,-1.477855257927772892e-01,4.835779256808040993e-01,-1.032594239157647475e+00,1.366343710186261884e-01
1.718750000000000000e-01,9.418977303045551475e-01,-3.115620377708742117e-01,2.912245706552673008e-01,7.641036390345931073e-01,-1.473603186806487220e-01,4.803624158539309685e-01,-1.025341191875233982e+00,1.357631743030905946e-01
1.750000000000000167e-01,9.409255194925485455e-01,-3.106533419953946273e-01,2.903412131630713766e-01,7.636438007984681642e-01,-1.469363602298919824e-01,4.771694863302295975e-01,-1.018142770064218938e+00,1.348977490084764252e-01
1.781250000000000333e-01,9.399561440463274353e-01,-3.097474021476236405e-01,2.894607750154157277e-01,7.631852854864592528e-01,-1.465136466088188538e-01,4.739989671066865418e-01,-1.010998525392028835e+00,1.340380550018129835e-01
1.812500000000000222e-01,9.389895953678538687e-01,-3.088442091224511965e-01,2.885832448033506803e-01,7.627280892144439051e-01,-1.460921739985937551e-01,4.708506895749591248e-01,-1.003908013595113502e+00,1.331840524466698095e-01
1.843750000000000111e-01,9.380258648874875149e-01,-3.079437538503297933e-01,2.877086111756841924e-01,7.622722081102135672e-01,-1.456719385931831423e-01,4.677244865087240022e-01,-9.968707944377188657e-01,1.323357018007958741e-01
1.875000000000000000e-01,9.370649440638753047e-01,-3.070460272970946258e-01,2.868368628385931096e-01,7.618176383134334095e-01,-1.452529365993052157e-01,4.646201920511542904e-01,-9.898864316711268874e-01,1.314929638137793955e-01
1.906249999999999889e-01,9.361068243838406300e-01,-3.061510204637850618e-01,2.859679885552380285e-01,7.613643759756029139e-01,-1.448351642363798764e-01,4.615376417025232048e-01,-9.829544929933577979e-01,1.306557995247278892e-01
1.937500000000000056e-01,9.351514973622739868e-01,-3.052587243864669508e-01,2.851019771453806584e-01,7.609124172600159053e-01,-1.444186177364789048e-01,4.584766723079327089e-01,-9.760745500093267468e-01,1.298241702599685909e-01
1.968750000000000222e-01,9.341989545420237295e-01,-3.043691301360564316e-01,2.842388174850050686e-01,7.604617583417215831e-01,-1.440032933442763341e-01,4.554371220451662872e-01,-9.692461781914507579e-01,1.289980376307685583e-01
2.000000000000000111e-01,9.332491874937871579e-01,-3.034822288181450167e-01,2.833784985059418782e-01,7.600123954074845534e-01,-1.435891873169992117e-01,4.524188304126640081e-01,-9.624689568406998852e-01,1.281773635310746173e-01
2.031250000000000000e-01,9.323021878160028253e-01,-3.025980115728252318e-01,2.825210091954954983e-01,7.595643246557464145e-01,-1.431762959243783606e-01,4.494216382176183799e-01,-9.557424690480863516e-01,1.273621101352730434e-01
2.062500000000000167e-01,9.313579471347428473e-01,-3.017164695745182534e-01,2.816663385960748722e-01,7.591175422965861230e-01,-1.427646154485997243e-01,4.464453875641902214e-01,-9.490663016565871191e-01,1.265522398959682826e-01
2.093750000000000333e-01,9.304164571036056541e-01,-3.008375940318019359e-01,2.808144758048268241e-01,7.586720445516813571e-01,-1.423541421842556554e-01,4.434899218418426048e-01,-9.424400452234944492e-01,1.257477155417812964e-01
2.125000000000000222e-01,9.294777094036099641e-01,-2.999613761872407247e-01,2.799654099732731272e-01,7.582278276542699924e-01,-1.419448724382965099e-01,4.405550857137922049e-01,-9.358632939831879050e-01,1.249485000751666269e-01
2.156250000000000111e-01,9.285416957430884244e-01,-2.990878073172158480e-01,2.791191303069496810e-01,7.577848878491115769e-01,-1.415368025299826027e-01,4.376407251055755565e-01,-9.293356458103242401e-01,1.241545567702482394e-01
2.187500000000000000e-01,9.276084078575823622e-01,-2.982168787317575065e-01,2.782756260650499081e-01,7.573432213924485845e-01,-1.411299287908362732e-01,4.347466871937304966e-01,-9.228567021834380713e-01,1.233658491706743077e-01
2.218749999999999889e-01,9.266778375097370901e-01,-2.973485817743773407e-01,2.774348865600699265e-01,7.569028245519684450e-01,-1.407242475645942015e-01,4.318728203945902955e-01,-9.164260681489505567e-01,1.225823410874902764e-01
2.250000000000000056e-01,9.257499764891972127e-01,-2.964829078219027303e-01,2.765969011574575531e-01,7.564636936067654638e-01,-1.403197552071599463e-01,4.290189743531897526e-01,-9.100433522855785329e-01,1.218039965970302285e-01
2.281250000000000222e-01,9.248248166125028202e-01,-2.956198482843117037e-01,2.757616592752638596e-01,7.560258248473025189e-01,-1.399164480865568716e-01,4.261849999322817606e-01,-9.037081666691409998e-01,1.210307800388264188e-01
2.312500000000000111e-01,9.239023497229863491e-01,-2.947593946045692359e-01,2.749291503837975048e-01,7.555892145753739797e-01,-1.395143225828810452e-01,4.233707492014636142e-01,-8.974201268377572926e-01,1.202626560135368061e-01
2.343750000000000000e-01,9.229825676906697751e-01,-2.939015382584642122e-01,2.740993640052823421e-01,7.551538591040672932e-01,-1.391133750882545261e-01,4.205760754264107892e-01,-8.911788517574316115e-01,1.194995893808902671e-01
2.375000000000000167e-01,9.220654624121619181e-01,-2.930462707544480572e-01,2.732722897135174689e-01,7.547197547577259025e-01,-1.387136020067789022e-01,4.178008330582183016e-01,-8.849839637880200227e-01,1.187415452576494751e-01
2.406250000000000333e-01,9.211510258105568560e-01,-2.921935836334738079e-01,2.724479171335403294e-01,7.542868978719117212e-01,-1.383149997544889376e-01,4.150448777228477604e-01,-8.788350886495756020e-01,1.179884890155912941e-01
2.437500000000000222e-01,9.202392498353328953e-01,-2.913434684688367415e-01,2.716262359412924821e-01,7.538552847933680523e-01,-1.379175647593064713e-01,4.123080662106785588e-01,-8.727318553890646147e-01,1.172403862795043661e-01
2.468750000000000111e-01,9.193301264622512070e-01,-2.904959168660156132e-01,2.708072358632881982e-01,7.534249118799822842e-01,-1.375212934609946480e-01,4.095902564661629830e-01,-8.666738963474522883e-01,1.164972029252038244e-01
2.500000000000000000e-01,9.184236476932556847e-01,-2.896509204625152267e-01,2.699909066762856136e-01,7.529957755007493647e-01,-1.371261823111122879e-01,4.068913075775832944e-01,-8.606608471271516292e-01,1.157589050775630207e-01
2.531249999999999889e-01,9.175198055563735799e-01,-2.888084709277100592e-01,2.691772382069609337e-01,7.525678720357344975e-01,-1.367322277729683955e-01,4.042110797669102307e-01,-8.546923465598312841e-01,1.150254591085620309e-01
2.562499999999999778e-01,9.166185921056153596e-01,-2.879685599626884973e-01,2.683662203315849148e-01,7.521411978760368378e-01,-1.363394263215770286e-01,4.015494343797613164e-01,-8.487680366745786742e-01,1.142968316353528135e-01
2.593750000000000222e-01,9.157199994208764515e-01,-2.871311793000986268e-01,2.675578429757022869e-01,7.517157494237528548e-01,-1.359477744436123070e-01,3.989062338754582049e-01,-8.428875626664124043e-01,1.135729895183408000e-01
2.625000000000000111e-01,9.148240196078385456e-01,-2.862963207039945779e-01,2.667520961138137303e-01,7.512915230919400278e-01,-1.355572686373637259e-01,3.962813418171820534e-01,-8.370505728651428390e-01,1.128538998592829024e-01
2.656250000000000000e-01,9.139306447978717829e-01,-2.854639759696840362e-01,2.659489697690602394e-01,7.508685153045806526e-01,-1.351679054126914969e-01,3.936746228622253763e-01,-8.312567187045715178e-01,1.121395299994016187e-01
2.687500000000000444e-01,9.130398671479375006e-01,-2.846341369235768637e-01,2.651484540129105394e-01,7.504467224965456484e-01,-1.347796812909822506e-01,3.910859427523397103e-01,-8.255056546920312988e-01,1.114298475175152375e-01
2.718750000000000333e-01,9.121516788404908649e-01,-2.838067954230344969e-01,2.643505389648503900e-01,7.500261411135584755e-01,-1.343925928051049601e-01,3.885151683041780935e-01,-8.197970383782582360e-01,1.107248202281838761e-01
2.750000000000000222e-01,9.112660720833847261e-01,-2.829819433562202335e-01,2.635552147920751653e-01,7.496067676121598300e-01,-1.340066364993670045e-01,3.859621673998310243e-01,-8.141305303275935268e-01,1.100244161798712289e-01
2.781250000000000111e-01,9.103830391097735841e-01,-2.821595726419507955e-01,2.627624717091841533e-01,7.491885984596714509e-01,-1.336218089294704536e-01,3.834268089774551802e-01,-8.085057940885108652e-01,1.093286036531219835e-01
2.812500000000000000e-01,9.095025721780177763e-01,-2.813396752295486136e-01,2.619722999778780204e-01,7.487716301341607039e-01,-1.332381066624685750e-01,3.809089630219933964e-01,-8.029224961644656489e-01,1.086373511587545304e-01
2.843750000000000444e-01,9.086246635715885533e-01,-2.805222430986951121e-01,2.611846899066583849e-01,7.483558591244051650e-01,-1.328555262767226186e-01,3.784085005559856829e-01,-7.973803059850611552e-01,1.079506274360691326e-01
2.875000000000000333e-01,9.077493055989735993e-01,-2.797072682592849358e-01,2.603996318505297225e-01,7.479412819298577597e-01,-1.324740643618586011e-01,3.759252936304697257e-01,-7.918788958775299092e-01,1.072684014510711520e-01
2.906250000000000222e-01,9.068764905935824405e-01,-2.788947427512810107e-01,2.596171162107039909e-01,7.475278950606110140e-01,-1.320937175187245627e-01,3.734592153159697059e-01,-7.864179410385228053e-01,1.065906423947092646e-01
2.937500000000000666e-01,9.060062109136529651e-01,-2.780846586445706037e-01,2.588371334343072538e-01,7.471156950373623040e-01,-1.317144823593477398e-01,3.710101396935732709e-01,-7.809971195062069826e-01,1.059173196811285661e-01
2.968750000000000555e-01,9.051384589421582749e-01,-2.772770080388224923e-01,2.580596740140891909e-01,7.467046783913792174e-01,-1.313363555068922939e-01,3.685779418460948254e-01,-7.756161121326645702e-01,1.052484029459384990e-01
3.000000000000000444e-01,9.042732270867134270e-01,-2.764717830633446338e-01,2.572847284881343843e-01,7.462948416644643590e-01,-1.309593335956168447e-01,3.661624978493248639e-01,-7.702746025565907484e-01,1.045838620444952266e-01
3.031250000000000333e-01,9.034105077794833960e-01,-2.756689758769430010e-01,2.565122874395762143e-01,7.458861814089211562e-01,-1.305834132708324768e-01,3.637636847633641257e-01,-7.649722771762877960e-01,1.039236670501985788e-01
3.062500000000000222e-01,9.025502934770909258e-01,-2.748685786677812493e-01,2.557423414963130859e-01,7.454786941875192197e-01,-1.302085911888608560e-01,3.613813806240416260e-01,-7.597088251229495715e-01,1.032677882528032776e-01
3.093750000000000111e-01,9.016925766605249359e-01,-2.740705836532412176e-01,2.549748813307267659e-01,7.450723765734599269e-01,-1.298348640169926238e-01,3.590154644344155654e-01,-7.544839382342359846e-01,1.026161961567443465e-01
3.125000000000000000e-01,9.008373498350499275e-01,-2.732749830797845947e-01,2.542098976594031057e-01,7.446672251503423379e-01,-1.294622284334457085e-01,3.566658161563568408e-01,-7.492973110281304638e-01,1.019688614794766607e-01
3.156249999999999889e-01,8.999846055301146119e-01,-2.724817692228148069e-01,2.534473812428548745e-01,7.442632365121290006e-01,-1.290906811273242472e-01,3.543323167022132125e-01,-7.441486406770805306e-01,1.013257551498282921e-01
3.187499999999999778e-01,8.991343362992619825e-01,-2.716909343865405724e-01,2.526873228852468678e-01,7.438604072631121999e-01,-1.287202187985774238e-01,3.520148479265543529e-01,-7.390376269824147082e-01,1.006868483063678016e-01
3.218750000000000222e-01,8.982865347200399420e-01,-2.709024709038396206e-01,2.519297134341231259e-01,7.434587340178798742e-01,-1.283508381579584190e-01,3.497132926179961632e-01,-7.339639723490357648e-01,1.000521122957851172e-01
3.250000000000000111e-01,8.974411933939111519e-01,-2.701163711361238007e-01,2.511745437801367054e-01,7.430582134012820861e-01,-1.279825359269839702e-01,3.474275344911037511e-01,-7.289273817603842964e-01,9.942151867128606879e-02
3.281250000000000000e-01,8.965983049461645482e-01,-2.693326274732045222e-01,2.504218048567808386e-01,7.426588420483972719e-01,-1.276153088378935707e-01,3.451574581783723450e-01,-7.239275627536706503e-01,9.879503919100013354e-02
3.312500000000000444e-01,8.957578620258268565e-01,-2.685512323331595841e-01,2.496714876401228134e-01,7.422606166044990461e-01,-1.272491536336092799e-01,3.429029492222849251e-01,-7.189642253953720807e-01,9.817264581640176846e-02
3.343750000000000333e-01,8.949198573055741068e-01,-2.677721781622002806e-01,2.489235831485400174e-01,7.418635337250226724e-01,-1.268840670676956162e-01,3.406638940674465155e-01,-7.140370822569921394e-01,9.755431071074473215e-02
3.375000000000000222e-01,8.940842834816441487e-01,-2.669954574345397846e-01,2.481780824424575094e-01,7.414675900755320903e-01,-1.265200459043194225e-01,3.384401800527932491e-01,-7.091458483910777488e-01,9.694000623750953505e-02
3.406250000000000111e-01,8.932511332737496090e-01,-2.662210626522620305e-01,2.474349766240881987e-01,7.410727823316864971e-01,-1.261570869182102317e-01,3.362316954038763739e-01,-7.042902413074927370e-01,9.632970495886376827e-02
3.437500000000000000e-01,8.924203994249904071e-01,-2.654489863451915954e-01,2.466942568371748024e-01,7.406791071792077075e-01,-1.257951868946206309e-01,3.340383292252197545e-01,-6.994699809499442811e-01,9.572337963413543593e-02
3.468750000000000444e-01,8.915920747017677117e-01,-2.646792210707643034e-01,2.459559142667339104e-01,7.402865613138474021e-01,-1.254343426292867936e-01,3.318599714927507605e-01,-6.946847896727574856e-01,9.512100321829869420e-02
3.500000000000000333e-01,8.907661518936976774e-01,-2.639117594138986611e-01,2.452199401388020228e-01,7.398951414413538208e-01,-1.250745509283893997e-01,3.296965130463027083e-01,-6.899343922178989841e-01,9.452254886047253835e-02
3.531250000000000222e-01,8.899426238135259570e-01,-2.631465939868680159e-01,2.444863257201836115e-01,7.395048442774401209e-01,-1.247158086085143752e-01,3.275478455821893009e-01,-6.852185156922423470e-01,9.392798990243164670e-02
3.562500000000000666e-01,8.891214832970419923e-01,-2.623837174291736019e-01,2.437550623182011267e-01,7.391156665477510712e-01,-1.243581124966142148e-01,3.254138616458492894e-01,-6.805368895450747413e-01,9.333729987712978404e-02
3.593750000000000555e-01,8.883027232029948594e-01,-2.616231224074182515e-01,2.430261412804469445e-01,7.387276049878312989e-01,-1.240014594299691936e-01,3.232944546245615780e-01,-6.758892455458431758e-01,9.275045250723540358e-02
3.625000000000000444e-01,8.874863364130077814e-01,-2.608648016151810523e-01,2.422995539945373145e-01,7.383406563430925384e-01,-1.236458462561488419e-01,3.211895187402287744e-01,-6.712753177621338940e-01,9.216742170367932252e-02
3.656250000000000333e-01,8.866723158314949726e-01,-2.601087477728924457e-01,2.415752918878680822e-01,7.379548173687822121e-01,-1.232912698329736573e-01,3.190989490422300179e-01,-6.666948425378856902e-01,9.158818156421455470e-02
3.687500000000000222e-01,8.858606543855771509e-01,-2.593549536277104939e-01,2.408533464273725500e-01,7.375700848299507895e-01,-1.229377270284769536e-01,3.170226414003408100e-01,-6.621475584718327090e-01,9.101270637198793922e-02
3.718750000000000111e-01,8.850513450249990477e-01,-2.586034119533976439e-01,2.401337091192809470e-01,7.371864555014203679e-01,-1.225852147208667947e-01,3.149604924977204012e-01,-6.576332063961739527e-01,9.044097059412363471e-02
3.750000000000000000e-01,8.842443807220455865e-01,-2.578541155501982152e-01,2.394163715088818978e-01,7.368039261677529206e-01,-1.222337297984882748e-01,3.129123998239651261e-01,-6.531515293554676083e-01,8.987294888031839568e-02
3.781249999999999889e-01,8.834397544714597261e-01,-2.571070572447169411e-01,2.387013251802858060e-01,7.364224936232180996e-01,-1.218832691597858259e-01,3.108782616682273514e-01,-6.487022725857473082e-01,8.930861606144821496e-02
3.812499999999999778e-01,8.826374592903604155e-01,-2.563622298897976215e-01,2.379885617561899036e-01,7.360421546717628161e-01,-1.215338297132657619e-01,3.088579771123998174e-01,-6.442851834938572164e-01,8.874794714818678987e-02
3.843750000000000222e-01,8.818374882181604368e-01,-2.556196263644032740e-01,2.372780728976452425e-01,7.356629061269787107e-01,-1.211854083774589613e-01,3.068514460243633724e-01,-6.399000116370039404e-01,8.819091732963504904e-02
3.875000000000000111e-01,8.810398343164855817e-01,-2.548792395734965077e-01,2.365698503038254075e-01,7.352847448120716223e-01,-1.208380020808838134e-01,3.048585690512992663e-01,-6.355465087025228277e-01,8.763750197196222558e-02
3.906250000000000000e-01,8.802444906690924942e-01,-2.541410624479207847e-01,2.358638857117970611e-01,7.349076675598301689e-01,-1.204916077620091508e-01,3.028792476130635070e-01,-6.312244284878554268e-01,8.708767661705796304e-02
3.937500000000000444e-01,8.794514503817892903e-01,-2.534050879442821813e-01,2.351601708962922088e-01,7.345316712125947722e-01,-1.201462223692175285e-01,3.009133838956238316e-01,-6.269335268807365580e-01,8.654141698119553749e-02
3.968750000000000333e-01,8.786607065823541785e-01,-2.526713090448323706e-01,2.344586976694821856e-01,7.341567526222267936e-01,-1.198018428607686009e-01,2.989608808445583521e-01,-6.226735618395884408e-01,8.599869895370614026e-02
4.000000000000000222e-01,8.778722524204560784e-01,-2.519397187573515495e-01,2.337594578807535017e-01,7.337829086500774478e-01,-1.194584662047626089e-01,2.970216421586149846e-01,-6.184442933741178816e-01,8.545949859566391582e-02
4.031250000000000111e-01,8.770860810675747965e-01,-2.512103101150329199e-01,2.330624434164852710e-01,7.334101361669574937e-01,-1.191160893791041453e-01,2.950955722833309980e-01,-6.142454835261171864e-01,8.492379213858192166e-02
4.062500000000000000e-01,8.763021857169218665e-01,-2.504830761763671698e-01,2.323676461998283038e-01,7.330384320531063702e-01,-1.187747093714659891e-01,2.931825764047129579e-01,-6.100768963504636933e-01,8.439155598311867679e-02
4.093750000000000444e-01,8.755205595833617238e-01,-2.497580100250279544e-01,2.316750581904860606e-01,7.326677931981618874e-01,-1.184343231792531481e-01,2.912825604429747361e-01,-6.059382978963167021e-01,8.386276669779536841e-02
4.125000000000000333e-01,8.747411959033331019e-01,-2.490351047697580422e-01,2.309846713844972421e-01,7.322982165011296951e-01,-1.180949278095670407e-01,2.893954310463351387e-01,-6.018294561885101368e-01,8.333740101772355025e-02
4.156250000000000222e-01,8.739640879347708724e-01,-2.483143535442560723e-01,2.302964778140197122e-01,7.319296988703531959e-01,-1.177565202791698851e-01,2.875210955848719330e-01,-5.977501412091371646e-01,8.281543584334320751e-02
4.187500000000000666e-01,8.731892289570281074e-01,-2.475957495070640613e-01,2.296104695471165580e-01,7.315622372234834581e-01,-1.174190976144491583e-01,2.856594621444347171e-01,-5.937001248793262187e-01,8.229684823917118863e-02
4.218750000000000555e-01,8.724166122707990301e-01,-2.468792858414554925e-01,2.289266386875433990e-01,7.311958284874491287e-01,-1.170826568513823607e-01,2.838104395206132446e-01,-5.896791810412050916e-01,8.178161543255985100e-02
4.250000000000000444e-01,8.716462311980414102e-01,-2.461649557553241274e-01,2.282449773745374721e-01,7.308304695984261246e-01,-1.167471950355017107e-01,2.819739372127622046e-01,-5.856870854400512139e-01,8.126971481246579587e-02
4.281250000000000333e-01,8.708780790819002915e-01,-2.454527524810733718e-01,2.275654777826081887e-01,7.304661575018086550e-01,-1.164127092218592840e-01,2.801498654180817893e-01,-5.817236157066263402e-01,8.076112392822869246e-02
4.312500000000000222e-01,8.701121492866309426e-01,-2.447426692755065858e-01,2.268881321213295221e-01,7.301028891521786912e-01,-1.160791964749920552e-01,2.783381350257527198e-01,-5.777885513396930905e-01,8.025582048836002458e-02
4.343750000000000111e-01,8.693484351975233615e-01,-2.440346994197175323e-01,2.262129326351335623e-01,7.297406615132769891e-01,-1.157466538688872448e-01,2.765386576111258377e-01,-5.738816736887116798e-01,7.975378235934173221e-02
4.375000000000000000e-01,8.685869302208264475e-01,-2.433288362189820753e-01,2.255398716031060125e-01,7.293794715579733356e-01,-1.154150784869477780e-01,2.747513454299656543e-01,-5.700027659367138400e-01,7.925498756443456749e-02
4.406249999999999889e-01,8.678276277836720620e-01,-2.426250730026499325e-01,2.248689413387830738e-01,7.290193162682372385e-01,-1.150844674219578673e-01,2.729761114127468025e-01,-5.661516130833537108e-01,7.875941428249620679e-02
4.437499999999999778e-01,8.670705213340007544e-01,-2.419234031240375116e-01,2.242001341899496070e-01,7.286601926351083947e-01,-1.147548177760487897e-01,2.712128691590032226e-01,-5.623280019281314823e-01,7.826704084680895235e-02
4.468750000000000222e-01,8.663156043404864892e-01,-2.412238199603211619e-01,2.235334425384393198e-01,7.283020976586679351e-01,-1.144261266606648453e-01,2.694615329317300301e-01,-5.585317210537898980e-01,7.777784574391689854e-02
4.500000000000000111e-01,8.655628702924624829e-01,-2.405263169124310096e-01,2.228688587999360093e-01,7.279450283480095596e-01,-1.140983911965293418e-01,2.677220176518362860e-01,-5.547625608098800676e-01,7.729180761247261833e-02
4.531250000000000000e-01,8.648123126998469301e-01,-2.398308874049455697e-01,2.222063754237763866e-01,7.275889817212096711e-01,-1.137716085136108723e-01,2.659942388926492818e-01,-5.510203132964949235e-01,7.680890524209307846e-02
4.562500000000000444e-01,8.640639250930695070e-01,-2.391375248859868297e-01,2.215459848927545661e-01,7.272339548052993985e-01,-1.134457757510896753e-01,2.642781128744691732e-01,-5.473047723481698768e-01,7.632911757222496374e-02
4.593750000000000333e-01,8.633177010229978743e-01,-2.384462228271160278e-01,2.208876797229277766e-01,7.268799446362357308e-01,-1.131208900573241333e-01,2.625735564591740734e-01,-5.436157335179472305e-01,7.585242369101910520e-02
4.625000000000000222e-01,8.625736340608646247e-01,-2.377569747232300412e-01,2.202314524634236270e-01,7.265269482588725403e-01,-1.127969485898174251e-01,2.608804871448741070e-01,-5.399529940616019097e-01,7.537880283421397043e-02
4.656250000000000111e-01,8.618317177981942301e-01,-2.370697740924582186e-01,2.195772956962487310e-01,7.261749627269322716e-01,-1.124739485151843993e-01,2.591988230606149801e-01,-5.363163529220293935e-01,7.490823438402831325e-02
4.687500000000000000e-01,8.610919458467310994e-01,-2.363846144760600732e-01,2.189252020360989148e-01,7.258239851029774092e-01,-1.121518870091184339e-01,2.575284829611298454e-01,-5.327056107137911889e-01,7.444069786806262190e-02
4.718750000000000444e-01,8.603543118383670807e-01,-2.357014894383233639e-01,2.182751641301705625e-01,7.254740124583826111e-01,-1.118307612563586434e-01,2.558693862216393500e-01,-5.291205697078178449e-01,7.397617295820953232e-02
4.750000000000000333e-01,8.596188094250697409e-01,-2.350203925664627602e-01,2.176271746579736543e-01,7.251250418733057312e-01,-1.115105684506570438e-01,2.542214528326990353e-01,-5.255610338162666206e-01,7.351463946957299822e-02
4.781250000000000222e-01,8.588854322788110895e-01,-2.343413174705193114e-01,2.169812263311459155e-01,7.247770704366603978e-01,-1.111913057947459815e-01,2.525846033950942537e-01,-5.220268085775328082e-01,7.305607735939614877e-02
4.812500000000000666e-01,8.581541740914959693e-01,-2.336642577832601653e-01,2.163373118932685191e-01,7.244300952460874798e-01,-1.108729705003056731e-01,2.509587591147810492e-01,-5.185177011414128234e-01,7.260046672599779205e-02
4.843750000000000555e-01,8.574250285748915568e-01,-2.329892071600791204e-01,2.156954241196830380e-01,7.240841134079275543e-01,-1.105555597879318563e-01,2.493438417978737498e-01,-5.150335202544172875e-01,7.214778780771753663e-02
4.875000000000000444e-01,8.566979894605568635e-01,-2.323161592788976493e-01,2.150555558173098125e-01,7.237391220371929279e-01,-1.102390708871036212e-01,2.477397738456779130e-01,-5.115740762452318791e-01,7.169802098186930928e-02
4.906250000000000333e-01,8.559730504997720146e-01,-2.316451078400665331e-01,2.144176998244675669e-01,7.233951182575398819e-01,-1.099235010361513804e-01,2.461464782497685966e-01,-5.081391810103257356e-01,7.125114676370331024e-02
4.937500000000000222e-01,8.552502054634688600e-01,-2.309760465662678841e-01,2.137818490106944691e-01,7.230520992012412496e-01,-1.096088474822249359e-01,2.445638785871132592e-01,-5.047286479997039610e-01,7.080714580537635083e-02
4.968750000000000111e-01,8.545294481421609190e-01,-2.303089692024180568e-01,2.131479962765703284e-01,7.227100620091586602e-01,-1.092951074812617551e-01,2.429918990152390434e-01,-5.013422922028044626e-01,7.036599889493036497e-02
5.000000000000000000e-01,8.538107723458744358e-01,-2.296438695155707810e-01,2.125161345535402924e-01,7.223690038307153394e-01,-1.089822782979553012e-01,2.414304642674440227e-01,-4.979799301345351759e-01,6.992768695527921963e-02
5.031250000000000444e-01,8.530941719040791016e-01,-2.289807412948209608e-01,2.118862568037395977e-01,7.220289218238686857e-01,-1.086703572057236000e-01,2.398794996480515529e-01,-4.946413798214530644e-01,6.949219104320354667e-02
5.062500000000000888e-01,8.523796406656191094e-01,-2.283195783512092236e-01,2.112583560198198207e-01,7.216898131550828488e-01,-1.083593414866778348e-01,2.383389310277079509e-01,-4.913264607880808987e-01,6.905949234835370709e-02
5.093750000000001332e-01,8.516671724986453196e-01,-2.276603745176266347e-01,2.106324252247762929e-01,7.213516749993023058e-01,-1.080492284315912044e-01,2.368086848387224996e-01,-4.880349940433609257e-01,6.862957219226062389e-02
5.125000000000000666e-01,8.509567612905466483e-01,-2.270031236487202175e-01,2.100084574717766828e-01,7.210145045399239949e-01,-1.077400153398677535e-01,2.352886880704496142e-01,-4.847668020672448730e-01,6.820241202735467800e-02
5.156250000000000000e-01,8.502484009478824545e-01,-2.263478196207989179e-01,2.093864458439909926e-01,7.206782989687708918e-01,-1.074316995195115088e-01,2.337788682647125860e-01,-4.815217087974172361e-01,6.777799343599229254e-02
5.187500000000000444e-01,8.495420853963145946e-01,-2.256944563317400954e-01,2.087663834544225272e-01,7.203430554860649204e-01,-1.071242782870955867e-01,2.322791535112689598e-01,-4.782995396161515145e-01,6.735629812949035788e-02
5.218750000000000888e-01,8.488378085805409201e-01,-2.250430277008966251e-01,2.081482634457405001e-01,7.200087713004007517e-01,-1.068177489677316350e-01,2.307894724433165179e-01,-4.751001213372981757e-01,6.693730794716842847e-02
5.250000000000000222e-01,8.481355644642276648e-01,-2.243935276690043890e-01,2.075320789901134166e-01,7.196754436287183809e-01,-1.065121088950391898e-01,2.293097542330396477e-01,-4.719232821934011834e-01,6.652100485539841346e-02
5.281249999999999556e-01,8.474353470299429425e-01,-2.237459501980903764e-01,2.069178232890438451e-01,7.193430696962771487e-01,-1.062073554111152562e-01,2.278399285871959556e-01,-4.687688518229430334e-01,6.610737094666196967e-02
5.312500000000000000e-01,8.467371502790903559e-01,-2.231002892713812025e-01,2.063054895732044647e-01,7.190116467366292063e-01,-1.059034858665041101e-01,2.263799257427424050e-01,-4.656366612577172992e-01,6.569638843861523581e-02
5.343750000000000444e-01,8.460409682318429381e-01,-2.224565388932123189e-01,2.056950711022750566e-01,7.186811719915928709e-01,-1.056004976201670859e-01,2.249296764625010048e-01,-4.625265429103262438e-01,6.528803967316132439e-02
5.374999999999999778e-01,8.453467949270775383e-01,-2.218146930889375590e-01,2.050865611647809672e-01,7.183516427112267566e-01,-1.052983880394525729e-01,2.234891120308629131e-01,-4.594383305618021107e-01,6.488230711552978036e-02
5.406249999999999112e-01,8.446546244223086530e-01,-2.211747459048392650e-01,2.044799530779323748e-01,7.180230561538035738e-01,-1.049971545000660950e-01,2.220581642495313701e-01,-4.563718593493512610e-01,6.447917335336365852e-02
5.437499999999999556e-01,8.439644507936239215e-01,-2.205366914080388319e-01,2.038752401874649733e-01,7.176954095857837057e-01,-1.046967943860405842e-01,2.206367654333026007e-01,-4.533269657542201014e-01,6.407862109581373422e-02
5.468750000000000000e-01,8.432762681356185119e-01,-2.199005236864078894e-01,2.032724158674817372e-01,7.173687002817894509e-01,-1.043973050897067378e-01,2.192248484058845759e-01,-4.503034875896806399e-01,6.368063317263991663e-02
5.500000000000000444e-01,8.425900705613309505e-01,-2.192662368484799285e-01,2.026714735202957696e-01,7.170429255245792666e-01,-1.040986840116634726e-01,2.178223464957529942e-01,-4.473012639891346676e-01,6.328519253331979511e-02
5.531250000000000888e-01,8.419058522021780622e-01,-2.186338250233622882e-01,2.020724065762742327e-01,7.167180826050220110e-01,-1.038009285607486010e-01,2.164291935320444005e-01,-4.443201353943354581e-01,6.289228224616422169e-02
5.562500000000000222e-01,8.412236072078915772e-01,-2.180032823606487813e-01,2.014752084936835552e-01,7.163941688220706316e-01,-1.035040361540095072e-01,2.150453238404856637e-01,-4.413599435437257634e-01,6.250188549743998512e-02
5.593749999999999556e-01,8.405433297464536269e-01,-2.173746030303327359e-01,2.008798727585353883e-01,7.160711814827375177e-01,-1.032080042166740319e-01,2.136706722393600100e-01,-4.384205314608901616e-01,6.211398559049927104e-02
5.625000000000000000e-01,8.398650140040334611e-01,-2.167477812227205369e-01,2.002863928844341168e-01,7.157491179020680772e-01,-1.029128301821215091e-01,2.123051740355088035e-01,-4.355017434431214252e-01,6.172856594491613058e-02
5.656250000000000444e-01,8.391886541849237213e-01,-2.161228111483456671e-01,1.996947624124251475e-01,7.154279754031158678e-01,-1.026185114918538033e-01,2.109487650203689946e-01,-4.326034250500993550e-01,6.134561009562981143e-02
5.687500000000000888e-01,8.385142445114780463e-01,-2.154996870378831642e-01,1.991049749108443068e-01,7.151077513169172839e-01,-1.023250455954666099e-01,2.096013814660457053e-01,-4.297254230926803586e-01,6.096510169209470864e-02
5.718750000000001332e-01,8.378417792240475670e-01,-2.148784031420645502e-01,1.985170239751682664e-01,7.147884429824659103e-01,-1.020324299506207982e-01,2.082629601214195658e-01,-4.268675856217970521e-01,6.058702449743712942e-02
5.750000000000000666e-01,8.371712525809187344e-01,-2.142589537315933157e-01,1.979309032278663005e-01,7.144700477466875421e-01,-1.017406620230138503e-01,2.069334382082888557e-01,-4.240297619174667187e-01,6.021136238761871234e-02
5.781250000000000000e-01,8.365026588582510358e-01,-2.136413330970606539e-01,1.973466063182525709e-01,7.141525629644152051e-01,-1.014497392863515091e-01,2.056127534175453964e-01,-4.212118024779071823e-01,5.983809935060633439e-02
5.812500000000000444e-01,8.358359923500147115e-01,-2.130255355488619440e-01,1.967641269223400213e-01,7.138359859983641753e-01,-1.011596592223194674e-01,2.043008439053847214e-01,-4.184135590087592615e-01,5.946721948554869325e-02
5.843750000000000888e-01,8.351712473679293591e-01,-2.124115554171135400e-01,1.961834587426948273e-01,7.135203142191069992e-01,-1.008704193205552380e-01,2.029976482895496093e-01,-4.156348844124144182e-01,5.909870700195932192e-02
5.875000000000000222e-01,8.345084182414022056e-01,-2.117993870515699484e-01,1.956045955082922061e-01,7.132055450050487355e-01,-1.005820170786200923e-01,2.017031056456067284e-01,-4.128756327774463775e-01,5.873254621890598715e-02
5.906249999999999556e-01,8.338474993174667116e-01,-2.111890248215415322e-01,1.950275309743729757e-01,7.128916757424021977e-01,-1.002944500019711388e-01,2.004171555032561169e-01,-4.101356593681457219e-01,5.836872156420649937e-02
5.937500000000000000e-01,8.331884849607222865e-01,-2.105804631158126605e-01,1.944522589223012521e-01,7.125787038251631955e-01,-1.000077156039334975e-01,1.991397378426733311e-01,-4.074148206141562922e-01,5.800721757363082320e-02
5.968750000000000444e-01,8.325313695532724489e-01,-2.099736963425603564e-01,1.938787731594231734e-01,7.122666266550864433e-01,-9.972181140567269730e-02,1.978707930908839285e-01,-4.047129741002130077e-01,5.764801889010951613e-02
6.000000000000000888e-01,8.318761474946654300e-01,-2.093687189292732231e-01,1.933070675189265120e-01,7.119554416416605802e-01,-9.943673493616697612e-02,1.966102621181694543e-01,-4.020299785559784400e-01,5.729111026294826658e-02
6.031250000000001332e-01,8.312228132018333326e-01,-2.087655253226710084e-01,1.927371358597012030e-01,7.116451462020841889e-01,-9.915248373217992739e-02,1.953580862345055125e-01,-3.993656938459785311e-01,5.693647654704867694e-02
6.062500000000000666e-01,8.305713611090322912e-01,-2.081641099886244184e-01,1.921689720662011214e-01,7.113357377612410382e-01,-9.886905533823311942e-02,1.941142071860308405e-01,-3.967199809596359539e-01,5.658410270213513893e-02
6.125000000000000444e-01,8.292740813468127969e-01,-2.069665920969614437e-01,1.910379237411922171e-01,7.107195716135739083e-01,-9.830465719717429440e-02,1.916511087391925550e-01,-3.914837201813516354e-01,5.588607498371454124e-02
6.187500000000000222e-01,8.279842640262715658e-01,-2.057761213612496476e-01,1.899138741256022611e-01,7.101069227505220072e-01,-9.774352102328959235e-02,1.892205093376508884e-01,-3.863201062613477732e-01,5.519690885290279986e-02
6.250000000000000000e-01,8.267018652390641931e-01,-2.045926541898186179e-01,1.887967752014613199e-01,7.094977708453769072e-01,-9.718562744927629338e-02,1.868219582993340955e-01,-3.812280666167287557e-01,5.451648768364168729e-02
6.312500000000000888e-01,8.254268413483589750e-01,-2.034161472898705081e-01,1.876865793468579791e-01,7.088920956920955474e-01,-9.663095722937364851e-02,1.844550115923010158e-01,-3.762065457387095968e-01,5.384469645486784223e-02
6.375000000000000666e-01,8.241591489869765086e-01,-2.022465576650176178e-01,1.865832393317340132e-01,7.082898772045429503e-01,-9.607949123851504403e-02,1.821192317289576645e-01,-3.712545048960329552e-01,5.318142172718512417e-02
6.437500000000000444e-01,8.228987450555451666e-01,-2.010838426128464529e-01,1.854867083137362316e-01,7.076910954157413780e-01,-9.553121047148710465e-02,1.798141876621096313e-01,-3.663709218440550641e-01,5.252655161989889382e-02
6.500000000000000222e-01,8.216455867206705621e-01,-1.999279597225072369e-01,1.843969398341246679e-01,7.070957304771229301e-01,-9.498609604209577728e-02,1.775394546828154563e-01,-3.615547905393824979e-01,5.187997578840644608e-02
6.562500000000000000e-01,8.203996314131216661e-01,-1.987788668723291241e-01,1.833138878137365868e-01,7.065037626577886920e-01,-9.444412918233940912e-02,1.752946143200063145e-01,-3.568051208599417601e-01,5.124158540193736455e-02
6.625000000000000888e-01,8.191608368260301365e-01,-1.976365222274601707e-01,1.822375065490046686e-01,7.059151723437725456e-01,-9.390529124158847329e-02,1.730792542418387314e-01,-3.521209383303673390e-01,5.061127312163810066e-02
6.687500000000000666e-01,8.179291609131050800e-01,-1.965008842375323139e-01,1.811677507080291794e-01,7.053299400373101991e-01,-9.336956368577221943e-02,1.708929681587472993e-01,-3.475012838525979864e-01,4.998893307899507366e-02
6.750000000000000444e-01,8.167045618868629120e-01,-1.953719116343504703e-01,1.801045753267026817e-01,7.047480463561132114e-01,-9.283692809657180522e-02,1.687353557281649208e-01,-3.429452134415705289e-01,4.937446085459042816e-02
6.812500000000000222e-01,8.154869982168697629e-01,-1.942495634296058371e-01,1.790479358048868708e-01,7.041694720326479029e-01,-9.230736617062020033e-02,1.666060224608796048e-01,-3.384517979659064646e-01,4.876775345718520338e-02
6.875000000000000000e-01,8.142764286280005370e-01,-1.931337989126128973e-01,1.779977879026403975e-01,7.035941979134194835e-01,-9.178085971870858506e-02,1.645045796289965889e-01,-3.340201228934863154e-01,4.816870930312425192e-02
6.937500000000000888e-01,8.130728120987098517e-01,-1.920245776480699051e-01,1.769540877364970122e-01,7.030222049582608435e-01,-9.125739066499913288e-02,1.624306441754754526e-01,-3.296492880418101512e-01,4.757722819605769704e-02
7.000000000000000666e-01,8.118761078593184077e-01,-1.909218594738423258e-01,1.759167917757930855e-01,7.024534742396271181e-01,-9.073694104624439871e-02,1.603838386252130210e-01,-3.253384073330460868e-01,4.699321130697365484e-02
7.062500000000000444e-01,8.106862753903119057e-01,-1.898256044987692570e-01,1.748858568390437296e-01,7.018879869418934714e-01,-9.021949301101282737e-02,1.583637909976425007e-01,-3.210866085536679404e-01,4.641656115453702408e-02
7.125000000000000222e-01,8.095032744206552833e-01,-1.887357731004921657e-01,1.738612400903669919e-01,7.013257243606592084e-01,-8.970502881892068736e-02,1.563701347208211190e-01,-3.168930331185886295e-01,4.584718158572936852e-02
7.187500000000000000e-01,8.083270649261181662e-01,-1.876523259233060237e-01,1.728428990359547890e-01,7.007666679020559952e-01,-8.919353083987015263e-02,1.544025085469779568e-01,-3.127568358396969339e-01,4.528497775678489573e-02
7.250000000000000888e-01,8.071576071276160835e-01,-1.865752238760321202e-01,1.718307915205904424e-01,7.002107990820609640e-01,-8.868498155329364308e-02,1.524605564694947735e-01,-3.086771846987050316e-01,4.472985611441762654e-02
7.312500000000000666e-01,8.059948614895628971e-01,-1.855044281299128572e-01,1.708248757242118443e-01,6.996580995258143698e-01,-8.817936354740409099e-02,1.505439276412937344e-01,-3.046532606242213226e-01,4.418172437733505070e-02
7.375000000000000444e-01,8.048387887182379963e-01,-1.844399001165273888e-01,1.698251101585190881e-01,6.991085509669424658e-01,-8.767665951845139694e-02,1.486522762946048404e-01,-3.006842572729588881e-01,4.364049151803343907e-02
7.437500000000000222e-01,8.036893497601649283e-01,-1.833816015257287713e-01,1.688314536636267293e-01,6.985621352468837086e-01,-8.717685226998474202e-02,1.467852616620886064e-01,-2.967693808149975965e-01,4.310606774487030918e-02
7.500000000000000000e-01,8.025465058005037955e-01,-1.823294943036016247e-01,1.678438654047591516e-01,6.980188343142214036e-01,-8.667992471212086769e-02,1.449425478992882044e-01,-2.929078497230157563e-01,4.257836448440951299e-02
7.562500000000000888e-01,8.014102182614564196e-01,-1.812835406504404723e-01,1.668623048689888422e-01,6.974786302240192359e-01,-8.618585986081823969e-02,1.431238040083865903e-01,-2.890988945654109910e-01,4.205729436403433247e-02
7.625000000000000666e-01,8.002804488006836081e-01,-1.802437030187483136e-01,1.658867318620166897e-01,6.969415051371625758e-01,-8.569464083715695735e-02,1.413287037632451060e-01,-2.853417578032315105e-01,4.154277119482449598e-02
7.687500000000000444e-01,7.991571593097348547e-01,-1.792099441112549874e-01,1.649171065049937213e-01,6.964074413197031133e-01,-8.520625086662436676e-02,1.395569256356988530e-01,-2.816356935908396752e-01,4.103470995469243182e-02
7.750000000000000222e-01,7.980403119124909184e-01,-1.781822268789556296e-01,1.639533892313835284e-01,6.958764211422089341e-01,-8.472067327840646089e-02,1.378081527230872461e-01,-2.779799675802339110e-01,4.053302677177491459e-02
7.812500000000000000e-01,7.969298689636180599e-01,-1.771605145191682551e-01,1.629955407838649672e-01,6.953484270791183697e-01,-8.423789150468481701e-02,1.360820726769956801e-01,-2.743738567289537023e-01,4.003763890807574694e-02
7.875000000000000888e-01,7.958257930470343799e-01,-1.761447704736108510e-01,1.620435222112741602e-01,6.948234417080988434e-01,-8.375788907993914068e-02,1.343783776331871072e-01,-2.708166491114959995e-01,3.954846474335539652e-02
7.937500000000000666e-01,7.947280469743887021e-01,-1.751349584264973169e-01,1.610972948655855497e-01,6.943014477094090475e-01,-8.328064964025534700e-02,1.326967641427014843e-01,-2.673076437341729839e-01,3.906542375926370242e-02
8.000000000000000444e-01,7.936365937835504480e-01,-1.741310423026521670e-01,1.601568203989310601e-01,6.937824278652666710e-01,-8.280615692263902650e-02,1.310369331041015828e-01,-2.638461503533409691e-01,3.858843652371161254e-02
8.062500000000000222e-01,7.925513967371118351e-01,-1.731329862656437735e-01,1.592220607606570359e-01,6.932663650592194582e-01,-8.233439476433440651e-02,1.293985896968446181e-01,-2.604314892969342154e-01,3.811742467547810792e-02
8.125000000000000000e-01,7.914724193209017322e-01,-1.721407547159358731e-01,1.582929781944183156e-01,6.927532422755208197e-01,-8.186534710214864174e-02,1.277814433157592744e-01,-2.570629912892368751e-01,3.765231090904860856e-02
8.187500000000000888e-01,7.903996252425103952e-01,-1.711543122890570867e-01,1.573695352353086663e-01,6.922430425985098834e-01,-8.139899797178136442e-02,1.261852075066076384e-01,-2.537399972788284552e-01,3.719301895968096794e-02
8.250000000000000666e-01,7.893329784298260821e-01,-1.701736238537884249e-01,1.564516947070274111e-01,6.917357492119950990e-01,-8.093533150715960522e-02,1.246095999027131279e-01,-2.504618582696404583e-01,3.673947358869558005e-02
8.312500000000000444e-01,7.882724430295833251e-01,-1.691986545103681128e-01,1.555394197190811123e-01,6.912313453986428380e-01,-8.047433193977773791e-02,1.230543421626343337e-01,-2.472279351550610571e-01,3.629160056898578929e-02
8.375000000000000222e-01,7.872179834059209735e-01,-1.682293695887140672e-01,1.546326736640204202e-01,6.907298145393694355e-01,-8.001598359804275307e-02,1.215191599088666363e-01,-2.440375985550288507e-01,3.584932667074528650e-02
8.437500000000000000e-01,7.861695641389531142e-01,-1.672657346466633055e-01,1.537314202147111730e-01,6.902311401127374513e-01,-7.956027090662451395e-02,1.200037826675527108e-01,-2.408902286560554717e-01,3.541257964740882058e-02
8.500000000000000888e-01,7.851271500233496514e-01,-1.663077154682285341e-01,1.528356233216392190e-01,6.897353056943561489e-01,-7.910717838581111938e-02,1.185079438091838216e-01,-2.377852150541199805e-01,3.498128822180294334e-02
8.562500000000000666e-01,7.840907060669277673e-01,-1.653552780618712803e-01,1.519452472102486018e-01,6.892422949562857504e-01,-7.865669065086933198e-02,1.170313804902743532e-01,-2.347219566003780344e-01,3.455538207250337390e-02
8.625000000000000444e-01,7.830601974892552608e-01,-1.644083886587916488e-01,1.510602563783124130e-01,6.887520916664461312e-01,-7.820879241140980820e-02,1.155738335959918400e-01,-2.316998612496303511e-01,3.413479182039566573e-02
8.687500000000000222e-01,7.820355897202628803e-01,-1.634670137112343991e-01,1.501806155933360365e-01,6.882646796880287354e-01,-7.776346847075736590e-02,1.141350476837256628e-01,-2.287183459114968676e-01,3.371944901543597745e-02
8.750000000000000000e-01,7.810168483988688681e-01,-1.625311198908112043e-01,1.493062898899922830e-01,6.877800429789130421e-01,-7.732070372532609537e-02,1.127147709275776316e-01,-2.257768363042433613e-01,3.330928612360874869e-02
8.812500000000000888e-01,7.800039393716122760e-01,-1.616006740868386193e-01,1.484372445675875285e-01,6.872981655910865850e-01,-7.688048316399927196e-02,1.113127550637579011e-01,-2.228747668112082969e-01,3.290423651407811678e-02
8.875000000000000666e-01,7.789968286912981599e-01,-1.606756434046922588e-01,1.475734451875590492e-01,6.868190316700691911e-01,-7.644279186751401500e-02,1.099287553368703818e-01,-2.200115803397799663e-01,3.250423444653006283e-02
8.937500000000000444e-01,7.779954826156519898e-01,-1.597559951641759068e-01,1.467148575710023883e-01,6.863426254543404381e-01,-7.600761500785077618e-02,1.085625304470714814e-01,-2.171867281828732399e-01,3.210921505870217851e-02
9.000000000000000222e-01,7.769998676059846066e-01,-1.588416968979064758e-01,1.458614477962290323e-01,6.858689312747716649e-01,-7.557493784762733813e-02,1.072138424980871030e-01,-2.143996698828584124e-01,3.171911435409813934e-02
9.062500000000000000e-01,7.760099503258670595e-01,-1.579327163497139253e-01,1.450131821963532297e-01,6.853979335540609785e-01,-7.514474573949765646e-02,1.058824569460724840e-01,-2.116498730978939036e-01,3.133386918988398384e-02
9.125000000000000888e-01,7.750256976398155473e-01,-1.570290214730561962e-01,1.441700273569080926e-01,6.849296168061728141e-01,-7.471702412555511486e-02,1.045681425493001221e-01,-2.089368134706164060e-01,3.095341726496321499e-02
9.187500000000000666e-01,7.740470766119862400e-01,-1.561305804294490229e-01,1.433319501134901197e-01,6.844639656357802693e-01,-7.429175853674051255e-02,1.032706713186610642e-01,-2.062599744991432116e-01,3.057769710822805589e-02
9.250000000000000444e-01,7.730740545048796486e-01,-1.552373615869102053e-01,1.424989175494320026e-01,6.840009647377121027e-01,-7.386893459225438163e-02,1.019898184689653486e-01,-2.036188474103416413e-01,3.020664806698392796e-02
9.312500000000000222e-01,7.721065987780549866e-01,-1.543493335184186188e-01,1.416708969935032980e-01,6.835405988964029511e-01,-7.344853799897388402e-02,1.007253623710275409e-01,-2.010129310353223897e-01,2.984021029554454613e-02
9.375000000000000000e-01,7.711446770868535250e-01,-1.534664650003872144e-01,1.408478560176381622e-01,6.830828529853466557e-01,-7.303055455087413550e-02,9.947708450452365236e-02,-1.984417316871138204e-01,2.947832474399489713e-02
9.437500000000000888e-01,7.701882572811324934e-01,-1.525887250111502835e-01,1.400297624346904246e-01,6.826277119665542514e-01,-7.261497012845385957e-02,9.824476941160577292e-02,-1.959047630404755214e-01,2.912093314711944325e-02
9.500000000000000666e-01,7.692373074040073089e-01,-1.517160827294647685e-01,1.392165842962149180e-01,6.821751608900148423e-01,-7.220177069816545445e-02,9.702820465126145433e-02,-1.934015460138102382e-01,2.876797801349302575e-02
9.562500000000000444e-01,7.682917956906037960e-01,-1.508485075330251723e-01,1.384082898902751491e-01,6.817251848931596969e-01,-7.179094231184933450e-02,9.582718075440448124e-02,-1.909316086531335777e-01,2.841940261473181739e-02
9.625000000000000222e-01,7.673516905668190669e-01,-1.499859689969920418e-01,1.376048477392766423e-01,6.812777692003310070e-01,-7.138247110617247648e-02,9.464149117968469194e-02,-1.884944860180630399e-01,2.807515097490193706e-02
9.687500000000000000e-01,7.664169606480925045e-01,-1.491284368925342996e-01,1.368062265978258196e-01,6.808328991222531990e-01,-7.097634330207133746e-02,9.347093227000408122e-02,-1.860897200697874676e-01,2.773516786008319024e-02
9.750000000000000888e-01,7.654875747381847395e-01,-1.482758811853843450e-01,1.360123954506138599e-01,6.803905600555076871e-01,-7.057254520419883881e-02,9.231530320972691772e-02,-1.837168595609793564e-01,2.739939876808550681e-02
9.812500000000000666e-01,7.645635018279663964e-01,-1.474282720344067821e-01,1.352233235103252607e-01,6.799507374820118466e-01,-7.017106320037552747e-02,9.117440598257221807e-02,-1.813754599276133361e-01,2.706778991831577594e-02
9.875000000000000444e-01,7.636447110942153893e-01,-1.465855797901798596e-01,1.344389802155707414e-01,6.795134169685007608e-01,-6.977188376104488665e-02,9.004804533017608803e-02,-1.790650831826543221e-01,2.674028824179258690e-02
9.937500000000000222e-01,7.627311718984229882e-01,-1.457477749935897071e-01,1.336593352288439618e-01,6.790785841660120781e-01,-6.937499343873271274e-02,8.893602871131305043e-02,-1.767852978115808105e-01,2.641684137130676652e-02
1.000000000000000000e+00,7.618228537856088778e-01,-1.449148283744375876e-01,1.328843584345021922e-01,6.786462248093755312e-01,-6.898037886751046122e-02,8.783816626176466080e-02,-1.745356786697077889e-01,2.609739763172527760e-02
1.006250000000000089e+00,7.609197264831445429e-01,-1.440867108500593907e-01,1.321140199367700219e-01,6.782163247167040110e-01,-6.858802676246271435e-02,8.675427075482423922e-02,-1.723158068812762622e-01,2.578190603043636897e-02
1.012499999999999956e+00,7.600217598995860913e-01,-1.432633935239576994e-01,1.313482900577661039e-01,6.777888697888897473e-01,-6.819792391915854846e-02,8.568415756242699077e-02,-1.701252697402756142e-01,2.547031624793374971e-02
1.018750000000000044e+00,7.591289241235139595e-01,-1.424448476844459299e-01,1.305871393355524657e-01,6.773638460091021551e-01,-6.781005721312674539e-02,8.462764461689439854e-02,-1.679636606129660537e-01,2.516257862853753940e-02
1.025000000000000133e+00,7.582411894223830551e-01,-1.416310448033048786e-01,1.298305385222062736e-01,6.769412394422903434e-01,-6.742441359933511180e-02,8.358455237328296650e-02,-1.658305788420708360e-01,2.485864417125013479e-02
1.031250000000000000e+00,7.573585262413794483e-01,-1.408219565344510649e-01,1.290784585819135522e-01,6.765210362346878448e-01,-6.704098011167348992e-02,8.255470377232643209e-02,-1.637256296526048427e-01,2.455846452074460923e-02
1.037500000000000089e+00,7.564809052022867242e-01,-1.400175547126168429e-01,1.283308706890843032e-01,6.761032226133211198e-01,-6.665974386244055694e-02,8.153792420396138718e-02,-1.616484240593106803e-01,2.426199195848375081e-02
1.043750000000000178e+00,7.556082971023595496e-01,-1.392178113520424199e-01,1.275877462264895790e-01,6.756877848855210589e-01,-6.628069204183462126e-02,8.053404147142681491e-02,-1.595985787756720453e-01,2.396917939396781688e-02
1.050000000000000044e+00,7.547406729132063452e-01,-1.384226986451794761e-01,1.268490567834190119e-01,6.752747094384377036e-01,-6.590381191744801304e-02,7.954288575592718957e-02,-1.575757161244744353e-01,2.367998035610880195e-02
1.056249999999999911e+00,7.538780037796786182e-01,-1.376321889614058602e-01,1.261147741538594658e-01,6.748639827385580769e-01,-6.552909083376518007e-02,7.856428958184977218e-02,-1.555794639498848941e-01,2.339434898472943225e-02
1.062500000000000000e+00,7.530202610187702872e-01,-1.368462548457520522e-01,1.253848703346941984e-01,6.744555913312272333e-01,-6.515651621166458629e-02,7.759808778252692829e-02,-1.536094555310228982e-01,2.311224002218494403e-02
1.068750000000000089e+00,7.521674161185227803e-01,-1.360648690176386455e-01,1.246593175239220225e-01,6.740495218401723054e-01,-6.478607554792421841e-02,7.664411746653403135e-02,-1.516653294969948496e-01,2.283360880510576507e-02
1.074999999999999956e+00,7.513194407369395700e-01,-1.352880043696248757e-01,1.239380881188965472e-01,6.736457609670294389e-01,-6.441775641473074243e-02,7.570221798451369499e-02,-1.497467297433641986e-01,2.255841125625919832e-02
1.081250000000000044e+00,7.504763067009077027e-01,-1.345156339661679468e-01,1.232211547145849462e-01,6.732442954908745003e-01,-6.405154645919210188e-02,7.477223089651771626e-02,-1.478533053500318273e-01,2.228660387652828950e-02
1.087500000000000133e+00,7.496379860051277655e-01,-1.337477310423936250e-01,1.225084901018461958e-01,6.728451122677558960e-01,-6.368743340285394627e-02,7.385399993985813927e-02,-1.459847105005007972e-01,2.201814373700622385e-02
1.093750000000000000e+00,7.488044508110501818e-01,-1.329842690028769647e-01,1.218000672657283956e-01,6.724481982302312755e-01,-6.332540504121940417e-02,7.294737099745844666e-02,-1.441406044024990396e-01,2.175298847120428133e-02
1.100000000000000089e+00,7.479756734458207212e-01,-1.322252214204340526e-01,1.210958593837847680e-01,6.720535403869060120e-01,-6.296544924327233950e-02,7.205219206669659371e-02,-1.423206512099358667e-01,2.149109626737173012e-02
1.106250000000000178e+00,7.471516264012322273e-01,-1.314705620349240489e-01,1.203958398244085320e-01,6.716611258219764569e-01,-6.260755395100421616e-02,7.116831322873204413e-02,-1.405245199461682137e-01,2.123242586092603107e-02
1.112500000000000044e+00,7.463322823326846711e-01,-1.307202647520615824e-01,1.196999821451857904e-01,6.712709416947743035e-01,-6.225170717894432104e-02,7.029558661830805077e-02,-1.387518844285517416e-01,2.097693652699146941e-02
1.118749999999999911e+00,7.455176140581518673e-01,-1.299743036422393583e-01,1.190082600912666932e-01,6.708829752393150603e-01,-6.189789701369331765e-02,6.943386639402163163e-02,-1.370024231942539861e-01,2.072458807304472517e-02
1.125000000000000000e+00,7.447075945571562938e-01,-1.292326529393608980e-01,1.183206475937542829e-01,6.704972137638488539e-01,-6.154611161346033171e-02,6.858300870905337243e-02,-1.352758194273065429e-01,2.047534083166574481e-02
1.131250000000000089e+00,7.439021969697504622e-01,-1.284952870396835478e-01,1.176371187681110875e-01,6.701136446504145638e-01,-6.119633920760333273e-02,6.774287168234938150e-02,-1.335717608868740858e-01,2.022915565339225910e-02
1.137499999999999956e+00,7.431013945955060596e-01,-1.277621805006708411e-01,1.169576479125829099e-01,6.697322553543965107e-01,-6.084856809617278373e-02,6.691331537024770848e-02,-1.318899398367171794e-01,1.998599389967639639e-02
1.143750000000000044e+00,7.423051608925096412e-01,-1.270333080398552139e-01,1.162822095066396860e-01,6.693530334040836971e-01,-6.050278664945858698e-02,6.609420173854185787e-02,-1.302300529758279868e-01,1.974581743594183009e-02
1.150000000000000133e+00,7.415134694763659828e-01,-1.263086445337101016e-01,1.156107782094334402e-01,6.689759664002326023e-01,-6.015898330754041595e-02,6.528539463497458339e-02,-1.285918013702182228e-01,1.950858862474004127e-02
1.156250000000000000e+00,7.407262941192082062e-01,-1.255881650165317220e-01,1.149433288582726725e-01,6.686010420156324185e-01,-5.981714657984112810e-02,6.448675976215409444e-02,-1.269748903858371469e-01,1.927427031900405541e-02
1.162500000000000089e+00,7.399436087487145652e-01,-1.248718446793302267e-01,1.142798364671131356e-01,6.682282479946727305e-01,-5.947726504468345277e-02,6.369816465088613822e-02,-1.253790296226001966e-01,1.904282585539821687e-02
1.168750000000000178e+00,7.391653874471328933e-01,-1.241596588687305380e-01,1.136202762250650838e-01,6.678575721529145248e-01,-5.913932734884991271e-02,6.291947863391512963e-02,-1.238039328495085800e-01,1.881421904776270360e-02
1.175000000000000044e+00,7.383916044503109344e-01,-1.234515830858820828e-01,1.129646234949162886e-01,6.674890023766635316e-01,-5.880332220714581948e-02,6.215057282006730688e-02,-1.222493179408391251e-01,1.858841418065110968e-02
1.181249999999999911e+00,7.376222341467344457e-01,-1.227475929853778930e-01,1.123128538116707348e-01,6.671225266225466743e-01,-5.846923840196539129e-02,6.139132006878934844e-02,-1.207149068133860775e-01,1.836537600295987810e-02
1.187500000000000000e+00,7.368572510765708516e-01,-1.220476643741828238e-01,1.116649428811031380e-01,6.667581329170905180e-01,-5.813706478286102125e-02,6.064159496507609548e-02,-1.192004253647359485e-01,1.814506972164815768e-02
1.193750000000000089e+00,7.360966299307210026e-01,-1.213517732105707514e-01,1.110208665783286863e-01,6.663958093563033813e-01,-5.780679026611565408e-02,5.990127379478090569e-02,-1.177056034125567169e-01,1.792746099554670680e-02
1.200000000000000178e+00,7.353403455498763730e-01,-1.206598956030705827e-01,1.103806009463878524e-01,6.660355441052594472e-01,-5.747840383431809114e-02,5.917023452030222008e-02,-1.162301746348832626e-01,1.771251592925448745e-02
1.206250000000000266e+00,7.345883729235832549e-01,-1.199720078094210635e-01,1.097441221948462775e-01,6.656773253976854265e-01,-5.715189453594141100e-02,5.844835675664030589e-02,-1.147738765113814480e-01,1.750020106712171439e-02
1.212500000000000133e+00,7.338406871893136119e-01,-1.192880862355344129e-01,1.091114066984093661e-01,6.653211415355504421e-01,-5.682725148492436679e-02,5.773552174781814567e-02,-1.133364502655735823e-01,1.729048338731798903e-02
1.218750000000000000e+00,7.330972636315418178e-01,-1.186081074344684377e-01,1.084824309955513683e-01,6.649669808886579103e-01,-5.650446386025571172e-02,5.703161234366035254e-02,-1.119176408080077012e-01,1.708333029598426214e-02
1.225000000000000089e+00,7.323580776808286119e-01,-1.179320481054072084e-01,1.078571717871588953e-01,6.646148318942404210e-01,-5.618352090556155004e-02,5.633651297692449100e-02,-1.105171966803546457e-01,1.687870962146741441e-02
1.231250000000000178e+00,7.316231049129110486e-01,-1.172598850926502567e-01,1.072356059351886604e-01,6.642646830565568372e-01,-5.586441192869553984e-02,5.565010964077889144e-02,-1.091348700004160371e-01,1.667658960863621295e-02
1.237500000000000044e+00,7.308923210477981103e-01,-1.165915953846100306e-01,1.066177104613391241e-01,6.639165229464923934e-01,-5.554712630133205181e-02,5.497228986662133776e-02,-1.077704164080270782e-01,1.647693891327734611e-02
1.243749999999999911e+00,7.301657019488736466e-01,-1.159271561128175088e-01,1.060034625457359214e-01,6.635703402011611240e-01,-5.523165345856210356e-02,5.430294270223305630e-02,-1.064235950118384844e-01,1.627972659657044366e-02
1.250000000000000000e+00,7.294432236220045329e-01,-1.152665445509362396e-01,1.053928395256309714e-01,6.632261235235101804e-01,-5.491798289849225689e-02,5.364195869026271851e-02,-1.050941683369622515e-01,1.608492211964088897e-02
1.256250000000000089e+00,7.287248622146558219e-01,-1.146097381137842902e-01,1.047858188941151736e-01,6.628838616819282548e-01,-5.460610418184629056e-02,5.298922984703499650e-02,-1.037819022734659952e-01,1.589249533818924004e-02
1.262500000000000178e+00,7.280105940150114474e-01,-1.139567143563642443e-01,1.041823782988440528e-01,6.625435435098542269e-01,-5.429600693156966251e-02,5.234464964167830081e-02,-1.024865660257005262e-01,1.570241649719612831e-02
1.268750000000000266e+00,7.273003954511009228e-01,-1.133074509729010831e-01,1.035824955407768228e-01,6.622051579053906956e-01,-5.398768083243673382e-02,5.170811297556675984e-02,-1.012079320624467565e-01,1.551465622570150429e-02
1.275000000000000133e+00,7.265942430899320348e-01,-1.126619257958880044e-01,1.029861485729282738e-01,6.618686938309179535e-01,-5.368111563066084446e-02,5.107951616207123680e-02,-9.994577606786723967e-02,1.532918553165719261e-02
1.281250000000000000e+00,7.258921136366303095e-01,-1.120201167951398735e-01,1.023933154991332889e-01,6.615341403127114051e-01,-5.337630113350694955e-02,5.045875690661432572e-02,-9.869987689324800917e-02,1.514597579685156119e-02
1.287500000000000089e+00,7.251939839335828086e-01,-1.113820020768544611e-01,1.018039745728242518e-01,6.612014864405615366e-01,-5.307322720890715606e-02,4.984573428702469833e-02,-9.747001650951772622e-02,1.496499877190534365e-02
1.293750000000000178e+00,7.244998309595893637e-01,-1.107475598826812846e-01,1.012181041958206962e-01,6.608707213673953307e-01,-5.277188378507882693e-02,4.924034873418570851e-02,-9.625597996052991101e-02,1.478622657133753064e-02
1.300000000000000044e+00,7.238096318290185849e-01,-1.101167685887978892e-01,1.006356829171313194e-01,6.605418343089013433e-01,-5.247226085014539826e-02,4.864250201297366794e-02,-9.505755531709514372e-02,1.460963166870024067e-02
1.306249999999999911e+00,7.231233637909698642e-01,-1.094896067049936361e-01,1.000566894317680422e-01,6.602148145431558923e-01,-5.217434845175977776e-02,4.805209720348098401e-02,-9.387453363175025933e-02,1.443518689178161819e-02
1.312500000000000000e+00,7.224410042284413747e-01,-1.088660528737608324e-01,9.948110257957212821e-02,6.598896514102524646e-01,-5.187813669673044248e-02,4.746903868251994146e-02,-9.270670889425196293e-02,1.426286541787573706e-02
1.318750000000000089e+00,7.217625306575032873e-01,-1.082460858693932715e-01,9.890890134405219691e-02,6.595663343119331223e-01,-5.158361575065012472e-02,4.689323210540226328e-02,-9.155387798778216735e-02,1.409264076911855360e-02
1.325000000000000178e+00,7.210879207264767610e-01,-1.076296845970918098e-01,9.834006485123375496e-02,6.592448527112223511e-01,-5.129077583752703062e-02,4.632458438799025996e-02,-9.041584064585246605e-02,1.392448680788884070e-02
1.331250000000000266e+00,7.204171522151189277e-01,-1.070168280920772846e-01,9.777457236852027389e-02,6.589251961320627959e-01,-5.099960723941862617e-02,4.576300368901509846e-02,-8.929239940989629198e-02,1.375837773227327025e-02
1.337500000000000133e+00,7.197502030338126522e-01,-1.064074955187103988e-01,9.721240330356585579e-02,6.586073541589538838e-01,-5.071010029606803915e-02,4.520839939265811763e-02,-8.818335958753632797e-02,1.359428807159462210e-02
1.343750000000000000e+00,7.190870512227622857e-01,-1.058016661696185856e-01,9.665353720315880692e-02,6.582913164365922221e-01,-5.042224540454284115e-02,4.466068209139074929e-02,-8.708852921151592763e-02,1.343219268200221070e-02
1.350000000000000089e+00,7.184276749511945281e-01,-1.051993194648299518e-01,9.609795375211661883e-02,6.579770726695147731e-01,-5.013603301887643859e-02,4.411976356906920776e-02,-8.600771899928302822e-02,1.327206674212364976e-02
1.356250000000000178e+00,7.177720525165651733e-01,-1.046004349509140757e-01,9.554563277219177420e-02,6.576646126217434718e-01,-4.985145364971192011e-02,4.358555678427971508e-02,-8.494074231321545321e-02,1.311388574877702003e-02
1.362500000000000044e+00,7.171201623437707395e-01,-1.040049923001294258e-01,9.499655422098843283e-02,6.573539261164328407e-01,-4.956849786394831869e-02,4.305797585393034838e-02,-8.388741512147630808e-02,1.295762551274257275e-02
1.368749999999999911e+00,7.164719829843655408e-01,-1.034129713095777170e-01,9.445069819088960927e-02,6.570450030355193816e-01,-4.928715628438930935e-02,4.253693603708551957e-02,-8.284755595948908868e-02,1.280326215459306506e-02
1.375000000000000000e+00,7.158274931157838639e-01,-1.028243519003648188e-01,9.390804490799521675e-02,6.567378333193731876e-01,-4.900741958939438397e-02,4.202235371903947220e-02,-8.182098589202167760e-02,1.265077210058195532e-02
1.381250000000000089e+00,7.151866715405681418e-01,-1.022391141167684064e-01,9.336857473107042227e-02,6.564324069664522199e-01,-4.872927851253239240e-02,4.151414639562479164e-02,-8.080752847586912535e-02,1.250013207858852692e-02
1.387500000000000178e+00,7.145494971856010125e-01,-1.016572381254120111e-01,9.283226815050414638e-02,6.561287140329575829e-01,-4.845272384223741485e-02,4.101223265775232052e-02,-7.980700972312451680e-02,1.235131911411915112e-02
1.393750000000000266e+00,7.139159491013434833e-01,-1.010787042144455500e-01,9.229910578727795745e-02,6.558267446324924643e-01,-4.817774642146707004e-02,4.051653217617877389e-02,-7.881925806502851350e-02,1.220431052636386515e-02
1.400000000000000133e+00,7.132860064610782036e-01,-1.005034927927324212e-01,9.176906839194493015e-02,6.555264889357217406e-01,-4.790433714736311299e-02,4.002696568649862646e-02,-7.784410431638733030e-02,1.205908392430747079e-02
1.406250000000000000e+00,7.126596485601571773e-01,-9.993158438904273244e-02,9.124213684361834331e-02,6.552279371700349131e-01,-4.763248697091435752e-02,3.954345497435648310e-02,-7.688138164054963974e-02,1.191561720289432101e-02
1.412500000000000089e+00,7.120368548152548049e-01,-9.936295965125302443e-02,9.071829214897032811e-02,6.549310796192103767e-01,-4.736218689662190229e-02,3.906592286087672700e-02,-7.593092551493309250e-02,1.177388853924609541e-02
1.418750000000000178e+00,7.114176047636264766e-01,-9.879759934555208678e-02,9.019751544124014753e-02,6.546359066230821311e-01,-4.709342798216670928e-02,3.859429318830696898e-02,-7.499257369709107224e-02,1.163387638893171455e-02
1.425000000000000044e+00,7.108018780623709398e-01,-9.823548435565304660e-02,8.967978797925203749e-02,6.543424085772079346e-01,-4.682620133807934015e-02,3.812849080587180084e-02,-7.406616619131034529e-02,1.149555948228866975e-02
1.431249999999999911e+00,7.101896544876987738e-01,-9.767659568201139675e-02,8.916509114644245726e-02,6.540505759325410118e-01,-4.656049812741199639e-02,3.766844155583371628e-02,-7.315154521573090374e-02,1.135891682079502238e-02
1.437500000000000000e+00,7.095809139342044158e-01,-9.712091444104928306e-02,8.865340644989672114e-02,6.537603991951017601e-01,-4.629630956541277292e-02,3.721407225975795902e-02,-7.224855516997934213e-02,1.122392767349135283e-02
1.443750000000000089e+00,7.089756364141448497e-01,-9.656842186438564790e-02,8.814471551939492833e-02,6.534718689256532320e-01,-4.603362691920219463e-02,3.676531070497808529e-02,-7.135704260330683057e-02,1.109057157345192182e-02
1.450000000000000178e+00,7.083738020567212912e-01,-9.601909929807236899e-02,8.763900010646687166e-02,6.531849757393777267e-01,-4.577244150745182066e-02,3.632208563125907674e-02,-7.047685618322334367e-02,1.095882831430432941e-02
1.456250000000000266e+00,7.077753911073660920e-01,-9.547292820183621298e-02,8.713624208345606414e-02,6.528997103055553808e-01,-4.551274470006514555e-02,3.588432671765492271e-02,-6.960784666461990178e-02,1.082867794679697772e-02
1.462500000000000133e+00,7.071803839270356384e-01,-9.492989014832670103e-02,8.663642344259257777e-02,6.526160633472455341e-01,-4.525452791786058887e-02,3.545196456955779923e-02,-6.874986685937056752e-02,1.070010077541365401e-02
1.468750000000000000e+00,7.065887609915060263e-01,-9.438996682236960867e-02,8.613952629507470871e-02,6.523340256409686511e-01,-4.499778263225666375e-02,3.502493070593561131e-02,-6.790277160640616205e-02,1.057307735503454534e-02
1.475000000000000089e+00,7.060005028906743973e-01,-9.385314002022634994e-02,8.564553287015938543e-02,6.520535880163917941e-01,-4.474250036495922705e-02,3.460315754675524769e-02,-6.706641774225197139e-02,1.044758848764302042e-02
1.481250000000000178e+00,7.054155903278652717e-01,-9.331939164885891258e-02,8.515442551426108397e-02,6.517747413560150971e-01,-4.448867268765095695e-02,3.418657840058850900e-02,-6.624066407202168494e-02,1.032361521907753862e-02
1.487500000000000044e+00,7.048340041191404337e-01,-9.278870372520039989e-02,8.466618669005927800e-02,6.514974765948602364e-01,-4.423629122168277333e-02,3.377512745239788505e-02,-6.542537134085980866e-02,1.020113883582799905e-02
1.493749999999999911e+00,7.042557251926140349e-01,-9.226105837543113752e-02,8.418079897561418778e-02,6.512217847201607901e-01,-4.398534763776742323e-02,3.336873975149940580e-02,-6.462040220582507266e-02,1.008014086187590530e-02
1.500000000000000000e+00,7.036807345877723607e-01,-9.173643783426024823e-02,8.369824506349095306e-02,6.509476567710551498e-01,-4.373583365567509929e-02,3.296735119969997768e-02,-6.382562120820799156e-02,9.960603055577750900e-03
1.506250000000000089e+00,7.031090134547969273e-01,-9.121482444421284697e-02,8.321850775989188265e-02,6.506750838382807656e-01,-4.348774104393116763e-02,3.257089853960631887e-02,-6.304089474627486145e-02,9.842507406590973035e-03
1.512500000000000178e+00,7.025405430538939067e-01,-9.069620065492234318e-02,8.274156998379682271e-02,6.504040570638699448e-01,-4.324106161951581789e-02,3.217931934310291203e-02,-6.226609104843128933e-02,9.725836132841850223e-03
1.518750000000000266e+00,7.019753047546262170e-01,-9.018054902242832183e-02,8.226741476611150461e-02,6.501345676408483154e-01,-4.299578724756581566e-02,3.179255199999645592e-02,-6.150108014679844110e-02,9.610571677534792204e-03
1.525000000000000133e+00,7.014132800352507191e-01,-8.966785220847969806e-02,8.179602524882390036e-02,6.498666068129348439e-01,-4.275190984107820474e-02,3.141053570682413032e-02,-6.074573385119506896e-02,9.496696706202383681e-03
1.531250000000000000e+00,7.008544504820599652e-01,-8.915809297984289561e-02,8.132738468416821076e-02,6.496001658742430740e-01,-4.250942136061602872e-02,3.103321045582324925e-02,-5.999992572351867115e-02,9.384194103795619885e-03
1.537500000000000089e+00,7.002987977887275006e-01,-8.865125420761559016e-02,8.086147643379666683e-02,6.493352361689855856e-01,-4.226831381401595367e-02,3.066051702405981488e-02,-5.926353105251926795e-02,9.273046971813771883e-03
1.543750000000000178e+00,6.997463037556587162e-01,-8.814731886654533777e-02,8.039828396795910270e-02,6.490718090911788973e-01,-4.202857925609798651e-02,3.029239696271353310e-02,-5.853642682895934812e-02,9.163238625473297053e-03
1.550000000000000044e+00,6.991969502893444766e-01,-8.764627003435337960e-02,7.993779086468977280e-02,6.488098760843504786e-01,-4.179020978837694189e-02,2.992879258651686553e-02,-5.781849172115345603e-02,9.054752590915246535e-03
1.556249999999999911e+00,6.986507194017196332e-01,-8.714809089106349826e-02,7.947998080900187112e-02,6.485494286412487597e-01,-4.155319755877596999e-02,2.956964696334573803e-02,-5.710960605088136882e-02,8.947572602450595478e-03
1.562500000000000000e+00,6.981075932095262004e-01,-8.665276471833589789e-02,7.902483759208929481e-02,6.482904583035528079e-01,-4.131753476134194386e-02,2.921490390395975120e-02,-5.640965176966879907e-02,8.841682599843019019e-03
1.568750000000000089e+00,6.975675539336799735e-01,-8.616027489880610790e-02,7.857234511053579062e-02,6.480329566615857795e-01,-4.108321363596274811e-02,2.886450795188945026e-02,-5.571851243542957216e-02,8.737066725628524211e-03
1.575000000000000178e+00,6.970305838986411429e-01,-8.567060491542871636e-02,7.812248736553120687e-02,6.477769153540290370e-01,-4.085022646808645491e-02,2.851840437346844781e-02,-5.503607318946313748e-02,8.633709322471427861e-03
1.581250000000000266e+00,6.964966655317899047e-01,-8.518373835082597434e-02,7.767524846209489242e-02,6.475223260676381543e-01,-4.061856558844233189e-02,2.817653914800822418e-02,-5.436222073380199415e-02,8.531594930556175502e-03
1.587500000000000133e+00,6.959657813628051803e-01,-8.469965888664131304e-02,7.723061260830621499e-02,6.472691805369608087e-01,-4.038822337276375130e-02,2.783885895811347155e-02,-5.369684330890314022e-02,8.430708285014491474e-03
1.593750000000000000e+00,6.954379140230477763e-01,-8.421835030289759327e-02,7.678856411454187958e-02,6.470174705440565610e-01,-4.015919224151286854e-02,2.750531118013571988e-02,-5.303983067167784837e-02,8.331034313387336229e-03
1.600000000000000089e+00,6.949130462449477630e-01,-8.373979647736007337e-02,7.634908739272028289e-02,6.467671879182179673e-01,-3.993146465960718816e-02,2.717584387476331895e-02,-5.239107407385454329e-02,8.232558133121216370e-03
1.606250000000000178e+00,6.943911608613952957e-01,-8.326398138490423428e-02,7.591216695555264016e-02,6.465183245356935782e-01,-3.970503313614795471e-02,2.685040577774561524e-02,-5.175046624066920870e-02,8.135265049098344345e-03
1.612500000000000044e+00,6.938722408051355428e-01,-8.279088909688801790e-02,7.547778741580074557e-02,6.462708723194127147e-01,-3.947989022415023669e-02,2.652894629074925917e-02,-5.111790134987800188e-02,8.039140551200149934e-03
1.618749999999999911e+00,6.933562691081681661e-01,-8.232050378052885309e-02,7.504593348554143561e-02,6.460248232387117984e-01,-3.925602852027486322e-02,2.621141547234467906e-02,-5.049327501108678840e-02,7.944170311903680365e-03
1.625000000000000000e+00,6.928432289011494660e-01,-8.185280969828524766e-02,7.461658997543768601e-02,6.457801693090626793e-01,-3.903344066456215095e-02,2.589776402912083789e-02,-4.987648424539282976e-02,7.850340183910464037e-03
1.631250000000000089e+00,6.923331034127994110e-01,-8.138779120724287663e-02,7.418974179401616187e-02,6.455369025918016312e-01,-3.881211934016733783e-02,2.558794330692625713e-02,-4.926742746533321893e-02,7.757636197807328722e-03
1.637500000000000178e+00,6.918258759693122206e-01,-8.092543275850516693e-02,7.376537394695117933e-02,6.452950151938614543e-01,-3.859205727309777262e-02,2.528190528223433348e-02,-4.866600445513517836e-02,7.666044559758743160e-03
1.643750000000000266e+00,6.913215299937702785e-01,-8.046571889658830912e-02,7.334347153635503713e-02,6.450544992675042444e-01,-3.837324723195185971e-02,2.497960255363125895e-02,-4.807211635126357879e-02,7.575551649230237092e-03
1.650000000000000133e+00,6.908200490055624865e-01,-8.000863425882082103e-02,7.292401976007466258e-02,6.448153470100556062e-01,-3.815568202765965561e-02,2.468098833342455972e-02,-4.748566562326062696e-02,7.486144016742479063e-03
1.656250000000000000e+00,6.903214166198060608e-01,-7.955416357474726086e-02,7.250700391099444697e-02,6.445775506636415297e-01,-3.793935451322524854e-02,2.438601643937044622e-02,-4.690655605487320523e-02,7.397808381655536676e-03
1.662500000000000089e+00,6.898256165467717693e-01,-7.910229166553646440e-02,7.209240937634520119e-02,6.443411025149258231e-01,-3.772425758347076191e-02,2.409464128651831946e-02,-4.633469272546320711e-02,7.310531629982951543e-03
1.668750000000000178e+00,6.893326325913133878e-01,-7.865300344339407057e-02,7.168022163701934235e-02,6.441059948948495428e-01,-3.751038417478208542e-02,2.380681787917053593e-02,-4.576998199169636516e-02,7.224300812235174424e-03
1.675000000000000044e+00,6.888424486523002654e-01,-7.820628391097923793e-02,7.127042626689189531e-02,6.438722201783722010e-01,-3.729772726485625772e-02,2.352250180295576906e-02,-4.521233146950501269e-02,7.139103141291949436e-03
1.681249999999999911e+00,6.883550487220541081e-01,-7.776211816082552464e-02,7.086300893214748930e-02,6.436397707842141935e-01,-3.708627987245045193e-02,2.324164921701421874e-02,-4.466165001632046994e-02,7.054925990303242272e-03
1.687500000000000000e+00,6.878704168857890933e-01,-7.732049137476611211e-02,7.045795539061340540e-02,6.434086391746011158e-01,-3.687603505713266810e-02,2.296421684629310761e-02,-4.411784771357078749e-02,6.971756890618335985e-03
1.693750000000000089e+00,6.873885373210549821e-01,-7.688138882336313651e-02,7.005525149109824434e-02,6.431788178550094104e-01,-3.666698591903403553e-02,2.269016197395072945e-02,-4.358083584943964195e-02,6.889583529742679749e-03
1.700000000000000178e+00,6.869093942971851163e-01,-7.644479586534108639e-02,6.965488317273640928e-02,6.429502993739132366e-01,-3.645912559860273877e-02,2.241944243386740157e-02,-4.305052690188203302e-02,6.808393749322088143e-03
1.706250000000000266e+00,6.864329721747464141e-01,-7.601069794702422500e-02,6.925683646433833385e-02,6.427230763225340038e-01,-3.625244727635949793e-02,2.215201660326182251e-02,-4.252683452189294500e-02,6.728175543153940528e-03
1.712500000000000133e+00,6.859592554049942503e-01,-7.557908060177827292e-02,6.886109748374631689e-02,6.424971413345902382e-01,-3.604694417265468659e-02,2.188784339541122517e-02,-4.200967351702480229e-02,6.648917055224985023e-03
1.718750000000000000e+00,6.854882285293297794e-01,-7.514992944945578235e-02,6.846765243719585281e-02,6.422724870860491153e-01,-3.584260954742705951e-02,2.162688225247371906e-02,-4.149895983514974990e-02,6.570606577775366282e-03
1.725000000000000089e+00,6.850198761787611446e-01,-7.472323019584581338e-02,6.807648761868256848e-02,6.420491062948804339e-01,-3.563943669996394448e-02,2.136909313841144076e-02,-4.099461054846310210e-02,6.493232549388542295e-03
1.731250000000000178e+00,6.845541830733684607e-01,-7.429896863212731573e-02,6.768758940933462809e-02,6.418269917208109243e-01,-3.543741896866313412e-02,2.111443653201291321e-02,-4.049654383772386540e-02,6.416783553106702488e-03
1.737500000000000044e+00,6.840911340217712411e-01,-7.387713063432657656e-02,6.730094427679039759e-02,6.416061361650808870e-01,-3.523654973079622110e-02,2.086287342001314632e-02,-4.000467897672876916e-02,6.341248314571336711e-03
1.743749999999999911e+00,6.836307139206002637e-01,-7.345770216277833220e-02,6.691653877458156319e-02,6.413865324702014981e-01,-3.503682240227345285e-02,2.061436529031005285e-02,-3.951893631701593884e-02,6.266615700188600362e-03
1.750000000000000000e+00,6.831729077539721029e-01,-7.304066926159093198e-02,6.653435954152150944e-02,6.411681735197147791e-01,-3.483823043741022391e-02,2.036887412527579530e-02,-3.903923727279488137e-02,6.192874715319154726e-03
1.756250000000000089e+00,6.827177005929673248e-01,-7.262601805811526312e-02,6.615439330109887384e-02,6.409510522379535669e-01,-3.464076732869496300e-02,2.012636239516161704e-02,-3.856550430609899383e-02,6.120014502492122574e-03
1.762500000000000178e+00,6.822650775951115687e-01,-7.221373476241735312e-02,6.577662686087631938e-02,6.407351615898040365e-01,-3.444442660655860217e-02,1.988679305159474914e-02,-3.809766091215705669e-02,6.048024339642811206e-03
1.768750000000000266e+00,6.818150240038607368e-01,-7.180380566675474696e-02,6.540104711189437259e-02,6.405204945804691130e-01,-3.424920183914546834e-02,1.965012952116608827e-02,-3.763563160498047122e-02,5.976893638373908038e-03
1.775000000000000133e+00,6.813675251480885153e-01,-7.139621714505671457e-02,6.502764102808035462e-02,6.403070442552338815e-01,-3.405508663208573622e-02,1.941633569910731702e-02,-3.717934190316270204e-02,5.906611942239793113e-03
1.781250000000000000e+00,6.809225664415773371e-01,-7.099095565240794159e-02,6.465639566566229457e-02,6.400948036992312185e-01,-3.386207462826924808e-02,1.918537594305605790e-02,-3.672871831588762903e-02,5.837168925053655422e-03
1.787500000000000089e+00,6.804801333825136744e-01,-7.058800772453602268e-02,6.428729816258778318e-02,6.398837660372104219e-01,-3.367015950762088095e-02,1.895721506690789537e-02,-3.628368832914357495e-02,5.768554389217112055e-03
1.793750000000000178e+00,6.800402115529845526e-01,-7.018735997730250753e-02,6.392033573794779489e-02,6.396739244333059515e-01,-3.347933498687733628e-02,1.873181833475391286e-02,-3.584418039213982388e-02,5.700758264072003194e-03
1.800000000000000044e+00,6.796027866184790600e-01,-6.978899910619758284e-02,6.355549569140525601e-02,6.394652720908083898e-01,-3.328959481936534515e-02,1.850915145490248173e-02,-3.541012390392230674e-02,5.633770604274054156e-03
1.806249999999999911e+00,6.791678443273916344e-01,-6.939291188583818215e-02,6.319276540262849795e-02,6.392578022519359582e-01,-3.310093279478131673e-02,1.828918057398407071e-02,-3.498144920018549098e-02,5.567581588188106993e-03
1.812500000000000000e+00,6.787353705105295676e-01,-6.899908516946974546e-02,6.283213233072935944e-02,6.390515081976084755e-01,-3.291334273897237456e-02,1.807187227113792038e-02,-3.455808754027738655e-02,5.502181516304632813e-03
1.818750000000000089e+00,6.783053510806229536e-01,-6.860750588847151776e-02,6.247358401370613906e-02,6.388463832472215387e-01,-3.272681851371888467e-02,1.785719355227934763e-02,-3.413997109439471933e-02,5.437560809677224709e-03
1.825000000000000178e+00,6.778777720318378552e-01,-6.821816105186515045e-02,6.211710806789103034e-02,6.386424207584232571e-01,-3.254135401651826742e-02,1.764511184444642750e-02,-3.372703293096510069e-02,5.373710008380765124e-03
1.831250000000000266e+00,6.774526194392925804e-01,-6.783103774582681378e-02,6.176269218740226136e-02,6.384396141268909863e-01,-3.235694318037028033e-02,1.743559499022502568e-02,-3.331920700421355658e-02,5.310619769990009183e-03
1.837500000000000133e+00,6.770298794585769553e-01,-6.744612313320284824e-02,6.141032414360075853e-02,6.382379567861105052e-01,-3.217357997356363325e-02,1.722861124225093937e-02,-3.291642814191040461e-02,5.248280868078290806e-03
1.843750000000000000e+00,6.766095383252748174e-01,-6.706340445302853837e-02,6.105999178455127907e-02,6.380374422071563023e-01,-3.199125839946396349e-02,1.702412925778804681e-02,-3.251863203329764113e-02,5.186684190736063661e-03
1.850000000000000089e+00,6.761915823544890625e-01,-6.668286902005046701e-02,6.071168303448808840e-02,6.378380638984724182e-01,-3.180997249630321960e-02,1.682211809338139338e-02,-3.212575521719119448e-02,5.125820739109025401e-03
1.856250000000000178e+00,6.757759979403699102e-01,-6.630450422425214485e-02,6.036538589328498822e-02,6.376398154056558409e-01,-3.162971633697033574e-02,1.662254719958410065e-02,-3.173773507025628993e-02,5.065681625955550244e-03
1.862500000000000044e+00,6.753627715556466127e-01,-6.592829753038287333e-02,6.002108843592973003e-02,6.374426903112400122e-01,-3.145048402880330080e-02,1.642538641575698802e-02,-3.135450979545313654e-02,5.006258074223145400e-03
1.868749999999999911e+00,6.749518897511611604e-01,-6.555423647748982729e-02,5.967877881200271684e-02,6.372466822344805548e-01,-3.127226971338246259e-02,1.623060596493987665e-02,-3.097601841065042438e-02,4.947541415643687615e-03
1.875000000000000000e+00,6.745433391554055413e-01,-6.518230867845363485e-02,5.933844524516004859e-02,6.370517848311416653e-01,-3.109506756632524765e-02,1.603817644879358684e-02,-3.060220073740404015e-02,4.889523089347183084e-03
1.881250000000000089e+00,6.741371064740615537e-01,-6.481250181952687150e-02,5.900007603262078654e-02,6.368579917932839507e-01,-3.091887179708216124e-02,1.584806884261154986e-02,-3.023299738989845831e-02,4.832194640493800084e-03
1.887500000000000178e+00,6.737331784895441711e-01,-6.444480365987595438e-02,5.866365954465837390e-02,6.366652968490541520e-01,-3.074367664873404321e-02,1.566025449039999337e-02,-2.986834976404819167e-02,4.775547718923897622e-03
1.893750000000000266e+00,6.733315420605466839e-01,-6.407920203112613122e-02,5.832918422409624770e-02,6.364736937624747570e-01,-3.056947639779067707e-02,1.547470510002578459e-02,-2.950820002675700812e-02,4.719574077825835004e-03
1.900000000000000133e+00,6.729321841215893940e-01,-6.371568483690956408e-02,5.799663858580753756e-02,6.362831763332363888e-01,-3.039626535399063065e-02,1.529139273843091104e-02,-2.915249110533239471e-02,4.664265572421304705e-03
1.906250000000000000e+00,6.725350916825711955e-01,-6.335424005241659107e-02,5.766601121621883763e-02,6.360937383964904157e-01,-3.022403786010238735e-02,1.511028982691262589e-02,-2.880116667705285780e-02,4.609614158667943960e-03
1.912500000000000089e+00,6.721402518283235983e-01,-6.299485572395006894e-02,5.733729077281798231e-02,6.359053738226431163e-01,-3.005278829172675428e-02,1.493136913646834520e-02,-2.845417115888586312e-02,4.555611891979002154e-03
1.918750000000000178e+00,6.717476517181675266e-01,-6.263751996848275494e-02,5.701046598366590196e-02,6.357180765171512871e-01,-2.988251105710051925e-02,1.475460378320435188e-02,-2.811144969735395946e-02,4.502250925959825484e-03
1.925000000000000044e+00,6.713572785854732272e-01,-6.228222097321779033e-02,5.668552564691231588e-02,6.355318404203187388e-01,-2.971320059690132909e-02,1.457996722380735209e-02,-2.777294815854689999e-02,4.449523511160919514e-03
1.931249999999999911e+00,6.709691197372225080e-01,-6.192894699515204271e-02,5.636245863031534575e-02,6.353466595070942358e-01,-2.954485138405382391e-02,1.440743325107800114e-02,-2.743861311827744745e-02,4.397421993847373638e-03
1.937500000000000000e+00,6.705831625535740859e-01,-6.157768636064262641e-02,5.604125387076505649e-02,6.351625277868702124e-01,-2.937745792353699953e-02,1.423697598952554724e-02,-2.710839185237884016e-02,4.345938814784428006e-03
1.943750000000000089e+00,6.701993944874311548e-01,-6.122842746497631633e-02,5.572190037381080652e-02,6.349794393032835993e-01,-2.921101475219279806e-02,1.406856989102266663e-02,-2.678223232714161545e-02,4.295066508038954817e-03
1.950000000000000178e+00,6.698178030640122849e-01,-6.088115877194182762e-02,5.540438721319235205e-02,6.347973881340169822e-01,-2.904551643853589202e-02,1.390218973051961758e-02,-2.646008318988767039e-02,4.244797699796638846e-03
1.956250000000000266e+00,6.694383758804242079e-01,-6.053586881340515535e-02,5.508870353037476769e-02,6.346163683906010933e-01,-2.888095758256466195e-02,1.373781060181690147e-02,-2.614189375967955822e-02,4.195125107194641254e-03
1.962500000000000133e+00,6.690611006052380461e-01,-6.019254618888767588e-02,5.477483853408701003e-02,6.344363742182189680e-01,-2.871733281557340561e-02,1.357540791339558080e-02,-2.582761401816292476e-02,4.146041537169545439e-03
1.968750000000000000e+00,6.686859649780673154e-01,-5.985117956514720422e-02,5.446278149986421430e-02,6.342573997955104348e-01,-2.855463679996568874e-02,1.341495738430438685e-02,-2.551719460054001701e-02,4.097539885320366365e-03
1.975000000000000089e+00,6.683129568091494832e-01,-5.951175767576186160e-02,5.415252176959362701e-02,6.340794393343788249e-01,-2.839286422906889956e-02,1.325643504010287285e-02,-2.521058678667236971e-02,4.049613134786422992e-03
1.981250000000000178e+00,6.679420639789294123e-01,-5.917426932071682966e-02,5.384404875106416077e-02,6.339024870797981270e-01,-2.823200982694997960e-02,1.309981720885978682e-02,-2.490774249231068535e-02,4.002254355139883008e-03
1.987500000000000044e+00,6.675732744376455807e-01,-5.883870336599382467e-02,5.353735191751948785e-02,6.337265373096209187e-01,-2.807206834823229580e-02,1.294508051720582101e-02,-2.460861426044989517e-02,3.955456701292755194e-03
1.993749999999999911e+00,6.672065762049187443e-01,-5.850504874316337506e-02,5.323242080721467262e-02,6.335515843343886289e-01,-2.791303457791366113e-02,1.279220188644002686e-02,-2.431315525280761461e-02,3.909213412418152504e-03
2.000000000000000000e+00,6.668419573693437075e-01,-5.817329444897990226e-02,5.292924502297635669e-02,6.333776224971421343e-01,-2.775490333118550701e-02,1.264115852868911462e-02,-2.402131924142410918e-02,3.863517810885636321e-03
2.006250000000000089e+00,6.664794060880825377e-01,-5.784342954497954936e-02,5.262781423176637191e-02,6.332046461732331322e-01,-2.759766945325322837e-02,1.249192794311889537e-02,-2.373306060038193194e-02,3.818363301210438501e-03
2.012500000000000178e+00,6.661189105864617765e-01,-5.751544315708061184e-02,5.232811816424881579e-02,6.330326497701376232e-01,-2.744132781915759739e-02,1.234448791219705695e-02,-2.344833429764339727e-02,3.773743369016374725e-03
2.018749999999999822e+00,6.657604591575704278e-01,-5.718932447518684098e-02,5.203014661436049931e-02,6.328616277272700597e-01,-2.728587333359733247e-02,1.219881649800664929e-02,-2.316709588700415975e-02,3.729651580012276549e-03
2.024999999999999911e+00,6.654040401618618317e-01,-5.686506275279318290e-02,5.173388943888474617e-02,6.326915745157979387e-01,-2.713130093075275320e-02,1.205489203860942056e-02,-2.288930150016105919e-02,3.686081578981729220e-03
2.031250000000000000e+00,6.650496420267572040e-01,-5.654264730659445265e-02,5.143933655702864760e-02,6.325224846384586153e-01,-2.697760557411061494e-02,1.191269314445850096e-02,-2.261490783889278516e-02,3.643027088785994252e-03
2.037500000000000089e+00,6.646972532462520622e-01,-5.622206751609643005e-02,5.114647795000349523e-02,6.323543526293765593e-01,-2.682478225628993906e-02,1.177219869485948353e-02,-2.234387216735127593e-02,3.600481909379863506e-03
2.043750000000000178e+00,6.643468623805246498e-01,-5.590331282322964779e-02,5.085530366060853763e-02,6.321871730538816125e-01,-2.667282599886900210e-02,1.163338783447941810e-02,-2.207615230446248467e-02,3.558439916840328097e-03
2.050000000000000266e+00,6.639984580555470250e-01,-5.558637273196574691e-02,5.056580379281797738e-02,6.320209405083290211e-01,-2.652173185221338644e-02,1.149623996990293585e-02,-2.181170661643476796e-02,3.516895062407863082e-03
2.056250000000000355e+00,6.636520289626985925e-01,-5.527123680793643440e-02,5.027796851137118078e-02,6.318556496199194683e-01,-2.637149489530511356e-02,1.136073476623486803e-02,-2.155049400937330065e-02,3.475841371540166602e-03
2.062500000000000000e+00,6.633075638583819655e-01,-5.495789467805498735e-02,4.999178804136610726e-02,6.316912950465211063e-01,-2.622211023557284235e-02,1.122685214374870462e-02,-2.129247392199896255e-02,3.435272942978183017e-03
2.068750000000000089e+00,6.629650515636408281e-01,-5.464633603014017876e-02,4.970725266785574331e-02,6.315278714764920309e-01,-2.607357300872308048e-02,1.109457227458020452e-02,-2.103760631846997992e-02,3.395183947824233130e-03
2.075000000000000178e+00,6.626244809637805711e-01,-5.433655061254295121e-02,4.942435273544790869e-02,6.313653736285046447e-01,-2.592587837857257549e-02,1.096387557946562445e-02,-2.078585168130514180e-02,3.355568628632126134e-03
2.081249999999999822e+00,6.622858410079915936e-01,-5.402852823377538721e-02,4.914307864790793540e-02,6.312037962513696865e-01,-2.577902153688161821e-02,1.083474272452379997e-02,-2.053717100440665203e-02,3.316421298509043825e-03
2.087499999999999911e+00,6.619491207089737150e-01,-5.372225876214210827e-02,4.886342086776444826e-02,6.310431341238627034e-01,-2.563299770318842874e-02,1.070715461808151477e-02,-2.029152578618137123e-02,3.277736340229057445e-03
2.093750000000000000e+00,6.616143091425640277e-01,-5.341773212537440085e-02,4.858536991591831666e-02,6.308833820545506343e-01,-2.548780212464462833e-02,1.058109240754164827e-02,-2.004887802275905767e-02,3.239508205358152676e-03
2.100000000000000089e+00,6.612813954473665268e-01,-5.311493831026649348e-02,4.830891637125445115e-02,6.307245348816200581e-01,-2.534343007585165841e-02,1.045653747629330700e-02,-1.980919020130593455e-02,3.201731413390553754e-03
2.106250000000000178e+00,6.609503688243841824e-01,-5.281386736231437340e-02,4.803405087025664627e-02,6.305665874727056641e-01,-2.519987685869825786e-02,1.033347144066351642e-02,-1.957242529343232104e-02,3.164400550896229614e-03
2.112500000000000266e+00,6.606212185366530099e-01,-5.251450938535702495e-02,4.776076410662537242e-02,6.304095347247206105e-01,-2.505713780219894979e-02,1.021187614690980024e-02,-1.933854674869292523e-02,3.127510270679431138e-03
2.118750000000000355e+00,6.602939339088788051e-01,-5.221685454121998554e-02,4.748904683089847506e-02,6.302533715636874367e-01,-2.491520826233352415e-02,1.009173366825309899e-02,-1.910751848817838355e-02,3.091055290948093847e-03
2.125000000000000000e+00,6.599685043270755447e-01,-5.192089304936129551e-02,4.721888985007481609e-02,6.300980929445699763e-01,-2.477408362188752294e-02,9.973026301950474459e-03,-1.887930489819671792e-02,3.055030394493984166e-03
2.131250000000000089e+00,6.596449192382063398e-01,-5.162661518651975173e-02,4.695028402724063521e-02,6.299436938511060458e-01,-2.463375929029368999e-02,9.855736566406978968e-03,-1.865387082404332264e-02,3.019430427883413193e-03
2.137500000000000178e+00,6.593231681498266106e-01,-5.133401128636559674e-02,4.668322028119902684e-02,6.297901692956420217e-01,-2.449423070347446496e-02,9.739847198326278405e-03,-1.843118156385835371e-02,2.984250300658426031e-03
2.143749999999999822e+00,6.590032406297297030e-01,-5.104307173915341445e-02,4.641768958610194978e-02,6.296375143189669732e-01,-2.435549332368541070e-02,9.625341149899317716e-03,-1.821120286256998344e-02,2.949484984548269781e-03
2.149999999999999911e+00,6.586851263055932826e-01,-5.075378699137724631e-02,4.615368297108512347e-02,6.294857239901492374e-01,-2.421754263935956691e-02,9.512201586030577874e-03,-1.799390090592235120e-02,2.915129512691034836e-03
2.156250000000000000e+00,6.583688148646301697e-01,-5.046614754542822628e-02,4.589119151990581069e-02,6.293347934063732163e-01,-2.408037416495290017e-02,9.400411881601468053e-03,-1.777924231458715559e-02,2.881178978865347583e-03
2.162500000000000089e+00,6.580542960532390628e-01,-5.018014395925422810e-02,4.563020637058317480e-02,6.291847176927766183e-01,-2.394398344079056232e-02,9.289955618770185178e-03,-1.756719413835728522e-02,2.847628536731939761e-03
2.168750000000000178e+00,6.577415596766589267e-01,-4.989576684602186479e-02,4.537071871504139153e-02,6.290354920022899199e-01,-2.380836603291420356e-02,9.180816584307647035e-03,-1.735772385042160665e-02,2.814473399084992111e-03
2.175000000000000266e+00,6.574305955986247119e-01,-4.961300687378070173e-02,4.511271979875550175e-02,6.288871115154759384e-01,-2.367351753293017377e-02,9.072978766968954265e-03,-1.715079934171952897e-02,2.781708837113118331e-03
2.181250000000000355e+00,6.571213937410255168e-01,-4.933185476512964851e-02,4.485620092039988016e-02,6.287395714403702929e-01,-2.353943355785869523e-02,8.966426354899876411e-03,-1.694638891537426223e-02,2.749330179669850962e-03
2.187500000000000000e+00,6.568139440835644161e-01,-4.905230129688557122e-02,4.460115343149937545e-02,6.285928670123231976e-01,-2.340610974998395127e-02,8.861143733077916224e-03,-1.674446128120361116e-02,2.717332812553516046e-03
2.193750000000000089e+00,6.565082366634209521e-01,-4.877433729975402116e-02,4.434756873608296235e-02,6.284469934938422542e-01,-2.327354177670507354e-02,8.757115480787384942e-03,-1.654498555030703422e-02,2.685712177796347779e-03
2.200000000000000178e+00,6.562042615749150709e-01,-4.849795365800220470e-02,4.409543829034019702e-02,6.283019461744353551e-01,-2.314172533038813540e-02,8.654326369128158974e-03,-1.634793122972815274e-02,2.654463772962765544e-03
2.206249999999999822e+00,6.559020089691737221e-01,-4.822314130913407659e-02,4.384475360228005936e-02,6.281577203704559187e-01,-2.301065612821896061e-02,8.552761358557495197e-03,-1.615326821719125644e-02,2.623583150456635076e-03
2.212499999999999911e+00,6.556014690537986800e-01,-4.794989124356738297e-02,4.359550623139230030e-02,6.280143114249472358e-01,-2.288032991205686539e-02,8.452405596464505899e-03,-1.596096679591088238e-02,2.593065916837429628e-03
2.218750000000000000e+00,6.553026320925371406e-01,-4.767819450431313999e-02,4.334768778831155772e-02,6.278717147074898142e-01,-2.275074244828936484e-02,8.353244414776929069e-03,-1.577099762947354808e-02,2.562907732145178804e-03
2.225000000000000089e+00,6.550054884049542059e-01,-4.740804218665691655e-02,4.310128993448372747e-02,6.277299256140475014e-01,-2.262188952768768441e-02,8.255263327599578205e-03,-1.558333175679028730e-02,2.533104309234056328e-03
2.231250000000000178e+00,6.547100283661066999e-01,-4.713942543784231665e-02,4.285630438183492957e-02,6.275889395668162729e-01,-2.249376696526321495e-02,8.158448028884161124e-03,-1.539794058711915943e-02,2.503651413114522158e-03
2.237500000000000266e+00,6.544162424062195393e-01,-4.687233545675651564e-02,4.261272289244286138e-02,6.274487520140727970e-01,-2.236637060012483871e-02,8.062784390129994205e-03,-1.521479589515668460e-02,2.474544860303889288e-03
2.243750000000000355e+00,6.541241210103642123e-01,-4.660676349361782267e-02,4.237053727821067650e-02,6.273093584300243331e-01,-2.223969629533712605e-02,7.968258458115164491e-03,-1.503386981619714638e-02,2.445780518185210282e-03
2.250000000000000000e+00,6.538336547181388125e-01,-4.634270084966531783e-02,4.212973940054321603e-02,6.271707543146597397e-01,-2.211373993777940999e-02,7.874856452657759756e-03,-1.485513484135883230e-02,2.417354304374373826e-03
2.256250000000000089e+00,6.535448341233496272e-01,-4.608013887685039056e-02,4.189032117002553651e-02,6.270329351936004825e-01,-2.198849743800570383e-02,7.782564764406684280e-03,-1.467856381287614871e-02,2.389262186095288988e-03
2.262500000000000178e+00,6.532576498736960557e-01,-4.581906897753046382e-02,4.165227454610406083e-02,6.268958966179536407e-01,-2.186396473010554162e-02,7.691369952661767165e-03,-1.450412991945685195e-02,2.361500179563082169e-03
2.268749999999999822e+00,6.529720926704557504e-01,-4.555948260416456397e-02,4.141559153676982463e-02,6.267596341641650248e-01,-2.174013777156560620e-02,7.601258743222626298e-03,-1.433180669170319201e-02,2.334064349375162325e-03
2.274999999999999911e+00,6.526881532681728659e-01,-4.530137125901082668e-02,4.118026419824410284e-02,6.266241434338732930e-01,-2.161701254313219342e-02,7.512218026265950546e-03,-1.416156799759618438e-02,2.306950807910066858e-03
2.281250000000000000e+00,6.524058224743474188e-01,-4.504472649382616073e-02,4.094628463466649937e-02,6.264894200537654001e-01,-2.149458504867463038e-02,7.424234854250871471e-03,-1.399338803804218469e-02,2.280155714734008379e-03
2.287500000000000089e+00,6.521250911491273117e-01,-4.478953990956764664e-02,4.071364499778512558e-02,6.263554596754318249e-01,-2.137285131504938762e-02,7.337296439851911933e-03,-1.382724134248063640e-02,2.253675276014973586e-03
2.293750000000000178e+00,6.518459502050012455e-01,-4.453580315609594747e-02,4.048233748664913784e-02,6.262222579752239060e-01,-2.125180739196512805e-02,7.251390153919229711e-03,-1.366310276455230330e-02,2.227505743944315289e-03
2.300000000000000266e+00,6.515683906064944075e-01,-4.428350793188067652e-02,4.025235434730350947e-02,6.260898106541114005e-01,-2.113144935184852954e-02,7.166503523465738053e-03,-1.350094747782701159e-02,2.201643416165718296e-03
2.306250000000000355e+00,6.512924033698651582e-01,-4.403264598370757593e-02,4.002368787248603704e-02,6.259581134375402645e-01,-2.101177328971094022e-02,7.082624229680750151e-03,-1.334075097159009848e-02,2.176084635211449417e-03
2.312500000000000000e+00,6.510179795628046051e-01,-4.378320910638765912e-02,3.979633040132653926e-02,6.258271620752930975e-01,-2.089277532301587331e-02,6.999740105969776312e-03,-1.318248904668668613e-02,2.150825787945793554e-03
2.318750000000000089e+00,6.507451103041365092e-01,-4.353518914246814336e-02,3.957027431904820008e-02,6.256969523413478118e-01,-2.077445159154724108e-02,6.917839136020092171e-03,-1.302613781142291337e-02,2.125863305015571799e-03
2.325000000000000178e+00,6.504737867635207449e-01,-4.328857798194537393e-02,3.934551205667121548e-02,6.255674800337398533e-01,-2.065679825727850111e-02,6.836909451891803879e-03,-1.287167367752345241e-02,2.101193660307679525e-03
2.331249999999999822e+00,6.502040001611567588e-01,-4.304336756197947589e-02,3.912203609071844557e-02,6.254387409744228687e-01,-2.053981150424251736e-02,6.756939332133952286e-03,-1.271907335614431284e-02,2.076813370413507862e-03
2.337499999999999911e+00,6.499357417674904713e-01,-4.279954986661081012e-02,3.889983894292320388e-02,6.253107310091320370e-01,-2.042348753840221229e-02,6.677917199925369023e-03,-1.256831385394020263e-02,2.052718994100186968e-03
2.343750000000000000e+00,6.496690029029213997e-01,-4.255711692647844158e-02,3.867891317993932959e-02,6.251834460072468458e-01,-2.030782258752208622e-02,6.599831621239992188e-03,-1.241937246918580796e-02,2.028907131788564803e-03
2.350000000000000089e+00,6.494037749375130009e-01,-4.231606081854020346e-02,3.845925141305311240e-02,6.250568818616556444e-01,-2.019281290104044113e-02,6.522671303036201886e-03,-1.227222678794995941e-02,2.005374425037811242e-03
2.356250000000000178e+00,6.491400492907036801e-01,-4.207637366579465577e-02,3.824084629789749334e-02,6.249310344886203072e-01,-2.007845474994241625e-02,6.446425091469930140e-03,-1.212685468032214352e-02,1.982117556036577279e-03
2.362500000000000266e+00,6.488778174310196878e-01,-4.183804763700481322e-02,3.802369053416818773e-02,6.248058998276420084e-01,-1.996474442663378340e-02,6.371081970131193054e-03,-1.198323429669048874e-02,1.959133247100617800e-03
2.368750000000000355e+00,6.486170708757904579e-01,-4.160107494642360793e-02,3.780777686534192439e-02,6.246814738413277723e-01,-1.985167824481554391e-02,6.296631058303720808e-03,-1.184134406407055286e-02,1.936418260176792734e-03
2.375000000000000000e+00,6.483578011908647243e-01,-4.136544785352121167e-02,3.759309807839671808e-02,6.245577525152579135e-01,-1.973925253935924010e-02,6.223061609247382796e-03,-1.170116268248415532e-02,1.913969396353369353e-03
2.381250000000000089e+00,6.480999999903293007e-01,-4.113115866271388477e-02,3.737964700353401531e-02,6.244347318578536976e-01,-1.962746366618304400e-02,6.150363008503067011e-03,-1.156266912138750012e-02,1.891783495376525353e-03
2.387500000000000178e+00,6.478436589362280840e-01,-4.089819972309483714e-02,3.716741651390306767e-02,6.243124079002467797e-01,-1.951630800212863712e-02,6.078524772219781255e-03,-1.142584261614803566e-02,1.869857435173001743e-03
2.393750000000000266e+00,6.475887697382846087e-01,-4.066656342816657443e-02,3.695639952532703970e-02,6.241907766961481974e-01,-1.940578194483877708e-02,6.007536545503571086e-03,-1.129066266456913922e-02,1.848188131378792568e-03
2.400000000000000355e+00,6.473353241536249358e-01,-4.043624221557506199e-02,3.674658899603119866e-02,6.240698343217191413e-01,-1.929588191263564845e-02,5.937388100788038546e-03,-1.115710902346211605e-02,1.826772536873813796e-03
2.406250000000000000e+00,6.470833139865023176e-01,-4.020722856684558200e-02,3.653797792637302616e-02,6.239495768754420579e-01,-1.918660434439994206e-02,5.868069336226136405e-03,-1.102516170526477920e-02,1.805607641322466358e-03
2.412500000000000089e+00,6.468327310880243042e-01,-3.997951500712015188e-02,3.633055935857419649e-02,6.238300004779924191e-01,-1.907794569945063176e-02,5.799570274102932611e-03,-1.089480097470588854e-02,1.784690470720009864e-03
2.418750000000000178e+00,6.465835673558806285e-01,-3.975309410489682310e-02,3.612432637645456024e-02,6.237111012721112679e-01,-1.896990245742557687e-02,5.731881059269126368e-03,-1.076600734551497185e-02,1.764018086944693642e-03
2.425000000000000266e+00,6.463358147340728665e-01,-3.952795847177045796e-02,3.591927210516793895e-02,6.235928754224788761e-01,-1.886247111816273525e-02,5.664991957594938538e-03,-1.063876157717664160e-02,1.743587587315536267e-03
2.431250000000000355e+00,6.460894652126465409e-01,-3.930410076217522031e-02,3.571538971093978637e-02,6.234753191155887331e-01,-1.875564820158216392e-02,5.598893354444175151e-03,-1.051304467172898063e-02,1.723396104155708666e-03
2.437500000000000000e+00,6.458445108274232238e-01,-3.908151367312871077e-02,3.551267240080679954e-02,6.233584285596220909e-01,-1.864943024756873097e-02,5.533575753168163899e-03,-1.038883787060526642e-02,1.703440804361434305e-03
2.443750000000000089e+00,6.456009436597363038e-01,-3.886018994397763548e-02,3.531111342235820905e-02,6.232421999843242855e-01,-1.854381381585547967e-02,5.469029773619278265e-03,-1.026612265151841639e-02,1.683718888976330763e-03
2.450000000000000178e+00,6.453587558361660870e-01,-3.864012235614526503e-02,3.511070606347910239e-02,6.231266296408802807e-01,-1.843879548590780793e-02,5.405246150683837639e-03,-1.014488072538765988e-02,1.664227592771142178e-03
2.456250000000000266e+00,6.451179395282785611e-01,-3.842130373288030892e-02,3.491144365209539191e-02,6.230117138017920997e-01,-1.833437185680822715e-02,5.342215732834047770e-03,-1.002509403330666474e-02,1.644964183828763688e-03
2.462500000000000355e+00,6.448784869523640495e-01,-3.820372693900747629e-02,3.471331955592065616e-02,6.228974487607563670e-01,-1.823053954714190864e-02,5.279929480698785510e-03,-9.906744743552672872e-03,1.625925963134511234e-03
2.468750000000000000e+00,6.446403903691787507e-01,-3.798738488067959773e-02,3.451632718220474377e-02,6.227838308325431838e-01,-1.812729519488287880e-02,5.218378465652942499e-03,-9.789815248636025286e-03,1.607110264171559980e-03
2.475000000000000089e+00,6.444036420836867229e-01,-3.777227050513124601e-02,3.432045997748411903e-02,6.226708563528747797e-01,-1.802463545728087702e-02,5.157553868425071054e-03,-9.674288162389436604e-03,1.588514452521478260e-03
2.481250000000000178e+00,6.441682344448038666e-01,-3.755837680043404986e-02,3.412571142733404617e-02,6.225585216783058318e-01,-1.792255701074899760e-02,5.097446977723135361e-03,-9.560146317096613125e-03,1.570135925469811526e-03
2.487500000000000266e+00,6.439341598451441273e-01,-3.734569679525345104e-02,3.393207505612240438e-02,6.224468231861034484e-01,-1.782105655075188338e-02,5.038049188878053128e-03,-9.447372760659489277e-03,1.551972111616621748e-03
2.493750000000000355e+00,6.437014107207655877e-01,-3.713422355860698104e-02,3.373954442676528609e-02,6.223357572741293753e-01,-1.772013079169468611e-02,4.979352002504830801e-03,-9.335950753803645349e-03,1.534020470491941285e-03
2.500000000000000000e+00,6.434699795509198905e-01,-3.692395019962412678e-02,3.354811314048430915e-02,6.222253203607210903e-01,-1.761977646681265816e-02,4.921347023181063367e-03,-9.225863767321339226e-03,1.516278492176067073e-03
2.506250000000000089e+00,6.432398588578015497e-01,-3.671486986730762569e-02,3.335777483656553882e-02,6.221155088845747860e-01,-1.751999032806137932e-02,4.864025958142514233e-03,-9.117095479351590079e-03,1.498743696924628548e-03
2.512500000000000178e+00,6.430110412063000380e-01,-3.650697575029640540e-02,3.316852319212026945e-02,6.220063193046287964e-01,-1.742076914600774670e-02,4.807380615995629491e-03,-9.009629772696890748e-03,1.481413634798386600e-03
2.518750000000000266e+00,6.427835192037525402e-01,-3.630026107662983476e-02,3.298035192184727016e-02,6.218977480999475782e-01,-1.732210970972151640e-02,4.751402905446665617e-03,-8.903450732175912166e-03,1.464285885297674211e-03
2.525000000000000355e+00,6.425572854996985939e-01,-3.609471911351357087e-02,3.279325477779680004e-02,6.217897917696062482e-01,-1.722400882666752855e-02,4.696084834047271027e-03,-8.798542642011760936e-03,1.447358057001439961e-03
2.531250000000000000e+00,6.423323327856356180e-01,-3.589034316708685640e-02,3.260722554913628168e-02,6.216824468325762298e-01,-1.712646332259862986e-02,4.641418506956286431e-03,-8.694889983255306085e-03,1.430627787210828712e-03
2.537500000000000089e+00,6.421086537947767736e-01,-3.568712658219121842e-02,3.242225806191746662e-02,6.215757098276110115e-01,-1.702947004144915108e-02,4.587396125717512450e-03,-8.592477431243011193e-03,1.414092741597232882e-03
2.543750000000000178e+00,6.418862413018097124e-01,-3.548506274214074246e-02,3.223834617884541176e-02,6.214695773131327927e-01,-1.693302584522912019e-02,4.534009987053308315e-03,-8.491289853088904160e-03,1.397750613854775942e-03
2.550000000000000266e+00,6.416650881226566572e-01,-3.528414506849363030e-02,3.205548379904887141e-02,6.213640458671202405e-01,-1.683712761391904442e-02,4.481252481673713740e-03,-8.391312305210084366e-03,1.381599125357145953e-03
2.556250000000000355e+00,6.414451871142360373e-01,-3.508436702082532582e-02,3.187366485785239623e-02,6.212591120869962458e-01,-1.674177224536535155e-02,4.429116093100954332e-03,-8.292530030885363057e-03,1.365636024818741830e-03
2.562500000000000000e+00,6.412265311742260110e-01,-3.488572209650297323e-02,3.169288332654997958e-02,6.211547725895164573e-01,-1.664695665517646264e-02,4.377593396509107601e-03,-8.194928457846585926e-03,1.349859087960069695e-03
2.568750000000000089e+00,6.410091132408283210e-01,-3.468820383046126998e-02,3.151313321218016800e-02,6.210510240106588142e-01,-1.655267777661945452e-02,4.326677057578696278e-03,-8.098493195902112252e-03,1.334266117177329222e-03
2.575000000000000178e+00,6.407929262925347036e-01,-3.449180579497983928e-02,3.133440855730292018e-02,6.209478630055134118e-01,-1.645893256051740236e-02,4.276359831366075351e-03,-8.003210034592122754e-03,1.318854941216152706e-03
2.581250000000000266e+00,6.405779633478942969e-01,-3.429652159946187245e-02,3.115670343977780879e-02,6.208452862481731449e-01,-1.636571797514729115e-02,4.226634561187343070e-03,-7.909064940875162875e-03,1.303623414849421156e-03
2.587500000000000355e+00,6.403642174652816044e-01,-3.410234489021419374e-02,3.098001197254385275e-02,6.207432904316247946e-01,-1.627303100613855524e-02,4.177494177516625877e-03,-7.816044056845607504e-03,1.288569418559120565e-03
2.593750000000000000e+00,6.401516817426671224e-01,-3.390926935022873373e-02,3.080432830340084152e-02,6.206418722676412258e-01,-1.618086865637222496e-02,4.128931696898536889e-03,-7.724133697481549293e-03,1.273690858222182622e-03
2.600000000000000089e+00,6.399403493173887458e-01,-3.371728869896523789e-02,3.062964661479210607e-02,6.205410284866731407e-01,-1.608922794588065960e-02,4.080940220874597173e-03,-7.633320348422705480e-03,1.258985664800250665e-03
2.606250000000000178e+00,6.397302133659239498e-01,-3.352639669213553636e-02,3.045596112358888927e-02,6.204407558377433851e-01,-1.599810591174793614e-02,4.033512934923491437e-03,-7.543590663777962474e-03,1.244451794033338363e-03
2.612500000000000266e+00,6.395212671036647478e-01,-3.333658712148896558e-02,3.028326608087608326e-02,6.203410510883394791e-01,-1.590749960801077223e-02,3.986643107414895339e-03,-7.454931463962071597e-03,1.230087226137309116e-03
2.618750000000000355e+00,6.393135037846923163e-01,-3.314785381459922631e-02,3.011155577173948647e-02,6.202419110243087008e-01,-1.581740610556007370e-02,3.940324088576751226e-03,-7.367329733561149042e-03,1.215889965505141928e-03
2.625000000000000000e+00,6.391069167015541730e-01,-3.296019063465253918e-02,2.994082451505451423e-02,6.201433324497528377e-01,-1.572782249204306843e-02,3.894549309475798474e-03,-7.280772619226570652e-03,1.201858040411932140e-03
2.631250000000000089e+00,6.389014991850423542e-01,-3.277359148023706314e-02,2.977106666327628687e-02,6.200453121869237139e-01,-1.563874587176600564e-02,3.849312281011161956e-03,-7.195247427596828706e-03,1.187989502723571294e-03
2.637500000000000178e+00,6.386972446039723694e-01,-3.258805028513376417e-02,2.960227660223126167e-02,6.199478470761193849e-01,-1.555017336559748851e-02,3.804606592920871128e-03,-7.110741623247052341e-03,1.174282427609074468e-03
2.643750000000000266e+00,6.384941463649643767e-01,-3.240356101810843575e-02,2.943444875091019014e-02,6.198509339755813308e-01,-1.546210211087232188e-02,3.760425912801082515e-03,-7.027242826665694615e-03,1.160734913256491552e-03
2.650000000000000355e+00,6.382921979122248013e-01,-3.222011768270507254e-02,2.926757756126250817e-02,6.197545697613908722e-01,-1.537452926129597580e-02,3.716763985137876321e-03,-6.944738812258094765e-03,1.147345080592364732e-03
2.656250000000000000e+00,6.380913927273299535e-01,-3.203771431704053457e-02,2.910165751799214523e-02,6.196587513273683623e-01,-1.528745198684961122e-02,3.673614630351449816e-03,-6.863217506376514954e-03,1.134111073004690114e-03
2.662500000000000089e+00,6.378917243290100902e-01,-3.185634499360041894e-02,2.893668313835465189e-02,6.195634755849706021e-01,-1.520086747369564679e-02,3.630971743852523179e-03,-6.782666985376258582e-03,1.121031056069324294e-03
2.668750000000000178e+00,6.376931862729360301e-01,-3.167600381903630524e-02,2.877264897195580887e-02,6.194687394631911426e-01,-1.511477292408394506e-02,3.588829295110848930e-03,-6.703075473697597819e-03,1.108103217279816140e-03
2.675000000000000266e+00,6.374957721515053244e-01,-3.149668493396416691e-02,2.860954960055150584e-02,6.193745399084589209e-01,-1.502916555625850512e-02,3.547181326735592520e-03,-6.624431341973031559e-03,1.095325765780591357e-03
2.681250000000000355e+00,6.372994755936313149e-01,-3.131838251276403834e-02,2.844737963784901152e-02,6.192808738845394512e-01,-1.494404260436473821e-02,3.506021953567487782e-03,-6.546723105159622282e-03,1.082696932103468590e-03
2.687500000000000000e+00,6.371042902645324135e-01,-3.114109076338096235e-02,2.828613372930959685e-02,6.191877383724351258e-01,-1.485940131835729316e-02,3.465345361782580340e-03,-6.469939420696022361e-03,1.070214967907453943e-03
2.693750000000000089e+00,6.369102098655229360e-01,-3.096480392712709986e-02,2.812580655195241405e-02,6.190951303702871833e-01,-1.477523896390841099e-02,3.425145808007403272e-03,-6.394069086683843751e-03,1.057878145721772916e-03
2.700000000000000178e+00,6.367172281338052686e-01,-3.078951627848516490e-02,2.796639281415984682e-02,6.190030468932774532e-01,-1.469155282231687613e-02,3.385417618445470556e-03,-6.319101040093089150e-03,1.045684758692105734e-03
2.706250000000000266e+00,6.365253388422632552e-01,-3.061522212491295941e-02,2.780788725548401577e-02,6.189114849735311008e-01,-1.460834019041745528e-02,3.346155188014885741e-03,-6.245024354991236121e-03,1.033633120329972930e-03
2.712500000000000355e+00,6.363345357992564733e-01,-3.044191580664918489e-02,2.765028464645467518e-02,6.188204416600194824e-01,-1.452559838049090335e-02,3.307352979496956582e-03,-6.171828240795705287e-03,1.021721564265241043e-03
2.718750000000000000e+00,6.361448128484160636e-01,-3.026959169652043355e-02,2.749357978838836911e-02,6.187299140184645552e-01,-1.444332472017450728e-02,3.269005522695664703e-03,-6.099502040549379528e-03,1.009948444001703555e-03
2.725000000000000089e+00,6.359561638684416707e-01,-3.009824419974931747e-02,2.733776751319885734e-02,6.186398991312426210e-01,-1.436151655237312939e-02,3.231107413607822460e-03,-6.028035229218822039e-03,9.983121326756969321e-04
2.731250000000000178e+00,6.357685827728994932e-01,-2.992786775376389888e-02,2.718284268320886668e-02,6.185503940972891801e-01,-1.428017123517084583e-02,3.193653313603826358e-03,-5.957417412014966857e-03,9.868110228177212184e-04
2.737500000000000266e+00,6.355820635100218885e-01,-2.975845682800817502e-02,2.702880019096303571e-02,6.184613960320046733e-01,-1.419928614174304458e-02,3.156637948618811005e-03,-5.887638322735869872e-03,9.754435261170148544e-04
2.743750000000000355e+00,6.353966000625073107e-01,-2.959000592375377048e-02,2.687563495904215713e-02,6.183729020671604459e-01,-1.411885866026907702e-02,3.120056108354101691e-03,-5.818687822131286998e-03,9.642080731890538114e-04
2.750000000000000000e+00,6.352121864473226909e-01,-2.942250957391281951e-02,2.672334193987863787e-02,6.182849093508046012e-01,-1.403888619384543665e-02,3.083902645488825495e-03,-5.750555896288767239e-03,9.531031133459370863e-04
2.756250000000000089e+00,6.350288167155053731e-01,-2.925596234285189959e-02,2.657191611557317354e-02,6.181974150471699625e-01,-1.395936616039940813e-02,3.048172474901526558e-03,-5.683232655040930219e-03,9.421271143696167104e-04
2.762500000000000178e+00,6.348464849519680486e-01,-2.909035882620726599e-02,2.642135249771272384e-02,6.181104163365808146e-01,-1.388029599260330767e-02,3.012860572901698755e-03,-5.616708330393722567e-03,9.312785622879466828e-04
2.768750000000000266e+00,6.346651852753031342e-01,-2.892569365070106133e-02,2.627164612718960873e-02,6.180239104153616436e-01,-1.380167313778915897e-02,2.977961976471048440e-03,-5.550973274975259421e-03,9.205559611535011743e-04
2.775000000000000355e+00,6.344849118375894825e-01,-2.876196147395874633e-02,2.612279207402186040e-02,6.179378944957453212e-01,-1.372349505786390859e-02,2.943471782514404857e-03,-5.486017960505048044e-03,9.099578328251371707e-04
2.781250000000000000e+00,6.343056588241997584e-01,-2.859915698432762693e-02,2.597478543717476537e-02,6.178523658057827328e-01,-1.364575922922515484e-02,2.909385147120129890e-03,-5.421832976283292617e-03,8.994827167522632862e-04
2.787500000000000089e+00,6.341274204536088144e-01,-2.843727490069643607e-02,2.582762134438354104e-02,6.177673215892518499e-01,-1.356846314267733111e-02,2.875697284829900960e-03,-5.358409027699978337e-03,8.891291697617763638e-04
2.793750000000000178e+00,6.339501909772036203e-01,-2.827630997231615761e-02,2.568129495197729595e-02,6.176827591055688016e-01,-1.349160430334845652e-02,2.842403467917771227e-03,-5.295736934763537081e-03,8.788957658476427700e-04
2.800000000000000266e+00,6.337739646790935266e-01,-2.811625697862180778e-02,2.553580144470405169e-02,6.175986756296975022e-01,-1.341518023060731674e-02,2.809499025678343156e-03,-5.233807630648734666e-03,8.687810959630770050e-04
2.806250000000000355e+00,6.335987358759230803e-01,-2.795711072905536151e-02,2.539113603555698262e-02,6.175150684520621658e-01,-1.333918845798116697e-02,2.776979343723967424e-03,-5.172612160263593238e-03,8.587837678152946417e-04
2.812500000000000000e+00,6.334244989166841755e-01,-2.779886606288978906e-02,2.524729396560178307e-02,6.174319348784579331e-01,-1.326362653307392413e-02,2.744839863290844846e-03,-5.112141678835053875e-03,8.489024056628033821e-04
2.818750000000000089e+00,6.332512481825305350e-01,-2.764151784905408832e-02,2.510427050380515876e-02,6.173492722299638302e-01,-1.318849201748481005e-02,2.713076080553893880e-03,-5.052387450513117460e-03,8.391356501151972123e-04
2.825000000000000178e+00,6.330789780865928584e-01,-2.748506098595949673e-02,2.496206094686452895e-02,6.172670778428555050e-01,-1.311378248672753766e-02,2.681683545950309510e-03,-4.993340846993264345e-03,8.294821579354316439e-04
2.831250000000000266e+00,6.329076830737950798e-01,-2.732949040132666430e-02,2.482066061903874521e-02,6.171853490685180743e-01,-1.303949553014991866e-02,2.650657863511654382e-03,-4.934993346156833598e-03,8.199406018445347258e-04
2.837500000000000355e+00,6.327373576206718475e-01,-2.717480105201394019e-02,2.468006487198001059e-02,6.171040832733604153e-01,-1.296562875085397262e-02,2.619994690204399332e-03,-4.877336530729163219e-03,8.105096703287338741e-04
2.843750000000000000e+00,6.325679962351867802e-01,-2.702098792384667603e-02,2.454026908456686043e-02,6.170232778387293449e-01,-1.289217976561651477e-02,2.589689735278801440e-03,-4.820362086955249335e-03,8.011880674489635021e-04
2.850000000000000089e+00,6.323995934565517230e-01,-2.686804603144755943e-02,2.440126866273823955e-02,6.169429301608239102e-01,-1.281914620481017751e-02,2.559738759625988617e-03,-4.764061803292652872e-03,7.919745126527214657e-04
2.856250000000000178e+00,6.322321438550481121e-01,-2.671597041806805795e-02,2.426305903932872085e-02,6.168630376506113455e-01,-1.274652571232495930e-02,2.530137575143185259e-03,-4.708427569121481117e-03,7.828677405882526405e-04
2.862500000000000266e+00,6.320656420318476743e-01,-2.656475615542078228e-02,2.412563567390475436e-02,6.167835977337424724e-01,-1.267431594549018464e-02,2.500882044106925422e-03,-4.653451373471144924e-03,7.738665009210182136e-04
2.868750000000000355e+00,6.319000826188354569e-01,-2.641439834351294938e-02,2.398899405260200568e-02,6.167046078504681006e-01,-1.260251457499694805e-02,2.471968078554180690e-03,-4.599125303763707678e-03,7.649695581524317174e-04
2.875000000000000000e+00,6.317354602784335249e-01,-2.626489211048082736e-02,2.385312968796378039e-02,6.166260654555555387e-01,-1.253111928482101428e-02,2.443391639671296019e-03,-4.545441544573597045e-03,7.561756914408287360e-04
2.881250000000000089e+00,6.315717697034256561e-01,-2.611623261242514496e-02,2.371803811878044760e-02,6.165479680182058830e-01,-1.246012777214615744e-02,2.415148737190609546e-03,-4.492392376403426223e-03,7.474836944246405785e-04
2.887500000000000178e+00,6.314090056167829257e-01,-2.596841503324762504e-02,2.358371490993001196e-02,6.164703130219718608e-01,-1.238953774728799966e-02,2.387235428794699105e-03,-4.439970174475775522e-03,7.388923750477515351e-04
2.893750000000000266e+00,6.312471627714907330e-01,-2.582143458448837511e-02,2.345015565221964665e-02,6.163930979646758956e-01,-1.231934693361823666e-02,2.359647819528110178e-03,-4.388167407540636764e-03,7.304005553870011186e-04
2.900000000000000355e+00,6.310862359503762731e-01,-2.567528650516434988e-02,2.331735596222828111e-02,6.163163203583287286e-01,-1.224955306748936115e-02,2.332382061216495880e-03,-4.336976636698362635e-03,7.220070714818130776e-04
2.906250000000000000e+00,6.309262199659373405e-01,-2.552996606160875398e-02,2.318531148215025386e-02,6.162399777290484826e-01,-1.218015389815980259e-02,2.305434351893068806e-03,-4.286390514237906763e-03,7.137107731659209304e-04
2.912500000000000089e+00,6.307671096601724647e-01,-2.538546854731140931e-02,2.305401787963989868e-02,6.161640676169801711e-01,-1.211114718771950927e-02,2.278800935232256318e-03,-4.236401782490111650e-03,7.055105239011609649e-04
2.918750000000000178e+00,6.306088999044112686e-01,-2.524178928276016656e-02,2.292347084765726864e-02,6.160885875762160957e-01,-1.204253071101599355e-02,2.252478099990492481e-03,-4.187003272695914366e-03,6.974052006133155731e-04
2.925000000000000266e+00,6.304515855991463802e-01,-2.509892361528319113e-02,2.279366610431474843e-02,6.160135351747159094e-01,-1.197430225558079007e-02,2.226462179454024356e-03,-4.138187903889179418e-03,6.893936935299683219e-04
2.931250000000000355e+00,6.302951616738661222e-01,-2.495686691889223430e-02,2.266459939272472829e-02,6.159389079942277911e-01,-1.190645962155634750e-02,2.200749550893658490e-03,-4.089948681794036527e-03,6.814749060203561257e-04
2.937500000000000000e+00,6.301396230868883119e-01,-2.481561459412687937e-02,2.253626648084826323e-02,6.158647036302098421e-01,-1.183900062162336966e-02,2.175336635026359124e-03,-4.042278697736487354e-03,6.736477544371882687e-04
2.943750000000000089e+00,6.299849648251949485e-01,-2.467516206789965860e-02,2.240866316134464825e-02,6.157909196917518146e-01,-1.177192308092855216e-02,2.150219895483592315e-03,-3.995171127570094731e-03,6.659111679604061505e-04
2.950000000000000178e+00,6.298311819042675674e-01,-2.453550479334222489e-02,2.228178525142211069e-02,6.157175538014977301e-01,-1.170522483701278912e-02,2.125395838286361742e-03,-3.948619230615597366e-03,6.582640884428671638e-04
2.956250000000000266e+00,6.296782693679243703e-01,-2.439663824965233874e-02,2.215562859268931442e-02,6.156446035955680518e-01,-1.163890373973976849e-02,2.100861011326809157e-03,-3.902616348614210227e-03,6.507054702579175790e-04
2.962500000000000355e+00,6.295262222881574665e-01,-2.425855794194184054e-02,2.203018905100793609e-02,6.155720667234837462e-01,-1.157295765122499237e-02,2.076612003856323063e-03,-3.857155904694467910e-03,6.432342801488381704e-04
2.968750000000000000e+00,6.293750357649714466e-01,-2.412125940108553537e-02,2.190546251634613306e-02,6.154999408480891221e-01,-1.150738444576523273e-02,2.052645445980064588e-03,-3.812231402352417135e-03,6.358494970801381900e-04
2.975000000000000089e+00,6.292247049262225111e-01,-2.398473818357094167e-02,2.178144490263297581e-02,6.154282236454763355e-01,-1.144218200976837053e-02,2.028958008157815979e-03,-3.767836424444964954e-03,6.285501120906693924e-04
2.981250000000000178e+00,6.290752249274595975e-01,-2.384898987134905987e-02,2.165813214761386218e-02,6.153569128049098946e-01,-1.137734824168369109e-02,2.005546400711097094e-03,-3.723964632196248657e-03,6.213351281485467734e-04
2.987500000000000266e+00,6.289265909517649522e-01,-2.371401007168590785e-02,2.153552021270678865e-02,6.152860060287514976e-01,-1.131288105193254886e-02,1.982407373336434950e-03,-3.680609764216794932e-03,6.142035600078423049e-04
2.993750000000000355e+00,6.287787982095969230e-01,-2.357979441701504517e-02,2.141360508285962069e-02,6.152155010323854256e-01,-1.124877836283946601e-02,1.959537714624732564e-03,-3.637765635535344672e-03,6.071544340670375706e-04
3.000000000000000000e+00,6.286318419386327516e-01,-2.344633856479094725e-02,2.129238276640824101e-02,6.151453955441444910e-01,-1.118503810856362121e-02,1.936934251586651650e-03,-3.595426136643153046e-03,6.001867882292097160e-04
3.006250000000000089e+00,6.284857174036125871e-01,-2.331363819734324702e-02,2.117184929493559284e-02,6.150756873052362073e-01,-1.112165823503073921e-02,1.914593849183916134e-03,-3.553585232550592228e-03,5.932996717639278357e-04
3.012500000000000178e+00,6.283404198961850540e-01,-2.318168902173193061e-02,2.105200072313171897e-02,6.150063740696692927e-01,-1.105863669986540364e-02,1.892513409866497477e-03,-3.512236961855925380e-03,5.864921451708444023e-04
3.018750000000000266e+00,6.281959447347524872e-01,-2.305048676960331361e-02,2.093283312865459878e-02,6.149374536041812833e-01,-1.099597147232374457e-02,1.870689873115560786e-03,-3.471375435826044593e-03,5.797632800449515960e-04
3.025000000000000355e+00,6.280522872643180543e-01,-2.292002719704693339e-02,2.081434261199192545e-02,6.148689236881653697e-01,-1.093366053322651979e-02,1.849120214992129238e-03,-3.430994837489043971e-03,5.731121589434886579e-04
3.031250000000000000e+00,6.279094428563332109e-01,-2.279030608445330522e-02,2.069652529632380264e-02,6.148007821135986761e-01,-1.087170187489261593e-02,1.827801447691384824e-03,-3.391089420738463943e-03,5.665378752544774970e-04
3.037500000000000089e+00,6.277674069085467101e-01,-2.266131923637248330e-02,2.057937732738621822e-02,6.147330266849707625e-01,-1.081009350107289303e-02,1.806730619102520866e-03,-3.351653509449035485e-03,5.600395330668621590e-04
3.043750000000000178e+00,6.276261748448533906e-01,-2.253306248137356207e-02,2.046289487333553814e-02,6.146656552192120149e-01,-1.074883342688447325e-02,1.785904812374103368e-03,-3.312681496603810203e-03,5.536162470422425043e-04
3.050000000000000266e+00,6.274857421151450732e-01,-2.240553167190494077e-02,2.034707412461374959e-02,6.145986655456231462e-01,-1.068791967874537820e-02,1.765321145484835801e-03,-3.274167843432474172e-03,5.472671422881688133e-04
3.056250000000000355e+00,6.273461041951613471e-01,-2.227872268415545878e-02,2.023191129381461673e-02,6.145320555058043643e-01,-1.062735029430955311e-02,1.744976770819683335e-03,-3.236107078560734960e-03,5.409913542329875587e-04
3.062500000000000000e+00,6.272072565863420213e-01,-2.215263141791638107e-02,2.011740261555068979e-02,6.144658229535857608e-01,-1.056712332240228487e-02,1.724868874751279502e-03,-3.198493797170618748e-03,5.347880285022157953e-04
3.068750000000000089e+00,6.270691948156795759e-01,-2.202725379644414685e-02,2.000354434632113654e-02,6.143999657549575888e-01,-1.050723682295597906e-02,1.704994677226537910e-03,-3.161322660171528385e-03,5.286563207964225901e-04
3.075000000000000178e+00,6.269319144355731677e-01,-2.190258576632405502e-02,1.989033276438048267e-02,6.143344817880009856e-01,-1.044768886694634469e-02,1.685351431358429308e-03,-3.124588393381946133e-03,5.225953967706054590e-04
3.081250000000000266e+00,6.267954110236834131e-01,-2.177862329733465385e-02,1.977776416960811551e-02,6.142693689428188053e-01,-1.038847753632892237e-02,1.665936423022822306e-03,-3.088285786721600701e-03,5.166044319150340548e-04
3.087500000000000355e+00,6.266596801827877261e-01,-2.165536238231300856e-02,1.966583488337865851e-02,6.142046251214680064e-01,-1.032960092397599769e-02,1.646746970460350465e-03,-3.052409693413988406e-03,5.106826114375502632e-04
3.093750000000000000e+00,6.265247175406362112e-01,-2.153279903702075976e-02,1.955454124843318195e-02,6.141402482378909289e-01,-1.027105713361388568e-02,1.627780423883230928e-03,-3.016955029199104923e-03,5.048291301473035661e-04
3.100000000000000089e+00,6.263905187498096661e-01,-2.141092930001096267e-02,1.944387962875116990e-02,6.140762362178477929e-01,-1.021284427976056584e-02,1.609034165086963486e-03,-2.981916771556234955e-03,4.990431923399010717e-04
3.106250000000000178e+00,6.262570794875765845e-01,-2.128974923249578322e-02,1.933384640942340665e-02,6.140125869988495300e-01,-1.015496048766371777e-02,1.590505607066872336e-03,-2.947289958936710492e-03,4.933240116839627794e-04
3.112500000000000266e+00,6.261243954557528246e-01,-2.116925491821491576e-02,1.922443799652558474e-02,6.139492985300910588e-01,-1.009740389323908298e-02,1.572192193639396869e-03,-2.913069690006449882e-03,4.876708111090538350e-04
3.118750000000000355e+00,6.259924623805604993e-01,-2.104944246330483354e-02,1.911565081699274221e-02,6.138863687723845608e-01,-1.004017264300920143e-02,1.554091399068093307e-03,-2.879251122898186625e-03,4.820828226949849956e-04
3.125000000000000000e+00,6.258612760124888652e-01,-2.093030799616881280e-02,1.900748131849451864e-02,6.138237956980934218e-01,-9.983264894042519211e-03,1.536200727694281287e-03,-2.845829474473252161e-03,4.765592875624606486e-04
3.131250000000000089e+00,6.257308321261555450e-01,-2.081184766734769584e-02,1.889992596931113281e-02,6.137615772910665068e-01,-9.926678813892813799e-03,1.518517713572266423e-03,-2.812800019592769530e-03,4.710994557650561719e-04
3.137500000000000178e+00,6.256011265201679716e-01,-2.069405764939151460e-02,1.879298125821027288e-02,6.136997115465731012e-01,-9.870412580539032060e-03,1.501039920109102643e-03,-2.780158090398169874e-03,4.657025861825143335e-04
3.143750000000000266e+00,6.254721550169872746e-01,-2.057693413673179067e-02,1.868664369432463182e-02,6.136381964712375181e-01,-9.814464382325428435e-03,1.483764939708810595e-03,-2.747899075600864806e-03,4.603679464153357954e-04
3.150000000000000355e+00,6.253439134627909457e-01,-2.046047334555463684e-02,1.858090980703030332e-02,6.135770300829745949e-01,-9.758832417902076062e-03,1.466690393421011358e-03,-2.716018419780986178e-03,4.550948126806538549e-04
3.156250000000000000e+00,6.252163977273378359e-01,-2.034467151367463228e-02,1.847577614582592009e-02,6.135162104109256331e-01,-9.703514896165728321e-03,1.449813930593916913e-03,-2.684511622695060981e-03,4.498824697093756425e-04
3.162500000000000089e+00,6.250896037038331521e-01,-2.022952490040939508e-02,1.837123928021252434e-02,6.134557354953946717e-01,-9.648510036200996093e-03,1.433133228531613401e-03,-2.653374238592498199e-03,4.447302106445716698e-04
3.168750000000000178e+00,6.249635273087943421e-01,-2.011502978645499096e-02,1.826729579957428462e-02,6.133956033877845382e-01,-9.593816067221927479e-03,1.416645992155601396e-03,-2.622601875540797860e-03,4.396373369411043499e-04
3.175000000000000266e+00,6.248381644819183123e-01,-2.000118247376199421e-02,1.816394231305986859e-02,6.133358121505338989e-01,-9.539431228513866809e-03,1.400349953670513388e-03,-2.592190194759327448e-03,4.346031582664722334e-04
3.181250000000000355e+00,6.247135111859484224e-01,-1.988797928541235355e-02,1.806117544946463094e-02,6.132763598570548647e-01,-9.485353769375691815e-03,1.384242872233976823e-03,-2.562134909961587183e-03,4.296269924028604738e-04
3.187500000000000000e+00,6.245895634065432578e-01,-1.977541656549695187e-02,1.795899185711350224e-02,6.132172445916700410e-01,-9.431581949062370004e-03,1.368322533630559820e-03,-2.532431786705834943e-03,4.247081651503810959e-04
3.193750000000000089e+00,6.244663171521452893e-01,-1.966349067899390152e-02,1.785738820374463062e-02,6.131584644495507996e-01,-9.378114036727851557e-03,1.352586749949744689e-03,-2.503076641753961516e-03,4.198460102314860464e-04
3.200000000000000178e+00,6.243437684538509780e-01,-1.955219801164760282e-02,1.775636117639378328e-02,6.131000175366555505e-01,-9.324948311368316117e-03,1.337033359267894572e-03,-2.474065342438526872e-03,4.150398691965438095e-04
3.206250000000000266e+00,6.242219133652815444e-01,-1.944153496984847226e-02,1.765590748127942450e-02,6.130419019696683458e-01,-9.272083061765717948e-03,1.321660225334138827e-03,-2.445393806037816486e-03,4.102890913305583926e-04
3.212500000000000355e+00,6.241007479624537391e-01,-1.933149798051340962e-02,1.755602384368856045e-02,6.129841158759379294e-01,-9.219516586431688449e-03,1.306465237260146786e-03,-2.417057999158846171e-03,4.055930335610216284e-04
3.218750000000000000e+00,6.239802683436523889e-01,-1.922208349096699367e-02,1.745670700786327786e-02,6.129266573934170070e-01,-9.167247193551750911e-03,1.291446309213730272e-03,-2.389053937128188775e-03,4.009510603668830727e-04
3.225000000000000089e+00,6.238604706293029434e-01,-1.911328796882331288e-02,1.735795373688797313e-02,6.128695246706021837e-01,-9.115273200929849273e-03,1.276601380116226727e-03,-2.361377683390523431e-03,3.963625436886215056e-04
3.231250000000000178e+00,6.237413509618454643e-01,-1.900510790186862170e-02,1.725976081257737244e-02,6.128127158664736784e-01,-9.063592935933242889e-03,1.261928413343626956e-03,-2.334025348914830610e-03,3.918268628394102303e-04
3.237500000000000266e+00,6.236229055056083936e-01,-1.889753979794457639e-02,1.716212503536514861e-02,6.127562291504361491e-01,-9.012204735437677125e-03,1.247425396431379833e-03,-2.306993091608089408e-03,3.873434044173552438e-04
3.243750000000000355e+00,6.235051304466836530e-01,-1.879058018483223402e-02,1.706504322419331171e-02,6.127000627022589629e-01,-8.961106945772890492e-03,1.233090340782843622e-03,-2.280277115736415502e-03,3.829115622187982031e-04
3.250000000000000000e+00,6.233880219928029653e-01,-1.868422561013671074e-02,1.696851221640226573e-02,6.126442147120177983e-01,-8.910297922668451373e-03,1.218921281381332494e-03,-2.253873671353530048e-03,3.785307371526696577e-04
3.256250000000000089e+00,6.232715763732133984e-01,-1.857847264117251651e-02,1.687252886762152446e-02,6.125886833800354703e-01,-8.859776031199872309e-03,1.204916276505706889e-03,-2.227779053736449362e-03,3.742003371558773697e-04
3.262500000000000178e+00,6.231557898385553518e-01,-1.847331786484962893e-02,1.677709005166117678e-02,6.125334669168244206e-01,-8.809539645735102453e-03,1.191073407449478845e-03,-2.201989602828340314e-03,3.699197771097220244e-04
3.268750000000000266e+00,6.230406586607397657e-01,-1.836875788756017758e-02,1.668219266040398691e-02,6.124785635430278763e-01,-8.759587149881262885e-03,1.177390778243367483e-03,-2.176501702688396142e-03,3.656884787573215197e-04
3.275000000000000355e+00,6.229261791328275510e-01,-1.826478933506581193e-02,1.658783360369816759e-02,6.124239714893633391e-01,-8.709916936431735812e-03,1.163866515381275580e-03,-2.151311780948682827e-03,3.615058706220356487e-04
3.281250000000000000e+00,6.228123475689076871e-01,-1.816140885238579084e-02,1.649400980925082999e-02,6.123696889965642987e-01,-8.660527407313548670e-03,1.150498767549639097e-03,-2.126416308277845856e-03,3.573713879268773522e-04
3.287500000000000089e+00,6.226991603039785383e-01,-1.805861310368563413e-02,1.640071822252209613e-02,6.123157143153240556e-01,-8.611416973535054864e-03,1.137285705360104558e-03,-2.101811797851584583e-03,3.532844725148972056e-04
3.293750000000000178e+00,6.225866136938275064e-01,-1.795639877216656174e-02,1.630795580661989486e-02,6.122620457062388777e-01,-8.562584055133938901e-03,1.124225521085500884e-03,-2.077494804829827825e-03,3.492445727705328993e-04
3.300000000000000266e+00,6.224747041149129023e-01,-1.785476255995548447e-02,1.621571954219538578e-02,6.122086814397514898e-01,-8.514027081125512958e-03,1.111316428399052557e-03,-2.053461925840496631e-03,3.452511435419068002e-04
3.306250000000000355e+00,6.223634279642458189e-01,-1.775370118799568867e-02,1.612400642733903197e-02,6.121556197960956736e-01,-8.465744489451306615e-03,1.098556662116800505e-03,-2.029709798469782681e-03,3.413036460640634078e-04
3.312500000000000000e+00,6.222527816592731131e-01,-1.765321139593817312e-02,1.603281347747734231e-02,6.121028590652400903e-01,-8.417734726927974045e-03,1.085944477943191462e-03,-2.006235100758858598e-03,3.374015478831342372e-04
3.318750000000000089e+00,6.221427616377603886e-01,-1.755328994203359666e-02,1.594213772527022788e-02,6.120503975468332136e-01,-8.369996249196473559e-03,1.073478152219785060e-03,-1.983034550706926514e-03,3.335443227814169549e-04
3.325000000000000178e+00,6.220333643576765326e-01,-1.745393360302492647e-02,1.585197622050904531e-02,6.119982335501483739e-01,-8.322527520671571533e-03,1.061155981677059995e-03,-1.960104905780540255e-03,3.297314507033618299e-04
3.331250000000000266e+00,6.219245862970782524e-01,-1.735513917404064507e-02,1.576232603001520918e-02,6.119463653940290238e-01,-8.275327014491620434e-03,1.048976283189255758e-03,-1.937442962429098596e-03,3.259624176824490733e-04
3.337500000000000355e+00,6.218164239539955007e-01,-1.725690346848865464e-02,1.567318423753948087e-02,6.118947914068343374e-01,-8.228393212468626539e-03,1.036937393532229084e-03,-1.915045555606441699e-03,3.222367157689493152e-04
3.343750000000000000e+00,6.217088738463174558e-01,-1.715922331795077804e-02,1.558454794366187328e-02,6.118435099263851429e-01,-8.181724605038631637e-03,1.025037669144281127e-03,-1.892909558298473986e-03,3.185538429585559961e-04
3.350000000000000089e+00,6.216019325116796113e-01,-1.706209557207785665e-02,1.549641426569214712e-02,6.117925192999104089e-01,-8.135319691212335863e-03,1.013275485889915005e-03,-1.871031881056718464e-03,3.149133031218770439e-04
3.356250000000000178e+00,6.214955965073507560e-01,-1.696551709848554204e-02,1.540878033757097851e-02,6.117418178839933995e-01,-8.089176978526069206e-03,1.001649238826497279e-03,-1.849409471537756316e-03,3.113146059347793294e-04
3.362500000000000266e+00,6.213898624101213963e-01,-1.686948478265063930e-02,1.532164330977169552e-02,6.116914040445188272e-01,-8.043294982993000677e-03,9.901573419737732737e-04,-1.828039314048439216e-03,3.077572668095700172e-04
3.368750000000000355e+00,6.212847268161920677e-01,-1.677399552780808184e-02,1.523500034920262890e-02,6.116412761566200063e-01,-7.997672229054647586e-03,9.787982280862086819e-04,-1.806918429096825368e-03,3.042408068270090670e-04
3.375000000000000000e+00,6.211801863410630897e-01,-1.667904625484852715e-02,1.514884863911008725e-02,6.115914326046263394e-01,-7.952307249532664102e-03,9.675703484281220285e-04,-1.786043872948757296e-03,3.007647526691400899e-04
3.381250000000000089e+00,6.210762376194239875e-01,-1.658463390221651818e-02,1.506318537898190119e-02,6.115418717820108041e-01,-7.907198585580907380e-03,9.564721725515669881e-04,-1.765412737189998990e-03,2.973286365529298567e-04
3.387500000000000178e+00,6.209728773050446904e-01,-1.649075542580931419e-02,1.497800778445160415e-02,6.114925920913384383e-01,-7.862344786637791641e-03,9.455021880769408230e-04,-1.745022148293886655e-03,2.939319961647087072e-04
3.393750000000000266e+00,6.208701020706665075e-01,-1.639740779887625260e-02,1.489331308720317354e-02,6.114435919442146039e-01,-7.817744410378907674e-03,9.346589004762715595e-04,-1.724869267194385943e-03,2.905743745953984149e-04
3.400000000000000355e+00,6.207679086078936592e-01,-1.630458801191872822e-02,1.480909853487636513e-02,6.113948697612333616e-01,-7.773396022669921621e-03,9.239408328591592907e-04,-1.704951288864515763e-03,2.872553202765202977e-04
3.406250000000000000e+00,6.206662936270863629e-01,-1.621229307259078670e-02,1.472536139097264767e-02,6.113464239719266224e-01,-7.729298197519751321e-03,9.133465257613372374e-04,-1.685265441900054770e-03,2.839743869169739803e-04
3.412500000000000089e+00,6.205652538572536958e-01,-1.612052000560024179e-02,1.464209893476168221e-02,6.112982530147136329e-01,-7.685449517033991589e-03,9.028745369358133184e-04,-1.665808988108460030e-03,2.807311334405748803e-04
3.418750000000000178e+00,6.204647860459470143e-01,-1.602926585261045533e-02,1.455930846118843637e-02,6.112503553368501263e-01,-7.641848571368651741e-03,8.925234411465730400e-04,-1.646579222102948891e-03,2.775251239243460284e-04
3.425000000000000266e+00,6.203648869591548154e-01,-1.593852767214263416e-02,1.447698728078081025e-02,6.112027293943784745e-01,-7.598493958684121238e-03,8.822918299647958913e-04,-1.627573470901651003e-03,2.743559275375489354e-04
3.431250000000000355e+00,6.202655533811971544e-01,-1.584830253947872719e-02,1.439513271955787307e-02,6.111553736520775049e-01,-7.555384285099421560e-03,8.721783115675645374e-04,-1.608789093531785841e-03,2.712231184814488426e-04
3.437500000000000000e+00,6.201667821146216175e-01,-1.575858754656490196e-02,1.431374211893864448e-02,6.111082865834130962e-01,-7.512518164646724353e-03,8.621815105390333083e-04,-1.590223480638793072e-03,2.681262759298040036e-04
3.443750000000000089e+00,6.200685699800992934e-01,-1.566937980191554503e-02,1.423281283565142226e-02,6.110614666704887732e-01,-7.469894219226113317e-03,8.523000676740194459e-04,-1.571874054100346613e-03,2.650649839700687494e-04
3.450000000000000178e+00,6.199709138163214117e-01,-1.558067643051790421e-02,1.415234224164372244e-02,6.110149124039968571e-01,-7.427511078560640988e-03,8.425326397840004122e-04,-1.553738266645207254e-03,2.620388315453051347e-04
3.456250000000000266e+00,6.198738104798970916e-01,-1.549247457373722527e-02,1.407232772399271727e-02,6.109686222831693936e-01,-7.385367380151617971e-03,8.328778995054697716e-04,-1.535813601476828652e-03,2.590474123967898825e-04
3.462500000000000355e+00,6.197772568452505348e-01,-1.540477138922246962e-02,1.399276668481624387e-02,6.109225948157299690e-01,-7.343461769234172799e-03,8.233345351106351661e-04,-1.518097571901670922e-03,2.560903250073119121e-04
3.468750000000000000e+00,6.196812498045204398e-01,-1.531756405081259771e-02,1.391365654118436636e-02,6.108768285178454160e-01,-7.301792898733071129e-03,8.139012503204247741e-04,-1.500587720962158738e-03,2.531671725451500941e-04
3.475000000000000089e+00,6.195857862674584160e-01,-1.523084974844336921e-02,1.383499472503145131e-02,6.108313219140778516e-01,-7.260359429218772587e-03,8.045767641197698345e-04,-1.483281621074215850e-03,2.502775628087226161e-04
3.481250000000000178e+00,6.194908631613288419e-01,-1.514462568805474696e-02,1.375677868306883836e-02,6.107860735373368266e-01,-7.219160028863776460e-03,7.953598105751451307e-04,-1.466176873669334602e-03,2.474211081719022098e-04
3.487500000000000266e+00,6.193964774308093890e-01,-1.505888909149879183e-02,1.367900587669798780e-02,6.107410819288324744e-01,-7.178193373399188552e-03,7.862491386543259088e-04,-1.449271108841101736e-03,2.445974255299858575e-04
3.493750000000000355e+00,6.193026260378916570e-01,-1.497363719644811964e-02,1.360167378192418848e-02,6.106963456380279931e-01,-7.137458146071549991e-03,7.772435120483436660e-04,-1.432561984996137119e-03,2.418061362463127162e-04
3.500000000000000000e+00,6.192093059617824746e-01,-1.488886725630491140e-02,1.352477988927080349e-02,6.106518632225929055e-01,-7.096953037599924505e-03,7.683417089956098020e-04,-1.416047188509385107e-03,2.390468660995228038e-04
3.506250000000000089e+00,6.191165141988059784e-01,-1.480457654011040763e-02,1.344832170369399463e-02,6.106076332483565405e-01,-7.056676746133209478e-03,7.595425221081768827e-04,-1.399724433383696528e-03,2.363192452314464491e-04
3.512500000000000178e+00,6.190242477623063566e-01,-1.472076233245501152e-02,1.337229674449804187e-02,6.105636542892616259e-01,-7.016627977207731508e-03,7.508447582001210371e-04,-1.383591460913663343e-03,2.336229080956203814e-04
3.518750000000000266e+00,6.189325036825503723e-01,-1.463742193338885000e-02,1.329670254525111388e-02,6.105199249273183248e-01,-6.976805443705051853e-03,7.422472381180051553e-04,-1.367646039353629002e-03,2.309574934064188086e-04
3.525000000000000355e+00,6.188412790066318836e-01,-1.455455265833289179e-02,1.322153665370158666e-02,6.104764437525583842e-01,-6.937207865810035567e-03,7.337487965734085758e-04,-1.351885963589837631e-03,2.283226440887944930e-04
3.531250000000000000e+00,6.187505707983752545e-01,-1.447215183799058745e-02,1.314679663169487055e-02,6.104332093629899481e-01,-6.897833970969157423e-03,7.253482819774913866e-04,-1.336309054816662211e-03,2.257180072286221566e-04
3.537500000000000089e+00,6.186603761382404310e-01,-1.439021681825999703e-02,1.307248005509071935e-02,6.103902203645517055e-01,-6.858682493849042015e-03,7.170445562775679691e-04,-1.320913160216857741e-03,2.231432340236350802e-04
3.543750000000000178e+00,6.185706921232282385e-01,-1.430874496014649701e-02,1.299858451368109645e-02,6.103474753710683709e-01,-6.819752176295261481e-03,7.088364947956718974e-04,-1.305696152645800150e-03,2.205979797349511288e-04
3.550000000000000266e+00,6.184815158667864576e-01,-1.422773363967593310e-02,1.292510761110849012e-02,6.103049730042058307e-01,-6.781041767291356125e-03,7.007229860690764121e-04,-1.290655930319640479e-03,2.180819036391770096e-04
3.556250000000000355e+00,6.183928444987156769e-01,-1.414718024780830911e-02,1.285204696478475447e-02,6.102627118934265127e-01,-6.742550022918092703e-03,6.927029316927539896e-04,-1.275790416507339639e-03,2.155946689810863163e-04
3.562500000000000000e+00,6.183046751650768114e-01,-1.406708219035199617e-02,1.277940020581043792e-02,6.102206906759454208e-01,-6.704275706312967306e-03,6.847752461637499630e-04,-1.261097559226530621e-03,2.131359429268639882e-04
3.568750000000000089e+00,6.182170050280980655e-01,-1.398743688787840167e-02,1.270716497889458861e-02,6.101789079966858376e-01,-6.666217587629925945e-03,6.769388567274411354e-04,-1.246575330943150038e-03,2.107053965179086455e-04
3.575000000000000178e+00,6.181298312660832295e-01,-1.390824177563719510e-02,1.263533894227508725e-02,6.101373625082359142e-01,-6.628374443999342745e-03,6.691927032256667031e-04,-1.232221728274811691e-03,2.083027046251894395e-04
3.581250000000000266e+00,6.180431510733203071e-01,-1.382949430347198833e-02,1.256391976763942403e-02,6.100960528708049280e-01,-6.590745059488203710e-03,6.615357379466947326e-04,-1.218034771697849503e-03,2.059275459041464947e-04
3.587500000000000355e+00,6.179569616599901449e-01,-1.375119193573651546e-02,1.249290514004597688e-02,6.100549777521802053e-01,-6.553328225060537672e-03,6.539669254770121573e-04,-1.204012505258000116e-03,2.035796027501313111e-04
3.593750000000000000e+00,6.178712602520765040e-01,-1.367333215121132803e-02,1.242229275784576849e-02,6.100141358276841563e-01,-6.516122738538065833e-03,6.464852425549114058e-04,-1.190152996284673777e-03,2.012585612543796722e-04
3.600000000000000089e+00,6.177860440912755768e-01,-1.359591244302092369e-02,1.235208033260467783e-02,6.099735257801313093e-01,-6.479127404561077670e-03,6.390896779258485073e-04,-1.176454335108763176e-03,1.989641111605094687e-04
3.606250000000000178e+00,6.177013104349071693e-01,-1.351893031855143715e-02,1.228226558902616693e-02,6.099331462997861220e-01,-6.442341034549548852e-03,6.317792321995604251e-04,-1.162914634783958172e-03,1.966959458215398896e-04
3.612500000000000266e+00,6.176170565558255499e-01,-1.344238329936874900e-02,1.221284626487443778e-02,6.098929960843205711e-01,-6.405762446664462102e-03,6.245529177089063780e-04,-1.149532030811503940e-03,1.944537621574221923e-04
3.618750000000000355e+00,6.175332797423309650e-01,-1.336626892113709254e-02,1.214382011089806812e-02,6.098530738387721861e-01,-6.369390465769364865e-03,6.174097583704236123e-04,-1.136304680868372840e-03,1.922372606130780975e-04
3.625000000000000000e+00,6.174499772980820422e-01,-1.329058473353815495e-02,1.207518489075411726e-02,6.098133782755021937e-01,-6.333223923392143802e-03,6.103487895465691069e-04,-1.123230764538801644e-03,1.900461451169392743e-04
3.631250000000000089e+00,6.173671465420083049e-01,-1.321532830019060516e-02,1.200693838093267254e-02,6.097739081141539952e-01,-6.297261657687015270e-03,6.033690579096283486e-04,-1.110308483049146427e-03,1.878801230399805447e-04
3.637500000000000178e+00,6.172847848082231303e-01,-1.314049719857015783e-02,1.193907837068188850e-02,6.097346620816119778e-01,-6.261502513396751714e-03,5.964696213072744795e-04,-1.097536059006026712e-03,1.857389051552434990e-04
3.643750000000000266e+00,6.172028894459378190e-01,-1.306608901993004494e-02,1.187160266193344228e-02,6.096956389119605468e-01,-6.225945341815105824e-03,5.896495486297499526e-04,-1.084911736137699444e-03,1.836222055978412808e-04
3.650000000000000355e+00,6.171214578193753297e-01,-1.299210136922198527e-02,1.180450906922846099e-02,6.096568373464429369e-01,-6.190589000749465408e-03,5.829079196786563855e-04,-1.072433779038635708e-03,1.815297418254412066e-04
3.656250000000000000e+00,6.170404873076851260e-01,-1.291853186501760661e-02,1.173779541964390001e-02,6.096182561334209105e-01,-6.155432354483714695e-03,5.762438250373314681e-04,-1.060100472917252686e-03,1.794612345792182277e-04
3.662500000000000089e+00,6.169599753048583546e-01,-1.284537813943030689e-02,1.167145955271933766e-02,6.095798940283343459e-01,-6.120474273741309014e-03,5.696563659427897244e-04,-1.047910123346759009e-03,1.774164078452734872e-04
3.668750000000000178e+00,6.168799192196430248e-01,-1.277263783803762008e-02,1.160549932038426602e-02,6.095417497936608253e-01,-6.085713635648579319e-03,5.631446541592162848e-04,-1.035861056019087489e-03,1.753949888165136904e-04
3.675000000000000266e+00,6.168003164754607415e-01,-1.270030861980398808e-02,1.153991258688576681e-02,6.095038221988764437e-01,-6.051149323698225800e-03,5.567078118529837465e-04,-1.023951616501853849e-03,1.733967078549835631e-04
3.681250000000000355e+00,6.167211645103227724e-01,-1.262838815700399915e-02,1.147469722871665744e-02,6.094661100204152859e-01,-6.016780227713035278e-03,5.503449714691816029e-04,-1.012180169998323255e-03,1.714212984546474952e-04
3.687500000000000000e+00,6.166424607767474475e-01,-1.255687413514608962e-02,1.140985113454406029e-02,6.094286120416304575e-01,-5.982605243809804157e-03,5.440552756096361277e-04,-1.000545101110336503e-03,1.694684972046144327e-04
3.693750000000000089e+00,6.165642027416771143e-01,-1.248576425289664796e-02,1.134537220513839179e-02,6.093913270527547832e-01,-5.948623274363460008e-03,5.378378769124006519e-04,-9.890448136041570405e-04,1.675380437528002186e-04
3.700000000000000178e+00,6.164863878863969804e-01,-1.241505622200462546e-02,1.128125835330281469e-02,6.093542538508617268e-01,-5.914833227971415600e-03,5.316919379327050702e-04,-9.776777301792130299e-04,1.656296807700235064e-04
3.706250000000000266e+00,6.164090137064529573e-01,-1.234474776722652677e-02,1.121750750380307721e-02,6.093173912398267555e-01,-5.881234019418099881e-03,5.256166310253364933e-04,-9.664422922396819719e-04,1.637431539145278725e-04
3.712500000000000355e+00,6.163320777115707250e-01,-1.227483662625187232e-02,1.115411759329779616e-02,6.092807380302887044e-01,-5.847824569639706663e-03,5.196111382284420484e-04,-9.553369596688941453e-04,1.618782117969267418e-04
3.718750000000000000e+00,6.162555774255751295e-01,-1.220532054962908571e-02,1.109108657026916175e-02,6.092442930396113621e-01,-5.814603805689147996e-03,5.136746511487320357e-04,-9.443602106065155082e-04,1.600346059455651877e-04
3.725000000000000089e+00,6.161795103863104694e-01,-1.213619730069178879e-02,1.102841239495403088e-02,6.092080550918452797e-01,-5.781570660701196643e-03,5.078063708480652248e-04,-9.335105412284695108e-04,1.582120907722933776e-04
3.731250000000000178e+00,6.161038741455598933e-01,-1.206746465548559112e-02,1.096609303927549225e-02,6.091720230176902451e-01,-5.748724073857851453e-03,5.020055077314058848e-04,-9.227864655295768938e-04,1.564104235386479756e-04
3.737500000000000266e+00,6.160286662689670178e-01,-1.199912040269522640e-02,1.090412648677478724e-02,6.091361956544573131e-01,-5.716062990353880553e-03,4.962712814361255496e-04,-9.121865151088619748e-04,1.546293643224346741e-04
3.743750000000000355e+00,6.159538843359571025e-01,-1.193116234357217281e-02,1.084251073254366947e-02,6.091005718460311691e-01,-5.683586361362572698e-03,4.906029207226419303e-04,-9.017092389575049292e-04,1.528686759847082465e-04
3.750000000000000000e+00,6.158795259396580013e-01,-1.186358829186266381e-02,1.078124378315716697e-02,6.090651504428332697e-01,-5.651293144001687252e-03,4.849996633663737774e-04,-8.913532032494011440e-04,1.511281241371453267e-04
3.756250000000000089e+00,6.158055886868232243e-01,-1.179639607373612030e-02,1.072032365660672941e-02,6.090299303017844279e-01,-5.619182301299588921e-03,4.794607560509951054e-04,-8.811169911342919738e-04,1.494074771098040854e-04
3.762500000000000178e+00,6.157320701977538890e-01,-1.172958352771402181e-02,1.065974838223382459e-02,6.089949102862683983e-01,-5.587252802161595845e-03,4.739854542629785882e-04,-8.709992025334462994e-04,1.477065059192681743e-04
3.768750000000000266e+00,6.156589681062217823e-01,-1.166314850459916272e-02,1.059951600066388021e-02,6.089600892660947951e-01,-5.555503621336507249e-03,4.685730221874036760e-04,-8.609984539378438828e-04,1.460249842371677022e-04
3.775000000000000355e+00,6.155862800593934203e-01,-1.159708886740534219e-02,1.053962456374065576e-02,6.089254661174628991e-01,-5.523933739383324500e-03,4.632227326050205435e-04,-8.511133782088419787e-04,1.443626883590748032e-04
3.781250000000000000e+00,6.155140037177531109e-01,-1.153140249128744611e-02,1.048007213446099616e-02,6.088910397229254645e-01,-5.492542142638170803e-03,4.579338667905523603e-04,-8.413426243812898581e-04,1.427193971737683478e-04
3.787500000000000089e+00,6.154421367550277910e-01,-1.146608726347193852e-02,1.042085678690996865e-02,6.088568089713527476e-01,-5.461327823181389568e-03,4.527057144122181550e-04,-8.316848574690560063e-04,1.410948921328629196e-04
3.793750000000000178e+00,6.153706768581116426e-01,-1.140114108318777617e-02,1.036197660619642309e-02,6.088227727578964243e-01,-5.430289778804847471e-03,4.475375734324676556e-04,-8.221387582729489151e-04,1.394889572207993458e-04
3.800000000000000266e+00,6.152996217269915968e-01,-1.133656186159770658e-02,1.030342968838889560e-02,6.087889299839545076e-01,-5.399427012979416199e-03,4.424287500099059875e-04,-8.127030231909872313e-04,1.379013789251901957e-04
3.806250000000000355e+00,6.152289690746725048e-01,-1.127234752172995638e-02,1.024521414045192168e-02,6.087552795571353759e-01,-5.368738534822634599e-03,4.373785584023976575e-04,-8.033763640310007245e-04,1.363319462075176180e-04
3.812500000000000000e+00,6.151587166271031970e-01,-1.120849599841035327e-02,1.018732808018273442e-02,6.087218203912230230e-01,-5.338223359066575531e-03,4.323863208713357850e-04,-7.941575078255275937e-04,1.347804504741786371e-04
3.818750000000000089e+00,6.150888621231035414e-01,-1.114500523819478284e-02,1.012976963614830618e-02,6.086885514061418645e-01,-5.307880506025871442e-03,4.274513675870585268e-04,-7.850451966489780829e-04,1.332466855478733295e-04
3.825000000000000178e+00,6.150194033142907246e-01,-1.108187319930211204e-02,1.007253694762282742e-02,6.086554715279219874e-01,-5.277709001565952449e-03,4.225730365354050532e-04,-7.760381874370441291e-04,1.317304476393332216e-04
3.831250000000000266e+00,6.149503379650067547e-01,-1.101909785154743873e-02,1.001562816452550644e-02,6.086225796886645112e-01,-5.247707877071447480e-03,4.177506734253896067e-04,-7.671352518083154708e-04,1.302315353193837582e-04
3.837500000000000355e+00,6.148816638522464073e-01,-1.095667717627576455e-02,9.959041447358768159e-03,6.085898748265072822e-01,-5.217876169414768436e-03,4.129836315979857307e-04,-7.583351758880812902e-04,1.287497494913383736e-04
3.843750000000000000e+00,6.148133787655849503e-01,-1.089460916629604245e-02,9.902774967146813628e-03,6.085573558855906784e-01,-5.188212920924886902e-03,4.082712719360045658e-04,-7.496367601342912622e-04,1.272848933637196398e-04
3.850000000000000089e+00,6.147454805071072004e-01,-1.083289182581558679e-02,9.846826905374538724e-03,6.085250218160234148e-01,-5.158717179356269583e-03,4.036129627750527403e-04,-7.410388191656408800e-04,1.258367724233030733e-04
3.856250000000000178e+00,6.146779668913360251e-01,-1.077152317037491369e-02,9.791195453926851769e-03,6.084928715738490146e-01,-5.129387997858018446e-03,3.990080798155613991e-04,-7.325401815917677219e-04,1.244051944084811337e-04
3.862500000000000266e+00,6.146108357451621762e-01,-1.071050122678291437e-02,9.735878815028308625e-03,6.084609041210119473e-01,-5.100224434943166109e-03,3.944560060358667992e-04,-7.241396898455170275e-04,1.229899692829418032e-04
3.868750000000000355e+00,6.145440849077733469e-01,-1.064982403305241715e-02,9.680875201183143305e-03,6.084291184253243223e-01,-5.071225554458156856e-03,3.899561316063344506e-04,-7.158362000172621611e-04,1.215909092096590516e-04
3.875000000000000000e+00,6.144777122305853378e-01,-1.058948963833613970e-02,9.626182835115638589e-03,6.083975134604325818e-01,-5.042390425552505454e-03,3.855078538045122192e-04,-7.076285816912492813e-04,1.202078285251914028e-04
3.881250000000000089e+00,6.144117155771716687e-01,-1.052949610286297091e-02,9.571799949710848784e-03,6.083660882057845276e-01,-5.013718122648615563e-03,3.811105769312985131e-04,-6.995157177839390027e-04,1.188405437142840118e-04
3.887500000000000178e+00,6.143460928231953000e-01,-1.046984149787468649e-02,9.517724787955704133e-03,6.083348416465964581e-01,-4.985207725411797651e-03,3.767637122281181821e-04,-6.914965043843282434e-04,1.174888733847723112e-04
3.893750000000000266e+00,6.142808418563394657e-01,-1.041052390556297322e-02,9.463955602880430931e-03,6.083037727738204170e-01,-4.956858318720430007e-03,3.724666777950865577e-04,-6.835698505962170242e-04,1.161526382427815102e-04
3.900000000000000355e+00,6.142159605762397279e-01,-1.035154141900684367e-02,9.410490657500342887e-03,6.082728805841116637e-01,-4.928668992636315790e-03,3.682188985101551306e-04,-6.757346783824026530e-04,1.148316610682200339e-04
3.906250000000000000e+00,6.141514468944160310e-01,-1.029289214211041685e-02,9.357328224757981150e-03,6.082421640797965878e-01,-4.900638842375189264e-03,3.640198059492251491e-04,-6.679899224107760337e-04,1.135257666905626077e-04
3.912500000000000089e+00,6.140872987342052003e-01,-1.023457418954103540e-02,9.304466587465571800e-03,6.082116222688404017e-01,-4.872766968277405034e-03,3.598688383072156955e-04,-6.603345299022927778e-04,1.122347819649192993e-04
3.918750000000000178e+00,6.140235140306941064e-01,-1.017658568666778528e-02,9.251904038247870180e-03,6.081812541648151660e-01,-4.845052475778792098e-03,3.557654403200788667e-04,-6.527674604808039391e-04,1.109585357483883921e-04
3.925000000000000266e+00,6.139600907306526079e-01,-1.011892476950032940e-02,9.199638879485307064e-03,6.081510587868683704e-01,-4.817494475381676154e-03,3.517090631877453090e-04,-6.452876860247124370e-04,1.096968588766876945e-04
3.931250000000000355e+00,6.138970267924673818e-01,-1.006158958462810733e-02,9.147669423257492188e-03,6.081210351596907371e-01,-4.790092082626061509e-03,3.476991644979920298e-04,-6.378941905204407476e-04,1.084495841410626060e-04
3.937500000000000000e+00,6.138343201860760878e-01,-1.000457828915990791e-02,9.095993991287054312e-03,6.080911823134855787e-01,-4.762844418060988190e-03,3.437352081512212091e-04,-6.305859699176838418e-04,1.072165462654668325e-04
3.943750000000000089e+00,6.137719688929017536e-01,-9.947889050663750662e-03,9.044610914883793526e-03,6.080614992839368238e-01,-4.735750607216039978e-03,3.398166642861360272e-04,-6.233620319864228683e-04,1.059975818840123366e-04
3.950000000000000178e+00,6.137099709057874941e-01,-9.891520047107164523e-03,8.993518534889206537e-03,6.080319851121787078e-01,-4.708809780573035460e-03,3.359430092063080305e-04,-6.162213961756860285e-04,1.047925295186864352e-04
3.956250000000000266e+00,6.136483242289320073e-01,-9.835469466797771773e-03,8.942715201621305107e-03,6.080026388447642427e-01,-4.682021073537863051e-03,3.321137253076189609e-04,-6.091630934740236824e-04,1.036012295573310972e-04
3.962500000000000355e+00,6.135870268778246261e-01,-9.779735508324238075e-03,8.892199274819776247e-03,6.079734595336351299e-01,-4.655383626412486903e-03,3.283283010065702733e-04,-6.021861662716837017e-04,1.024235242318826945e-04
3.968750000000000000e+00,6.135260768791817032e-01,-9.724316380497557283e-03,8.841969123591477200e-03,6.079444462360906742e-01,-4.628896584367109789e-03,3.245862306694494420e-04,-5.952896682244652755e-04,1.012592575968685328e-04
3.975000000000000089e+00,6.134654722708825503e-01,-9.669210302292664122e-03,8.792023126356220131e-03,6.079155980147578076e-01,-4.602559097412492993e-03,3.208870145423402113e-04,-5.884726641192250399e-04,1.001082755081568405e-04
3.981250000000000178e+00,6.134052111019066000e-01,-9.614415502790419829e-03,8.742359670792936716e-03,6.078869139375611130e-01,-4.576370320372448799e-03,3.172301586819710429e-04,-5.817342297410250159e-04,9.897042560195818599e-05
3.987500000000000266e+00,6.133452914322697902e-01,-9.559930221119887495e-03,8.692977153786104680e-03,6.078583930776920718e-01,-4.550329412856470024e-03,3.136151748873863094e-04,-5.750734517418898276e-04,9.784555727407386072e-05
3.993750000000000355e+00,6.132857113329622800e-01,-9.505752706400978636e-03,8.643873981372529949e-03,6.078300345135801974e-01,-4.524435539232533887e-03,3.100415806324340550e-04,-5.684894275111625770e-04,9.673352165938945606e-05
4.000000000000000000e+00,6.132264688858863888e-01,-9.451881217687415487e-03,8.595048568688423707e-03,6.078018373288625043e-01,-4.498687868600052472e-03,3.065088989990589390e-04,-5.619812650474351971e-04,9.563417161161016228e-05
4.006249999999999645e+00,6.131675621837943124e-01,-9.398314023910009016e-03,8.546499339916800372e-03,6.077738006123547532e-01,-4.473085574762974970e-03,3.030166586113898996e-04,-5.555480828320334425e-04,9.454736168323482257e-05
4.012500000000000178e+00,6.131089893302265059e-01,-9.345049403820292547e-03,8.498224728235182629e-03,6.077459234580215863e-01,-4.447627836203053853e-03,2.995643935706147312e-04,-5.491890097040392788e-04,9.347294810576622123e-05
4.018750000000000711e+00,6.130507484394510653e-01,-9.292085645934478055e-03,8.450223175763644720e-03,6.077182049649475504e-01,-4.422313836053266313e-03,2.961516433906316559e-04,-5.429031847368336484e-04,9.241078877015505800e-05
4.025000000000000355e+00,6.129928376364023324e-01,-9.239421048477717766e-03,8.402493133513129833e-03,6.076906442373084527e-01,-4.397142762071376207e-03,2.927779529344662866e-04,-5.366897571161326165e-04,9.136074320747358357e-05
4.031250000000000000e+00,6.129352550566203872e-01,-9.187053919328683205e-03,8.355033061334058916e-03,6.076632403843418295e-01,-4.372113806613643454e-03,2.894428723514455809e-04,-5.305478860195037786e-04,9.032267256981701237e-05
4.037500000000000533e+00,6.128779988461910966e-01,-9.134982575964485998e-03,8.307841427865295114e-03,6.076359925203189682e-01,-4.347226166608700836e-03,2.861459570151223875e-04,-5.244767404973480754e-04,8.929643961143047658e-05
4.043750000000000178e+00,6.128210671616866057e-01,-9.083205345405938672e-03,8.260916710483397901e-03,6.076088997645160417e-01,-4.322479043531583451e-03,2.828867674619400699e-04,-5.184754993553255479e-04,8.828190867005839058e-05
4.049999999999999822e+00,6.127644581701049420e-01,-9.031720564163053105e-03,8.214257395252127017e-03,6.075819612411857973e-01,-4.297871643377877866e-03,2.796648693306227852e-04,-5.125433510381992297e-04,8.727894564851221444e-05
4.056250000000000355e+00,6.127081700488119509e-01,-8.980526578180924105e-03,8.167861976872298549e-03,6.075551760795295797e-01,-4.273403176638041270e-03,2.764798333022918547e-04,-5.066794935150935970e-04,8.628741799645638598e-05
4.062500000000000000e+00,6.126522009854814543e-01,-8.929621742785932154e-03,8.121728958631946327e-03,6.075285434136691309e-01,-4.249072858271881956e-03,2.733312350412950504e-04,-5.008831341661450264e-04,8.530719469240882996e-05
4.068749999999999645e+00,6.125965491780378525e-01,-8.879004422632173418e-03,8.075856852356714036e-03,6.075020623826187238e-01,-4.224879907683142151e-03,2.702186551367352467e-04,-4.951534896705165039e-04,8.433814622595191095e-05
4.075000000000000178e+00,6.125412128345969487e-01,-8.828672991648288740e-03,8.030244178360589069e-03,6.074757321302576285e-01,-4.200823548694264734e-03,2.671416790446997378e-04,-4.894897858957764775e-04,8.338014458015403311e-05
4.081250000000000711e+00,6.124861901734089953e-01,-8.778625832984568444e-03,7.984889465396946898e-03,6.074495518053024679e-01,-4.176903009521295250e-03,2.640998970311754751e-04,-4.838912577886166446e-04,8.243306321419791602e-05
4.087500000000000355e+00,6.124314794228007397e-01,-8.728861338960348590e-03,7.939791250609829626e-03,6.074235205612797950e-01,-4.153117522748923582e-03,2.610929041156417689e-04,-4.783571492668886181e-04,8.149677704621268695e-05
4.093750000000000000e+00,6.123770788211184701e-01,-8.679377911011707317e-03,7.894948079485533329e-03,6.073976375564990038e-01,-4.129466325305653981e-03,2.581203000153338401e-04,-4.728867131129476514e-04,8.057116243630782449e-05
4.100000000000000533e+00,6.123229866166710611e-01,-8.630173959639487330e-03,7.850358505804495499e-03,6.073719019540251285e-01,-4.105948658439145978e-03,2.551816890901701740e-04,-4.674792108682895462e-04,7.965609716980725943e-05
4.106250000000000178e+00,6.122692010676735741e-01,-8.581247904357632364e-03,7.806021091593481724e-03,6.073463129216519762e-01,-4.082563767691689723e-03,2.522766802883353297e-04,-4.621339127294626903e-04,7.875146044068063783e-05
4.112499999999999822e+00,6.122157204421911914e-01,-8.532598173641749162e-03,7.761934407077984883e-03,6.073208696318753708e-01,-4.059310902875790626e-03,2.494048870925053550e-04,-4.568500974452318611e-04,7.785713283516819546e-05
4.118750000000000355e+00,6.121625430180830385e-01,-8.484223204878040686e-03,7.718097030634977346e-03,6.072955712618663959e-01,-4.036189318049936137e-03,2.465659274667155376e-04,-4.516270522149918427e-04,7.697299631559932501e-05
4.125000000000000000e+00,6.121096670829472286e-01,-8.436121444312522089e-03,7.674507548745930323e-03,6.072704169934453056e-01,-4.013198271494482217e-03,2.437594238038598123e-04,-4.464640725884086859e-04,7.609893420440120388e-05
4.131249999999999645e+00,6.120570909340647958e-01,-8.388291347000474338e-03,7.631164555950057868e-03,6.072454060130548781e-01,-3.990337025687666454e-03,2.409850028738092474e-04,-4.413604623662671970e-04,7.523483116829423006e-05
4.137500000000000178e+00,6.120048128783457386e-01,-8.340731376756246526e-03,7.588066654797893072e-03,6.072205375117342152e-01,-3.967604847281775565e-03,2.382422957721507222e-04,-4.363155335025220528e-04,7.438057320267422534e-05
4.143750000000000711e+00,6.119528312322736197e-01,-8.293440006103347875e-03,7.545212455805131412e-03,6.071958106850929848e-01,-3.945001007079450804e-03,2.355309378695333810e-04,-4.313286060075313482e-04,7.353604761617800424e-05
4.150000000000000355e+00,6.119011443218518309e-01,-8.246415716224793011e-03,7.502600577406721288e-03,6.071712247332853307e-01,-3.922524780010114807e-03,2.328505687616145149e-04,-4.263990078524555511e-04,7.270114301542958456e-05
4.156250000000000000e+00,6.118497504825495259e-01,-8.199656996913733467e-03,7.460229645911223458e-03,6.071467788609845595e-01,-3.900175445106534612e-03,2.302008322195997503e-04,-4.215260748748098866e-04,7.187574928996563013e-05
4.162500000000000533e+00,6.117986480592476628e-01,-8.153162346524410117e-03,7.418098295455467957e-03,6.071224722773567173e-01,-3.877952285481528656e-03,2.275813761413710630e-04,-4.167091506851595788e-04,7.105975759733832321e-05
4.168750000000000178e+00,6.117478354061858248e-01,-8.106930271923377951e-03,7.376205167959475582e-03,6.070983041960362758e-01,-3.855854588304814291e-03,2.249918525031951945e-04,-4.119475865749410359e-04,7.025306034839310515e-05
4.174999999999999822e+00,6.116973108869094844e-01,-8.060959288440968512e-03,7.334548913081604012e-03,6.070742738350998202e-01,-3.833881644779953742e-03,2.224319173120008935e-04,-4.072407414253884886e-04,6.945555119271827670e-05
4.181250000000000355e+00,6.116470728742167129e-01,-8.015247919823083669e-03,7.293128188173997502e-03,6.070503804170417350e-01,-3.812032750121466598e-03,2.199012305582257983e-04,-4.025879816175651047e-04,6.866712500426628164e-05
4.187500000000000000e+00,6.115971197501062218e-01,-7.969794698183261736e-03,7.251941658238305471e-03,6.070266231687485581e-01,-3.790307203532065905e-03,2.173994561692216558e-04,-3.979886809434781975e-04,6.788767786714371946e-05
4.193749999999999645e+00,6.115474499057247382e-01,-7.924598163954976043e-03,7.210987995881612718e-03,6.070030013214744447e-01,-3.768704308180003976e-03,2.149262619632089327e-04,-3.934422205182596093e-04,6.711710706156701056e-05
4.200000000000000178e+00,6.114980617413156017e-01,-7.879656865844250971e-03,7.170265881272669742e-03,6.069795141108167424e-01,-3.747223371176568694e-03,2.124813196037799519e-04,-3.889479886934103466e-04,6.635531104998378170e-05
4.206250000000000711e+00,6.114489536661668057e-01,-7.834969360782553793e-03,7.129774002098388484e-03,6.069561607766905675e-01,-3.725863703553709914e-03,2.100643045549406606e-04,-3.845053809710889236e-04,6.560218946335688182e-05
4.212500000000000355e+00,6.114001240985603713e-01,-7.790534213879922454e-03,7.089511053520558374e-03,6.069329405633052676e-01,-3.704624620241779055e-03,2.076748960366834945e-04,-3.801137999194298053e-04,6.485764308760877850e-05
4.218750000000000000e+00,6.113515714657202782e-01,-7.746349998378380432e-03,7.049475738132824319e-03,6.069098527191396641e-01,-3.683505440047396638e-03,2.053127769810863244e-04,-3.757726550888807306e-04,6.412157385022485771e-05
4.225000000000000533e+00,6.113032942037630590e-01,-7.702415295605622228e-03,7.009666765917937914e-03,6.068868964969179602e-01,-3.662505485631459886e-03,2.029776339889325515e-04,-3.714813629295499685e-04,6.339388480701410914e-05
4.231250000000000178e+00,6.112552907576466188e-01,-7.658728694928992019e-03,6.970082854205264522e-03,6.068640711535857601e-01,-3.641624083487275676e-03,2.006691572868447892e-04,-3.672393467095482768e-04,6.267448012902523187e-05
4.237499999999999822e+00,6.112075595811199413e-01,-7.615288793709658333e-03,6.930722727628491585e-03,6.068413759502860882e-01,-3.620860563918793656e-03,1.983870406849231054e-04,-3.630460364343077802e-04,6.196326508961485363e-05
4.243750000000000355e+00,6.111600991366742397e-01,-7.572094197257112254e-03,6.891585118083632701e-03,6.068188101523357414e-01,-3.600214261018991595e-03,1.961309815348873380e-04,-3.589008687668765766e-04,6.126014605166840569e-05
4.250000000000000000e+00,6.111129078954924410e-01,-7.529143518783925834e-03,6.852668764687278903e-03,6.067963730292017521e-01,-3.579684512648380421e-03,1.939006806887144836e-04,-3.548032869491718326e-04,6.056503045497052280e-05
4.256249999999999645e+00,6.110659843374004474e-01,-7.486435379360720406e-03,6.813972413735046828e-03,6.067740638544776299e-01,-3.559270660413609011e-03,1.916958424577624596e-04,-3.507527407241737487e-04,5.987782680372252873e-05
4.262500000000000178e+00,6.110193269508179537e-01,-7.443968407871441074e-03,6.775494818660320918e-03,6.067518819058604906e-01,-3.538972049646216863e-03,1.895161745723802124e-04,-3.467486862590601795e-04,5.919844465420693962e-05
4.268750000000000711e+00,6.109729342327098189e-01,-7.401741240968888816e-03,6.737234739993224614e-03,6.067298264651271866e-01,-3.518788029381503864e-03,1.873613881419948198e-04,-3.427905860692639093e-04,5.852679460259632878e-05
4.275000000000000355e+00,6.109268046885378833e-01,-7.359752523030479825e-03,6.699190945319822253e-03,6.067078968181117693e-01,-3.498717952337508912e-03,1.852311976156691923e-04,-3.388779089434398981e-04,5.786278827290443214e-05
4.281250000000000000e+00,6.108809368322122291e-01,-7.318000906114261600e-03,6.661362209241549100e-03,6.066860922546823964e-01,-3.478761174894111699e-03,1.831253207431260616e-04,-3.350101298693336635e-04,5.720633830507837610e-05
4.287500000000000533e+00,6.108353291860438850e-01,-7.276485049915203986e-03,6.623747313334905906e-03,6.066644120687183506e-01,-3.458917057072260701e-03,1.810434785362335149e-04,-3.311867299605417429e-04,5.655735834323053033e-05
4.293750000000000178e+00,6.107899802806971978e-01,-7.235203621721749551e-03,6.586345046111398947e-03,6.066428555580875015e-01,-3.439184962513326931e-03,1.789853952309459746e-04,-3.274071963841516616e-04,5.591576302400823035e-05
4.299999999999999822e+00,6.107448886551420930e-01,-7.194155296372557393e-03,6.549154202977656124e-03,6.066214220246237687e-01,-3.419564258458547470e-03,1.769507982496918970e-04,-3.236710222892457377e-04,5.528146796509865284e-05
4.306250000000000355e+00,6.107000528566074449e-01,-7.153338756213552252e-03,6.512173586195834502e-03,6.066001107741043619e-01,-3.400054315728610801e-03,1.749394181642084059e-04,-3.199777067362671542e-04,5.465438975386902628e-05
4.312500000000000000e+00,6.106554714405338924e-01,-7.112752691055217354e-03,6.475402004844251630e-03,6.065789211162280203e-01,-3.380654508703362718e-03,1.729509886588147033e-04,-3.163267546272329010e-04,5.403444593613964981e-05
4.318749999999999645e+00,6.106111429705276539e-01,-7.072395798130077203e-03,6.438838274778210281e-03,6.065578523645924758e-01,-3.361364215301597663e-03,1.709852464941163681e-04,-3.127176766367795462e-04,5.342155500508740914e-05
4.325000000000000178e+00,6.105670660183144527e-01,-7.032266782050488295e-03,6.402481218591087736e-03,6.065369038366723586e-01,-3.342182816960996214e-03,1.690419314711406808e-04,-3.091499891440396700e-04,5.281563639027981704e-05
4.331250000000000711e+00,6.105232391636926659e-01,-6.992364354766652731e-03,6.366329665575654051e-03,6.065160748537974378e-01,-3.323109698618167095e-03,1.671207863958948674e-04,-3.056232141653347561e-04,5.221661044683715902e-05
4.337500000000000355e+00,6.104796609944886931e-01,-6.952687235524855625e-03,6.330382451685597628e-03,6.064953647411307491e-01,-3.304144248688800200e-03,1.652215570443413002e-04,-3.021368792876719654e-04,5.162439844472096204e-05
4.343750000000000000e+00,6.104363301065106606e-01,-6.913234150825947090e-03,6.294638419497270224e-03,6.064747728276468353e-01,-3.285285859047926312e-03,1.633439921277859161e-04,-2.986905176030383940e-04,5.103892255814760064e-05
4.350000000000000533e+00,6.103932451035034568e-01,-6.874003834384075778e-03,6.259096418171680026e-03,6.064542984461104291e-01,-3.266533925010303013e-03,1.614878432586760017e-04,-2.952836676434833843e-04,5.046010585512602375e-05
4.356250000000000178e+00,6.103504045971041014e-01,-6.834995027085675676e-03,6.223755303416711113e-03,6.064339409330546937e-01,-3.247887845310915098e-03,1.596528649168012747e-04,-2.919158733169795097e-04,4.988787228711770503e-05
4.362499999999999822e+00,6.103078072067964488e-01,-6.796206476948625508e-03,6.188613937449518980e-03,6.064136996287600168e-01,-3.229347022085563013e-03,1.578388144158914040e-04,-2.885866838440464036e-04,4.932214667881666860e-05
4.368750000000000355e+00,6.102654515598672225e-01,-6.757636939081703917e-03,6.153671188959187154e-03,6.063935738772330275e-01,-3.210910860851583139e-03,1.560454518706092908e-04,-2.852956536951375423e-04,4.876285471804963078e-05
4.375000000000000000e+00,6.102233362913618286e-01,-6.719285175644271885e-03,6.118925933069607574e-03,6.063735630261853915e-01,-3.192578770488680839e-03,1.542725401639335504e-04,-2.820423425287765904e-04,4.820992294579400821e-05
4.381249999999999645e+00,6.101814600440398362e-01,-6.681149955806135569e-03,6.084377051302530988e-03,6.063536664270124943e-01,-3.174350163219848055e-03,1.525198449149228785e-04,-2.788263151304289978e-04,4.766327874631186106e-05
4.387500000000000178e+00,6.101398214683320109e-01,-6.643230055707693635e-03,6.050023431540874942e-03,6.063338834347732353e-01,-3.156224454592412767e-03,1.507871344468626783e-04,-2.756471413521095000e-04,4.712285033739962894e-05
4.393750000000000711e+00,6.100984192222965730e-01,-6.605524258420303156e-03,6.015863967992243419e-03,6.063142134081689338e-01,-3.138201063459195115e-03,1.490741797557863086e-04,-2.725043960527108282e-04,4.658856676075164721e-05
4.400000000000000355e+00,6.100572519715757869e-01,-6.568031353906854559e-03,5.981897561152642491e-03,6.062946557095226785e-01,-3.120279411959758949e-03,1.473807544793662595e-04,-2.693976590390441449e-04,4.606035787243578997e-05
4.406250000000000000e+00,6.100163183893533292e-01,-6.530750138982569473e-03,5.948123117770401543e-03,6.062752097047592326e-01,-3.102458925501772220e-03,1.457066348661716277e-04,-2.663265150075841566e-04,4.553815433348029130e-05
4.412500000000000533e+00,6.099756171563115448e-01,-6.493679417276047514e-03,5.914539550810327811e-03,6.062558747633840506e-01,-3.084739032742482741e-03,1.440515997452884462e-04,-2.632905534869120728e-04,4.502188760057065366e-05
4.418750000000000178e+00,6.099351469605887033e-01,-6.456817999190540315e-03,5.881145779418079506e-03,6.062366502584635164e-01,-3.067119165570302789e-03,1.424154304962977193e-04,-2.602893687808467086e-04,4.451148991685517978e-05
4.424999999999999822e+00,6.098949064977373657e-01,-6.420164701865399906e-03,5.847940728884690707e-03,6.062175355666048482e-01,-3.049598759086473085e-03,1.407979110196047937e-04,-2.573225599122506654e-04,4.400689430285706127e-05
4.431250000000000355e+00,6.098548944706814190e-01,-6.383718349137799432e-03,5.814923330611364294e-03,6.061985300679356703e-01,-3.032177251586859901e-03,1.391988277071199028e-04,-2.543897305675115903e-04,4.350803454749314604e-05
4.437500000000000000e+00,6.098151095896755525e-01,-6.347477771504663781e-03,5.782092522074450472e-03,6.061796331460843623e-01,-3.014854084543848890e-03,1.376179694132834597e-04,-2.514904890416862627e-04,4.301484519919739888e-05
4.443749999999999645e+00,6.097755505722627367e-01,-6.311441806084783224e-03,5.749447246790603122e-03,6.061608441881601861e-01,-2.997628702588325204e-03,1.360551274264304618e-04,-2.486244481842955268e-04,4.252726155714722577e-05
4.450000000000000178e+00,6.097362161432335892e-01,-6.275609296581182925e-03,5.716986454282171198e-03,6.061421625847338568e-01,-2.980500553491776360e-03,1.345100954404931937e-04,-2.457912253457698545e-04,4.204521966259269582e-05
4.456250000000000711e+00,6.096971050345848520e-01,-6.239979093243704956e-03,5.684709100042793090e-03,6.061235877298173369e-01,-2.963469088148493105e-03,1.329826695270369425e-04,-2.429904423245333133e-04,4.156865629028679037e-05
4.462500000000000355e+00,6.096582159854792016e-01,-6.204550052831785470e-03,5.652614145503170526e-03,6.061051190208452955e-01,-2.946533760557865696e-03,1.314726481076231154e-04,-2.402217253147173202e-04,4.109750894001519555e-05
4.468750000000000000e+00,6.096195477422038378e-01,-6.169321038577442635e-03,5.620700557997039375e-03,6.060867558586547910e-01,-2.929694027806777762e-03,1.299798319264974821e-04,-2.374847048544977037e-04,4.063171582822485881e-05
4.475000000000000533e+00,6.095810990581311817e-01,-6.134290920148502239e-03,5.588967310727363351e-03,6.060684976474667307e-01,-2.912949350052111610e-03,1.285040240236001816e-04,-2.347790157750493268e-04,4.017121587975027271e-05
4.481250000000000178e+00,6.095428686936777973e-01,-6.099458573612030581e-03,5.557413382732720279e-03,6.060503437948664418e-01,-2.896299190503354593e-03,1.270450297078930474e-04,-2.321042971501096795e-04,3.971594871963627309e-05
4.487499999999999822e+00,6.095048554162650900e-01,-6.064822881397939972e-03,5.526037758853854023e-03,6.060322937117846864e-01,-2.879743015405286134e-03,1.256026565309983163e-04,-2.294601922461398942e-04,3.926585466505547450e-05
4.493750000000000355e+00,6.094670580002794491e-01,-6.030382732262842306e-03,5.494839429700451930e-03,6.060143468124788990e-01,-2.863280294020779243e-03,1.241767142611489632e-04,-2.268463484730831017e-04,3.882087471732036322e-05
4.500000000000000000e+00,6.094294752270329463e-01,-5.996137021254113394e-03,5.463817391618120030e-03,6.059965025145139794e-01,-2.846910498613705685e-03,1.227670148574449985e-04,-2.242624173357093682e-04,3.838095055398848946e-05
4.506249999999999645e+00,6.093921058847238115e-01,-5.962084649674112558e-03,5.432970646655510029e-03,6.059787602387439742e-01,-2.830633104431914005e-03,1.213733724444099126e-04,-2.217080543855367224e-04,3.794602452105894932e-05
4.512500000000000178e+00,6.093549487683980193e-01,-5.928224525044660694e-03,5.402298202531678750e-03,6.059611194092933140e-01,-2.814447589690326820e-03,1.199956032868480685e-04,-2.191829191733278678e-04,3.751603962526029205e-05
4.518750000000000711e+00,6.093180026799099869e-01,-5.894555561071706563e-03,5.371799072603627989e-03,6.059435794535384945e-01,-2.798353435554130041e-03,1.186335257649966444e-04,-2.166866752021522242e-04,3.709093952642813163e-05
4.525000000000000355e+00,6.092812664278841606e-01,-5.861076677610184762e-03,5.341472275834022176e-03,6.059261398020893141e-01,-2.782350126122052746e-03,1.172869603499686445e-04,-2.142189898810048976e-04,3.667066852997119520e-05
4.531250000000000000e+00,6.092447388276768239e-01,-5.827786800629068849e-03,5.311316836759089055e-03,6.059087998887711102e-01,-2.766437148409737687e-03,1.159557295794838870e-04,-2.117795344789779417e-04,3.625517157942508359e-05
4.537500000000000533e+00,6.092084187013381280e-01,-5.794684862176647383e-03,5.281331785456725054e-03,6.058915591506059961e-01,-2.750613992333219779e-03,1.146396580338856662e-04,-2.093679840799777874e-04,3.584439424909290344e-05
4.543750000000000178e+00,6.091723048775739002e-01,-5.761769800346000329e-03,5.251516157514793219e-03,6.058744170277954311e-01,-2.734880150692496105e-03,1.133385723124387780e-04,-2.069840175379819536e-04,3.543828273677150393e-05
4.549999999999999822e+00,6.091363961917078962e-01,-5.729040559240633317e-03,5.221868993999560782e-03,6.058573729637015681e-01,-2.719235119155174844e-03,1.120523010099039232e-04,-2.046273174328246049e-04,3.503678385656189498e-05
4.556250000000000355e+00,6.091006914856447185e-01,-5.696496088940349554e-03,5.192389341424368324e-03,6.058404264048299348e-01,-2.703678396240231322e-03,1.107806746933884045e-04,-2.022975700265108206e-04,3.463984503176372506e-05
4.562500000000000000e+00,6.090651896078324024e-01,-5.664135345467317777e-03,5.163076251718466333e-03,6.058235768008113364e-01,-2.688209483301863371e-03,1.095235258794683097e-04,-1.999944652200502237e-04,3.424741428785243612e-05
4.568749999999999645e+00,6.090298894132253338e-01,-5.631957290752288500e-03,5.133928782196012230e-03,6.058068236043844257e-01,-2.672827884513412182e-03,1.082806890115772444e-04,-1.977176965108005100e-04,3.385944024553750334e-05
4.575000000000000178e+00,6.089947897632472795e-01,-5.599960892601054015e-03,5.104945995525269481e-03,6.057901662713778279e-01,-2.657533106851399374e-03,1.070520004376615758e-04,-1.954669609503208779e-04,3.347587211390196294e-05
4.581250000000000711e+00,6.089598895257553046e-01,-5.568145124661086180e-03,5.076126959697992332e-03,6.057736042606930438e-01,-2.642324660079648641e-03,1.058372983880975115e-04,-1.932419591027257082e-04,3.309665968362157461e-05
4.587500000000000355e+00,6.089251875750026910e-01,-5.536508966388351168e-03,5.047470747998964065e-03,6.057571370342866857e-01,-2.627202056733493694e-03,1.046364229538661095e-04,-1.910423950035315297e-04,3.272175332026258182e-05
4.593750000000000000e+00,6.088906827916032993e-01,-5.505051403014315885e-03,5.018976438975718268e-03,6.057407640571533802e-01,-2.612164812104071643e-03,1.034492160649839570e-04,-1.888679761189929326e-04,3.235110395765735856e-05
4.600000000000000533e+00,6.088563740624950427e-01,-5.473771425513155632e-03,4.990643116408446586e-03,6.057244847973090041e-01,-2.597212444222717423e-03,1.022755214691873087e-04,-1.867184133059220628e-04,3.198466309135728506e-05
4.606250000000000178e+00,6.088222602809045814e-01,-5.442668030569160383e-03,4.962469869280092087e-03,6.057082987257726980e-01,-2.582344473845447127e-03,1.011151847108658348e-04,-1.845934207719857891e-04,3.162238277216168039e-05
4.612499999999999822e+00,6.087883403463114629e-01,-5.411740220544281575e-03,4.934455791746568398e-03,6.056922053165507691e-01,-2.567560424437512461e-03,9.996805311024167080e-05,-1.824927160364708117e-04,3.126421559972146366e-05
4.618750000000000355e+00,6.087546131644129277e-01,-5.380987003445908759e-03,4.906599983107203487e-03,6.056762040466193708e-01,-2.552859822158060586e-03,9.883397574279368563e-05,-1.804160198915174987e-04,3.091011471621758446e-05
4.625000000000000000e+00,6.087210776470886042e-01,-5.350407392894824914e-03,4.878901547775337834e-03,6.056602943959075169e-01,-2.538242195844881994e-03,9.771280341892255202e-05,-1.783630563638130713e-04,3.056003380011285386e-05
4.631249999999999645e+00,6.086877327123653147e-01,-5.320000408093314426e-03,4.851359595249072655e-03,6.056444758472809831e-01,-2.523707076999226473e-03,9.660438866385241631e-05,-1.763335526767368213e-04,3.021392705997587142e-05
4.637500000000000178e+00,6.086545772843826585e-01,-5.289765073793481834e-03,4.823973240082210685e-03,6.056287478865252094e-01,-2.509253999770722724e-03,9.550858569776914141e-05,-1.743272392129566260e-04,2.987174922837714319e-05
4.643750000000000711e+00,6.086216102933583727e-01,-5.259700420265757057e-03,4.796741601855370428e-03,6.056131100023289804e-01,-2.494882500942383410e-03,9.442525041619085355e-05,-1.723438494774685512e-04,2.953345555585596072e-05
4.650000000000000355e+00,6.085888306755536936e-01,-5.229805483267555878e-03,4.769663805147246124e-03,6.055975616862682154e-01,-2.480592119915688270e-03,9.335424037056737768e-05,-1.703831200610736300e-04,2.919900180495714010e-05
4.656250000000000000e+00,6.085562373732393837e-01,-5.200079304012126050e-03,4.742738979506039461e-03,6.055821024327890933e-01,-2.466382398695747893e-03,9.229541474910667772e-05,-1.684447906042871041e-04,2.886834424433700413e-05
4.662500000000000533e+00,6.085238293346615368e-01,-5.170520929137580740e-03,4.715966259421067348e-03,6.055667317391922877e-01,-2.452252881876564646e-03,9.124863435782613321e-05,-1.665286037616766832e-04,2.854143964293789294e-05
4.668750000000000178e+00,6.084916055140080493e-01,-5.141129410676121940e-03,4.689344784294542309e-03,6.055514491056167570e-01,-2.438203116626376423e-03,9.021376160182549466e-05,-1.646343051666233448e-04,2.821824526423035925e-05
4.674999999999999822e+00,6.084595648713747584e-01,-5.111903806023395704e-03,4.662873698413476896e-03,6.055362540350235356e-01,-2.424232652673067624e-03,8.919066046677742471e-05,-1.627616433964970319e-04,2.789871886052174056e-05
4.681250000000000355e+00,6.084277063727321355e-01,-5.082843177908060762e-03,4.636552150921790204e-03,6.055211460331801909e-01,-2.410341042289679010e-03,8.817919650063578776e-05,-1.609103699382471932e-04,2.758281866733115225e-05
4.687500000000000000e+00,6.083960289898918683e-01,-5.053946594361534081e-03,4.610379295792573981e-03,6.055061246086443916e-01,-2.396527840280002989e-03,8.717923679555766294e-05,-1.590802391544006574e-04,2.727050339782974286e-05
4.693749999999999645e+00,6.083645317004742203e-01,-5.025213128687869117e-03,4.584354291800481034e-03,6.054911892727484757e-01,-2.382792603964240061e-03,8.619064997003532641e-05,-1.572710082494594439e-04,2.696173223734501904e-05
4.700000000000000178e+00,6.083332134878745023e-01,-4.996641859433843987e-03,4.558476302494317463e-03,6.054763395395835746e-01,-2.369134893164755000e-03,8.521330615123831132e-05,-1.554824372366989138e-04,2.665646483792930092e-05
4.706250000000000711e+00,6.083020733412313197e-01,-4.968231870359216158e-03,4.532744496169777149e-03,6.054615749259844026e-01,-2.355554270191915003e-03,8.424707695756161535e-05,-1.537142889053580777e-04,2.635466131299110193e-05
4.712500000000000355e+00,6.082711102553931548e-01,-4.939982250407134144e-03,4.507158045842328889e-03,6.054468949515134923e-01,-2.342050299829995935e-03,8.329183548137710121e-05,-1.519663287882172076e-04,2.605628223198858264e-05
4.718750000000000000e+00,6.082403232308866148e-01,-4.911892093674709650e-03,4.481716129220256195e-03,6.054322991384454289e-01,-2.328622549323172697e-03,8.234745627198646392e-05,-1.502383251295590116e-04,2.576128861518453295e-05
4.725000000000000533e+00,6.082097112738842348e-01,-4.883960499383783148e-03,4.456417928677868824e-03,6.054177870117521953e-01,-2.315270588361595903e-03,8.141381531877371841e-05,-1.485300488535093346e-04,2.546964192846228994e-05
4.731250000000000178e+00,6.081792733961723929e-01,-4.856186571851857717e-03,4.431262631228871304e-03,6.054033580990876295e-01,-2.301993989067547056e-03,8.049079003455459171e-05,-1.468412735327528299e-04,2.518130407820179159e-05
4.737499999999999822e+00,6.081490086151195573e-01,-4.828569420463156917e-03,4.406249428499852891e-03,6.053890119307719919e-01,-2.288792325981659197e-03,7.957825923911894387e-05,-1.451717753576157142e-04,2.489623740621463489e-05
4.743750000000000355e+00,6.081189159536449784e-01,-4.801108159639894297e-03,4.381377516703969209e-03,6.053747480397773106e-01,-2.275665176049230815e-03,7.867610314296666471e-05,-1.435213331055165827e-04,2.461440468473818224e-05
4.750000000000000000e+00,6.080889944401870473e-01,-4.773801908813694699e-03,4.356646096614764409e-03,6.053605659617122825e-01,-2.262612118606617366e-03,7.778420333123315690e-05,-1.418897281107777482e-04,2.433576911148766257e-05
4.756249999999999645e+00,6.080592431086718763e-01,-4.746649792397156925e-03,4.332054373540124292e-03,6.053464652348070629e-01,-2.249632735367684388e-03,7.690244274780143731e-05,-1.402767442347913854e-04,2.406029430476523364e-05
4.762500000000000178e+00,6.080296609984829903e-01,-4.719650939755600308e-03,4.307601557296404649e-03,6.053324453998989441e-01,-2.236726610410353852e-03,7.603070567960057207e-05,-1.386821678365399927e-04,2.378794429862603283e-05
4.768750000000000711e+00,6.080002471544294629e-01,-4.692804485178980398e-03,4.283286862182709639e-03,6.053185060004172557e-01,-2.223893330163223808e-03,7.516887774108720630e-05,-1.371057877434648283e-04,2.351868353810019979e-05
4.775000000000000355e+00,6.079710006267160516e-01,-4.666109567853937365e-03,4.259109506955298559e-03,6.053046465823690436e-01,-2.211132483392260449e-03,7.431684585890759986e-05,-1.355473952226772798e-04,2.325247687447002398e-05
4.781250000000000000e+00,6.079419204709123337e-01,-4.639565331836019609e-03,4.235068714802149581e-03,6.052908666943238591e-01,-2.198443661187560877e-03,7.347449825673857014e-05,-1.340067839525101851e-04,2.298928956060183437e-05
4.787500000000000533e+00,6.079130057479222859e-01,-4.613170926022063488e-03,4.211163713317677033e-03,6.052771658874003258e-01,-2.185826456950203025e-03,7.264172444030552562e-05,-1.324837499944057711e-04,2.272908724633204147e-05
4.793750000000001066e+00,6.078842555239543088e-01,-4.586925504122746529e-03,4.187393734477595254e-03,6.052635437152503739e-01,-2.173280466379166713e-03,7.181841518257535417e-05,-1.309780917651353043e-04,2.247183597390659004e-05
4.800000000000000711e+00,6.078556688704911393e-01,-4.560828224635268130e-03,4.163758014613921227e-03,6.052499997340464732e-01,-2.160805287458323221e-03,7.100446250912127938e-05,-1.294896100093455467e-04,2.221750217347307683e-05
4.806250000000000355e+00,6.078272448642598746e-01,-4.534878250816199406e-03,4.140255794390109052e-03,6.052365335024659787e-01,-2.148400520443501192e-03,7.019975968365837029e-05,-1.280181077724292253e-04,2.196605265862500831e-05
4.812500000000000000e+00,6.077989825872028851e-01,-4.509074750654496096e-03,4.116886318776357030e-03,6.052231445816776967e-01,-2.136065767849628858e-03,6.940420119374817311e-05,-1.265633903737163992e-04,2.171745462199780867e-05
4.818749999999999645e+00,6.077708811264472821e-01,-4.483416896844654581e-03,4.093648837025036166e-03,6.052098325353280073e-01,-2.123800634437949565e-03,6.861768273666944272e-05,-1.251252653799810575e-04,2.147167563091566345e-05
4.825000000000000178e+00,6.077429395742766083e-01,-4.457903866760023169e-03,4.070542602646262664e-03,6.051965969295262093e-01,-2.111604727203304083e-03,6.784010120545351031e-05,-1.237035425792602122e-04,2.122868362308867686e-05
4.831250000000000711e+00,6.077151570281011939e-01,-4.432534842426278168e-03,4.047566873383627410e-03,6.051834373328310868e-01,-2.099477655361496609e-03,6.707135467508266069e-05,-1.222980339549822589e-04,2.098844690235999045e-05
4.837500000000000355e+00,6.076875325904291802e-01,-4.407309010495030072e-03,4.024720911190040815e-03,6.051703533162369197e-01,-2.087419030336718460e-03,6.631134238884883617e-05,-1.209085536603993080e-04,2.075093413450189092e-05
4.843750000000000000e+00,6.076600653688377651e-01,-4.382225562217584997e-03,4.002003982203731179e-03,6.051573444531594959e-01,-2.075428465749050693e-03,6.555996474487110813e-05,-1.195349179933207612e-04,2.051611434306054423e-05
4.850000000000000533e+00,6.076327544759445587e-01,-4.357283693418869189e-03,3.979415356724376636e-03,6.051444103194230095e-01,-2.063505577402036106e-03,6.481712328277060200e-05,-1.181769453711453276e-04,2.028395690524891921e-05
4.856250000000001066e+00,6.076055990293790510e-01,-4.332482604471499243e-03,3.956954309189390610e-03,6.051315504932458511e-01,-2.051649983270330182e-03,6.408272067050053077e-05,-1.168344563061871034e-04,2.005443154788720262e-05
4.862500000000000711e+00,6.075785981517541900e-01,-4.307821500269989369e-03,3.934620118150321776e-03,6.051187645552275063e-01,-2.039861303487408399e-03,6.335666069132908759e-05,-1.155072733812915532e-04,1.982750834338999069e-05
4.868750000000000355e+00,6.075517509706382935e-01,-4.283299590205105235e-03,3.912412066249393652e-03,6.051060520883345673e-01,-2.028139160333347710e-03,6.263884823097390971e-05,-1.141952212257384662e-04,1.960315770579990825e-05
4.875000000000000000e+00,6.075250566185270706e-01,-4.258916088138376549e-03,3.890329440196193395e-03,6.050934126778879651e-01,-2.016483178222683477e-03,6.192918926488670452e-05,-1.128981264914296376e-04,1.938135038686720151e-05
4.881249999999999645e+00,6.074985142328155341e-01,-4.234670212376751008e-03,3.868371530744486343e-03,6.050808459115494253e-01,-2.004892983692331456e-03,6.122759084568547611e-05,-1.116158178293560703e-04,1.916205747217453176e-05
4.887500000000000178e+00,6.074721229557705771e-01,-4.210561185647382701e-03,3.846537632669157214e-03,6.050683513793081447e-01,-1.993368205389574408e-03,6.053396109073287516e-05,-1.103481258663420559e-04,1.894525037730655011e-05
4.893750000000000711e+00,6.074458819345033289e-01,-4.186588235072582695e-03,3.824827044743303942e-03,6.050559286734676911e-01,-1.981908474060127632e-03,5.984820916985958807e-05,-1.090948831820637060e-04,1.873090084406383980e-05
4.900000000000000355e+00,6.074197903209416216e-01,-4.162750592144896268e-03,3.803239069715442979e-03,6.050435773886330137e-01,-1.970513422536260446e-03,5.917024529322984454e-05,-1.078559242863368290e-04,1.851898093672047049e-05
4.906250000000000000e+00,6.073938472718029002e-01,-4.139047492702318913e-03,3.781773014286849473e-03,6.050312971216972313e-01,-1.959182685724988795e-03,5.849998069934816291e-05,-1.066310855966720735e-04,1.830946303832477505e-05
4.912500000000000533e+00,6.073680519485672447e-01,-4.115478176903668468e-03,3.760428189089036217e-03,6.050190874718289757e-01,-1.947915900596336805e-03,5.783732764320592364e-05,-1.054202054160946603e-04,1.810231984704297590e-05
4.918750000000001066e+00,6.073424035174501689e-01,-4.092041889204101231e-03,3.739203908661366607e-03,6.050069480404592914e-01,-1.936712706171671208e-03,5.718219938456569750e-05,-1.042231239112249169e-04,1.789752437254504798e-05
4.925000000000000711e+00,6.073169011493758651e-01,-4.068737878330746030e-03,3.718099491428781232e-03,6.049948784312692007e-01,-1.925572743512088663e-03,5.653451017638141745e-05,-1.030396830906157700e-04,1.769504993243219121e-05
4.931250000000000355e+00,6.072915440199508907e-01,-4.045565397258486622e-03,3.697114259679654125e-03,6.049828782501762703e-01,-1.914495655706874430e-03,5.589417525335314753e-05,-1.018697267833449830e-04,1.749487014870557730e-05
4.937500000000000000e+00,6.072663313094375237e-01,-4.022523703185890663e-03,3.676247539543790396e-03,6.049709471053230647e-01,-1.903481087862031939e-03,5.526111082061533730e-05,-1.007131006178596619e-04,1.729695894427598778e-05
4.943749999999999645e+00,6.072412622027273388e-01,-3.999612057511266194e-03,3.655498660970541401e-03,6.049590846070634909e-01,-1.892528687088871351e-03,5.463523404255610889e-05,-9.956965200106881173e-05,1.710129053951365576e-05
4.950000000000000178e+00,6.072163358893148954e-01,-3.976829725808857761e-03,3.634866957707041761e-03,6.049472903679509184e-01,-1.881638102492664243e-03,5.401646303176651284e-05,-9.843923009768139776e-05,1.690783944883792828e-05
4.956250000000000711e+00,6.071915515632723137e-01,-3.954175977805181319e-03,3.614351767276587340e-03,6.049355640027257452e-01,-1.870808985161366827e-03,5.340471683811843801e-05,-9.732168580978783716e-05,1.671658047734639029e-05
4.962500000000000355e+00,6.071669084232228508e-01,-3.931650087355491839e-03,3.593952430957119467e-03,6.049239051283025193e-01,-1.860040988154401491e-03,5.279991543796900731e-05,-9.621687175668042148e-05,1.652748871748277256e-05
4.968750000000000000e+00,6.071424056723151441e-01,-3.909251332420371483e-03,3.573668293759835798e-03,6.049123133637586136e-01,-1.849333766491500575e-03,5.220197972349033418e-05,-9.512464225491071876e-05,1.634053954574332166e-05
4.975000000000000533e+00,6.071180425181980089e-01,-3.886978995042469562e-03,3.553498704407933879e-03,6.049007883303209043e-01,-1.838686977141621055e-03,5.161083149212353558e-05,-9.404485329858177311e-05,1.615570861942124240e-05
4.981250000000001066e+00,6.070938181729947924e-01,-3.864832361323379539e-03,3.533443015315480048e-03,6.048893296513544460e-01,-1.828100279011920159e-03,5.102639343615517835e-05,-9.297736253987151048e-05,1.597297187338875862e-05
4.987500000000000711e+00,6.070697318532780606e-01,-3.842810721400626624e-03,3.513500582566382417e-03,6.048779369523500371e-01,-1.817573332936789094e-03,5.044858913241443126e-05,-9.192202926978426051e-05,1.579230551691612847e-05
4.993750000000000355e+00,6.070457827800443962e-01,-3.820913369424791973e-03,3.493670765893491358e-03,6.048666098609121189e-01,-1.807105801666948793e-03,4.987734303208977066e-05,-9.087871439912803637e-05,1.561368603052742078e-05
5.000000000000000000e+00,6.070219701786895294e-01,-3.799139603536779569e-03,3.473952928657831826e-03,6.048553480067471178e-01,-1.796697349858614829e-03,4.931258045066433165e-05,-8.984728043971579726e-05,1.543709016289262584e-05
5.006249999999999645e+00,6.069982932789834695e-01,-3.777488725845204107e-03,3.454346437827941069e-03,6.048441510216514549e-01,-1.786347644062717416e-03,4.875422755796772982e-05,-8.882759148578661418e-05,1.526249492775556176e-05
5.012500000000000178e+00,6.069747513150455243e-01,-3.755960042403903333e-03,3.434850663959329933e-03,6.048330185394997782e-01,-1.776056352714183413e-03,4.820221136834328937e-05,-8.781951319564474680e-05,1.508987760089714955e-05
5.018750000000000711e+00,6.069513435253199862e-01,-3.734552863189593078e-03,3.415464981174069509e-03,6.048219501962328604e-01,-1.765823146121284692e-03,4.765645973092968855e-05,-8.682291277351458498e-05,1.491921571713386718e-05
5.025000000000000355e+00,6.069280691525515969e-01,-3.713266502079633300e-03,3.396188767140484455e-03,6.048109456298464970e-01,-1.755647696455039410e-03,4.711690132005496906e-05,-8.583765895160764669e-05,1.475048706735062701e-05
5.031250000000000000e+00,6.069049274437612329e-01,-3.692100276829922510e-03,3.377021403052959080e-03,6.048000044803795161e-01,-1.745529677738673563e-03,4.658346562574194048e-05,-8.486362197239978914e-05,1.458366969556790731e-05
5.037500000000000533e+00,6.068819176502218138e-01,-3.671053509052926624e-03,3.357962273611874403e-03,6.047891263899023429e-01,-1.735468765837148682e-03,4.605608294432402417e-05,-8.390067357111666811e-05,1.441874189604275658e-05
5.043750000000001066e+00,6.068590390274339885e-01,-3.650125524195836635e-03,3.339010767003658831e-03,6.047783110025055642e-01,-1.725464638446748281e-03,4.553468436916991731e-05,-8.294868695842454512e-05,1.425568221040322855e-05
5.050000000000000711e+00,6.068362908351025986e-01,-3.629315651518834687e-03,3.320166274880941622e-03,6.047675579642884935e-01,-1.715516975084717659e-03,4.501920178151551149e-05,-8.200753680332324410e-05,1.409446942481573969e-05
5.056250000000000355e+00,6.068136723371128083e-01,-3.608623224073489837e-03,3.301428192342822140e-03,6.047568669233477356e-01,-1.705625457078963113e-03,4.450956784140207680e-05,-8.107709921623957705e-05,1.393508256718507137e-05
5.062500000000000000e+00,6.067911828015061237e-01,-3.588047578681283906e-03,3.282795917915264008e-03,6.047462375297658621e-01,-1.695789767557816198e-03,4.400571597871989125e-05,-8.015725173231947687e-05,1.377750090438676256e-05
5.068749999999999645e+00,6.067688215004574115e-01,-3.567588055912254003e-03,3.264268853531593784e-03,6.047356694356005313e-01,-1.686009591439850035e-03,4.350758038435538450e-05,-7.924787329491527301e-05,1.362170393953127299e-05
5.075000000000000178e+00,6.067465877102514726e-01,-3.547244000063753434e-03,3.245846404513108921e-03,6.047251622948728311e-01,-1.676284615423754816e-03,4.301509600144086734e-05,-7.834884423926628035e-05,1.346767140925969668e-05
5.081250000000000711e+00,6.067244807112591731e-01,-3.527014759139345760e-03,3.227527979549808888e-03,6.047147157635566206e-01,-1.666614527978274888e-03,4.252819851670593907e-05,-7.746004627637102086e-05,1.331538328107068346e-05
5.087500000000000355e+00,6.067024997879154613e-01,-3.506899684827805529e-03,3.209312990681223443e-03,6.047043294995674279e-01,-1.656999019332196146e-03,4.204682435192877698e-05,-7.658136247704755428e-05,1.316481975067806216e-05
5.093750000000000000e+00,6.066806442286950540e-01,-3.486898132482235679e-03,3.191200853277353228e-03,6.046940031627510148e-01,-1.647437781464391755e-03,4.157091065548643383e-05,-7.571267725618041362e-05,1.301596123939889077e-05
5.100000000000000533e+00,6.066589133260910094e-01,-3.467009461099318946e-03,3.173190986019724848e-03,6.046837364148731631e-01,-1.637930508093927724e-03,4.110039529400333016e-05,-7.485387635715231571e-05,1.286878839157166451e-05
5.106250000000001066e+00,6.066373063765908569e-01,-3.447233033298685492e-03,3.155282810882560889e-03,6.046735289196084606e-01,-1.628476894670225503e-03,4.063521684409642355e-05,-7.400484683645811273e-05,1.272328207200426649e-05
5.112500000000000711e+00,6.066158226806547260e-01,-3.427568215302384189e-03,3.137475753114043163e-03,6.046633803425293108e-01,-1.619076638363275977e-03,4.017531458421575379e-05,-7.316547704849820613e-05,1.257942336345120041e-05
5.118750000000000355e+00,6.065944615426923647e-01,-3.408014376914476201e-03,3.119769241217686118e-03,6.046532903510957180e-01,-1.609729438053907231e-03,3.972062848657945594e-05,-7.233565663054975631e-05,1.243719356411988148e-05
5.125000000000000000e+00,6.065732222710414900e-01,-3.388570891500752164e-03,3.102162706933827337e-03,6.046432586146442967e-01,-1.600434994324115420e-03,3.927109920920249589e-05,-7.151527648791445452e-05,1.229657418520573497e-05
5.131249999999999645e+00,6.065521041779450284e-01,-3.369237135968559949e-03,3.084655585221218656e-03,6.046332848043775021e-01,-1.591193009447444641e-03,3.882666808801736661e-05,-7.070422877923919795e-05,1.215754694845557382e-05
5.137500000000000178e+00,6.065311065795290224e-01,-3.350012490746741723e-03,3.067247314238716587e-03,6.046233685933537494e-01,-1.582003187379421669e-03,3.838727712908610810e-05,-6.990240690200870573e-05,1.202009378375904011e-05
5.143750000000000711e+00,6.065102287957813143e-01,-3.330896339765699373e-03,3.049937335327093310e-03,6.046135096564762001e-01,-1.572865233748049893e-03,3.795286900090260067e-05,-6.910970547820792097e-05,1.188419682676782245e-05
5.150000000000000355e+00,6.064894701505288976e-01,-3.311888070437559676e-03,3.032725092990935702e-03,6.046037076704826596e-01,-1.563778855844350727e-03,3.752338702678370867e-05,-6.832602034015155612e-05,1.174983841654218849e-05
5.156250000000000000e+00,6.064688299714167119e-01,-3.292987073636449193e-03,3.015610034880651484e-03,6.045939623139352515e-01,-1.554743762612959251e-03,3.709877517734843429e-05,-6.755124851647916894e-05,1.161700109322459201e-05
5.162500000000000533e+00,6.064483075898861042e-01,-3.274192743678895796e-03,2.998591611774585955e-03,6.045842732672099817e-01,-1.545759664642777295e-03,3.667897806308435642e-05,-6.678528821831441369e-05,1.148566759574011396e-05
5.168750000000001066e+00,6.064279023411531799e-01,-3.255504478304339054e-03,2.981669277561241078e-03,6.045746402124867469e-01,-1.536826274157680316e-03,3.626394092700005348e-05,-6.602803882558587923e-05,1.135582085952337503e-05
5.175000000000000711e+00,6.064076135641873755e-01,-3.236921678655742957e-03,2.964842489221589106e-03,6.045650628337386756e-01,-1.527943305007271532e-03,3.585360963736229059e-05,-6.527940087350735891e-05,1.122744401427150123e-05
5.181250000000000355e+00,6.063874406016905860e-01,-3.218443749260316636e-03,2.948110706811486390e-03,6.045555408167225808e-01,-1.519110472657688978e-03,3.544793068051718497e-05,-6.453927603921589911e-05,1.110052038172294600e-05
5.187500000000000000e+00,6.063673828000757382e-01,-3.200070098010359548e-03,2.931473393444198640e-03,6.045460738489684127e-01,-1.510327494182470663e-03,3.504685115379472610e-05,-6.380756712856660976e-05,1.097503347346195031e-05
5.193749999999999645e+00,6.063474395094461400e-01,-3.181800136144203369e-03,2.914930015273018565e-03,6.045366616197693777e-01,-1.501594088253465492e-03,3.465031875849511252e-05,-6.308417806308102508e-05,1.085096698874817494e-05
5.200000000000000178e+00,6.063276100835742755e-01,-3.163633278227265342e-03,2.898480041473982822e-03,6.045273038201720572e-01,-1.492909975131798172e-03,3.425828179295613280e-05,-6.236901386704798436e-05,1.072830481237128963e-05
5.206250000000000711e+00,6.063078938798814876e-01,-3.145568942133214821e-03,2.882122944228696949e-03,6.045180001429664163e-01,-1.484274876658888114e-03,3.387068914570096707e-05,-6.166198065477536600e-05,1.060703101253030075e-05
5.212500000000000355e+00,6.062882902594167733e-01,-3.127606549025239123e-03,2.865858198707247912e-03,6.045087502826762549e-01,-1.475688516247513444e-03,3.348749028866493898e-05,-6.096298561799017431e-05,1.048712983873717019e-05
5.218750000000000000e+00,6.062687985868367990e-01,-3.109745523337413033e-03,2.849685283051212482e-03,6.044995539355488834e-01,-1.467150618872927696e-03,3.310863527050046553e-05,-6.027193701338558299e-05,1.036858571974454249e-05
5.225000000000000533e+00,6.062494182303854728e-01,-3.091985292756183664e-03,2.833603678356775343e-03,6.044904107995455744e-01,-1.458660911064027900e-03,3.273407470995973764e-05,-5.958874415031378369e-05,1.025138326149734806e-05
5.231250000000001066e+00,6.062301485618734054e-01,-3.074325288201963310e-03,2.817612868657940438e-03,6.044813205743322371e-01,-1.450219120894577106e-03,3.236375978935371480e-05,-5.891331737862223365e-05,1.013550724510796421e-05
5.237500000000000711e+00,6.062109889566579257e-01,-3.056764943810813800e-03,2.801712340909833388e-03,6.044722829612694248e-01,-1.441824977974468305e-03,3.199764224808664809e-05,-5.824556807663152741e-05,1.002094262485455766e-05
5.243750000000000355e+00,6.061919387936228754e-01,-3.039303696916237970e-03,2.785901584972094985e-03,6.044632976634027877e-01,-1.433478213441040415e-03,3.163567437626514883e-05,-5.758540863925340155e-05,9.907674526202461359e-06
5.250000000000000000e+00,6.061729974551591793e-01,-3.021940988031084335e-03,2.770180093592383968e-03,6.044543643854535242e-01,-1.425178559950447807e-03,3.127780900838146409e-05,-5.693275246624778841e-05,9.795688243848338115e-06
5.256249999999999645e+00,6.061541643271443069e-01,-3.004676260829547158e-03,2.754547362389966544e-03,6.044454828338092778e-01,-1.416925751669074075e-03,3.092399951706944794e-05,-5.628751395061638439e-05,9.684969239786770292e-06
5.262500000000000178e+00,6.061354387989230652e-01,-2.987508962129264544e-03,2.739002889839395240e-03,6.044366527165143665e-01,-1.408719524264996767e-03,3.057419980693267962e-05,-5.564960846713153347e-05,9.575503141399055340e-06
5.268750000000000711e+00,6.061168202632878366e-01,-2.970438541873535350e-03,2.723546177254294876e-03,6.044278737432602355e-01,-1.400559614899501114e-03,3.022836430844402721e-05,-5.501895236099917232e-05,9.467275739564022462e-06
5.275000000000000355e+00,6.060983081164592612e-01,-2.953464453113616335e-03,2.708176728771227032e-03,6.044191456253767969e-01,-1.392445762218640819e-03,2.988644797191543034e-05,-5.439546293665341114e-05,9.360272986790462189e-06
5.281250000000000000e+00,6.060799017580665859e-01,-2.936586151991127727e-03,2.692894051333649501e-03,6.044104680758225490e-01,-1.384377706344841995e-03,2.954840626153730563e-05,-5.377905844668172690e-05,9.254480995371021460e-06
5.287500000000000533e+00,6.060616005911286797e-01,-2.919803097720561572e-03,2.677697654675973739e-03,6.044018408091759165e-01,-1.376355188868563046e-03,2.921419514948696161e-05,-5.316965808087949523e-05,9.149886035557349063e-06
5.293750000000001066e+00,6.060434040220347152e-01,-2.903114752571895035e-03,2.662587051307715134e-03,6.043932635416254806e-01,-1.368377952839999875e-03,2.888377111010500322e-05,-5.256718195543208538e-05,9.046474533756205142e-06
5.300000000000000711e+00,6.060253114605250735e-01,-2.886520581853289566e-03,2.647561756497726106e-03,6.043847359909615413e-01,-1.360445742760834015e-03,2.855709111413879089e-05,-5.197155110222251940e-05,8.944233070746217981e-06
5.306250000000000355e+00,6.060073223196726921e-01,-2.870020053893889821e-03,2.632621288258516368e-03,6.043762578765663473e-01,-1.352558304576027609e-03,2.823411262305231716e-05,-5.138268745826371291e-05,8.843148379915122042e-06
5.312500000000000000e+00,6.059894360158639692e-01,-2.853612640026730127e-03,2.617765167330676421e-03,6.043678289194058806e-01,-1.344715385665670206e-03,2.791479358340198582e-05,-5.080051385525419293e-05,8.743207345517301082e-06
5.318749999999999645e+00,6.059716519687801117e-01,-2.837297814571732892e-03,2.602992917167382125e-03,6.043594488420205302e-01,-1.336916734836868063e-03,2.759909242127711794e-05,-5.022495400925500918e-05,8.644397000951283967e-06
5.325000000000000178e+00,6.059539696013785948e-01,-2.821075054818797650e-03,2.588304063918984727e-03,6.043511173685157667e-01,-1.329162102315678551e-03,2.728696803680456473e-05,-4.965593251048693767e-05,8.546704527056998393e-06
5.331250000000000711e+00,6.059363883398743988e-01,-2.804943841011001138e-03,2.573698136417699317e-03,6.043428342245542595e-01,-1.321451239739095075e-03,2.697837979871693599e-05,-4.909337481324660087e-05,8.450117250432648649e-06
5.337500000000000355e+00,6.059189076137221353e-01,-2.788903656327877158e-03,2.559174666162372658e-03,6.043345991373463288e-01,-1.313783900147072123e-03,2.667328753898323115e-05,-4.853720722593968853e-05,8.354622641770812570e-06
5.343750000000000000e+00,6.059015268555971723e-01,-2.772953986868793158e-03,2.544733187303332544e-03,6.043264118356412862e-01,-1.306159837974594758e-03,2.637165154750141890e-05,-4.798735690123004578e-05,8.260208314213656020e-06
5.350000000000000533e+00,6.058842455013777606e-01,-2.757094321636430895e-03,2.530373236627339074e-03,6.043182720497191074e-01,-1.298578809043799071e-03,2.607343256685240300e-05,-4.744375182630374775e-05,8.166862021727068393e-06
5.356250000000001066e+00,6.058670629901267146e-01,-2.741324152520359901e-03,2.516094353542615292e-03,6.043101795113815511e-01,-1.291040570556135133e-03,2.577859178711445950e-05,-4.690632081324641898e-05,8.074571657493449786e-06
5.362500000000000711e+00,6.058499787640738710e-01,-2.725642974280693791e-03,2.501896080063960217e-03,6.043021339539434988e-01,-1.283544881084571366e-03,2.548709084073731181e-05,-4.637499348953212413e-05,7.983325252322883865e-06
5.368750000000000355e+00,6.058329922685974367e-01,-2.710050284531842837e-03,2.487777960797943853e-03,6.042941351122245175e-01,-1.276091500565843147e-03,2.519889179747531851e-05,-4.584970028862294208e-05,7.893110973082547349e-06
5.375000000000000000e+00,6.058161029522071139e-01,-2.694545583726368036e-03,2.473739542928199333e-03,6.042861827225401994e-01,-1.268680190292750202e-03,2.491395715937924201e-05,-4.533037244067816645e-05,7.803917121144196878e-06
5.381249999999999645e+00,6.057993102665256702e-01,-2.679128375138916697e-03,2.459780376200788789e-03,6.042782765226940578e-01,-1.261310712906493032e-03,2.463224985584561876e-05,-4.481694196337126910e-05,7.715732130849406296e-06
5.387500000000000178e+00,6.057826136662717298e-01,-2.663798164850252146e-03,2.445900012909655533e-03,6.042704162519688671e-01,-1.253982832389054659e-03,2.435373323872316195e-05,-4.430934165281360328e-05,7.628544567992412904e-06
5.393750000000000711e+00,6.057660126092420105e-01,-2.648554461731379272e-03,2.432098007882163831e-03,6.042626016511181142e-01,-1.246696314055627036e-03,2.407837107747574256e-05,-4.380750507458387743e-05,7.542343128320415137e-06
5.400000000000000355e+00,6.057495065562944481e-01,-2.633396777427754205e-03,2.418373918464715878e-03,6.042548324623582268e-01,-1.239450924547076715e-03,2.380612755440089182e-05,-4.331136655486157700e-05,7.457116636050999781e-06
5.406250000000000000e+00,6.057330949713302104e-01,-2.618324626343577696e-03,2.404727304508446403e-03,6.042471084293598027e-01,-1.232246431822454089e-03,2.353696725990342168e-05,-4.282086117166333111e-05,7.372854042406575079e-06
5.412500000000000533e+00,6.057167773212770445e-01,-2.603337525626190849e-03,2.391157728355010077e-03,6.042394292972396164e-01,-1.225082605151547096e-03,2.327085518782361800e-05,-4.233592474618151283e-05,7.289544424165653008e-06
5.418750000000001066e+00,6.057005530760720680e-01,-2.588434995150557579e-03,2.377664754822449156e-03,6.042317948125525140e-01,-1.217959215107477849e-03,2.300775673081929826e-05,-4.185649383422333135e-05,7.207176982230743572e-06
5.425000000000000711e+00,6.056844217086445603e-01,-2.573616557503827749e-03,2.364247951191133547e-03,6.042242047232831981e-01,-1.210876033559338738e-03,2.274763767580086974e-05,-4.138250571774920326e-05,7.125741040212614615e-06
5.431250000000000355e+00,6.056683826948991989e-01,-2.558881737969985731e-03,2.350906887189782406e-03,6.042166587788380117e-01,-1.203832833664867990e-03,2.249046419941898178e-05,-4.091389839650929830e-05,7.045226043030786718e-06
5.437500000000000000e+00,6.056524355136991833e-01,-2.544230064514598280e-03,2.337641134981573339e-03,6.042091567300372779e-01,-1.196829389863172943e-03,2.223620286360435518e-05,-4.045061057977764973e-05,6.965621555530123414e-06
5.443749999999999645e+00,6.056365796468498042e-01,-2.529661067769641350e-03,2.324450269150325765e-03,6.042016983291068621e-01,-1.189865477867490173e-03,2.198482061115877240e-05,-3.999258167818189820e-05,6.886917261113230425e-06
5.450000000000000178e+00,6.056208145790814568e-01,-2.515174281018410594e-03,2.311333866686761038e-03,6.041942833296707338e-01,-1.182940874657987694e-03,2.173628476139688982e-05,-3.953975179562795061e-05,6.809102960388530938e-06
5.456250000000000711e+00,6.056051397980333206e-01,-2.500769240180528152e-03,2.298291506974850171e-03,6.041869114867425283e-01,-1.176055358474609874e-03,2.149056300583833992e-05,-3.909206172131859198e-05,6.732168569833878858e-06
5.462500000000000355e+00,6.055895547942368173e-01,-2.486445483797023164e-03,2.285322771778227919e-03,6.041795825567179978e-01,-1.169208708809959217e-03,2.124762340394924267e-05,-3.864945292186443065e-05,6.656104120475423726e-06
5.468750000000000000e+00,6.055740590610994012e-01,-2.472202553015495977e-03,2.272427245226688389e-03,6.041722962973673505e-01,-1.162400706402219770e-03,2.100743437893277366e-05,-3.821186753348645174e-05,6.580899756581620601e-06
5.475000000000000533e+00,6.055586520948882390e-01,-2.458039991575376466e-03,2.259604513802760447e-03,6.041650524678271461e-01,-1.155631133228121523e-03,2.076996471356828413e-05,-3.777924835430922354e-05,6.506545734372239186e-06
5.481250000000001066e+00,6.055433333947140007e-01,-2.443957345793266057e-03,2.246854166328363794e-03,6.041578508285928573e-01,-1.148899772495946651e-03,2.053518354609831908e-05,-3.735153883674358441e-05,6.433032420742171477e-06
5.487500000000000711e+00,6.055281024625148723e-01,-2.429954164548352169e-03,2.234175793951530525e-03,6.041506911415108760e-01,-1.142206408638571542e-03,2.030306036616285232e-05,-3.692868307995744145e-05,6.360350291999803291e-06
5.493750000000000355e+00,6.055129588030407906e-01,-2.416029999267909397e-03,2.221568990133206047e-03,6.041435731697714084e-01,-1.135550827306548065e-03,2.007356501078027096e-05,-3.651062582243387459e-05,6.288489932619846345e-06
5.500000000000000000e+00,6.054979019238369009e-01,-2.402184403912888729e-03,2.209033350634131108e-03,6.041364966779001477e-01,-1.128932815361227780e-03,1.984666766037479436e-05,-3.609731243461590218e-05,6.217442034010507212e-06
5.506249999999999645e+00,6.054829313352286801e-01,-2.388416934963584395e-03,2.196568473501793635e-03,6.041294614317515022e-01,-1.122352160867922354e-03,1.962233883484945312e-05,-3.568868891163628213e-05,6.147197393294727186e-06
5.512500000000000178e+00,6.054680465503055053e-01,-2.374727151405378774e-03,2.184173959057454737e-03,6.041224671985003791e-01,-1.115808653089103014e-03,1.940054938970424894e-05,-3.528470186613162310e-05,6.077746912105384643e-06
5.518750000000000711e+00,6.054532470849053327e-01,-2.361114614714579681e-03,2.171849409883253642e-03,6.041155137466355241e-01,-1.109302082477641197e-03,1.918127051219907839e-05,-3.488529852114001327e-05,6.009081595394332835e-06
5.525000000000000355e+00,6.054385324575992655e-01,-2.347578888844322701e-03,2.159594430809381582e-03,6.041086008459511936e-01,-1.102832240670083676e-03,1.896447371756065505e-05,-3.449042670308076388e-05,5.941192550255019859e-06
5.531250000000000000e+00,6.054239021896757889e-01,-2.334119540210561131e-03,2.147408628901325070e-03,6.041017282675404942e-01,-1.096398920479964983e-03,1.875013084523303341e-05,-3.410003483481546105e-05,5.874070984758597624e-06
5.537500000000000533e+00,6.054093558051257817e-01,-2.320736137678135278e-03,2.135291613447191147e-03,6.040948957837878330e-01,-1.090001915891162989e-03,1.853821405517138237e-05,-3.371407192878968234e-05,5.807708206803385141e-06
5.543750000000001066e+00,6.053948928306270849e-01,-2.307428252546926337e-03,2.123242995945103309e-03,6.040881031683612568e-01,-1.083641022051289819e-03,1.832869582417836444e-05,-3.333248758025421918e-05,5.742095622977508255e-06
5.550000000000000711e+00,6.053805127955292908e-01,-2.294195458538078342e-03,2.111262390090664666e-03,6.040813501962059018e-01,-1.077316035265118337e-03,1.812154894228253793e-05,-3.295523196056459225e-05,5.677224737434518467e-06
5.556250000000000355e+00,6.053662152318388667e-01,-2.281037331780299496e-03,2.099349411764489613e-03,6.040746366435361114e-01,-1.071026752988045276e-03,1.791674650915835531e-05,-3.258225581055820927e-05,5.613087150781881571e-06
5.562500000000000000e+00,6.053519996742036113e-01,-2.267953450796249791e-03,2.087503679019818772e-03,6.040679622878288857e-01,-1.064772973819596213e-03,1.771426193058751701e-05,-3.221351043400852828e-05,5.549674558982234467e-06
5.568749999999999645e+00,6.053378656598984442e-01,-2.254943396488999757e-03,2.075724812070195088e-03,6.040613269078158876e-01,-1.058554497496962642e-03,1.751406891496082023e-05,-3.184894769115478299e-05,5.486978752267178062e-06
5.575000000000000178e+00,6.053238127288103065e-01,-2.242006752128564238e-03,2.064012433277210169e-03,6.040547302834774479e-01,-1.052371124888577857e-03,1.731614146982026552e-05,-3.148851999230670791e-05,5.424991614063499532e-06
5.581250000000000711e+00,6.053098404234229513e-01,-2.229143103338520737e-03,2.052366167138329131e-03,6.040481721960346828e-01,-1.046222657987729704e-03,1.712045389844097729e-05,-3.113218029152347698e-05,5.363705119931722299e-06
5.587500000000000355e+00,6.052959482888030651e-01,-2.216352038082694542e-03,2.040785640274775728e-03,6.040416524279427213e-01,-1.040108899906208454e-03,1.692698079645228436e-05,-3.077988208036560913e-05,5.303111336516750800e-06
5.593750000000000000e+00,6.052821358725850587e-01,-2.203633146651919322e-03,2.029270481419485558e-03,6.040351707628838218e-01,-1.034029654867987423e-03,1.673569704849762170e-05,-3.043157938171918667e-05,5.243202420510520240e-06
5.600000000000000533e+00,6.052684027249567444e-01,-2.190986021650880109e-03,2.017820321405135609e-03,6.040287269857603780e-01,-1.027984728202946093e-03,1.654657782493290104e-05,-3.008722674369179365e-05,5.183970617626557338e-06
5.606250000000001066e+00,6.052547483986451260e-01,-2.178410257985030022e-03,2.006434793152241883e-03,6.040223208826880352e-01,-1.021973926340625539e-03,1.635959857856283535e-05,-2.974677923357907651e-05,5.125408261586258912e-06
5.612500000000000711e+00,6.052411724489018541e-01,-2.165905452847576799e-03,1.995113531657318612e-03,6.040159522409888071e-01,-1.015997056804018774e-03,1.617473504141462418e-05,-2.941019243190096802e-05,5.067507773116741794e-06
5.618750000000000355e+00,6.052276744334889047e-01,-2.153471205706537425e-03,1.983856173981104250e-03,6.040096208491844143e-01,-1.010053928203394043e-03,1.599196322154870185e-05,-2.907742242650690378e-05,5.010261658960150550e-06
5.625000000000000000e+00,6.052142539126645904e-01,-2.141107118291882966e-03,1.972662359236862506e-03,6.040033264969891791e-01,-1.004144350230158026e-03,1.581125939990626376e-05,-2.874842580674949257e-05,4.953662510894339163e-06
5.631249999999999645e+00,6.052009104491693492e-01,-2.128812794582741509e-03,1.961531728578746244e-03,6.039970689753036970e-01,-9.982681336507513454e-04,1.563260012719286621e-05,-2.842315965772540718e-05,4.897703004764716612e-06
5.637500000000000178e+00,6.051876436082118671e-01,-2.116587840794678741e-03,1.950463925190223631e-03,6.039908480762078424e-01,-9.924250903005774668e-04,1.545596222079782169e-05,-2.810158155458289273e-05,4.842375899527168247e-06
5.643750000000000711e+00,6.051744529574547560e-01,-2.104431865367054847e-03,1.939458594272579087e-03,6.039846635929539964e-01,-9.866150330779693313e-04,1.528132276174908502e-05,-2.778364955689531640e-05,4.787674036301948788e-06
5.650000000000000355e+00,6.051613380670012310e-01,-2.092344478950447333e-03,1.928515383033472782e-03,6.039785153199609402e-01,-9.808377759381876459e-04,1.510865909170294228e-05,-2.746932220309953899e-05,4.733590337438352126e-06
5.656250000000000000e+00,6.051482985093807887e-01,-2.080325294394141065e-03,1.917633940675562152e-03,6.039724030528067500e-01,-9.750931338874501818e-04,1.493794880996828241e-05,-2.715855850499862700e-05,4.680117805590085067e-06
5.662500000000000533e+00,6.051353338595362175e-01,-2.068373926733699415e-03,1.906813918385198009e-03,6.039663265882225796e-01,-9.693809229770012975e-04,1.476916977056512790e-05,-2.685131794232828876e-05,4.627249522801227311e-06
5.668750000000001066e+00,6.051224436948091645e-01,-2.056489993178606084e-03,1.896054969321182230e-03,6.039602857240857769e-01,-9.637009602972134445e-04,1.460230007931690796e-05,-2.654756045738615360e-05,4.574978649602651426e-06
5.675000000000000711e+00,6.051096275949269243e-01,-2.044673113099965481e-03,1.885356748603585729e-03,6.039542802594140003e-01,-9.580530639717182734e-04,1.443731809097603353e-05,-2.624724644972294883e-05,4.523298424118739367e-06
5.681250000000000355e+00,6.050968851419893380e-01,-2.032922908018279431e-03,1.874718913302627797e-03,6.039483099943581124e-01,-9.524370531515727583e-04,1.427420240638243548e-05,-2.595033677089502556e-05,4.472202161184303187e-06
5.687500000000000000e+00,6.050842159204546933e-01,-2.021239001591297168e-03,1.864141122427628297e-03,6.039423747301961853e-01,-9.468527480094608836e-04,1.411293186965484911e-05,-2.565679271927779641e-05,4.421683251471644746e-06
5.693749999999999645e+00,6.050716195171270684e-01,-2.009621019601928217e-03,1.853623036916016023e-03,6.039364742693270616e-01,-9.412999697339252550e-04,1.395348556541421981e-05,-2.536657603493889244e-05,4.371735160627553650e-06
5.700000000000000178e+00,6.050590955211425648e-01,-1.998068589946224664e-03,1.843164319622399511e-03,6.039306084152640253e-01,-9.357785405236323205e-04,1.379584281603897072e-05,-2.507964889457058521e-05,4.322351428420173970e-06
5.706250000000000711e+00,6.050466435239564289e-01,-1.986581342621438016e-03,1.832764635307706363e-03,6.039247769726283632e-01,-9.302882835816716350e-04,1.363998317895184949e-05,-2.479597390648093880e-05,4.273525667895644880e-06
5.712500000000000355e+00,6.050342631193298404e-01,-1.975158909714134613e-03,1.822423650628377228e-03,6.039189797471433696e-01,-9.248290231098849415e-04,1.348588644393779165e-05,-2.451551410564258712e-05,4.225251564544343257e-06
5.718750000000000000e+00,6.050219539033172556e-01,-1.963800925388379560e-03,1.812141034125620701e-03,6.039132165456277956e-01,-9.194005843032265844e-04,1.333353263049253812e-05,-2.423823294879873000e-05,4.177522875476649469e-06
5.725000000000000533e+00,6.050097154742526406e-01,-1.952507025873992646e-03,1.801916456214735455e-03,6.039074871759899654e-01,-9.140027933441591604e-04,1.318290198520176613e-05,-2.396409430962582630e-05,4.130333428608165211e-06
5.731250000000001066e+00,6.049975474327375924e-01,-1.941276849454873655e-03,1.791749589174493947e-03,6.039017914472214477e-01,-9.086354773970809363e-04,1.303397497915026622e-05,-2.369306247395213018e-05,4.083677121854230062e-06
5.737500000000000711e+00,6.049854493816275713e-01,-1.930110036457382975e-03,1.781640107136579906e-03,6.038961291693910605e-01,-9.032984646027813471e-04,1.288673230536075174e-05,-2.342510213503128791e-05,4.037547922333618193e-06
5.743750000000000355e+00,6.049734209260200224e-01,-1.919006229238792455e-03,1.771587686075086314e-03,6.038905001536385431e-01,-8.979915840729290211e-04,1.274115487626203502e-05,-2.316017838887052428e-05,3.991939865581327113e-06
5.750000000000000000e+00,6.049614616732410521e-01,-1.907965072175806963e-03,1.761592003796080396e-03,6.038849042121686717e-01,-8.927146658845933058e-04,1.259722382118633642e-05,-2.289825672961295100e-05,3.946847054770395804e-06
5.756249999999999645e+00,6.049495712328334385e-01,-1.896986211653145342e-03,1.751652739927222167e-03,6.038793411582454862e-01,-8.874675410747950681e-04,1.245492048389520778e-05,-2.263930304497302471e-05,3.902263659942577723e-06
5.762500000000000178e+00,6.049377492165436410e-01,-1.886069296052187089e-03,1.741769575907442394e-03,6.038738108061858512e-01,-8.822500416350874180e-04,1.231422642013382136e-05,-2.238328361172470065e-05,3.858183917247806017e-06
5.768750000000000711e+00,6.049259952383094774e-01,-1.875213975739687105e-03,1.731942194976684524e-03,6.038683129713536824e-01,-8.770620005061708019e-04,1.217512339521336671e-05,-2.213016509124179402e-05,3.814602128192364956e-06
5.775000000000000355e+00,6.049143089142479113e-01,-1.864419903056549867e-03,1.722170282165698440e-03,6.038628474701541737e-01,-8.719032515725344415e-04,1.203759338162106423e-05,-2.187991452508965802e-05,3.771512658895616409e-06
5.781250000000000000e+00,6.049026898626423954e-01,-1.853686732306664316e-03,1.712453524285891676e-03,6.038574141200278023e-01,-8.667736296571284561e-04,1.190161855665757336e-05,-2.163249933066768377e-05,3.728909939355212737e-06
5.787500000000000533e+00,6.048911377039313253e-01,-1.843014119745809646e-03,1.702791609919245257e-03,6.038520127394444437e-01,-8.616729705160686191e-04,1.176718130010156020e-05,-2.138788729690225982e-05,3.686788462720725380e-06
5.793750000000001066e+00,6.048796520606949390e-01,-1.832401723570624419e-03,1.693184229408285476e-03,6.038466431478974883e-01,-8.566011108333714723e-04,1.163426419190101261e-05,-2.114604657998940494e-05,3.645142784575562516e-06
5.800000000000000711e+00,6.048682325576441032e-01,-1.821849203907630315e-03,1.683631074846107930e-03,6.038413051658985120e-01,-8.515578882157165451e-04,1.150285000989094720e-05,-2.090694569918637305e-05,3.603967522227064819e-06
5.806250000000000355e+00,6.048568788216076575e-01,-1.811356222802319206e-03,1.674131840066458380e-03,6.038359986149707259e-01,-8.465431411872376306e-04,1.137292172753726932e-05,-2.067055353265179643e-05,3.563257354004700539e-06
5.812500000000000000e+00,6.048455904815206452e-01,-1.800922444208310482e-03,1.664686220633876694e-03,6.038307233176440914e-01,-8.415567091843472380e-04,1.124446251170655734e-05,-2.043683931333398120e-05,3.523007018566305293e-06
5.818749999999999645e+00,6.048343671684127676e-01,-1.790547533976561074e-03,1.655293913833891760e-03,6.038254790974489916e-01,-8.365984325505884753e-04,1.111745572046134937e-05,-2.020577262490649758e-05,3.483211314212212374e-06
5.825000000000000178e+00,6.048232085153959492e-01,-1.780231159844639652e-03,1.645954618663272124e-03,6.038202657789110139e-01,-8.316681525315146881e-04,1.099188490088065806e-05,-1.997732339775060438e-05,3.443865098207215592e-06
5.831250000000000711e+00,6.048121141576530135e-01,-1.769972991426065892e-03,1.636668035820336691e-03,6.038150831875450653e-01,-8.267657112696016235e-04,1.086773378690554397e-05,-1.975146190498415868e-05,3.404963286110288798e-06
5.837500000000000355e+00,6.048010837324258038e-01,-1.759772700199702198e-03,1.627433867695314866e-03,6.038099311498498212e-01,-8.218909517991850738e-04,1.074498629720926308e-05,-1.952815875853612630e-05,3.366500851111929150e-06
5.843750000000000000e+00,6.047901168790037474e-01,-1.749629959499207242e-03,1.618251818360761773e-03,6.038048094933023968e-01,-8.170437180414268172e-04,1.062362653309180887e-05,-1.930738490526634081e-05,3.328472823379062248e-06
5.850000000000000533e+00,6.047792132387119768e-01,-1.739544444502553891e-03,1.609121593562031806e-03,6.037997180463524627e-01,-8.122238547993117837e-04,1.050363877639864733e-05,-1.908911162313013839e-05,3.290874289407440980e-06
5.856250000000001066e+00,6.047683724549002271e-01,-1.729515832221606127e-03,1.600042900707808122e-03,6.037946566384171376e-01,-8.074312077526739524e-04,1.038500748746326206e-05,-1.887331051738716704e-05,3.253700391381437267e-06
5.862500000000000711e+00,6.047575941729311788e-01,-1.719543801491750599e-03,1.591015448860679405e-03,6.037896250998748826e-01,-8.026656234532476191e-04,1.026771730307321472e-05,-1.865995351685376390e-05,3.216946326541115329e-06
5.868750000000000355e+00,6.047468780401688004e-01,-1.709628032961586080e-03,1.582038948727770844e-03,6.037846232620611708e-01,-7.979269493197458773e-04,1.015175303445947179e-05,-1.844901287019854811e-05,3.180607346556521245e-06
5.875000000000000000e+00,6.047362237059679124e-01,-1.699768209082677759e-03,1.573113112651435604e-03,6.037796509572617154e-01,-7.932150336329715171e-04,1.003709966530884341e-05,-1.824046114228080579e-05,3.144678756909146038e-06
5.881249999999999645e+00,6.047256308216619747e-01,-1.689964014099365952e-03,1.564237654599992490e-03,6.037747080187083615e-01,-7.885297255309522101e-04,9.923742349799112640e-06,-1.803427121053095903e-05,3.109155916280413206e-06
5.887500000000000178e+00,6.047150990405524285e-01,-1.680215134038629682e-03,1.555412290158517379e-03,6.037697942805727580e-01,-7.838708750041035577e-04,9.811666410656651630e-06,-1.783041626137273601e-05,3.074034235947150033e-06
5.893750000000000711e+00,6.047046280178975941e-01,-1.670521256700016176e-03,1.546636736519692345e-03,6.037649095779616948e-01,-7.792383328904217395e-04,9.700857337236330115e-06,-1.762886978668664915e-05,3.039309179183967306e-06
5.900000000000000355e+00,6.046942174109015689e-01,-1.660882071645617417e-03,1.537910712474699435e-03,6.037600537469114403e-01,-7.746319508707006632e-04,9.591300783623324722e-06,-1.742960558031407672e-05,3.004976260672435625e-06
5.906250000000000000e+00,6.046838668787030135e-01,-1.651297270190107188e-03,1.529233938404167157e-03,6.037552266243829679e-01,-7.700515814637755698e-04,9.482982566756656393e-06,-1.723259773460159204e-05,2.971031045916996044e-06
5.912500000000000533e+00,6.046735760823646055e-01,-1.641766545390835807e-03,1.520606136269173330e-03,6.037504280482558494e-01,-7.654970780217972134e-04,9.375888664574255992e-06,-1.703782063698521500e-05,2.937469150667552111e-06
5.918750000000001066e+00,6.046633446848619364e-01,-1.632289592037984701e-03,1.512027029602298249e-03,6.037456578573240362e-01,-7.609682947255311941e-04,9.270005214179261646e-06,-1.684524896661396257e-05,2.904286240348647590e-06
5.925000000000000711e+00,6.046531723510727430e-01,-1.622866106644768255e-03,1.503496343498725773e-03,6.037409158912903084e-01,-7.564650865796828782e-04,9.165318510027222539e-06,-1.665485769101219339e-05,2.871478029495129488e-06
5.931250000000000355e+00,6.046430587477661378e-01,-1.613495787437693556e-03,1.495013804607391895e-03,6.037362019907607236e-01,-7.519873094082482308e-04,9.061815002134061809e-06,-1.646662206278035347e-05,2.839040281194251922e-06
5.937500000000000000e+00,6.046330035435921735e-01,-1.604178334346880635e-03,1.486579141122193384e-03,6.037315159972401757e-01,-7.475348198498932718e-04,8.959481294304608775e-06,-1.628051761633384170e-05,2.806968806534158992e-06
5.943749999999999645e+00,6.046230064090708511e-01,-1.594913448996432585e-03,1.478192082773238485e-03,6.037268577531270664e-01,-7.431074753533592264e-04,8.858304142381324441e-06,-1.609652016467929739e-05,2.775259464058637389e-06
5.950000000000000178e+00,6.046130670165817955e-01,-1.585700834694859672e-03,1.469852360818149238e-03,6.037222271017080866e-01,-7.387051341728910958e-04,8.758270452513074571e-06,-1.591460579622799450e-05,2.743908159228088347e-06
5.956250000000000711e+00,6.046031850403539298e-01,-1.576540196425563721e-03,1.461559708033417348e-03,6.037176238871534428e-01,-7.343276553636972348e-04,8.659367279443758912e-06,-1.573475087164600734e-05,2.712910843886656671e-06
5.962500000000000355e+00,6.045933601564543736e-01,-1.567431240837369568e-03,1.453313858705802776e-03,6.037130479545115280e-01,-7.299748987774293133e-04,8.561581824820432339e-06,-1.555693202074047343e-05,2.682263515735415634e-06
5.968750000000000000e+00,6.045835920427790056e-01,-1.558373676235110059e-03,1.445114548623782852e-03,6.037084991497044806e-01,-7.256467250576891653e-04,8.464901435520789168e-06,-1.538112613938171630e-05,2.651962217811554794e-06
5.975000000000000533e+00,6.045738803790412508e-01,-1.549367212570269174e-03,1.436961515069052134e-03,6.037039773195227443e-01,-7.213429956355631775e-04,8.369313601999817532e-06,-1.520731038646084209e-05,2.622003037973521177e-06
5.981250000000001066e+00,6.045642248467625324e-01,-1.540411561431678268e-03,1.428854496808073431e-03,6.036994823116205167e-01,-7.170635727251820470e-04,8.274805956655362904e-06,-1.503546218088235581e-05,2.592382108392029136e-06
5.987500000000000711e+00,6.045546251292616136e-01,-1.531506436036260887e-03,1.420793234083670255e-03,6.036950139745106414e-01,-7.128083193193030919e-04,8.181366272212326358e-06,-1.486555919859125529e-05,2.563095605046852053e-06
5.993750000000000355e+00,6.045450809116443835e-01,-1.522651551219828111e-03,1.412777468606667836e-03,6.036905721575597239e-01,-7.085770991849177141e-04,8.088982460125341691e-06,-1.469757936963432319e-05,2.534139747229348876e-06
6.000000000000000000e+00,6.045355918807943096e-01,-1.513846623427933958e-03,1.404806943547586397e-03,6.036861567109838012e-01,-7.043697768588864016e-04,7.997642568999760324e-06,-1.453150087525534106e-05,2.505510797050681025e-06
6.006249999999999645e+00,6.045261577253620011e-01,-1.505091370706776541e-03,1.396881403528379322e-03,6.036817674858425686e-01,-7.001862176435969323e-04,7.907334783030662751e-06,-1.436730214502359168e-05,2.477205058955615058e-06
6.012500000000000178e+00,6.045167781357549952e-01,-1.496385512694151272e-03,1.389000594614215765e-03,6.036774043340358276e-01,-6.960262876026461053e-04,7.818047420459688177e-06,-1.420496185399539580e-05,2.449218879241867049e-06
6.018750000000000711e+00,6.045074528041285422e-01,-1.487728770610460220e-03,1.381164264305315310e-03,6.036730671082977118e-01,-6.918898535565486856e-04,7.729768932049568838e-06,-1.404445891990836630e-05,2.421548645584934043e-06
6.025000000000000355e+00,6.044981814243751694e-01,-1.479120867249765275e-03,1.373372161528825129e-03,6.036687556621923578e-01,-6.877767830784682493e-04,7.642487899576028495e-06,-1.388577250040779880e-05,2.394190786568326198e-06
6.031250000000000000e+00,6.044889636921150222e-01,-1.470561526970893358e-03,1.365624036630740069e-03,6.036644698501094641e-01,-6.836869444899714484e-04,7.556193034336921438e-06,-1.372888199030494802e-05,2.367141771219144124e-06
6.037500000000000533e+00,6.044797993046860940e-01,-1.462050475688595830e-03,1.357919641367875876e-03,6.036602095272592949e-01,-6.796202068568086207e-04,7.470873175678449367e-06,-1.357376701886691192e-05,2.340398108548964580e-06
6.043750000000001066e+00,6.044706879611346784e-01,-1.453587440864758436e-03,1.350258728899886643e-03,6.036559745496681284e-01,-6.755764399847194457e-04,7.386517289538233385e-06,-1.342040744713764951e-05,2.313956347099957021e-06
6.050000000000000711e+00,6.044616293622057102e-01,-1.445172151499656129e-03,1.342641053781323682e-03,6.036517647741734827e-01,-6.715555144152581153e-04,7.303114467004969196e-06,-1.326878336528970520e-05,2.287813074496153073e-06
6.056250000000000355e+00,6.044526232103327734e-01,-1.436804338123256466e-03,1.335066371953739280e-03,6.036475800584201190e-01,-6.675573014216442010e-04,7.220653922894549478e-06,-1.311887509000636708e-05,2.261964916999825732e-06
6.062500000000000000e+00,6.044436692096292196e-01,-1.428483732786580036e-03,1.327534440737841411e-03,6.036434202608546018e-01,-6.635816730046383482e-04,7.139124994342507727e-06,-1.297066316189399484e-05,2.236408539072941018e-06
6.068749999999999645e+00,6.044347670658780647e-01,-1.420210069053103171e-03,1.320045018825687045e-03,6.036392852407215237e-01,-6.596285018884398728e-04,7.058517139412499827e-06,-1.282412834292401582e-05,2.211140642943590612e-06
6.075000000000000178e+00,6.044259164865231071e-01,-1.411983081990210963e-03,1.312597866272922085e-03,6.036351748580586207e-01,-6.556976615166069076e-04,6.978819935720671720e-06,-1.267925161390428095e-05,2.186157968177357182e-06
6.081250000000000711e+00,6.044171171806591580e-01,-1.403802508160701236e-03,1.305192744491067694e-03,6.036310889736924423e-01,-6.517890260480031133e-04,6.900023079075798835e-06,-1.253601417197956371e-05,2.161457291253580224e-06
6.087500000000000355e+00,6.044083688590227155e-01,-1.395668085614333196e-03,1.297829416239846103e-03,6.036270274492335774e-01,-6.479024703527627108e-04,6.822116382134890636e-06,-1.239439742816066337e-05,2.137035425146424578e-06
6.093750000000000000e+00,6.043996712339831934e-01,-1.387579553879422041e-03,1.290507645619550208e-03,6.036229901470727688e-01,-6.440378700082802351e-04,6.745089773074151038e-06,-1.225438300488188550e-05,2.112889218910722398e-06
6.100000000000000533e+00,6.043910240195330408e-01,-1.379536653954486700e-03,1.283227198063460230e-03,6.036189769303760277e-01,-6.401951012952242486e-04,6.668933294275168473e-06,-1.211595273358664578e-05,2.089015557272540717e-06
6.106250000000001066e+00,6.043824269312791930e-01,-1.371539128299943981e-03,1.275987840330302650e-03,6.036149876630804156e-01,-6.363740411935732812e-04,6.593637101026099282e-06,-1.197908865234080214e-05,2.065411360224413624e-06
6.112500000000000711e+00,6.043738796864333018e-01,-1.363586720829847165e-03,1.268789340496749921e-03,6.036110222098897138e-01,-6.325745673786729124e-04,6.519191460237646238e-06,-1.184377300347331736e-05,2.042073582625166211e-06
6.118750000000000355e+00,6.043653820038031865e-01,-1.355679176903667972e-03,1.261631467949961369e-03,6.036070804362702047e-01,-6.287965582173147541e-04,6.445586749173690737e-06,-1.170998823124399280e-05,2.018999213804296817e-06
6.125000000000000000e+00,6.043569336037838413e-01,-1.347816243318134032e-03,1.254513993380170942e-03,6.036031622084460091e-01,-6.250398927638403700e-04,6.372813454196477859e-06,-1.157771697953809038e-05,1.996185277170873971e-06
6.131249999999999645e+00,6.043485342083482204e-01,-1.339997668299105832e-03,1.247436688773314629e-03,6.035992673933952002e-01,-6.213044507562649277e-04,6.300862169526084099e-06,-1.144694208958732263e-05,1.973628829826878975e-06
6.137500000000000178e+00,6.043401835410381340e-01,-1.332223201493500922e-03,1.240399327403698872e-03,6.035953958588452517e-01,-6.175901126124230768e-04,6.229723596014041566e-06,-1.131764659771702124e-05,1.951326962184942479e-06
6.143750000000000711e+00,6.043318813269561440e-01,-1.324492593961267570e-03,1.233401683826714510e-03,6.035915474732689301e-01,-6.138967594261390045e-04,6.159388539931009369e-06,-1.118981373311921623e-05,1.929276797590450471e-06
6.150000000000000355e+00,6.043236272927559050e-01,-1.316805598167397878e-03,1.226443533871586933e-03,6.035877221058800757e-01,-6.102242729634145980e-04,6.089847911768224538e-06,-1.106342691565119061e-05,1.907475491947929481e-06
6.156250000000000000e+00,6.043154211666341702e-01,-1.309161967973987515e-03,1.219524654634168747e-03,6.035839196266294948e-01,-6.065725356586401575e-04,6.021092725052643538e-06,-1.093846975365929004e-05,1.885920233351687696e-06
6.162500000000000533e+00,6.043072626783212442e-01,-1.301561458632343815e-03,1.212644824469775355e-03,6.035801399062005190e-01,-6.029414306108286372e-04,5.953114095175638006e-06,-1.081492604182778276e-05,1.864608241720670498e-06
6.168750000000001066e+00,6.042991515590733220e-01,-1.294003826775137452e-03,1.205803822986062845e-03,6.035763828160052302e-01,-5.993308415798702686e-04,5.885903238235059204e-06,-1.069277975905239014e-05,1.843536768437470261e-06
6.175000000000000711e+00,6.042910875416628302e-01,-1.286488830408596832e-03,1.199001431035940984e-03,6.035726482281799088e-01,-5.957406529828073501e-04,5.819451469890480618e-06,-1.057201506633814569e-05,1.822703095991432199e-06
6.181250000000000355e+00,6.042830703603706555e-01,-1.279016228904744559e-03,1.192237430710528078e-03,6.035689360155814809e-01,-5.921707498901298541e-04,5.753750204231502648e-06,-1.045261630472136920e-05,1.802104537625819828e-06
6.187500000000000000e+00,6.042750997509774846e-01,-1.271585782993682901e-03,1.185511605332149627e-03,6.035652460517829665e-01,-5.886210180220938009e-04,5.688790952659012663e-06,-1.033456799321556264e-05,1.781738436989011878e-06
6.193749999999999645e+00,6.042671754507549231e-01,-1.264197254755920676e-03,1.178823739447372324e-03,6.035615782110697047e-01,-5.850913437450602338e-04,5.624565322779182746e-06,-1.021785482678079102e-05,1.761602167789653371e-06
6.200000000000000178e+00,6.042592971984575012e-01,-1.256850407614742418e-03,1.172173618820079258e-03,6.035579323684350239e-01,-5.815816140678525164e-04,5.561065017310072976e-06,-1.010246167431636335e-05,1.741693133455730788e-06
6.206250000000000711e+00,6.042514647343142364e-01,-1.249545006328623515e-03,1.165561030424586749e-03,6.035543083995766889e-01,-5.780917166381386750e-04,5.498281833000755556e-06,-9.988373576676583469e-06,1.722008766797537235e-06
6.212500000000000355e+00,6.042436778000203068e-01,-1.242280816983685251e-03,1.158985762438796089e-03,6.035507061808926821e-01,-5.746215397388300047e-04,5.436207659562717527e-06,-9.875575744709186004e-06,1.702546529674456884e-06
6.218750000000000000e+00,6.042359361387285022e-01,-1.235057606986191903e-03,1.152447604237384540e-03,6.035471255894769849e-01,-5.711709722845008169e-04,5.374834478613455677e-06,-9.764053557316249298e-06,1.683303912665538822e-06
6.225000000000000533e+00,6.042282394950412305e-01,-1.227875145055093171e-03,1.145946346385037741e-03,6.035435665031162467e-01,-5.677399038178303041e-04,5.314154362632156911e-06,-9.653792559537417432e-06,1.664278434743831308e-06
6.231250000000001066e+00,6.042205876150026356e-01,-1.220733201214610833e-03,1.139481780629721802e-03,6.035400288002852331e-01,-5.643282245060646804e-04,5.254159473927287916e-06,-9.544778460655085832e-06,1.645467642954416925e-06
6.237500000000000711e+00,6.042129802460899368e-01,-1.213631546786861403e-03,1.133053699895988356e-03,6.035365123601433845e-01,-5.609358251374973190e-04,5.194842063615924687e-06,-9.436997132321242113e-06,1.626869112096101199e-06
6.243750000000000355e+00,6.042054171372054361e-01,-1.206569954384521066e-03,1.126661898278319071e-03,6.035330170625308188e-01,-5.575625971179686219e-04,5.136194470614723684e-06,-9.330434606705792768e-06,1.608480444406719741e-06
6.250000000000000000e+00,6.041978980386687459e-01,-1.199548197903538109e-03,1.120306171034511590e-03,6.035295427879641128e-01,-5.542084324673885506e-04,5.078209120642443977e-06,-9.225077074666169011e-06,1.590299269252037447e-06
6.256249999999999645e+00,6.041904227022085738e-01,-1.192566052515881122e-03,1.113986314579099935e-03,6.035260894176333046e-01,-5.508732238162763941e-04,5.020878525233800993e-06,-9.120910883937859422e-06,1.572323242818176012e-06
6.262500000000000178e+00,6.041829908809550620e-01,-1.185623294662329491e-03,1.107702126476811785e-03,6.035226568333972308e-01,-5.475568644023208129e-04,4.964195280764577334e-06,-9.017922537345681344e-06,1.554550047807537355e-06
6.268750000000000711e+00,6.041756023294312383e-01,-1.178719702045307035e-03,1.101453405436066731e-03,6.035192449177803065e-01,-5.442592480669608069e-04,4.908152067487872926e-06,-8.916098691035597912e-06,1.536977393138195869e-06
6.275000000000000355e+00,6.041682568035458001e-01,-1.171855053621753164e-03,1.095239951302506192e-03,6.035158535539683067e-01,-5.409802692519835978e-04,4.852741648581302219e-06,-8.815426152726724956e-06,1.519603013646694673e-06
6.281250000000000000e+00,6.041609540605852313e-01,-1.165029129596033275e-03,1.089061565052562141e-03,6.035124826258051467e-01,-5.377198229961421350e-04,4.797956869205059671e-06,-8.715891879983365159e-06,1.502424669794222798e-06
6.287500000000000533e+00,6.041536938592054762e-01,-1.158241711412892096e-03,1.082918048787063353e-03,6.035091320177888852e-01,-5.344778049317936352e-04,4.743790655570748472e-06,-8.617482978506900044e-06,1.485440147376140488e-06
6.293750000000001066e+00,6.041464759594249445e-01,-1.151492581750449950e-03,1.076809205724879375e-03,6.035058016150677274e-01,-5.312541112815565535e-04,4.690236014020829377e-06,-8.520186700447231494e-06,1.468647257234808982e-06
6.300000000000000711e+00,6.041393001226161852e-01,-1.144781524513231339e-03,1.070734840196597027e-03,6.035024913034370275e-01,-5.280486388549855518e-04,4.637286030118527002e-06,-8.423990442733527142e-06,1.452043834975672697e-06
6.306250000000000355e+00,6.041321661114986696e-01,-1.138108324825234724e-03,1.064694757638231376e-03,6.034992009693349591e-01,-5.248612850452646830e-04,4.584933867748107189e-06,-8.328881745424074830e-06,1.435627740686571137e-06
6.312500000000000000e+00,6.041250736901311313e-01,-1.131472769023046752e-03,1.058688764584979651e-03,6.034959304998394058e-01,-5.216919478259219320e-04,4.533172768225456840e-06,-8.234848290075102138e-06,1.419396858660251332e-06
6.318749999999999645e+00,6.041180226239039053e-01,-1.124874644648989888e-03,1.052716668665003557e-03,6.034926797826639655e-01,-5.185405257475598053e-04,4.481996049418757836e-06,-8.141877898128225546e-06,1.403349097120026775e-06
6.325000000000000178e+00,6.041110126795311563e-01,-1.118313740444310585e-03,1.046778278593249760e-03,6.034894487061545076e-01,-5.154069179346059760e-04,4.431397104879188984e-06,-8.049958529316363231e-06,1.387482387948552186e-06
6.331250000000000711e+00,6.041040436250439960e-01,-1.111789846342408445e-03,1.040873404165307010e-03,6.034862371592857322e-01,-5.122910240820822535e-04,4.381369402981561114e-06,-7.959078280087950546e-06,1.371794686419692261e-06
6.337500000000000355e+00,6.040971152297827107e-01,-1.105302753462099417e-03,1.035001856251295147e-03,6.034830450316572836e-01,-5.091927444523913337e-04,4.331906486074708307e-06,-7.869225382049131233e-06,1.356283970933424929e-06
6.343750000000000000e+00,6.040902272643893234e-01,-1.098852254100917596e-03,1.029163446789787715e-03,6.034798722134904203e-01,-5.061119798721204618e-04,4.283001969641557319e-06,-7.780388200423788846e-06,1.340948242753757496e-06
6.350000000000000533e+00,6.040833795008003770e-01,-1.092438141728457142e-03,1.023357988781773168e-03,6.034767185956246838e-01,-5.030486317288658049e-04,4.234649541468802356e-06,-7.692555232531248972e-06,1.325785525749630916e-06
6.356250000000001066e+00,6.040765717122394962e-01,-1.086060210979754520e-03,1.017585296284649696e-03,6.034735840695139020e-01,-5.000026019680742792e-04,4.186842960826026814e-06,-7.605715106281410004e-06,1.310793866138766438e-06
6.362500000000000711e+00,6.040698036732102816e-01,-1.079718257648700679e-03,1.011845184406251919e-03,6.034704685272233027e-01,-4.969737930899019657e-04,4.139576057654163550e-06,-7.519856578687050896e-06,1.295971332234416519e-06
6.368750000000000355e+00,6.040630751594890935e-01,-1.073412078681494197e-03,1.006137469298909893e-03,6.034673718614255167e-01,-4.939621081460900901e-04,4.092842731763187817e-06,-7.434968534393160044e-06,1.281316014194991201e-06
6.375000000000000000e+00,6.040563859481176134e-01,-1.067141472170133687e-03,1.000461968153546930e-03,6.034642939653974691e-01,-4.909674507368609522e-04,4.046636952038990341e-06,-7.351039984223161624e-06,1.266826023776540478e-06
6.381249999999999645e+00,6.040497358173959608e-01,-1.060906237345944679e-03,9.948184991938073454e-04,6.034612347330170490e-01,-4.879897250078293587e-04,4.000952755659256898e-06,-7.268060063741720068e-06,1.252499494088041812e-06
6.387500000000000178e+00,6.040431245468756982e-01,-1.054706174573140972e-03,9.892068816702184568e-04,6.034581940587591120e-01,-4.850288356469323802e-04,3.955784247318272230e-06,-7.186018031834002377e-06,1.238334579349465716e-06
6.393750000000000711e+00,6.040365519173523934e-01,-1.048541085342429360e-03,9.836269358543862050e-04,6.034551718376931495e-01,-4.820846878813774298e-04,3.911125598460589011e-06,-7.104903269301228044e-06,1.224329454652598847e-06
6.400000000000000355e+00,6.040300177108587354e-01,-1.042410772264642984e-03,9.780784830332237261e-04,6.034521679654787363e-01,-4.791571874746057926e-04,3.866971046523382286e-06,-7.024705277472243137e-06,1.210482315724574645e-06
6.406250000000000000e+00,6.040235217106577625e-01,-1.036315039064412188e-03,9.725613455032084418e-04,6.034491823383629772e-01,-4.762462407232733938e-04,3.823314894187441953e-06,-6.945413676830963548e-06,1.196791378694089483e-06
6.412500000000000533e+00,6.040170637012357568e-01,-1.030253690573873764e-03,9.670753465646781798e-04,6.034462148531770653e-01,-4.733517544542505400e-04,3.780151508636707568e-06,-6.867018205659578135e-06,1.183254879860282317e-06
6.418750000000001066e+00,6.040106434682951386e-01,-1.024226532726417926e-03,9.616203105161580866e-04,6.034432654073326185e-01,-4.704736360216382491e-04,3.737475320826248079e-06,-6.789508718697261040e-06,1.169871075464239927e-06
6.425000000000000711e+00,6.040042607987482493e-01,-1.018233372550463468e-03,9.561960626487163786e-04,6.034403338988190146e-01,-4.676117933038000303e-04,3.695280824758539085e-06,-6.712875185814185657e-06,1.156638241463089414e-06
6.431250000000000355e+00,6.039979154807096906e-01,-1.012274018163271741e-03,9.508024292403531629e-04,6.034374202261995057e-01,-4.647661347004107394e-04,3.653562576767989773e-06,-6.637107690700702179e-06,1.143554673306656582e-06
6.437500000000000000e+00,6.039916073034901078e-01,-1.006348278764797712e-03,9.454392375504241681e-04,6.034345242886082206e-01,-4.619365691295239211e-04,3.612315194813640764e-06,-6.562196429571556764e-06,1.130618685716670067e-06
6.443749999999999645e+00,6.039853360575891950e-01,-1.000455964631573108e-03,9.401063158140928822e-04,6.034316459857469450e-01,-4.591230060246539492e-04,3.571533357779891406e-06,-6.488131709884894807e-06,1.117828612468466122e-06
6.450000000000000178e+00,6.039791015346893666e-01,-9.945968871106238268e-04,9.348034932368148907e-04,6.034287852178821243e-01,-4.563253553318753525e-04,3.531211804785187901e-06,-6.414903949075895013e-06,1.105182806175171616e-06
6.456250000000000711e+00,6.039729035276483193e-01,-9.887708586134257276e-04,9.295305999888559337e-04,6.034259418858410884e-01,-4.535435275069396501e-04,3.491345334498603669e-06,-6.342503673304944493e-06,1.092679638074346383e-06
6.462500000000000355e+00,6.039667418304932589e-01,-9.829776926098894758e-04,9.242874671998373929e-04,6.034231158910094983e-01,-4.507774335124066067e-04,3.451928804464169631e-06,-6.270921516220055011e-06,1.080317497817037288e-06
6.468750000000000000e+00,6.039606162384136834e-01,-9.772172036223805182e-04,9.190739269533127875e-04,6.034203071353277936e-01,-4.480269848147919675e-04,3.412957130432896836e-06,-6.200148217733438245e-06,1.068094793259229404e-06
6.475000000000000533e+00,6.039545265477551661e-01,-9.714892072197745107e-04,9.138898122813779879e-04,6.034175155212884167e-01,-4.452920933817329204e-04,3.374425285702421941e-06,-6.130174622812106216e-06,1.056009950255671834e-06
6.481250000000001066e+00,6.039484725560126943e-01,-9.657935200115481999e-04,9.087349571593120049e-04,6.034147409519320382e-01,-4.425726716791692243e-04,3.336328300464169706e-06,-6.060991680282291906e-06,1.044061412456043895e-06
6.487500000000000711e+00,6.039424540618242299e-01,-9.601299596418992523e-04,9.036091965002450996e-04,6.034119833308451142e-01,-4.398686326685394082e-04,3.298661261157922352e-06,-5.992590441647495245e-06,1.032247641103428825e-06
6.493750000000000355e+00,6.039364708649640479e-01,-9.544983447838998030e-04,8.985123661498572523e-04,6.034092425621566669e-01,-4.371798898039922572e-04,3.261419309833734397e-06,-5.924962059920040976e-06,1.020567114835075753e-06
6.500000000000000000e+00,6.039305227663369635e-01,-9.488984951336866492e-04,8.934443028811100236e-04,6.034065185505349538e-01,-4.345063570296165681e-04,3.224597643521134939e-06,-5.858097788466036571e-06,1.009018329485431503e-06
6.506249999999999645e+00,6.039246095679710047e-01,-9.433302314046814775e-04,8.884048443890062803e-04,6.034038112011844701e-01,-4.318479487766845645e-04,3.188191513605486519e-06,-5.791988979863489660e-06,9.975997978914028533e-07
6.512500000000000178e+00,6.039187310730118607e-01,-9.377933753218437246e-04,8.833938292853782187e-04,6.034011204198431733e-01,-4.292045799609115224e-04,3.152196225211440004e-06,-5.726627084773473150e-06,9.863100496998278470e-07
6.518750000000000711e+00,6.039128870857163323e-01,-9.322877496159587838e-04,8.784110970937092150e-04,6.033984461127790411e-01,-4.265761659797317660e-04,3.116607136593423653e-06,-5.662003650824229619e-06,9.751476311771405059e-07
6.525000000000000355e+00,6.039070774114456697e-01,-9.268131780179547250e-04,8.734564882439799617e-04,6.033957881867877404e-01,-4.239626227095889214e-04,3.081419658533043972e-06,-5.598110321507971044e-06,9.641111050211863654e-07
6.531250000000000000e+00,6.039013018566602442e-01,-9.213694852532514339e-04,8.685298440675459381e-04,6.033931465491888524e-01,-4.213638665032409694e-04,3.046629253743339069e-06,-5.534938835090289999e-06,9.531990501751764526e-07
6.537500000000000533e+00,6.038955602289123314e-01,-9.159564970361440102e-04,8.636310067920440446e-04,6.033905211078234299e-01,-4.187798141870826456e-04,3.012231436279831140e-06,-5.472481023532062896e-06,9.424100616437566229e-07
6.543750000000001066e+00,6.038898523368406712e-01,-9.105740400642190185e-04,8.587598195363307886e-04,6.033879117710507778e-01,-4.162103830584823146e-04,2.978221770958277713e-06,-5.410728811423662308e-06,9.317427503111662092e-07
6.550000000000000711e+00,6.038841779901638063e-01,-9.052219420127978434e-04,8.539161263054441051e-04,6.033853184477457887e-01,-4.136554908831331558e-04,2.944595872779026364e-06,-5.349674214931317443e-06,9.211957427614531615e-07
6.556250000000000355e+00,6.038785369996747532e-01,-8.999000315294128968e-04,8.490997719855956439e-04,6.033827410472956121e-01,-4.111150558924189314e-04,2.911349406357916997e-06,-5.289309340755501629e-06,9.107676811007303235e-07
6.562500000000000000e+00,6.038729291772340080e-01,-8.946081382283177594e-04,8.443106023391930889e-04,6.033801794795973228e-01,-4.085889967807969391e-04,2.878478085363680868e-06,-5.229626385101258739e-06,9.004572227814561187e-07
6.568749999999999645e+00,6.038673543357642171e-01,-8.893460926850257301e-04,8.395484639998896910e-04,6.033776336550545905e-01,-4.060772327031936507e-04,2.845977671961721149e-06,-5.170617632660261018e-06,8.902630404287032224e-07
6.575000000000000178e+00,6.038618122892437379e-01,-8.841137264308790563e-04,8.348132044676603641e-04,6.033751034845747929e-01,-4.035796832724160158e-04,2.813843976264214907e-06,-5.112275455604483964e-06,8.801838216683984910e-07
6.581250000000000711e+00,6.038563028527009768e-01,-8.789108719476524268e-04,8.301046721039094392e-04,6.033725888795663517e-01,-4.010962685565781631e-04,2.782072855786492442e-06,-5.054592312591405943e-06,8.702182689575182673e-07
6.587500000000000355e+00,6.038508258422086161e-01,-8.737373626621821590e-04,8.254227161266022720e-04,6.033700897519360673e-01,-3.986269090765414357e-04,2.750660214909571161e-06,-4.997560747780530096e-06,8.603650994162023212e-07
6.593750000000000000e+00,6.038453810748770634e-01,-8.685930329410270455e-04,8.207671866054243879e-04,6.033676060140858999e-01,-3.961715258033684682e-04,2.719602004348802917e-06,-4.941173389861127727e-06,8.506230446617737197e-07
6.600000000000000533e+00,6.038399683688492336e-01,-8.634777180851608593e-04,8.161379344569713113e-04,6.033651375789101934e-01,-3.937300401557935797e-04,2.688894220628583144e-06,-4.885422951091120190e-06,8.409908506446468404e-07
6.606250000000001066e+00,6.038345875432946652e-01,-8.583912543246961921e-04,8.115348114399647400e-04,6.033626843597933442e-01,-3.913023739977072087e-04,2.658532905563028597e-06,-4.830302226346929842e-06,8.314672774860973744e-07
6.612500000000000711e+00,6.038292384184030803e-01,-8.533334788136344223e-04,8.069576701504940905e-04,6.033602462706065817e-01,-3.888884496356534654e-04,2.628514145742544099e-06,-4.775804092184140830e-06,8.220510993178668966e-07
6.618750000000000355e+00,6.038239208153797222e-01,-8.483042296246452816e-04,8.024063640172842803e-04,6.033578232257051921e-01,-3.864881898163415085e-04,2.598834072026227461e-06,-4.721921505908890102e-06,8.127411041235877103e-07
6.625000000000000000e+00,6.038186345564384716e-01,-8.433033457438801400e-04,7.978807472969943028e-04,6.033554151399260768e-01,-3.841015177241733475e-04,2.569488859040065987e-06,-4.668647504659887818e-06,8.035360935820127190e-07
6.631249999999999645e+00,6.038133794647971841e-01,-8.383306670658110952e-04,7.933806750695390026e-04,6.033530219285849761e-01,-3.817283569787836795e-04,2.540474724680817840e-06,-4.615975204500892707e-06,7.944348829120193020e-07
6.637500000000000178e+00,6.038081553646710287e-01,-8.333860343880994436e-04,7.889060032334383908e-04,6.033506435074734719e-01,-3.793686316325942001e-04,2.511787929625538463e-06,-4.563897799523533913e-06,7.854363007193698315e-07
6.643750000000000711e+00,6.038029620812680465e-01,-8.284692894064961356e-04,7.844565885011948233e-04,6.033482797928565455e-01,-3.770222661683828220e-04,2.483424776846692757e-06,-4.512408560960407370e-06,7.765391888452173948e-07
6.650000000000000355e+00,6.037977994407821569e-01,-8.235802747097672755e-04,7.800322883946937073e-04,6.033459307014698014e-01,-3.746891854968651997e-04,2.455381611132762807e-06,-4.461500836308256084e-06,7.677424022163216757e-07
6.656250000000000000e+00,6.037926672703888276e-01,-8.187188337746482449e-04,7.756329612406304445e-04,6.033435961505168033e-01,-3.723693149542899147e-04,2.427654818614302457e-06,-4.411168048461149657e-06,7.590448086969653608e-07
6.662500000000000533e+00,6.037875653982389679e-01,-8.138848109608295923e-04,7.712584661659657812e-04,6.033412760576664091e-01,-3.700625803000485688e-04,2.400240826295395524e-06,-4.361403694853590178e-06,7.504452889425537063e-07
6.668750000000001066e+00,6.037824936534532672e-01,-8.090780515059704629e-04,7.669086630934062029e-04,6.033389703410504401e-01,-3.677689077142995921e-04,2.373136101590436781e-06,-4.312201346613385255e-06,7.419427362548757711e-07
6.675000000000000711e+00,6.037774518661171985e-01,-8.042984015207383730e-04,7.625834127369082900e-04,6.033366789192603497e-01,-3.654882237956040862e-04,2.346337151866165377e-06,-4.263554647724163672e-06,7.335360564390010592e-07
6.681250000000000355e+00,6.037724398672750237e-01,-7.995457079838758736e-04,7.582825765972081187e-04,6.033344017113453361e-01,-3.632204555585752739e-04,2.319840523988897351e-06,-4.215457314197442189e-06,7.252241676617998183e-07
6.687500000000000000e+00,6.037674574889251300e-01,-7.948198187372998479e-04,7.540060169573793930e-04,6.033321386368094563e-01,-3.609655304315426941e-04,2.293642803876928863e-06,-4.167903133254171481e-06,7.170060003120735481e-07
6.693749999999999645e+00,6.037625045640138133e-01,-7.901205824812245534e-04,7.497535968784136947e-04,6.033298896156088498e-01,-3.587233762542286477e-04,2.267740616058005095e-06,-4.120885962515586745e-06,7.088804968622669190e-07
6.700000000000000178e+00,6.037575809264306148e-01,-7.854478487693126358e-04,7.455251801948266453e-04,6.033276545681496295e-01,-3.564939212754374381e-04,2.242130623231818423e-06,-4.074399729203294345e-06,7.008466117317476544e-07
6.706250000000000711e+00,6.037526864110023261e-01,-7.808014680038568266e-04,7.413206315102903064e-04,6.033254334152848841e-01,-3.542770941507594642e-04,2.216809525837494754e-06,-4.028438429348498794e-06,6.929033111516414604e-07
6.712500000000000355e+00,6.037478208534885482e-01,-7.761812914309841908e-04,7.371398161932884562e-04,6.033232260783125689e-01,-3.520728239402865357e-04,2.191774061625973606e-06,-3.982996127010219297e-06,6.850495730311937314e-07
6.718750000000000000e+00,6.037429840905755851e-01,-7.715871711358891077e-04,7.329826003727957185e-04,6.033210324789723966e-01,-3.498810401063399815e-04,2.167021005237245065e-06,-3.938066953502423856e-06,6.772843868256467044e-07
6.725000000000000533e+00,6.037381759598718922e-01,-7.670189600380942227e-04,7.288488509339834717e-04,6.033188525394440616e-01,-3.477016725112133948e-04,2.142547167782408064e-06,-3.893645106629997076e-06,6.696067534056191431e-07
6.737500000000000711e+00,6.037286449501038099e-01,-7.579596812560860470e-04,7.206512224976515920e-04,6.033145333307241565e-01,-3.433799074730901554e-04,2.094424574016290778e-06,-3.806300511988064076e-06,6.545102047132702466e-07
6.750000000000000000e+00,6.037192265432907989e-01,-7.490022949490967447e-04,7.125458809277515106e-04,6.033102678382866735e-01,-3.391069756386134526e-04,2.047381483036413457e-06,-3.720917226805376547e-06,6.397521573503139646e-07
6.762500000000000178e+00,6.037099194729598217e-01,-7.401456540318463633e-04,7.045317880962526395e-04,6.033060554551413768e-01,-3.348823300777467615e-04,2.001393655145169563e-06,-3.637451151251861273e-06,6.253250162500834878e-07
6.775000000000000355e+00,6.037007224868955468e-01,-7.313886243224247295e-04,6.966079175702466920e-04,6.033018955810960371e-01,-3.307054300475959353e-04,1.956437395660176038e-06,-3.555859178940888494e-06,6.112213569514941709e-07
6.787500000000000533e+00,6.036916343469798107e-01,-7.227300843969248741e-04,6.887732544802352246e-04,6.032977876226791603e-01,-3.265757409231688567e-04,1.912489542636982197e-06,-3.476099174492574461e-06,5.974339217613655232e-07
6.800000000000000711e+00,6.036826538290337441e-01,-7.141689254457158796e-04,6.810267953899094753e-04,6.032937309930642700e-01,-3.224927341289215684e-04,1.869527454869064818e-06,-3.398129951605618853e-06,5.839556160032523697e-07
6.812500000000000000e+00,6.036737797226598978e-01,-7.057040511313353087e-04,6.733675481674001630e-04,6.032897251119947457e-01,-3.184558870710808018e-04,1.827529000158803463e-06,-3.321911251626066784e-06,5.707795043508263101e-07
6.825000000000000178e+00,6.036650108310882556e-01,-6.973343774479785545e-04,6.657945318579801177e-04,6.032857694057091047e-01,-3.144646830707322231e-04,1.786472543853288704e-06,-3.247403722601648962e-06,5.578988072438905373e-07
6.837500000000000355e+00,6.036563459710223567e-01,-6.890588325825757875e-04,6.583067765582092251e-04,6.032818633068680603e-01,-3.105186112976703310e-04,1.746336937639001615e-06,-3.174568898810736848e-06,5.453068973851745983e-07
6.850000000000000533e+00,6.036477839724879724e-01,-6.808763567774276607e-04,6.509033232914964232e-04,6.032780062544811361e-01,-3.066171667049960754e-04,1.707101508589441438e-06,-3.103369180754995848e-06,5.329972963160664862e-07
6.862500000000000711e+00,6.036393236786832261e-01,-6.727859021943914230e-04,6.435832238850696437e-04,6.032741976938352790e-01,-3.027598499644578584e-04,1.668746048460018268e-06,-3.033767815605262535e-06,5.209636710695112326e-07
6.875000000000000000e+00,6.036309639458302678e-01,-6.647864327805945656e-04,6.363455408483359183e-04,6.032704370764239155e-01,-2.989461674025257272e-04,1.631250803224591527e-06,-2.965728878090315074e-06,5.091998308983276204e-07
6.887500000000000178e+00,6.036227036430291681e-01,-6.568769241356588705e-04,6.291893472526120237e-04,6.032667238598757864e-01,-2.951756309371905197e-04,1.594596462848171600e-06,-2.899217251818426657e-06,4.976997240772363497e-07
6.900000000000000355e+00,6.036145416521127016e-01,-6.490563633804244522e-04,6.221137266122199212e-04,6.032630575078866686e-01,-2.914477580154821055e-04,1.558764151290473948e-06,-2.834198611021933969e-06,4.864574347769460388e-07
6.912500000000000533e+00,6.036064768675032388e-01,-6.413237490271460383e-04,6.151177727669188003e-04,6.032594374901494305e-01,-2.877620715516949622e-04,1.523735416735046356e-06,-2.770639402715103530e-06,4.754671800086536555e-07
6.925000000000000711e+00,6.035985081960715259e-01,-6.336780908511534640e-04,6.082005897656687400e-04,6.032558632822871969e-01,-2.841180998663162590e-04,1.489492222038902151e-06,-2.708506829255968364e-06,4.647233066373803516e-07
6.937500000000000000e+00,6.035906345569960196e-01,-6.261184097639569757e-04,6.013612917517067958e-04,6.032523343657851811e-01,-2.805153766256473970e-04,1.456016935397653418e-06,-2.647768831302920998e-06,4.542202884625853251e-07
6.950000000000000178e+00,6.035828548816251082e-01,-6.186437376877778260e-04,5.945990028489180589e-04,6.032488502279249598e-01,-2.769534407821104939e-04,1.423292321221254519e-06,-2.588394071157076175e-06,4.439527233645338433e-07
6.962500000000000355e+00,6.035751681133397772e-01,-6.112531174314970051e-04,5.879128570494960475e-04,6.032454103617183039e-01,-2.734318365152349885e-04,1.391301531215623532e-06,-2.530351916481685202e-06,4.339153305149460676e-07
6.975000000000000533e+00,6.035675732074187172e-01,-6.039456025679951125e-04,5.813019981028661951e-04,6.032420142658424522e-01,-2.699501131733128187e-04,1.360028095665437826e-06,-2.473612424389957966e-06,4.241029476504606238e-07
6.987500000000000711e+00,6.035600691309040977e-01,-5.967202573128743692e-04,5.747655794058666862e-04,6.032386614445757189e-01,-2.665078252157179447e-04,1.329455914913581675e-06,-2.418146325892976856e-06,4.145105284075061019e-07
7.000000000000000000e+00,6.035526548624695620e-01,-5.895761564045473753e-04,5.683027638941694042e-04,6.032353514077342105e-01,-2.631045321558811087e-04,1.299569251032790305e-06,-2.363925010699502066e-06,4.051331397171897647e-07
7.012500000000000178e+00,6.035453293922895535e-01,-5.825123849856709288e-04,5.619127239349250508e-04,6.032320836706085432e-01,-2.597397985049125697e-04,1.270352719685124988e-06,-2.310920512359651937e-06,3.959659592588462512e-07
7.025000000000000355e+00,6.035380917219095309e-01,-5.755280384859208943e-04,5.555946412206248493e-04,6.032288577539021146e-01,-2.564131937158677685e-04,1.241791282165066865e-06,-2.259105493744705882e-06,3.870042729709318410e-07
7.037500000000000533e+00,6.035309408641186257e-01,-5.686222225060801484e-04,5.493477066641569298e-04,6.032256731836698194e-01,-2.531242921286449752e-04,1.213870237622031207e-06,-2.208453232855317224e-06,3.782434726179567239e-07
7.050000000000000711e+00,6.035238758428228545e-01,-5.617940527034342903e-04,5.431711202950499163e-04,6.032225294912565428e-01,-2.498726729155109063e-04,1.186575215458274029e-06,-2.158937608950735442e-06,3.696790534122005020e-07
7.062500000000000000e+00,6.035168956929203299e-01,-5.550426546784559267e-04,5.370640911568881019e-04,6.032194262132379858e-01,-2.466579200272466682e-04,1.159892167898217843e-06,-2.110533088991726627e-06,3.613066116889719794e-07
7.075000000000000178e+00,6.035099994601775819e-01,-5.483671638627624599e-04,5.310258372058834688e-04,6.032163628913608244e-01,-2.434796221399051900e-04,1.133807362725305286e-06,-2.063214714390058048e-06,3.531218426342009768e-07
7.087500000000000355e+00,6.035031862011072112e-01,-5.417667254083391405e-04,5.250555852105970702e-04,6.032133390724838673e-01,-2.403373726021775457e-04,1.108307376182625293e-06,-2.016958088057629080e-06,3.451205380631914658e-07
7.100000000000000533e+00,6.034964549828476521e-01,-5.352404940780035314e-04,5.191525706527888497e-04,6.032103543085202135e-01,-2.372307693833563993e-04,1.083379086033567516e-06,-1.971739361748388401e-06,3.372985842493693929e-07
7.112500000000000711e+00,6.034898048830428241e-01,-5.287876341371047697e-04,5.133160376293891772e-04,6.032074081563798540e-01,-2.341594150218933494e-04,1.059009664778918637e-06,-1.927535223686435656e-06,3.296519598019062111e-07
7.125000000000000000e+00,6.034832349897247816e-01,-5.224073192464413632e-04,5.075452387555775711e-04,6.032045001779124949e-01,-2.311229165745427730e-04,1.035186573026851318e-06,-1.884322886473797317e-06,3.221767335911125810e-07
7.137500000000000178e+00,6.034767444011965853e-01,-5.160987323563813673e-04,5.018394350689540798e-04,6.032016299398519354e-01,-2.281208855660839556e-04,1.011897553012342030e-06,-1.842080075271518895e-06,3.148690627205224342e-07
7.150000000000000355e+00,6.034703322259168390e-01,-5.098610656021782201e-04,4.961978959347966003e-04,6.031987970137600019e-01,-2.251529379396190406e-04,9.891306222626684077e-07,-1.800785016247912402e-06,3.077251905446223182e-07
7.162500000000000533e+00,6.034639975823857805e-01,-5.036935202004591420e-04,4.906198989523844010e-04,6.031960009759721464e-01,-2.222186940074354154e-04,9.668740674056466834e-07,-1.760416425287842216e-06,3.007414447311850207e-07
7.175000000000000711e+00,6.034577395990319282e-01,-4.975953063468808958e-04,4.851047298623815062e-04,6.031932414075426019e-01,-2.193177784024301466e-04,9.451164381174111326e-07,-1.720953496957169879e-06,2.939142353672112549e-07
7.187500000000000000e+00,6.034515574141010585e-01,-4.915656431149363192e-04,4.796516824552661735e-04,6.031905178941909806e-01,-2.164498200300884979e-04,9.238465412065747161e-07,-1.682375893716557989e-06,2.872400531074917668e-07
7.200000000000000178e+00,6.034454501755452949e-01,-4.856037583558964503e-04,4.742600584807925854e-04,6.031878300262493164e-01,-2.136144520210099421e-04,9.030534348316784031e-07,-1.644663735378963342e-06,2.807154673648275817e-07
7.212500000000000355e+00,6.034394170409144165e-01,-4.797088885998832051e-04,4.689291675584785759e-04,6.031851773986092180e-01,-2.108113116839780636e-04,8.827264228489445499e-07,-1.607797588805333538e-06,2.743371245409754356e-07
7.225000000000000533e+00,6.034334571772479450e-01,-4.738802789580494595e-04,4.636583270891009604e-04,6.031825596106700216e-01,-2.080400404595649996e-04,8.628550492873575406e-07,-1.571758457833054470e-06,2.681017462973918972e-07
7.237500000000000711e+00,6.034275697609681188e-01,-4.681171830258617638e-04,4.584468621671919635e-04,6.031799762662873876e-01,-2.053002838742667340e-04,8.434290929482196266e-07,-1.536527773431910018e-06,2.620061278648846773e-07
7.250000000000000000e+00,6.034217539777749773e-01,-4.624188627874705674e-04,4.532941054945242767e-04,6.031774269737230076e-01,-2.025916914951629002e-04,8.244385621263612362e-07,-1.502087384082383866e-06,2.560471363912930177e-07
7.262500000000000178e+00,6.034160090225416662e-01,-4.567845885211537491e-04,4.481993972945709222e-04,6.031749113455933120e-01,-1.999139168850942380e-04,8.058736894502540650e-07,-1.468419546371253439e-06,2.502217093263369978e-07
7.275000000000000355e+00,6.034103340992115205e-01,-4.512136387058272727e-04,4.431620852279354234e-04,6.031724289988211751e-01,-1.972666175583545026e-04,7.877249268383584736e-07,-1.435506915799585391e-06,2.445268528428047133e-07
7.287500000000000533e+00,6.034047284206961459e-01,-4.457052999286031827e-04,4.381815243087330922e-04,6.031699795545855114e-01,-1.946494549368879383e-04,7.699829405690565210e-07,-1.403332537798272594e-06,2.389596402932501465e-07
7.300000000000000711e+00,6.033991912087744991e-01,-4.402588667933885966e-04,4.332570768219188239e-04,6.031675626382734245e-01,-1.920620943069887643e-04,7.526386064616239241e-07,-1.371879838946446525e-06,2.335172107014068408e-07
7.312500000000000000e+00,6.033937216939936343e-01,-4.348736418305126287e-04,4.283881122415486077e-04,6.031651778794322460e-01,-1.895042047764971713e-04,7.356830051657287482e-07,-1.341132618388155932e-06,2.281967672875347211e-07
7.325000000000000178e+00,6.033883191155694492e-01,-4.295489354073670440e-04,4.235740071499626089e-04,6.031628249117213514e-01,-1.869754592324843201e-04,7.191074175569989522e-07,-1.311075039442809570e-06,2.229955760269314830e-07
7.337500000000000355e+00,6.033829827212903174e-01,-4.242840656400552728e-04,4.188141451578844023e-04,6.031605033728661969e-01,-1.844755342994247431e-04,7.029033202362839174e-07,-1.281691621405027585e-06,2.179109642408686417e-07
7.350000000000000533e+00,6.033777117674197221e-01,-4.190783583060309785e-04,4.141079168254195499e-04,6.031582129046106910e-01,-1.820041102978462019e-04,6.870623811302438828e-07,-1.252967231529567477e-06,2.129403192192133365e-07
7.362500000000000711e+00,6.033725055186015540e-01,-4.139311467577200493e-04,4.094547195839479429e-04,6.031559531526722306e-01,-1.795608712034552654e-04,6.715764551909995642e-07,-1.224887077197165702e-06,2.080810868740279566e-07
7.375000000000000000e+00,6.033673632477660753e-01,-4.088417718371136563e-04,4.048539576588988448e-04,6.031537237666958484e-01,-1.771455046067317509e-04,6.564375801925989107e-07,-1.197436698257190007e-06,2.033307704234477536e-07
7.387500000000000178e+00,6.033622842360365501e-01,-4.038095817913194756e-04,4.003050419933965498e-04,6.031515244002090270e-01,-1.747577016729864993e-04,6.416379726221113112e-07,-1.170601959543084570e-06,1.986869291051529645e-07
7.400000000000000355e+00,6.033572677726373179e-01,-3.988339321890651103e-04,3.958073901727715603e-04,6.031493547105780673e-01,-1.723971571028797738e-04,6.271700236632296576e-07,-1.144369043556731084e-06,1.941471769187734892e-07
7.412500000000000533e+00,6.033523131548028662e-01,-3.939141858381366916e-04,3.913604263499218861e-04,6.031472143589631241e-01,-1.700635690933917160e-04,6.130262952702719984e-07,-1.118724443317859091e-06,1.897091813965683220e-07
7.425000000000000711e+00,6.033474196876875695e-01,-3.890497127037464780e-04,3.869635811715186127e-04,6.031451030102754629e-01,-1.677566392992425838e-04,5.991995163305581645e-07,-1.093654955374799986e-06,1.853706624017474531e-07
7.437500000000000000e+00,6.033425866842770935e-01,-3.842398898278180696e-04,3.826162917050457630e-04,6.031430203331341611e-01,-1.654760727947568075e-04,5.856825789131630018e-07,-1.069147672972925112e-06,1.811293909538125068e-07
7.450000000000000178e+00,6.033378134653001323e-01,-3.794841012491766597e-04,3.783180013666623091e-04,6.031409659998238082e-01,-1.632215780361654972e-04,5.724685346020923200e-07,-1.045189979377187723e-06,1.769831880803056694e-07
7.462500000000000355e+00,6.033330993591418112e-01,-3.747817379246389576e-04,3.740681598498829747e-04,6.031389396862524288e-01,-1.609928668243445278e-04,5.595505909119916134e-07,-1.021769541345311033e-06,1.729299236943773204e-07
7.475000000000000533e+00,6.033284437017571999e-01,-3.701321976509867363e-04,3.698662230550613453e-04,6.031369410719094049e-01,-1.587896542679806140e-04,5.469221077845066127e-07,-9.988743027481770407e-07,1.689675154975848153e-07
7.487500000000000711e+00,6.033238458365866030e-01,-3.655348849878181498e-04,3.657116530196716036e-04,6.031349698398252857e-01,-1.566116587471629875e-04,5.345765941634913805e-07,-9.764924783341131189e-07,1.650939279073587222e-07
7.500000000000000000e+00,6.033193051144717378e-01,-3.609892111812655451e-04,3.616039178493777738e-04,6.031330256765302655e-01,-1.544586018773949328e-04,5.225077046472799939e-07,-9.546125476338121203e-07,1.613071710085797172e-07
7.512500000000000178e+00,6.033148208935719126e-01,-3.564945940885688724e-04,3.575424916498808276e-04,6.031311082720144379e-01,-1.523302084740203006e-04,5.107092362162805257e-07,-9.332232490026970271e-07,1.576052995287223465e-07
7.525000000000000355e+00,6.033103925392826472e-01,-3.520504581034986764e-04,3.535268544595386087e-04,6.031292173196879380e-01,-1.502262065170623703e-04,4.991751250342043533e-07,-9.123135737976462004e-07,1.539864118360387196e-07
7.537500000000000533e+00,6.033060194241539609e-01,-3.476562340826141388e-04,3.495564921827445915e-04,6.031273525163414195e-01,-1.481463271164675812e-04,4.878994433212554689e-07,-8.918727606850076788e-07,1.504486489602584549e-07
7.550000000000000711e+00,6.033017009278099918e-01,-3.433113592723501038e-04,3.456308965240607553e-04,6.031255135621074182e-01,-1.460903044777520175e-04,4.768763962976671459e-07,-8.718902900769584495e-07,1.469901936353020868e-07
7.562500000000000000e+00,6.032974364368699494e-01,-3.390152772369234334e-04,3.417495649230953064e-04,6.031237001604214942e-01,-1.440578758680457138e-04,4.661003191959982000e-07,-8.523558786932987108e-07,1.436092693635109610e-07
7.575000000000000178e+00,6.032932253448693993e-01,-3.347674377870464438e-04,3.379120004901146760e-04,6.031219120179848181e-01,-1.420487815825291988e-04,4.555656743406334790e-07,-8.332594742458380608e-07,1.403041395009085090e-07
7.587500000000000355e+00,6.032890670521823262e-01,-3.305672969094443857e-04,3.341177119423865407e-04,6.031201488447257564e-01,-1.400627649112606214e-04,4.452670482929851510e-07,-8.145912502426235072e-07,1.370731063630228496e-07
7.600000000000000533e+00,6.032849609659449719e-01,-3.264143166971609231e-04,3.303662135412395017e-04,6.031184103537631236e-01,-1.380995721063861439e-04,4.351991490608989319e-07,-7.963416009092716871e-07,1.339145103508037122e-07
7.612500000000000711e+00,6.032809064999793414e-01,-3.223079652806470560e-04,3.266570250298354633e-04,6.031166962613692117e-01,-1.361589523497316206e-04,4.253568033708294777e-07,-7.785011362247811908e-07,1.308267290961844628e-07
7.625000000000000000e+00,6.032769030747184846e-01,-3.182477167596239474e-04,3.229896715716462012e-04,6.031150062869334860e-01,-1.342406577207706309e-04,4.157349540013658426e-07,-7.610606770692278780e-07,1.278081766268468437e-07
7.637500000000000178e+00,6.032729501171325559e-01,-3.142330511357087027e-04,3.193636836896233326e-04,6.031133401529263915e-01,-1.323444431649641495e-04,4.063286571767212598e-07,-7.440112504808122550e-07,1.248573025497546654e-07
7.650000000000000355e+00,6.032690470606547617e-01,-3.102634542457993619e-04,3.157785972060595729e-04,6.031116975848638262e-01,-1.304700664624698755e-04,3.971330800188461777e-07,-7.273440850198025139e-07,1.219725912530375951e-07
7.662500000000000533e+00,6.032651933451093074e-01,-3.063384176962039799e-04,3.122339531831269687e-04,6.031100783112718355e-01,-1.286172881972144709e-04,3.881434980568297864e-07,-7.110506062369374880e-07,1.191525611258082591e-07
7.675000000000000711e+00,6.032613884166397877e-01,-3.024574387975108671e-04,3.087292978640889625e-04,6.031084820636518629e-01,-1.267858717263266213e-04,3.793552927923091644e-07,-6.951224322439441929e-07,1.163957637955120816e-07
7.687500000000000000e+00,6.032576317276379108e-01,-2.986200205001891491e-04,3.052641826151773980e-04,6.031069085764462212e-01,-1.249755831499269629e-04,3.707639493196208392e-07,-6.795513693838598832e-07,1.137007833824145974e-07
7.700000000000000178e+00,6.032539227366735535e-01,-2.948256713309101032e-04,3.018381638681255229e-04,6.031053575870040095e-01,-1.231861912812692622e-04,3.623650539994582562e-07,-6.643294079988973651e-07,1.110662357708398477e-07
7.712500000000000355e+00,6.032502609084257061e-01,-2.910739053295861834e-04,2.984508030633538432e-04,6.031038288355471400e-01,-1.214174676172322418e-04,3.541542921848388778e-07,-6.494487182936663133e-07,1.084907678967858928e-07
7.725000000000000533e+00,6.032466457136135274e-01,-2.873642419871129329e-04,2.951016665937958197e-04,6.031023220651374750e-01,-1.196691863091547449e-04,3.461274459981900391e-07,-6.349016462915771055e-07,1.059730570515454624e-07
7.737500000000000711e+00,6.032430766289288426e-01,-2.836962061838104788e-04,2.917903257493604250e-04,6.031008370216435210e-01,-1.179411241340128709e-04,3.382803921584117063e-07,-6.206807098823371226e-07,1.035118102009744814e-07
7.750000000000000000e+00,6.032395531369691977e-01,-2.800693281285556628e-04,2.885163566620232664e-04,6.030993734537074547e-01,-1.162330604659346918e-04,3.306090998567866188e-07,-6.067785949584787857e-07,1.011057633200558918e-07
7.762500000000000178e+00,6.032360747261714673e-01,-2.764831432985950517e-04,2.852793402515376559e-04,6.030979311127137032e-01,-1.145447772480483455e-04,3.231096286806351379e-07,-5.931881516389024428e-07,9.875368074241376650e-08
7.775000000000000355e+00,6.032326408907463522e-01,-2.729371923800351938e-04,2.820788621717621575e-04,6.030965097527561936e-01,-1.128760589646616257e-04,3.157781265836480168e-07,-5.799023905774860321e-07,9.645435452444429899e-08
7.787500000000000533e+00,6.032292511306138749e-01,-2.694310212089977632e-04,2.789145127575937155e-04,6.030951091306070433e-01,-1.112266926137671293e-04,3.086108279018338523e-07,-5.669144793548211823e-07,9.420660382373152777e-08
7.800000000000000711e+00,6.032259049513392091e-01,-2.659641807134353084e-04,2.757858869725021895e-04,6.030937290056853639e-01,-1.095964676798714320e-04,3.016040514140635645e-07,-5.542177389512119606e-07,9.200927429142932357e-08
7.812500000000000000e+00,6.032226018640691745e-01,-2.625362268555991472e-04,2.726925843566588704e-04,6.030923691400263964e-01,-1.079851761071438996e-04,2.947541984462032424e-07,-5.418056402991009579e-07,8.986123747829472883e-08
7.825000000000000178e+00,6.032193413854703978e-01,-2.591467205751506837e-04,2.696342089756512237e-04,6.030910292982508691e-01,-1.063926122728814773e-04,2.880577510178529078e-07,-5.296718009131212857e-07,8.776139025406504379e-08
7.837500000000000355e+00,6.032161230376663630e-01,-2.557952277329128359e-04,2.666103693697801204e-04,6.030897092475344667e-01,-1.048185729612875305e-04,2.815112700307377523e-07,-5.178099815960394426e-07,8.570865423988102001e-08
7.850000000000000533e+00,6.032129463481772369e-01,-2.524813190552488928e-04,2.636206785039295277e-04,6.030884087575785202e-01,-1.032628573375593187e-04,2.751113934978055550e-07,-5.062140832188569742e-07,8.370197525345993792e-08
7.862500000000000711e+00,6.032098108498586964e-01,-2.492045700790658709e-04,2.606647537180044284e-04,6.030871276005798087e-01,-1.017252669222822433e-04,2.688548348121198781e-07,-4.948781435734113766e-07,8.174032276673432258e-08
7.875000000000000000e+00,6.032067160808427531e-01,-2.459645610974338066e-04,2.577422166779304671e-04,6.030858655512014721e-01,-1.002056055661274149e-04,2.627383810546516103e-07,-4.837963342958355415e-07,7.982268937567516234e-08
7.887500000000000178e+00,6.032036615844780236e-01,-2.427608771058130963e-04,2.548526933272072972e-04,6.030846223865442557e-01,-9.870367942484831181e-05,2.567588913400902711e-07,-4.729629578592737389e-07,7.794809028202550913e-08
7.900000000000000355e+00,6.032006469092715539e-01,-2.395931077488857902e-04,2.519958138390129203e-04,6.030833978861176448e-01,-9.721929693457543047e-05,2.509132951998260337e-07,-4.623724446343038009e-07,7.611556278667854513e-08
7.912500000000000533e+00,6.031976716088314205e-01,-2.364608472679805159e-04,2.491712125688486622e-04,6.030821918318115538e-01,-9.575226878740322419e-05,2.451985910012571784e-07,-4.520193500155212087e-07,7.432416579443598707e-08
7.925000000000000711e+00,6.031947352418087771e-01,-2.333636944490867450e-04,2.463785280077216431e-04,6.030810040078681267e-01,-9.430240790726813615e-05,2.396118444026113614e-07,-4.418983516128064272e-07,7.257297932989300943e-08
7.937500000000000000e+00,6.031918373718420101e-01,-2.303012525714509800e-04,2.436174027358577741e-04,6.030798342008542035e-01,-9.286952942611390537e-05,2.341501868424796442e-07,-4.320042465058108073e-07,7.086110406419917655e-08
7.950000000000000178e+00,6.031889775675007836e-01,-2.272731293567472959e-04,2.408874833769387221e-04,6.030786821996340086e-01,-9.145345066034075759e-05,2.288108140632795917e-07,-4.223319485602329079e-07,6.918766085245028679e-08
7.962500000000000355e+00,6.031861554022306393e-01,-2.242789369188186339e-04,2.381884205528589664e-04,6.030775477953415065e-01,-9.005399108753685451e-05,2.235909846678899540e-07,-4.128764858045025592e-07,6.755179028147434321e-08
7.975000000000000533e+00,6.031833704542983732e-01,-2.213182917139785186e-04,2.355198688389944898e-04,6.030764307813538672e-01,-8.867097232348717685e-05,2.184880187087027028e-07,-4.036329978654953416e-07,6.595265222777556692e-08
7.987500000000000711e+00,6.031806223067385231e-01,-2.183908144918695672e-04,2.328814867199792567e-04,6.030753309532648210e-01,-8.730421809945828270e-05,2.134992963083681280e-07,-3.945967334619584888e-07,6.438942542541024231e-08
8.000000000000000000e+00,6.031779105472994118e-01,-2.154961302468718254e-04,2.302729365459831609e-04,6.030742481088585683e-01,-8.595355423975563423e-05,2.086222563115186299e-07,-3.857630479543419332e-07,6.286130704357065827e-08
8.012500000000001066e+00,6.031752347683907445e-01,-2.126338681700531768e-04,2.276938844894851020e-04,6.030731820480831340e-01,-8.461880863955005051e-05,2.038543949667713710e-07,-3.771274009497611373e-07,6.136751227365857142e-08
8.025000000000000355e+00,6.031725945670313171e-01,-2.098036616016603080e-04,2.251440005025390754e-04,6.030721325730253879e-01,-8.329981124297252749e-05,1.991932646383363975e-07,-3.686853539608602843e-07,5.990727392563724017e-08
8.037499999999999645e+00,6.031699895447975024e-01,-2.070051479841360817e-04,2.226229582745208350e-04,6.030710994878849540e-01,-8.199639402147087923e-05,1.946364725465502739e-07,-3.604325681173382600e-07,5.847984203344976864e-08
8.050000000000000711e+00,6.031674193077721791e-01,-2.042379688156655665e-04,2.201304351903575680e-04,6.030700825989495639e-01,-8.070839095242951500e-05,1.901816795366990034e-07,-3.523648019289757733e-07,5.708448346930442308e-08
8.062500000000000000e+00,6.031648834664945502e-01,-2.015017696042417249e-04,2.176661122892313929e-04,6.030690817145694105e-01,-7.943563799804777151e-05,1.858265988754874156e-07,-3.444779090989909506e-07,5.572048156662599527e-08
8.075000000000001066e+00,6.031623816359101831e-01,-1.987961998222398624e-04,2.152296742237485227e-04,6.030680966451330560e-01,-7.817797308447236855e-05,1.815689950745264432e-07,-3.367678363865786927e-07,5.438713575147662856e-08
8.087500000000000355e+00,6.031599134353212710e-01,-1.961209128615058544e-04,2.128208092195767761e-04,6.030671272030430075e-01,-7.693523608118589898e-05,1.774066827402463716e-07,-3.292306215175532973e-07,5.308376118226099006e-08
8.099999999999999645e+00,6.031574784883388940e-01,-1.934755659889400689e-04,2.104392090355366649e-04,6.030661732026909583e-01,-7.570726878064318094e-05,1.733375254496230987e-07,-3.218623911419771110e-07,5.180968839752390959e-08
8.112500000000000711e+00,6.031550764228339467e-01,-1.908598203025810801e-04,2.080845689241489569e-04,6.030652344604345849e-01,-7.449391487815757275e-05,1.693594346511518276e-07,-3.146593588377441064e-07,5.056426297166372024e-08
8.125000000000000000e+00,6.031527068708899542e-01,-1.882733406881798748e-04,2.057565875926305849e-04,6.030643107945735659e-01,-7.329501995203271069e-05,1.654703685904939548e-07,-3.076178231590717703e-07,4.934684517838165658e-08
8.137500000000001066e+00,6.031503694687561090e-01,-1.857157957762549567e-04,2.034549671643301439e-04,6.030634020253260452e-01,-7.211043144393550870e-05,1.616683312602369749e-07,-3.007341657288799388e-07,4.815680966169203457e-08
8.150000000000000355e+00,6.031480638568003094e-01,-1.831868578996323873e-04,2.011794131406069365e-04,6.030625079748057615e-01,-7.093999863951233121e-05,1.579513713732385882e-07,-2.940048493740929741e-07,4.699354511432786940e-08
8.162499999999999645e+00,6.031457896794633067e-01,-1.806862030514541206e-04,1.989296343631382778e-04,6.030616284669986227e-01,-6.978357264924046487e-05,1.543175813590084904e-07,-2.874264163028685377e-07,4.585645396337085720e-08
8.175000000000000711e+00,6.031435465852136302e-01,-1.782135108436584540e-04,1.967053429766586650e-04,6.030607633277409452e-01,-6.864100638951709833e-05,1.507650963826227465e-07,-2.809954863228335569e-07,4.474495206294790122e-08
8.187500000000000000e+00,6.031413342265018462e-01,-1.757684644659235416e-04,1.945062543921225178e-04,6.030599123846958065e-01,-6.751215456398136487e-05,1.472920933856587459e-07,-2.747087550993935853e-07,4.365846839383385491e-08
8.200000000000001066e+00,6.031391522597169264e-01,-1.733507506450652157e-04,1.923320872502830899e-04,6.030590754673316178e-01,-6.639687364506558528e-05,1.438967901486506962e-07,-2.685629924532040965e-07,4.259644476980416472e-08
8.212500000000000355e+00,6.031370003451413941e-01,-1.709600596048928289e-04,1.901825633856901265e-04,6.030582524069002526e-01,-6.529502185577756791e-05,1.405774443745936750e-07,-2.625550406959448717e-07,4.155833555058975750e-08
8.224999999999999645e+00,6.031348781469088038e-01,-1.685960850265070989e-04,1.880574077910928234e-04,6.030574430364143979e-01,-6.420645915170653884e-05,1.373323527930086381e-07,-2.566818130035078332e-07,4.054360736128158751e-08
8.237500000000000711e+00,6.031327853329598865e-01,-1.662585240090442651e-04,1.859563485822509341e-04,6.030566471906269044e-01,-6.313104720325466747e-05,1.341598502841177106e-07,-2.509402918257787127e-07,3.955173881804395759e-08
8.250000000000000000e+00,6.031307215750005835e-01,-1.639470770308570425e-04,1.838791169631466256e-04,6.030558647060091371e-01,-6.206864937809024373e-05,1.310583090226728127e-07,-2.453275273321781213e-07,3.858222025999362481e-08
8.262500000000001066e+00,6.031286865484601911e-01,-1.616614479111250289e-04,1.818254471915894109e-04,6.030550954207295478e-01,-6.101913072381872564e-05,1.280261376409913673e-07,-2.398406358921515166e-07,3.763455348710508221e-08
8.275000000000000355e+00,6.031266799324492833e-01,-1.594013437718973833e-04,1.797950765452175476e-04,6.030543391746334692e-01,-5.998235795087331757e-05,1.250617804107778205e-07,-2.344767985898392255e-07,3.670825150401033636e-08
8.287499999999999645e+00,6.031247014097191883e-01,-1.571664750005531924e-04,1.777877452878822415e-04,6.030535958092216875e-01,-5.895819941561836371e-05,1.221637164432961588e-07,-2.292332597721345736e-07,3.580283826955700006e-08
8.300000000000000711e+00,6.031227506666207994e-01,-1.549565552126827800e-04,1.758031966364180423e-04,6.030528651676306806e-01,-5.794652510366723753e-05,1.193304589074907883e-07,-2.241073256293982314e-07,3.491784845199902181e-08
8.312500000000000000e+00,6.031208273930652730e-01,-1.527713012153821773e-04,1.738411767277920597e-04,6.030521470946118567e-01,-5.694720661341095939e-05,1.165605542656485151e-07,-2.190963628080851629e-07,3.405282718969230893e-08
8.325000000000001066e+00,6.031189312824836168e-01,-1.506104329709525712e-04,1.719014345866250616e-04,6.030514414365114595e-01,-5.596011713975418140e-05,1.138525815262026708e-07,-2.141977970545598553e-07,3.320732985717085612e-08
8.337500000000000355e+00,6.031170620317880537e-01,-1.484736735610082514e-04,1.699837220930872170e-04,6.030507480412511390e-01,-5.498513145806000315e-05,1.112051515133044152e-07,-2.094091118894152449e-07,3.238092183648572794e-08
8.349999999999999645e+00,6.031152193413326090e-01,-1.463607491509787476e-04,1.680877939511560726e-04,6.030500667583080787e-01,-5.402212590829730287e-05,1.086169061527720822e-07,-2.047278473115881696e-07,3.157317829368546515e-08
8.362500000000000711e+00,6.031134029148755848e-01,-1.442713889550086513e-04,1.662134076572397681e-04,6.030493974386952338e-01,-5.307097837939218324e-05,1.060865177740602487e-07,-2.001515985316183938e-07,3.078368396032567630e-08
8.375000000000000000e+00,6.031116124595408134e-01,-1.422053252012474528e-04,1.643603234691581481e-04,6.030487399349427902e-01,-5.213156829378002161e-05,1.036126884278841817e-07,-1.956780147333881363e-07,3.001203291989392194e-08
8.387500000000001066e+00,6.031098476857807977e-01,-1.401622930975218023e-04,1.625283043754761306e-04,6.030480941010782914e-01,-5.120377659215498742e-05,1.011941492191443746e-07,-1.913047978636955771e-07,2.925782839903879750e-08
8.400000000000000355e+00,6.031081083073396298e-01,-1.381420307973932880e-04,1.607171160651908238e-04,6.030474597926080982e-01,-5.028748571841829381e-05,9.882965965481602461e-08,-1.870297014490520307e-07,2.852068256349832861e-08
8.412499999999999645e+00,6.031063940412161317e-01,-1.361442793665888253e-04,1.589265268977617385e-04,6.030468368664990697e-01,-4.938257960481947788e-05,9.651800700645631344e-08,-1.828505294390713993e-07,2.780021631861921545e-08
8.425000000000000711e+00,6.031047046076275508e-01,-1.341687827498061003e-04,1.571563078734859124e-04,6.030462251811592456e-01,-4.848894365729191584e-05,9.425800568700978977e-08,-1.787651350758697334e-07,2.709605911436685723e-08
8.437500000000000000e+00,6.031030397299744772e-01,-1.322152877378874789e-04,1.554062326042121730e-04,6.030456245964201933e-01,-4.760646474097965229e-05,9.204849664158657900e-08,-1.747714197888832702e-07,2.640784875472448960e-08
8.450000000000001066e+00,6.031013991348045389e-01,-1.302835439353547647e-04,1.536760772843878979e-04,6.030450349735186899e-01,-4.673503116595222349e-05,8.988834675189633916e-08,-1.708673321145281228e-07,2.573523121138228919e-08
8.462500000000000355e+00,6.030997825517782074e-01,-1.283733037283083856e-04,1.519656206624409023e-04,6.030444561750785137e-01,-4.587453267310898558e-05,8.777644825403881464e-08,-1.670508666401569505e-07,2.507786044162290435e-08
8.474999999999999645e+00,6.030981897136338254e-01,-1.264843222526776444e-04,1.502746440124855568e-04,6.030438880650927924e-01,-4.502486042026739797e-05,8.571171816934138405e-08,-1.633200629717498361e-07,2.443539821030655262e-08
8.487500000000000711e+00,6.030966203561533012e-01,-1.246163573628257472e-04,1.486029311063552776e-04,6.030433305089065721e-01,-4.418590696843652921e-05,8.369309774795787400e-08,-1.596730047248193455e-07,2.380751391586647830e-08
8.500000000000000000e+00,6.030950742181288016e-01,-1.227691696005022380e-04,1.469502681859557775e-04,6.030427833731990539e-01,-4.335756626827293918e-05,8.171955192493864939e-08,-1.561078185380023324e-07,2.319388442022397237e-08
8.512500000000001066e+00,6.030935510413290013e-01,-1.209425221641362926e-04,1.453164439359327898e-04,6.030422465259663856e-01,-4.253973364671595605e-05,7.979006878848891213e-08,-1.526226731088238892e-07,2.259419388253454885e-08
8.525000000000000355e+00,6.030920505704662204e-01,-1.191361808784738394e-04,1.437012494566569762e-04,6.030417198365048970e-01,-4.173230579380366947e-05,7.790365906014808864e-08,-1.492157782511470618e-07,2.200813359668177540e-08
8.537499999999999645e+00,6.030905725531634509e-01,-1.173499141645463527e-04,1.421044782375154188e-04,6.030412031753934476e-01,-4.093518074966446960e-05,7.605935558661404108e-08,-1.458853839738069643e-07,2.143540183243235097e-08
8.550000000000000711e+00,6.030891167399227148e-01,-1.155834930099742971e-04,1.405259261305118125e-04,6.030406964144772175e-01,-4.014825789168539920e-05,7.425621284295713200e-08,-1.426297795799645373e-07,2.087570368017281255e-08
8.562500000000000000e+00,6.030876828840925352e-01,-1.138366909395985711e-04,1.389653913241703964e-04,6.030401994268510535e-01,-3.937143792185454730e-05,7.249330644696518876e-08,-1.394472927867100053e-07,2.032875089914688687e-08
8.575000000000001066e+00,6.030862707418366275e-01,-1.121092839864337818e-04,1.374226743177370106e-04,6.030397120868423722e-01,-3.860462285427478064e-05,7.076973268436687231e-08,-1.363362888644565703e-07,1.979426176911460043e-08
8.587500000000000355e+00,6.030848800721031466e-01,-1.104010506629458867e-04,1.358975778956805856e-04,6.030392342699956165e-01,-3.784771600285003271e-05,6.908460804469481214e-08,-1.332951697956906352e-07,1.927196094535859239e-08
8.599999999999999645e+00,6.030835106365930454e-01,-1.087117719326430743e-04,1.343899071024844117e-04,6.030387658530557138e-01,-3.710062196913930529e-05,6.743706876754208695e-08,-1.303223734526308460e-07,1.876157931696062650e-08
8.612500000000000711e+00,6.030821621997303206e-01,-1.070412311819823105e-04,1.328994692177299264e-04,6.030383067139520881e-01,-3.636324663037962258e-05,6.582627039898443740e-08,-1.274163727933818609e-07,1.826285386827718103e-08
8.625000000000000000e+00,6.030808345286315930e-01,-1.053892141925855873e-04,1.314260737314672191e-04,6.030378567317825622e-01,-3.563549712767527484e-05,6.425138735793701070e-08,-1.245756750761631137e-07,1.777552754354192362e-08
8.637500000000001066e+00,6.030795273930762423e-01,-1.037555091137598427e-04,1.299695323198674546e-04,6.030374157867981477e-01,-3.491728185435091883e-05,6.271161251222019385e-08,-1.217988210912027408e-07,1.729934911452464506e-08
8.650000000000000355e+00,6.030782405654774303e-01,-1.021399064353230329e-04,1.285296588211589795e-04,6.030369837603869465e-01,-3.420851044446959223e-05,6.120615676412181117e-08,-1.190843844099099873e-07,1.683407305118015647e-08
8.662499999999999645e+00,6.030769738208524577e-01,-1.005421989607257436e-04,1.271062692118379476e-04,6.030365605350591629e-01,-3.350909376151125769e-05,5.973424864523532527e-08,-1.164309706509261745e-07,1.637945939521846079e-08
8.675000000000000711e+00,6.030757269367942319e-01,-9.896218178047082206e-05,1.256991815831556879e-04,6.030361459944314495e-01,-3.281894388721282529e-05,5.829513392037110422e-08,-1.138372167626851995e-07,1.593527363653273412e-08
8.687500000000000000e+00,6.030744996934431779e-01,-9.739965224582507923e-05,1.243082161178774491e-04,6.030357400232118081e-01,-3.213797411056745778e-05,5.688807520033444276e-08,-1.113017903221088741e-07,1.550128659242068931e-08
8.700000000000001066e+00,6.030732918734583725e-01,-9.585440994281773644e-05,1.229331950673078302e-04,6.030353425071848239e-01,-3.146609891698059737e-05,5.551235156336882997e-08,-1.088233888490714370e-07,1.507727428953655207e-08
8.712500000000000355e+00,6.030721032619906774e-01,-9.432625666652758153e-05,1.215739427285849033e-04,6.030349533331963441e-01,-3.080323397758398096e-05,5.416725818507473435e-08,-1.064007391362883627e-07,1.466301784851427136e-08
8.724999999999999645e+00,6.030709336466545389e-01,-9.281499639564915805e-05,1.202302854222339493e-04,6.030345723891392673e-01,-3.014929613870332754e-05,5.285210597660725593e-08,-1.040325965942725118e-07,1.425830337120073599e-08
8.737500000000000711e+00,6.030697828175013431e-01,-9.132043526733989820e-05,1.189020514699832583e-04,6.030341995639384445e-01,-2.950420341148081923e-05,5.156622123097136037e-08,-1.017177446110285602e-07,1.386292183044232906e-08
8.750000000000000000e+00,6.030686505669923259e-01,-8.984238155234311755e-05,1.175890711728367369e-04,6.030338347475363570e-01,-2.886787496165007524e-05,5.030894527723045221e-08,-9.945499392615115879e-08,1.347666896236742552e-08
8.762500000000001066e+00,6.030675366899721501e-01,-8.838064563038128783e-05,1.162911767893990670e-04,6.030334778308789057e-01,-2.824023109946151151e-05,4.907963414244866994e-08,-9.724318201900081951e-08,1.309934516110875310e-08
8.775000000000000355e+00,6.030664409836425932e-01,-8.693503996582183741e-05,1.150082025144549743e-04,6.030331287059006451e-01,-2.762119326975908887e-05,4.787765822119723166e-08,-9.508117251064965915e-08,1.273075537591273690e-08
8.787499999999999645e+00,6.030653632475367898e-01,-8.550537908360606061e-05,1.137399844577946246e-04,6.030327872655114607e-01,-2.701068404220449232e-05,4.670240195244943580e-08,-9.296785457927863502e-08,1.237070901058115074e-08
8.800000000000000711e+00,6.030643032834935857e-01,-8.409147954544320927e-05,1.124863606232867055e-04,6.030324534035819140e-01,-2.640862710164980877e-05,4.555326350370244781e-08,-9.090214238873261689e-08,1.201901982519456950e-08
8.812500000000000000e+00,6.030632608956321139e-01,-8.269315992626464378e-05,1.112471708881950069e-04,6.030321270149295865e-01,-2.581494723865657885e-05,4.442965446216132981e-08,-8.888297452993482201e-08,1.167550584006641642e-08
8.825000000000001066e+00,6.030622358903270364e-01,-8.131024079093301558e-05,1.100222569827338646e-04,6.030318079953054244e-01,-2.522957034015925427e-05,4.333099953282502565e-08,-8.690931347486981613e-08,1.133998924187759760e-08
8.837500000000000355e+00,6.030612280761834532e-01,-7.994254467120850039e-05,1.088114624698643371e-04,6.030314962413798607e-01,-2.465242338027396536e-05,4.225673624332278164e-08,-8.498014504286031101e-08,1.101229629194454934e-08
8.849999999999999645e+00,6.030602372640126996e-01,-7.858989604296315117e-05,1.076146327253233104e-04,6.030311916507294923e-01,-2.408343441124902778e-05,4.120631465534439449e-08,-8.309447787885385682e-08,1.069225723657196435e-08
8.862500000000000711e+00,6.030592632668081432e-01,-7.725212130364534941e-05,1.064316149178873592e-04,6.030308941218235352e-01,-2.352253255455809288e-05,4.017919708251976150e-08,-8.125134294345718010e-08,1.037970621944512357e-08
8.875000000000000000e+00,6.030583058997213142e-01,-7.592904874998958418e-05,1.052622579898669468e-04,6.030306035540103915e-01,-2.296964799213404792e-05,3.917485781460093167e-08,-7.944979301445226499e-08,1.007448119601619985e-08
8.887500000000001066e+00,6.030573649800382574e-01,-7.462050855596663959e-05,1.041064126378269658e-04,6.030303198475049919e-01,-2.242471195774177540e-05,3.819278284780335012e-08,-7.768890219953437702e-08,9.776423849839928580e-09
8.900000000000000355e+00,6.030564403271561069e-01,-7.332633275097623685e-05,1.029639312935352733e-04,6.030300429033750298e-01,-2.188765672849073387e-05,3.723246962117112822e-08,-7.596776546002706475e-08,9.485379510816588011e-09
8.912499999999999645e+00,6.030555317625604372e-01,-7.204635519827360659e-05,1.018346681051318203e-04,6.030297726235281930e-01,-2.135841561648392796e-05,3.629342675882656541e-08,-7.428549814532084998e-08,9.201197075298824299e-09
8.925000000000000711e+00,6.030546391098018377e-01,-7.078041157363198349e-05,1.007184789185201101e-04,6.030295089106995077e-01,-2.083692296060422989e-05,3.537517381797470413e-08,-7.264123553780161374e-08,8.923728928022153404e-09
8.937500000000000000e+00,6.030537621944739302e-01,-6.952833934423618511e-05,9.961522125897683932e-05,6.030292516684384596e-01,-2.032311411843622963e-05,3.447724104253195852e-08,-7.103413240803152193e-08,8.652830865818455736e-09
8.950000000000001066e+00,6.030529008441908312e-01,-6.828997774780306001e-05,9.852475431297600739e-05,6.030290008010960046e-01,-1.981692545832192649e-05,3.359916912225082225e-08,-6.946336257995049635e-08,8.388362023072666275e-09
8.962500000000000355e+00,6.030520548885653920e-01,-6.706516777193039078e-05,9.744693891022897193e-05,6.030287562138123558e-01,-1.931829435155114287e-05,3.274050895721997976e-08,-6.792811850588008046e-08,8.130184798885231871e-09
8.974999999999999645e+00,6.030512241591871048e-01,-6.585375213366640519e-05,9.638163750593344362e-05,6.030285178125043277e-01,-1.882715916468348234e-05,3.190082142761489028e-08,-6.642761085110334331e-08,7.878164785901514508e-09
8.987500000000000711e+00,6.030504084896008976e-01,-6.465557525930152162e-05,9.532871416323324988e-05,6.030282855038531231e-01,-1.834345925200277382e-05,3.107967716858364134e-08,-6.496106808781234602e-08,7.632170700772426154e-09
9.000000000000000000e+00,6.030496077152855960e-01,-6.347048326437808687e-05,9.428803453588469334e-05,6.030280591952915659e-01,-1.786713494810230097e-05,3.027665635015094975e-08,-6.352773609821143872e-08,7.392074316209931541e-09
9.012500000000001066e+00,6.030488216736333840e-01,-6.229832393391381029e-05,9.325946585112627942e-05,6.030278387949924435e-01,-1.739812756059926855e-05,2.949134846202611281e-08,-6.212687778656960620e-08,7.157750394602072588e-09
9.025000000000000355e+00,6.030480502039288204e-01,-6.113894670284061525e-05,9.224287689275291100e-05,6.030276242118560726e-01,-1.693637936297935607e-05,2.872335210320703871e-08,-6.075777270002709762e-08,6.929076623154036016e-09
9.037499999999999645e+00,6.030472931473279674e-01,-5.999220263665121027e-05,9.123813798438824808e-05,6.030274153554984196e-01,-1.648183358756841446e-05,2.797227477626893486e-08,-5.941971665795441547e-08,6.705933550520780627e-09
9.050000000000000711e+00,6.030465503468388500e-01,-5.885794441225527705e-05,9.024512097295673684e-05,6.030272121362389992e-01,-1.603443441863221721e-05,2.723773268623457436e-08,-5.811202138967799169e-08,6.488204524899320731e-09
9.062500000000000000e+00,6.030458216473008060e-01,-5.773602629904096568e-05,8.926369921235152694e-05,6.030270144650892172e-01,-1.559412698560267354e-05,2.651935054392169075e-08,-5.683401418038317268e-08,6.275775633548325434e-09
9.075000000000001066e+00,6.030451068953651683e-01,-5.662630414013772632e-05,8.829374754729501086e-05,6.030268222537403799e-01,-1.516085735642914487e-05,2.581676137366538721e-08,-5.558503752501058815e-08,6.068535643703504148e-09
9.087500000000000355e+00,6.030444059394752809e-01,-5.552863533388206952e-05,8.733514229739343545e-05,6.030266354145520369e-01,-1.473457253105559661e-05,2.512960632531936586e-08,-5.436444878997178545e-08,5.866375944858990719e-09
9.099999999999999645e+00,6.030437186298475138e-01,-5.444287881547909966e-05,8.638776124137917531e-05,6.030264538605408786e-01,-1.431522043502097961e-05,2.445753449043620580e-08,-5.317161988250431365e-08,5.669190492383982351e-09
9.112500000000000711e+00,6.030430448184520564e-01,-5.336889503886142733e-05,8.545148360154234855e-05,6.030262775053681912e-01,-1.390274991318358338e-05,2.380020272253488619e-08,-5.200593692750033152e-08,5.476875752446243665e-09
9.125000000000000000e+00,6.030423843589939326e-01,-5.230654595874146954e-05,8.452619002834827833e-05,6.030261062633293090e-01,-1.349711072356803634e-05,2.315727546136205971e-08,-5.086679995164025257e-08,5.289330648213661048e-09
9.137500000000001066e+00,6.030417371068944599e-01,-5.125569501285337688e-05,8.361176258523752051e-05,6.030259400493418465e-01,-1.309825353133361463e-05,2.252842456105593771e-08,-4.975362257466693084e-08,5.106456507305781887e-09
9.150000000000000355e+00,6.030411029192728201e-01,-5.021620710438611229e-05,8.270808473360990749e-05,6.030257787789345958e-01,-1.270612990286463899e-05,2.191332912212680322e-08,-4.866583170764543331e-08,4.928157010468809355e-09
9.162499999999999645e+00,6.030404816549279623e-01,-4.918794858460081031e-05,8.181504131798668584e-05,6.030256223682359806e-01,-1.232069229998049967e-05,2.131167532716513070e-08,-4.760286725804789267e-08,4.754338141446695392e-09
9.175000000000000711e+00,6.030398731743202845e-01,-4.817078723563402283e-05,8.093251855135217068e-05,6.030254707339631759e-01,-1.194189407426609737e-05,2.072315628019510729e-08,-4.656418184151549446e-08,4.584908138023052426e-09
9.187500000000000000e+00,6.030392773395540917e-01,-4.716459225348307690e-05,8.006040400067166427e-05,6.030253237934108945e-01,-1.156968946152143787e-05,2.014747184959019889e-08,-4.554924050014725668e-08,4.419777444208245367e-09
9.200000000000001066e+00,6.030386940143601660e-01,-4.616923423116986506e-05,7.919858657258263004e-05,6.030251814644405073e-01,-1.120403357632920829e-05,1.958432851446922760e-08,-4.455752042716915784e-08,4.258858663546682193e-09
9.212500000000000355e+00,6.030381230640780021e-01,-4.518458514208465403e-05,7.834695649926046385e-05,6.030250436654687185e-01,-1.084488240674105139e-05,1.903343921449618156e-08,-4.358851069784508394e-08,4.102066513520705313e-09
9.224999999999999645e+00,6.030375643556390441e-01,-4.421051832350329780e-05,7.750540532445317047e-05,6.030249103154572410e-01,-1.049219280908033574e-05,1.849452320300413608e-08,-4.264171200648681633e-08,3.949317781026750552e-09
9.237500000000000711e+00,6.030370177575494761e-01,-4.324690846027940723e-05,7.667382588968640878e-05,6.030247813339015828e-01,-1.014592250286213493e-05,1.796730590336996153e-08,-4.171663640943089014e-08,3.800531278901266147e-09
9.250000000000000000e+00,6.030364831398736802e-01,-4.229363156870789126e-05,7.585211232063595135e-05,6.030246566408203890e-01,-9.806030065829284125e-06,1.745151876856515000e-08,-4.081280707384843277e-08,3.655627803473620742e-09
9.262500000000001066e+00,6.030359603742175834e-01,-4.135056498055644786e-05,7.504016001366437363e-05,6.030245361567446727e-01,-9.472474929103506100e-06,1.694689914381006149e-08,-3.992975803225732726e-08,3.514530093123763262e-09
9.275000000000000355e+00,6.030354493337122257e-01,-4.041758732726630568e-05,7.423786562252361241e-05,6.030244198027073788e-01,-9.145217372452245328e-06,1.645319013226284096e-08,-3.906703394261325903e-08,3.377162787823668958e-09
9.287499999999999645e+00,6.030349498929977736e-01,-3.949457852431623980e-05,7.344512704521782365e-05,6.030243075002326147e-01,-8.824218519669228120e-06,1.597014046367191844e-08,-3.822418985385229971e-08,3.243452389640934234e-09
9.300000000000000711e+00,6.030344619282075325e-01,-3.858141975575105417e-05,7.266184341102804390e-05,6.030241991713251037e-01,-8.509440334069451822e-06,1.549750436592647682e-08,-3.740079097676727070e-08,3.113327224184525219e-09
9.312500000000000000e+00,6.030339853169520703e-01,-3.767799345887127812e-05,7.188791506769571442e-05,6.030240947384599703e-01,-8.200845614097574790e-06,1.503504143943827284e-08,-3.659641246009850768e-08,2.986717402972436514e-09
9.325000000000001066e+00,6.030335199383038969e-01,-3.678418330908081078e-05,7.112324356876227626e-05,6.030239941245719715e-01,-7.898397989048826218e-06,1.458251653428961459e-08,-3.581063917172250616e-08,2.863554786701526460e-09
9.337500000000000355e+00,6.030330656727819205e-01,-3.589987420489373324e-05,7.036773166106616436e-05,6.030238972530455044e-01,-7.602061914903039760e-06,1.413969963008624443e-08,-3.504306548482856547e-08,2.743772949400879324e-09
9.349999999999999645e+00,6.030326224023359050e-01,-3.502495225309456910e-05,6.962128327239226755e-05,6.030238040477040595e-01,-7.311802670270038945e-06,1.370636571845141455e-08,-3.429329506896981605e-08,2.627307143449512082e-09
9.362500000000000711e+00,6.030321900103322585e-01,-3.415930475405322685e-05,6.888380349927487097e-05,6.030237144328000065e-01,-7.027586352447052025e-06,1.328229468810257429e-08,-3.356094068588372396e-08,2.514094265440654235e-09
9.375000000000000000e+00,6.030317683815383800e-01,-3.330282018719144590e-05,6.815519859495161429e-05,6.030236283330044911e-01,-6.749379873587239750e-06,1.286727121245102774e-08,-3.284562398997570357e-08,2.404072822874643812e-09
9.387500000000001066e+00,6.030313574021086698e-01,-3.245538819659763607e-05,6.743537595746586363e-05,6.030235456733968880e-01,-6.477150956978571209e-06,1.246108463966633658e-08,-3.214697533336201093e-08,2.297182901662929385e-09
9.400000000000000355e+00,6.030309569595696528e-01,-3.161689957679139114e-05,6.672424411791848654e-05,6.030234663794552530e-01,-6.210868133433627961e-06,1.206352888515060095e-08,-3.146463357537403230e-08,2.193366134426638615e-09
9.412499999999999645e+00,6.030305669428056570e-01,-3.078724625863208612e-05,6.602171272886463908e-05,6.030233903770459980e-01,-5.950500737788785516e-06,1.167440232636571370e-08,-3.079824589642266838e-08,2.092565669572693268e-09
9.425000000000000711e+00,6.030301872420451570e-01,-2.996632129537280502e-05,6.532769255285637800e-05,6.030233175924137878e-01,-5.696018905513371044e-06,1.129350769996110298e-08,-3.014746761612946812e-08,1.994726141131733591e-09
9.437500000000000000e+00,6.030298177488463418e-01,-2.915401884885661423e-05,6.464209545112897044e-05,6.030232479521714373e-01,-5.447393569428056146e-06,1.092065200114867319e-08,-2.951196201562971098e-08,1.899793639341916812e-09
9.450000000000001066e+00,6.030294583560834587e-01,-2.835023417585216940e-05,6.396483437242813633e-05,6.030231813832904741e-01,-5.204596456531791808e-06,1.055564638527281199e-08,-2.889140016395496849e-08,1.807715681963102901e-09
9.462500000000000355e+00,6.030291089579332686e-01,-2.755486361452983495e-05,6.329582334197957874e-05,6.030231178130904812e-01,-4.967600084937870005e-06,1.019830607152638499e-08,-2.828546074840791419e-08,1.718441186306753998e-09
9.474999999999999645e+00,6.030287694498619455e-01,-2.676780457107312555e-05,6.263497745059618091e-05,6.030230571692298813e-01,-4.736377760917731279e-06,9.848450248761765548e-09,-2.769382990883932489e-08,1.631920441966504014e-09
9.487500000000000711e+00,6.030284397286109765e-01,-2.598895550642656057e-05,6.198221284392422495e-05,6.030229993796959453e-01,-4.510903576053119694e-06,9.505901983349983618e-09,-2.711620107574398964e-08,1.548105084235452539e-09
9.500000000000000000e+00,6.030281196921849496e-01,-2.521821592317707189e-05,6.133744671182598976e-05,6.030229443727948002e-01,-4.291152404495927017e-06,9.170488129040217355e-09,-2.655227481209121669e-08,1.466948068196102998e-09
9.512500000000001066e+00,6.030278092398380085e-01,-2.445548635256619021e-05,6.070059727789676958e-05,6.030228920771415480e-01,-4.077099900335185715e-06,8.842039238773022450e-09,-2.600175865880762411e-08,1.388403643469241155e-09
9.525000000000000355e+00,6.030275082720614188e-01,-2.370066834163407041e-05,6.007158378911700455e-05,6.030228424216511618e-01,-3.868722495071725778e-06,8.520389478403324635e-09,-2.546436698383457483e-08,1.312427329608788323e-09
9.537499999999999645e+00,6.030272166905709108e-01,-2.295366444049041588e-05,5.945032650563572844e-05,6.030227953355280501e-01,-3.665997395199356091e-06,8.205376542287549727e-09,-2.493982083468001977e-08,1.238975892129345175e-09
9.550000000000000711e+00,6.030269343982936903e-01,-2.221437818971335913e-05,5.883674669068611961e-05,6.030227507482568416e-01,-3.468902579893104847e-06,7.896841570692886974e-09,-2.442784779439079882e-08,1.168007319154104050e-09
9.562500000000000000e+00,6.030266612993572251e-01,-2.148271410787355756e-05,5.823076660063110886e-05,6.030227085895927264e-01,-3.277416798804006116e-06,7.594629068985889037e-09,-2.392818184087024892e-08,1.099480798670707581e-09
9.575000000000001066e+00,6.030263972990760335e-01,-2.075857767918091586e-05,5.763230947513681466e-05,6.030226687895513527e-01,-3.091519569959981095e-06,7.298586828558650877e-09,-2.344056320946796983e-08,1.033356696382972673e-09
9.587500000000000355e+00,6.030261423039400270e-01,-2.004187534125484652e-05,5.704129952747481551e-05,6.030226312784000564e-01,-2.911191177773332444e-06,7.008565849453168107e-09,-2.296473825877265831e-08,9.695965341470359749e-10
9.600000000000001421e+00,6.030258962216031859e-01,-1.933251447301334867e-05,5.645766193494934952e-05,6.030225959866475360e-01,-2.736412671153847102e-06,6.724420264642956660e-09,-2.250045933953664798e-08,9.081629689802257783e-10
9.612500000000000711e+00,6.030256589608710138e-01,-1.863040338268258589e-05,5.588132282945091830e-05,6.030225628450347486e-01,-2.567165861728221646e-06,6.446007265934558450e-09,-2.204748466666676154e-08,8.490197726318570361e-10
9.625000000000000000e+00,6.030254304316895464e-01,-1.793545129592224999e-05,5.531220928813258885e-05,6.030225317845250288e-01,-2.403433322164870836e-06,6.173187031449731284e-09,-2.160557819421342453e-08,7.921318117048459516e-10
9.637500000000001066e+00,6.030252105451340272e-01,-1.724756834406770354e-05,5.475024932420975872e-05,6.030225027362950962e-01,-2.245198384604657621e-06,5.905822654652273661e-09,-2.117450949329519838e-08,7.374650283178242331e-10
9.650000000000000355e+00,6.030249992133971393e-01,-1.656666555248638380e-05,5.419537187788158247e-05,6.030224756317251744e-01,-2.092445139197165998e-06,5.643780074882765086e-09,-2.075405363289512236e-08,6.849864212973887492e-10
9.662500000000001421e+00,6.030247963497783470e-01,-1.589265482904591326e-05,5.364750680737193799e-05,6.030224504023895538e-01,-1.945158432742234231e-06,5.386928009365357829e-09,-2.034399106346683589e-08,6.346640278904109064e-10
9.675000000000000711e+00,6.030246018686730158e-01,-1.522544895269494190e-05,5.310658488009090876e-05,6.030224269800472658e-01,-1.803323867437232295e-06,5.135137886652787617e-09,-1.994410750329189360e-08,5.864669059868539830e-10
9.687500000000000000e+00,6.030244156855610882e-01,-1.456496156215228594e-05,5.257253776391327863e-05,6.030224052966325354e-01,-1.666927799729369292e-06,4.888283781474495230e-09,-1.955419382752795520e-08,5.403651168433892834e-10
9.700000000000001066e+00,6.030242377169967583e-01,-1.391110714470528979e-05,5.204529801857490646e-05,6.030223852842456767e-01,-1.535957339273537994e-06,4.646242350955478186e-09,-1.917404595989205849e-08,4.963297082987616555e-10
9.712500000000000355e+00,6.030240678805980359e-01,-1.326380102511501752e-05,5.152479908718509685e-05,6.030223668751431010e-01,-1.410400347995441978e-06,4.408892772172920954e-09,-1.880346476692247233e-08,4.543326984718389334e-10
9.725000000000001421e+00,6.030239060950359775e-01,-1.262295935462587840e-05,5.101097528785314411e-05,6.030223500017284355e-01,-1.290245439259826220e-06,4.176116681018384182e-09,-1.844225595476414541e-08,4.143470599335461240e-10
9.737500000000000711e+00,6.030237522800250272e-01,-1.198849910008060978e-05,5.050376180542993047e-05,6.030223345965428638e-01,-1.175481977144275082e-06,3.947798112335178859e-09,-1.809022996842577062e-08,3.763467043443291376e-10
9.750000000000000000e+00,6.030236063563120252e-01,-1.136033803313639062e-05,5.000309468336127836e-05,6.030223205922559115e-01,-1.066100075818058284e-06,3.723823441299360628e-09,-1.774720189345493327e-08,3.403064675486955720e-10
9.762500000000001066e+00,6.030234682456669937e-01,-1.073839471958301233e-05,4.950891081565384291e-05,6.030223079216560089e-01,-9.620905990265036180e-07,3.504081326015262634e-09,-1.741299135998193078e-08,3.062020951189356094e-10
9.775000000000000355e+00,6.030233378708729219e-01,-1.012258850876076910e-05,4.902114793895189800e-05,6.030222965176409433e-01,-8.634451596807581377e-07,3.288462651295926135e-09,-1.708742244908219604e-08,2.740102283401384465e-10
9.787500000000001421e+00,6.030232151557159970e-01,-9.512839523075821425e-06,4.853974462472320661e-05,6.030222863132087552e-01,-7.701561195528723933e-07,3.076860473599459361e-09,-1.677032360140855081e-08,2.437083906288645701e-10
9.800000000000000711e+00,6.030231000249761664e-01,-8.909068647613862827e-06,4.806464027155484279e-05,6.030222772414484123e-01,-6.822165890766474207e-07,2.869169967094005733e-09,-1.646152752804732754e-08,2.152749743782070471e-10
9.812500000000000000e+00,6.030229924044177015e-01,-8.311197519848122380e-06,4.759577509755589570e-05,6.030222692355301506e-01,-5.996204272539182751e-07,2.665288370822903244e-09,-1.616087112355093900e-08,1.886892282219341515e-10
9.825000000000001066e+00,6.030228922207794273e-01,-7.719148519442514423e-06,4.713309013286782128e-05,6.030222622286963707e-01,-5.223622416667303410e-07,2.465114936943866314e-09,-1.586819538110317104e-08,1.639312447108650763e-10
9.837500000000000355e+00,6.030227994017662851e-01,-7.132844758147752688e-06,4.667652721228077476e-05,6.030222561542520898e-01,-4.504373885953823736e-07,2.268550880015494106e-09,-1.558334530977292109e-08,1.409819483946727123e-10
9.850000000000001421e+00,6.030227138760394512e-01,-6.552210069788245180e-06,4.622602896795448057e-05,6.030222509455557267e-01,-3.838419732423876744e-07,2.075499327304997414e-09,-1.530616985381325656e-08,1.198230843025306359e-10
9.862500000000000711e+00,6.030226355732078991e-01,-5.977169000340597366e-06,4.578153882224418174e-05,6.030222465360099982e-01,-3.225728500627699303e-07,1.885865270092540463e-09,-1.503652181396517515e-08,1.004372068163312798e-10
9.875000000000000000e+00,6.030225644238192961e-01,-5.407646798099890004e-06,4.534300098062901934e-05,6.030222428590517048e-01,-2.666276232005589848e-07,1.699555515946554820e-09,-1.477425777072420863e-08,8.280766893021655040e-11
9.887500000000001066e+00,6.030225003593514543e-01,-4.843569403934538821e-06,4.491036042474346531e-05,6.030222398481435153e-01,-2.160046470319230282e-07,1.516478641946432144e-09,-1.451923800953123388e-08,6.691861189053000017e-11
9.900000000000000355e+00,6.030224433122033378e-01,-4.284863441627615935e-06,4.448356290551025693e-05,6.030222374367634197e-01,-1.707030268150259594e-07,1.336544948828505193e-09,-1.427132644784842535e-08,5.275495521037330660e-11
9.912500000000001421e+00,6.030223932156874023e-01,-3.731456208302588272e-06,4.406255493637353197e-05,6.030222355583961802e-01,-1.307226194467738738e-07,1.159666416031734357e-09,-1.403039056408237785e-08,4.030238705315417438e-11
9.925000000000000711e+00,6.030223500040203799e-01,-3.183275664934195498e-06,4.364728378663267934e-05,6.030222341465237834e-01,-9.606403432685047639e-08,9.857566576208853796e-10,-1.379630132831852994e-08,2.954735497976412064e-11
9.937500000000000000e+00,6.030223136123155081e-01,-2.640250426940866309e-06,4.323769747487435079e-05,6.030222331346155595e-01,-6.672863432909601425e-08,8.147308790640162159e-10,-1.356893313483006671e-08,2.047705705409128933e-11
9.950000000000001066e+00,6.030222839765742027e-01,-2.102309754859395172e-06,4.283374476250336534e-05,6.030222324561193004e-01,-4.271853688064906895e-08,6.465058348429432479e-10,-1.334816373632728837e-08,1.307943330185901494e-11
9.962500000000000355e+00,6.030222610336781752e-01,-1.569383545099870144e-06,4.243537514737096152e-05,6.030222320444514894e-01,-2.403661514905448724e-08,4.809997868748864052e-10,-1.313387417991308841e-08,7.343157517882681302e-12
9.975000000000001421e+00,6.030222447213815506e-01,-1.041402320778879028e-06,4.204253885749919129e-05,6.030222318329881981e-01,-1.068649933761710298e-08,3.181324637239437136e-10,-1.292594874471117635e-08,3.257629417027796224e-12
9.987500000000000711e+00,6.030222349783029845e-01,-5.182972226316994474e-07,4.165518684490203150e-05,6.030222317550549826e-01,-2.672578089383717211e-09,1.578250205822789097e-10,-1.272427488113551939e-08,8.129671243478318772e-13
1.000000000000000000e+01,6.030222317439182245e-01,-2.089836777129347130e-31,4.127327077950076675e-05,6.030222317439182245e-01,0.000000000000000000e+00,9.770972497114457004e-36,-1.252874315176874466e-08,0.000000000000000000e+00
