eta,f,f',f'',F,F',t,t',tp
0.000000000000000000e+00,1.000000000000000000e+00,-3.877710547416419740e-01,2.361447262917901468e-01,8.212136319288229069e-01,-2.818691225061280003e-01,7.447373100034149207e-01,-1.276313449982925396e+00,3.412032410350245293e-01
3.125000000000000173e-03,9.987893676065190407e-01,-3.870339641448709012e-01,2.355935735607048997e-01,8.203335776452210792e-01,-2.813657831129794396e-01,7.407621126342311957e-01,-1.267824616512150726e+00,3.397073111645639298e-01
6.250000000000000347e-03,9.975810359330780086e-01,-3.862985929253104356e-01,2.350443231469598049e-01,8.194550947598874258e-01,-2.808634272203521243e-01,7.368133330752922872e-01,-1.259405935296563417e+00,3.382189864211341823e-01
9.375000000000001388e-03,9.963749996158949296e-01,-3.855649351543965486e-01,2.344969647101101118e-01,8.185781802030737131e-01,-2.803620524673978709e-01,7.328907531853989799e-01,-1.251056713506745188e+00,3.367382200290421346e-01
1.250000000000000069e-02,9.951712533096641611e-01,-3.848329849357556287e-01,2.339514879884543597e-01,8.177028309123968164e-01,-2.798616565012794211e-01,7.289941569761828610e-01,-1.242776266143718722e+00,3.352649655649640459e-01
1.562500000000000000e-02,9.939697916874563610e-01,-3.841027364049600656e-01,2.334078827982921100e-01,8.168290438328139613e-01,-2.793622369771298075e-01,7.251233305877904378e-01,-1.234563915940763090e+00,3.337991769547654641e-01
1.875000000000000278e-02,9.927706094406187898e-01,-3.833741837292852228e-01,2.328661390331897008e-01,8.159568159165974111e-01,-2.788637915580116644e-01,7.212780622648712336e-01,-1.226418993266570556e+00,3.323408084703540766e-01
2.187500000000000208e-02,9.915737012786768334e-01,-3.826473211074692959e-01,2.323262466632541323e-01,8.150861441233101523e-01,-2.783663179148775368e-01,7.174581423328669771e-01,-1.218340836029722540e+00,3.308898147265657008e-01
2.500000000000000139e-02,9.903790619292360820e-01,-3.819221427694753368e-01,2.317881957344147259e-01,8.142170254197810264e-01,-2.778698137265299128e-01,7.136633631745966655e-01,-1.210328789584466103e+00,3.294461506780824167e-01
2.812500000000000069e-02,9.891866861378848519e-01,-3.811986429762552198e-01,2.312519763677126916e-01,8.133494567800806374e-01,-2.773742766795816994e-01,7.098935192071348377e-01,-1.202382206637773843e+00,3.280097716163826727e-01
3.125000000000000000e-02,9.879965686680978187e-01,-3.804768160195161619e-01,2.307175787585983018e-01,8.124834351854967052e-01,-2.768797044684168651e-01,7.061484068589773955e-01,-1.194500447157663237e+00,3.265806331667234219e-01
3.437500000000000278e-02,9.868087043011405379e-01,-3.797566562214892416e-01,2.301849931762358636e-01,8.116189576245097514e-01,-2.763860947951517488e-01,7.024278245474929738e-01,-1.186682878282764975e+00,3.251586912851531230e-01
3.750000000000000555e-02,9.856230878359739656e-01,-3.790381579347001928e-01,2.296542099628160472e-01,8.107560210927693412e-01,-2.758934453695961464e-01,6.987315726566540874e-01,-1.178928874233112767e+00,3.237439022555558266e-01
4.062500000000000833e-02,9.844397140891605336e-01,-3.783213155417419760e-01,2.291252195328756791e-01,8.098946225930697684e-01,-2.754017539092148414e-01,6.950594535150455000e-01,-1.171237816222145955e+00,3.223362226867259595e-01
4.375000000000000416e-02,9.832585778947703359e-01,-3.776061234550501799e-01,2.285980123726250313e-01,8.090347591353264090e-01,-2.749110181390896912e-01,6.914112713741463745e-01,-1.163609092369899400e+00,3.209356095094730299e-01
4.687500000000000000e-02,9.820796741042883138e-01,-3.768925761166797561e-01,2.280725790392821861e-01,8.081764277365518501e-01,-2.744212357918814904e-01,6.877868323868805422e-01,-1.156042097617369313e+00,3.195420199737563638e-01
5.000000000000000278e-02,9.809029975865217743e-01,-3.761806679980843060e-01,2.275489101604146192e-01,8.073196254208324651e-01,-2.739324046077923902e-01,6.841859445864336697e-01,-1.148536233642033944e+00,3.181554116458494841e-01
5.312500000000000555e-02,9.797285432275093520e-01,-3.754703935998970898e-01,2.270269964332879697e-01,8.064643492193046548e-01,-2.734445223345285947e-01,6.806084178653323269e-01,-1.141090908774515134e+00,3.167757424055333004e-01
5.625000000000000139e-02,9.785563059304298594e-01,-3.747617474517145886e-01,2.265068286242216955e-01,8.056105961701316431e-01,-2.729575867272631129e-01,6.770540639547815154e-01,-1.133705537916361417e+00,3.154029704433184977e-01
5.937499999999999722e-02,9.773862806155120264e-01,-3.740547241118811761e-01,2.259883975679516654e-01,8.047583633184798302e-01,-2.724715955485991215e-01,6.735226964042575482e-01,-1.126379542458939120e+00,3.140370542576961244e-01
6.250000000000000000e-02,9.762184622199451267e-01,-3.733493181672768446e-01,2.254716941669996089e-01,8.039076477164963652e-01,-2.719865465685331607e-01,6.700141305613526166e-01,-1.119112350203414596e+00,3.126779526524167130e-01
6.562500000000000278e-02,9.750528456977902714e-01,-3.726455242331059292e-01,2.249567093910493087e-01,8.030584464232851660e-01,-2.715024375644186638e-01,6.665281835518680476e-01,-1.111903395281809148e+00,3.113256247337968241e-01
6.875000000000000555e-02,9.738894260198918129e-01,-3.719433369526884969e-01,2.244434342763295120e-01,8.022107565048850475e-01,-2.710192663209302633e-01,6.630646742601521426e-01,-1.104752118079116663e+00,3.099800299080534005e-01
7.187500000000000833e-02,9.727281981737903038e-01,-3.712427509972531792e-01,2.239318599250032515e-01,8.013645750342457408e-01,-2.705370306300275418e-01,6.596234233096799349e-01,-1.097657965156462856e+00,3.086411278786653223e-01
7.500000000000001110e-02,9.715691571636352331e-01,-3.705437610657320580e-01,2.234219775045639123e-01,8.005198990912062440e-01,-2.700557282909195611e-01,6.562042530438717547e-01,-1.090620389175294358e+00,3.073088786437617181e-01
7.812500000000001388e-02,9.704122980100990947e-01,-3.698463618845575507e-01,2.229137782472375706e-01,7.996767257624713965e-01,-2.695753571100294455e-01,6.528069875071463857e-01,-1.083638848822582545e+00,3.059832424935369777e-01
8.125000000000001665e-02,9.692576157502912348e-01,-3.691505482074609601e-01,2.224072534493917730e-01,7.988350521415898964e-01,-2.690959149009593543e-01,6.494314524262074784e-01,-1.076712808737026572e+00,3.046641800076921314e-01
8.437500000000000555e-02,9.681051054376734744e-01,-3.684563148152730228e-01,2.219023944709504759e-01,7.979948753289317631e-01,-2.686173994844554547e-01,6.460774751915578928e-01,-1.069841739436241390e+00,3.033516520529019878e-01
8.750000000000000833e-02,9.669547621419753991e-01,-3.677636565157261228e-01,2.213991927348153699e-01,7.971561924316660219e-01,-2.681398086883733378e-01,6.427448848392408598e-01,-1.063025117244917439e+00,3.020456197803081388e-01
9.062500000000001110e-02,9.658065809491106490e-01,-3.670725681432585041e-01,2.208976397262932267e-01,7.963190005637387214e-01,-2.676631403476435467e-01,6.394335120328039634e-01,-1.056262424223937568e+00,3.007460446230373341e-01
9.375000000000000000e-02,9.646605569610936515e-01,-3.663830445588199258e-01,2.203977269925292137e-01,7.954832968458505071e-01,-2.671873923042374366e-01,6.361431890454827265e-01,-1.049553148100437205e+00,2.994528882937450009e-01
9.687500000000000278e-02,9.635166852959573536e-01,-3.656950806496795381e-01,2.198994461419463975e-01,7.946490784054351941e-01,-2.667125624071332024e-01,6.328737497426017988e-01,-1.042896782198793115e+00,2.981661127821833568e-01
1.000000000000000056e-01,9.623749610876710658e-01,-3.650086713292350349e-01,2.194027888436910767e-01,7.938163423766372295e-01,-2.662386485122820723e-01,6.296250295641904193e-01,-1.036292825372532311e+00,2.968856803527945565e-01
1.031250000000000083e-01,9.612353794860590828e-01,-3.643238115368239716e-01,2.189077468270837767e-01,7.929850859002908203e-01,-2.657656484825748899e-01,6.263968655078088199e-01,-1.029740781937139804e+00,2.956115535423273766e-01
1.062500000000000111e-01,9.600979356567199696e-01,-3.636404962375364702e-01,2.184143118810764617e-01,7.921553061238975069e-01,-2.652935601878087524e-01,6.231890961115833516e-01,-1.023240161603761633e+00,2.943436951574787686e-01
1.093750000000000000e-01,9.589626247809466264e-01,-3.629587204220295349e-01,2.179224758537148809e-01,7.913270002016051796e-01,-2.648223815046540919e-01,6.200015614374477790e-01,-1.016790479413781423e+00,2.930820682725582271e-01
1.125000000000000028e-01,9.578294420556461297e-01,-3.622784791063436427e-01,2.174322306516070780e-01,7.905001652941863188e-01,-2.643521103166216468e-01,6.168341030545870796e-01,-1.010391255674266242e+00,2.918266362271763614e-01
1.156250000000000056e-01,9.566983826932611290e-01,-3.615997673317200012e-01,2.169435682393971443e-01,7.896747985690167893e-01,-2.638827445140299321e-01,6.136865640230821928e-01,-1.004042015894262452e+00,2.905773626239562812e-01
1.187499999999999944e-01,9.555694419216913538e-01,-3.609225801644206366e-01,2.164564806392446084e-01,7.888508972000546349e-01,-2.634142819939729319e-01,6.105587888777520567e-01,-9.977422907219345438e-01,2.893342113262677429e-01
1.218749999999999972e-01,9.544426149842153428e-01,-3.602469126955488710e-01,2.159709599303092364e-01,7.880284583678189847e-01,-2.629467206602877916e-01,6.074506236121910430e-01,-9.914916158825315406e-01,2.880971464559844430e-01
1.250000000000000000e-01,9.533178971394137280e-01,-3.595727600408722968e-01,2.154869982482412183e-01,7.872074792593688475e-01,-2.624800584235227330e-01,6.043619156629991274e-01,-9.852895321171712961e-01,2.868661323912632954e-01
1.281249999999999889e-01,9.521952836610917403e-01,-3.589001173406471401e-01,2.150045877846767650e-01,7.863879570682824616e-01,-2.620142932009055792e-01,6.012925138942017966e-01,-9.791355851224304851e-01,2.856411337643461890e-01
1.312500000000000056e-01,9.510747698382033821e-01,-3.582289797594437886e-01,2.145237207867386753e-01,7.855698889946363117e-01,-2.615494229163120021e-01,5.982422685818573616e-01,-9.730293254907285139e-01,2.844221154593832290e-01
1.343750000000000222e-01,9.499563509747757095e-01,-3.575593424859743186e-01,2.140443895565424803e-01,7.847532722449844789e-01,-2.610854455002342700e-01,5.952110313988500101e-01,-9.669703086514939150e-01,2.832090426102780722e-01
1.375000000000000111e-01,9.488400223898333374e-01,-3.568912007329215208e-01,2.135665864507073908e-01,7.839381040323376570e-01,-2.606223588897499943e-01,5.921986553998646041e-01,-9.609580948131035694e-01,2.820018805985546329e-01
1.406250000000000000e-01,9.477257794173241656e-01,-3.562245497367690916e-01,2.130903038798726001e-01,7.831243815761433913e-01,-2.601601610284913213e-01,5.892049950065425534e-01,-9.549922489055819863e-01,2.808005950512444948e-01
1.437500000000000167e-01,9.466136174060452158e-01,-3.555593847576338229e-01,2.126155343082182236e-01,7.823121021022646504e-01,-2.596988498666141232e-01,5.862299059928152145e-01,-9.490723405240515387e-01,2.796051518387959733e-01
1.468750000000000333e-01,9.455035317195685796e-01,-3.548957010790987354e-01,2.121422702529916771e-01,7.815012628429606201e-01,-2.592384233607674671e-01,5.832732454704123715e-01,-9.431979438729212184e-01,2.784155170730032713e-01
1.500000000000000222e-01,9.443955177361690323e-01,-3.542334940080483219e-01,2.116705042840385242e-01,7.806918610368652756e-01,-2.587788794740633613e-01,5.803348718745453549e-01,-9.373686377108061407e-01,2.772316571049566192e-01
1.531250000000000111e-01,9.432895708487509800e-01,-3.535727588745046224e-01,2.112002290233384316e-01,7.798838939289680638e-01,-2.583202161760466131e-01,5.774146449497592481e-01,-9.315840052961644746e-01,2.760535385230121763e-01
1.562500000000000000e-01,9.421856864647767393e-01,-3.529134910314651874e-01,2.107314371445457024e-01,7.790773587705936976e-01,-2.578624314426647413e-01,5.745124257359557340e-01,-9.258436343336439167e-01,2.748811281507823057e-01
1.593749999999999889e-01,9.410838600061945947e-01,-3.522556858547422065e-01,2.102641213725347791e-01,7.782722528193819489e-01,-2.574055232562384443e-01,5.716280765545811438e-01,-9.201471169211272727e-01,2.737143930451457208e-01
1.625000000000000056e-01,9.399840869093680773e-01,-3.515993387428031913e-01,2.097982744829501589e-01,7.774685733392678877e-01,-2.569494896054319022e-01,5.687614609949797062e-01,-9.144940494974662659e-01,2.725533004942766180e-01
1.656250000000000222e-01,9.388863626250053551e-01,-3.509444451166130463e-01,2.093338893017611946e-01,7.766663176004622304e-01,-2.564943284852235772e-01,5.659124439009088903e-01,-9.088840327908954686e-01,2.713978180156940145e-01
1.687500000000000111e-01,9.377906826180891775e-01,-3.502910004194774163e-01,2.088709587048211969e-01,7.758654828794314673e-01,-2.560400378968767932e-01,5.630808913572145080e-01,-9.033166717681159197e-01,2.702479133543296830e-01
1.718750000000000000e-01,9.366970423678069313e-01,-3.496390001168875883e-01,2.084094756174312280e-01,7.750660664588785442e-01,-2.555866158479110917e-01,5.602666706766642468e-01,-8.977915755840384371e-01,2.691035544806150148e-01
1.750000000000000167e-01,9.356054373674823621e-01,-3.489884396963665592e-01,2.079494330139083358e-01,7.742680656277228790e-01,-2.551340603520730888e-01,5.574696503869372988e-01,-8.923083575321799632e-01,2.679647095885869246e-01
1.781250000000000333e-01,9.345158631245061853e-01,-3.483393146673164908e-01,2.074908239171581181e-01,7.734714776810813763e-01,-2.546823694293081086e-01,5.546897002177683111e-01,-8.868666349956999539e-01,2.668313470940121279e-01
1.812500000000000222e-01,9.334283151602682516e-01,-3.476916205608677757e-01,2.070336413982517276e-01,7.726762999202491100e-01,-2.542315411057318175e-01,5.519266910882418831e-01,-8.814660293990715934e-01,2.657034356325296276e-01
1.843750000000000111e-01,9.323427890100899340e-01,-3.470453529297288231e-01,2.065778785760071512e-01,7.718825296526797830e-01,-2.537815734136016910e-01,5.491804950942391628e-01,-8.761061661603763984e-01,2.645809440578114069e-01
1.875000000000000000e-01,9.312592802231568490e-01,-3.464005073480376784e-01,2.061235286165747083e-01,7.710901641919666316e-01,-2.533324643912892027e-01,5.464509854960312163e-01,-8.707866746442149974e-01,2.634638414397410533e-01
1.906249999999999889e-01,9.301777843624521314e-01,-3.457570794112148627e-01,2.056705847330268788e-01,7.702992008578237737e-01,-2.528842120832519025e-01,5.437380367060185016e-01,-8.655071881152246460e-01,2.623520970626102011e-01
1.937500000000000056e-01,9.290982970046902656e-01,-3.451150647358171564e-01,2.052190401849521284e-01,7.695096369760665578e-01,-2.524368145400056052e-01,5.410415242766158928e-01,-8.602673436921959293e-01,2.612456804233322938e-01
1.968750000000000222e-01,9.280208137402511381e-01,-3.444744589593929929e-01,2.047688882780530073e-01,7.687214698785933553e-01,-2.519902698180970235e-01,5.383613248882789248e-01,-8.550667823027789938e-01,2.601445612296737209e-01
2.000000000000000111e-01,9.269453301731144235e-01,-3.438352577403390176e-01,2.043201223637483022e-01,7.679346969033663539e-01,-2.515445759800762904e-01,5.356973163376710367e-01,-8.499051486387728671e-01,2.590487093985023304e-01
2.031250000000000000e-01,9.258718419207951911e-01,-3.431974567577576463e-01,2.038727358387789346e-01,7.671493153943927945e-01,-2.510997310944698691e-01,5.330493775259699252e-01,-8.447820911119880982e-01,2.579580950540525386e-01
2.062500000000000167e-01,9.248003446142791795e-01,-3.425610517113162334e-01,2.034267221448183560e-01,7.663653227017065417e-01,-2.506557332357534640e-01,5.304173884473106781e-01,-8.396972618106754993e-01,2.568726885262075377e-01
2.093750000000000333e-01,9.237308338979585143e-01,-3.419260383211072951e-01,2.029820747680862736e-01,7.655827161813494319e-01,-2.502125804843253198e-01,5.278012301773641335e-01,-8.346503164565143296e-01,2.557924603487978232e-01
2.125000000000000222e-01,9.226633054295683145e-01,-3.412924123275096755e-01,2.025387872389668720e-01,7.648014931953530660e-01,-2.497702709264793819e-01,5.252007848620491304e-01,-8.296409143621494842e-01,2.547173812579163199e-01
2.156250000000000111e-01,9.215977548801237429e-01,-3.406601694910513234e-01,2.020968531316302830e-01,7.640216511117199349e-01,-2.493288026543789559e-01,5.226159357063763222e-01,-8.246687183892728035e-01,2.536474221902497717e-01
2.187500000000000000e-01,9.205341779338567232e-01,-3.400293055922728458e-01,2.016562660636582738e-01,7.632431873044054349e-01,-2.488881737660302851e-01,5.200465669634221078e-01,-8.197333949072389547e-01,2.525825542814258418e-01
2.218749999999999889e-01,9.194725702881539897e-01,-3.393998164315927824e-01,2.012170196956736268e-01,7.624660991532995480e-01,-2.484483823652564038e-01,5.174925639234309038e-01,-8.148346137522105570e-01,2.515227488643764775e-01
2.250000000000000056e-01,9.184129276534952480e-01,-3.387716978291733239e-01,2.007791077309729610e-01,7.616903840442090790e-01,-2.480094265616711868e-01,5.149538129030452049e-01,-8.099720481868230015e-01,2.504679774677168735e-01
2.281250000000000222e-01,9.173552457533912241e-01,-3.381449456247875851e-01,2.003425239151636339e-01,7.609160393688387813e-01,-2.475713044706534527e-01,5.124302012346596547e-01,-8.051453748603638605e-01,2.494182118141398674e-01
2.312500000000000111e-01,9.162995203243231579e-01,-3.375195556776882100e-01,1.999072620358039454e-01,7.601430625247742601e-01,-2.471340142133213458e-01,5.099216172558994620e-01,-8.003542737694580023e-01,2.483734238188257115e-01
2.343750000000000000e-01,9.152457471156816293e-01,-3.368955238664764762e-01,1.994733159220470065e-01,7.593714509154635417e-01,-2.466975539165067455e-01,5.074279502992209423e-01,-7.955984282192531953e-01,2.473335855878672218e-01
2.375000000000000167e-01,9.141939218897067176e-01,-3.362728460889730098e-01,1.990406794442883265e-01,7.586012019501994219e-01,-2.462619217127299809e-01,5.049490906816318514e-01,-7.908775247850978740e-01,2.462986694167096924e-01
2.406250000000000333e-01,9.131440404214278272e-01,-3.356515182620896653e-01,1.986093465138166758e-01,7.578323130441017019e-01,-2.458271157401745732e-01,5.024849296945320676e-01,-7.861912532747055149e-01,2.452686477886059369e-01
2.437500000000000222e-01,9.120960984986044018e-01,-3.350315363217018505e-01,1.981793110824685844e-01,7.570647816180995360e-01,-2.453931341426622836e-01,5.000353595936702922e-01,-7.815393066907980746e-01,2.442434933730858737e-01
2.468750000000000111e-01,9.110500919216667493e-01,-3.344128962225226820e-01,1.977505671422861433e-01,7.562986050989140008e-01,-2.449599750696280775e-01,4.976002735892174900e-01,-7.769213811942220493e-01,2.432231790244407943e-01
2.500000000000000000e-01,9.100060165036575333e-01,-3.337955939379777526e-01,1.973231087251783311e-01,7.555337809190402210e-01,-2.445276366760955611e-01,4.951795658359550156e-01,-7.723371760675312725e-01,2.422076777802218417e-01
2.531249999999999889e-01,9.089638680701732643e-01,-3.331796254600810636e-01,1.968969299025855046e-01,7.547703065167302716e-01,-2.440961171226523063e-01,4.927731314235755389e-01,-7.677863936790298993e-01,2.411969628597530058e-01
2.562499999999999778e-01,9.079236424593066790e-01,-3.325649867993120679e-01,1.964720247851474977e-01,7.540081793359757478e-01,-2.436654145754253431e-01,4.903808663670953805e-01,-7.632687394472683629e-01,2.401910076626579404e-01
2.593750000000000222e-01,9.068853355215887868e-01,-3.319516739844936004e-01,1.960483875223746897e-01,7.532473968264904451e-01,-2.432355272060570950e-01,4.880026675973777039e-01,-7.587839218059876378e-01,2.391897857674008254e-01
2.625000000000000111e-01,9.058489431199324704e-01,-3.313396830626710310e-01,1.956260123023225161e-01,7.524879564436932622e-01,-2.428064531916810653e-01,4.856384329517641207e-01,-7.543316521695049293e-01,2.381932709298412443e-01
2.656250000000000000e-01,9.048144611295748652e-01,-3.307290100989921933e-01,1.952048933512690321e-01,7.517298556486909922e-01,-2.423781907148979398e-01,4.832880611648139868e-01,-7.499116448985340133e-01,2.372014370818021356e-01
2.687500000000000444e-01,9.037818854380215150e-01,-3.301196511765884800e-01,1.947850249333958894e-01,7.509730919082612255e-01,-2.419507379637516886e-01,4.809514518591493926e-01,-7.455236172664360117e-01,2.362142583296519271e-01
2.718750000000000333e-01,9.027512119449904171e-01,-3.295116023964569929e-01,1.943664013504722010e-01,7.502176626948353633e-01,-2.415240931317059470e-01,4.786285055364060681e-01,-7.411672894258937161e-01,2.352317089528994654e-01
2.750000000000000222e-01,9.017224365623558446e-01,-3.289048598773434140e-01,1.939490169415415133e-01,7.494635654864820751e-01,-2.410982544176204223e-01,4.763191235682861513e-01,-7.368423843760031344e-01,2.342537634028025173e-01
2.781250000000000111e-01,9.006955552140938348e-01,-3.282994197556260429e-01,1.935328660826121094e-01,7.487107977668898684e-01,-2.406732200257275245e-01,4.740232081877146508e-01,-7.325486279297785952e-01,2.332803963009891790e-01
2.812500000000000000e-01,8.996705638362263446e-01,-3.276952781852008889e-01,1.931179431863500884e-01,7.479593570253508794e-01,-2.402489881656090787e-01,4.717406624800959403e-01,-7.282857486820634163e-01,2.323115824380921901e-01
2.843750000000000444e-01,8.986474583767676272e-01,-3.270924313373674286e-01,1.927042427017754411e-01,7.472092407567438865e-01,-2.398255570521732327e-01,4.694713903746702277e-01,-7.240534779778425856e-01,2.313472967723961549e-01
2.875000000000000333e-01,8.976262347956693866e-01,-3.264908754007155300e-01,1.922917591139613469e-01,7.464604464615178792e-01,-2.394029249056314479e-01,4.672152966359684467e-01,-7.198515498809506807e-01,2.303875144284973642e-01
2.906250000000000222e-01,8.966068890647671541e-01,-3.258906065810133756e-01,1.918804869437360783e-01,7.457129716456751822e-01,-2.389810899514756837e-01,4.649722868553639032e-01,-7.156797011431706990e-01,2.294322106959761076e-01
2.937500000000000666e-01,8.955894171677265536e-01,-3.252916211010959402e-01,1.914704207473879316e-01,7.449668138207555801e-01,-2.385600504204557215e-01,4.627422674427206228e-01,-7.115376711737179116e-01,2.284813610280814200e-01
2.968750000000000555e-01,8.945738150999905658e-01,-3.246939152007548013e-01,1.910615551163732662e-01,7.442219705038193300e-01,-2.381398045485564885e-01,4.605251456181358449e-01,-7.074252020091036375e-01,2.275349410404281236e-01
3.000000000000000444e-01,8.935600788687264595e-01,-3.240974851366287823e-01,1.906538846770269024e-01,7.434784392174311751e-01,-2.377203505769757974e-01,4.583208294037763864e-01,-7.033420382833739382e-01,2.265929265097058887e-01
3.031250000000000333e-01,8.925482044927732783e-01,-3.235023271820950952e-01,1.902474040902757957e-01,7.427362174896440239e-01,-2.373016867521018924e-01,4.561292276158072090e-01,-6.992879271987183509e-01,2.256552933724003673e-01
3.062500000000000222e-01,8.915381880025895489e-01,-3.229084376271620371e-01,1.898421080513550963e-01,7.419953028539826301e-01,-2.368838113254914113e-01,4.539502498564116917e-01,-6.952626184964435518e-01,2.247220177235262906e-01
3.093750000000000111e-01,8.905300254402019888e-01,-3.223158127783619653e-01,1.894379912895272911e-01,7.412556928494276054e-01,-2.364667225538472917e-01,4.517838065059016084e-01,-6.912658644283063980e-01,2.237930758153721111e-01
3.125000000000000000e-01,8.895237128591535480e-01,-3.217244489586454925e-01,1.890350485678038428e-01,7.405173850203996544e-01,-2.360504186989968445e-01,4.496298087149162570e-01,-6.872974197282029074e-01,2.228684440562564706e-01
3.156249999999999889e-01,8.885192463244524497e-01,-3.211343425072765156e-01,1.886332746826695494e-01,7.397803769167428101e-01,-2.356348980278700767e-01,4.474881683967097401e-01,-6.833570415842075141e-01,2.219480990092960737e-01
3.187499999999999778e-01,8.875166219125214528e-01,-3.205454897797279101e-01,1.882326644638095958e-01,7.390446660937092238e-01,-2.352201588124779863e-01,4.453587982195246209e-01,-6.794444896109574916e-01,2.210320173911849428e-01
3.218750000000000222e-01,8.865158357111471155e-01,-3.199578871475782238e-01,1.878332127738392143e-01,7.383102501119432892e-01,-2.348061993298911354e-01,4.432416115990518435e-01,-6.755595258223789923e-01,2.201201760709849409e-01
3.250000000000000111e-01,8.855168838194299452e-01,-3.193715309984093143e-01,1.874349145080360934e-01,7.375771265374654329e-01,-2.343930178622181393e-01,4.411365226909751414e-01,-6.717019146047497058e-01,2.192125520689275353e-01
3.281250000000000000e-01,8.845197623477343285e-01,-3.187864177357045414e-01,1.870377645940748956e-01,7.368452929416566821e-01,-2.339806126965845168e-01,4.390434463835988788e-01,-6.678714226900931417e-01,2.183091225552264703e-01
3.312500000000000444e-01,8.835244674176390145e-01,-3.182025437787480704e-01,1.866417579917649394e-01,7.361147469012431221e-01,-2.335689821251115406e-01,4.369622982905589925e-01,-6.640678191299007604e-01,2.174098648489014018e-01
3.343750000000000333e-01,8.825309951618879323e-01,-3.176199055625247292e-01,1.862468896927899908e-01,7.353854859982799086e-01,-2.331581244448952261e-01,4.348929947436151466e-01,-6.602908752691777350e-01,2.165147564166123584e-01
3.375000000000000222e-01,8.815393417243413410e-01,-3.170384995376209214e-01,1.858531547204505530e-01,7.346575078201363906e-01,-2.327480379579854319e-01,4.328354527855236000e-01,-6.565403647208067905e-01,2.156237748715048308e-01
3.406250000000000111e-01,8.805495032599269800e-01,-3.164583221701260940e-01,1.854605481294088198e-01,7.339308099594799017e-01,-2.323387209713651536e-01,4.307895901629898994e-01,-6.528160633402277924e-01,2.147368979720655491e-01
3.437500000000000000e-01,8.795614759345923295e-01,-3.158793699415352596e-01,1.850690650054358788e-01,7.332053900142612157e-01,-2.319301717969298737e-01,4.287553253196998981e-01,-6.491177492004273075e-01,2.138541036209885560e-01
3.468750000000000444e-01,8.785752559252558713e-01,-3.153016393486520741e-01,1.846787004651613828e-01,7.324812455876983375e-01,-2.315223887514669676e-01,4.267325773894286023e-01,-6.454452025672344773e-01,2.129753698640518556e-01
3.500000000000000333e-01,8.775908394197600160e-01,-3.147251269034929133e-01,1.842894496558257211e-01,7.317583742882619591e-01,-2.311153701566354413e-01,4.247212661892260099e-01,-6.417982058749196472e-01,2.121006748890041094e-01
3.531250000000000222e-01,8.766082226168233626e-01,-3.141498291331913939e-01,1.839013077550342989e-01,7.310367737296600277e-01,-2.307091143389455867e-01,4.227213122126779465e-01,-6.381765437020915366e-01,2.112299970244616298e-01
3.562500000000000666e-01,8.756274017259938480e-01,-3.135757425799041154e-01,1.835142699705142599e-01,7.303164415308224244e-01,-2.303036196297388316e-01,4.207326366232428394e-01,-6.345800027478876171e-01,2.103633147388152547e-01
3.593750000000000555e-01,8.746483729676015617e-01,-3.130028638007166797e-01,1.831283315398737066e-01,7.295973753158861985e-01,-2.298988843651676717e-01,4.187551612476616003e-01,-6.310083718084569249e-01,2.095006066391474353e-01
3.625000000000000444e-01,8.736711325727128941e-01,-3.124311893675508767e-01,1.827434877303628913e-01,7.288795727141803571e-01,-2.294949068861757979e-01,4.167888085694407829e-01,-6.274614417537278666e-01,2.086418514701588178e-01
3.656250000000000333e-01,8.726956767830834627e-01,-3.118607158670721469e-01,1.823597338386378219e-01,7.281630313602109883e-01,-2.290916855384783068e-01,4.148335017224081267e-01,-6.239390055044597982e-01,2.077870281131047325e-01
3.687500000000000222e-01,8.717220018511130375e-01,-3.112914399005985433e-01,1.819770651905261161e-01,7.274477488936466063e-01,-2.286892186725419662e-01,4.128891644843391551e-01,-6.204408580095737147e-01,2.069361155847413980e-01
3.718750000000000111e-01,8.707501040397992442e-01,-3.107233580840093046e-01,1.815954771407949364e-01,7.267337229593027192e-01,-2.282875046435655919e-01,4.109557212706541618e-01,-6.169667962237581627e-01,2.060890930362815343e-01
3.750000000000000000e-01,8.697799796226926006e-01,-3.101564670476553709e-01,1.812149650729213413e-01,7.260209512071277294e-01,-2.278865418114606745e-01,4.090330971281848083e-01,-6.135166190853472701e-01,2.052459397523593576e-01
3.781249999999999889e-01,8.688116248838509970e-01,-3.095907634362695671e-01,1.808355243988645222e-01,7.253094312921880560e-01,-2.274863285408320335e-01,4.071212177290096101e-01,-6.100901274944671160e-01,2.044066351500051226e-01
3.812499999999999778e-01,8.678450361177956207e-01,-3.090262439088782287e-01,1.804571505588403735e-01,7.245991608746532586e-01,-2.270868632009584998e-01,4.052200093643569812e-01,-6.066871242914466666e-01,2.035711587776286580e-01
3.843750000000000222e-01,8.668802096294656589e-01,-3.084629051387131615e-01,1.800798390210980593e-01,7.238901376197816040e-01,-2.266881441657737639e-01,4.033293989385755562e-01,-6.033074142354902802e-01,2.027394903140122828e-01
3.875000000000000111e-01,8.659171417341745558e-01,-3.079007438131242669e-01,1.797035852816988299e-01,7.231823591979056332e-01,-2.262901698138475304e-01,4.014493139631706842e-01,-5.999508039836080053e-01,2.019116095673126055e-01
3.906250000000000000e-01,8.649558287575656035e-01,-3.073397566334932773e-01,1.793283848642966971e-01,7.224758232844176176e-01,-2.258929385283663938e-01,3.995796825509064232e-01,-5.966171020698001204e-01,2.010874964740713700e-01
3.937500000000000444e-01,8.639962670355686436e-01,-3.067799403151475479e-01,1.789542333199212742e-01,7.217705275597553483e-01,-2.254964486971151871e-01,3.977204334099719296e-01,-5.933061188844935829e-01,2.002671310982351294e-01
3.968750000000000333e-01,8.630384529143564354e-01,-3.062212915872749575e-01,1.785811262267627542e-01,7.210664697093873698e-01,-2.251006987124581638e-01,3.958714958382122950e-01,-5.900176666542256143e-01,1.994504936301837450e-01
4.000000000000000222e-01,8.620823827503014680e-01,-3.056638071928394207e-01,1.782090591899585796e-01,7.203636474237989917e-01,-2.247056869713205673e-01,3.940327997174218333e-01,-5.867515594215721997e-01,1.986375643857675732e-01
4.031250000000000111e-01,8.611280529099328840e-01,-3.051074838884969553e-01,1.778380278413824178e-01,7.196620583984782993e-01,-2.243114118751699804e-01,3.922042755077000398e-01,-5.835076130253182836e-01,1.978283238053531179e-01
4.062500000000000000e-01,8.601754597698944016e-01,-3.045523184445124709e-01,1.774680278394349664e-01,7.189617003339012768e-01,-2.239178718299980053e-01,3.903858542418692235e-01,-5.802856450808664412e-01,1.970227524528775087e-01
4.093750000000000444e-01,8.592245997169010163e-01,-3.039983076446772792e-01,1.770990548688366750e-01,7.182625709355185961e-01,-2.235250652463021126e-01,3.885774675199528683e-01,-5.770854749608796963e-01,1.962208310149109736e-01
4.125000000000000333e-01,8.582754691476975895e-01,-3.034454482862269376e-01,1.767311046404223540e-01,7.175646679137407391e-01,-2.231329905390672386e-01,3.867790475037141129e-01,-5.739069237761582620e-01,1.954225402997281646e-01
4.156250000000000222e-01,8.573280644690167707e-01,-3.028937371797602029e-01,1.763641728909378925e-01,7.168679889839246755e-01,-2.227416461277479109e-01,3.849905269112535167e-01,-5.707498143567438786e-01,1.946278612363871452e-01
4.187500000000000666e-01,8.563823820975372536e-01,-3.023431711491582630e-01,1.759982553828385310e-01,7.161725318663594297e-01,-2.223510304362501799e-01,3.832118390116658335e-01,-5.676139712332510801e-01,1.938367748738171747e-01
4.218750000000000555e-01,8.554384184598424756e-01,-3.017937470315046333e-01,1.756333479040893542e-01,7.154782942862523143e-01,-2.219611418929138269e-01,3.814429176197546845e-01,-5.644992206184216155e-01,1.930492623799141272e-01
4.250000000000000444e-01,8.544961699923793175e-01,-3.012454616770060545e-01,1.752694462679673104e-01,7.147852739737153849e-01,-2.215719789304945175e-01,3.796836970908041287e-01,-5.614053903888992503e-01,1.922653050406440967e-01
4.281250000000000333e-01,8.535556331414175801e-01,-3.006983119489132217e-01,1.749065463128652576e-01,7.140934686637514517e-01,-2.211835399861462048e-01,3.779341123154074111e-01,-5.583323100672217265e-01,1.914848842591549138e-01
4.312500000000000222e-01,8.526168043630090176e-01,-3.001522947234430139e-01,1.745446439020977847e-01,7.134028760962400906e-01,-2.207958235014035042e-01,3.761940987143513326e-01,-5.552798108040279956e-01,1.907079815548955726e-01
4.343750000000000111e-01,8.516796801229469249e-01,-2.996074068897007781e-01,1.741837349237086163e-01,7.127134940159246534e-01,-2.204088279221643187e-01,3.744635922335559086e-01,-5.522477253604770597e-01,1.899345785627432059e-01
4.375000000000000000e-01,8.507442568967263918e-01,-2.990636453496032243e-01,1.738238152902801259e-01,7.120253201723978353e-01,-2.200225516986722973e-01,3.727425293390688732e-01,-5.492358880908758678e-01,1.891646570321381671e-01
4.406249999999999889e-01,8.498105311695037800e-01,-2.985210070178022645e-01,1.734648809387443480e-01,7.113383523200890179e-01,-2.196369932854998208e-01,3.710308470121136959e-01,-5.462441349255139356e-01,1.883981988262262708e-01
4.437499999999999778e-01,8.488784994360577540e-01,-2.979794888216090176e-01,1.731069278301957393e-01,7.106525882182499476e-01,-2.192521511415305713e-01,3.693284827441914442e-01,-5.432723033537013579e-01,1.876351859210087791e-01
4.468750000000000222e-01,8.479481582007489804e-01,-2.974390877009187029e-01,1.727499519497057989e-01,7.099680256309417459e-01,-2.188680237299425735e-01,3.676353745322347710e-01,-5.403202324070092155e-01,1.868756004044999641e-01
4.500000000000000111e-01,8.470195039774818246e-01,-2.968998006081359220e-01,1.723939493061391603e-01,7.092846623270214756e-01,-2.184846095181912640e-01,3.659514608738148045e-01,-5.373877626427067122e-01,1.861194244758919147e-01
4.531250000000000000e-01,8.460925332896646056e-01,-2.963616245081007183e-01,1.720389159319716255e-01,7.086024960801287076e-01,-2.181019069779923936e-01,3.642766807623983305e-01,-5.344747361273960440e-01,1.853666404447265881e-01
4.562500000000000444e-01,8.451672426701712926e-01,-2.958245563780149134e-01,1.716848478831095037e-01,7.079215246686721974e-01,-2.177199145853055129e-01,3.626109736826568786e-01,-5.315809964208402238e-01,1.846172307300752713e-01
4.593750000000000333e-01,8.442436286613030916e-01,-2.952885932073692765e-01,1.713317412387111160e-01,7.072417458758168962e-01,-2.173386308203169859e-01,3.609542796058255454e-01,-5.287063885599814217e-01,1.838711778597252045e-01
4.625000000000000222e-01,8.433216878147495876e-01,-2.947537319978711379e-01,1.709795921010092423e-01,7.065631574894702949e-01,-2.169580541674235863e-01,3.593065389851113900e-01,-5.258507590431491519e-01,1.831284644693730590e-01
4.656250000000000111e-01,8.424014166915513302e-01,-2.942199697633725020e-01,1.706283965951358450e-01,7.058857573022699894e-01,-2.165781831152158721e-01,3.576676927511511228e-01,-5.230139558144532019e-01,1.823890733018258270e-01
4.687500000000000000e-01,8.414828118620614195e-01,-2.936873035297987156e-01,1.702781508689479029e-01,7.052095431115696922e-01,-2.161990161564617818e-01,3.560376823075172559e-01,-5.201958282483616358e-01,1.816529872062083162e-01
4.718750000000000444e-01,8.405658699059084249e-01,-2.931557303350778576e-01,1.699288510928550211e-01,7.045345127194272417e-01,-2.158205517880902313e-01,3.544164495262719372e-01,-5.173962271344597630e-01,1.809201891371777227e-01
4.750000000000000333e-01,8.396505874119586377e-01,-2.926252472290704620e-01,1.695804934596487346e-01,7.038606639325907244e-01,-2.154427885111750429e-01,3.528039367435684137e-01,-5.146150046623880758e-01,1.801906621541451148e-01
4.781250000000000222e-01,8.387369609782788782e-01,-2.920958512734998513e-01,1.692330741843329212e-01,7.031879945624860406e-01,-2.150657248309184866e-01,3.512000867552991790e-01,-5.118520144069574895e-01,1.794643894205032730e-01
4.812500000000000666e-01,8.378249872120997477e-01,-2.915675395418829141e-01,1.688865895039562137e-01,7.025165024252039148e-01,-2.146893592566355424e-01,3.496048428127901397e-01,-5.091071113134385540e-01,1.787413542028616908e-01
4.843750000000000555e-01,8.369146627297788799e-01,-2.910403091194616043e-01,1.685410356774457163e-01,7.018461853414871277e-01,-2.143136903017376083e-01,3.480181486185409678e-01,-5.063801516830240823e-01,1.780215398702879315e-01
4.875000000000000444e-01,8.360059841567639705e-01,-2.905141571031347181e-01,1.681964089854421085e-01,7.011770411367174161e-01,-2.139387164837168454e-01,3.464399483220102494e-01,-5.036709931584611999e-01,1.773049298935555351e-01
4.906250000000000333e-01,8.350989481275570281e-01,-2.899890806013903366e-01,1.678527057301364422e-01,7.005090676409031492e-01,-2.135644363241301913e-01,3.448701865154451540e-01,-5.009794947098513695e-01,1.765915078443985875e-01
4.937500000000000222e-01,8.341935512856780699e-01,-2.894650767342386577e-01,1.675099222351082717e-01,6.998422626886666720e-01,-2.131908483485837058e-01,3.433088082297557353e-01,-4.983055166206171172e-01,1.758812573947724223e-01
4.968750000000000111e-01,8.332897902836289283e-01,-2.889421426331456599e-01,1.671680548451652537e-01,6.991766241192313158e-01,-2.128179510867169444e-01,3.417557589304323074e-01,-4.956489204736314602e-01,1.751741623161210959e-01
5.000000000000000000e-01,8.323876617828579461e-01,-2.884202754409667113e-01,1.668270999261842191e-01,6.985121497764088527e-01,-2.124457430721873319e-01,3.402109845135061206e-01,-4.930095691375102618e-01,1.744702064786506912e-01
5.031250000000000444e-01,8.314871624537243378e-01,-2.878994723118811216e-01,1.664870538649535769e-01,6.978488375085876161e-01,-2.120742228426547582e-01,3.386744313015527807e-01,-4.903873267530633462e-01,1.737693738506092545e-01
5.062500000000000888e-01,8.305882889754627740e-01,-2.873797304113269724e-01,1.661479130690173556e-01,6.971866851687188449e-01,-2.117033889397662016e-01,3.371460460397375791e-01,-4.877820587199038771e-01,1.730716484975727276e-01
5.093750000000001332e-01,8.296910380361486315e-01,-2.868610469159366128e-01,1.658096739665202157e-01,6.965256906143055815e-01,-2.113332399091402969e-01,3.356257758919021783e-01,-4.851936316832129448e-01,1.723770145817370147e-01
5.125000000000000666e-01,8.287954063326626875e-01,-2.863434190134724888e-01,1.654723330060542952e-01,6.958658517073891270e-01,-2.109637743003522636e-01,3.341135684366932090e-01,-4.826219135206582522e-01,1.716854563612160434e-01
5.156250000000000000e-01,8.279013905706568144e-01,-2.858268439027633057e-01,1.651358866565071637e-01,6.952071663145376057e-01,-2.105949906669186134e-01,3.326093716637303355e-01,-4.800667733294642914e-01,1.709969581893459878e-01
5.187500000000000444e-01,8.270089874645192296e-01,-2.853113187936410777e-01,1.648003314069111103e-01,6.945496323068327538e-01,-2.102268875662822167e-01,3.311131339698157316e-01,-4.775280814136324548e-01,1.703115045139952377e-01
5.218750000000000888e-01,8.261181937373404116e-01,-2.847968409068782902e-01,1.644656637662938736e-01,6.938932475598587057e-01,-2.098594635597972879e-01,3.296248041551823049e-01,-4.750057092713096951e-01,1.696290798768804731e-01
5.250000000000000222e-01,8.252290061208787941e-01,-2.842834074741256711e-01,1.641318802635307050e-01,6.932380099536890050e-01,-2.094927172127144244e-01,3.281443314197819427e-01,-4.724995295823023467e-01,1.689496689128884011e-01
5.281249999999999556e-01,8.243414213555271264e-01,-2.837710157378503517e-01,1.637989774471976245e-01,6.925839173728747244e-01,-2.091266470941657851e-01,3.266716653596115072e-01,-4.700094161957346639e-01,1.682732563494030997e-01
5.312500000000000000e-01,8.234554361902785002e-01,-2.832596629512746933e-01,1.634669518854260373e-01,6.919309677064323649e-01,-2.087612517771504639e-01,3.252067559630784088e-01,-4.675352441178499130e-01,1.675998270056395512e-01
5.343750000000000444e-01,8.225710473826929325e-01,-2.827493463783151140e-01,1.631358001657586820e-01,6.912791588478318650e-01,-2.083965298385196951e-01,3.237495536074032620e-01,-4.650768894999524061e-01,1.669293657919824203e-01
5.374999999999999778e-01,8.216882516988642804e-01,-2.822400632935219145e-01,1.628055188950067456e-01,6.906284886949843882e-01,-2.080324798589623103e-01,3.223000090550602881e-01,-4.626342296264880360e-01,1.662618577093305239e-01
5.437499999999999556e-01,8.199274268093232898e-01,-2.812245867394476129e-01,1.621475542229925404e-01,6.893305561203290077e-01,-2.073063901189249603e-01,3.194236983155777088e-01,-4.577955088461242439e-01,1.649356413893499629e-01
5.500000000000000444e-01,8.181729358198220892e-01,-2.802132116958585550e-01,1.614930311038891286e-01,6.880371532541283974e-01,-2.065829712787506933e-01,3.165774374164000426e-01,-4.530181222704589561e-01,1.636210598385742787e-01
5.562500000000000222e-01,8.164247531629651444e-01,-2.792059167359104976e-01,1.608419230715699699e-01,6.867482634383454965e-01,-2.058622121206335198e-01,3.137608459718234655e-01,-4.483011277836859709e-01,1.623179962571135171e-01
5.625000000000000000e-01,8.146828534047596548e-01,-2.782026805972482308e-01,1.601942039549169861e-01,6.854638700848667554e-01,-2.051441014867948498e-01,3.109735494309577852e-01,-4.436436003021707042e-01,1.610263352322529873e-01
5.687500000000000888e-01,8.129472112435934816e-01,-2.772034821801753757e-01,1.595498478735419001e-01,6.841839566751281021e-01,-2.044286282790347131e-01,3.082151789723731050e-01,-4.390446314246198023e-01,1.597459627187662323e-01
5.750000000000000666e-01,8.112178015092238459e-01,-2.762083005458504936e-01,1.589088292335814889e-01,6.829085067597442382e-01,-2.037157814582877813e-01,3.054853714009078680e-01,-4.345033290901937906e-01,1.584767660195572359e-01
5.812500000000000444e-01,8.094945991617777947e-01,-2.752171149145090645e-01,1.582711227235658880e-01,6.816375039581407114e-01,-2.030055500441840521e-01,3.027837690465888243e-01,-4.300188172443660251e-01,1.572186337666239553e-01
5.875000000000000222e-01,8.077775792907632146e-01,-2.742299046637113880e-01,1.576367033103578119e-01,6.803709319581875414e-01,-2.022979231146138368e-01,3.001100196656162344e-01,-4.255902355123393765e-01,1.559714559023388236e-01
5.937500000000000000e-01,8.060667171140912801e-01,-2.732466493266155760e-01,1.570055462351621633e-01,6.791087745158375100e-01,-2.015928898052974927e-01,2.974637763433668480e-01,-4.212167388798331302e-01,1.547351236610388925e-01
6.000000000000000888e-01,8.043619879771087833e-01,-2.722673285902749152e-01,1.563776270096037257e-01,6.778510154547651156e-01,-2.008904393093594865e-01,2.948446973993694153e-01,-4.168974973810604667e-01,1.535095295509203150e-01
6.062500000000000666e-01,8.026633673516424539e-01,-2.712919222939603192e-01,1.557529214118724969e-01,6.765976386660097486e-01,-2.001905608769069256e-01,2.922524462942086010e-01,-4.126316957937204988e-01,1.522945673362314511e-01
6.125000000000000444e-01,8.009708308350517170e-01,-2.703204104275057085e-01,1.551314054829343869e-01,6.753486281076207520e-01,-1.994932438146121145e-01,2.896866915383130570e-01,-4.084185333408328344e-01,1.510901320197586550e-01
6.187500000000000222e-01,7.992843541492934412e-01,-2.693527731296774808e-01,1.545130555228068914e-01,6.741039678043049266e-01,-1.987984774852997738e-01,2.871471066025868546e-01,-4.042572233992484110e-01,1.498961198255994443e-01
6.250000000000000000e-01,7.976039131399961235e-01,-2.683889906865670194e-01,1.538978480868979648e-01,6.728636418470769209e-01,-1.981062513075381448e-01,2.846333698308416982e-01,-4.001469932146746733e-01,1.487124281822178040e-01
6.312500000000000888e-01,7.959294837755435115e-01,-2.674290435300056834e-01,1.532857599824069827e-01,6.716276343929123982e-01,-1.974165547552343414e-01,2.821451643539907850e-01,-3.960870836230552805e-01,1.475389557057757706e-01
6.375000000000000666e-01,7.942610421461696601e-01,-2.664729122360021685e-01,1.526767682647865720e-01,6.703959296644030896e-01,-1.967293773572339755e-01,2.796821780059640661e-01,-3.920767487781521288e-01,1.463756021837370469e-01
6.437500000000000444e-01,7.925985644630616500e-01,-2.655205775232020171e-01,1.520708502342641710e-01,6.691685119494148459e-01,-1.960447086969243913e-01,2.772441032413076600e-01,-3.881152558851778678e-01,1.452222685587364059e-01
6.500000000000000222e-01,7.909420270574731848e-01,-2.645720202513681119e-01,1.514679834324221264e-01,6.679453656007479090e-01,-1.953625384118423125e-01,2.748306370544289501e-01,-3.842018849403343039e-01,1.440788569127110785e-01
6.562500000000000000e-01,7.892914063798475155e-01,-2.636272214198832620e-01,1.508681456388352438e-01,6.667264750357995151e-01,-1.946828561932851809e-01,2.724414809004520599e-01,-3.803359284761128056e-01,1.429452704512884920e-01
6.625000000000000888e-01,7.876466789989492456e-01,-2.626861621662725521e-01,1.502713148677647104e-01,6.655118247362297179e-01,-1.940056517859264640e-01,2.700763406176472370e-01,-3.765166913122195980e-01,1.418214134884258626e-01
6.687500000000000666e-01,7.860078216010055741e-01,-2.617488237647472293e-01,1.496774693649070842e-01,6.643013992476282104e-01,-1.933309149874347654e-01,2.677349263513997268e-01,-3.727434903119894449e-01,1.407071914312971739e-01
6.750000000000000444e-01,7.843748109888566411e-01,-2.608151876247679080e-01,1.490865876041976290e-01,6.630951831791846995e-01,-1.926586356480966822e-01,2.654169524796843871e-01,-3.690156541441565463e-01,1.396025107654223774e-01
6.812500000000000222e-01,7.827476240811140906e-01,-2.598852352896282025e-01,1.484986482846667732e-01,6.618931612033613909e-01,-1.919888036704434364e-01,2.631221375400126794e-01,-3.653325230498550846e-01,1.385072790400352083e-01
6.875000000000000000e-01,7.811262379113298460e-01,-2.589589484350573456e-01,1.479136303273486108e-01,6.606953180555668048e-01,-1.913214090088812269e-01,2.608502041578200092e-01,-3.616934486147234118e-01,1.374214048536845922e-01
6.937500000000000888e-01,7.795106296271717694e-01,-2.580363088678421790e-01,1.473315128722405831e-01,6.595016385338339227e-01,-1.906564416693250497e-01,2.586008789762617166e-01,-3.580977935459910277e-01,1.363447978400653682e-01
7.000000000000000666e-01,7.779007764896098687e-01,-2.571172985244682407e-01,1.467522752753134541e-01,6.583121074984982224e-01,-1.899938917088364321e-01,2.563738925873872421e-01,-3.545449314544292241e-01,1.352773686540746367e-01
7.062500000000000444e-01,7.762966558721089427e-01,-2.562018994697790042e-01,1.461758971055702738e-01,6.571267098718800437e-01,-1.893337492352643037e-01,2.541689794646616596e-01,-3.510342466410499851e-01,1.342190289580890705e-01
7.125000000000000222e-01,7.746982452598307756e-01,-2.552900938956534360e-01,1.456023581421538871e-01,6.559454306379676192e-01,-1.886760044068895581e-01,2.519858778968063207e-01,-3.475651338884405694e-01,1.331696914084594952e-01
7.187500000000000000e-01,7.731055222488445455e-01,-2.543818641197015951e-01,1.450316383715015700e-01,6.547682548421034365e-01,-1.880206474320732513e-01,2.498243299229292724e-01,-3.441369982566242491e-01,1.321292696422185220e-01
7.250000000000000888e-01,7.715184645453446732e-01,-2.534771925839778284e-01,1.444637179845463248e-01,6.535951675906717107e-01,-1.873676685689078802e-01,2.476840812689176663e-01,-3.407492548833393475e-01,1.310976782639978189e-01
7.312500000000000666e-01,7.699370499648773292e-01,-2.525760618537112867e-01,1.438985773739638319e-01,6.524261540507897417e-01,-1.867170581248722150e-01,2.455648812850650120e-01,-3.374013287886339918e-01,1.300748328331506887e-01
7.375000000000000444e-01,7.683612564315741578e-01,-2.516784546160534819e-01,1.433361971314638939e-01,6.512611994499991619e-01,-1.860688064564894328e-01,2.434664828849061047e-01,-3.340926546836731625e-01,1.290606498510764311e-01
7.437500000000000222e-01,7.667910619773944392e-01,-2.507843536788427752e-01,1.427765580451261784e-01,6.501002890759609576e-01,-1.854229039689884173e-01,2.413886424852345614e-01,-3.308226767836601745e-01,1.280550467487432675e-01
7.500000000000000000e-01,7.652264447413744675e-01,-2.498937419693851858e-01,1.422196410967787317e-01,6.489434082761524891e-01,-1.847793411159685539e-01,2.393311199472765438e-01,-3.275908486247758877e-01,1.270579418744056110e-01
7.562500000000000888e-01,7.636673829688844783e-01,-2.490066025332515198e-01,1.416654274594190410e-01,6.477905424575652882e-01,-1.841381083990674683e-01,2.372936785189965758e-01,-3.243966328850414471e-01,1.260692544815124883e-01
7.625000000000000666e-01,7.621138550108939036e-01,-2.481229185330906528e-01,1.411138984946764263e-01,6.466416770864068519e-01,-1.834991963676320392e-01,2.352760847785108911e-01,-3.212395012090128454e-01,1.250889047168040058e-01
7.687500000000000444e-01,7.605658393232422876e-01,-2.472426732474582167e-01,1.405650357503153425e-01,6.454967976878027702e-01,-1.828625956183924650e-01,2.332781085785843866e-01,-3.181189340362176043e-01,1.241168136085917806e-01
7.750000000000000222e-01,7.590233144659191966e-01,-2.463658500696611353e-01,1.400188209577785670e-01,6.443558898455018502e-01,-1.822282967951395494e-01,2.312995229921889495e-01,-3.150344204332474751e-01,1.231529030552207665e-01
7.812500000000000000e-01,7.574862591023505676e-01,-2.454924325066170920e-01,1.394752360297696892e-01,6.432189392015831286e-01,-1.815962905884049294e-01,2.293401042590995642e-01,-3.119854579294207286e-01,1.221970958137088559e-01
7.875000000000000888e-01,7.559546519986916069e-01,-2.446224041777290970e-01,1.389342630578741800e-01,6.420859314561643272e-01,-1.809665677351442181e-01,2.273996317335066075e-01,-3.089715523559323773e-01,1.212493154885612434e-01
7.937500000000000666e-01,7.544284720231281272e-01,-2.437557488137749584e-01,1.383958843102182090e-01,6.409568523671133056e-01,-1.803391190184233939e-01,2.254778878326231806e-01,-3.059922176884112277e-01,1.203094865207563896e-01
8.000000000000000444e-01,7.529076981451831019e-01,-2.428924502558108822e-01,1.378600822291646266e-01,6.398316877497600697e-01,-1.797139352671077439e-01,2.235746579862654682e-01,-3.030469758928042712e-01,1.193775341769005710e-01
8.062500000000000222e-01,7.513923094350311027e-01,-2.420324924540898648e-01,1.373268394290454164e-01,6.387104234766122213e-01,-1.790910073555540827e-01,2.216897305873864188e-01,-3.001353567745130291e-01,1.184533845385480899e-01
8.125000000000000000e-01,7.498822850628191761e-01,-2.411758594669936029e-01,1.367961386939299806e-01,6.375930454770710742e-01,-1.784703262033055793e-01,2.198228969435423452e-01,-2.972568978307055243e-01,1.175369644916842010e-01
8.187500000000000888e-01,7.483776042979943810e-01,-2.403225354599787811e-01,1.362679629754284527e-01,6.364795397371503238e-01,-1.778518827747894993e-01,2.179739512292728221e-01,-2.944111441057319367e-01,1.166282017163678963e-01
8.250000000000000666e-01,7.468782465086377664e-01,-2.394725047045365707e-01,1.357422953905297047e-01,6.353698922991968256e-01,-1.772356680790177219e-01,2.161426904393747850e-01,-2.915976480495722223e-01,1.157270246765317590e-01
8.312500000000000444e-01,7.453841911608048987e-01,-2.386257515771656734e-01,1.352191192194730496e-01,6.342640892616121517e-01,-1.766216731692900332e-01,2.143289143430517074e-01,-2.888159693792460292e-01,1.148333626099360960e-01
8.375000000000000222e-01,7.438954178178726062e-01,-2.377822605583585769e-01,1.346984179036531948e-01,6.331621167785774773e-01,-1.760098891429001389e-01,2.125324254389204526e-01,-2.860656749431176871e-01,1.139471455182747561e-01
8.437500000000000000e-01,7.424119061398924968e-01,-2.369420162316008827e-01,1.341801750435580864e-01,6.320639610597790226e-01,-1.754003071408443415e-01,2.107530289108567878e-01,-2.833463385880299334e-01,1.130683041574298969e-01
8.500000000000000888e-01,7.409336358829498037e-01,-2.361050032823832356e-01,1.336643743967386722e-01,6.309696083701358260e-01,-1.747929183475329107e-01,2.089905325846629913e-01,-2.806575410292018180e-01,1.121967700278731772e-01
8.562500000000000666e-01,7.394605868985295594e-01,-2.352712064972259931e-01,1.331509998758101387e-01,6.298790450295296273e-01,-1.741877139905040894e-01,2.072447468855400932e-01,-2.779988697228283900e-01,1.113324753652108756e-01
8.625000000000000444e-01,7.379927391328876540e-01,-2.344406107627162172e-01,1.326400355464840974e-01,6.287922574125359709e-01,-1.735846853401406820e-01,2.055154847963478748e-01,-2.753699187413196636e-01,1.104753531308702574e-01
8.687500000000000222e-01,7.365300726264284448e-01,-2.336132010645569079e-01,1.321314656256313835e-01,6.277092319481573091e-01,-1.729838237093891395e-01,2.038025618166366959e-01,-2.727702886511210179e-01,1.096253370029250107e-01
8.750000000000000000e-01,7.350725675130885817e-01,-2.327889624866282259e-01,1.316252744793743046e-01,6.266299551195579909e-01,-1.723851204534813386e-01,2.021057959224350775e-01,-2.701995863930544139e-01,1.087823613670572120e-01
8.812500000000000888e-01,7.336202040197260521e-01,-2.319678802100605119e-01,1.311214466212085039e-01,6.255544134638005849e-01,-1.717885669696586348e-01,2.004250075267772213e-01,-2.676574251651254732e-01,1.079463613076534212e-01
8.875000000000000666e-01,7.321729624655152202e-01,-2.311499395123191025e-01,1.306199667101535788e-01,6.244825935715845322e-01,-1.711941546968986927e-01,1.987600194409557819e-01,-2.651434243077392394e-01,1.071172725990328922e-01
8.937500000000000444e-01,7.307308232613475285e-01,-2.303351257663004137e-01,1.301208195489318153e-01,6.234144820869856884e-01,-1.706018751156445634e-01,1.971106568364840994e-01,-2.626572091912717788e-01,1.062950316968051673e-01
9.000000000000000222e-01,7.292937669092380837e-01,-2.295234244394394885e-01,1.296239900821749003e-01,6.223500657071984188e-01,-1.700117197475360664e-01,1.954767472077545143e-01,-2.601984111059435500e-01,1.054795757293553460e-01
9.062500000000000000e-01,7.278617740017371274e-01,-2.287148210928285075e-01,1.291294633946578341e-01,6.212893311822789144e-01,-1.694236801551438631e-01,1.938581203353773874e-01,-2.577666671539440291e-01,1.046708424894545048e-01
9.125000000000000888e-01,7.264348252213479462e-01,-2.279093013803464018e-01,1.286372247095596000e-01,6.202322653148898413e-01,-1.688377479417057236e-01,1.922546082501877529e-01,-2.553616201437561295e-01,1.038687704259933509e-01
9.187500000000000666e-01,7.250129013399491118e-01,-2.271068510477992908e-01,1.281472593867503396e-01,6.191788549600473202e-01,-1.682539147508650690e-01,1.906660451979057258e-01,-2.529829184866325131e-01,1.030732986358368769e-01
9.250000000000000444e-01,7.235959832182231599e-01,-2.263074559320711887e-01,1.276595529211042024e-01,6.181290870248691283e-01,-1.676721722664119563e-01,1.890922676044369533e-01,-2.506302160951744962e-01,1.022843668557980590e-01
9.312500000000000222e-01,7.221840518050894886e-01,-2.255111019602857036e-01,1.271740909408378140e-01,6.170829484683246768e-01,-1.670925122120262285e-01,1.875331140418009801e-01,-2.483031722839677269e-01,1.015019154547285585e-01
9.375000000000000000e-01,7.207770881371430294e-01,-2.247177751489776443e-01,1.266908592058736127e-01,6.160404263009860992e-01,-1.665149263510230793e-01,1.859884251946739842e-01,-2.460014516722286715e-01,1.007258854257244707e-01
9.437500000000000888e-01,7.193750733380981366e-01,-2.239274616032748688e-01,1.262098436062276952e-01,6.150015075847817814e-01,-1.659394064861005602e-01,1.844580438275340017e-01,-2.437247240884171107e-01,9.995621837844514967e-02
9.500000000000000666e-01,7.179779886182376947e-01,-2.231401475160902925e-01,1.257310301604219749e-01,6.139661794327508915e-01,-1.653659444590896699e-01,1.829418147523962090e-01,-2.414726644767716535e-01,9.919285653154334692e-02
9.562500000000000444e-01,7.165858152738662223e-01,-2.223558191673235818e-01,1.252544050139198228e-01,6.129344290087993530e-01,-1.647945321507062466e-01,1.814395847971264353e-01,-2.392449528057248309e-01,9.843574270520452640e-02
9.625000000000000222e-01,7.151985346867691939e-01,-2.215744629230725349e-01,1.247799544375851472e-01,6.119062435274579270e-01,-1.642251614803052484e-01,1.799512027743214171e-01,-2.370412739781575795e-01,9.768482031379385755e-02
9.687500000000000000e-01,7.138161283236766907e-01,-2.207960652348541775e-01,1.243076648261642742e-01,6.108816102536410719e-01,-1.636578244056371700e-01,1.784765194507442199e-01,-2.348613177434514532e-01,9.694003335860890136e-02
9.750000000000000888e-01,7.124385777357320482e-01,-2.200206126388350447e-01,1.238375226967904363e-01,6.098605165024081343e-01,-1.630925129226063752e-01,1.770153875173038072e-01,-2.327047786112998173e-01,9.620132642073619955e-02
9.812500000000000666e-01,7.110658645579646109e-01,-2.192480917550711228e-01,1.233695146875102289e-01,6.088429496387254281e-01,-1.625292190650316493e-01,1.755676615595681278e-01,-2.305713557672393610e-01,9.546864465401026789e-02
9.875000000000000444e-01,7.096979705087685941e-01,-2.184784892867564221e-01,1.229036275558319374e-01,6.078288970772298683e-01,-1.619679349044088890e-01,1.741331980287993964e-01,-2.284607529898635692e-01,9.474193377807302308e-02
9.937500000000000222e-01,7.083348773893850536e-01,-2.177117920194809597e-01,1.224398481772951131e-01,6.068183462819946028e-01,-1.614086525496755409e-01,1.727118552135021023e-01,-2.263726785696824340e-01,9.402114007153208886e-02
1.000000000000000000e+00,7.069765670833898508e-01,-2.169479868204975126e-01,1.219781635440612133e-01,6.058112847662954215e-01,-1.608513641469773714e-01,1.713034932114728126e-01,-2.243068452295917392e-01,9.330621036521655198e-02
1.006250000000000089e+00,7.056230215561848373e-01,-2.161870606379969750e-01,1.215185607635248521e-01,6.048077000923789415e-01,-1.602960618794370129e-01,1.699079739023422464e-01,-2.222629700469171965e-01,9.259709203552819734e-02
1.012499999999999956e+00,7.042742228544949246e-01,-2.154290005003924868e-01,1.210610270569453945e-01,6.038075798712325692e-01,-1.597427379669245640e-01,1.685251609205996315e-01,-2.202407743769990711e-01,9.189373299788700100e-02
1.018750000000000044e+00,7.029301531058683716e-01,-2.146737935156120269e-01,1.206055497580983127e-01,6.028109117623551283e-01,-1.591913846658301046e-01,1.671549196290899042e-01,-2.182399837782836582e-01,9.119608170026896610e-02
1.025000000000000133e+00,7.015907945181824035e-01,-2.139214268703993338e-01,1.201521163119464164e-01,6.018176834735292635e-01,-1.586419942688381823e-01,1.657971170929746774e-01,-2.162603279388898569e-01,9.050408711683533003e-02
1.031250000000000000e+00,7.002561293791526031e-01,-2.131718878296230968e-01,1.197007142733301915e-01,6.008278827605959549e-01,-1.580945591047040466e-01,1.644516220541475393e-01,-2.143015406046177851e-01,8.981769874165111689e-02
1.037500000000000089e+00,6.989261400558464121e-01,-2.124251637355941968e-01,1.192513313056769997e-01,5.998414974272289202e-01,-1.575490715380319373e-01,1.631183049060944967e-01,-2.123633595083686543e-01,8.913686658249170280e-02
1.043750000000000178e+00,6.976008089942020707e-01,-2.116812420073911072e-01,1.188039551797291787e-01,5.988585153247117931e-01,-1.570055239690552606e-01,1.617970376691920398e-01,-2.104455263009464838e-01,8.846154115473643664e-02
1.050000000000000044e+00,6.962801187185501117e-01,-2.109401101401931211e-01,1.183585737722902403e-01,5.978789243517159679e-01,-1.564639088334183747e-01,1.604876939664325874e-01,-2.085477864832104844e-01,8.779167347534716503e-02
1.056249999999999911e+00,6.949640518311402948e-01,-2.102017557046212126e-01,1.179151750649890806e-01,5.969027124540799978e-01,-1.559242186019603738e-01,1.591901489995704022e-01,-2.066698893395498560e-01,8.712721505693078738e-02
1.062500000000000000e+00,6.936525910116716487e-01,-2.094661663460867795e-01,1.174737471430620517e-01,5.959298676245903259e-01,-1.553864457805005372e-01,1.579042795256788423e-01,-2.048115878726527728e-01,8.646811790188443925e-02
1.068750000000000089e+00,6.923457190168276210e-01,-2.087333297841479085e-01,1.170342781941523941e-01,5.949603779027630157e-01,-1.548505829096258890e-01,1.566299638341119016e-01,-2.029726387395417719e-01,8.581433449662180524e-02
1.074999999999999956e+00,6.910434186798143363e-01,-2.080032338118729673e-01,1.165967565071266421e-01,5.939942313746277014e-01,-1.543166225644800327e-01,1.553670817238609614e-01,-2.011528021888481788e-01,8.516581780587935413e-02
1.081250000000000044e+00,6.897456729099029626e-01,-2.072758662952115805e-01,1.161611704709080428e-01,5.930314161725116495e-01,-1.537845573545540134e-01,1.541155144813001199e-01,-1.993518419992992563e-01,8.452252126710117774e-02
1.087500000000000133e+00,6.884524646919766289e-01,-2.065512151723729317e-01,1.157275085733265735e-01,5.920719204748261522e-01,-1.532543799234789561e-01,1.528751448583123285e-01,-1.975695254193930994e-01,8.388439878490129564e-02
1.093750000000000000e+00,6.871637770860802297e-01,-2.058292684532112282e-01,1.152957593999850427e-01,5.911157325058535861e-01,-1.527260829488202021e-01,1.516458570507888404e-01,-1.958056231082347109e-01,8.325140472560207949e-02
1.100000000000000089e+00,6.858795932269747819e-01,-2.051100142186178810e-01,1.148659116331413182e-01,5.901628405355360263e-01,-1.521996591418732503e-01,1.504275366774945610e-01,-1.940599090775095015e-01,8.262349391184743708e-02
1.106250000000000178e+00,6.845998963236953339e-01,-2.043934406199211518e-01,1.144379540506064580e-01,5.892132328792651919e-01,-1.516751012474613636e-01,1.492200707592932774e-01,-1.923321606345702317e-01,8.200062161729002042e-02
1.112500000000000044e+00,6.833246696591128710e-01,-2.036795358782921839e-01,1.140118755246580934e-01,5.882668978976733909e-01,-1.511524020437348403e-01,1.480233476987243835e-01,-1.906221583266134167e-01,8.138274356135080656e-02
1.118749999999999911e+00,6.820538965894987760e-01,-2.029682882841579439e-01,1.135876650209691474e-01,5.873238239964256868e-01,-1.506315543419717295e-01,1.468372572599256631e-01,-1.889296858859221551e-01,8.076981590405013511e-02
1.125000000000000000e+00,6.807875605440947275e-01,-2.022596861966207693e-01,1.131653115975516238e-01,5.863839996260137299e-01,-1.501125509863805163e-01,1.456616905488948566e-01,-1.872545301761536218e-01,8.016179524090902286e-02
1.131250000000000089e+00,6.795256450246848212e-01,-2.015537180428847164e-01,1.127448044037150932e-01,5.854474132815505882e-01,-1.495953848539040287e-01,1.444965399940838224e-01,-1.855964811396488556e-01,7.955863859791979797e-02
1.137499999999999956e+00,6.782681336051716858e-01,-2.008503723176880140e-01,1.123261326790396669e-01,5.845140535025664663e-01,-1.490800488540252600e-01,1.433416993273188556e-01,-1.839553317457430226e-01,7.896030342658469370e-02
1.143750000000000044e+00,6.770150099311563752e-01,-2.001496375827419016e-01,1.119092857523631690e-01,5.835839088728063118e-01,-1.485665359285743281e-01,1.421970635650406101e-01,-1.823308779400557855e-01,7.836674759902141629e-02
1.150000000000000133e+00,6.757662577195214793e-01,-1.994515024661762392e-01,1.114942530407826149e-01,5.826569680200278656e-01,-1.480548390515375179e-01,1.410625289898587986e-01,-1.807229185947413774e-01,7.777792940313496550e-02
1.156250000000000000e+00,6.745218607580174552e-01,-1.987559556619907242e-01,1.110810240486692080e-01,5.817332196158016000e-01,-1.475449512288674325e-01,1.399379931324139792e-01,-1.791312554596777573e-01,7.719380753785412552e-02
1.162500000000000089e+00,6.732818029048528441e-01,-1.980629859295124917e-01,1.106695883666970470e-01,5.808126523753112114e-01,-1.470368654982947554e-01,1.388233547535419887e-01,-1.775556931145754747e-01,7.661434110843196033e-02
1.168750000000000178e+00,6.720460680882878179e-01,-1.973725820928598218e-01,1.102599356708852812e-01,5.798952550571560005e-01,-1.465305749291416493e-01,1.377185138267349174e-01,-1.759960389219880073e-01,7.603948962180943905e-02
1.175000000000000044e+00,6.708146403062305030e-01,-1.966847330404116190e-01,1.098520557216533244e-01,5.789810164631535860e-01,-1.460260726221365435e-01,1.366233715208928501e-01,-1.744521029812034218e-01,7.546921298204080364e-02
1.181249999999999911e+00,6.695875036258375212e-01,-1.959994277242828598e-01,1.094459383628890170e-01,5.780699254381442831e-01,-1.455233517092302253e-01,1.355378301833609633e-01,-1.729236980830000381e-01,7.490347148577998493e-02
1.187500000000000000e+00,6.683646421831165307e-01,-1.953166551598057299e-01,1.090415735210295695e-01,5.771619708697969253e-01,-1.450224053534137358e-01,1.344617933232470641e-01,-1.714106396652482212e-01,7.434222581782723438e-02
1.193750000000000089e+00,6.671460401825334285e-01,-1.946364044250166181e-01,1.086389512041550931e-01,5.762571416884147979e-01,-1.445232267485374589e-01,1.333951655950137705e-01,-1.699127457693405396e-01,7.378543704673469483e-02
1.200000000000000178e+00,6.659316818966217744e-01,-1.939586646601485775e-01,1.082380615010942876e-01,5.753554268667439020e-01,-1.440258091191315704e-01,1.323378527823405870e-01,-1.684298369974332743e-01,7.323306662047038285e-02
1.206250000000000266e+00,6.647215516655955447e-01,-1.932834250671295329e-01,1.078388945805424937e-01,5.744568154197814414e-01,-1.435301457202281528e-01,1.312897617822505747e-01,-1.669617364704826523e-01,7.268507636213933365e-02
1.212500000000000133e+00,6.635156338969651069e-01,-1.926106749090856773e-01,1.074414406901915420e-01,5.735612964045856410e-01,-1.430362298371844476e-01,1.302508005894970899e-01,-1.655082697870597364e-01,7.214142846576135359e-02
1.218750000000000000e+00,6.623139130651564122e-01,-1.919404035098504768e-01,1.070456901558713286e-01,5.726688589200872315e-01,-1.425440547855076623e-01,1.292208782812052925e-01,-1.640692649829272876e-01,7.160208549210422824e-02
1.225000000000000089e+00,6.611163737111328542e-01,-1.912726002534790304e-01,1.066516333807031730e-01,5.717794921069009328e-01,-1.420536139106809426e-01,1.281999050017640640e-01,-1.626445524913640861e-01,7.106701036457177545e-02
1.231250000000000178e+00,6.599230004420207907e-01,-1.906072545837675658e-01,1.062592608442643333e-01,5.708931851471392704e-01,-1.415649005879910105e-01,1.271877919479637575e-01,-1.612339651042206112e-01,7.053616636514581373e-02
1.237500000000000044e+00,6.587337779307372854e-01,-1.899443560037781809e-01,1.058685631017639017e-01,5.700099272642263903e-01,-1.410779082223568293e-01,1.261844513543748658e-01,-1.598373379336914257e-01,7.000951713038114366e-02
1.243749999999999911e+00,6.575486909156211812e-01,-1.892838940753686916e-01,1.054795307832295526e-01,5.691297077227136514e-01,-1.405926302481597112e-01,1.251897964789633888e-01,-1.584545083747895267e-01,6.948702664745284863e-02
1.250000000000000000e+00,6.563677242000673928e-01,-1.886258584187274767e-01,1.050921545927053502e-01,5.682525158280955502e-01,-1.401090601290747584e-01,1.242037415889388485e-01,-1.570853160685090066e-01,6.896865925025508215e-02
1.256250000000000089e+00,6.551908626521633083e-01,-1.879702387119134843e-01,1.047064253074601742e-01,5.673783409266278666e-01,-1.396271913579035517e-01,1.232262019468302466e-01,-1.557296028656614539e-01,6.845437961555067563e-02
1.262500000000000178e+00,6.540180912043289663e-01,-1.873170246904008740e-01,1.043223337772065940e-01,5.665071724051456981e-01,-1.391470174564082007e-01,1.222570937967859400e-01,-1.543872127913724912e-01,6.794415275917049801e-02
1.268750000000000266e+00,6.528493948529594526e-01,-1.866662061466287659e-01,1.039398709233301937e-01,5.656389996908830486e-01,-1.386685319751465584e-01,1.212963343510934239e-01,-1.530579920102254632e-01,6.743794403226222034e-02
1.275000000000000133e+00,6.516847586580704066e-01,-1.860177729295555971e-01,1.035590277381290558e-01,5.647738122512934167e-01,-1.381917284933087686e-01,1.203438417769151225e-01,-1.517417887920391451e-01,6.693571911758740278e-02
1.281250000000000000e+00,6.505241677429455249e-01,-1.853717149442183354e-01,1.031797952840633331e-01,5.639115995938710491e-01,-1.377166006185549796e-01,1.193995351832357471e-01,-1.504384534782662319e-01,6.643744402586634901e-02
1.287500000000000089e+00,6.493676072937882848e-01,-1.847280221512961618e-01,1.028021646930145916e-01,5.630523512659741936e-01,-1.372431419868543889e-01,1.184633346080182226e-01,-1.491478384490009246e-01,6.594308509216999237e-02
1.293750000000000178e+00,6.482150625593749993e-01,-1.840866845666790375e-01,1.024261271655551031e-01,5.621960568546479076e-01,-1.367713462623254828e-01,1.175351610055636598e-01,-1.478697980905829545e-01,6.545260897235823105e-02
1.300000000000000044e+00,6.470665188507116472e-01,-1.834476922610406291e-01,1.020516739702264919e-01,5.613427059864490865e-01,-1.363012071370773848e-01,1.166149362340720697e-01,-1.466041887637859198e-01,6.496598263956365749e-02
1.306249999999999911e+00,6.459219615406917026e-01,-1.828110353594155080e-01,1.016787964428279012e-01,5.604922883272718259e-01,-1.358327183310525654e-01,1.157025830433999203e-01,-1.453508687725784954e-01,6.448317338072036276e-02
1.312500000000000000e+00,6.447813760637589597e-01,-1.821767040407812344e-01,1.013074859857135135e-01,5.596447935821740050e-01,-1.353658735918705502e-01,1.147980250630114135e-01,-1.441096983334473336e-01,6.400414879313709449e-02
1.318750000000000089e+00,6.436447479155709139e-01,-1.815446885376445219e-01,1.009377340670991885e-01,5.588002114952049793e-01,-1.349006666946730160e-01,1.139011867901198044e-01,-1.428805395452701077e-01,6.352887678111396319e-02
1.325000000000000178e+00,6.425120626526656942e-01,-1.809149791356316206e-01,1.005695322203779968e-01,5.579585318492336077e-01,-1.344370914419697749e-01,1.130119935780150020e-01,-1.416632563597277628e-01,6.305732555260212813e-02
1.331250000000000266e+00,6.413833058921311059e-01,-1.802875661730832524e-01,1.002028720434448295e-01,5.571197444657780551e-01,-1.339751416634862025e-01,1.121303716245747178e-01,-1.404577145522454829e-01,6.258946361590587981e-02
1.337500000000000133e+00,6.402584633112772261e-01,-1.796624400406534039e-01,9.983774519802957048e-02,5.562838392048360392e-01,-1.335148112160116085e-01,1.112562479609555677e-01,-1.392637816934518269e-01,6.212525977642648078e-02
1.343750000000000000e+00,6.391375206473094428e-01,-1.790395911809124496e-01,9.947414340903895646e-02,5.554508059647162987e-01,-1.330560939832487466e-01,1.103895504404607680e-01,-1.380813271211456528e-01,6.166468313344702218e-02
1.350000000000000089e+00,6.380204636970061571e-01,-1.784190100879544105e-01,9.911205846390684637e-02,5.546206346818702837e-01,-1.325989838756644890e-01,1.095302077275817354e-01,-1.369102219127610875e-01,6.120770307695788670e-02
1.356250000000000178e+00,6.369072783163977070e-01,-1.778006873070081262e-01,9.875148221195298448e-02,5.537933153307263989e-01,-1.321434748303416951e-01,1.086781492872102017e-01,-1.357503388583205239e-01,6.075428928452217964e-02
1.362500000000000044e+00,6.357979504204479548e-01,-1.771846134340524515e-01,9.839240656374981242e-02,5.529688379235229156e-01,-1.316895608108319959e-01,1.078333053740176961e-01,-1.346015524338660674e-01,6.030441171818039930e-02
1.368749999999999911e+00,6.346924659827382076e-01,-1.765707791154353390e-01,9.803482349049742750e-02,5.521471925101438805e-01,-1.312372358070096612e-01,1.069956070219997141e-01,-1.334637387753600246e-01,5.985804062139386816e-02
1.375000000000000000e+00,6.335908110351536893e-01,-1.759591750474968908e-01,9.767872502340657626e-02,5.513283691779548024e-01,-1.307864938349268258e-01,1.061649860341816326e-01,-1.323367756530453021e-01,5.941514651602650826e-02
1.381250000000000089e+00,6.324929716675723457e-01,-1.753497919761962398e-01,9.732410325308941956e-02,5.505123580516391169e-01,-1.303373289366693832e-01,1.053413749724834703e-01,-1.312205424462569159e-01,5.897570019936416302e-02
1.387500000000000178e+00,6.313989340275557582e-01,-1.747426206967420959e-01,9.697095032895815259e-02,5.496991492930365375e-01,-1.298897351802142386e-01,1.045247071477404671e-01,-1.301149201186752591e-01,5.853967274117107683e-02
1.393750000000000266e+00,6.303086843200423894e-01,-1.741376520532271488e-01,9.661925845863104934e-02,5.488887331009812964e-01,-1.294437066592874497e-01,1.037149166098772640e-01,-1.290197911940131614e-01,5.810703548078288011e-02
1.400000000000000133e+00,6.292222088070434927e-01,-1.735348769382661638e-01,9.626901990734626491e-02,5.480810997111417171e-01,-1.289992374932234509e-01,1.029119381382325032e-01,-1.279350397321277477e-01,5.767776002423573994e-02
1.406250000000000000e+00,6.281394938073404655e-01,-1.729342862926374902e-01,9.592022699738274316e-02,5.472762393958605642e-01,-1.285563218268252206e-01,1.021157072320314496e-01,-1.268605513055491851e-01,5.725181824143090598e-02
1.412500000000000089e+00,6.270605256961856444e-01,-1.723358711049285952e-01,9.557287210748872941e-02,5.464741424639965039e-01,-1.281149538302256141e-01,1.013261601010041341e-01,-1.257962129764182424e-01,5.682918226333438100e-02
1.418750000000000178e+00,6.259852909050038772e-01,-1.717396224111846781e-01,9.522694767231719426e-02,5.456747992607658970e-01,-1.276751276987496131e-01,1.005432336561463136e-01,-1.247419132738245701e-01,5.640982447921110560e-02
1.425000000000000044e+00,6.249137759210975362e-01,-1.711455312945611984e-01,9.488244618186850166e-02,5.448782001675861464e-01,-1.272368376527775180e-01,9.976686550062086045e-02,-1.236975421715380552e-01,5.599371753389310175e-02
1.431249999999999911e+00,6.238459672873529760e-01,-1.705535888849795401e-01,9.453936018093993254e-02,5.440843356019191557e-01,-1.268000779376092235e-01,9.899699392079694404e-02,-1.226629910661255346e-01,5.558083432508116595e-02
1.437500000000000000e+00,6.227818516019488770e-01,-1.699637863587862840e-01,9.419768226858211968e-02,5.432931960171163421e-01,-1.263648428233293541e-01,9.823355787742507617e-02,-1.216381527554457470e-01,5.517114800067970948e-02
1.443750000000000089e+00,6.217214155180682544e-01,-1.693761149384157561e-01,9.385740509756228256e-02,5.425047719022637605e-01,-1.259311266046735100e-01,9.747649699694528602e-02,-1.206229214175151693e-01,5.476463195616411428e-02
1.450000000000000178e+00,6.206646457436101327e-01,-1.687905658920560992e-01,9.351852137383406816e-02,5.417190537820290031e-01,-1.254989236008954290e-01,9.672575156292619047e-02,-1.196171925897371729e-01,5.436125983198024370e-02
1.456250000000000266e+00,6.196115290409055509e-01,-1.682071305333183719e-01,9.318102385601399751e-02,5.409360322165077672e-01,-1.250682281556348696e-01,9.598126250763276690e-02,-1.186208631484883258e-01,5.396100551097562231e-02
1.462500000000000133e+00,6.185620522264343446e-01,-1.676258002209090325e-01,9.284490535486436547e-02,5.401556978010723098e-01,-1.246390346367869106e-01,9.524297140372074699e-02,-1.176338312890542748e-01,5.356384311586188940e-02
1.468750000000000000e+00,6.175162021705443705e-01,-1.670465663583056426e-01,9.251015873278248258e-02,5.393780411662200125e-01,-1.242113374363715966e-01,9.451082045605510573e-02,-1.166559965059090626e-01,5.316974700670793613e-02
1.475000000000000089e+00,6.164739657971723963e-01,-1.664694203934357353e-01,9.217677690329627305e-02,5.386030529774229469e-01,-1.237851309704050412e-01,9.378475249365098021e-02,-1.156872595733309805e-01,5.277869177846353926e-02
1.481250000000000178e+00,6.154353300835680995e-01,-1.658943538183588473e-01,9.184475283056604822e-02,5.378307239349787716e-01,-1.233604096787710575e-01,9.306471096173460356e-02,-1.147275225263490184e-01,5.239065225851285285e-02
1.487500000000000044e+00,6.144002820600182879e-01,-1.653213581689516043e-01,9.151407952889235864e-02,5.370610447738612958e-01,-1.229371680250939819e-01,9.235063991392232496e-02,-1.137766886420129853e-01,5.200560350425741107e-02
1.493749999999999911e+00,6.133688088095744506e-01,-1.647504250245957202e-01,9.118475006222982737e-02,5.362940062635730420e-01,-1.225154004966120674e-01,9.164248400451556475e-02,-1.128346624209816268e-01,5.162352080072820509e-02
1.500000000000000000e+00,6.123408974677819749e-01,-1.641815460078693278e-01,9.085675754370700630e-02,5.355295992079974754e-01,-1.220951016040521114e-01,9.094018848091008078e-02,-1.119013495694227284e-01,5.124437965822653540e-02
1.506250000000000089e+00,6.113165352224108062e-01,-1.636147127842411120e-01,9.053009513515200557e-02,5.347678144452534532e-01,-1.216762658815047499e-01,9.024369917611735348e-02,-1.109766569812192794e-01,5.086815580999311942e-02
1.512500000000000178e+00,6.102957093131885502e-01,-1.630499170617673299e-01,9.020475604662389624e-02,5.340086428475486757e-01,-1.212588878863006675e-01,8.955296250139603564e-02,-1.100604927204755085e-01,5.049482520990506568e-02
1.518750000000000266e+00,6.092784070315350187e-01,-1.624871505907918845e-01,8.988073353594978887e-02,5.332520753210354680e-01,-1.208429621988876962e-01,8.886792543899212082e-02,-1.091527660043179332e-01,5.012436403020039538e-02
1.525000000000000133e+00,6.082646157202992176e-01,-1.619264051636491453e-01,8.955802090826754658e-02,5.324981028056662291e-01,-1.204284834227087736e-01,8.818853553498544329e-02,-1.082533871859851088e-01,4.975674865922974366e-02
1.531250000000000000e+00,6.072543227734975568e-01,-1.613676726143697115e-01,8.923661151557391036e-02,5.317467162750504350e-01,-1.200154461840806513e-01,8.751474089224110797e-02,-1.073622677382012197e-01,4.939195569923468532e-02
1.537500000000000089e+00,6.062475156360538353e-01,-1.608109448183888956e-01,8.891649875627816169e-02,5.309979067363117533e-01,-1.196038451320736024e-01,8.684649016346393524e-02,-1.064793202368279068e-01,4.902996196415260188e-02
1.543750000000000178e+00,6.052441818035423360e-01,-1.602562136922581204e-01,8.859767607476118356e-02,5.302516652299466005e-01,-1.191936749383919053e-01,8.618373254435428288e-02,-1.056044583447893620e-01,4.867074447744754867e-02
1.550000000000000044e+00,6.042443088219306979e-01,-1.597034711933589257e-01,8.828013696093958695e-02,5.295079828296825886e-01,-1.187849302972550369e-01,8.552641776686339958e-02,-1.047375967962652782e-01,4.831428046996669862e-02
1.556249999999999911e+00,6.032478842873264524e-01,-1.591527093196196119e-01,8.796387494983534672e-02,5.287668506423387482e-01,-1.183776059252798635e-01,8.487449609254671401e-02,-1.038786513811468804e-01,4.796054737782216165e-02
1.562500000000000000e+00,6.022548958457236701e-01,-1.586039201092347972e-01,8.764888362115023923e-02,5.280282598076850853e-01,-1.179716965613634566e-01,8.422791830601364382e-02,-1.030275389297511945e-01,4.760952284029781878e-02
1.568750000000000089e+00,6.012653311927529387e-01,-1.580570956403873906e-01,8.733515659884573401e-02,5.272922014983045802e-01,-1.175671969665669364e-01,8.358663570847205126e-02,-1.021841772977887808e-01,4.726118469778075454e-02
1.575000000000000178e+00,6.002791780734317850e-01,-1.575122280309734224e-01,8.702268755072747886e-02,5.265586669194544100e-01,-1.171641019239999387e-01,8.295060011136574929e-02,-1.013484853515799339e-01,4.691551098971696865e-02
1.581250000000000266e+00,5.992964242819175391e-01,-1.569693094383290688e-01,8.671147018803497530e-02,5.258276473089288361e-01,-1.167624062387058598e-01,8.231976383010386478e-02,-1.005203829535151194e-01,4.657247995259107542e-02
1.587500000000000133e+00,5.983170576612616420e-01,-1.564283320589606452e-01,8.640149826503602803e-02,5.250991339369222022e-01,-1.163621047375480028e-01,8.169407967788017144e-02,-9.969979094775495432e-02,4.623207001792963011e-02
1.593750000000000000e+00,5.973410661031658409e-01,-1.558892881282769038e-01,8.609276557862588497e-02,5.243731181058932656e-01,-1.159631922690964323e-01,8.107350095958106018e-02,-9.888663114616538796e-02,4.589425981032778379e-02
1.600000000000000089e+00,5.963684375477391608e-01,-1.553521699203237183e-01,8.578526596793129011e-02,5.236495911504294165e-01,-1.155656637035155782e-01,8.045798146578075905e-02,-9.808082631448369892e-02,4.555902814549894764e-02
1.606250000000000178e+00,5.953991599832584303e-01,-1.548169697475215989e-01,8.547899331391899114e-02,5.229285444371125635e-01,-1.151695139324526579e-01,7.984747546682231800e-02,-9.728230015871126846e-02,4.522635402834720986e-02
1.612500000000000044e+00,5.944332214459282504e-01,-1.542836799604051790e-01,8.517394153900897935e-02,5.222099693643849072e-01,-1.147747378689267933e-01,7.924193770698287342e-02,-9.649097731172863457e-02,4.489621665106200560e-02
1.618749999999999911e+00,5.934706100196440737e-01,-1.537522929473654765e-01,8.487010460669214273e-02,5.214938573624157137e-01,-1.143813304472189457e-01,7.864132339872187405e-02,-9.570678332012896861e-02,4.456859539123498443e-02
1.625000000000000000e+00,5.925113138357559484e-01,-1.532228011343942375e-01,8.456747652115244318e-02,5.207801998929688647e-01,-1.139892866227624479e-01,7.804558821701097771e-02,-9.492964463126611629e-02,4.424346980999865897e-02
1.631250000000000089e+00,5.915553210728352607e-01,-1.526951969848309998e-01,8.426605132689347910e-02,5.200689884492710746e-01,-1.135986013720345078e-01,7.745468829374430042e-02,-9.415948858051305381e-02,4.392081965018655720e-02
1.637500000000000178e+00,5.906026199564408108e-01,-1.521694729991120432e-01,8.396582310836941954e-02,5.193602145558803285e-01,-1.132092696924482250e-01,7.686858021222746362e-02,-9.339624337872703963e-02,4.360062483451453141e-02
1.643750000000000266e+00,5.896531987588887747e-01,-1.516456217145219221e-01,8.366678598962008773e-02,5.186538697685559862e-01,-1.128212866022454131e-01,7.628722100174452347e-02,-9.263983809991771512e-02,4.328286546378307814e-02
1.650000000000000133e+00,5.887070457990227768e-01,-1.511236357049471901e-01,8.336893413391047170e-02,5.179499456741283314e-01,-1.124346471403901704e-01,7.571056813220131132e-02,-9.189020266911446244e-02,4.296752181510027357e-02
1.656250000000000000e+00,5.877641494419858503e-01,-1.506035075806322898e-01,8.307226174337416225e-02,5.172484338903697854e-01,-1.120493463664630762e-01,7.513857950884386683e-02,-9.114726785042934210e-02,4.265457434012504684e-02
1.662500000000000089e+00,5.868244980989938409e-01,-1.500852299879378571e-01,8.277676305866110695e-02,5.165493260658660102e-01,-1.116653793605561218e-01,7.457121346705100629e-02,-9.041096523531227946e-02,4.234400366333065935e-02
1.668750000000000178e+00,5.858880802271108079e-01,-1.495687956091009685e-01,8.248243235858927769e-02,5.158526138798884553e-01,-1.112827412231684882e-01,7.400842876719976315e-02,-8.968122723099490601e-02,4.203579058028798776e-02
1.675000000000000044e+00,5.849548843290253153e-01,-1.490541971619977479e-01,8.218926395980037658e-02,5.151582890422670147e-01,-1.109014270751027265e-01,7.345018458960234087e-02,-8.895798704911957178e-02,4.172991605596831910e-02
1.681249999999999911e+00,5.840248989528284973e-01,-1.485414273999079438e-01,8.189725221641945552e-02,5.144663432932632396e-01,-1.105214320573618403e-01,7.289644052951346764e-02,-8.824117869455025409e-02,4.142636122306557478e-02
1.687500000000000000e+00,5.830981126917931245e-01,-1.480304791112817819e-01,8.160639151971847693e-02,5.137767684034446614e-01,-1.101427513310469786e-01,7.234715659220745942e-02,-8.753073695436233703e-02,4.112510738033751251e-02
1.693750000000000089e+00,5.821745141841553339e-01,-1.475213451195088454e-01,8.131667629778364936e-02,5.130895561735591137e-01,-1.097653800772558502e-01,7.180229318812322847e-02,-8.682659738700772289e-02,4.082613599096585055e-02
1.700000000000000178e+00,5.812540921128961369e-01,-1.470140182826889796e-01,8.102810101518655161e-02,5.124046984344108324e-01,-1.093893134969817077e-01,7.126181112807664086e-02,-8.612869631165236128e-02,4.052942868093487028e-02
1.712500000000000133e+00,5.794227322338769692e-01,-1.460047576785083456e-01,8.045434830678230287e-02,5.110420139010823926e-01,-1.086410752598392510e-01,7.019383625716787978e-02,-8.475135865473146235e-02,3.994273360732232547e-02
1.725000000000000089e+00,5.776039434052988586e-01,-1.450026408491583430e-01,7.988508982851166840e-02,5.096886500463065905e-01,-1.078979986216767745e-01,6.914292629554759373e-02,-8.339822935622739908e-02,3.936487836287943382e-02
1.737500000000000044e+00,5.757976366799645307e-01,-1.440076118861104426e-01,7.932028257772744118e-02,5.083445425859565159e-01,-1.071600458965345642e-01,6.810878167000596062e-02,-8.206882530602939430e-02,3.879572165517487098e-02
1.750000000000000000e+00,5.740037238061883595e-01,-1.430196154149000476e-01,7.875988410523054872e-02,5.070096277050466504e-01,-1.064271797073142733e-01,6.709110877586242638e-02,-8.076267459828746775e-02,3.823512464713003239e-02
1.762500000000000178e+00,5.722221172211633400e-01,-1.420385965882688117e-01,7.820385250560232815e-02,5.056838420538903867e-01,-1.056993629827026049e-01,6.608961983881539437e-02,-7.947931622851660272e-02,3.768295090934870029e-02
1.775000000000000133e+00,5.704527300444133253e-01,-1.410645010794270571e-01,7.765214640775131016e-02,5.043671227442975136e-01,-1.049765589541348243e-01,6.510403278051933584e-02,-7.821829980009525896e-02,3.713906637350365691e-02
1.787500000000000089e+00,5.686954760713288648e-01,-1.400972750754322649e-01,7.710472496566840583e-02,5.030594073458084514e-01,-1.042587311527968519e-01,6.413407108777330334e-02,-7.697918523983154904e-02,3.660333928675328641e-02
1.800000000000000044e+00,5.669502697667843094e-01,-1.391368652706825582e-01,7.656154784938555558e-02,5.017606338819653455e-01,-1.035458434066659217e-01,6.317946368521012990e-02,-7.576154252228325947e-02,3.607564016716199862e-02
1.812500000000000000e+00,5.652170262588368521e-01,-1.381832188605215672e-01,7.602257523613202561e-02,5.004707408266212409e-01,-1.028378598375887243e-01,6.223994481137833101e-02,-7.456495140252936138e-02,3.555584176009900232e-02
1.825000000000000178e+00,5.634956613325036168e-01,-1.372362835349526522e-01,7.548776780168350853e-02,4.991896671002843955e-01,-1.021347448583966727e-01,6.131525389811316035e-02,-7.338900115710228489e-02,3.504381899559081553e-02
1.837500000000000133e+00,5.617860914236173508e-01,-1.362960074724603454e-01,7.495708671189901806e-02,4.979173520664989527e-01,-1.014364631700574865e-01,6.040513545309642712e-02,-7.223329033280155576e-02,3.453944894660338633e-02
1.850000000000000089e+00,5.600882336127582795e-01,-1.353623393339360714e-01,7.443049361444052658e-02,4.966537355282605870e-01,-1.007429797588626635e-01,5.950933894550823611e-02,-7.109742650311894063e-02,3.404261078823069692e-02
1.862500000000000044e+00,5.584020056192618986e-01,-1.344352282567065071e-01,7.390795063067077952e-02,4.953987577244677309e-01,-1.000542598936501187e-01,5.862761869467728731e-02,-6.998102603201696026e-02,3.355318575776707751e-02
1.875000000000000000e+00,5.567273257952997101e-01,-1.335146238486620562e-01,7.338942034772481804e-02,4.941523593264065539e-01,-9.937026912306158588e-02,5.775973376163924533e-02,-6.888371384481045689e-02,3.307105711564137934e-02
1.887500000000000178e+00,5.550641131200338974e-01,-1.326004761824833567e-01,7.287486581075051928e-02,4.929144814342706349e-01,-9.869097327283406218e-02,5.690544784351596330e-02,-6.780512320591185194e-02,3.259611010719153101e-02
1.900000000000000133e+00,5.534122871938428334e-01,-1.316927357899637663e-01,7.236425051531408803e-02,4.916850655737139975e-01,-9.801633844312479527e-02,5.606452917063120545e-02,-6.674489550320857056e-02,3.212823192525884886e-02
1.912500000000000089e+00,5.517717682326168660e-01,-1.307913536564257739e-01,7.185753839996614212e-02,4.904640536924373406e-01,-9.734633100586932708e-02,5.523675040628131527e-02,-6.570268003885003372e-02,3.166731167358175641e-02
1.925000000000000044e+00,5.501424770621242688e-01,-1.298962812152292534e-01,7.135469383896443640e-02,4.892513881568070766e-01,-9.668091760217205344e-02,5.442188854908217716e-02,-6.467813382623013863e-02,3.121324033096951195e-02
1.937500000000000000e+00,5.485243351124440281e-01,-1.290074703423699232e-01,7.085568163514931184e-02,4.880470117485070092e-01,-9.602006513972867474e-02,5.361972483781621973e-02,-6.367092139295847664e-02,3.076591071623677870e-02
1.950000000000000178e+00,5.469172644124664640e-01,-1.281248733511657079e-01,7.036046701296790051e-02,4.868508676612217645e-01,-9.536374079028017703e-02,5.283004465870585337e-02,-6.268071458962157227e-02,3.032521745388048681e-02
1.962500000000000133e+00,5.453211875844594658e-01,-1.272484429870296418e-01,6.986901561164352015e-02,4.856628994973521962e-01,-9.471191198709789927e-02,5.205263745504234985e-02,-6.170719240414251905e-02,2.989105694048113659e-02
1.975000000000000089e+00,5.437360278386996759e-01,-1.263781324223269831e-01,6.938129347848658035e-02,4.844830512647614884e-01,-9.406454642249877096e-02,5.128729663910096270e-02,-6.075004078155420845e-02,2.946332731181077955e-02
1.987500000000000044e+00,5.421617089681666224e-01,-1.255138952513152051e-01,6.889726706234342024e-02,4.833112673735526221e-01,-9.342161204539096986e-02,5.053381950627619523e-02,-5.980895244900860663e-02,2.904192841063095096e-02
2.000000000000000000e+00,5.405981553433013564e-01,-1.246556854851651464e-01,6.841690320717991325e-02,4.821474926328763733e-01,-9.278307705884879242e-02,4.979200715137253180e-02,-5.888362674585030654e-02,2.862676175516374807e-02
2.012500000000000178e+00,5.390452919068247084e-01,-1.238034575470613741e-01,6.794016914579611988e-02,4.809916722477688422e-01,-9.214890991771683415e-02,4.906166438698843224e-02,-5.797376945858925129e-02,2.821773050822010478e-02
2.024999999999999911e+00,5.375030441686179383e-01,-1.229571662673804022e-01,6.746703249366930999e-02,4.798437518160194593e-01,-9.151907932624268882e-02,4.834259966393349151e-02,-5.707909266061331893e-02,2.781473944696956010e-02
2.037500000000000089e+00,5.359713382006624505e-01,-1.221167668789449323e-01,6.699746124292159377e-02,4.787036773250679111e-01,-9.089355423573783344e-02,4.763462499362017960e-02,-5.619931455648698865e-02,2.741769493333616817e-02
2.050000000000000266e+00,5.344501006320382386e-01,-1.212822150123530479e-01,6.653142375640974659e-02,4.775713951489304332e-01,-9.027230384226642146e-02,4.693755587237419952e-02,-5.533415933068846354e-02,2.702650488500601272e-02
2.062500000000000000e+00,5.329392586439809509e-01,-1.204534666913802538e-01,6.606888876193384164e-02,4.764468520451547451e-01,-8.965529758436129038e-02,4.625121120760847943e-02,-5.448335700064184384e-02,2.664107874703155673e-02
2.075000000000000178e+00,5.314387399649952437e-01,-1.196304783284531797e-01,6.560982534656191467e-02,4.753299951518030753e-01,-8.904250514076685052e-02,4.557541324580807740e-02,-5.364664327390698817e-02,2.626132746401898740e-02
2.087499999999999911e+00,5.299484728660245336e-01,-1.188132067201938397e-01,6.515420295106809367e-02,4.742207719844638847e-01,-8.843389642820875807e-02,4.490998750227518516e-02,-5.282375940939436354e-02,2.588716345288499115e-02
2.100000000000000089e+00,5.284683861556760398e-01,-1.180016090430322379e-01,6.470199136448104293e-02,4.731191304332903469e-01,-8.782944159918928961e-02,4.425476269258411810e-02,-5.201445208247609114e-02,2.551850057616933398e-02
2.112500000000000266e+00,5.269984091755005595e-01,-1.171956428488868801e-01,6.425316071874059842e-02,4.720250187600674718e-01,-8.722911103980887648e-02,4.360957066569904478e-02,-5.121847325387043903e-02,2.515525411589073640e-02
2.125000000000000000e+00,5.255384717953252016e-01,-1.163952660609112039e-01,6.380768148345958291e-02,4.709383855953050424e-01,-8.663287536761274388e-02,4.297424633870745164e-02,-5.043558004217967017e-02,2.479734074793305681e-02
2.137500000000000178e+00,5.240885044086391886e-01,-1.156004369693047207e-01,6.336552446078849710e-02,4.698591799353580845e-01,-8.604070542946240518e-02,4.234862763312471218e-02,-4.966553459996644881e-02,2.444467851694974436e-02
2.149999999999999911e+00,5.226484379280319503e-01,-1.148111142271880658e-01,6.292666078038074151e-02,4.687873511395737047e-01,-8.545257229943213628e-02,4.173255541272632985e-02,-4.890810399325798419e-02,2.409718681177464017e-02
2.162500000000000089e+00,5.212182037806816215e-01,-1.140272568465400121e-01,6.249106189445580162e-02,4.677228489274637968e-01,-8.486844727672919475e-02,4.112587342286520842e-02,-4.816306008436998382e-02,2.375478634132729278e-02
2.175000000000000266e+00,5.197977339038948319e-01,-1.132488241941958795e-01,6.205869957295828687e-02,4.666656233759037820e-01,-8.428830188363838072e-02,4.052842823123373878e-02,-4.743017941794765852e-02,2.341739911100175139e-02
2.187500000000000000e+00,5.183869607406951241e-01,-1.124757759879056324e-01,6.162954589881042278e-02,4.656156249163569405e-01,-8.371210786348973198e-02,3.994006917003059542e-02,-4.670924311012322055e-02,2.308494839952757519e-02
2.200000000000000178e+00,5.169858172354615533e-01,-1.117080722924508746e-01,6.120357326325592123e-02,4.645728043321237788e-01,-8.313983717864957546e-02,3.936064827949404404e-02,-4.600003674069360476e-02,2.275735873629236919e-02
2.212499999999999911e+00,5.155942368296143608e-01,-1.109456735158195623e-01,6.078075436129314058e-02,4.635371127556167092e-01,-8.257146200853454632e-02,3.879002025276489379e-02,-4.530235024822549389e-02,2.243455587911559815e-02
2.225000000000000089e+00,5.142121534573483865e-01,-1.101885404054369771e-01,6.036106218719530792e-02,4.625085016656589887e-01,-8.200695474764770065e-02,3.822804238204247779e-02,-4.461597782799697071e-02,2.211646679246308256e-02
2.237500000000000266e+00,5.128395015414135560e-01,-1.094366340444525298e-01,5.994447003011603436e-02,4.614869228848085259e-01,-8.144628800363733212e-02,3.767457450599939750e-02,-4.394071783268968523e-02,2.180301962609270186e-02
2.250000000000000000e+00,5.114762159889415516e-01,-1.086899158480807009e-01,5.953095146977795821e-02,4.604723285767054475e-01,-8.088943459537725755e-02,3.712947895842067664e-02,-4.327637267574687557e-02,2.149414369412128503e-02
2.262500000000000178e+00,5.101222321873167820e-01,-1.079483475599953973e-01,5.912048037224263558e-02,4.594646712434436453e-01,-8.033636755106875194e-02,3.659262051803466309e-02,-4.262274873731642516e-02,2.118976945450335575e-02
2.274999999999999911e+00,5.087774860000938704e-01,-1.072118912487768777e-01,5.871303088576010354e-02,4.584639037229660818e-01,-7.978706010636386903e-02,3.606386635950414171e-02,-4.197965627270077577e-02,2.088982848891274627e-02
2.287500000000000089e+00,5.074419137629573306e-01,-1.064805093044097484e-01,5.830857743669581178e-02,4.574699791864830223e-01,-7.924148570250942603e-02,3.554308600554621778e-02,-4.134690932323727836e-02,2.059425348301776107e-02
2.300000000000000266e+00,5.061154522797265409e-01,-1.057541644348317794e-01,5.790709472553370180e-02,4.564828511359139696e-01,-7.869961798451192980e-02,3.503015128015171675e-02,-4.072432562953672008e-02,2.030297820714152199e-02
2.312500000000000000e+00,5.047980388184019063e-01,-1.050328196625318899e-01,5.750855772295333790e-02,4.555024734013516374e-01,-7.816143079932261206e-02,3.452493626287450601e-02,-4.011172654700838336e-02,2.001593749729873445e-02
2.325000000000000178e+00,5.034896111072543201e-01,-1.043164383211968305e-01,5.711294166597950805e-02,4.545288001385490717e-01,-7.762689819404254565e-02,3.402731724416284409e-02,-3.950893696360371909e-02,1.973306723660069040e-02
2.337499999999999911e+00,5.021901073309559260e-01,-1.036049840524056881e-01,5.672022205420293450e-02,4.535617858264289204e-01,-7.709599441414775878e-02,3.353717268170558485e-02,-3.891578521971266608e-02,1.945430433702047615e-02
2.350000000000000089e+00,5.008994661267517357e-01,-1.028984208023708963e-01,5.633037464607001943e-02,4.526013852646146862e-01,-7.656869390173345891e-02,3.305438315776628583e-02,-3.833210303014809167e-02,1.917958672151032565e-02
2.362500000000000266e+00,4.996176265806718253e-01,-1.021967128187255131e-01,5.594337545524061261e-02,4.516475535709838507e-01,-7.604497129377794928e-02,3.257883133748008114e-02,-3.775772540815724304e-02,1.890885330646367365e-02
2.375000000000000000e+00,4.983445282237836671e-01,-1.014998246473554633e-01,5.555920074701192063e-02,4.507002461792426473e-01,-7.552480142042510003e-02,3.211040192808780475e-02,-3.719249059139992375e-02,1.864204398451417555e-02
2.387500000000000178e+00,4.970801110284832625e-01,-1.008077211292759262e-01,5.517782703480721834e-02,4.497594188365219847e-01,-7.500815930328565140e-02,3.164898163908349410e-02,-3.663623996983571968e-02,1.837909960766450496e-02
2.400000000000000355e+00,4.958243154048254664e-01,-1.001203673975516184e-01,5.479923107672805133e-02,4.488250276009947415e-01,-7.449502015375709940e-02,3.119445914325175498e-02,-3.608881801546463819e-02,1.811996197073787590e-02
2.412500000000000089e+00,4.945770821968923370e-01,-9.943772887425937623e-02,5.442338987216836788e-02,4.478970288395140442e-01,-7.398535937136159479e-02,3.074672503857191208e-02,-3.555007221386658617e-02,1.786457379514512847e-02
2.425000000000000266e+00,4.933383526791992879e-01,-9.875977126749282964e-02,5.405028065848922064e-02,4.469753792252714186e-01,-7.347915254210171665e-02,3.030567181096697690e-02,-3.501985299748765906e-02,1.761287871296075835e-02
2.437500000000000000e+00,4.921080685531383225e-01,-9.808646056840841787e-02,5.367988090775303173e-02,4.460600357354767009e-01,-7.297637543683420380e-02,2.987119379787604376e-02,-3.449801368062269807e-02,1.736482125130123927e-02
2.450000000000000178e+00,4.908861719434580717e-01,-9.741776304831156752e-02,5.331216832351558937e-02,4.451509556490567121e-01,-7.247700400966079759e-02,2.944318715262879069e-02,-3.398441039604469666e-02,1.712034681699910535e-02
2.462500000000000355e+00,4.896726053947799695e-01,-9.675364525578296349e-02,5.294712083767511013e-02,4.442480965443753593e-01,-7.198101439633661225e-02,2.902154980960233374e-02,-3.347890203323414249e-02,1.687940168156661092e-02
2.475000000000000089e+00,4.884673118681499004e-01,-9.609407401384351122e-02,5.258471660737670111e-02,4.433514162969722783e-01,-7.148838291269525580e-02,2.860618145014029098e-02,-3.298135017816201942e-02,1.664193296644270875e-02
2.487500000000000266e+00,4.872702347376253185e-01,-9.543901641715787920e-02,5.222493401197119550e-02,4.424608730773219034e-01,-7.099908605309070142e-02,2.819698346921506102e-02,-3.249161905458212291e-02,1.640788862851737945e-02
2.500000000000000000e+00,4.860813177868971713e-01,-9.478843982927570577e-02,5.186775165002733418e-02,4.415764253486114677e-01,-7.051310048885592319e-02,2.779385894281492450e-02,-3.200957546678996624e-02,1.617721744592752822e-02
2.512500000000000178e+00,4.849005052059453535e-01,-9.414231187990962368e-02,5.151314833639584340e-02,4.406980318645383754e-01,-7.003040306677746352e-02,2.739671259603746259e-02,-3.153508874380607507e-02,1.594986900411859629e-02
2.525000000000000355e+00,4.837277415877291875e-01,-9.350060046225000532e-02,5.116110309932463129e-02,4.398256516671265604e-01,-6.955097080758645967e-02,2.700545077187222268e-02,-3.106803068494396608e-02,1.572579368216643625e-02
2.537500000000000089e+00,4.825629719249101002e-01,-9.286327373031520727e-02,5.081159517762382644e-02,4.389592440845614396e-01,-6.907478090446525498e-02,2.661998140065517313e-02,-3.060827550672332725e-02,1.550494263935391775e-02
2.550000000000000266e+00,4.814061416066075516e-01,-9.223030009633685633e-02,5.046460401787957600e-02,4.380987687290434085e-01,-6.860181072156973370e-02,2.624021397017856777e-02,-3.015569979109066628e-02,1.528726780199695864e-02
2.562500000000000000e+00,4.802571964151880479e-01,-9.160164822818009367e-02,5.012010927171584029e-02,4.372441854946601536e-01,-6.813203779256725434e-02,2.586605949644017743e-02,-2.971018243491108102e-02,1.507272185051486586e-02
2.575000000000000178e+00,4.791160825230850184e-01,-9.097728704679718115e-02,4.977809079310279577e-02,4.363954545552763964e-01,-6.766543981918962669e-02,2.549743049501592210e-02,-2.927160460069517731e-02,1.486125820673975424e-02
2.587500000000000355e+00,4.779827464896515554e-01,-9.035718572371496948e-02,4.943852863571125689e-02,4.355525363624424551e-01,-6.720199466980127101e-02,2.513424095304108916e-02,-2.883984966852730369e-02,1.465283102146030213e-02
2.600000000000000089e+00,4.768571352580434630e-01,-8.974131367855486818e-02,4.910140305031187452e-02,4.347153916433199594e-01,-6.674168037798218489e-02,2.477640630178495895e-02,-2.841480318916133826e-02,1.444739516219481837e-02
2.612500000000000266e+00,4.757391961521332813e-01,-8.912964057658506745e-02,4.876669448221825770e-02,4.338839813986254401e-01,-6.628447514112550953e-02,2.442384338980462671e-02,-2.799635283825199078e-02,1.424490620118897856e-02
2.625000000000000000e+00,4.746288768734552854e-01,-8.852213632630462348e-02,4.843438356877330375e-02,4.330582669005915153e-01,-6.583035731904966770e-02,2.407647045666411537e-02,-2.758438837169043326e-02,1.404532040363368033e-02
2.637500000000000178e+00,4.735261254981794621e-01,-8.791877107705843575e-02,4.810445113687749491e-02,4.322382096909450633e-01,-6.537930543262465699e-02,2.373420710720486326e-02,-2.717880158201362376e-02,1.384859471609835302e-02
2.650000000000000355e+00,4.724308904741161830e-01,-8.731951521668317173e-02,4.777687820055864093e-02,4.314237715789024930e-01,-6.493129816241260954e-02,2.339697428635473253e-02,-2.677948625585835352e-02,1.365468675517550468e-02
2.662500000000000089e+00,4.713431206177493560e-01,-8.672433936918305664e-02,4.745164595858199219e-02,4.306149146391823335e-01,-6.448631434732204903e-02,2.306469425446230903e-02,-2.638633813243119672e-02,1.346355479633206016e-02
2.675000000000000266e+00,4.702627651112986640e-01,-8.613321439243533384e-02,4.712873579209995306e-02,4.298116012100338112e-01,-6.404433298327598389e-02,2.273729056314417393e-02,-2.599925486296690916e-02,1.327515776296333411e-02
2.687500000000000000e+00,4.691897734998106140e-01,-8.554611137592507686e-02,4.680812926234077104e-02,4.290137938912828020e-01,-6.360533322189365624e-02,2.241468803163296913e-02,-2.561813597114860966e-02,1.308945521564561232e-02
2.700000000000000178e+00,4.681240956882770643e-01,-8.496300163850832587e-02,4.648980810833505672e-02,4.282214555423935476e-01,-6.316929436918543306e-02,2.209681272361421062e-02,-2.524288281446349785e-02,1.290640734158317315e-02
2.712500000000000355e+00,4.670656819387822845e-01,-8.438385672620365985e-02,4.617375424467974609e-02,4.274345492805470825e-01,-6.273619588426114502e-02,2.178359192454057056e-02,-2.487339854646930179e-02,1.272597494424599664e-02
2.725000000000000089e+00,4.660144828676768824e-01,-8.380864841001141319e-02,4.585994975933849194e-02,4.266530384787352026e-01,-6.230601737805139401e-02,2.147495411941217555e-02,-2.450958807994672167e-02,1.254811943319421481e-02
2.737500000000000266e+00,4.649704494427789325e-01,-8.323734868376005125e-02,4.554837691147781836e-02,4.258768867638708655e-01,-6.187873861204156584e-02,2.117082897101208588e-02,-2.415135805091435731e-02,1.237280281408556504e-02
2.750000000000000000e+00,4.639335329806021924e-01,-8.266992976197962140e-02,4.523901812933851796e-02,4.251060580149140788e-01,-6.145433949701889498e-02,2.087114729858641562e-02,-2.379861678348321047e-02,1.219998767886231079e-02
2.762500000000000178e+00,4.629036851436103550e-01,-8.210636407780129431e-02,4.493185600814117442e-02,4.243405163610132758e-01,-6.103280009183176952e-02,2.057584105695847015e-02,-2.345127425552825939e-02,1.202963719611384666e-02
2.775000000000000355e+00,4.618808579374975021e-01,-8.154662428088317594e-02,4.462687330802562330e-02,4.235802261796622337e-01,-6.061410060216165102e-02,2.028484331606719704e-02,-2.310924206515575785e-02,1.186171510161170527e-02
2.787500000000000089e+00,4.608650037084943696e-01,-8.099068323536146030e-02,4.432405295202328233e-02,4.228251520948725362e-01,-6.019822137930713746e-02,1.999808824091977438e-02,-2.277243339794506050e-02,1.169618568901338758e-02
2.800000000000000266e+00,4.598560751407000380e-01,-8.043851401782668720e-02,4.402337802406190714e-02,4.220752589753605788e-01,-5.978514291898006511e-02,1.971551107194897262e-02,-2.244076299494469212e-02,1.153301380073173087e-02
2.812500000000000000e+00,4.588540252534389352e-01,-7.989008991532507709e-02,4.372483176700214802e-02,4.213305119327499515e-01,-5.937484586011376048e-02,1.943704810576605060e-02,-2.211414712140304453e-02,1.137216481896660865e-02
2.825000000000000178e+00,4.578588073986420981e-01,-7.934538442338372188e-02,4.342839758070510259e-02,4.205908763197886979e-01,-5.896731098368280383e-02,1.916263667629988093e-02,-2.179250353621422706e-02,1.121360465689561978e-02
2.837500000000000355e+00,4.568703752582539135e-01,-7.880437124406018679e-02,4.313405902013055931e-02,4.198563177285809522e-01,-5.856251921153471374e-02,1.889221513631375929e-02,-2.147575146206079366e-02,1.105729975002081762e-02
2.850000000000000089e+00,4.558886828416621184e-01,-7.826702428401545453e-02,4.284179979346499495e-02,4.191268019888333418e-01,-5.816045160523294205e-02,1.862572283929109923e-02,-2.116381155623503485e-02,1.090321704766828055e-02
2.862500000000000266e+00,4.549136844831523918e-01,-7.773331765261004556e-02,4.255160376027898594e-02,4.184022951661157674e-01,-5.776108936491126944e-02,1.836310012168168582e-02,-2.085660588212133806e-02,1.075132400463759373e-02
2.875000000000000000e+00,4.539453348393863719e-01,-7.720322566002321696e-02,4.226345492971345097e-02,4.176827635601361166e-01,-5.736441382813957379e-02,1.810428828550045624e-02,-2.055405788132276534e-02,1.060158857299835569e-02
2.887500000000000178e+00,4.529835888869028770e-01,-7.667672281539444912e-02,4.197733745869400290e-02,4.169681737030297430e-01,-5.697040646880040943e-02,1.784922958127065085e-02,-2.025609234641499029e-02,1.045397919403075540e-02
2.900000000000000355e+00,4.520284019196427749e-01,-7.615378382498716459e-02,4.169323565017309108e-02,4.162584923576622131e-01,-5.657904889597685505e-02,1.759786719130378152e-02,-1.996263539431185341e-02,1.030846479030753625e-02
2.912500000000000089e+00,4.510797295464959999e-01,-7.563438359037426284e-02,4.141113395139921910e-02,4.155536865159463744e-01,-5.619032285285094352e-02,1.735014521330875345e-02,-1.967361444022671518e-02,1.016501475791451413e-02
2.925000000000000266e+00,4.501375276888713861e-01,-7.511849720664504071e-02,4.113101695221282883e-02,4.148537233971726912e-01,-5.580421021561281919e-02,1.710600864432279544e-02,-1.938895817221450782e-02,1.002359895880700590e-02
2.937500000000000000e+00,4.492017525782890375e-01,-7.460609996063337357e-02,4.085286938336833013e-02,4.141585704463537354e-01,-5.542069299238062963e-02,1.686540336495715928e-02,-1.910859652627988278e-02,9.884187713299614694e-03
2.950000000000000178e+00,4.482723607539942923e-01,-7.409716732916657445e-02,4.057667611488171427e-02,4.134681953325816117e-01,-5.503975332213058291e-02,1.662827612395037513e-02,-1.883246066203693794e-02,9.746751792686667720e-03
2.962500000000000355e+00,4.473493090605937805e-01,-7.359167497733488938e-02,4.030242215440339032e-02,4.127825659473988162e-01,-5.466137347363753812e-02,1.639457452302250928e-02,-1.856048293890686166e-02,9.611262411990966273e-03
2.975000000000000089e+00,4.464325546457126870e-01,-7.308959875678111562e-02,4.003009264561565445e-02,4.121016504031825289e-01,-5.428553584442568497e-02,1.616424700202357539e-02,-1.829259689283981374e-02,9.477691222838254687e-03
2.987500000000000266e+00,4.455220549576736078e-01,-7.259091470400996782e-02,3.975967286665432754e-02,4.114254170315413406e-01,-5.391222295972922240e-02,1.593724282436971909e-02,-1.802873721354798786e-02,9.346010306455073205e-03
3.000000000000000000e+00,4.446177677431961683e-01,-7.209559903871731734e-02,3.949114822855430418e-02,4.107538343817259685e-01,-5.354141747146317493e-02,1.571351206276094120e-02,-1.776883972223719521e-02,9.216192166787673737e-03
3.012500000000000178e+00,4.437196510451172915e-01,-7.160362816213838855e-02,3.922450427371822895e-02,4.100868712190514076e-01,-5.317310215720377764e-02,1.549300558517400020e-02,-1.751284134982436166e-02,9.088209723739604576e-03
3.025000000000000355e+00,4.428276632001325597e-01,-7.111497865541527297e-02,3.895972667440824461e-02,4.094244965233330147e-01,-5.280725991917883944e-02,1.527567504112475189e-02,-1.726068011562916990e-02,8.962036306525825169e-03
3.037500000000000089e+00,4.419417628365572281e-01,-7.062962727798288709e-02,3.869680123126009730e-02,4.087666794873344167e-01,-5.244387378326747368e-02,1.506147284819384091e-02,-1.701229510652787699e-02,8.837645647141057631e-03
3.050000000000000266e+00,4.410619088721074443e-01,-7.014755096597344308e-02,3.843571387181926591e-02,4.081133895152280755e-01,-5.208292689800944619e-02,1.485035217881017049e-02,-1.676762645655808376e-02,8.715011873940253437e-03
3.062500000000000000e+00,4.401880605117018397e-01,-6.966872683063926597e-02,3.817645064909887948e-02,4.074645962210681760e-01,-5.172440253362387691e-02,1.464226694728659912e-02,-1.652661532696337449e-02,8.594109505329098828e-03
3.075000000000000178e+00,4.393201772452818288e-01,-6.919313215679318008e-02,3.791899774015868724e-02,4.068202694272757824e-01,-5.136828408103712162e-02,1.443717179710229948e-02,-1.628920388666695029e-02,8.474913443562407875e-03
3.087500000000000355e+00,4.384582188456519480e-01,-6.872074440126681172e-02,3.766334144470509515e-02,4.061803791631358740e-01,-5.101455505091994497e-02,1.423502208842665484e-02,-1.605533529316397270e-02,8.357398968648470719e-03
3.100000000000000089e+00,4.376021453663392902e-01,-6.825154119138612807e-02,3.740946818371153337e-02,4.055448956633068702e-01,-5.066319907273365147e-02,1.403577388587939380e-02,-1.582495367382226459e-02,8.241541732357322153e-03
3.112500000000000266e+00,4.367519171394715349e-01,-6.778550032346403187e-02,3.715736449805895347e-02,4.049137893663410370e-01,-5.031419989378509150e-02,1.383938394652193399e-02,-1.559800410758154302e-02,8.127317752330966844e-03
3.125000000000000000e+00,4.359074947736741312e-01,-6.732259976131005352e-02,3.690701704719616394e-02,4.042870309132179929e-01,-4.996754137829074321e-02,1.364580970807514719e-02,-1.537443260704162394e-02,8.014703406293769219e-03
3.137500000000000178e+00,4.350688391519856868e-01,-6.686281763475640516e-02,3.665841260781944194e-02,4.036645911458885405e-01,-4.962320750644921841e-02,1.345500927735850810e-02,-1.515418610093006296e-02,7.903675426360994016e-03
3.150000000000000355e+00,4.342359114297918987e-01,-6.640613223820059086e-02,3.641153807257127561e-02,4.030464411058310437e-01,-4.928118237352270559e-02,1.326694141894619802e-02,-1.493721241694030526e-02,7.794210893443822598e-03
3.162500000000000089e+00,4.334086730327774140e-01,-6.595252202916417061e-02,3.616638044875775115e-02,4.024325520326187400e-01,-4.894145018892673976e-02,1.308156554403537564e-02,-1.472346026493133626e-02,7.686287231748957678e-03
3.175000000000000266e+00,4.325870856548958421e-01,-6.550196562686720625e-02,3.592292685708429328e-02,4.018228953624982669e-01,-4.860399527532848624e-02,1.289884169952225552e-02,-1.451287922048023586e-02,7.579882203371098200e-03
3.187500000000000000e+00,4.317711112563573095e-01,-6.505444181081881938e-02,3.568116453040955788e-02,4.012174427269797894e-01,-4.826880206775341353e-02,1.271873055728167320e-02,-1.430541970877934922e-02,7.474973902976624236e-03
3.200000000000000178e+00,4.309607120616333886e-01,-6.460992951942276519e-02,3.544108081251685916e-02,4.006161659514381190e-01,-4.793585511270014032e-02,1.254119340364572358e-02,-1.410103298886970259e-02,7.371540752576708627e-03
3.212500000000000355e+00,4.301558505574797908e-01,-6.416840784859856317e-02,3.520266315690320780e-02,4.000190370537246021e-01,-4.760513906726347721e-02,1.236619212907753666e-02,-1.389967113820291499e-02,7.269561496388334855e-03
3.225000000000000089e+00,4.293564894909759344e-01,-6.372985605041758816e-02,3.496589912558528690e-02,3.994260282427902764e-01,-4.727663869826557314e-02,1.219368921803592326e-02,-1.370128703752372841e-02,7.169015195781512466e-03
3.237500000000000266e+00,4.285625918675813328e-01,-6.329425353175380242e-02,3.473077638792228944e-02,3.988371119173195201e-01,-4.695033888139488187e-02,1.202364773902705845e-02,-1.350583435606563486e-02,7.069881224311146996e-03
3.250000000000000000e+00,4.277741209492090801e-01,-6.286157985294944794e-02,3.449728271945532582e-02,3.982522606643746910e-01,-4.662622460035326100e-02,1.185603133483933459e-02,-1.331326753705238883e-02,6.972139262832071673e-03
3.262500000000000178e+00,4.269910402523156567e-01,-6.243181472649474151e-02,3.426540600076288107e-02,3.976714472580512583e-01,-4.630428094601060640e-02,1.169080421295749447e-02,-1.312354178349804147e-02,6.875769294695614590e-03
3.275000000000000355e+00,4.262133135460073330e-01,-6.200493801572212055e-02,3.403513421633241193e-02,3.970946446581431477e-01,-4.598449311556739028e-02,1.152793113615252323e-02,-1.293661304429878818e-02,6.780751601026353478e-03
3.287500000000000089e+00,4.254409048501626711e-01,-6.158092973351431826e-02,3.380645545344743846e-02,3.965218260088194113e-01,-4.566684641172472081e-02,1.136737741324354151e-02,-1.275243800060965604e-02,6.687066756077481196e-03
3.300000000000000266e+00,4.246737784335711807e-01,-6.115977004102620546e-02,3.357935790109008861e-02,3.959529646373098344e-01,-4.535132624186193062e-02,1.120910889002824096e-02,-1.257097405249952421e-02,6.594695622663433211e-03
3.312500000000000000e+00,4.239118988120877951e-01,-6.074143924642048942e-02,3.335382984885881807e-02,3.953880340526023107e-01,-4.503791811722173549e-02,1.105309194037849829e-02,-1.239217930587810726e-02,6.503619347668380610e-03
3.325000000000000178e+00,4.231552307468032237e-01,-6.032591780361653416e-02,3.312985968590085456e-02,3.948270079441490443e-01,-4.472660765210256795e-02,1.089929345749762746e-02,-1.221601255968849005e-02,6.413819357629156614e-03
3.337500000000000355e+00,4.224037392422295700e-01,-5.991318631105272546e-02,3.290743589985940798e-02,3.942698601805836867e-01,-4.441738056305842564e-02,1.074768084533619938e-02,-1.204243329335930209e-02,6.325277354391376297e-03
3.350000000000000089e+00,4.216573895445017151e-01,-5.950322551046172137e-02,3.268654707583511926e-02,3.937165648084480218e-01,-4.411022266810574188e-02,1.059822201016305532e-02,-1.187140165451045989e-02,6.237975310837333941e-03
3.362500000000000266e+00,4.209161471395934107e-01,-5.909601628565862297e-02,3.246718189536167143e-02,3.931670960509284773e-01,-4.380511988593747963e-02,1.045088535228844498e-02,-1.170287844690672159e-02,6.151895466684455943e-03
3.375000000000000000e+00,4.201799777515491385e-01,-5.869153966134196126e-02,3.224932913539532708e-02,3.926214283066027377e-01,-4.350205823514428222e-02,1.030563975793627983e-02,-1.153682511865351118e-02,6.067020324353042914e-03
3.387500000000000178e+00,4.194488473407302354e-01,-5.828977680190709082e-02,3.203297766731796892e-02,3.920795361481957397e-01,-4.320102383344254227e-02,1.016245459126237198e-02,-1.137320375062934701e-02,5.983332644902013796e-03
3.400000000000000355e+00,4.187227221020761170e-01,-5.789070901027208726e-02,3.181811645595369192e-02,3.915413943213453818e-01,-4.290200289690943025e-02,1.002129968651589709e-02,-1.121197704514972915e-02,5.900815444031515776e-03
3.412500000000000089e+00,4.180015684633801021e-01,-5.749431772671576707e-02,3.160473455859853092e-02,3.910069777433779481e-01,-4.260498173922472320e-02,9.882145340341083606e-03,-1.105310831485708731e-02,5.819451988151137962e-03
3.425000000000000266e+00,4.172853530835793356e-01,-5.710058452772776710e-02,3.139282112406308750e-02,3.904762615020923588e-01,-4.230994677091933637e-02,9.744962304216403179e-03,-1.089656147183180532e-02,5.739225790512597798e-03
3.437500000000000000e+00,4.165740428510595894e-01,-5.670949112487058685e-02,3.118236539172802510e-02,3.899492208545548011e-01,-4.201688449863065500e-02,9.609721777028549031e-03,-1.074230101691939221e-02,5.660120607405780442e-03
3.450000000000000178e+00,4.158676048819737736e-01,-5.632101936365322553e-02,3.097335669061198823e-02,3.894258312259012977e-01,-4.172578152436431237e-02,9.476395397778444168e-03,-1.059029202926885065e-02,5.582120434416943701e-03
3.462500000000000355e+00,4.151660065185745485e-01,-5.593515122241653897e-02,3.076578443845193536e-02,3.889060682081508791e-01,-4.143662454476263607e-02,9.344955238416781385e-03,-1.044050015607769777e-02,5.505209502748065892e-03
3.475000000000000089e+00,4.144692153275608693e-01,-5.555186881122992082e-02,3.055963814079553850e-02,3.883899075590266925e-01,-4.114940035037949195e-02,9.215373796806446138e-03,-1.029289160253890612e-02,5.429372275596202127e-03
3.487500000000000266e+00,4.137771990984381310e-01,-5.517115437079923163e-02,3.035490739010550734e-02,3.878773252007867156e-01,-4.086409582496150494e-02,9.087623989809355540e-03,-1.014743312198535669e-02,5.354593444591809921e-03
3.500000000000000000e+00,4.130899258418922471e-01,-5.479299027138598982e-02,3.015158186487569558e-02,3.873682972190635732e-01,-4.058069794473570524e-02,8.961679146495335133e-03,-1.000409200622747255e-02,5.280857926295032777e-03
3.512500000000000178e+00,4.124073637881766063e-01,-5.441735901173733875e-02,2.994965132875866687e-02,3.868627998617125141e-01,-4.029919377770326688e-02,8.837513001470519852e-03,-9.862836076079678840e-03,5.208150858748875761e-03
3.525000000000000355e+00,4.117294813855126856e-01,-5.404424321802706738e-02,2.974910562970468561e-02,3.863608095376688811e-01,-4.001957048293964397e-02,8.715099688323069138e-03,-9.723633672071673242e-03,5.136457598088329385e-03
3.537500000000000089e+00,4.110562472985039850e-01,-5.367362564280714343e-02,2.954993469911180309e-02,3.858623028158140733e-01,-3.974181530990064659e-02,8.594413733183836959e-03,-9.586453645340324570e-03,5.065763715204420897e-03
3.550000000000000266e+00,4.103876304065625091e-01,-5.330548916396985609e-02,2.935212855098693827e-02,3.853672564238498910e-01,-3.946591559773467150e-02,8.475430048399762439e-03,-9.451265348698339661e-03,4.996054992462254513e-03
3.562500000000000000e+00,4.097235998023486814e-01,-5.293981678372046418e-02,2.915567728111782483e-02,3.848756472471817625e-01,-3.919185877460096973e-02,8.358123926317880328e-03,-9.318038627875863122e-03,4.927317420472112491e-03
3.575000000000000178e+00,4.090641247902236932e-01,-5.257659162755996818e-02,2.896057106625546732e-02,3.843874523278104083e-01,-3.891963235699370804e-02,8.242471033177663220e-03,-9.186743812931141492e-03,4.859537194912656038e-03
3.587500000000000355e+00,4.084091748847145653e-01,-5.221579694327820043e-02,2.876680016330719278e-02,3.839026488632316658e-01,-3.864922394907208125e-02,8.128447403109782116e-03,-9.057351709826749406e-03,4.792700713405365597e-03
3.600000000000000089e+00,4.077587198089919207e-01,-5.185741609995684481e-02,2.857435490853988194e-02,3.834212142053450290e-01,-3.838062124199609348e-02,8.016029432239085706e-03,-8.929833592167656792e-03,4.726794572439303732e-03
3.612500000000000266e+00,4.071127294933599150e-01,-5.150143258698229587e-02,2.838322571679336229e-02,3.829431258593701815e-01,-3.811381201326813351e-02,7.905193872889869355e-03,-8.804161193097726629e-03,4.661805564345323713e-03
3.625000000000000000e+00,4.064711740737585455e-01,-5.114783001306848209e-02,2.819340308070380358e-02,3.824683614827716904e-01,-3.784878412608029541e-02,7.795917827891507383e-03,-8.680306697351260550e-03,4.597720674318917129e-03
3.637500000000000178e+00,4.058340238902780617e-01,-5.079659210528909841e-02,2.800487756993684518e-02,3.819968988841920821e-01,-3.758552552866722962e-02,7.688178744982425081e-03,-8.558242733456171425e-03,4.534527077490786359e-03
3.650000000000000355e+00,4.052012494856856439e-01,-5.044770270811957391e-02,2.781763983043045521e-02,3.815287160223928553e-01,-3.732402425366465604e-02,7.581954411310662736e-03,-8.437942366085670817e-03,4.472212136044396817e-03
3.662500000000000089e+00,4.045728216039636838e-01,-5.010114578248830997e-02,2.763168058364721957e-02,3.810637910052032118e-01,-3.706426841747337275e-02,7.477222948029087907e-03,-8.319379088555211785e-03,4.410763396379646824e-03
3.675000000000000266e+00,4.039487111888600546e-01,-4.975690540483720253e-02,2.744699062583599511e-02,3.806021020884772232e-01,-3.680624621962862858e-02,7.373962804983512538e-03,-8.202526815461611345e-03,4.350168586321880547e-03
3.687500000000000000e+00,4.033288893824499843e-01,-4.941496576619148345e-02,2.726356082730281918e-02,3.801436276750584375e-01,-3.654994594217508136e-02,7.272152755491979349e-03,-8.087359875461422667e-03,4.290415612375488540e-03
3.700000000000000178e+00,4.027133275237094745e-01,-4.907531117123840880e-02,2.708138213169077740e-02,3.796883463137522563e-01,-3.629535594904688411e-02,7.171771891213407288e-03,-7.973853004185476115e-03,4.231492557021284025e-03
3.712500000000000355e+00,4.021019971471003762e-01,-4.873792603741507190e-02,2.690044555526889883e-02,3.792362366983065280e-01,-3.604246468545328763e-02,7.072799617104029608e-03,-7.861981337286862159e-03,4.173387676056967976e-03
3.725000000000000089e+00,4.014948699811666244e-01,-4.840279489400495933e-02,2.672074218622973521e-02,3.787872776663989693e-01,-3.579126067726929455e-02,6.975215646459873367e-03,-7.751720403619433153e-03,4.116089395979891964e-03
3.737500000000000266e+00,4.008919179471416849e-01,-4.806990238124322218e-02,2.654226318399562079e-02,3.783414481986329680e-01,-3.554173253043156622e-02,6.878999996043703470e-03,-7.643046118544149017e-03,4.059586311411430073e-03
3.750000000000000000e+00,4.002931131575672152e-01,-4.773923324943064872e-02,2.636499977853347387e-02,3.778987274175404365e-01,-3.529386893033952671e-02,6.784132981294895177e-03,-7.535934777360606650e-03,4.003867182562254740e-03
3.762500000000000178e+00,3.996984279149228825e-01,-4.741077235805604001e-02,2.618894326967789038e-02,3.774590945865921587e-01,-3.504765864126140745e-02,6.690595211620581871e-03,-7.430363048861065092e-03,3.948920932737791378e-03
3.775000000000000355e+00,3.991078347102667845e-01,-4.708450467492709263e-02,2.601408502646258142e-02,3.770225291092158537e-01,-3.480309050574544733e-02,6.598367585766685105e-03,-7.326307969004520505e-03,3.894736645883219509e-03
3.787500000000000089e+00,3.985213062218869173e-01,-4.676041527530954561e-02,2.584041648645987385e-02,3.765890105278210664e-01,-3.456015344403602640e-02,6.507431287267241397e-03,-7.223746934708257482e-03,3.841303564167296552e-03
3.800000000000000266e+00,3.979388153139633011e-01,-4.643848934107447368e-02,2.566792915512819059e-02,3.761585185228317196e-01,-3.431883645349465689e-02,6.417767779970620645e-03,-7.122657697754462836e-03,3.788611085604384580e-03
3.812500000000000000e+00,3.973603350352407082e-01,-4.611871215985385852e-02,2.549661460516749675e-02,3.757310329117257708e-01,-3.407912860802597699e-02,6.329358803641226688e-03,-7.023018358809587740e-03,3.736648761714036430e-03
3.825000000000000178e+00,3.967858386177118279e-01,-4.580106912420393167e-02,2.532646447588239244e-02,3.753065336480818637e-01,-3.384101905750844935e-02,6.242186369635225468e-03,-6.924807361554026139e-03,3.685406295217471141e-03
3.837500000000000355e+00,3.962152994753109225e-01,-4.548554573077665669e-02,2.515747047255292509e-02,3.748850008206333628e-01,-3.360449702722996534e-02,6.156232756649017944e-03,-6.828003486919960105e-03,3.634873537770374075e-03
3.850000000000000089e+00,3.956486912026179192e-01,-4.517212757949889274e-02,2.498962436581290275e-02,3.744664146523291048e-01,-3.336955181732804976e-02,6.071480506539042241e-03,-6.732585847435066696e-03,3.585040487731356879e-03
3.862500000000000266e+00,3.950859875735722171e-01,-4.486080037275928800e-02,2.482291799103557295e-02,3.740507554994012551e-01,-3.313617280223481870e-02,5.987912420211632600e-03,-6.638533881669955207e-03,3.535897287965510030e-03
3.875000000000000000e+00,3.945271625401973736e-01,-4.455154991460291702e-02,2.465734324772669850e-02,3.736380038504401591e-01,-3.290434943012663510e-02,5.905511553581678334e-03,-6.545827348787258346e-03,3.487434223682463370e-03
3.887500000000000178e+00,3.939721902313350066e-01,-4.424436210993327317e-02,2.449289209892471092e-02,3.732281403254759100e-01,-3.267407122237818429e-02,5.824261213598744442e-03,-6.454446323190223683e-03,3.439641720308346615e-03
3.900000000000000355e+00,3.934210449513892982e-01,-4.393922296372192865e-02,2.432955657060805257e-02,3.728211456750666342e-01,-3.244532777302130272e-02,5.744144954339525447e-03,-6.364371189268884163e-03,3.392510341391125929e-03
3.912500000000000089e+00,3.928737011790810474e-01,-4.363611858022539008e-02,2.416732875110941606e-02,3.724170007793938808e-01,-3.221810874820813658e-02,5.665146573165337485e-03,-6.275582636241761568e-03,3.346030786538721578e-03
3.925000000000000266e+00,3.923301335662111589e-01,-4.333503516220929552e-02,2.400620079053688780e-02,3.720156866473642299e-01,-3.199240388567885923e-02,5.587250106943507204e-03,-6.188061653091192146e-03,3.300193889389376693e-03
3.937500000000000000e+00,3.917903169364344018e-01,-4.303595901017984171e-02,2.384616490020189869e-02,3.716171844157179494e-01,-3.176820299423377403e-02,5.510439828331514280e-03,-6.101789523590434722e-03,3.254990615613754992e-03
3.950000000000000178e+00,3.912542262840422169e-01,-4.273887652162223355e-02,2.368721335205377365e-02,3.712214753481438145e-01,-3.154549595320974703e-02,5.434700242122699268e-03,-6.016747821420631408e-03,3.210412060948203243e-03
3.962500000000000355e+00,3.907218367727554598e-01,-4.244377419024625980e-02,2.352933847812093554e-02,3.708285408344006995e-01,-3.132427271196103896e-02,5.360016081652489023e-03,-5.932918405375917428e-03,3.166449449258707059e-03
3.975000000000000089e+00,3.901931237345260262e-01,-4.215063860523873829e-02,2.337253266995854492e-02,3.704383623894457744e-01,-3.110452328934438723e-02,5.286372305263997359e-03,-5.850283414654837769e-03,3.123094130634988808e-03
3.987500000000000266e+00,3.896680626683479698e-01,-4.185945645052283060e-02,2.321678837810249932e-02,3.700509216525686429e-01,-3.088623777320827907e-02,5.213754092831946255e-03,-5.768825264236387106e-03,3.080337579514274508e-03
4.000000000000000000e+00,3.891466292390782233e-01,-4.157021450402421936e-02,2.306209811152981973e-02,3.696662003865323065e-01,-3.066940631988654756e-02,5.142146842343897975e-03,-5.688526640339010287e-03,3.038171392834242233e-03
4.012500000000000178e+00,3.886287992762658683e-01,-4.128289963694384973e-02,2.290845443712510518e-02,3.692841804767201808e-01,-3.045401915369597839e-02,5.071536166537695713e-03,-5.609370495960853790e-03,2.996587288214641164e-03
4.025000000000000355e+00,3.881145487729906751e-01,-4.099749881303748483e-02,2.275584997915322538e-02,3.689048439302893279e-01,-3.024006656643817709e-02,5.001907889594195064e-03,-5.531340046499733792e-03,2.955577102167150205e-03
4.037500000000000533e+00,3.876038538847108583e-01,-4.071399908790164501e-02,2.260427741873795304e-02,3.685281728753302399e-01,-3.002753891690542951e-02,4.933248043884222098e-03,-5.454418765451185015e-03,2.915132788332975254e-03
4.049999999999999822e+00,3.870966909281192692e-01,-4.043238760826613903e-02,2.245372949334656712e-02,3.681541495600322289e-01,-2.981642663039062516e-02,4.865542866768852483e-03,-5.378590380183095876e-03,2.875246415747751902e-03
4.062500000000000000e+00,3.865930363800086922e-01,-4.015265161129290966e-02,2.230419899628026739e-02,3.677827563518554777e-01,-2.960672019820115991e-02,4.798778797452000339e-03,-5.303838867785377366e-03,2.835910167133280819e-03
4.075000000000000178e+00,3.860928668761458571e-01,-3.987477842388132548e-02,2.215567877617044198e-02,3.674139757367086423e-01,-2.939841017717688756e-02,4.732942473884477197e-03,-5.230148450993269207e-03,2.797116337215703376e-03
4.087500000000000355e+00,3.855961592101539992e-01,-3.959875546197965529e-02,2.200816173648053112e-02,3.670477903181328383e-01,-2.919148718921189128e-02,4.668020729718511466e-03,-5.157503594182752393e-03,2.758857331069622647e-03
4.100000000000000533e+00,3.851028903324039687e-01,-3.932457022990272499e-02,2.186164083501353217e-02,3.666841828164913997e-01,-2.898594192078019979e-02,4.604000591311900939e-03,-5.085888999436723699e-03,2.721125662487791207e-03
4.112499999999999822e+00,3.846130373489139442e-01,-3.905221031965577100e-02,2.171610908342504892e-02,3.663231360681655779e-01,-2.878176512246535118e-02,4.540869274780909293e-03,-5.015289602680536585e-03,2.683913952375932034e-03
4.125000000000000000e+00,3.841265775202573618e-01,-3.878166341026419162e-02,2.157155954674172538e-02,3.659646330247560142e-01,-2.857894760849372107e-02,4.478614183101008867e-03,-4.945690569885532843e-03,2.647214927172270547e-03
4.137500000000000178e+00,3.836434882604795593e-01,-3.851291726710954350e-02,2.142798534288513704e-02,3.656086567522901509e-01,-2.837748025627173307e-02,4.417222903254719446e-03,-4.877077293339319476e-03,2.611021417291415660e-03
4.150000000000000355e+00,3.831637471360222480e-01,-3.824595974127119324e-02,2.128537964220091061e-02,3.652551904304355279e-01,-2.817735400592671566e-02,4.356683203425601968e-03,-4.809435387981403007e-03,2.575326355592137510e-03
4.162500000000000533e+00,3.826873318646564215e-01,-3.798077876887396426e-02,2.114373566699309648e-02,3.649042173517182408e-01,-2.797855985985149216e-02,4.296983030237682896e-03,-4.742750687802998154e-03,2.540122775868697107e-03
4.174999999999999822e+00,3.822142203144234252e-01,-3.771736237044157752e-02,2.100304669106366900e-02,3.645557209207478944e-01,-2.778108888225267262e-02,4.238110506039486150e-03,-4.677009242309738447e-03,2.505403811365328887e-03
4.187500000000000000e+00,3.817443905025837969e-01,-3.745569865025565742e-02,2.086330603925709570e-02,3.642096846534473298e-01,-2.758493219870249841e-02,4.180053926231871129e-03,-4.612197313046065804e-03,2.471162693313491091e-03
4.200000000000000178e+00,3.812778205945744903e-01,-3.719577579572068415e-02,2.072450708700997526e-02,3.638660921762885692e-01,-2.739008099569442689e-02,4.122801756638977758e-03,-4.548301370180186237e-03,2.437392749491550450e-03
4.212500000000000355e+00,3.808144889029735358e-01,-3.693758207673426830e-02,2.058664325990553975e-02,3.635249272255340891e-01,-2.719652652020216818e-02,4.066342630921452803e-03,-4.485308089148335765e-03,2.404087402806490484e-03
4.225000000000000533e+00,3.803543738864730850e-01,-3.668110584506312222e-02,2.044970803323305220e-02,3.631861736464833124e-01,-2.700426007924229543e-02,4.010665348031265329e-03,-4.423204347357296597e-03,2.371240169897321625e-03
4.237499999999999822e+00,3.798974541488596146e-01,-3.642633553372446459e-02,2.031369493155201975e-02,3.628498153927251502e-01,-2.681327303944036622e-02,3.955758869707396569e-03,-4.361977220944030821e-03,2.338844659759836686e-03
4.250000000000000000e+00,3.794437084380022362e-01,-3.617325965637278179e-02,2.017859752826109757e-02,3.625158365253952075e-01,-2.662355682660047518e-02,3.901612318011653084e-03,-4.301613981591321384e-03,2.306894572392346500e-03
4.262500000000000178e+00,3.789931156448487770e-01,-3.592186680669209181e-02,2.004440944517173889e-02,3.621842212124389282e-01,-2.643510292527832123e-02,3.848214972903983913e-03,-4.242102093398426345e-03,2.275383697462106045e-03
4.275000000000000355e+00,3.785456548024286882e-01,-3.567214565779339153e-02,1.991112435208639009e-02,3.618549537278799022e-01,-2.624790287835761238e-02,3.795556269856537133e-03,-4.183429209805621454e-03,2.244305912992035097e-03
4.287500000000000533e+00,3.781013050848645030e-01,-3.542408496161736364e-02,1.977873596638125148e-02,3.615280184510933359e-01,-2.606194828662985324e-02,3.743625797505843907e-03,-4.125583170571665674e-03,2.213655184067460195e-03
4.299999999999999822e+00,3.776600458063896770e-01,-3.517767354834232946e-02,1.964723805259352418e-02,3.612033998660846290e-01,-2.587723080837750489e-02,3.692413295342464753e-03,-4.068551998803191308e-03,2.183425561562529239e-03
4.312500000000000000e+00,3.772218564203745905e-01,-3.493290032579721843e-02,1.951662442201304581e-02,3.608810825607736139e-01,-2.569374215896038857e-02,3.641908651437424094e-03,-4.012323898034994389e-03,2.153611180885986031e-03
4.325000000000000178e+00,3.767867165183595435e-01,-3.468975427887978358e-02,1.938688893227837398e-02,3.605610512262834577e-01,-2.551147411040549998e-02,3.592101900204868001e-03,-3.956887249360363165e-03,2.124206260746014201e-03
4.337500000000000355e+00,3.763546058290948571e-01,-3.444822446897968793e-02,1.925802548697708172e-02,3.602432906562350046e-01,-2.533041849099992859e-02,3.542983220200248643e-03,-3.902230608610396476e-03,2.095205101933814412e-03
4.350000000000000533e+00,3.759255042175884687e-01,-3.420830003340662867e-02,1.913002803525034809e-02,3.599277857460460028e-01,-2.515056718488709389e-02,3.494542931953483356e-03,-3.848342703581478924e-03,2.066602086125641623e-03
4.362499999999999822e+00,3.754993916841602442e-01,-3.396997018482338787e-02,1.900289057140173293e-02,3.596145214922353839e-01,-2.497191213166613522e-02,3.446771495836473825e-03,-3.795212431309980851e-03,2.038391674702995805e-03
4.375000000000000000e+00,3.750762483635038946e-01,-3.373322421068365023e-02,1.887660713451005251e-02,3.593034829917324258e-01,-2.479444532599443113e-02,3.399659509964383410e-03,-3.742828855393292350e-03,2.010568407590672488e-03
4.387500000000000178e+00,3.746560545237553885e-01,-3.349805147267481686e-02,1.875117180804641848e-02,3.589946554411913016e-01,-2.461815881719335575e-02,3.353197708130150907e-03,-3.691181203356385960e-03,1.983126902112412101e-03
4.400000000000000355e+00,3.742387905655684688e-01,-3.326444140616541950e-02,1.862657871949520080e-02,3.586880241363100130e-01,-2.444304470885704655e-02,3.307376957771608877e-03,-3.640258864062987341e-03,1.956061851863834938e-03
4.412500000000000533e+00,3.738244370211971646e-01,-3.303238351965729486e-02,1.850282203997902913e-02,3.583835744711543758e-01,-2.426909515846425655e-02,3.262188257970704327e-03,-3.590051385170584582e-03,1.929368025602412650e-03
4.424999999999999822e+00,3.734129745535850198e-01,-3.280186739424247044e-02,1.837989598388769727e-02,3.580812919374871117e-01,-2.409630237699332198e-02,3.217622737484259702e-03,-3.540548470628451273e-03,1.903040266154194544e-03
4.437500000000000000e+00,3.730043839554609275e-01,-3.257288268306452600e-02,1.825779480851090833e-02,3.577811621241011597e-01,-2.392465862854002701e-02,3.173671652805733386e-03,-3.491739978217868901e-03,1.877073489337020926e-03
4.450000000000000178e+00,3.725986461484419587e-01,-3.234541911078475662e-02,1.813651281367490570e-02,3.574831707161583161e-01,-2.375415622993862913e-02,3.130326386257491818e-03,-3.443615917133830383e-03,1.851462682899982556e-03
4.462500000000000355e+00,3.721957421821429080e-01,-3.211946647305263802e-02,1.801604434138279545e-02,3.571873034945323155e-01,-2.358478755038570518e-02,3.087578444113030750e-03,-3.396166445607385134e-03,1.826202905478835434e-03
4.475000000000000533e+00,3.717956532332917230e-01,-3.189501463598085063e-02,1.789638377545863315e-02,3.568935463351566306e-01,-2.341654501106700537e-02,3.045419454748678981e-03,-3.349381868567945664e-03,1.801289285567148242e-03
4.487499999999999822e+00,3.713983606048524844e-01,-3.167205353562473763e-02,1.777752554119518477e-02,3.566018852083768786e-01,-2.324942108478722513e-02,3.003841166824275898e-03,-3.303252635344794581e-03,1.776717020502920682e-03
4.500000000000000000e+00,3.710038457251539357e-01,-3.145057317746608599e-02,1.765946410500525074e-02,3.563123061783078915e-01,-2.308340829560259766e-02,2.962835447492328817e-03,-3.257769337407070368e-03,1.752481375470424027e-03
4.512500000000000178e+00,3.706120901470251749e-01,-3.123056363590136220e-02,1.754219397407667108e-02,3.560247954021954486e-01,-2.291849921845645968e-02,2.922394280635208681e-03,-3.212922706141573166e-03,1.728577682517047891e-03
4.525000000000000355e+00,3.702230755469373413e-01,-3.101201505373411133e-02,1.742570969603077224e-02,3.557393391297822283e-01,-2.275468647881755818e-02,2.882509765129861925e-03,-3.168703610667645068e-03,1.705001339584882175e-03
4.537500000000000533e+00,3.698367837241514078e-01,-3.079491764167165829e-02,1.731000585858432153e-02,3.554559237026788665e-01,-2.259196275232120202e-02,2.843174113139626102e-03,-3.125103055688495217e-03,1.681747809556830139e-03
4.549999999999999822e+00,3.694531965998729683e-01,-3.057926167782603483e-02,1.719507708921495792e-02,3.551745355537386795e-01,-2.243032076441321687e-02,2.804379648432674815e-03,-3.082112179378292301e-03,1.658812619317014516e-03
4.562500000000000000e+00,3.690722962164121879e-01,-3.036503750721897960e-02,1.708091805482994663e-02,3.548951612064375483e-01,-2.226975328999657860e-02,2.766118804726642229e-03,-3.039722251304371754e-03,1.636191358825244638e-03
4.575000000000000178e+00,3.686940647363510792e-01,-3.015223554129120576e-02,1.696752346143838575e-02,3.546177872742576342e-01,-2.211025315308093667e-02,2.728384124059032075e-03,-2.997924670383959184e-03,1.613879680205347264e-03
4.587500000000000355e+00,3.683184844417159987e-01,-2.994084625741560979e-02,1.685488805382663602e-02,3.543424004600761457e-01,-2.195181322643470143e-02,2.691168255182926298e-03,-2.956710962874735220e-03,1.591873296847114757e-03
4.600000000000000533e+00,3.679455377331566357e-01,-2.973086019841456387e-02,1.674300661523706393e-02,3.540689875555574351e-01,-2.179442643123987583e-02,2.654463951987618212e-03,-2.916072780398674090e-03,1.570167982521677866e-03
4.612499999999999822e+00,3.675752071291307765e-01,-2.952226797208124670e-02,1.663187396705001833e-02,3.537975354405504813e-01,-2.163808573674958977e-02,2.618264071943739515e-03,-2.876001897998548343e-03,1.548759570510088203e-03
4.625000000000000000e+00,3.672074752650950624e-01,-2.931506025070480803e-02,1.652148496846892953e-02,3.535280310824898686e-01,-2.148278415994816712e-02,2.582561574572473945e-03,-2.836490212226495163e-03,1.527643952744894233e-03
4.637500000000000178e+00,3.668423248927021874e-01,-2.910922777059963759e-02,1.641183451620867664e-02,3.532604615358013178e-01,-2.132851476521396838e-02,2.547349519938483728e-03,-2.797529739264119960e-03,1.506817078964533835e-03
4.650000000000000355e+00,3.664797388790029253e-01,-2.890476133163833242e-02,1.630291754418694214e-02,3.529948139413113806e-01,-2.117527066398467925e-02,2.512621067166119493e-03,-2.759112613073513159e-03,1.486274955880310554e-03
4.662500000000000533e+00,3.661197002056549854e-01,-2.870165179678859160e-02,1.619472902321869925e-02,3.527310755256611308e-01,-2.102304501442524634e-02,2.478369472978567134e-03,-2.721231083578671932e-03,1.466013646355780265e-03
4.674999999999999822e+00,3.657621919681369183e-01,-2.849989009165391010e-02,1.608726396071372827e-02,3.524692336007244631e-01,-2.087183102109837693e-02,2.444588090259533063e-03,-2.683877514876776942e-03,1.446029268598350744e-03
4.687500000000000000e+00,3.654071973749681290e-01,-2.829946720401797094e-02,1.598051740037708876e-02,3.522092755630296668e-01,-2.072162193463746374e-02,2.411270366637098365e-03,-2.647044383478773782e-03,1.426317995362893316e-03
4.700000000000000178e+00,3.650546997469345523e-01,-2.810037418339287468e-02,1.587448442191260675e-02,3.519511888931862176e-01,-2.057241105142218474e-02,2.378409843089407481e-03,-2.610724276578787681e-03,1.406876053167204843e-03
4.712500000000000355e+00,3.647046825163196559e-01,-2.790260214057095969e-02,1.576916014072922770e-02,3.516949611553142341e-01,-2.042419171325642741e-02,2.346000152571785929e-03,-2.574909890351801192e-03,1.387699721519104279e-03
4.725000000000000533e+00,3.643571292261414407e-01,-2.770614224718030358e-02,1.566453970765029069e-02,3.514405799964793742e-01,-2.027695730704874577e-02,2.314035018664978294e-03,-2.539594028279140801e-03,1.368785332155008326e-03
4.737499999999999822e+00,3.640120235293944906e-01,-2.751098573524386748e-02,1.556061830862563028e-02,3.511880331461305627e-01,-2.013070126449528069e-02,2.282508254244142599e-03,-2.504769599501266344e-03,1.350129268289798189e-03
4.750000000000000000e+00,3.636693491882980189e-01,-2.731712389674214800e-02,1.545739116444648162e-02,3.509373084155421041e-01,-1.998541706176501509e-02,2.251413760168258487e-03,-2.470429617197371450e-03,1.331727963877798755e-03
4.762500000000000178e+00,3.633290900735489659e-01,-2.712454808317950328e-02,1.535485353046322360e-02,3.506883936972600702e-01,-1.984109821918753763e-02,2.220745523989646041e-03,-2.436567196991360450e-03,1.313577902884716661e-03
4.775000000000000355e+00,3.629912301635806471e-01,-2.693324970515385830e-02,1.525300069630579347e-02,3.504412769645519066e-01,-1.969773830094310313e-02,2.190497618683225328e-03,-2.403175555383691743e-03,1.295675618570340387e-03
4.787500000000000533e+00,3.626557535438268975e-01,-2.674322023192996292e-02,1.515182798560686314e-02,3.501959462708604254e-01,-1.955533091475507648e-02,2.160664201395231729e-03,-2.370248008208670001e-03,1.278017692781861173e-03
4.800000000000000711e+00,3.623226444059911566e-01,-2.655445119101607424e-02,1.505133075572767133e-02,3.499523897492612390e-01,-1.941386971158472544e-02,2.131239512211050968e-03,-2.337777969116727490e-03,1.260600755257635470e-03
4.812500000000000000e+00,3.619918870473212702e-01,-2.636693416774404941e-02,1.495150439748652721e-02,3.497105956119244130e-01,-1.927334838532831010e-02,2.102217872941880214e-03,-2.305758948081265171e-03,1.243421482941238195e-03
4.825000000000000178e+00,3.616634658698891780e-01,-2.618066080485278307e-02,1.485234433488988315e-02,3.494705521495793388e-01,-1.913376067251645885e-02,2.073593685929887853e-03,-2.274184549929610805e-03,1.226476599305635715e-03
4.837500000000000355e+00,3.613373653798759855e-01,-2.599562280207507944e-02,1.475384602486606682e-02,3.492322477309841577e-01,-1.899510035201589647e-02,2.045361432871609531e-03,-2.243048472897708496e-03,1.209762873687343469e-03
4.850000000000000533e+00,3.610135701868619207e-01,-2.581181191572775105e-02,1.465600495700149393e-02,3.489956708023977949e-01,-1.885736124473333386e-02,2.017515673659244814e-03,-2.212344507208083028e-03,1.193277120630390625e-03
4.862500000000000711e+00,3.606920650031219533e-01,-2.562921995830502384e-02,1.455881665327943969e-02,3.487608098870568774e-01,-1.872053721332166132e-02,1.990051045239593381e-03,-2.182066533670709921e-03,1.177016199239958429e-03
4.875000000000000000e+00,3.603728346429256324e-01,-2.544783879807521049e-02,1.446227666782130654e-02,3.485276535846553170e-01,-1.858462216188833463e-02,1.962962260490342791e-03,-2.152208522306382679e-03,1.160977012545538929e-03
4.887500000000000178e+00,3.600558640218428086e-01,-2.526766035868054441e-02,1.436638058663032048e-02,3.482961905708282235e-01,-1.844961003570595032e-02,1.936244107113414001e-03,-2.122764530992177386e-03,1.145156506873461211e-03
4.900000000000000355e+00,3.597411381560536858e-01,-2.508867661874031665e-02,1.427112402733772024e-02,3.480664095966388705e-01,-1.831549482092507952e-02,1.909891446545120041e-03,-2.093728704128667694e-03,1.129551671228659800e-03
4.912500000000000533e+00,3.594286421616643135e-01,-2.491087961145705548e-02,1.417650263895130387e-02,3.478382994880698242e-01,-1.818227054428915579e-02,1.883899212882835569e-03,-2.065095271328471274e-03,1.114159536685520010e-03
4.925000000000000711e+00,3.591183612540264081e-01,-2.473426142422588403e-02,1.408251210160636237e-02,3.476118491455169601e-01,-1.804993127285159371e-02,1.858262411827933582e-03,-2.036858546125792490e-03,1.098977175787680749e-03
4.937500000000000000e+00,3.588102807470627265e-01,-2.455881419824698306e-02,1.398914812631898465e-02,3.473870475432875859e-01,-1.791847111369501699e-02,1.832976119644726034e-03,-2.009012924706590503e-03,1.084001701956649076e-03
4.950000000000000178e+00,3.585043860525966020e-01,-2.438453012814106868e-02,1.389640645474163848e-02,3.471638837291017854e-01,-1.778788421365253003e-02,1.808035482135139909e-03,-1.981552884659013719e-03,1.069230268909089881e-03
4.962500000000000355e+00,3.582006626796869209e-01,-2.421140146156802037e-02,1.380428285892111410e-02,3.469423468235971475e-01,-1.765816475903122032e-02,1.783435713628907151e-03,-1.954472983743774876e-03,1.054660070082670152e-03
4.975000000000000533e+00,3.578990962339670956e-01,-2.403942049884840587e-02,1.371277314105867444e-02,3.467224260198372154e-01,-1.752930697533760379e-02,1.759172095988981990e-03,-1.927767858684091866e-03,1.040288338070312303e-03
4.987500000000000711e+00,3.575996724169894780e-01,-2.386857959258804895e-02,1.362187313327247774e-02,3.465041105828230994e-01,-1.740130512700520035e-02,1.735239977631975340e-03,-1.901432223974894612e-03,1.026112344062739051e-03
5.000000000000000000e+00,3.573023770255739362e-01,-2.369887114730556341e-02,1.353157869736221382e-02,3.462873898490085312e-01,-1.727415351712413560e-02,1.711634772563353423e-03,-1.875460870710947371e-03,1.012129397299179733e-03
5.012500000000000178e+00,3.570071959511614268e-01,-2.353028761906272512e-02,1.344188572457590512e-02,3.460722532258185824e-01,-1.714784648717272014e-02,1.688351959427159725e-03,-1.849848665433568564e-03,9.983368445261112112e-04
5.025000000000000355e+00,3.567141151791717313e-01,-2.336282151509790420e-02,1.335279013537892488e-02,3.458586901911711031e-01,-1.702237841675114521e-02,1.665387080570056213e-03,-1.824590548995651739e-03,9.847320694639238609e-04
5.037500000000000533e+00,3.564231207883663544e-01,-2.319646539346222752e-02,1.326428787922511246e-02,3.456466902930022123e-01,-1.689774372331706576e-02,1.642735741119421894e-03,-1.799681535444643508e-03,9.713124922813725672e-04
5.050000000000000711e+00,3.561341989502153638e-01,-2.303121186265864873e-02,1.317637493433000857e-02,3.454362431487944529e-01,-1.677393686192318878e-02,1.620393608075311595e-03,-1.775116710923202229e-03,9.580755690777114589e-04
5.062500000000000000e+00,3.558473359282692261e-01,-2.286705358128385268e-02,1.308904730744620860e-02,3.452273384451087779e-01,-1.665095232495685321e-02,1.598356409416047067e-03,-1.750891232587227769e-03,9.450187913723893289e-04
5.075000000000000178e+00,3.555625180775345284e-01,-2.270398325767288353e-02,1.300230103364073860e-02,3.450199659371190886e-01,-1.652878464188148322e-02,1.576619933217219671e-03,-1.727000327540961820e-03,9.321396856021860406e-04
5.087500000000000355e+00,3.552797318438547514e-01,-2.254199364954667315e-02,1.291613217607454067e-02,3.448141154481507153e-01,-1.640742837898006082e-02,1.555180026783912301e-03,-1.703439291788895731e-03,9.194358126256933208e-04
5.100000000000000533e+00,3.549989637632949835e-01,-2.238107756366216824e-02,1.283053682578391350e-02,3.446097768692216179e-01,-1.628687813910041637e-02,1.534032595795905727e-03,-1.680203489204169917e-03,9.069047672350086416e-04
5.112500000000000711e+00,3.547202004615311877e-01,-2.222122785546528853e-02,1.274551110146399796e-02,3.444069401585870271e-01,-1.616712856140247595e-02,1.513173603465682842e-03,-1.657288350513212239e-03,8.945441776745480808e-04
5.125000000000000000e+00,3.544434286532438527e-01,-2.206243742874651123e-02,1.266105114925421098e-02,3.442055953412869185e-01,-1.604817432110737518e-02,1.492599069709029400e-03,-1.634689372296334103e-03,8.823517051668646480e-04
5.137500000000000178e+00,3.541686351415155309e-01,-2.190469923529912710e-02,1.257715314252563776e-02,3.440057325086970375e-01,-1.593001012924837728e-02,1.472305070328016989e-03,-1.612402116004009326e-03,8.703250434453639779e-04
5.150000000000000355e+00,3.538958068172332050e-01,-2.174800627458021648e-02,1.249381328167038264e-02,3.438073418180825347e-01,-1.581263073242376860e-02,1.452287736206203227e-03,-1.590422206988597893e-03,8.584619182938251283e-04
5.162500000000000533e+00,3.536249306584945407e-01,-2.159235159337415805e-02,1.241102779389279681e-02,3.436104134921552089e-01,-1.569603091255145424e-02,1.432543252515825188e-03,-1.568745333551222745e-03,8.467600870926064597e-04
5.175000000000000711e+00,3.533559937300182474e-01,-2.143772828545877779e-02,1.232879293300260561e-02,3.434149378186333590e-01,-1.558020548662545322e-02,1.413067857936820167e-03,-1.547367246003572777e-03,8.352173383714499690e-04
5.187500000000000000e+00,3.530889831825588798e-01,-2.128412949127407583e-02,1.224710497920991799e-02,3.432209051498048558e-01,-1.546514930647417685e-02,1.393857843887482328e-03,-1.526283755744372054e-03,8.238314913687795615e-04
5.200000000000000178e+00,3.528238862523256358e-01,-2.113154839759344428e-02,1.216596023892204705e-02,3.430283059020933223e-01,-1.535085725852046445e-02,1.374909553766565703e-03,-1.505490734350268915e-03,8.126003955973922117e-04
5.212500000000000355e+00,3.525606902604049853e-01,-2.097997823719754615e-02,1.208535504454221789e-02,3.428371305556270343e-01,-1.523732426354347004e-02,1.356219382206677636e-03,-1.484984112680920974e-03,8.015219304164573379e-04
5.225000000000000533e+00,3.522993826121879057e-01,-2.082941228855055005e-02,1.200528575427001719e-02,3.426473696538111513e-01,-1.512454527644224202e-02,1.337783774338753865e-03,-1.464759879998016670e-03,7.905940046097144520e-04
5.237500000000000711e+00,3.520399507968007824e-01,-2.067984387547892877e-02,1.192574875190367464e-02,3.424590138029023900e-01,-1.501251528600106543e-02,1.319599225067471463e-03,-1.444814083098020863e-03,7.798145559697875536e-04
5.250000000000000000e+00,3.517823823865401933e-01,-2.053126636685272816e-02,1.184674044664410161e-02,3.422720536715873618e-01,-1.490122931465657184e-02,1.301662278357413596e-03,-1.425142825458411379e-03,7.691815508885206393e-04
5.262500000000000178e+00,3.515266650363120249e-01,-2.038367317626919167e-02,1.176825727290064030e-02,3.420864799905627973e-01,-1.479068241826649380e-02,1.283969526529819350e-03,-1.405742266397175992e-03,7.586929839532409806e-04
5.275000000000000355e+00,3.512727864830742508e-01,-2.023705776173892815e-02,1.169029569009862393e-02,3.419022835521197123e-01,-1.468086968588023546e-02,1.266517609569770301e-03,-1.386608620245371884e-03,7.483468775488715625e-04
5.287500000000000533e+00,3.510207345452837635e-01,-2.009141362537436581e-02,1.161285218248855888e-02,3.417194552097297389e-01,-1.457178623951102710e-02,1.249303214443625836e-03,-1.367738155532504697e-03,7.381412814657906628e-04
5.300000000000000711e+00,3.507704971223471468e-01,-1.994673431308062808e-02,1.153592325895705893e-02,3.415379858776343980e-01,-1.446342723390982299e-02,1.232323074426569737e-03,-1.349127194184536168e-03,7.280742725133650594e-04
5.312500000000000000e+00,3.505220621940748349e-01,-1.980301341424876502e-02,1.145950545283942919e-02,3.413578665304374260e-01,-1.435578785634085072e-02,1.215573968440103892e-03,-1.330772110734306955e-03,7.181439541390661216e-04
5.325000000000000178e+00,3.502754178201398783e-01,-1.966024456145127816e-02,1.138359532173388415e-02,3.411790882026998206e-01,-1.424886332635877557e-02,1.199052720399327579e-03,-1.312669331544163249e-03,7.083484560530838893e-04
5.337500000000000355e+00,3.500305521395397634e-01,-1.951842143014002537e-02,1.130818944731746926e-02,3.410016419885372740e-01,-1.414264889558758571e-02,1.182756198569872869e-03,-1.294815334040605448e-03,6.986859338583662838e-04
5.350000000000000533e+00,3.497874533700623956e-01,-1.937753773834635998e-02,1.123328443516352984e-02,3.408255190412211033e-01,-1.403713984750102478e-02,1.166681314934318783e-03,-1.277206645960739673e-03,6.891545686859897740e-04
5.362500000000000711e+00,3.495461098077557449e-01,-1.923758724638355636e-02,1.115887691456082104e-02,3.406507105727810680e-01,-1.393233149720467419e-02,1.150825024567959714e-03,-1.259839844610353456e-03,6.797525668357911341e-04
5.375000000000000000e+00,3.493065098264011570e-01,-1.909856375655150096e-02,1.108496353833420510e-02,3.404772078536117963e-01,-1.382821919121964178e-02,1.135184325023775058e-03,-1.242711556133424110e-03,6.704781594221798438e-04
5.387500000000000178e+00,3.490686418769903265e-01,-1.896046111284356919e-02,1.101154098266688038e-02,3.403050022120808760e-01,-1.372479830726779267e-02,1.119756255726454298e-03,-1.225818454792862271e-03,6.613296020250497087e-04
5.400000000000000355e+00,3.488324944872058797e-01,-1.882327320065579901e-02,1.093860594692423228e-02,3.401340850341406652e-01,-1.362206425405864361e-02,1.104537897375354417e-03,-1.209157262262331193e-03,6.523051743457243231e-04
5.412500000000000533e+00,3.485980562609058975e-01,-1.868699394649818435e-02,1.086615515347914146e-02,3.399644477629420458e-01,-1.352001247107773897e-02,1.089526371356231522e-03,-1.192724746928931073e-03,6.434031798678485538e-04
5.425000000000000711e+00,3.483653158776114367e-01,-1.855161731770814740e-02,1.079418534753886529e-02,3.397960818984511189e-01,-1.341863842837661552e-02,1.074718839161624634e-03,-1.176517723206594625e-03,6.346219455231609952e-04
5.437500000000000000e+00,3.481342620919983255e-01,-1.841713732216622781e-02,1.072269329697340956e-02,3.396289789970683426e-01,-1.331793762636430782e-02,1.060112501819759131e-03,-1.160533050860013517e-03,6.259598213620743172e-04
5.450000000000000178e+00,3.479048837333917898e-01,-1.828354800801378771e-02,1.065167579214535039e-02,3.394631306712503904e-01,-1.321790559560034710e-02,1.045704599331829339e-03,-1.144767634338915039e-03,6.174151802289865303e-04
5.462500000000000355e+00,3.476771697052651877e-01,-1.815084346337300300e-02,1.058112964574120865e-02,3.392985285891345626e-01,-1.311853789658935093e-02,1.031492410117547951e-03,-1.129218422122544360e-03,6.089864174422634276e-04
5.475000000000000533e+00,3.474511089847420187e-01,-1.801901781606879416e-02,1.051105169260420184e-02,3.391351644741657512e-01,-1.301983011957703884e-02,1.017473250468820022e-03,-1.113882406074158523e-03,6.006719504788109957e-04
5.487500000000000711e+00,3.472266906221011529e-01,-1.788806523335292886e-02,1.044143878956847911e-02,3.389730301047261252e-01,-1.292177788434778485e-02,1.003644474011424663e-03,-1.098756620805393849e-03,5.924702186631783819e-04
5.500000000000000000e+00,3.470039037402858351e-01,-1.775797992163017161e-02,1.037228781529477006e-02,3.388121173137667030e-01,-1.282437684002364110e-02,9.900034711745845251e-04,-1.083838143050334111e-03,5.843796828611213775e-04
5.512500000000000178e+00,3.467827375344159635e-01,-1.762875612618643867e-02,1.030359567010744395e-02,3.386524179884423669e-01,-1.272762266486481518e-02,9.765476686682929633e-04,-1.069124091049125560e-03,5.763988251775582208e-04
5.525000000000000355e+00,3.465631812713037552e-01,-1.750038813091905204e-02,1.023535927583297915e-02,3.384939240697485419e-01,-1.263151106607165487e-02,9.632745289682981661e-04,-1.054611623940995011e-03,5.685261486588607995e-04
5.537500000000000533e+00,3.463452242889728527e-01,-1.737287025806894675e-02,1.016757557563980480e-02,3.383366275521608735e-01,-1.253603777958802248e-02,9.501815498086053566e-04,-1.040297941166501211e-03,5.607601769994056832e-04
5.550000000000000711e+00,3.461288559961805400e-01,-1.724619686795490076e-02,1.010024153387950423e-02,3.381805204832770695e-01,-1.244119856990615058e-02,9.372662636814003577e-04,-1.026180281878887220e-03,5.530994542523312097e-04
5.562500000000000000e+00,3.459140658719435657e-01,-1.712036235870971479e-02,1.003335413592939401e-02,3.380255949634612400e-01,-1.234698922987290462e-02,9.245262373442738506e-04,-1.012255924364381362e-03,5.455425445444354654e-04
5.575000000000000178e+00,3.457008434650669648e-01,-1.699536116601836275e-02,9.966910388036404056e-03,3.378718431454907356e-01,-1.225340558049744198e-02,9.119590713346325921e-04,-9.985221854712979933e-04,5.380880317951512986e-04
5.587500000000000355e+00,3.454891783936764882e-01,-1.687118776285812319e-02,9.900907317162347190e-03,3.377192572342051502e-01,-1.216044347076034038e-02,8.995623994912019640e-04,-9.849764200478149274e-04,5.307345194395466509e-04
5.600000000000000533e+00,3.452790603447538076e-01,-1.674783665924058432e-02,9.835341970830439526e-03,3.375678294861581552e-01,-1.206809877742404981e-02,8.873338884824934387e-04,-9.716160203882642267e-04,5.234806301552795155e-04
5.612500000000000711e+00,3.450704790736753846e-01,-1.662530240195556411e-02,9.770211416973156524e-03,3.374175522092711654e-01,-1.197636740484476527e-02,8.752712373421451262e-04,-9.584384156878200363e-04,5.163250055934585176e-04
5.625000000000000000e+00,3.448634244037543373e-01,-1.650357957431697678e-02,9.705512743781371035e-03,3.372684177624896140e-01,-1.188524528478568029e-02,8.633721770110277432e-04,-9.454410715054410979e-04,5.092663061133478582e-04
5.637500000000000178e+00,3.446578862257852482e-01,-1.638266279591047911e-02,9.641243059554740341e-03,3.371204185554416144e-01,-1.179472837623155718e-02,8.516344698860075840e-04,-9.326214892349332869e-04,5.023032105208586175e-04
5.650000000000000355e+00,3.444538544975926375e-01,-1.626254672234310819e-02,9.577399492553401172e-03,3.369735470480987871e-01,-1.170481266520472831e-02,8.400559093752807318e-04,-9.199772055840160561e-04,4.954344158107767612e-04
5.662500000000000533e+00,3.442513192435819325e-01,-1.614322604499464353e-02,9.513979190850873832e-03,3.368277957504394182e-01,-1.161549416458237602e-02,8.286343194601602244e-04,-9.075057920612481519e-04,4.886586369126651825e-04
5.675000000000000711e+00,3.440502705542942130e-01,-1.602469549077088773e-02,9.450979322188215320e-03,3.366831572221140045e-01,-1.152676891391516550e-02,8.173675542632325829e-04,-8.952048544706991962e-04,4.819746064403914246e-04
5.687500000000000000e+00,3.438506985859632881e-01,-1.590694982185870965e-02,9.388397073829402376e-03,3.365396240721127974e-01,-1.143863297924722564e-02,8.062534976227836306e-04,-8.830720324142433183e-04,4.753810744452262771e-04
5.700000000000000178e+00,3.436525935600765469e-01,-1.578998383548288476e-02,9.326229652417897600e-03,3.363971889584358999e-01,-1.135108245293738570e-02,7.952900626733941814e-04,-8.711049988013451657e-04,4.688768081724586576e-04
5.712500000000000355e+00,3.434559457629382528e-01,-1.567379236366479162e-02,9.264474283834469789e-03,3.362558445877653068e-01,-1.126411345348181034e-02,7.844751914326250413e-04,-8.593014593662369211e-04,4.624605918214816196e-04
5.725000000000000533e+00,3.432607455452361678e-01,-1.555837027298278934e-02,9.203128213056141829e-03,3.361155837151394987e-01,-1.117772212533782970e-02,7.738068543936843123e-04,-8.476591521923485233e-04,4.561312263092903458e-04
5.737500000000000711e+00,3.430669833216111186e-01,-1.544371246433440606e-02,9.142188704016354639e-03,3.359763991436298114e-01,-1.109190463874913310e-02,7.632830501239980681e-04,-8.361758472438921052e-04,4.498875290373482690e-04
5.750000000000000000e+00,3.428746495702294506e-01,-1.532981387270025350e-02,9.081653039466281233e-03,3.358382837240193042e-01,-1.100665718957219257e-02,7.529018048695921379e-04,-8.248493459044820356e-04,4.437283336617699300e-04
5.762500000000000178e+00,3.426837348323584220e-01,-1.521666946690963633e-02,9.021518520837273555e-03,3.357012303544836263e-01,-1.092197599910396666e-02,7.426611721651944645e-04,-8.136774805226752076e-04,4.376524898667703747e-04
5.775000000000000355e+00,3.424942297119445977e-01,-1.510427424940794829e-02,8.961782468104506280e-03,3.355652319802741035e-01,-1.083785731391088795e-02,7.325592324499820372e-04,-8.026581139643361625e-04,4.316588631413395094e-04
5.787500000000000533e+00,3.423061248751951280e-01,-1.499262325602569376e-02,8.902442219651683988e-03,3.354302815934029347e-01,-1.075429740565906657e-02,7.225940926888748186e-04,-7.917891391717019316e-04,4.257463345590855263e-04
5.800000000000000711e+00,3.421194110501617480e-01,-1.488171155574922674e-02,8.843495132136915821e-03,3.352963722323304974e-01,-1.067129257094575311e-02,7.127638859993027255e-04,-7.810684787290542250e-04,4.199138005612079857e-04
5.812500000000000000e+00,3.419340790263278307e-01,-1.477153425049316203e-02,8.784938580359679533e-03,3.351634969816548182e-01,-1.058883913113202978e-02,7.030667712833621767e-04,-7.704940844348916271e-04,4.141601727425526895e-04
5.825000000000000178e+00,3.417501196541982700e-01,-1.466208647487439974e-02,8.726769957128869756e-03,3.350316489718028756e-01,-1.050693343217670717e-02,6.935009328652751506e-04,-7.600639368804940326e-04,4.084843776407010192e-04
5.837500000000000355e+00,3.415675238448918627e-01,-1.455336339598787762e-02,8.668986673131968620e-03,3.349008213787244004e-01,-1.042557184447148906e-02,6.840645801340855883e-04,-7.497760450347928018e-04,4.028853565280559007e-04
5.850000000000000533e+00,3.413862825697370762e-01,-1.444536021318386376e-02,8.611586156805267622e-03,3.347710074235872857e-01,-1.034475076267728569e-02,6.747559471914976259e-04,-7.396284458354316022e-04,3.973620652068731124e-04
5.862500000000000711e+00,3.412063868598699812e-01,-1.433807215784691814e-02,8.554565854205147674e-03,3.346422003724754402e-01,-1.026446660556175165e-02,6.655732925047917964e-04,-7.296192037859326089e-04,3.919134738071999901e-04
5.875000000000000000e+00,3.410278278058352930e-01,-1.423149449317643971e-02,8.497923228880450292e-03,3.345143935360882503e-01,-1.018471581583801910e-02,6.565148985647384274e-04,-7.197464105588682100e-04,3.865385665876782686e-04
5.887500000000000178e+00,3.408505965571899665e-01,-1.412562251396877987e-02,8.441655761745837580e-03,3.343875802694423749e-01,-1.010549486000458103e-02,6.475790715484311486e-04,-7.100081846049428056e-04,3.812363417391672585e-04
5.900000000000000355e+00,3.406746843221096777e-01,-1.402045154640099191e-02,8.385760950956262436e-03,3.342617539715754815e-01,-1.002680022818640791e-02,6.387641409869771912e-04,-7.004026707679006760e-04,3.760058111911514169e-04
5.912500000000000533e+00,3.405000823669978582e-01,-1.391597694781608781e-02,8.330236311782396319e-03,3.341369080852517603e-01,-9.948628433977171198e-03,6.300684594379585019e-04,-6.909280399051570282e-04,3.708460004208852571e-04
5.925000000000000711e+00,3.403267820160976176e-01,-1.381219410650986329e-02,8.275079376487110006e-03,3.340130360966696021e-01,-9.870976014282653241e-03,6.214904021626033908e-04,-6.815824885140722060e-04,3.657559482652411207e-04
5.937500000000000000e+00,3.401547746511057735e-01,-1.370909844151927542e-02,8.220287694202960474e-03,3.338901315351712751e-01,-9.793839529165303953e-03,6.130283668075947687e-04,-6.723642383637790749e-04,3.607347067352182322e-04
5.950000000000000178e+00,3.399840517107903803e-01,-1.360668540241229824e-02,8.165858830810640567e-03,3.337681879729542667e-01,-9.717215561689921538e-03,6.046807730914425518e-04,-6.632715361324731601e-04,3.557813408330735166e-04
5.962500000000000355e+00,3.398146046906099782e-01,-1.350495046907937251e-02,8.111790368818474692e-03,3.336471990247847907e-01,-9.641100717770516304e-03,5.964460624953635270e-04,-6.543026530500904020e-04,3.508949283720409502e-04
5.975000000000000533e+00,3.396464251423361724e-01,-1.340388915152627633e-02,8.058079907242839124e-03,3.335271583477132373e-01,-9.565491626018241336e-03,5.883226979585871484e-04,-6.454558845462770103e-04,3.460745597985949917e-04
5.987500000000000711e+00,3.394795046736782673e-01,-1.330349698966853088e-02,8.004725061489579782e-03,3.334080596407910657e-01,-9.490384937590485431e-03,5.803091635780334868e-04,-6.367295499035780177e-04,3.413193380172263808e-04
6.000000000000000000e+00,3.393138349479107307e-01,-1.320376955312726336e-02,7.951723463236385833e-03,3.332898966447903066e-01,-9.415777326041062378e-03,5.724039643122926435e-04,-6.281219919157607226e-04,3.366283782176927365e-04
6.012500000000000178e+00,3.391494076835033233e-01,-1.310470244102652192e-02,7.899072760316093109e-03,3.331726631419243412e-01,-9.341665487171489646e-03,5.646056256898419846e-04,-6.196315765511915992e-04,3.320008077047057913e-04
6.025000000000000355e+00,3.389862146537531706e-01,-1.300629128179210149e-02,7.846770616600978049e-03,3.330563529555707336e-01,-9.268046138883408516e-03,5.569126935214442761e-04,-6.112566926211960910e-04,3.274357657300253923e-04
6.037500000000000533e+00,3.388242476864202213e-01,-1.290853173295173142e-02,7.794814711887935489e-03,3.329409599499958961e-01,-9.194916021032055464e-03,5.493237336166561374e-04,-6.029957514533133616e-04,3.229324033269188507e-04
6.050000000000000711e+00,3.386634986633642597e-01,-1.281141948093675147e-02,7.743202741784606206e-03,3.328264780300816406e-01,-9.122271895280828144e-03,5.418373315043928211e-04,-5.948471865693792139e-04,3.184898831469562606e-04
6.062500000000000000e+00,3.385039595201852491e-01,-1.271495024088517903e-02,7.691932417596419533e-03,3.327129011410533410e-01,-9.050110544956942518e-03,5.344520921574869758e-04,-5.868094533683603084e-04,3.141073792991067102e-04
6.075000000000000178e+00,3.383456222458653406e-01,-1.261911975644617115e-02,7.641001466214529352e-03,3.326002232682102600e-01,-8.978428774908116944e-03,5.271666397211805704e-04,-5.788810288138618353e-04,3.097840771911002057e-04
6.087500000000000355e+00,3.381884788824140453e-01,-1.252392379958593149e-02,7.590407630004679905e-03,3.324884384366572632e-01,-8.907223411360392501e-03,5.199796172454992363e-04,-5.710604111262482501e-04,3.055191733730277127e-04
6.100000000000000533e+00,3.380325215245152393e-01,-1.242935817039494094e-02,7.540148666696932893e-03,3.323775407110384217e-01,-8.836491301776940380e-03,5.128896864214406177e-04,-5.633461194792920707e-04,3.013118753831404485e-04
6.112500000000000711e+00,3.378777423191769436e-01,-1.233541869689660543e-02,7.490222349276292289e-03,3.322675241952726122e-01,-8.766229314717951734e-03,5.058955273209307570e-04,-5.557366937012911054e-04,2.971614015958216979e-04
6.125000000000000000e+00,3.377241334653832139e-01,-1.224210123485723785e-02,7.440626465874205196e-03,3.321583830322905606e-01,-8.696434339701575311e-03,4.989958381404875848e-04,-5.482306939805829888e-04,2.930669810716982483e-04
6.137500000000000178e+00,3.375716872137486946e-01,-1.214940166759739294e-02,7.391358819660915312e-03,3.320501114037737178e-01,-8.627103287065857745e-03,4.921893349485365445e-04,-5.408267005753852495e-04,2.890278534098589171e-04
6.150000000000000355e+00,3.374203958661752267e-01,-1.205731590580457445e-02,7.342417228738707183e-03,3.319427035298949669e-01,-8.558233087831766325e-03,4.854747514363312979e-04,-5.335233135279048586e-04,2.850432686021547478e-04
6.162500000000000533e+00,3.372702517755110097e-01,-1.196583988734723110e-02,7.293799526035970975e-03,3.318361536690607738e-01,-8.489820693567200552e-03,4.788508386724170071e-04,-5.263191523826399537e-04,2.811124868895442273e-04
6.175000000000000711e+00,3.371212473452120384e-01,-1.187496957709009010e-02,7.245503559202126805e-03,3.317304561176553368e-01,-8.421863076252025446e-03,4.723163648605908731e-04,-5.192128559088177945e-04,2.772347786204597828e-04
6.187500000000000000e+00,3.369733750290055951e-01,-1.178470096671080380e-02,7.197527190503386074e-03,3.316256052097862894e-01,-8.354357228144130079e-03,4.658701151013072391e-04,-5.122030818269029213e-04,2.734094241111636255e-04
6.200000000000000178e+00,3.368266273305564051e-01,-1.169503007451786619e-02,7.149868296719327256e-03,3.315215953170318475e-01,-8.287300161646466226e-03,4.595108911564735896e-04,-5.052885065391117666e-04,2.696357135080643206e-04
6.212500000000000355e+00,3.366809968031349021e-01,-1.160595294526986510e-02,7.102524769040326896e-03,3.314184208481901206e-01,-8.220688909175134784e-03,4.532375112175953801e-04,-4.984678248638791829e-04,2.659129466519687124e-04
6.225000000000000533e+00,3.365364760492876028e-01,-1.151746564999596954e-02,7.055494512965765179e-03,3.313160762490295341e-01,-8.154520523028417622e-03,4.470488096772103352e-04,-4.917397497742071735e-04,2.622404329442373284e-04
6.237500000000000711e+00,3.363930577205099248e-01,-1.142956428581770253e-02,7.008775448203070219e-03,3.312145560020412494e-01,-8.088792075256820771e-03,4.409436369035724806e-04,-4.851030121398436216e-04,2.586174912148190316e-04
6.250000000000000000e+00,3.362507345169211126e-01,-1.134224497577196629e-02,6.962365508567547323e-03,3.311138546261929716e-01,-8.023500657534109876e-03,4.349208590185349508e-04,-4.785563604732314411e-04,2.550434495921369477e-04
6.262500000000000178e+00,3.361094991869413295e-01,-1.125550386863530261e-02,6.916262641882992349e-03,3.310139666766845346e-01,-7.958643381029287603e-03,4.289793576785829463e-04,-4.720985606791671080e-04,2.515176453747980205e-04
6.275000000000000355e+00,3.359693445269710810e-01,-1.116933713874943349e-02,6.870464809883129916e-03,3.309148867447049280e-01,-7.894217376279596271e-03,4.231180298589774834e-04,-4.657283958081199463e-04,2.480394249051037520e-04
6.287500000000000533e+00,3.358302633810728577e-01,-1.108374098584797608e-02,6.824969988113785413e-03,3.308166094571911575e-01,-7.830219793064441616e-03,4.173357876409556732e-04,-4.594446658131474959e-04,2.446081434443310660e-04
6.300000000000000711e+00,3.356922486406545003e-01,-1.099871163488440329e-02,6.779776165835858445e-03,3.307191294765881584e-01,-7.766647800280299281e-03,4.116315580019497440e-04,-4.532461873103591486e-04,2.412231650497621783e-04
6.312500000000000000e+00,3.355552932441552838e-01,-1.091424533586121855e-02,6.734881345929056087e-03,3.306224415006110973e-01,-7.703498585816575400e-03,4.060042826087780247e-04,-4.471317933428714032e-04,2.378838624534367779e-04
6.325000000000000178e+00,3.354193901767338337e-01,-1.083033836366028603e-02,6.690283544796371204e-03,3.305265402620081727e-01,-7.640769356432402203e-03,4.004529176137631660e-04,-4.411003331482009088e-04,2.345896169426011453e-04
6.337500000000000355e+00,3.352845324699579854e-01,-1.074698701787443061e-02,6.645980792269343997e-03,3.304314205283260253e-01,-7.578457337634417201e-03,3.949764334537406271e-04,-4.351506719290486216e-04,2.313398182418328799e-04
6.350000000000000533e+00,3.351507132014972523e-01,-1.066418762264013421e-02,6.601971131514046930e-03,3.303370771016758689e-01,-7.516559773555443573e-03,3.895738146519076104e-04,-4.292816906274160940e-04,2.281338643968132884e-04
6.362500000000000711e+00,3.350179254948167373e-01,-1.058193652647144815e-02,6.558252618937810384e-03,3.302435048185013433e-01,-7.455073926834128104e-03,3.842440596224765549e-04,-4.234922857020093361e-04,2.249711616597268628e-04
6.375000000000000000e+00,3.348861625188738200e-01,-1.050023010209506259e-02,6.514823324096698579e-03,3.301506985493482538e-01,-7.393997078495509814e-03,3.789861804780913406e-04,-4.177813689088788582e-04,2.218511243762638868e-04
6.387500000000000178e+00,3.347554174878161759e-01,-1.041906474628650006e-02,6.471681329603685452e-03,3.300586531986351435e-01,-7.333326527832495847e-03,3.737992028399631590e-04,-4.121478670852449905e-04,2.187731748742017222e-04
6.400000000000000355e+00,3.346256836606823493e-01,-1.033843687970750769e-02,6.428824731037591222e-03,3.299673637044259200e-01,-7.273059592288298389e-03,3.686821656506929288e-04,-4.065907219364663593e-04,2.157367433535460177e-04
6.412500000000000533e+00,3.344969543411041579e-01,-1.025834294674452321e-02,6.386251636852699823e-03,3.298768250382035916e-01,-7.213193607339751096e-03,3.636341209897335264e-04,-4.011088898260966587e-04,2.127412677782050069e-04
6.425000000000000711e+00,3.343692228770112629e-01,-1.017877941534830327e-02,6.343960168289101455e-03,3.297870322046455582e-01,-7.153725926381557070e-03,3.586541338914586013e-04,-3.957013415689885727e-04,2.097861937691782746e-04
6.437500000000000000e+00,3.342424826603372923e-01,-1.009974277687466192e-02,6.301948459283740304e-03,3.296979802414005123e-01,-7.094653920611447562e-03,3.537412821657995960e-04,-3.903670622273974680e-04,2.068709744992374929e-04
6.450000000000000178e+00,3.341167271267286853e-01,-1.002122954592628810e-02,6.260214656382144006e-03,3.296096642188663384e-01,-7.035974978916222783e-03,3.488946562214104738e-04,-3.851050509100378025e-04,2.039950705890765500e-04
6.462500000000000355e+00,3.339919497552547023e-01,-9.943236260195722001e-03,6.218756918650876486e-03,3.295220792399700116e-01,-6.977686507758737271e-03,3.441133588913297442e-04,-3.799143205740537614e-04,2.011579500049138320e-04
6.475000000000000533e+00,3.338681440681200985e-01,-9.865759480309361715e-03,6.177573417590644794e-03,3.294352204399484396e-01,-6.919785931065737007e-03,3.393965052610967972e-04,-3.747938978298523491e-04,1.983590879575210979e-04
6.487500000000000711e+00,3.337453036303790199e-01,-9.788795789672583708e-03,6.136662337050105900e-03,3.293490829861308034e-01,-6.862270690116610734e-03,3.347432224992910490e-04,-3.697428227487622380e-04,1.955979668026624953e-04
6.500000000000000000e+00,3.336234220496518410e-01,-9.712341794315931809e-03,6.096021873140342225e-03,3.292636620777223966e-01,-6.805138243433033786e-03,3.301526496904586645e-04,-3.647601486734740827e-04,1.928740759429221679e-04
6.512500000000000178e+00,3.335024929758426127e-01,-9.636394122742347051e-03,6.055650234150001567e-03,3.291789529455899088e-01,-6.748386066669468004e-03,3.256239376703897207e-04,-3.598449420312183913e-04,1.901869117308998549e-04
6.525000000000000355e+00,3.333825101008595637e-01,-9.560949425775509478e-03,6.015545640461119649e-03,3.290949508520477629e-01,-6.692011652504590603e-03,3.211562488637167024e-04,-3.549962821496458246e-04,1.875359773737582197e-04
6.537500000000000533e+00,3.332634671583370456e-01,-9.486004376409165259e-03,5.975706324465581906e-03,3.290116510906460623e-01,-6.636012510533558298e-03,3.167487571237951336e-04,-3.502132610753625440e-04,1.849207828390983803e-04
6.550000000000000711e+00,3.331453579233589202e-01,-9.411555669657539758e-03,5.936130530482247938e-03,3.289290489859598154e-01,-6.580386167161162217e-03,3.124006475748372907e-04,-3.454949833950858584e-04,1.823408447621481109e-04
6.562500000000000000e+00,3.330281762121847788e-01,-9.337600022406754990e-03,5.896816514674725618e-03,3.288471398933794920e-01,-6.525130165495856248e-03,3.081111164562654395e-04,-3.408405660593791893e-04,1.797956863542430619e-04
6.575000000000000178e+00,3.329119158819770496e-01,-9.264134173267275785e-03,5.857762544969778370e-03,3.287659191989027452e-01,-6.470242065244630192e-03,3.038793709692510408e-04,-3.362491382089270492e-04,1.772848373125814308e-04
6.587500000000000355e+00,3.327965708305305470e-01,-9.191154882427391565e-03,5.818966900976389051e-03,3.286853823189277990e-01,-6.415719442608791914e-03,2.997046291254126024e-04,-3.317198410033162632e-04,1.748078337312373098e-04
6.600000000000000533e+00,3.326821349960037422e-01,-9.118658931507686929e-03,5.780427873905440508e-03,3.286055247000478352e-01,-6.361559890180559611e-03,2.955861195976356944e-04,-3.272518274522796290e-04,1.723642180134106472e-04
6.612500000000000711e+00,3.325686023566514216e-01,-9.046643123416509696e-03,5.742143766490032802e-03,3.285263418188466011e-01,-6.307761016840545722e-03,2.915230815729882396e-04,-3.228442622493711729e-04,1.699535387848995660e-04
6.625000000000000000e+00,3.324559669305599541e-01,-8.975104282206446821e-03,5.704112892906418840e-03,3.284478291816956275e-01,-6.254320447656080452e-03,2.875147646077002325e-04,-3.184963216080339134e-04,1.675753508087765261e-04
6.637500000000000178e+00,3.323442227753835021e-01,-8.904039252931757881e-03,5.666333578695556712e-03,3.283699823245525007e-01,-6.201235823780379235e-03,2.835604284841762839e-04,-3.142071931000238677e-04,1.652292149012505218e-04
6.650000000000000355e+00,3.322333639880825640e-01,-8.833444901506832050e-03,5.628804160685291734e-03,3.282927968127603569e-01,-6.148504802352591433e-03,2.796593430700159452e-04,-3.099760754961598894e-04,1.629146978487010862e-04
6.662500000000000533e+00,3.321233847046640153e-01,-8.763318114565564476e-03,5.591522986913128289e-03,3.282162682408485965e-01,-6.096125056398658294e-03,2.758107881790078765e-04,-3.058021786093582982e-04,1.606313723258642322e-04
6.675000000000000711e+00,3.320142790999232041e-01,-8.693655799321719710e-03,5.554488416549611431e-03,3.281403922323352096e-01,-6.044094274733035656e-03,2.720140534340731941e-04,-3.016847231399231392e-04,1.583788168151563998e-04
6.687500000000000000e+00,3.319060413871872117e-01,-8.624454883430249241e-03,5.517698819822318239e-03,3.280651644395297106e-01,-5.992410161861251063e-03,2.682684381321285053e-04,-2.976229405230575924e-04,1.561566155271197664e-04
6.700000000000000178e+00,3.317986658180605009e-01,-8.555712314849535371e-03,5.481152577940421634e-03,3.279905805433376842e-01,-5.941070437883290943e-03,2.645732511108405522e-04,-2.936160727785614051e-04,1.539643583219720609e-04
6.712500000000000355e+00,3.316921466821718401e-01,-8.487425061704611737e-03,5.444848083019880429e-03,3.279166362530665513e-01,-5.890072838397851680e-03,2.609278106172482838e-04,-2.896633723626868082e-04,1.518016406322476820e-04
6.725000000000000533e+00,3.315864783069230604e-01,-8.419590112151278949e-03,5.408783738009177548e-03,3.278433273062325015e-01,-5.839415114407393859e-03,2.573314441782210255e-04,-2.857641020221152943e-04,1.496680633865118504e-04
6.737500000000000711e+00,3.314816550572395881e-01,-8.352204474241163926e-03,5.372957956615668877e-03,3.277706494683681471e-01,-5.789095032224046526e-03,2.537834884727301933e-04,-2.819175346500276650e-04,1.475632329341346237e-04
6.750000000000000000e+00,3.313776713353226988e-01,-8.285265175787689951e-03,5.337369163232494156e-03,3.276985985328322859e-01,-5.739110373376335450e-03,2.502832892059068514e-04,-2.781229531442360142e-04,1.454867609711093504e-04
6.762500000000000178e+00,3.312745215804028809e-01,-8.218769264232948790e-03,5.302015792866060333e-03,3.276271703206197206e-01,-5.689458934516731896e-03,2.468302009848593638e-04,-2.743796502673445247e-04,1.434382644669000308e-04
6.775000000000000355e+00,3.311722002684959199e-01,-8.152713806515502620e-03,5.266896291064113861e-03,3.275563606801732974e-01,-5.640138527330054892e-03,2.434235871962279921e-04,-2.706869285089145202e-04,1.414173655923052270e-04
6.787500000000000533e+00,3.310707019121594263e-01,-8.087095888939056787e-03,5.232009113844353354e-03,3.274861654871961680e-01,-5.591146978442664527e-03,2.400628198854486020e-04,-2.670440999495977789e-04,1.394236916483213896e-04
6.800000000000000711e+00,3.309700210602520842e-01,-8.021912617042022478e-03,5.197352727623618177e-03,3.274165806444657156e-01,-5.542482129332500056e-03,2.367472796377030099e-04,-2.634504861272139297e-04,1.374568749959936766e-04
6.812500000000000000e+00,3.308701522976936760e-01,-7.957161115467979717e-03,5.162925609147630407e-03,3.273476020816486476e-01,-5.494141836239935933e-03,2.334763554605317625e-04,-2.599054179047412478e-04,1.355165529872397071e-04
6.825000000000000178e+00,3.307710902452272173e-01,-7.892838527836979964e-03,5.128726245421283240e-03,3.272792257551166983e-01,-5.446123970079440151e-03,2.302494446680840084e-04,-2.564082353401923907e-04,1.336023678966316694e-04
6.837500000000000355e+00,3.306728295591825906e-01,-7.828942016617768118e-03,5.094753133639498381e-03,3.272114476477640532e-01,-5.398426416352089530e-03,2.270659527669843759e-04,-2.529582875583499205e-04,1.317139668541258588e-04
6.850000000000000533e+00,3.305753649312416775e-01,-7.765468763000815504e-03,5.061004781118605585e-03,3.271442637688252719e-01,-5.351047075058868244e-03,2.239252933437897242e-04,-2.495549326243305492e-04,1.298510017787229758e-04
6.862500000000000711e+00,3.304786910882049900e-01,-7.702415966772240170e-03,5.027479705228275579e-03,3.270776701536948772e-01,-5.303983860614795535e-03,2.208268879540158200e-04,-2.461975374189537681e-04,1.280131293130487764e-04
6.875000000000000000e+00,3.303828027917603549e-01,-7.639780846188558121e-03,4.994176433323996821e-03,3.270116628637473877e-01,-5.257234701763876562e-03,2.177701660127111705e-04,-2.428854775158883789e-04,1.262000107588408715e-04
6.887500000000000178e+00,3.302876948382524325e-01,-7.577560637852268945e-03,4.961093502680061391e-03,3.269462379861591272e-01,-5.210797541494845142e-03,2.147545646865539701e-04,-2.396181370605484121e-04,1.244113120133289905e-04
6.900000000000000355e+00,3.301933620584543982e-01,-7.515752596588307945e-03,4.928229460423121620e-03,3.268813916337302561e-01,-5.164670336957759116e-03,2.117795287874547070e-04,-2.363949086507175618e-04,1.226467035064974869e-04
6.912500000000000533e+00,3.300997993173408473e-01,-7.454353995321292767e-03,4.895582863466236764e-03,3.268171199447086339e-01,-5.118851059381378070e-03,2.088445106676378369e-04,-2.332151932188709930e-04,1.209058601392156259e-04
6.925000000000000711e+00,3.300070015138623636e-01,-7.393362124953601830e-03,4.863152278443463525e-03,3.267534190826140161e-01,-5.073337693991362453e-03,2.059489701161850437e-04,-2.300783999161742205e-04,1.191884612222251236e-04
6.937500000000000000e+00,3.299149635807215319e-01,-7.332774294244273280e-03,4.830936281644960910e-03,3.266902852360640264e-01,-5.028128239929294079e-03,2.030923742570182931e-04,-2.269839459981324952e-04,1.174941904159724560e-04
6.950000000000000178e+00,3.298236804841503389e-01,-7.272587829688692378e-03,4.798933458952603370e-03,3.266277146186002400e-01,-4.983220710172492872e-03,2.002741974483009146e-04,-2.239312567118659247e-04,1.158227356712734961e-04
6.962500000000000355e+00,3.297331472236895711e-01,-7.212800075399116752e-03,4.767142405776131700e-03,3.265657034685160998e-01,-4.938613131454677556e-03,1.974939211832398781e-04,-2.209197651849899996e-04,1.141737891708005594e-04
6.975000000000000533e+00,3.296433588319688801e-01,-7.153408392985960602e-03,4.735561726989789659e-03,3.265042480486852194e-01,-4.894303544187401760e-03,1.947510339922649551e-04,-2.179489123160732809e-04,1.125470472713780876e-04
6.987500000000000711e+00,3.295543103744892899e-01,-7.094410161439882942e-03,4.704190036869473207e-03,3.264433446463910204e-01,-4.850290002382330601e-03,1.920450313465686058e-04,-2.150181466666528424e-04,1.109422104470773223e-04
7.000000000000000000e+00,3.294659969494062035e-01,-7.035802777014665138e-03,4.673025959030394083e-03,3.263829895731571451e-01,-4.806570573574324781e-03,1.893754155629859411e-04,-2.121269243547835336e-04,1.093589832330984200e-04
7.012500000000000178e+00,3.293784136873146862e-01,-6.977583653110834387e-03,4.642068126365227372e-03,3.263231791645790358e-01,-4.763143338745318318e-03,1.867416957101948908e-04,-2.092747089500977267e-04,1.077970741704282066e-04
7.025000000000000355e+00,3.292915557510357472e-01,-6.919750220160110314e-03,4.611315180982774285e-03,3.262639097801561250e-01,-4.720006392249053231e-03,1.841433875162208015e-04,-2.064609713703567347e-04,1.062561957512646245e-04
7.037500000000000533e+00,3.292054183354040098e-01,-6.862299925510564544e-03,4.580765774147105458e-03,3.262051778031251903e-01,-4.677157841736588779e-03,1.815800132772228876e-04,-2.036851897794677473e-04,1.047360643651948771e-04
7.050000000000000711e+00,3.291199966670573240e-01,-6.805230233312559163e-03,4.550418566217202983e-03,3.261469796402947097e-01,-4.634595808082647705e-03,1.790511017675475180e-04,-2.009468494869486358e-04,1.032364002461184601e-04
7.062500000000000000e+00,3.290352860042270455e-01,-6.748538624405445857e-03,4.520272226587086425e-03,3.260893117218800485e-01,-4.592318425312777799e-03,1.765561881510290399e-04,-1.982454428488178617e-04,1.017569274199040495e-04
7.075000000000000178e+00,3.289512816365304237e-01,-6.692222596204976288e-03,4.490325433626426305e-03,3.260321705013392024e-01,-4.550323840531319240e-03,1.740948138935201426e-04,-1.955804691698884265e-04,1.002973736527697414e-04
7.087500000000000355e+00,3.288679788847639895e-01,-6.636279662591505236e-03,4.460576874621646759e-03,3.259755524552102601e-01,-4.508610213850217617e-03,1.716665266766362287e-04,-1.929514346074480283e-04,9.885747040037787606e-05
7.100000000000000533e+00,3.287853731006983860e-01,-6.580707353798875489e-03,4.431025245717495724e-03,3.259194540829487563e-01,-4.467175718318628849e-03,1.692708803126937367e-04,-1.903578520763015997e-04,9.743695275763254759e-05
7.112500000000000711e+00,3.287034596668747533e-01,-6.525503216304059939e-03,4.401669251859103432e-03,3.258638719067667444e-01,-4.426018539853368919e-03,1.669074346608278312e-04,-1.877992411551593409e-04,9.603555940917169321e-05
7.125000000000000000e+00,3.286222339964022798e-01,-6.470664812717517519e-03,4.372507606734513629e-03,3.258088024714722031e-01,-4.385136877170176320e-03,1.645757555442718700e-04,-1.852751279943497828e-04,9.465303258054339614e-05
7.137500000000000178e+00,3.285416915327573073e-01,-6.416189721674249100e-03,4.343539032717673616e-03,3.257542423443095525e-01,-4.344528941715795033e-03,1.622754146687816260e-04,-1.827850452248378236e-04,9.328911799005656187e-05
7.150000000000000355e+00,3.284618277495836014e-01,-6.362075537725599313e-03,4.314762260811920436e-03,3.257001881148008926e-01,-4.304192957600910981e-03,1.600059895421900068e-04,-1.803285318685314477e-04,9.194356480129802661e-05
7.162500000000000533e+00,3.283826381504941772e-01,-6.308319871231728854e-03,4.286176030593908531e-03,3.256466363945881848e-01,-4.264127161533893401e-03,1.577670633950738405e-04,-1.779051332498552535e-04,9.061612557630490316e-05
7.175000000000000711e+00,3.283041182688741788e-01,-6.254920348254794545e-03,4.257779090158015332e-03,3.255935838172760444e-01,-4.224329802755378421e-03,1.555582251025185516e-04,-1.755144009085745542e-04,8.930655622938454797e-05
7.187500000000000000e+00,3.282262636676855916e-01,-6.201874610452827626e-03,4.229570196061208272e-03,3.255410270382756432e-01,-4.184799142973692244e-03,1.533790691069650063e-04,-1.731558925138518377e-04,8.801461598157273014e-05
7.200000000000000178e+00,3.281490699392725641e-01,-6.149180314974283384e-03,4.201548113268361966e-03,3.254889627346492231e-01,-4.145533456301096591e-03,1.512291953421222911e-04,-1.708291717795163388e-04,8.674006731572069201e-05
7.212500000000000355e+00,3.280725327051686180e-01,-6.096835134353297686e-03,4.173711615098050706e-03,3.254373876049553860e-01,-4.106531029190904104e-03,1.491082091579336581e-04,-1.685338083805321444e-04,8.548267593220366077e-05
7.225000000000000533e+00,3.279966476159051902e-01,-6.044836756405591420e-03,4.146059483168777239e-03,3.253862983690953281e-01,-4.067790160375409081e-03,1.470157212465775590e-04,-1.662693778706439581e-04,8.424221070524068756e-05
7.237500000000000711e+00,3.279214103508208411e-01,-5.993182884125056696e-03,4.118590507345669914e-03,3.253356917681595739e-01,-4.029309160804676881e-03,1.449513475694916764e-04,-1.640354616011863219e-04,8.301844363981840066e-05
7.250000000000000000e+00,3.278468166178724608e-01,-5.941871235581010907e-03,4.091303485687623059e-03,3.252855645642758198e-01,-3.991086353586189434e-03,1.429147092854047771e-04,-1.618316466410384612e-04,8.181114982921008059e-05
7.262500000000000178e+00,3.277728621534473086e-01,-5.890899543816083966e-03,4.064197224394878842e-03,3.252359135404572221e-01,-3.953120073925326002e-03,1.409054326793611239e-04,-1.596575256977077564e-04,8.062010741308142409e-05
7.275000000000000355e+00,3.276995427221767176e-01,-5.840265556744803771e-03,4.037270537757081841e-03,3.251867355004514626e-01,-3.915408669066729533e-03,1.389231490927259830e-04,-1.575126970395276384e-04,7.944509753617611230e-05
7.287500000000000533e+00,3.276268541167505211e-01,-5.789967037052781880e-03,4.010522248101746484e-03,3.251380272685908124e-01,-3.877950498236512611e-03,1.369674948541551489e-04,-1.553967644189512074e-04,7.828590430757143893e-05
7.300000000000000711e+00,3.275547921577331989e-01,-5.740001762096567060e-03,3.983951185743192860e-03,3.250897856896426963e-01,-3.840743932585332938e-03,1.350381112115175378e-04,-1.533093369969266669e-04,7.714231476049772352e-05
7.312500000000000000e+00,3.274833526933811911e-01,-5.690367523804126804e-03,3.957556188931909275e-03,3.250420076286607562e-01,-3.803787355132348755e-03,1.331346442647559952e-04,-1.512500292683389091e-04,7.601411881271286336e-05
7.325000000000000178e+00,3.274125315994611540e-01,-5.641062128575949006e-03,3.931336103804353686e-03,3.249946899708371362e-01,-3.767079160710029052e-03,1.312567448996733617e-04,-1.492184609885006345e-04,7.490110922742451586e-05
7.337500000000000355e+00,3.273423247790699375e-01,-5.592083397186799372e-03,3.905289784333207479e-03,3.249478296213549333e-01,-3.730617755909873198e-03,1.294040687226316263e-04,-1.472142571006804571e-04,7.380308157475312170e-05
7.350000000000000533e+00,3.272727281624552287e-01,-5.543429164688060823e-03,3.879416092278051200e-03,3.249014235052417043e-01,-3.694401559028984497e-03,1.275762759961498571e-04,-1.452370476646503762e-04,7.271983419372712214e-05
7.362500000000000711e+00,3.272037377068379715e-01,-5.495097280310708675e-03,3.853713897136476149e-03,3.248554685672234155e-01,-3.658429000017547963e-03,1.257730315753892252e-04,-1.432864677862399569e-04,7.165116815480402788e-05
7.375000000000000000e+00,3.271353493962355641e-01,-5.447085607368891240e-03,3.828182076095636155e-03,3.248099617715790588e-01,-3.622698520427204086e-03,1.239940048455124926e-04,-1.413621575478821223e-04,7.059688722290984508e-05
7.387500000000000178e+00,3.270675592412864430e-01,-5.399392023164099365e-03,3.802819513984216551e-03,3.247649001019958792e-01,-3.587208573360306432e-03,1.222388696599050611e-04,-1.394637619401359742e-04,6.955679782098943156e-05
7.400000000000000355e+00,3.270003632790758341e-01,-5.352014418889961336e-03,3.777625103224853745e-03,3.247202805614256560e-01,-3.551957623420112526e-03,1.205073042792470793e-04,-1.375909307941744725e-04,6.853070899406184734e-05
7.412500000000000533e+00,3.269337575729627243e-01,-5.304950699537605910e-03,3.752597743786963320e-03,3.246761001719407624e-01,-3.516944146661858586e-03,1.187989913114222146e-04,-1.357433187152205746e-04,6.751843237377222907e-05
7.425000000000000711e+00,3.268677382124079989e-01,-5.258198783801617746e-03,3.727736343140004849e-03,3.246323559745917242e-01,-3.482166630544768389e-03,1.171136176522533193e-04,-1.339205850169205322e-04,6.651978214343483515e-05
7.437500000000000000e+00,3.268023013128036891e-01,-5.211756603986584385e-03,3.703039816207171712e-03,3.245890450292647222e-01,-3.447623573884981557e-03,1.154508744270526448e-04,-1.321223936566399526e-04,6.553457500355984835e-05
7.450000000000000178e+00,3.267374430153034415e-01,-5.165622105914197473e-03,3.678507085319498125e-03,3.245461644145399838e-01,-3.413313486809403403e-03,1.138104569329744588e-04,-1.303484131716692882e-04,6.456263013785715958e-05
7.462500000000000355e+00,3.266731594866540411e-01,-5.119793248830955927e-03,3.654137080170402879e-03,3.245037112275507285e-01,-3.379234890710514951e-03,1.121920645821608396e-04,-1.285983166163273987e-04,6.360376917971180674e-05
7.475000000000000533e+00,3.266094469190283789e-01,-5.074268005316409473e-03,3.629928737770643336e-03,3.244616825838425034e-01,-3.345386318202104962e-03,1.105954008456666983e-04,-1.268717814999481682e-04,6.265781617912296415e-05
7.487500000000000711e+00,3.265463015298593064e-01,-5.029044361191972907e-03,3.605881002403692279e-03,3.244200756172335165e-01,-3.311766313075964301e-03,1.090201731981553989e-04,-1.251684897257391736e-04,6.172459757010163091e-05
7.500000000000000000e+00,3.264837195616743792e-01,-4.984120315430296336e-03,3.581992825581542788e-03,3.243788874796745825e-01,-3.278373430259539593e-03,1.074660930633529400e-04,-1.234881275305000161e-04,6.080394213852005202e-05
7.512500000000000178e+00,3.264216972819324325e-01,-4.939493880065169706e-03,3.558263166000914714e-03,3.243381153411108997e-01,-3.245206235774544031e-03,1.059328757602501274e-04,-1.218303854251867249e-04,5.989568099040673305e-05
7.525000000000000355e+00,3.263602309828608217e-01,-4.895163080102006743e-03,3.534690989499903076e-03,3.242977563893429394e-01,-3.212263306696565204e-03,1.044202404500432243e-04,-1.201949581363128788e-04,5.899964752068190520e-05
7.537500000000000533e+00,3.262993169812934413e-01,-4.851125953428829345e-03,3.511275269015023699e-03,3.242578078298891109e-01,-3.179543231115635263e-03,1.029279100838011385e-04,-1.185815445481725947e-04,5.811567738232610201e-05
7.550000000000000711e+00,3.262389516185107419e-01,-4.807380550727811432e-03,3.488014984538683437e-03,3.242182668858479277e-01,-3.147044608097803332e-03,1.014556113508500404e-04,-1.169898476458758677e-04,5.724360845597715173e-05
7.562500000000000000e+00,3.261791312600800796e-01,-4.763924935387345815e-03,3.464909123077068026e-03,3.241791307977612280e-01,-3.114766047647709712e-03,1.000030746278651918e-04,-1.154195744591842695e-04,5.638328081994933101e-05
7.575000000000000178e+00,3.261198522956975099e-01,-4.720757183414619335e-03,3.441956678608434558e-03,3.241403968234775057e-01,-3.082706170672158859e-03,9.857003392865925262e-05,-1.138704360071347941e-04,5.553453672066885891e-05
7.587500000000000355e+00,3.260611111390305794e-01,-4.677875383348738779e-03,3.419156652041835907e-03,3.241020622380160754e-01,-3.050863608944735794e-03,9.715622685465904345e-05,-1.123421472434428238e-04,5.469722054352086602e-05
7.600000000000000533e+00,3.260029042275622291e-01,-4.635277636174340785e-03,3.396508051176244138e-03,3.240641243334313470e-01,-3.019237005071429523e-03,9.576139454605884897e-05,-1.108344270026708552e-04,5.387117878410130627e-05
7.612500000000000711e+00,3.259452280224356957e-01,-4.592962055235723894e-03,3.374009890660091548e-03,3.240265804186776011e-01,-2.987825012457305095e-03,9.438528163364244452e-05,-1.093469979471537395e-04,5.305626001986916978e-05
7.625000000000000000e+00,3.258880790083007462e-01,-4.550926766151484545e-03,3.351661191951230221e-03,3.239894278194741517e-01,-2.956626295274228204e-03,9.302763619126391077e-05,-1.078795865146695698e-04,5.225231488219336562e-05
7.637500000000000178e+00,3.258314536931604666e-01,-4.509169906729634456e-03,3.329460983277291418e-03,3.239526638781711765e-01,-2.925639528429639299e-03,9.168820968897734339e-05,-1.064319228668449531e-04,5.145919602878880599e-05
7.650000000000000355e+00,3.257753486082196615e-01,-4.467689626883241880e-03,3.307408299596475629e-03,3.239162859536154904e-01,-2.894863397536419271e-03,9.036675694680809873e-05,-1.050037408382860870e-04,5.067675811653721962e-05
7.662500000000000533e+00,3.257197603077341408e-01,-4.426484088546530846e-03,3.285502182558740734e-03,3.238802914210169304e-01,-2.864296598883817654e-03,8.906303608915429977e-05,-1.035947778864232963e-04,4.990485777468662952e-05
7.675000000000000711e+00,3.256646853688606735e-01,-4.385551465591477384e-03,3.263741680467404770e-03,3.238446776718152953e-01,-2.833937839409485411e-03,8.777680849981146013e-05,-1.022047750420607484e-04,4.914335357842511084e-05
7.687500000000000000e+00,3.256101203915084397e-01,-4.344889943744884540e-03,3.242125848241168926e-03,3.238094421135471745e-01,-2.803785836672615783e-03,8.650783877761087498e-05,-1.008334768606208571e-04,4.839210602282380773e-05
7.700000000000000178e+00,3.255560619981915371e-01,-4.304497720505911888e-03,3.220653747376536064e-03,3.237745821697132764e-01,-2.773839318828189276e-03,8.525589469266261729e-05,-9.948063137407315713e-05,4.765097749714387616e-05
7.712500000000000355e+00,3.255025068338819882e-01,-4.264373005064104639e-03,3.199324445910662913e-03,3.237400952796465337e-01,-2.744097024602376589e-03,8.402074714319617335e-05,-9.814599004353980198e-05,4.691983225950349705e-05
7.725000000000000533e+00,3.254494515658644671e-01,-4.224514018217851233e-03,3.178137018384608655e-03,3.237059788983796538e-01,-2.714557703269058694e-03,8.280217011298847201e-05,-9.682930771256600326e-05,4.619853641189905090e-05
7.737500000000000711e+00,3.253968928835913599e-01,-4.184918992293319706e-03,3.157090545807000274e-03,3.236722304965137242e-01,-2.685220114627519597e-03,8.159994062937226018e-05,-9.553034256104784856e-05,4.548695787557668609e-05
7.750000000000000000e+00,3.253448274985395461e-01,-4.145586171063835555e-03,3.136184115618113367e-03,3.236388475600866510e-01,-2.656083028981307860e-03,8.041383872181639503e-05,-9.424885605980786254e-05,4.478496636674935479e-05
7.762500000000000178e+00,3.252932521440674019e-01,-4.106513809669701080e-03,3.115416821654359326e-03,3.236058275904419301e-01,-2.627145227118273842e-03,7.924364738106950111e-05,-9.298461292580874294e-05,4.409243337265462710e-05
7.775000000000000355e+00,3.252421635752736351e-01,-4.067700174538479638e-03,3.094787764113198381e-03,3.235731681040978636e-01,-2.598405500291826441e-03,7.808915251886035182e-05,-9.173738107799796670e-05,4.340923212794952940e-05
7.787500000000000533e+00,3.251915585688562871e-01,-4.029143543305685818e-03,3.074296049518455542e-03,3.235408666326167193e-01,-2.569862650203384637e-03,7.695014292814546122e-05,-9.050693159377257331e-05,4.273523759143706060e-05
7.800000000000000711e+00,3.251414339229734551e-01,-3.990842204735926650e-03,3.053940790686053303e-03,3.235089207224742802e-01,-2.541515488986068050e-03,7.582641024389742170e-05,-8.929303866605707801e-05,4.207032642312081487e-05
7.812500000000000000e+00,3.250917864571045146e-01,-3.952794458644464347e-03,3.033721106690167191e-03,3.234773279349296149e-01,-2.513362839189634337e-03,7.471774890442601852e-05,-8.809547956098543473e-05,4.141437696158327961e-05
7.825000000000000178e+00,3.250426130119123402e-01,-3.914998615819184971e-03,3.013636122829782028e-03,3.234460858458947929e-01,-2.485403533766665594e-03,7.362395611322420676e-05,-8.691403457617849699e-05,4.076726920168328847e-05
7.837500000000000355e+00,3.249939104491069153e-01,-3.877452997943012063e-03,2.993684970595687517e-03,3.234151920458050999e-01,-2.457636416060052752e-03,7.254483180133264851e-05,-8.574848699960988896e-05,4.012888477256938387e-05
7.850000000000000533e+00,3.249456756513095512e-01,-3.840155937516704070e-03,2.973866787637870646e-03,3.233846441394890858e-01,-2.430060339791757177e-03,7.148017859021406903e-05,-8.459862306905063713e-05,3.949910691600393218e-05
7.862500000000000711e+00,3.248979055219179957e-01,-3.803105777782067251e-03,2.954180717733337434e-03,3.233544397460390574e-01,-2.402674169052891519e-03,7.042980175513136043e-05,-8.346423193208589485e-05,3.887782046499492868e-05
7.875000000000000000e+00,3.248505969849727060e-01,-3.766300872645568423e-03,2.934625910754355780e-03,3.233245764986812931e-01,-2.375476778295130230e-03,6.939350918902197876e-05,-8.234510560669542484e-05,3.826491182273113520e-05
7.887500000000000178e+00,3.248037469850241221e-01,-3.729739586602333259e-03,2.915201522637109448e-03,3.232950520446468690e-01,-2.348467052323459283e-03,6.837111136686109959e-05,-8.124103894238984380e-05,3.766026894181664729e-05
7.900000000000000355e+00,3.247573524870007167e-01,-3.693420294660553112e-03,2.895906715350789629e-03,3.232658640450419285e-01,-2.321643886290310644e-03,6.736242131050802946e-05,-8.015182958189623222e-05,3.706378130380168576e-05
7.912500000000000533e+00,3.247114104760779330e-01,-3.657341382266255259e-03,2.876740656867098067e-03,3.232370101747187863e-01,-2.295006185691063696e-03,6.636725455402730828e-05,-7.907727792338400214e-05,3.647533989900503178e-05
7.925000000000000711e+00,3.246659179575485110e-01,-3.621501245228461296e-03,2.857702521130178232e-03,3.232084881221461981e-01,-2.268552866360961338e-03,6.538542910947912207e-05,-7.801718708322499200e-05,3.589483720662513770e-05
7.937500000000000000e+00,3.246208719566929801e-01,-3.585898289644721525e-03,2.838791488026977568e-03,3.231802955892805196e-01,-2.242282854473450285e-03,6.441676543317174854e-05,-7.697136285927991446e-05,3.532216717513598988e-05
7.950000000000000178e+00,3.245762695186517610e-01,-3.550530931827000636e-03,2.820006743358027812e-03,3.231524302914363100e-01,-2.216195086539959024e-03,6.346108639236951665e-05,-7.593961369470406944e-05,3.475722520296414586e-05
7.962500000000000355e+00,3.245321077082981009e-01,-3.515397598227954987e-03,2.801347478808670702e-03,3.231248899571571576e-01,-2.190288509411161127e-03,6.251821723245049316e-05,-7.492175064226600661e-05,3.419990811944391689e-05
7.975000000000000533e+00,3.244883836101113972e-01,-3.480496725367539061e-03,2.782812891920700017e-03,3.230976723280861718e-01,-2.164562080279707010e-03,6.158798554450649668e-05,-7.391758732917112806e-05,3.365011416604656209e-05
7.987500000000000711e+00,3.244450943280520749e-01,-3.445826759759978378e-03,2.764402186064447708e-03,3.230707751588371979e-01,-2.139014766684477903e-03,6.067022123337989601e-05,-7.292693992238424069e-05,3.310774297788071624e-05
8.000000000000000000e+00,3.244022369854370758e-01,-3.411386157841085447e-03,2.746114570411300245e-03,3.230441962168649206e-01,-2.113645546516371588e-03,5.976475648613087068e-05,-7.194962709444426875e-05,3.257269556546053412e-05
8.012500000000001066e+00,3.243598087248161788e-01,-3.377173385895907050e-03,2.727949259906648632e-03,3.230179332823357452e-01,-2.088453408025634211e-03,5.887142574092855388e-05,-7.098546998976401124e-05,3.204487429673809557e-05
8.025000000000000355e+00,3.243178067078495430e-01,-3.343186919986739728e-03,2.709905475243298573e-03,3.229919841479981790e-01,-2.063437349830801477e-03,5.799006565636140244e-05,-7.003429219141002471e-05,3.152418287939766578e-05
8.037499999999999645e+00,3.242762281151856940e-01,-3.309425245881420213e-03,2.691982442835290021e-03,3.229663466190531018e-01,-2.038596380929201101e-03,5.712051508115841177e-05,-6.909591968835348348e-05,3.101052634340729089e-05
8.050000000000000711e+00,3.242350701463408424e-01,-3.275886858981987091e-03,2.674179394792188143e-03,3.229410185130239253e-01,-2.013929520709120593e-03,5.626261502431788227e-05,-6.817018084318887314e-05,3.050381102382611286e-05
8.062500000000000000e+00,3.241943300195787581e-01,-3.242570264253658192e-03,2.656495568893817941e-03,3.229159976596268633e-01,-1.989435798963627364e-03,5.541620862563690698e-05,-6.725690636031273807e-05,3.000394454386377826e-05
8.075000000000001066e+00,3.241540049717918093e-01,-3.209473976154074686e-03,2.638930208565426917e-03,3.228912819006404256e-01,-1.965114255906036823e-03,5.458114112663445841e-05,-6.635592925455544933e-05,2.951083579818822094e-05
8.087500000000000355e+00,3.241140922583827244e-01,-3.176596518562925086e-03,2.621482562853334319e-03,3.228668690897754656e-01,-1.940963942187143385e-03,5.375725984186567591e-05,-6.546708482026311973e-05,2.902439493648069347e-05
8.099999999999999645e+00,3.240745891531471301e-01,-3.143936424711797368e-03,2.604151886401000638e-03,3.228427570925440637e-01,-1.916983918914130260e-03,5.294441413061800223e-05,-6.459021060081997603e-05,2.854453334723309075e-05
8.112500000000000711e+00,3.240354929481571444e-01,-3.111492237114375867e-03,2.586937439425578480e-03,3.228189437861292976e-01,-1.893173257671281829e-03,5.214245536898678404e-05,-6.372514635860854551e-05,2.807116364178647812e-05
8.125000000000000000e+00,3.239968009536459137e-01,-3.079262507496930042e-03,2.569838487694924446e-03,3.227954270592536257e-01,-1.869531040542486700e-03,5.135123692232361448e-05,-6.287173404540092139e-05,2.760419963860742223e-05
8.137500000000001066e+00,3.239585104978927599e-01,-3.047245796729037854e-03,2.552854302505052492e-03,3.227722048120478804e-01,-1.846056360135529036e-03,5.057061411805102073e-05,-6.202981777317407317e-05,2.714355634779870609e-05
8.150000000000000355e+00,3.239206189271092717e-01,-3.015440674754659572e-03,2.535984160658089070e-03,3.227492749559192631e-01,-1.822748319608282668e-03,4.980044421884102345e-05,-6.119924378534688460e-05,2.668914995584352034e-05
8.162499999999999645e+00,3.238831236053265061e-01,-2.983845720523414530e-03,2.519227344440663242e-03,3.227266354134194493e-01,-1.799606032696737714e-03,4.904058639614890795e-05,-6.037986042842993382e-05,2.624089781057848886e-05
8.175000000000000711e+00,3.238460219142826335e-01,-2.952459521922172307e-03,2.502583141602798128e-03,3.227042841181121946e-01,-1.776628623744976824e-03,4.829090170410001832e-05,-5.957151812408569149e-05,2.579871840639470218e-05
8.187500000000000000e+00,3.238093112533116935e-01,-2.921280675706900646e-03,2.486050845337275939e-03,3.226822190144403857e-01,-1.753815227737094522e-03,4.755125305372313719e-05,-5.877406934159265192e-05,2.536253136966352625e-05
8.200000000000001066e+00,3.237729890392333498e-01,-2.890307787434728479e-03,2.469629754259464877e-03,3.226604380575930908e-01,-1.731164990331067900e-03,4.682150518752460985e-05,-5.798736857070731226e-05,2.493225744438423567e-05
8.212500000000000355e+00,3.237370527062430337e-01,-2.859539471396322502e-03,2.453319172387664719e-03,3.226389392133716116e-01,-1.708677067894686426e-03,4.610152465440073944e-05,-5.721127229492165510e-05,2.450781847805254962e-05
8.224999999999999645e+00,3.237014997058033083e-01,-2.828974350548438526e-03,2.437118409123909066e-03,3.226177204580555902e-01,-1.686350627543483846e-03,4.539117978488048437e-05,-5.644563896510792833e-05,2.408913740774596091e-05
8.237500000000000711e+00,3.236663275065360112e-01,-2.798611056446756017e-03,2.421026779235283238e-03,3.225967797782682833e-01,-1.664184847180783834e-03,4.469034066669622850e-05,-5.569032897354862853e-05,2.367613824642505831e-05
8.250000000000000000e+00,3.236315335941151727e-01,-2.768448229178942926e-03,2.405043602835741333e-03,3.225761151708416152e-01,-1.642178915539867657e-03,4.399887912067681692e-05,-5.494520462834579254e-05,2.326874606944803026e-05
8.262500000000001066e+00,3.235971154711606013e-01,-2.738484517297899625e-03,2.389168205368402513e-03,3.225557246426803415e-01,-1.620332032228265131e-03,4.331666867695705672e-05,-5.421013012820384401e-05,2.286688700129557145e-05
8.275000000000000355e+00,3.235630706571327453e-01,-2.708718577755287338e-03,2.373399917588390248e-03,3.225356062106259358e-01,-1.598643407774289231e-03,4.264358455150168390e-05,-5.348497153758418585e-05,2.247048820250552496e-05
8.287499999999999645e+00,3.235293966882280547e-01,-2.679149075835202294e-03,2.357738075546146443e-03,3.225157579013197551e-01,-1.577112263675755580e-03,4.197950362293609164e-05,-5.276959676222364411e-05,2.207947785681345511e-05
8.300000000000000711e+00,3.234960911172750642e-01,-2.649774685088099237e-03,2.342182020571289842e-03,3.224961777510656491e-01,-1.555737832451007394e-03,4.132430440968179404e-05,-5.206387552501521839e-05,2.169378515849855457e-05
8.312500000000000000e+00,3.234631515136317526e-01,-2.620594087264911404e-03,2.326731099256990499e-03,3.224768638056917935e-01,-1.534519357692254102e-03,4.067786704739114986e-05,-5.136767934224550078e-05,2.131334029993231762e-05
8.325000000000001066e+00,3.234305754630831253e-01,-2.591605972251323151e-03,2.311384663444855138e-03,3.224578141204119675e-01,-1.513456094121233856e-03,4.004007326667596611e-05,-5.068088150018373563e-05,2.093807445932751641e-05
8.337500000000000355e+00,3.233983605677402950e-01,-2.562809038002288476e-03,2.296142070210374555e-03,3.224390267596861093e-01,-1.492547307647320047e-03,3.941080637112796212e-05,-5.000335703202062239e-05,2.056791978868698886e-05
8.349999999999999645e+00,3.233665044459397842e-01,-2.534201990476667079e-03,2.281002681848876695e-03,3.224204997970800401e-01,-1.471792275428021948e-03,3.878995121562392467e-05,-4.933498269515001111e-05,2.020280940194873497e-05
8.362500000000000711e+00,3.233350047321438270e-01,-2.505783543572072912e-03,2.265965865862044383e-03,3.224022313151244101e-01,-1.451190285932002890e-03,3.817739418491368410e-05,-4.867563694879176243e-05,1.984267736332693855e-05
8.375000000000000000e+00,3.233038590768418374e-01,-2.477552419059890574e-03,2.251030994944985993e-03,3.223842194051730337e-01,-1.430740639004627864e-03,3.757302317248564620e-05,-4.802519993195096093e-05,1.948745867584660720e-05
8.387500000000001066e+00,3.232730651464521543e-01,-2.449507346520403590e-03,2.236197446973836513e-03,3.223664621672602260e-01,-1.410442645936057062e-03,3.697672755970487889e-05,-4.738355344170860976e-05,1.913708927006965189e-05
8.400000000000000355e+00,3.232426206232247856e-01,-2.421647063278142137e-03,2.221464604993952756e-03,3.223489577099571957e-01,-1.390295629532011532e-03,3.638839819522183617e-05,-4.675058091184250555e-05,1.879150599301208083e-05
8.412499999999999645e+00,3.232125232051452635e-01,-2.393970314337307524e-03,2.206831857208647191e-03,3.223317041502278268e-01,-1.370298924187164126e-03,3.580792737464495653e-05,-4.612616739177161204e-05,1.845064659724914664e-05
8.425000000000000711e+00,3.231827706058388316e-01,-2.366475852317378829e-03,2.192298596968514195e-03,3.223146996132832398e-01,-1.350451875961284970e-03,3.523520882047536041e-05,-4.551019952582285519e-05,1.811444973020824001e-05
8.437500000000000000e+00,3.231533605544757437e-01,-2.339162437388846594e-03,2.177864222761340032e-03,3.222979422324353527e-01,-1.330753842658158369e-03,3.467013766229863240e-05,-4.490256553281569111e-05,1.778285492364750384e-05
8.450000000000001066e+00,3.231242907956772825e-01,-2.312028837209031528e-03,2.163528138202579221e-03,3.222814301489498878e-01,-1.311204193907296095e-03,3.411261041722908019e-05,-4.430315518596019146e-05,1.745580258331825692e-05
8.462500000000000355e+00,3.230955590894225016e-01,-2.285073826858074510e-03,2.149289752026456272e-03,3.222651615118977131e-01,-1.291802311248573020e-03,3.356252497060447135e-05,-4.371185979306746027e-05,1.713323397881107464e-05
8.474999999999999645e+00,3.230671632109559654e-01,-2.258296188774978636e-03,2.135148478077640317e-03,3.222491344780056277e-01,-1.272547588219749993e-03,3.301978055692510861e-05,-4.312857217706648030e-05,1.681509123358274175e-05
8.487500000000000711e+00,3.230391009506960454e-01,-2.231694712693789179e-03,2.121103735303549436e-03,3.222333472115057607e-01,-1.253439430447015127e-03,3.248427774103522433e-05,-4.255318665682624352e-05,1.650131731516397214e-05
8.500000000000000000e+00,3.230113701141441584e-01,-2.205268195579865049e-03,2.107154947747273428e-03,3.222177978839838031e-01,-1.234477255738566492e-03,3.195591839954225571e-05,-4.198559902827926280e-05,1.619185602554624898e-05
8.512500000000001066e+00,3.229839685217948397e-01,-2.179015441566197094e-03,2.093301544541099381e-03,3.222024846742262971e-01,-1.215660494181271126e-03,3.143460570246946743e-05,-4.142570654584247335e-05,1.588665199174604703e-05
8.525000000000000355e+00,3.229568940090464801e-01,-2.152935261889861278e-03,2.079542959900705559e-03,3.221874057680663705e-01,-1.196988588240525042e-03,3.092024409514005138e-05,-4.087340790413462969e-05,1.558565065654656269e-05
8.537499999999999645e+00,3.229301444261129528e-01,-2.127026474828481398e-03,2.065878633119960263e-03,3.221725593582284719e-01,-1.178460992863295800e-03,3.041273928028683540e-05,-4.032860321998487182e-05,1.528879826941443418e-05
8.550000000000000711e+00,3.229037176379358498e-01,-2.101287905636795017e-03,2.052308008566398109e-03,3.221579436441716071e-01,-1.160077175584473420e-03,2.991199820038582553e-05,-3.979119401473153912e-05,1.499604187759159433e-05
8.562500000000000000e+00,3.228776115240980515e-01,-2.075718386483264930e-03,2.038830535677351591e-03,3.221435568319313547e-01,-1.141836616636569520e-03,2.941792902020916360e-05,-3.926108319680774892e-05,1.470732931736080229e-05
8.575000000000001066e+00,3.228518239787372401e-01,-2.050316756386704516e-03,2.025445668956728836e-03,3.221293971339605489e-01,-1.123738809062799823e-03,2.893044110959333638e-05,-3.873817504461022970e-05,1.442260920548351947e-05
8.587500000000000355e+00,3.228263529104609675e-01,-2.025081861152989819e-03,2.012152867972503457e-03,3.221154627689681305e-01,-1.105783258833684460e-03,2.844944502642076907e-05,-3.822237518965076509e-05,1.414183093081033951e-05
8.599999999999999645e+00,3.228011962422621117e-01,-2.000012553311746044e-03,1.998951597354857532e-03,3.221017519617571656e-01,-1.087969484967153504e-03,2.797485249980927072e-05,-3.771359059998537666e-05,1.386494464606186345e-05
8.612500000000000711e+00,3.227763519114352220e-01,-1.975107692053088698e-03,1.985841326795041457e-03,3.220882629430606436e-01,-1.070297019652291515e-03,2.750657641350754562e-05,-3.721172956392069646e-05,1.359190125978032472e-05
8.625000000000000000e+00,3.227518178694936957e-01,-1.950366143164374054e-03,1.972821531044939396e-03,3.220749939493763314e-01,-1.052765408376766642e-03,2.704453078949268496e-05,-3.671670167399443950e-05,1.332265242845080550e-05
8.637500000000001066e+00,3.227275920820876776e-01,-1.925786778966916222e-03,1.959891689917332095e-03,3.220619432227995738e-01,-1.035374210057989595e-03,2.658863077176551511e-05,-3.622841781122684537e-05,1.305715054879103123e-05
8.650000000000000355e+00,3.227036725289227914e-01,-1.901368478252747369e-03,1.947051288286917549e-03,3.220491090108545951e-01,-1.018122997178141703e-03,2.613879261034210180e-05,-3.574679012964277749e-05,1.279534875021010752e-05
8.662499999999999645e+00,3.226800572036795933e-01,-1.877110126221310724e-03,1.934299816092034012e-03,3.220364895663240801e-01,-1.001011355923069231e-03,2.569493364543609429e-05,-3.527173204106013622e-05,1.253720088743446982e-05
8.675000000000000711e+00,3.226567441139340797e-01,-1.853010614416159430e-03,1.921636768337158007e-03,3.220240831470770337e-01,-9.840388863251842665e-04,2.525697229183019492e-05,-3.480315820014428098e-05,1.228266153330155925e-05
8.687500000000000000e+00,3.226337312810784175e-01,-1.829068840661620711e-03,1.909061645096155188e-03,3.220118880158947539e-01,-9.672052024104260464e-04,2.482482802343278345e-05,-3.434098448972576441e-05,1.203168597172035872e-05
8.700000000000001066e+00,3.226110167402432283e-01,-1.805283708999381748e-03,1.896573951516287776e-03,3.219999024402948606e-01,-9.505099323493395409e-04,2.439842135801583001e-05,-3.388512800637883754e-05,1.178423019079807636e-05
8.712500000000000355e+00,3.225885985402199285e-01,-1.781654129625067978e-03,1.884173197823029930e-03,3.219881246923538276e-01,-9.339527186124113763e-04,2.397767384213235882e-05,-3.343550704626051582e-05,1.154025087613355885e-05
8.724999999999999645e+00,3.225664747433845680e-01,-1.758179018824709491e-03,1.871858899325650740e-03,3.219765530485269034e-01,-9.175332181296777306e-04,2.356250803620840405e-05,-3.299204109120648578e-05,1.129970540427609305e-05
8.737500000000000711e+00,3.225446434256216688e-01,-1.734857298911163638e-03,1.859630576423623814e-03,3.219651857894664793e-01,-9.012511024547474256e-04,2.315284749980778747e-05,-3.255465079508387290e-05,1.106255183635027180e-05
8.750000000000000000e+00,3.225231026762496178e-01,-1.711687898160453494e-03,1.847487754613854347e-03,3.219540211998382917e-01,-8.851060579333050503e-04,2.274861677706584194e-05,-3.212325797039849193e-05,1.082874891184644960e-05
8.762500000000001066e+00,3.225018505979464489e-01,-1.688669750747976870e-03,1.835429964498721742e-03,3.219430575681354600e-01,-8.690977858761600363e-04,2.234974138228843510e-05,-3.169778557515464859e-05,1.059825604257632061e-05
8.775000000000000355e+00,3.224808853066762904e-01,-1.665801796684660257e-03,1.823456741794994562e-03,3.219322931864902482e-01,-8.532260027369907617e-04,2.195614778571449745e-05,-3.127815769996741135e-05,1.037103330679449976e-05
8.787499999999999645e+00,3.224602049316172558e-01,-1.643082981752944701e-03,1.811567627343578599e-03,3.219217263504834947e-01,-8.374904402948086211e-04,2.156776339943723025e-05,-3.086429955542433769e-05,1.014704144348509078e-05
8.800000000000000711e+00,3.224398076150892245e-01,-1.620512257442680189e-03,1.799762167120155278e-03,3.219113553589523224e-01,-8.218908458412942835e-04,2.118451656348232623e-05,-3.045613745969684143e-05,9.926241846814203118e-06
8.812500000000000000e+00,3.224196915124831753e-01,-1.598088580886877557e-03,1.788039912246706725e-03,3.219011785137944615e-01,-8.064269823730805132e-04,2.080633653203945238e-05,-3.005359882639940176e-05,9.708596560748226459e-06
8.825000000000001066e+00,3.223998547921910762e-01,-1.575810914797281951e-03,1.776400419003926852e-03,3.218911941197712401e-01,-7.910986287890601609e-04,2.043315345984344760e-05,-2.965661215269503541e-05,9.494068273837801851e-06
8.837500000000000355e+00,3.223802956355363292e-01,-1.553678227399831564e-03,1.764843248844573300e-03,3.218814004843071896e-01,-7.759055800928750133e-04,2.006489838870343929e-05,-2.926510700764740769e-05,9.282620314168551579e-06
8.849999999999999645e+00,3.223610122367054909e-01,-1.531689492369896080e-03,1.753367968407727306e-03,3.218717959172875953e-01,-7.608476476006243187e-04,1.970150323417524079e-05,-2.887901402081697387e-05,9.074216644478017225e-06
8.862500000000000711e+00,3.223420028026803830e-01,-1.509843688767363969e-03,1.741974149534017630e-03,3.218623787308532713e-01,-7.459246591539548570e-04,1.934290077237530480e-05,-2.849826487110178425e-05,8.868821857439971454e-06
8.875000000000000000e+00,3.223232655531713120e-01,-1.488139800971530939e-03,1.730661369281806614e-03,3.218531472391923942e-01,-7.311364593386169078e-04,1.898902462693263153e-05,-2.812279227582161471e-05,8.666401171116330505e-06
8.887500000000001066e+00,3.223047987205509557e-01,-1.466576818615752042e-03,1.719429209944340958e-03,3.218440997583303376e-01,-7.164829097085782719e-04,1.863980925607510762e-05,-2.775252998004427415e-05,8.466920424576918124e-06
8.900000000000000355e+00,3.222866005497890818e-01,-1.445153736521916175e-03,1.708277259067923597e-03,3.218352346059155100e-01,-7.019638890158610370e-04,1.829518993984849388e-05,-2.738741274615491555e-05,8.270346073688454813e-06
8.912499999999999645e+00,3.222686692983879331e-01,-1.423869554634643684e-03,1.697205109471074591e-03,3.218265501010033058e-01,-6.875792934461552987e-04,1.795510276746355554e-05,-2.702737634366622957e-05,8.076645187072630118e-06
8.925000000000000711e+00,3.222510032363190557e-01,-1.402723277955267344e-03,1.686212359264737835e-03,3.218180445638366693e-01,-6.733290368603787532e-04,1.761948462476953933e-05,-2.667235753927060164e-05,7.885785442234741923e-06
8.937500000000000000e+00,3.222336006459599056e-01,-1.381713916475554426e-03,1.675298611873539010e-03,3.218097163156234397e-01,-6.592130510422832121e-04,1.728827318185049408e-05,-2.632229408713335496e-05,7.697735121863470294e-06
8.950000000000001066e+00,3.222164598220325082e-01,-1.360840485111126496e-03,1.664463476058094128e-03,3.218015636783108091e-01,-6.452312859522112533e-04,1.696140688074092461e-05,-2.597712471942648305e-05,7.512463110302481266e-06
8.962500000000000355e+00,3.221995790715417862e-01,-1.340102003634637213e-03,1.653706565938426343e-03,3.217935849743565058e-01,-6.313837099871796258e-04,1.663882492325901392e-05,-2.563678913710405440e-05,7.329938890195519926e-06
8.974999999999999645e+00,3.221829567137156070e-01,-1.319497496608608390e-03,1.643027501018466110e-03,3.217857785264968129e-01,-6.176703102473574949e-04,1.632046725895290389e-05,-2.530122800091788305e-05,7.150132539305293473e-06
8.987500000000000711e+00,3.221665910799451638e-01,-1.299025993317980479e-03,1.632425906211691907e-03,3.217781426575107573e-01,-6.040910928091225429e-04,1.600627457315826255e-05,-2.497038292267479337e-05,6.973014727507985713e-06
9.000000000000000000e+00,3.221504805137264671e-01,-1.278686527702334970e-03,1.621901411867912850e-03,3.217706756899815224e-01,-5.906460830048077893e-04,1.569618827516362441e-05,-2.464419645673534333e-05,6.798556713964386404e-06
9.012500000000001066e+00,3.221346233706025575e-01,-1.258478138287747947e-03,1.611453653801205770e-03,3.217633759460536425e-01,-5.773353257092588269e-04,1.539015048648002099e-05,-2.432261209175381336e-05,6.626730344468726405e-06
9.025000000000000355e+00,3.221190180181064955e-01,-1.238399868118327711e-03,1.601082273319056823e-03,3.217562417471871994e-01,-5.641588856333889330e-04,1.508810402921302594e-05,-2.400557424266121565e-05,6.457508048977273559e-06
9.037499999999999645e+00,3.221036628357055731e-01,-1.218450764687339103e-03,1.590786917252691186e-03,3.217492714139077448e-01,-5.511168476248188989e-04,1.478999241453283589e-05,-2.369302824289046345e-05,6.290862839317452457e-06
9.050000000000000711e+00,3.220885562147458581e-01,-1.198629879867970250e-03,1.580567237988645670e-03,3.217424632655528360e-01,-5.382093169757954342e-04,1.449575983124045218e-05,-2.338492033684562476e-05,6.126768307079717509e-06
9.062500000000000000e+00,3.220736965583979594e-01,-1.178936269843694267e-03,1.570422893501594898e-03,3.217358156200144648e-01,-5.254364197385183585e-04,1.420535113442645521e-05,-2.308119767261558903e-05,5.965198621693604840e-06
9.075000000000001066e+00,3.220590822816037369e-01,-1.159368995038187510e-03,1.560353547388435578e-03,3.217293267934774881e-01,-5.127983030480123220e-04,1.391871183421892559e-05,-2.278180829493269588e-05,5.806128528689544454e-06
9.087500000000000355e+00,3.220447118110235096e-01,-1.139927120044853179e-03,1.550358868903692648e-03,3.217229951001541188e-01,-5.002951354527434159e-04,1.363578808461844198e-05,-2.248670113837851096e-05,5.649533348148870409e-06
9.099999999999999645e+00,3.220305835849845422e-01,-1.120609713555854002e-03,1.540438532996225808e-03,3.217168188520141969e-01,-4.879271072530881170e-04,1.335652667241586451e-05,-2.219582602083666452e-05,5.495388973343335974e-06
9.112500000000000711e+00,3.220166960534301959e-01,-1.101415848290704944e-03,1.530592220347296722e-03,3.217107963585109087e-01,-4.756944308478599690e-04,1.308087500619080323e-05,-2.190913363719512077e-05,5.343671869566782457e-06
9.125000000000000000e+00,3.220030476778700801e-01,-1.082344600924381494e-03,1.520819617410008612e-03,3.217049259263025651e-01,-4.635973410890447581e-04,1.280878110538723767e-05,-2.162657555329899279e-05,5.194359073160892915e-06
9.137500000000001066e+00,3.219896369313308693e-01,-1.063395052014898213e-03,1.511120416450129284e-03,3.216992058589697168e-01,-4.516360956448959175e-04,1.254019358946275713e-05,-2.134810420015506864e-05,5.047428190737125478e-06
9.150000000000000355e+00,3.219764622983085633e-01,-1.044566285930409802e-03,1.501494315588357666e-03,3.216936344567273287e-01,-4.398109753716077596e-04,1.227506166710925494e-05,-2.107367286839081992e-05,4.902857398597747698e-06
9.162499999999999645e+00,3.219635222747210257e-01,-1.025857390775734065e-03,1.491941018844022797e-03,3.216882100161329028e-01,-4.281222846936915999e-04,1.201333512554070271e-05,-2.080323570296860447e-05,4.760625442357821832e-06
9.175000000000000711e+00,3.219508153678619089e-01,-1.007267458318346224e-03,1.482460236180271201e-03,3.216829308297893264e-01,-4.165703519932806103e-04,1.175496431984576828e-05,-2.053674769815807863e-05,4.620711636771296278e-06
9.187500000000000000e+00,3.219383400963551356e-01,-9.887955839137990352e-04,1.473051683550762611e-03,3.216777951860427254e-01,-4.051555300085292314e-04,1.149990016240165726e-05,-2.027416469276864517e-05,4.483095865763706125e-06
9.200000000000001066e+00,3.219260949901107671e-01,-9.704408664305226367e-04,1.463715082947884653e-03,3.216728013686758758e-01,-3.938781962412825138e-04,1.124809411234554260e-05,-2.001544336564387158e-05,4.347758582674132354e-06
9.212500000000000355e+00,3.219140785902814828e-01,-9.522024081740524748e-04,1.454450162452554374e-03,3.216679476565957319e-01,-3.827387533742471356e-04,1.099949816510120382e-05,-1.976054123142138884e-05,4.214680810709874720e-06
9.224999999999999645e+00,3.219022894492199471e-01,-9.340793148105844875e-04,1.445256656285589256e-03,3.216632323235161239e-01,-3.717376296978153432e-04,1.075406484195646614e-05,-1.950941663655976483e-05,4.083844143616337078e-06
9.237500000000000711e+00,3.218907261304374545e-01,-9.160706952899048093e-04,1.436134304860719720e-03,3.216586536376348504e-01,-3.608752795467817494e-04,1.051174717968896624e-05,-1.926202875563616388e-05,3.955230746565825831e-06
9.250000000000000000e+00,3.218793872085632390e-01,-8.981756617676461872e-04,1.427082854839254594e-03,3.216542098613056622e-01,-3.501521837471441322e-04,1.027249872023649067e-05,-1.901833758791743553e-05,3.828823357268387899e-06
9.262500000000001066e+00,3.218682712693051173e-01,-8.803933295268248117e-04,1.418102059186421684e-03,3.216498992507037524e-01,-3.395688500731827426e-04,1.003627350040811229e-05,-1.877830395420745785e-05,3.704605287308003924e-06
9.275000000000000355e+00,3.218573769094105752e-01,-8.627228168987006052e-04,1.409191677229447394e-03,3.216457200554865281e-01,-3.291258137150719306e-04,9.803026041633483990e-06,-1.854188949397498763e-05,3.582560423708170702e-06
9.287499999999999645e+00,3.218467027366293531e-01,-8.451632451828624149e-04,1.400351474717371515e-03,3.216416705184474978e-01,-3.188236377571975638e-04,9.572711339745781594e-06,-1.830905666276459238e-05,3.462673230730103424e-06
9.300000000000000711e+00,3.218362473696768644e-01,-8.277137385665800677e-04,1.391581223882661349e-03,3.216377488751648306e-01,-3.086629136674429391e-04,9.345284854795536336e-06,-1.807976872989521436e-05,3.344928751907870398e-06
9.312500000000000000e+00,3.218260094381986125e-01,-8.103734240433737397e-04,1.382880703504648159e-03,3.216339533536433093e-01,-2.986442617976565062e-04,9.120702500891423345e-06,-1.785398977645004284e-05,3.229312612324326112e-06
9.325000000000001066e+00,3.218159875827353855e-01,-7.931414313307555376e-04,1.374249698974808935e-03,3.216302821739501772e-01,-2.887683318955210597e-04,8.898920636064009795e-06,-1.763168469356149936e-05,3.115811021131850363e-06
9.337500000000000355e+00,3.218061804546900606e-01,-7.760168927871788531e-04,1.365688002363961992e-03,3.216267335478443790e-01,-2.790358036281004404e-04,8.679896052149554017e-06,-1.741281918099655044e-05,3.004410774322655069e-06
9.349999999999999645e+00,3.217965867162949634e-01,-7.589989433280996478e-04,1.357195412491374884e-03,3.216233056783992517e-01,-2.694473871172636706e-04,8.463585964689112194e-06,-1.719735974604596273e-05,2.895099257752654189e-06
9.362500000000000711e+00,3.217872050405803375e-01,-7.420867203411860968e-04,1.348771734995854238e-03,3.216199967596182763e-01,-2.600038234872726998e-04,8.249948002839916863e-06,-1.698527370272314202e-05,2.787864450423956110e-06
9.375000000000000000e+00,3.217780341113441467e-01,-7.252793636006269352e-04,1.340416782408843967e-03,3.216168049760444458e-01,-2.507058854247727186e-04,8.038940199294810710e-06,-1.677652917127727227e-05,2.682694928030640972e-06
9.387500000000001066e+00,3.217690726231227094e-01,-7.085760151804887429e-04,1.332130374229560047e-03,3.216137285023616954e-01,-2.415543777514337015e-04,7.830520980205468286e-06,-1.657109507802574533e-05,2.579579866772660343e-06
9.400000000000000355e+00,3.217603192811624435e-01,-6.919758193671578369e-04,1.323912337002231031e-03,3.216107655029900592e-01,-2.325501380095408761e-04,7.624649155106136118e-06,-1.636894115551223088e-05,2.478509047443406039e-06
9.412499999999999645e+00,3.217517728013929434e-01,-6.754779225707669170e-04,1.315762504395451673e-03,3.216079141316723899e-01,-2.236940370607667309e-04,7.421283906832893697e-06,-1.617003794299518406e-05,2.379472859795844794e-06
9.425000000000000711e+00,3.217434319104007789e-01,-6.590814732356406165e-04,1.307680717283720567e-03,3.216051725310545839e-01,-2.149869796984343483e-04,7.220384781434998109e-06,-1.597435678727370594e-05,2.282462307193119193e-06
9.437500000000000000e+00,3.217352953454046816e-01,-6.427856217497071589e-04,1.299666823831193471e-03,3.216025388322571454e-01,-2.064299052735419726e-04,7.021911678073768803e-06,-1.578186984385671667e-05,2.187469011549182439e-06
9.450000000000001066e+00,3.217273618542319524e-01,-6.265895203528268950e-04,1.291720679577685899e-03,3.216000111544394247e-01,-1.980237883348259103e-04,6.825824838904385164e-06,-1.559255007848179739e-05,2.094485218565253012e-06
9.462500000000000355e+00,3.217196301952957582e-01,-6.104923230440643944e-04,1.283842147526997012e-03,3.215975876043555837e-01,-1.897696392831881322e-04,6.632084838936906372e-06,-1.540637126899131395e-05,2.003503803268533471e-06
9.474999999999999645e+00,3.217120991375738148e-01,-5.944931854878095483e-04,1.276031098237568641e-03,3.215952662759021252e-01,-1.816685050407535851e-04,6.440652575871153516e-06,-1.522330800757216857e-05,1.914518275859123029e-06
9.487500000000000711e+00,3.217047674605880703e-01,-5.785912649187714262e-04,1.268287409915554078e-03,3.215930452496572611e-01,-1.737214697348958906e-04,6.251489259901549989e-06,-1.504333570336740907e-05,1.827522787871977903e-06
9.500000000000000000e+00,3.216976339543857200e-01,-5.627857200457947982e-04,1.260610968510334114e-03,3.215909225924113990e-01,-1.659296553975334076e-04,6.064556403486959941e-06,-1.486643058546721741e-05,1.742512138660530934e-06
9.512500000000001066e+00,3.216906974195213875e-01,-5.470757109544439195e-04,1.253001667812517423e-03,3.215888963566890801e-01,-1.582942226800070963e-04,5.879815811080451914e-06,-1.469256970628720405e-05,1.659481782208829766e-06
9.525000000000000355e+00,3.216839566670405826e-01,-5.314603990083789468e-04,1.245459409554504869e-03,3.215869645802613142e-01,-1.508163715838954763e-04,5.697229568814771114e-06,-1.452173094534314590e-05,1.578427834279691296e-06
9.537499999999999645e+00,3.216774105184643240e-01,-5.159389467494266508e-04,1.237984103513634646e-03,3.215851252856493647e-01,-1.434973422080699850e-04,5.516760034137707155e-06,-1.435389301343026211e-05,1.499347079905949787e-06
9.550000000000000711e+00,3.216710578057749292e-01,-5.005105177963663481e-04,1.230575667617989782e-03,3.215833764796188210e-01,-1.363384155123599061e-04,5.338369825392909485e-06,-1.418903545721687536e-05,1.422236981232774728e-06
9.562500000000000000e+00,3.216648973714033022e-01,-4.851742767423772784e-04,1.223234028054908350e-03,3.215817161526636214e-01,-1.293409140981658723e-04,5.162021811340631237e-06,-1.402713866426180136e-05,1.347095685718862572e-06
9.575000000000001066e+00,3.216589280682174978e-01,-4.699293890510894737e-04,1.215959119382243204e-03,3.215801422784808627e-01,-1.225062030063697532e-04,4.987679100612817017e-06,-1.386818386846523113e-05,1.273922034704580092e-06
9.587500000000000355e+00,3.216531487595121752e-01,-4.547750209512604024e-04,1.208750884642453881e-03,3.215786528134351729e-01,-1.158356905329305779e-04,4.815305031097651482e-06,-1.371215315596406345e-05,1.202715572355780828e-06
9.600000000000001421e+00,3.216475583190001597e-01,-4.397103393299714598e-04,1.201609275479551030e-03,3.215772456960128145e-01,-1.093308290625089372e-04,4.644863159247201557e-06,-1.355902947148181434e-05,1.133476554991677696e-06
9.612500000000000711e+00,3.216421556308043939e-01,-4.247345116243801937e-04,1.194534252258991824e-03,3.215759188462651852e-01,-1.029931159205316454e-04,4.476317249303164127e-06,-1.340879662514504019e-05,1.066205960806104817e-06
9.625000000000000000e+00,3.216369395894521088e-01,-4.098467057119218487e-04,1.187525784190549124e-03,3.215746701652418271e-01,-9.682409424405587120e-05,4.309631262434076754e-06,-1.326143929977729094e-05,1.000905499991137563e-06
9.637500000000001066e+00,3.216319090998699393e-01,-3.950460897989785001e-04,1.180583849454241779e-03,3.215734975344119451e-01,-9.082535387185366646e-05,4.144769345778545016e-06,-1.311694305868330218e-05,9.375776252729015972e-07
9.650000000000000355e+00,3.216270630773804262e-01,-3.803318323079536516e-04,1.173708435329382221e-03,3.215723988150753221e-01,-8.499853225411276101e-05,3.981695821388032901e-06,-1.297529435393582513e-05,8.762255428693470577e-07
9.662500000000001421e+00,3.216224004476999632e-01,-3.657031017626935867e-04,1.166899538326788199e-03,3.215713718477610783e-01,-7.934531538215972588e-05,3.820375175062628063e-06,-1.283648053517802860e-05,8.168532238801043996e-07
9.675000000000000711e+00,3.216179201469385740e-01,-3.511590666722668591e-04,1.160157164324255794e-03,3.215704144516152163e-01,-7.386743873864998677e-05,3.660772045073833622e-06,-1.270048985895564210e-05,7.594654161191555179e-07
9.687500000000000000e+00,3.216136211216004681e-01,-3.366988954129987595e-04,1.153481328705325800e-03,3.215695244237758432e-01,-6.856668826863154831e-05,3.502851210766974144e-06,-1.256731149859239614e-05,7.040676564009115446e-07
9.700000000000001066e+00,3.216095023285867049e-01,-3.223217561087708422e-04,1.146872056501438029e-03,3.215686995387360692e-01,-6.344490137194485474e-05,3.346577581036917250e-06,-1.243693555462400610e-05,6.506662832911009301e-07
9.712500000000000355e+00,3.216055627351989132e-01,-3.080268165095218684e-04,1.140329382537532722e-03,3.215679375476948043e-01,-5.850396791740051155e-05,3.191916182669799698e-06,-1.230935306580578386e-05,5.992684503339174684e-07
9.725000000000001421e+00,3.216018013191448977e-01,-2.938132438678866870e-04,1.133853351581159789e-03,3.215672361778941779e-01,-5.374583127918893167e-05,3.038832148543267627e-06,-1.218455602070961488e-05,5.498821397672630121e-07
9.737500000000000711e+00,3.215982170685454666e-01,-2.796802048139788522e-04,1.127444018495194541e-03,3.215665931319443560e-01,-4.917248939600978388e-05,2.887290705678314498e-06,-1.206253736992726184e-05,5.025161767385421893e-07
9.750000000000000000e+00,3.215948089819432587e-01,-2.656268652282119200e-04,1.121101448394201975e-03,3.215660060871343706e-01,-4.478599585338044356e-05,2.737257163134376450e-06,-1.194329103889658306e-05,4.571802440334498670e-07
9.762500000000001066e+00,3.215915760683126234e-01,-2.516523901121621876e-04,1.114825716804552190e-03,3.215654726947302366e-01,-4.058846098963138778e-05,2.588696899740324332e-06,-1.182681194136895316e-05,4.138848973309804802e-07
9.775000000000000355e+00,3.215885173470716674e-01,-2.377559434574067930e-04,1.108616909828352617e-03,3.215649905792578034e-01,-3.658205302608198901e-05,2.441575351653013804e-06,-1.171309599353617683e-05,3.726415809980433519e-07
9.787500000000001421e+00,3.215856318480955212e-01,-2.239366881122683021e-04,1.102475124311267556e-03,3.215645573377726718e-01,-3.276899922190309089e-05,2.295857999734816024e-06,-1.160214012883593357e-05,3.334626444375042486e-07
9.800000000000000711e+00,3.215829186117316052e-01,-2.101937856464662711e-04,1.096400468014328443e-03,3.215641705391144578e-01,-2.915158705420330015e-05,2.151510356742044849e-06,-1.149394231345611268e-05,2.963613590041100632e-07
9.812500000000000000e+00,3.215803766888164494e-01,-1.965263962135667386e-04,1.090393059789790788e-03,3.215638277231466224e-01,-2.573216542385565100e-05,2.008497954314801391e-06,-1.138850156255824537e-05,2.613519355028727396e-07
9.825000000000001066e+00,3.215780051406941786e-01,-1.829336784112269943e-04,1.084453029761142748e-03,3.215635263999812032e-01,-2.251314588762360575e-05,1.866786329759619068e-06,-1.128581795724192810e-05,2.284495422852654141e-07
9.837500000000000355e+00,3.215758030392369959e-01,-1.694147891391640365e-04,1.078580519507343601e-03,3.215632640491875582e-01,-1.949700391713698680e-05,1.726341012615308665e-06,-1.118589266227237507e-05,1.976703239588477843e-07
9.850000000000001421e+00,3.215737694668671098e-01,-1.559688834547737007e-04,1.072775682251371271e-03,3.215630381189855114e-01,-1.668628018528245862e-05,1.587127510992117481e-06,-1.108872794459414106e-05,1.690314207264469429e-07
9.862500000000000711e+00,3.215719035165808259e-01,-1.425951144263944658e-04,1.067038683053189935e-03,3.215628460254221221e-01,-1.408358188060005980e-05,1.449111297674728265e-06,-1.099432719265538019e-05,1.425509883716716515e-07
9.875000000000000000e+00,3.215702042919744152e-01,-1.292926329841023161e-04,1.061369699007202105e-03,3.215626851515318574e-01,-1.169158405026589927e-05,1.312257795978211902e-06,-1.090269493656723009e-05,1.182482189078092134e-07
9.887500000000001066e+00,3.215686709072715366e-01,-1.160605877680280523e-04,1.055768919444304010e-03,3.215625528464799987e-01,-9.513030972277146987e-06,1.176532365346831686e-06,-1.081383686912451843e-05,9.614336190792538017e-08
9.900000000000000355e+00,3.215673024873529906e-01,-1.028981249741195165e-04,1.050236546138626692e-03,3.215624464246881753e-01,-7.550737557452984062e-06,1.041900286684564521e-06,-1.072775986771459026e-05,7.625774653437815624e-08
9.912500000000001421e+00,3.215660981677883057e-01,-8.980438819727107737e-05,1.044772793519054953e-03,3.215623631649427994e-01,-5.807590781880858791e-06,9.083267474058731877e-07,-1.064447201714202194e-05,5.861380428654641699e-08
9.925000000000000711e+00,3.215650570948690445e-01,-7.677851827180669903e-05,1.039377888885645394e-03,3.215623003094851828e-01,-4.286551150460312222e-06,7.757768261955833516e-07,-1.056398263339852052e-05,4.323509248625176959e-08
9.937500000000000000e+00,3.215641784256444424e-01,-6.381965310919875535e-05,1.034052072631017668e-03,3.215622550630828913e-01,-2.990654192194826758e-06,6.442154774652867768e-07,-1.048630228840773087e-05,3.014631852079455433e-08
9.950000000000001066e+00,3.215634613279590992e-01,-5.092692753300647563e-05,1.028795598466845625e-03,3.215622245920825018e-01,-1.923011987911266864e-06,5.136075154943701344e-07,-1.041144283577644167e-05,1.937336486429520515e-08
9.962500000000000355e+00,3.215629049804923922e-01,-3.809947311095056505e-05,1.023608733655546757e-03,3.215622060234430424e-01,-1.086814731090774494e-06,3.839175982426929203e-07,-1.033941743758450959e-05,1.094331489856852945e-08
9.975000000000001421e+00,3.215625085728003318e-01,-2.533641798404057057e-05,1.018491759247269280e-03,3.215621964437497815e-01,-4.853323225121739013e-07,2.551102108215408357e-07,-1.027024059224701706e-05,4.884479555440978932e-09
9.987500000000000711e+00,3.215622713053594706e-01,-1.263688669273339806e-05,1.013444970322308894e-03,3.215621928982073663e-01,-1.219159994277810075e-07,1.271496486096953120e-07,-1.020392816348383245e-05,1.226424803138170495e-09
1.000000000000000000e+01,3.215621923896131440e-01,-2.015714767140330568e-30,1.008468676239043489e-03,3.215621923896131440e-01,0.000000000000000000e+00,-2.529025573414295216e-31,-1.014049741043255629e-05,0.000000000000000000e+00
