eta,f,f',f'',F,F',t,t',tp
0.000000000000000000e+00,1.000000000000000000e+00,-3.705939337709057702e-01,3.220303311454711936e-01,7.870936179959345802e-01,-1.855598859351489938e-01,6.999870871542430706e-01,-1.500064564228784425e+00,2.053597452664214784e-01
4.166666666666666609e-03,9.984586506417395535e-01,-3.692545661978757776e-01,3.208668057135974361e-01,7.863218501941540151e-01,-1.848890636700946388e-01,6.937672479932586178e-01,-1.485484840133967088e+00,2.036546326671037355e-01
8.333333333333333218e-03,9.969228718938260014e-01,-3.679200378854904363e-01,3.197074835014802052e-01,7.855528724318616707e-01,-1.842206655182936914e-01,6.876078264727017997e-01,-1.471063767120072363e+00,2.019645297962051611e-01
1.250000000000000069e-02,9.953926436291157254e-01,-3.665903313519781603e-01,3.185523493290641217e-01,7.847866746268445937e-01,-1.835546827208381082e-01,6.815081656481898342e-01,-1.456799380991460335e+00,2.002892938008353496e-01
1.666666666666666644e-02,9.938679457931739458e-01,-3.652654291787035268e-01,3.174013880710889746e-01,7.840232467333189126e-01,-1.828911065504637001e-01,6.754676167015205568e-01,-1.442689745302341064e+00,1.986287833281955850e-01
2.083333333333333218e-02,9.923487584040127096e-01,-3.639453140099391804e-01,3.162545846568918795e-01,7.832625787417989427e-01,-1.822299283114358903e-01,6.694855388259749462e-01,-1.428732950913469191e+00,1.969828585079129168e-01
2.500000000000000139e-02,9.908350615518288773e-01,-3.626299685526387928e-01,3.151119240702109359e-01,7.825046606789657355e-01,-1.815711393394356665e-01,6.635612991134495209e-01,-1.414927115556730675e+00,1.953513809346092700e-01
2.916666666666667060e-02,9.893268353987431096e-01,-3.613193755762107440e-01,3.139733913489884953e-01,7.817494826075360725e-01,-1.809147310014462273e-01,6.576942724433866294e-01,-1.401270383407460018e+00,1.937342136507023971e-01
3.333333333333333287e-02,9.878240601785410746e-01,-3.600135179122928575e-01,3.128389715851762620e-01,7.809970346261329022e-01,-1.802606946956398504e-01,6.518838413734719950e-01,-1.387760924664343198e+00,1.921312211294345096e-01
3.750000000000000555e-02,9.863267161964135443e-01,-3.587123784545274141e-01,3.117086499245401154e-01,7.802473068691555547e-01,-1.796090218512653158e-01,6.461293960320653174e-01,-1.374396935136755538e+00,1.905422692581260624e-01
4.166666666666666435e-02,9.848347838286991562e-01,-3.574159401583378859e-01,3.105824115664665985e-01,7.795002895066497350e-01,-1.789597039285355518e-01,6.404303340123370658e-01,-1.361176635839389748e+00,1.889672253216504727e-01
4.583333333333333703e-02,9.833482435226273966e-01,-3.561241860407052817e-01,3.094602417637689062e-01,7.787559727441796253e-01,-1.783127324185158347e-01,6.347860602680777120e-01,-1.348098272594036473e+00,1.874059579861271363e-01
5.000000000000000278e-02,9.818670757960622497e-01,-3.548370991799464358e-01,3.083421258224949835e-01,7.780143468226992098e-01,-1.776680988430124342e-01,6.291959870111528685e-01,-1.335160115638373446e+00,1.858583372828292168e-01
5.416666666666666852e-02,9.803912612372476243e-01,-3.535546627154923516e-01,3.072280491017349568e-01,7.772754020184243773e-01,-1.770257947544613686e-01,6.236595336105726917e-01,-1.322360459241633368e+00,1.843242345923028491e-01
5.833333333333332732e-02,9.789207805045524458e-01,-3.522768598476677115e-01,3.061179970134302875e-01,7.765391286427055784e-01,-1.763858117358179378e-01,6.181761264931503463e-01,-1.309697621327011952e+00,1.828035226286950921e-01
6.250000000000000000e-02,9.774556143262183028e-01,-3.510036738374709420e-01,3.050119550221830345e-01,7.758055170419009272e-01,-1.757481414004465059e-01,6.127451990457178921e-01,-1.297169943100692668e+00,1.812960754242870787e-01
6.666666666666666574e-02,9.759957435001060944e-01,-3.497350880063551659e-01,3.039099086450660070e-01,7.750745575972495249e-01,-1.751127753920104224e-01,6.073661915188764970e-01,-1.284775788687355424e+00,1.798017683142295597e-01
7.083333333333334536e-02,9.745411488934454525e-01,-3.484710857360102110e-01,3.028118434514334711e-01,7.743462407247458934e-01,-1.744797053843629153e-01,6.020385509322501161e-01,-1.272513544772046812e+00,1.783204779214779545e-01
7.500000000000001110e-02,9.730918114425838317e-01,-3.472116504681448945e-01,3.017177450627328006e-01,7.736205568750139649e-01,-1.738489230814377617e-01,5.967617309812196513e-01,-1.260381620248292256e+00,1.768520821419236333e-01
7.916666666666667684e-02,9.716477121527365979e-01,-3.459567657042705857e-01,3.006275991523166269e-01,7.728974965331819602e-01,-1.732204202171407637e-01,5.915351919451100615e-01,-1.248378445872325271e+00,1.753964601297189618e-01
8.333333333333332871e-02,9.702088320977390046e-01,-3.447064150054850451e-01,2.995413914452553783e-01,7.721770502187583762e-01,-1.725941885552415012e-01,5.863584005968056623e-01,-1.236502473923323464e+00,1.739534922827928598e-01
8.750000000000000833e-02,9.687751524197977249e-01,-3.434605819922575964e-01,2.984591077181512064e-01,7.714592084855068643e-01,-1.719702198892653078e-01,5.812308301137685262e-01,-1.224752177869529612e+00,1.725230602285545145e-01
9.166666666666667407e-02,9.673466543292441600e-01,-3.422192503442146316e-01,2.973807337989518018e-01,7.707439619213229953e-01,-1.713485060423860229e-01,5.761519599904364464e-01,-1.213126052040153668e+00,1.711050468097821409e-01
9.583333333333333981e-02,9.659233191042885247e-01,-3.409824037999262258e-01,2.963062555667655973e-01,7.700313011481111358e-01,-1.707290388673187165e-01,5.711212759519760374e-01,-1.201622611302937571e+00,1.696993360706942067e-01
1.000000000000000056e-01,9.645051280907744884e-01,-3.397500261566930302e-01,2.952356589516768048e-01,7.693212168216609914e-01,-1.701118102462130244e-01,5.661382698693675497e-01,-1.190240390747281829e+00,1.683058132432004861e-01
1.041666666666666713e-01,9.630920627019349256e-01,-3.385221012703346632e-01,2.941689299345621178e-01,7.686136996315257042e-01,-1.694968120905468445e-01,5.612024396757981926e-01,-1.178977945372826186e+00,1.669243647333304437e-01
1.083333333333333370e-01,9.616841044181486664e-01,-3.372986130549781025e-01,2.931060545469071910e-01,7.679087403008996171e-01,-1.688840363410204215e-01,5.563132892843429822e-01,-1.167833849783378897e+00,1.655548781078362008e-01
1.125000000000000028e-01,9.602812347866979126e-01,-3.360795454828475193e-01,2.920470188706241754e-01,7.672063295864967047e-01,-1.682734749674507646e-01,5.514703285069086913e-01,-1.156806697886098689e+00,1.641972420809674482e-01
1.166666666666666546e-01,9.588834354215264311e-01,-3.348648825840542798e-01,2.909918090378699751e-01,7.665064582784297809e-01,-1.676651199686663984e-01,5.466730729744211370e-01,-1.145895102595824833e+00,1.628513465014161943e-01
1.208333333333333343e-01,9.574906880029991907e-01,-3.336546084463879458e-01,2.899404112308650028e-01,7.658091172000893732e-01,-1.670589633724027245e-01,5.419210440582338251e-01,-1.135097695544462271e+00,1.615170823394286859e-01
1.250000000000000000e-01,9.561029742776621099e-01,-3.324487072151084410e-01,2.888928116817127134e-01,7.651142972080238192e-01,-1.664549972351974383e-01,5.372137687927367455e-01,-1.124413126795325901e+00,1.601943416740818082e-01
1.291666666666666796e-01,9.547202760580031367e-01,-3.312471630927381616e-01,2.878489966722194704e-01,7.644219891918194731e-01,-1.658532136422866399e-01,5.325507797991457792e-01,-1.113840064562349630e+00,1.588830176807222994e-01
1.333333333333333315e-01,9.533425752222141059e-01,-3.300499603388553083e-01,2.868089525337155776e-01,7.637321840739812462e-01,-1.652536047075010561e-01,5.279316152104516213e-01,-1.103377194934070715e+00,1.575830046185656974e-01
1.375000000000000111e-01,9.519698537139535954e-01,-3.288570832698882729e-01,2.857726656468765336e-01,7.630448728098135902e-01,-1.646561625731628453e-01,5.233558185975089039e-01,-1.093023221602298367e+00,1.562941978184531067e-01
1.416666666666666907e-01,9.506020935421100049e-01,-3.276685162589098588e-01,2.847401224415450627e-01,7.623600463873021482e-01,-1.640608794099825130e-01,5.188229388962470878e-01,-1.082776865595382443e+00,1.550164936707636720e-01
1.458333333333333426e-01,9.492392767805665210e-01,-3.264842437354332771e-01,2.837113093965538124e-01,7.616776958269956266e-01,-1.634677474169566602e-01,5.143325303359822520e-01,-1.072636865015991869e+00,1.537497896134800701e-01
1.500000000000000222e-01,9.478813855679661948e-01,-3.253042501852080881e-01,2.826862130395487727e-01,7.609978121818883334e-01,-1.628767588212654549e-01,5.098841523688129040e-01,-1.062601974783321968e+00,1.524939841204052404e-01
1.541666666666666741e-01,9.465284021074777954e-01,-3.241285201500172519e-01,2.816648199468129721e-01,7.603203865373026060e-01,-1.622879058781711570e-01,5.054773696000806060e-01,-1.052670966379648521e+00,1.512489766895281362e-01
1.583333333333333537e-01,9.451803086665628850e-01,-3.229570382274749019e-01,2.806471167430913960e-01,7.596454100107721263e-01,-1.617011808709163667e-01,5.011117517198775406e-01,-1.042842627601146210e+00,1.500146678315360527e-01
1.625000000000000056e-01,9.438370875767437829e-01,-3.217897890708247832e-01,2.796330901014159598e-01,7.589728737519257917e-01,-1.611165761106232996e-01,4.967868734355839200e-01,-1.033115762312893038e+00,1.487909590584719777e-01
1.666666666666666574e-01,9.424987212333723052e-01,-3.206267573887392475e-01,2.786227267429314258e-01,7.583027689423714746e-01,-1.605340839361927008e-01,4.925023144054176960e-01,-1.023489190207985233e+00,1.475777528725344678e-01
1.708333333333333648e-01,9.411651920953985062e-01,-3.194679279451194120e-01,2.776160134367218757e-01,7.576350867955806700e-01,-1.599536967142038690e-01,4.882576591729788640e-01,-1.013961746570682276e+00,1.463749527550182450e-01
1.750000000000000167e-01,9.398364826851419718e-01,-3.183132855588955423e-01,2.766129369996378484e-01,7.569698185567733661e-01,-1.593754068388143486e-01,4.840524971027734269e-01,-1.004532282043515190e+00,1.451824631553934875e-01
1.791666666666666963e-01,9.385125755880620035e-01,-3.171628151038285437e-01,2.756134842961239229e-01,7.563069555028029134e-01,-1.587992067316605915e-01,4.798864223166982579e-01,-9.951996623982746204e-01,1.440001894805219007e-01
1.833333333333333481e-01,9.371934534525304672e-01,-3.160165015083118978e-01,2.746176422380472992e-01,7.556464889420426712e-01,-1.582250888417584544e-01,4.757590336314738710e-01,-9.859627683108196372e-01,1.428280380840074026e-01
1.875000000000000000e-01,9.358790989896037527e-01,-3.148743297551745424e-01,2.736253977845264918e-01,7.549884102142710995e-01,-1.576530456454045270e-01,4.716699344970059493e-01,-9.768204951396264324e-01,1.416659162556800633e-01
1.916666666666666519e-01,9.345694949727968437e-01,-3.137362848814841954e-01,2.726367379417610204e-01,7.543327106905588497e-01,-1.570830696460773779e-01,4.676187329356633615e-01,-9.677717527080151871e-01,1.405137322112107456e-01
1.958333333333333315e-01,9.332646242378576096e-01,-3.126023519783516225e-01,2.716516497628617133e-01,7.536793817731558542e-01,-1.565151533743394663e-01,4.636050414824550159e-01,-9.588154650899854969e-01,1.393713950818551151e-01
2.000000000000000111e-01,9.319644696825420960e-01,-3.114725161907356266e-01,2.706701203476811202e-01,7.530284148953781953e-01,-1.559492893877393871e-01,4.596284771260922275e-01,-9.499505703995940742e-01,1.382388149043252135e-01
2.041666666666666907e-01,9.306690142663904819e-01,-3.103467627172484256e-01,2.696921368426454801e-01,7.523798015214963053e-01,-1.553854702707141988e-01,4.556886612509212231e-01,-9.411760205838113347e-01,1.371159026107862944e-01
2.083333333333333426e-01,9.293782410105039249e-01,-3.092250768099621405e-01,2.687176864405862453e-01,7.517335331466227233e-01,-1.548236886344924734e-01,4.517852195797115167e-01,-9.324907812187933631e-01,1.360025700189779196e-01
2.125000000000000222e-01,9.280921329973222944e-01,-3.081074437742156169e-01,2.677467563805728812e-01,7.510896012966010726e-01,-1.542639371169974294e-01,4.479177821172862783e-01,-9.238938313095053090e-01,1.348987298224569031e-01
2.166666666666666741e-01,9.268106733704024602e-01,-3.069938489684222449e-01,2.667793339477461667e-01,7.504479975278947057e-01,-1.537062083827504810e-01,4.440859830949806519e-01,-9.153841630926399242e-01,1.338042955809609635e-01
2.208333333333333537e-01,9.255338453341979132e-01,-3.058842778038783905e-01,2.658154064731518273e-01,7.498087134274764587e-01,-1.531504951227752320e-01,4.402894609159146988e-01,-9.069607818427654067e-01,1.327191817108909766e-01
2.250000000000000056e-01,9.242616321538381641e-01,-3.047787157445722150e-01,2.648549613335751118e-01,7.491717406127179624e-01,-1.525967900545017464e-01,4.365278581010669789e-01,-8.986227056816505909e-01,1.316433034759104670e-01
2.291666666666666574e-01,9.229940171549103622e-01,-3.036771483069937716e-01,2.638979859513757020e-01,7.485370707312801741e-01,-1.520450859216710415e-01,4.328008212361365570e-01,-8.903689653907046475e-01,1.305765769776606466e-01
2.333333333333333648e-01,9.217309837232404712e-01,-3.025795610599451013e-01,2.629444677943233999e-01,7.479046954610036879e-01,-1.514953754942401642e-01,4.291080009191798328e-01,-8.821986042264791106e-01,1.295189191465891954e-01
2.375000000000000167e-01,9.204725153046757757e-01,-3.014859396243517731e-01,2.619943943754342031e-01,7.472746065097998214e-01,-1.509476515682874609e-01,4.254490517090100954e-01,-8.741106777391752791e-01,1.284702477328917847e-01
2.416666666666666963e-01,9.192185954048679442e-01,-3.003962696730743120e-01,2.610477532528072686e-01,7.466467956155422581e-01,-1.504019069659182362e-01,4.218236320743467549e-01,-8.661042535941028131e-01,1.274304812975640133e-01
2.458333333333333481e-01,9.179692075890573122e-01,-2.993105369307208496e-01,2.601045320294621543e-01,7.460212545459581346e-01,-1.498581345351706617e-01,4.182314043437026507e-01,-8.581784113960381211e-01,1.263995392035628107e-01
2.500000000000000000e-01,9.167243354818578327e-01,-2.982287271734604395e-01,2.591647183531767262e-01,7.453979750985207930e-01,-1.493163271499221567e-01,4.146720346559974457e-01,-8.503322425164290266e-01,1.253773416070756985e-01
2.541666666666666519e-01,9.154839627670416924e-01,-2.971508262288366509e-01,2.582282999163258985e-01,7.447769491003419784e-01,-1.487764777097960733e-01,4.111451929118847270e-01,-8.425648499233957534e-01,1.243638094488962870e-01
2.583333333333333592e-01,9.142480731873268152e-01,-2.960768199755821617e-01,2.572952644557205959e-01,7.441581684080650350e-01,-1.482385791400686326e-01,4.076505527257819894e-01,-8.348753480144781580e-01,1.233588644459046174e-01
2.625000000000000111e-01,9.130166505441632552e-01,-2.950066943434341282e-01,2.563655997524475483e-01,7.435416249077578810e-01,-1.477026243915763037e-01,4.041877913785919541e-01,-8.272628624520804719e-01,1.223624290826510336e-01
2.666666666666666630e-01,9.117896786975211443e-01,-2.939404353129496661e-01,2.554392936317094187e-01,7.429273105148067602e-01,-1.471686064406234618e-01,4.007565897711036773e-01,-8.197265300015645906e-01,1.213744266030420127e-01
2.708333333333333148e-01,9.105671415656793055e-01,-2.928780289153228300e-01,2.545163339626658749e-01,7.423152171738107707e-01,-1.466365182888903496e-01,3.973566323780630682e-01,-8.122654983719466149e-01,1.203947810021266523e-01
2.750000000000000222e-01,9.093490231250150879e-01,-2.918194612322013159e-01,2.535967086582748276e-01,7.417053368584756168e-01,-1.461063529633415126e-01,3.939876072029016019e-01,-8.048789260591487915e-01,1.194234170179824112e-01
2.791666666666667296e-01,9.081353074097937572e-01,-2.907647183955046066e-01,2.526804056751346117e-01,7.410976615715089144e-01,-1.455781035161343440e-01,3.906492057331135137e-01,-7.975659821917626680e-01,1.184602601236988823e-01
2.833333333333333814e-01,9.069259785119603290e-01,-2.897137865872425055e-01,2.517674130133263910e-01,7.404921833445153867e-01,-1.450517630245281298e-01,3.873411228962696518e-01,-7.903258463792790511e-01,1.175052365194580034e-01
2.875000000000000333e-01,9.057210205809302916e-01,-2.886666520393339486e-01,2.508577187162572830e-01,7.398888942378922806e-01,-1.445273245907934545e-01,3.840630570166589930e-01,-7.831577085627400292e-01,1.165582731247096770e-01
2.916666666666666852e-01,9.045204178233826608e-01,-2.876233010334271478e-01,2.499513108705041786e-01,7.392877863407253392e-01,-1.440047813421216627e-01,3.808147097725478880e-01,-7.760607688677724214e-01,1.156192975704413844e-01
2.958333333333333925e-01,9.033241545030529229e-01,-2.865837199007198466e-01,2.490481776056580332e-01,7.386888517706855506e-01,-1.434841264305350417e-01,3.775957861540459315e-01,-7.690342374599589137e-01,1.146882381915405591e-01
3.000000000000000444e-01,9.021322149405270885e-01,-2.855478950217805734e-01,2.481483070941685187e-01,7.380920826739253426e-01,-1.429653530327969768e-01,3.744059944215706870e-01,-7.620773344025076890e-01,1.137650240192484424e-01
3.041666666666666963e-01,9.009445835130360791e-01,-2.845158128263701736e-01,2.472516875511895085e-01,7.374974712249758868e-01,-1.424484543503226619e-01,3.712450460648996087e-01,-7.551892895161772534e-01,1.128495847737041313e-01
3.083333333333333481e-01,8.997612446542513354e-01,-2.834874597932645068e-01,2.463583072344249780e-01,7.369050096266445138e-01,-1.419334236090900314e-01,3.681126557628019991e-01,-7.483693422414207097e-01,1.119418508565778597e-01
3.125000000000000000e-01,8.985821828540812017e-01,-2.824628224500770335e-01,2.454681544439755447e-01,7.363146901099130170e-01,-1.414202540595509705e-01,3.650085413432399561e-01,-7.416167415027082876e-01,1.110417533437920018e-01
3.166666666666666519e-01,8.974073826584672009e-01,-2.814418873730828996e-01,2.445812175221854790e-01,7.357265049338350682e-01,-1.409089389765430245e-01,3.619324237441309822e-01,-7.349307455749903850e-01,1.101492239783288390e-01
3.208333333333333592e-01,8.962368286691819730e-01,-2.804246411870430222e-01,2.436974848534902982e-01,7.351404463854354088e-01,-1.403994716592011360e-01,3.588840269746618739e-01,-7.283106219522650360e-01,1.092641951631238145e-01
3.250000000000000111e-01,8.950705055436278812e-01,-2.794110705650291737e-01,2.428169448642649164e-01,7.345565067796083758e-01,-1.398918454308700765e-01,3.558630780771465107e-01,-7.217556472182110605e-01,1.083865999540432890e-01
3.291666666666666630e-01,8.939083979946356173e-01,-2.784011622282492882e-01,2.419395860226723483e-01,7.339746784590177597e-01,-1.393860536390168769e-01,3.528693070894177719e-01,-7.152651069188538102e-01,1.075163720529453970e-01
3.333333333333333148e-01,8.927504907902641396e-01,-2.773949029458739890e-01,2.410653968385129409e-01,7.333949537939957741e-01,-1.388820896551436757e-01,3.499024470077468085e-01,-7.088382954372254297e-01,1.066534458008232683e-01
3.375000000000000222e-01,8.915967687536013875e-01,-2.763922795348630612e-01,2.401943658630740774e-01,7.328173251824436907e-01,-1.383799468747009265e-01,3.469622337502792364e-01,-7.024745158699874370e-01,1.057977561710291697e-01
3.416666666666667296e-01,8.904472167625653301e-01,-2.753932788597933112e-01,2.393264816889806579e-01,7.322417850497319192e-01,-1.378796187170009124e-01,3.440484061209826416e-01,-6.961730799059805408e-01,1.049492387625788198e-01
3.458333333333333814e-01,8.893018197497059019e-01,-2.743978878326862048e-01,2.384617329500458294e-01,7.316683258486008645e-01,-1.373810986251315092e-01,3.411607057740952409e-01,-6.899333077066682751e-01,1.041078297935344593e-01
3.500000000000000333e-01,8.881605627020078275e-01,-2.734060934128369480e-01,2.376001083211223830e-01,7.310969400590618950e-01,-1.368843800658703369e-01,3.382988771790690352e-01,-6.837545277884421457e-01,1.032734660944659572e-01
3.541666666666666852e-01,8.870234306606937791e-01,-2.724178826066434578e-01,2.367415965179547610e-01,7.305276201882991982e-01,-1.363894565295990791e-01,3.354626675859999074e-01,-6.776360769067570899e-01,1.024460851019887847e-01
3.583333333333333925e-01,8.858904087210287548e-01,-2.714332424674365529e-01,2.358861862970314249e-01,7.299603587705709717e-01,-1.358963215302183836e-01,3.326518269915361703e-01,-6.715772999420643874e-01,1.016256248523778327e-01
3.625000000000000444e-01,8.847614820321246798e-01,-2.704521600953103677e-01,2.350338664554379731e-01,7.293951483671122782e-01,-1.354049686050627921e-01,3.298661081052592370e-01,-6.655775497875121571e-01,1.008120239752561403e-01
3.666666666666666963e-01,8.836366357967458951e-01,-2.694746226369534869e-01,2.341846258307105355e-01,7.288319815660371237e-01,-1.349153913148160855e-01,3.271052663165281427e-01,-6.596361872383823544e-01,1.000052216873574540e-01
3.708333333333333481e-01,8.825158552711154236e-01,-2.685006172854808026e-01,2.333384533006899186e-01,7.282708509822417575e-01,-1.344275832434269902e-01,3.243690596617814226e-01,-6.537525808832359564e-01,9.920515778636175563e-02
3.750000000000000000e-01,8.813991257647219024e-01,-2.675301312802657594e-01,2.324953377833761103e-01,7.277117492573071944e-01,-1.339415379980250786e-01,3.216572487922889634e-01,-6.479261069967361397e-01,9.841177264480271969e-02
3.791666666666666519e-01,8.802864326401272921e-01,-2.665631519067734323e-01,2.316552682367834792e-01,7.271546690594036244e-01,-1.334572492088371420e-01,3.189695969423470556e-01,-6.421561494341202492e-01,9.762500720404632126e-02
3.833333333333333037e-01,8.791777613127749191e-01,-2.655996664963939935e-01,2.308182336587963346e-01,7.265996030831939345e-01,-1.329747105291035347e-01,3.163058698979094863e-01,-6.364420995272946913e-01,9.684480296833934687e-02
3.875000000000000111e-01,8.780730972507985177e-01,-2.646396624262770669e-01,2.299842230870249860e-01,7.260465440497380074e-01,-1.324939156349953240e-01,3.136658359656487316e-01,-6.307833559825227754e-01,9.607110199892730795e-02
3.916666666666666630e-01,8.769724259748321593e-01,-2.636831271191663606e-01,2.291532255986626354e-01,7.254954847063972423e-01,-1.320148582255311898e-01,3.110492659424398121e-01,-6.251793247796803010e-01,9.530384690824050820e-02
3.958333333333333148e-01,8.758757330578204048e-01,-2.627300480432349095e-01,2.283252303103422975e-01,7.249464178267398529e-01,-1.315375320224951017e-01,3.084559330852606474e-01,-6.196294190730509133e-01,9.454298085414752917e-02
4.000000000000000222e-01,8.747830041248292332e-01,-2.617804127119213176e-01,2.275002263779946632e-01,7.243993362104459433e-01,-1.310619307703539127e-01,3.058856130815027496e-01,-6.141330590936365796e-01,9.378844753427532932e-02
4.041666666666667296e-01,8.736942248528580812e-01,-2.608342086837662777e-01,2.266782029967062406e-01,7.238542326832132501e-01,-1.305880482361755357e-01,3.033380840196860939e-01,-6.086896720529560989e-01,9.304019118039495717e-02
4.083333333333333814e-01,8.726093809706523263e-01,-2.598914235622494240e-01,2.258591494005780798e-01,7.233111000966629955e-01,-1.301158782095472866e-01,3.008131263605711703e-01,-6.032986920483089932e-01,9.229815655287210152e-02
4.125000000000000333e-01,8.715284582585156592e-01,-2.589520449956274062e-01,2.250430548625849958e-01,7.227699313282466287e-01,-1.296454145024944216e-01,2.983105229086632226e-01,-5.979595599694763619e-01,9.156228893518161827e-02
4.166666666666666852e-01,8.704514425481250095e-01,-2.580160606767720188e-01,2.242299086944353204e-01,7.222307192811519005e-01,-1.291766509493992854e-01,2.958300587841022344e-01,-5.926717234068381579e-01,9.083253412848520114e-02
4.208333333333333925e-01,8.693783197223436954e-01,-2.570834583430091080e-01,2.234197002464310688e-01,7.216934568842103825e-01,-1.287095814069202926e-01,2.933715213949326106e-01,-5.874346365608819065e-01,9.010883844627151640e-02
4.250000000000000444e-01,8.683090757150375705e-01,-2.561542257759582553e-01,2.226124189073288018e-01,7.211581370918046519e-01,-1.282441997539117418e-01,2.909347004097475042e-01,-5.822477601530785529e-01,8.939114870905774668e-02
4.291666666666666963e-01,8.672436965108903939e-01,-2.552283508013725166e-01,2.218080541042007359e-01,7.206247528837756988e-01,-1.277804998913433243e-01,2.885193877307009047e-01,-5.771105613381037891e-01,8.867941223915200288e-02
4.333333333333333481e-01,8.661821681452200883e-01,-2.543058212889793279e-01,2.210065953022966045e-01,7.200932972653315556e-01,-1.273184757422205493e-01,2.861253774668836569e-01,-5.720225136173817670e-01,8.797357685547561867e-02
4.375000000000000000e-01,8.651244767037962191e-01,-2.533866251523215207e-01,2.202080320049057960e-01,7.195637632669551476e-01,-1.268581212515048906e-01,2.837524659080562506e-01,-5.669830967539298827e-01,8.727359086844478642e-02
4.416666666666666519e-01,8.640706083226574741e-01,-2.524707503485993931e-01,2.194123537532201296e-01,7.190361439443130331e-01,-1.263994303860346280e-01,2.814004514987341610e-01,-5.619917966884825367e-01,8.657940307491054921e-02
4.458333333333333037e-01,8.630205491879303636e-01,-2.515581848785126140e-01,2.186195501261971597e-01,7.185104323781645874e-01,-1.259423971344456605e-01,2.790691348126199123e-01,-5.570481054568714452e-01,8.589096275315659390e-02
4.500000000000000111e-01,8.619742855356478106e-01,-2.506489167861037370e-01,2.178296107404237292e-01,7.179866216742712970e-01,-1.254870155070929860e-01,2.767583185273767010e-01,-5.521515211086446273e-01,8.520821965795392916e-02
4.541666666666666630e-01,8.609318036515696271e-01,-2.497429341586010765e-01,2.170425252499803559e-01,7.174647049633063878e-01,-1.250332795359720695e-01,2.744678073997388057e-01,-5.473015476268999757e-01,8.453112401567197676e-02
4.583333333333333148e-01,8.598930898710019921e-01,-2.488402251262633036e-01,2.162582833463058685e-01,7.169446754007647860e-01,-1.245811832746406694e-01,2.721974082409532869e-01,-5.424976948493166473e-01,8.385962651944497970e-02
4.625000000000000222e-01,8.588581305786194831e-01,-2.479407778622236824e-01,2.154768747580625421e-01,7.164265261668734119e-01,-1.241307207981410532e-01,2.699469298925484817e-01,-5.377394783903612918e-01,8.319367832439350519e-02
4.666666666666667296e-01,8.578269122082857745e-01,-2.470445805823354712e-01,2.146982892510019003e-01,7.159102504665019184e-01,-1.236818862029223226e-01,2.677161832024240185e-01,-5.330264195646529091e-01,8.253323104289989054e-02
4.708333333333333814e-01,8.567994212428766687e-01,-2.461516215450176015e-01,2.139225166278307388e-01,7.153958415290737616e-01,-1.232346736067630455e-01,2.655049810012579115e-01,-5.283580453114650188e-01,8.187823673993729900e-02
4.750000000000000333e-01,8.557756442141027931e-01,-2.452618890511009397e-01,2.131495467280778711e-01,7.148832926084772721e-01,-1.227890771486942756e-01,2.633131380792258502e-01,-5.237338881203468244e-01,8.122864792845144177e-02
4.791666666666666852e-01,8.547555677023330745e-01,-2.443753714436751601e-01,2.123793694279611788e-01,7.143725969829771705e-01,-1.223450909889227389e-01,2.611404711630280762e-01,-5.191534859578462724e-01,8.058441756479452212e-02
4.833333333333333925e-01,8.537391783364194353e-01,-2.434920571079361162e-01,2.116119746402552737e-01,7.138637479551268594e-01,-1.219027093087543118e-01,2.589867988932191833e-01,-5.146163821953151363e-01,7.994549904421058284e-02
4.875000000000000444e-01,8.527264627935210450e-01,-2.426119344710339909e-01,2.108473523141595751e-01,7.133567388516804941e-01,-1.214619263105178870e-01,2.568519418018369582e-01,-5.101221255377801356e-01,7.931184619637177136e-02
4.916666666666666963e-01,8.517174077989302372e-01,-2.417349920019214726e-01,2.100854924351667763e-01,7.128515630235053857e-01,-1.210227362174893517e-01,2.547357222903249285e-01,-5.056702699538612178e-01,7.868341328096459253e-02
4.958333333333333481e-01,8.507120001258985376e-01,-2.408612182112030708e-01,2.093263850249319769e-01,7.123482138454951818e-01,-1.205851332738159115e-01,2.526379646077448471e-01,-5.012603746067207933e-01,7.806015498332599667e-02
5.000000000000000000e-01,8.497102265954635802e-01,-2.399906016509846252e-01,2.085700201411421761e-01,7.118466847164827138e-01,-1.201491117444407619e-01,2.505584948292750025e-01,-4.968920037860273808e-01,7.744202641012812305e-02
5.041666666666667629e-01,8.487120740762760240e-01,-2.391231309147233419e-01,2.078163878773861550e-01,7.113469690591538441e-01,-1.197146659150278847e-01,2.484971408349896937e-01,-4.925647268409157897e-01,7.682898308511160179e-02
5.083333333333334147e-01,8.477175294844284670e-01,-2.382587946370787468e-01,2.070654783630249685e-01,7.108490603199610902e-01,-1.192817900918872881e-01,2.464537322889162330e-01,-4.882781181139297377e-01,7.622098094486644271e-02
5.125000000000000666e-01,8.467265797832829177e-01,-2.373975814937635265e-01,2.063172817630629374e-01,7.103529519690376937e-01,-1.188504786019003168e-01,2.444281006183648408e-01,-4.840317568759284761e-01,7.561797633466006696e-02
5.166666666666667185e-01,8.457392119833009314e-01,-2.365394802013956466e-01,2.055717882780188077e-01,7.098586375001123550e-01,-1.184207257924454054e-01,2.424200789935279932e-01,-4.798252272619446535e-01,7.501992600431189873e-02
5.208333333333333703e-01,8.447554131418731904e-01,-2.356844795173503870e-01,2.048289881437978244e-01,7.093661104304236353e-01,-1.179925260313240132e-01,2.404295023073450832e-01,-4.756581182079753223e-01,7.442678710411400334e-02
5.250000000000000222e-01,8.437751703631498623e-01,-2.348325682396132930e-01,2.040888716315638340e-01,7.088753643006351357e-01,-1.175658737066868492e-01,2.384562071556284857e-01,-4.715300233886930981e-01,7.383851718079692539e-02
5.291666666666666741e-01,8.427984707978721790e-01,-2.339837352066334586e-01,2.033514290476122199e-01,7.083863926747511197e-01,-1.171407632269603621e-01,2.365000318174472482e-01,-4.674405411560616508e-01,7.325507417354061579e-02
5.333333333333333259e-01,8.418253016432032387e-01,-2.331379692971774498e-01,2.026166507332428923e-01,7.078991891400318037e-01,-1.167171890207735069e-01,2.345608162357647464e-01,-4.633892744788407070e-01,7.267641641002939301e-02
5.374999999999999778e-01,8.408556501425612506e-01,-2.322952594301837814e-01,2.018845270646341949e-01,7.074137473069093129e-01,-1.162951455368847337e-01,2.326384019983264995e-01,-4.593758308829674619e-01,7.210250260255077204e-02
5.416666666666666297e-01,8.398895035854520019e-01,-2.314555945646176727e-01,2.011550484527168670e-01,7.069300608089045257e-01,-1.158746272441092684e-01,2.307326323187946227e-01,-4.553998223927992473e-01,7.153329184413753650e-02
5.458333333333333925e-01,8.389268493073024358e-01,-2.306189636993266623e-01,2.004282053430487265e-01,7.064481233025430296e-01,-1.154556286312466845e-01,2.288433520181254455e-01,-4.514608654732039095e-01,7.096874360475224908e-02
5.500000000000000444e-01,8.379676746892947836e-01,-2.297853558728965850e-01,1.997039882156896040e-01,7.059679284672721877e-01,-1.150381442070087246e-01,2.269704075061865500e-01,-4.475585809724852426e-01,7.040881772751422796e-02
5.541666666666666963e-01,8.370119671582013643e-01,-2.289547601635079643e-01,1.989823875850769697e-01,7.054894700053785384e-01,-1.146221684999473162e-01,2.251136467636097871e-01,-4.436925940661279877e-01,6.985347442496782355e-02
5.583333333333333481e-01,8.360597141862197157e-01,-2.281271656887931543e-01,1.982633939999016992e-01,7.050127416419050830e-01,-1.142076960583829348e-01,2.232729193238773280e-01,-4.398625342013524064e-01,6.930267427539196778e-02
5.625000000000000000e-01,8.351109032908086149e-01,-2.273025616056937315e-01,1.975469980429845340e-01,7.045377371245689080e-01,-1.137947214503331472e-01,2.214480762556368387e-01,-4.360680350424626095e-01,6.875637821915038528e-02
5.666666666666667629e-01,8.341655220345248756e-01,-2.264809371103187197e-01,1.968331903311529019e-01,7.040644502236795832e-01,-1.133832392634415154e-01,2.196389701452426679e-01,-4.323087344169779245e-01,6.821454755508173096e-02
5.708333333333334147e-01,8.332235580248598117e-01,-2.256622814378030084e-01,1.961219615151182649e-01,7.035928747320574494e-01,-1.129732441049066810e-01,2.178454550795203559e-01,-4.285842742625345370e-01,6.767714393692955688e-02
5.750000000000000666e-01,8.322849989140774785e-01,-2.248465838621665214e-01,1.954133022793536623e-01,7.031230044649522393e-01,-1.125647306014116861e-01,2.160673866287499967e-01,-4.248943005745438595e-01,6.714412936981122015e-02
5.791666666666667185e-01,8.313498323990528016e-01,-2.240338336961737176e-01,1.947072033419719739e-01,7.026548332599619195e-01,-1.121576933990535985e-01,2.143046218298668704e-01,-4.212384633545979695e-01,6.661546620672562091e-02
5.833333333333333703e-01,8.304180462211102620e-01,-2.232240202911936755e-01,1.940036554546044900e-01,7.021883549769520894e-01,-1.117521271632734015e-01,2.125570191698752387e-01,-4.176164165596081834e-01,6.609111714509900704e-02
5.875000000000000222e-01,8.294896281658633574e-01,-2.224171330370608157e-01,1.933026494022799802e-01,7.017235634979755998e-01,-1.113480265787861190e-01,2.108244385694723888e-01,-4.140278180516668294e-01,6.557104522336858199e-02
5.916666666666666741e-01,8.285645660630549525e-01,-2.216131613619358454e-01,1.926041760033040395e-01,7.012604527271921739e-01,-1.109453863495111214e-01,2.091067413668804276e-01,-4.104723295486194523e-01,6.505521381760334676e-02
5.958333333333333259e-01,8.276428477863975175e-01,-2.208120947321673966e-01,1.919082261091391572e-01,7.007990165907888036e-01,-1.105442011985028478e-01,2.074037903018823292e-01,-4.069496165753374584e-01,6.454358663816180119e-02
6.000000000000000888e-01,8.267244612534144776e-01,-2.200139226521541924e-01,1.912147906042848122e-01,7.003392490368997025e-01,-1.101444658678815552e-01,2.057154495000595718e-01,-4.034593484156794307e-01,6.403612772638589412e-02
6.041666666666667407e-01,8.258093944252816732e-01,-2.192186346642075734e-01,1.905238604061585683e-01,6.998811440355275915e-01,-1.097461751187646106e-01,2.040415844572288362e-01,-4.000011980651307919e-01,6.353280145133119450e-02
6.083333333333333925e-01,8.248976353066702627e-01,-2.184262203484145792e-01,1.898354264649769196e-01,6.994246955784644282e-01,-1.093493237311976840e-01,2.023820620240741053e-01,-3.965748421841106541e-01,6.303357250653214561e-02
6.125000000000000444e-01,8.239891719455889607e-01,-2.176366693225015303e-01,1.891494797636371628e-01,6.989698976792125817e-01,-1.089539065040864979e-01,2.007367503909724404e-01,-3.931799610519362553e-01,6.253840590680279088e-02
6.166666666666666963e-01,8.230839924332278290e-01,-2.168499712416982195e-01,1.884660113175993246e-01,6.985167443729063397e-01,-1.085599182551286040e-01,1.991055190730098845e-01,-3.898162385214337111e-01,6.204726698507190275e-02
6.208333333333333481e-01,8.221820849038022905e-01,-2.160661157986022984e-01,1.877850121747686174e-01,6.980652297162339703e-01,-1.081673538207456042e-01,1.974882388951854084e-01,-3.864833619741860904e-01,6.156012138925245208e-02
6.250000000000000000e-01,8.212834375343978088e-01,-2.152850927230444689e-01,1.871064734153784492e-01,6.976153477873600073e-01,-1.077762080560153712e-01,1.958847819777998767e-01,-3.831810222764080454e-01,6.107693507914489089e-02
6.291666666666667629e-01,8.203880385448145685e-01,-2.145068917819539234e-01,1.864303861518736560e-01,6.971670926858469786e-01,-1.073864758346047693e-01,1.942950217220275055e-01,-3.799089137354375589e-01,6.059767432337379717e-02
6.333333333333334147e-01,8.194958761974137085e-01,-2.137315027792245359e-01,1.857567415287942336e-01,6.967204585325789123e-01,-1.069981520487024718e-01,1.927188327956676772e-01,-3.766667340568355948e-01,6.012230569635767380e-02
6.375000000000000666e-01,8.186069387969633349e-01,-2.129589155555811908e-01,1.850855307226595692e-01,6.962754394696836213e-01,-1.066112316089519868e-01,1.911560911190736678e-01,-3.734541843020832697e-01,5.965079607531118683e-02
6.416666666666667185e-01,8.177212146904851986e-01,-2.121891199884468338e-01,1.844167449418529503e-01,6.958320296604565414e-01,-1.062257094443850719e-01,1.896066738512570404e-01,-3.702709688468687754e-01,5.918311263727982219e-02
6.458333333333333703e-01,8.168386922671027062e-01,-2.114221059918099943e-01,1.837503754265065459e-01,6.953902232892835711e-01,-1.058415805023552453e-01,1.880704593761642063e-01,-3.671167953399535056e-01,5.871922285620626708e-02
6.500000000000000222e-01,8.159593599578877088e-01,-2.106578635160927249e-01,1.830864134483868866e-01,6.949500145615654656e-01,-1.054588397484716306e-01,1.865473272891233492e-01,-3.639913746626091684e-01,5.825909450002835638e-02
6.541666666666666741e-01,8.150832062357100671e-01,-2.098963825480189838e-01,1.824248503107806230e-01,6.945113977036418973e-01,-1.050774821665329817e-01,1.850371583834591604e-01,-3.608944208886175065e-01,5.780269562780803588e-02
6.583333333333333259e-01,8.142102196150861060e-01,-2.091376531104835734e-01,1.817656773483807831e-01,6.940743669627150725e-01,-1.046975027584620410e-01,1.835398346372731360e-01,-3.578256512448226290e-01,5.734999458689113427e-02
6.625000000000000888e-01,8.133403886520282899e-01,-2.083816652624214949e-01,1.811088859271733909e-01,6.936389166067753465e-01,-1.043188965442399113e-01,1.820552392003869369e-01,-3.547847860722291302e-01,5.690096001009744414e-02
6.666666666666666297e-01,8.124737019438953434e-01,-2.076284090986778852e-01,1.804544674443246399e-01,6.932050409245255063e-01,-1.039416585618410244e-01,1.805832563814470382e-01,-3.517715487876366676e-01,5.645556081294089701e-02
6.708333333333333925e-01,8.116101481292428144e-01,-2.068778747498780934e-01,1.798024133280680670e-01,6.927727342253058307e-01,-1.035657838671679570e-01,1.791237716351875842e-01,-3.487856658458018400e-01,5.601376619087918701e-02
6.750000000000000444e-01,8.107497158876744159e-01,-2.061300523822988395e-01,1.791527150375927246e-01,6.923419908390202604e-01,-1.031912675339867608e-01,1.776766715498505345e-01,-3.458268667021227594e-01,5.557554561659303755e-02
6.791666666666666963e-01,8.098923939396937000e-01,-2.053849321977390951e-01,1.785053640629312988e-01,6.919128051160611248e-01,-1.028181046538624160e-01,1.762418438347596039e-01,-3.428948837758336587e-01,5.514086883729407695e-02
6.833333333333332371e-01,8.090381710465561760e-01,-2.046425044333920751e-01,1.778603519248487808e-01,6.914851714272358674e-01,-1.024462903360945087e-01,1.748191773080468581e-01,-3.399894524137055396e-01,5.470970587206155228e-02
6.875000000000000000e-01,8.081870360101220951e-01,-2.039027593617171730e-01,1.772176701747315009e-01,6.910590841636927717e-01,-1.020758197076531565e-01,1.734085618845292165e-01,-3.371103108542427007e-01,5.428202700920720797e-02
6.916666666666667629e-01,8.073389776727101230e-01,-2.031656872903128963e-01,1.765773103944767719e-01,6.906345377368481309e-01,-1.017066879131152402e-01,1.720098885637336150e-01,-3.342572001923704295e-01,5.385780280366826711e-02
6.958333333333334147e-01,8.064939849169507902e-01,-2.024312785617897181e-01,1.759392641963826165e-01,6.902115265783123066e-01,-1.013388901146007048e-01,1.706230494180678015e-01,-3.314298643446025316e-01,5.343700407442783518e-02
7.000000000000000666e-01,8.056520466656411639e-01,-2.016995235536437336e-01,1.753035232230379659e-01,6.897900451398168986e-01,-1.009724214917092494e-01,1.692479375811353770e-01,-3.286280500146848693e-01,5.301960190196271239e-02
7.041666666666667185e-01,8.048131518815994090e-01,-2.009704126781307054e-01,1.746700791472135528e-01,6.893700878931425802e-01,-1.006072772414571548e-01,1.678844472361932239e-01,-3.258515066597059140e-01,5.260556762571819145e-02
7.083333333333333703e-01,8.039772895675205699e-01,-2.002439363821404139e-01,1.740389236717527210e-01,6.889516493300460453e-01,-1.002434525782143343e-01,1.665324736047489596e-01,-3.230999864566681534e-01,5.219487284160947288e-02
7.125000000000000222e-01,8.031444487658322418e-01,-1.995200851470717573e-01,1.734100485294630956e-01,6.885347239621880666e-01,-9.988094273364170328e-02,1.651919129352969751e-01,-3.203732442695125804e-01,5.178748939954950364e-02
7.166666666666667851e-01,8.023146185585514623e-01,-1.987988494887079349e-01,1.727834454830081967e-01,6.881193063210617744e-01,-9.951974295662868730e-02,1.638626624921905583e-01,-3.176710376165898242e-01,5.138338940100273949e-02
7.208333333333333259e-01,8.014877880671411603e-01,-1.980802199570925182e-01,1.721591063247999154e-01,6.877053909579204927e-01,-9.915984851323098037e-02,1.625446205446490766e-01,-3.149931266385721518e-01,5.098254519656483102e-02
7.250000000000000888e-01,8.006639464523680472e-01,-1.973641871364053557e-01,1.715370228768909322e-01,6.872929724437069066e-01,-9.880125468660848342e-02,1.612376863558974416e-01,-3.123392740667970124e-01,5.058492938356749791e-02
7.291666666666666297e-01,7.998430829141603970e-01,-1.966507416448397272e-01,1.709171869908678587e-01,6.868820453689816752e-01,-9.844395677696361757e-02,1.599417601724373583e-01,-3.097092451920398504e-01,5.019051480370887580e-02
7.333333333333333925e-01,7.990251866914669376e-01,-1.959398741344791361e-01,1.702995905477444893e-01,6.864726043438524883e-01,-9.808795010147965121e-02,1.586567432134466660e-01,-3.071028078337049716e-01,4.979927454070838533e-02
7.375000000000000444e-01,7.982102470621152968e-01,-1.952315752911751578e-01,1.696842254578557752e-01,6.860646439979033451e-01,-9.773322999425941571e-02,1.573825376603075477e-01,-3.045197323094328001e-01,4.941118191798644921e-02
7.416666666666666963e-01,7.973982533426721142e-01,-1.945258358344253702e-01,1.690710836607517975e-01,6.856581589801246102e-01,-9.737979180626417375e-02,1.561190466462592519e-01,-3.019597914051134757e-01,4.902621049636830819e-02
7.458333333333332371e-01,7.965891948883031537e-01,-1.938226465172519231e-01,1.684601571250924357e-01,6.852531439588424034e-01,-9.702763090525269585e-02,1.548661742461759083e-01,-2.994227603453036290e-01,4.864433407181193575e-02
7.500000000000000000e-01,7.957830610926330817e-01,-1.931219981260803020e-01,1.678514378485421177e-01,6.848495936216492108e-01,-9.667674267572055891e-02,1.536238254664659686e-01,-2.969084167640377858e-01,4.826552667315962136e-02
7.541666666666667629e-01,7.949798413876075776e-01,-1.924238814806189246e-01,1.672449178576654594e-01,6.844475026753337188e-01,-9.632712251883976395e-02,1.523919062350932441e-01,-2.944165406760317905e-01,4.788976255991309744e-02
7.583333333333334147e-01,7.941795252433540009e-01,-1.917282874337388476e-01,1.666405892078225426e-01,6.840468658458119799e-01,-9.597876585239843716e-02,1.511703233917165157e-01,-2.919469144482688128e-01,4.751701622003176584e-02
7.625000000000000666e-01,7.933821021680442787e-01,-1.910352068713538909e-01,1.660384439830652203e-01,6.836476778780580243e-01,-9.563166811074073903e-02,1.499589846779469104e-01,-2.894993227719643847e-01,4.714726236775383661e-02
7.666666666666667185e-01,7.925875617077566826e-01,-1.903446307123014547e-01,1.654384742960335053e-01,6.832499335360350257e-01,-9.528582474470716213e-02,1.487577987277214076e-01,-2.870735526349052491e-01,4.678047594144020549e-02
7.708333333333333703e-01,7.917958934463394938e-01,-1.896565499082235318e-01,1.648406722878523190e-01,6.828536276026268004e-01,-9.494123122157489825e-02,1.475666750577909192e-01,-2.846693932941548044e-01,4.641663210144067464e-02
7.750000000000000222e-01,7.910070870052743341e-01,-1.889709554434482741e-01,1.642450301280286851e-01,6.824587548795693071e-01,-9.459788302499842760e-02,1.463855240583209760e-01,-2.822866362491212588e-01,4.605570622798227376e-02
7.791666666666667851e-01,7.902211320435401642e-01,-1.882878383348719209e-01,1.636515400143493115e-01,6.820653101873825896e-01,-9.425577565495037169e-02,1.452142569836042396e-01,-2.799250752149820554e-01,4.569767391907956361e-02
7.833333333333333259e-01,7.894380182574779470e-01,-1.876071896318412813e-01,1.630601941727785054e-01,6.816732883653029429e-01,-9.391490462766258207e-02,1.440527859428829827e-01,-2.775845060964605149e-01,4.534251098846652644e-02
7.875000000000000888e-01,7.886577353806555335e-01,-1.869290004160363006e-01,1.624709848573563653e-01,6.812826842712151887e-01,-9.357526547556731245e-02,1.429010238912796771e-01,-2.752647269619477033e-01,4.499019346354974497e-02
7.916666666666666297e-01,7.878802731837334372e-01,-1.862532618013535979e-01,1.618839043500975849e-01,6.808934927815856186e-01,-9.323685374723877928e-02,1.417588846208355235e-01,-2.729655380179673019e-01,4.464069758338298777e-02
7.958333333333333925e-01,7.871056214743307189e-01,-1.855799649337898094e-01,1.612989449608902559e-01,6.805057087913941594e-01,-9.289966500733477794e-02,1.406262827516535918e-01,-2.706867415839747659e-01,4.429399979666237552e-02
8.000000000000000444e-01,7.863337700968910937e-01,-1.849091009913259587e-01,1.607160990273955314e-01,6.801193272140683144e-01,-9.256369483653867358e-02,1.395031337231474877e-01,-2.684281420674897722e-01,4.395007675974253042e-02
8.041666666666666963e-01,7.855647089325507038e-01,-1.842406611838116604e-01,1.601353589149471512e-01,6.797343429814158844e-01,-9.222893883150139194e-02,1.383893537853917721e-01,-2.661895459395539065e-01,4.360890533467287611e-02
8.083333333333332371e-01,7.847984278990048912e-01,-1.835746367528502954e-01,1.595567170164515491e-01,6.793507510435590202e-01,-9.189539260478379878e-02,1.372848599905749645e-01,-2.639707617105106485e-01,4.327046258725435884e-02
8.125000000000000000e-01,7.840349169503763038e-01,-1.829110189716840196e-01,1.589801657522884604e-01,6.789685463688676093e-01,-9.156305178479919038e-02,1.361895701845519113e-01,-2.617715999061022147e-01,4.293472578511599302e-02
8.166666666666667629e-01,7.832741660770834446e-01,-1.822497991450798549e-01,1.584056975702116399e-01,6.785877239438936614e-01,-9.123191201575607534e-02,1.351034029984960472e-01,-2.595918730438796507e-01,4.260167239581128668e-02
8.208333333333334147e-01,7.825161653057096656e-01,-1.815909686092156139e-01,1.578333049452500525e-01,6.782082787733053619e-01,-9.090196895760106754e-02,1.340262778406484390e-01,-2.574313956099199552e-01,4.227128008493408889e-02
8.250000000000000666e-01,7.817609046988720500e-01,-1.809345187315664072e-01,1.572629803796094516e-01,6.778302058798221230e-01,-9.057321828596205660e-02,1.329581148881636976e-01,-2.552899840358470729e-01,4.194352671425373436e-02
8.291666666666667185e-01,7.810083743550917390e-01,-1.802804409107918171e-01,1.566947164025742079e-01,6.774535003041486370e-01,-9.024565569209148930e-02,1.318988350790508690e-01,-2.531674566761521472e-01,4.161839033986936692e-02
8.333333333333333703e-01,7.802585644086637018e-01,-1.796287265766230712e-01,1.561285055704096647e-01,6.770781571049103720e-01,-8.991927688281003972e-02,1.308483601042081668e-01,-2.510636337858086486e-01,4.129584921038307460e-02
8.375000000000000222e-01,7.795114650295281722e-01,-1.789793671897510208e-01,1.555643404662645779e-01,6.767041713585887353e-01,-8.959407758045025150e-02,1.298066123995505750e-01,-2.489783374981775210e-01,4.097588176509168317e-02
8.416666666666667851e-01,7.787670664231413076e-01,-1.783323542417141472e-01,1.550022137000741929e-01,6.763315381594564579e-01,-8.927005352280056871e-02,1.287735151382286281e-01,-2.469113918031994037e-01,4.065846663219700730e-02
8.458333333333333259e-01,7.780253588303474022e-01,-1.776876792547872619e-01,1.544421179084635720e-01,6.759602526195136463e-01,-8.894720046304949168e-02,1.277489922229377017e-01,-2.448626225258687672e-01,4.034358262703437864e-02
8.500000000000000888e-01,7.772863325272504342e-01,-1.770453337818704287e-01,1.538840457546510609e-01,6.755903098684230557e-01,-8.862551416972988538e-02,1.267329682783161771e-01,-2.428318573049856877e-01,4.003120875031913189e-02
8.541666666666666297e-01,7.765499778250871676e-01,-1.764053094063784966e-01,1.533279899283525594e-01,6.752217050534469189e-01,-8.830499042666364873e-02,1.257253686434319506e-01,-2.408189255721832345e-01,3.972132418641105556e-02
8.583333333333333925e-01,7.758162850701001423e-01,-1.757675977421306324e-01,1.527739431456855423e-01,6.748544333393832195e-01,-8.798562503290634218e-02,1.247261193643551397e-01,-2.388236585312234761e-01,3.941390830159630793e-02
8.625000000000000444e-01,7.750852446434109977e-01,-1.751321904332408808e-01,1.522218981490740253e-01,6.744884899085019647e-01,-8.766741380269228723e-02,1.237351471868173430e-01,-2.368458891375613273e-01,3.910894064238699952e-02
8.666666666666666963e-01,7.743568469608947957e-01,-1.744990791540083630e-01,1.516718477071535010e-01,6.741238699604826801e-01,-8.735035256537965198e-02,1.227523795489546959e-01,-2.348854520781700206e-01,3.880640093383778272e-02
8.708333333333332371e-01,7.736310824730542324e-01,-1.738682556088085585e-01,1.511237846146762098e-01,6.737605687123506826e-01,-8.703443716539584207e-02,1.217777445741349274e-01,-2.329421837516259530e-01,3.850626907787967762e-02
8.750000000000000000e-01,7.729079416648947376e-01,-1.732397115319844749e-01,1.505777016924170209e-01,6.733985813984152413e-01,-8.671966346218300259e-02,1.208111710638666014e-01,-2.310159222484484132e-01,3.820852515167066921e-02
8.791666666666667629e-01,7.721874150557996863e-01,-1.726134386877385962e-01,1.500335917870793678e-01,6.730379032702067388e-01,-8.640602733014390857e-02,1.198525884907901268e-01,-2.291065073316914114e-01,3.791314940596302724e-02
8.833333333333334147e-01,7.714694931994062754e-01,-1.719894288700249407e-01,1.494914477712017686e-01,6.726785295964142763e-01,-8.609352465858777226e-02,1.189019269917486743e-01,-2.272137804177828402e-01,3.762012226348712685e-02
8.875000000000000666e-01,7.707541666834816230e-01,-1.713676739024415641e-01,1.489512625430643999e-01,6.723204556628239459e-01,-8.578215135167646666e-02,1.179591173609385868e-01,-2.253375845576083003e-01,3.732942431735149919e-02
8.916666666666667185e-01,7.700414261297997554e-01,-1.707481656381235613e-01,1.484130290265962548e-01,6.719636767722572124e-01,-8.547190332837081850e-02,1.170240910431382675e-01,-2.234777644178362332e-01,3.704103632945911218e-02
8.958333333333333703e-01,7.693312621940185947e-01,-1.701308959596364578e-01,1.478767401712826057e-01,6.716081882445088524e-01,-8.516277652237722040e-02,1.160967801270141042e-01,-2.216341662624803366e-01,3.675493922893954823e-02
9.000000000000000222e-01,7.686236655655576122e-01,-1.695158567788697668e-01,1.473423889520725505e-01,6.712539854162858921e-01,-8.485476688209427076e-02,1.151771173385029851e-01,-2.198066379346963750e-01,3.647111411059698188e-02
9.041666666666667851e-01,7.679186269674758147e-01,-1.689030400369311569e-01,1.468099683692873358e-01,6.709010636411466555e-01,-8.454787037055977450e-02,1.142650360342699623e-01,-2.179950288388098067e-01,3.618954223337374210e-02
9.083333333333333259e-01,7.672161371563500643e-01,-1.682924377040410091e-01,1.462794714485285696e-01,6.705494182894399247e-01,-8.424208296539781315e-02,1.133604701952405924e-01,-2.161991899225714497e-01,3.591020501882933452e-02
9.125000000000000888e-01,7.665161869221545077e-01,-1.676840417794270843e-01,1.457508912405869883e-01,6.701990447482435442e-01,-8.393740065876600931e-02,1.124633544202062602e-01,-2.144189736596369134e-01,3.563308404963462517e-02
9.166666666666666297e-01,7.658187670881393405e-01,-1.670778442912199402e-01,1.452242208213516128e-01,6.698499384213049135e-01,-8.363381945730312406e-02,1.115736239195027624e-01,-2.126542340322684910e-01,3.535816106808131049e-02
9.208333333333333925e-01,7.651238685107107917e-01,-1.664738372963483759e-01,1.446994532917190157e-01,6.695020947289803681e-01,-8.333133538207664059e-02,1.106912145087597110e-01,-2.109048265142540457e-01,3.508541797460607015e-02
9.250000000000000444e-01,7.644314820793117748e-01,-1.658720128804356264e-01,1.441765817775031433e-01,6.691555091081750062e-01,-8.302994446853072252e-02,1.098160626027213926e-01,-2.091706080540421953e-01,3.481483682632972171e-02
9.291666666666666963e-01,7.637415987163016506e-01,-1.652723631576955288e-01,1.436555994293452487e-01,6.688101770122830692e-01,-8.272964276643417214e-02,1.089481052091368640e-01,-2.074514370580889389e-01,3.454639983561078737e-02
9.333333333333332371e-01,7.630542093768383216e-01,-1.646748802708294102e-01,1.431364994226244081e-01,6.684660939111284339e-01,-8.243042633982879119e-02,1.080872799227194370e-01,-2.057471733744137832e-01,3.428008936861361849e-02
9.375000000000000000e-01,7.623693050487589939e-01,-1.640795563909230592e-01,1.426192749573679808e-01,6.681232552909051048e-01,-8.213229126697771387e-02,1.072335249191738449e-01,-2.040576782763620645e-01,3.401588794389072412e-02
9.416666666666667629e-01,7.616868767524623829e-01,-1.634863837173443357e-01,1.421039192581628752e-01,6.677816566541180388e-01,-8.183523364031412839e-02,1.063867789492911053e-01,-2.023828144465711076e-01,3.375377823097931718e-02
9.458333333333334147e-01,7.610069155407912511e-01,-1.628953544776410023e-01,1.415904255740668138e-01,6.674412935195245256e-01,-8.153924956639001242e-02,1.055469813331094131e-01,-2.007224459611363920e-01,3.349374304901178712e-02
9.500000000000000666e-01,7.603294124989148361e-01,-1.623064609274388614e-01,1.410787871785197933e-01,6.671021614220749019e-01,-8.124433516582513226e-02,1.047140719541406473e-01,-1.990764382739758642e-01,3.323576536533991849e-02
9.541666666666667185e-01,7.596543587442126100e-01,-1.617196953503404477e-01,1.405689973692563211e-01,6.667642559128545976e-01,-8.095048657325626396e-02,1.038879912536617850e-01,-1.974446582013893448e-01,3.297982829417294565e-02
9.583333333333333703e-01,7.589817454261572616e-01,-1.611350500578239142e-01,1.400610494682175688e-01,6.664275725590255162e-01,-8.065769993728648390e-02,1.030686802250700418e-01,-1.958269739068102810e-01,3.272591509522897874e-02
9.625000000000000222e-01,7.583115637261992337e-01,-1.605525173891424184e-01,1.395549368214639707e-01,6.660921069437680808e-01,-8.036597142043477859e-02,1.022560804083013780e-01,-1.942232548857472096e-01,3.247400917239989804e-02
9.666666666666667851e-01,7.576438048576510376e-01,-1.599720897112236750e-01,1.390506527990881813e-01,6.657578546662233920e-01,-8.007529719908573762e-02,1.014501338843110806e-01,-1.926333719509122910e-01,3.222409407242942531e-02
9.708333333333333259e-01,7.569784600655722340e-01,-1.593937594185702578e-01,1.385481907951283398e-01,6.654248113414352739e-01,-7.978567346343948263e-02,1.006507832696162952e-01,-1.910571972175345301e-01,3.197615348360434429e-02
9.750000000000000888e-01,7.563155206266545250e-01,-1.588175189331596793e-01,1.380475442274815556e-01,6.650929726002932085e-01,-7.949709641746169342e-02,9.985797171089881574e-02,-1.894946040888546290e-01,3.173017123445856513e-02
9.791666666666666297e-01,7.556549778491077340e-01,-1.582433607043454149e-01,1.375487065378178109e-01,6.647623340894747157e-01,-7.920956227883399481e-02,9.907164287966870042e-02,-1.879454672417999461e-01,3.148613129249013681e-02
9.833333333333333925e-01,7.549968230725458973e-01,-1.576712772087579262e-01,1.370516711914940566e-01,6.644328914713888423e-01,-7.892306727890423257e-02,9.829174096698634067e-02,-1.864096626128356193e-01,3.124401776289075644e-02
9.875000000000000444e-01,7.543410476678737986e-01,-1.571012609502061286e-01,1.365564316774688369e-01,6.641046404241184309e-01,-7.863760766263727664e-02,9.751821067824394118e-02,-1.848870673839913825e-01,3.100381488728800455e-02
9.916666666666666963e-01,7.536876430371737268e-01,-1.565333044595793033e-01,1.360629815082169680e-01,6.637775766413646084e-01,-7.835317968856572723e-02,9.675099722800424573e-02,-1.833775599690594116e-01,3.076550704249979284e-02
9.958333333333332371e-01,7.530366006135930101e-01,-1.559674002947492033e-01,1.355713142196446619e-01,6.634516958323891656e-01,-7.806977962874092625e-02,9.599004633489674476e-02,-1.818810199999630339e-01,3.052907873930119781e-02
1.000000000000000000e+00,7.523879118612321060e-01,-1.554035410404726036e-01,1.350814233710048717e-01,6.631269937219594901e-01,-7.778740376868406581e-02,9.523530421657014355e-02,-1.803973283132921102e-01,3.029451462120335420e-02
1.004166666666666652e+00,7.517415682750321348e-01,-1.548417193082943233e-01,1.345933025448131648e-01,6.628034660502916120e-01,-7.750604840733761602e-02,9.448671758470084114e-02,-1.789263669370047272e-01,3.006179946324442909e-02
1.008333333333333304e+00,7.510975613806640805e-01,-1.542819277364503028e-01,1.341069453467635397e-01,6.624811085729949145e-01,-7.722570985701678048e-02,9.374423364005618486e-02,-1.774680190772907340e-01,2.983091817079236430e-02
1.012499999999999956e+00,7.504558827344172123e-01,-1.537241589897713201e-01,1.336223454056448545e-01,6.621599170610162899e-01,-7.694638444336118765e-02,9.300780006761230623e-02,-1.760221691055968429e-01,2.960185577835944964e-02
1.016666666666666607e+00,7.498165239230890622e-01,-1.531684057595869008e-01,1.331394963732574765e-01,6.618398873005849614e-01,-7.666806850528673500e-02,9.227736503172563609e-02,-1.745887025458101871e-01,2.937459744842847373e-02
1.020833333333333259e+00,7.491794765638746245e-01,-1.526146607636295893e-01,1.326583919243300436e-01,6.615210150931567501e-01,-7.639075839493768283e-02,9.155287717135750236e-02,-1.731675060615981698e-01,2.914912847029038287e-02
1.025000000000000133e+00,7.485447323042571099e-01,-1.520629167459395525e-01,1.321790257564368076e-01,6.612032962553597848e-01,-7.611445047763878979e-02,9.083428559535108859e-02,-1.717584674439027181e-01,2.892543425889329556e-02
1.029166666666666785e+00,7.479122828218981445e-01,-1.515131664767697672e-01,1.317013915899152288e-01,6.608867266189389911e-01,-7.583914113184779537e-02,9.012153987776044817e-02,-1.703614755985871365e-01,2.870350035370282729e-02
1.033333333333333437e+00,7.472821198245287455e-01,-1.509654027524910402e-01,1.312254831677835687e-01,6.605713020307020233e-01,-7.556482674910784680e-02,8.941459005323021403e-02,-1.689764205342325354e-01,2.848331241757344132e-02
1.037500000000000089e+00,7.466542350498409641e-01,-1.504196183954978616e-01,1.307512942556591229e-01,6.602570183524643088e-01,-7.529150373400031460e-02,8.871338661242621215e-02,-1.676031933500828630e-01,2.826485623563089467e-02
1.041666666666666741e+00,7.460286202653794163e-01,-1.498758062541144243e-01,1.302788186416766469e-01,6.599438714609955348e-01,-7.501916850409764970e-02,8.801788049751599341e-02,-1.662416862241361259e-01,2.804811771416558172e-02
1.045833333333333393e+00,7.454052672684334802e-01,-1.493339592025008655e-01,1.298080501364070882e-01,6.596318572479646924e-01,-7.474781748991647656e-02,8.732802309769839566e-02,-1.648917924013797442e-01,2.783308287953658797e-02
1.050000000000000044e+00,7.447841678859299375e-01,-1.487940701405600641e-01,1.293389825727764564e-01,6.593209716198870085e-01,-7.447744713487079726e-02,8.664376624478220545e-02,-1.635534061821680429e-01,2.761973787708649902e-02
1.054166666666666696e+00,7.441653139743258372e-01,-1.482561319938445199e-01,1.288716098059851378e-01,6.590112104980700991e-01,-7.420805389522540374e-02,8.596506220881261484e-02,-1.622264229107404365e-01,2.740806897006667700e-02
1.058333333333333348e+00,7.435486974195016918e-01,-1.477201377134639282e-01,1.284059257134275989e-01,6.587025698185602351e-01,-7.393963424004949825e-02,8.529186369374547327e-02,-1.609107389638778363e-01,2.719806253857305275e-02
1.062500000000000000e+00,7.429343101366555624e-01,-1.471860802759926146e-01,1.279419241946121444e-01,6.583950455320894957e-01,-7.367218465117035542e-02,8.462412383316837705e-02,-1.596062517396958647e-01,2.698970507849218076e-02
1.066666666666666652e+00,7.423221440701964768e-01,-1.466539526833777474e-01,1.274795991710810650e-01,6.580886336040222551e-01,-7.340570162312727576e-02,8.396179618606824935e-02,-1.583128596465727678e-01,2.678298320045756700e-02
1.070833333333333304e+00,7.417121911936398471e-01,-1.461237479628476610e-01,1.270189445863310895e-01,6.577833300143030026e-01,-7.314018166312566405e-02,8.330483473264475858e-02,-1.570304620922105543e-01,2.657788362881609301e-02
1.074999999999999956e+00,7.411044435095013316e-01,-1.455954591668204845e-01,1.265599544057342263e-01,6.574791307574027188e-01,-7.287562129099124653e-02,8.265319387016895059e-02,-1.557589594728271409e-01,2.637439320060442488e-02
1.079166666666666607e+00,7.404988930491928079e-01,-1.450690793728131867e-01,1.261026226164585762e-01,6.571760318422672498e-01,-7.261201703912446848e-02,8.200682840888684488e-02,-1.544982531624781719e-01,2.617249886453535887e-02
1.083333333333333259e+00,7.398955318729174557e-01,-1.445446016833509817e-01,1.256469432273898956e-01,6.568740292922645718e-01,-7.234936545245512773e-02,8.136569356796705121e-02,-1.532482455025066803e-01,2.597218767999394037e-02
1.087500000000000133e+00,7.392943520695662851e-01,-1.440220192258768184e-01,1.251929102690528539e-01,6.565731191451328330e-01,-7.208766308839700820e-02,8.072974497149211504e-02,-1.520088397911184830e-01,2.577344681604327309e-02
1.091666666666666785e+00,7.386953457566139969e-01,-1.435013251526617295e-01,1.247405177935333037e-01,6.562732974529280616e-01,-7.182690651680288807e-02,8.009893864449334211e-02,-1.507799402730827798e-01,2.557626355043997324e-02
1.095833333333333437e+00,7.380985050800159541e-01,-1.429825126407147373e-01,1.242897598744000381e-01,6.559745602819729848e-01,-7.156709231991950637e-02,7.947323100902767279e-02,-1.495614521295544619e-01,2.538062526865900864e-02
1.100000000000000089e+00,7.375038222141053756e-01,-1.424655748916938414e-01,1.238406306066274915e-01,6.556769037128054034e-01,-7.130821709234283490e-02,7.885257888029732765e-02,-1.483532814680184886e-01,2.518651946292804408e-02
1.104166666666666741e+00,7.369112893614905291e-01,-1.419505051318167843e-01,1.233931241065183287e-01,6.553803238401261222e-01,-7.105027744097343334e-02,7.823693946281072564e-02,-1.471553353123534191e-01,2.499393373127101192e-02
1.108333333333333393e+00,7.363208987529530347e-01,-1.414372966117724006e-01,1.229472345116264659e-01,6.550848167727488791e-01,-7.079326998497205425e-02,7.762627034658471648e-02,-1.459675215930129888e-01,2.480285577656088716e-02
1.112500000000000044e+00,7.357326426473453918e-01,-1.409259426066322984e-01,1.225029559806803670e-01,6.547903786335482756e-01,-7.053719135571524801e-02,7.702052950338744708e-02,-1.447897491373241752e-01,2.461327340558160451e-02
1.116666666666666696e+00,7.351465133314903921e-01,-1.404164364157627076e-01,1.220602826935065499e-01,6.544970055594098168e-01,-7.028203819675135633e-02,7.641967528302134882e-02,-1.436219276599000616e-01,2.442517452809890924e-02
1.120833333333333348e+00,7.345625031200795352e-01,-1.399087713627367724e-01,1.216192088509534253e-01,6.542046937011788410e-01,-7.002780716375640868e-02,7.582366640964591231e-02,-1.424639677531662763e-01,2.423854715594020090e-02
1.125000000000000000e+00,7.339806043555724413e-01,-1.394029407952470656e-01,1.211797286748153846e-01,6.539134392236102267e-01,-6.977449492449040724e-02,7.523246197813972247e-02,-1.413157808779991476e-01,2.405337940208312694e-02
1.129166666666666652e+00,7.334008094080965989e-01,-1.388989380850185751e-01,1.207418364077571665e-01,6.536232383053177664e-01,-6.952209815875361187e-02,7.464602145050117099e-02,-1.401772793544745210e-01,2.386965947975292976e-02
1.133333333333333304e+00,7.328231106753473334e-01,-1.383967566277217731e-01,1.203055263132385422e-01,6.533340871387249837e-01,-6.927061355834308876e-02,7.406430465228754090e-02,-1.390483763527253502e-01,2.368737570152846042e-02
1.137499999999999956e+00,7.322475005824885530e-01,-1.378963898428862134e-01,1.198707926754391667e-01,6.530459819300141744e-01,-6.902003782700930068e-02,7.348727176909199132e-02,-1.379289858839070904e-01,2.350651647845667519e-02
1.141666666666666607e+00,7.316739715820528289e-01,-1.373978311738143776e-01,1.194376297991838060e-01,6.527589188990773339e-01,-6.877036768041296100e-02,7.291488334305792907e-02,-1.368190227912692292e-01,2.332707031917565302e-02
1.145833333333333259e+00,7.311025161538431405e-01,-1.369010740874956888e-01,1.190060320098677987e-01,6.524728942794665310e-01,-6.852159984608204024e-02,7.234710026943036443e-02,-1.357184027413314009e-01,2.314902582904592582e-02
1.150000000000000133e+00,7.305331268048342874e-01,-1.364061120745210520e-01,1.185759936533827136e-01,6.521879043183445024e-01,-6.827373106336881436e-02,7.178388379314376566e-02,-1.346270422151632784e-01,2.297237170929014929e-02
1.154166666666666785e+00,7.299657960690743019e-01,-1.359129386489976166e-01,1.181475090960424912e-01,6.519039452764353593e-01,-6.802675808340720442e-02,7.122519550544627320e-02,-1.335448584997664390e-01,2.279709675614094433e-02
1.158333333333333437e+00,7.294005165075870822e-01,-1.354215473484637888e-01,1.177205727245095035e-01,6.516210134279756261e-01,-6.778067766907019953e-02,7.067099734055917737e-02,-1.324717696795568167e-01,2.262318985999681523e-02
1.162500000000000089e+00,7.288372807082746929e-01,-1.349319317338046331e-01,1.172951789457212513e-01,6.513391050606657240e-01,-6.753548659492740469e-02,7.012125157237208972e-02,-1.314076946279469083e-01,2.245064000458616912e-02
1.166666666666666741e+00,7.282760812858205535e-01,-1.344440853891674392e-01,1.168713221868170615e-01,6.510582164756207879e-01,-6.729118164720285233e-02,6.957592081117280891e-02,-1.303525529990259557e-01,2.227943626613923533e-02
1.170833333333333393e+00,7.277169108815921827e-01,-1.339580019218779283e-01,1.164489968950651599e-01,6.507783439873227049e-01,-6.704775962373281384e-02,6.903496800041161729e-02,-1.293062652193372464e-01,2.210956781256785339e-02
1.175000000000000044e+00,7.271597621635453867e-01,-1.334736749623562924e-01,1.160281975377900204e-01,6.504994839235713755e-01,-6.680521733392395800e-02,6.849835641349974469e-02,-1.282687524797509193e-01,2.194102390265306041e-02
1.179166666666666696e+00,7.266046278261277802e-01,-1.329910981640339274e-01,1.156089186022999232e-01,6.502216326254370848e-01,-6.656355159871141236e-02,6.796604965064136084e-02,-1.272399367274312243e-01,2.177379388524036674e-02
1.183333333333333348e+00,7.260515005901831964e-01,-1.325102652032702222e-01,1.151911545958147765e-01,6.499447864472119862e-01,-6.632275925051721310e-02,6.743801163569902724e-02,-1.262197406578971226e-01,2.160786719844266790e-02
1.187500000000000000e+00,7.255003732028563190e-01,-1.320311697792698469e-01,1.147749000453942569e-01,6.496689417563626945e-01,-6.608283713320879660e-02,6.691420661309183116e-02,-1.252080877071747589e-01,2.144323336885069209e-02
1.191666666666666652e+00,7.249512384374978691e-01,-1.315538056140001799e-01,1.143601494978661592e-01,6.493940949334828794e-01,-6.584378210205758808e-02,6.639459914472621571e-02,-1.242049020440409574e-01,2.127988201075092442e-02
1.195833333333333526e+00,7.244040890935695698e-01,-1.310781664521089851e-01,1.139468975197549944e-01,6.491202423722450821e-01,-6.560559102369785400e-02,6.587915410695875662e-02,-1.232101085623561326e-01,2.111780282535092451e-02
1.200000000000000178e+00,7.238589179965502218e-01,-1.306042460608428102e-01,1.135351386972109355e-01,6.488473804793544186e-01,-6.536826077608565155e-02,6.536783668759095500e-02,-1.222236328734862265e-01,2.095698560001196462e-02
1.204166666666666829e+00,7.233157179978411122e-01,-1.301320382299649414e-01,1.131248676359388333e-01,6.485755056745006186e-01,-6.513178824845788917e-02,6.486061238289508868e-02,-1.212454012988113672e-01,2.079742020748887726e-02
1.208333333333333481e+00,7.227744819746731997e-01,-1.296615367716743572e-01,1.127160789611277442e-01,6.483046143903117287e-01,-6.489617034129156747e-02,6.435744699467139951e-02,-1.202753408623214032e-01,2.063909660517711936e-02
1.212500000000000133e+00,7.222352028300129678e-01,-1.291927355205246264e-01,1.123087673173804590e-01,6.480347030723070390e-01,-6.466140396626324227e-02,6.385830662733575636e-02,-1.193133792832963835e-01,2.048200483436690700e-02
1.216666666666666785e+00,7.216978734924701655e-01,-1.287256283333431395e-01,1.119029273686434622e-01,6.477657681788504540e-01,-6.442748604620845976e-02,6.336315768503777979e-02,-1.183594449690711231e-01,2.032613501950435511e-02
1.220833333333333437e+00,7.211624869162045481e-01,-1.282602090891506175e-01,1.114985537981371122e-01,6.474978061811046404e-01,-6.419441351508152482e-02,6.287196686880883179e-02,-1.174134670078829101e-01,2.017147736745961151e-02
1.225000000000000089e+00,7.206290360808338402e-01,-1.277964716890810648e-01,1.110956413082859473e-01,6.472308135629838421e-01,-6.396218331791529710e-02,6.238470117373970392e-02,-1.164753751618011340e-01,2.001802216680183613e-02
1.229166666666666741e+00,7.200975139913421419e-01,-1.273344100563018333e-01,1.106941846206494356e-01,6.469647868211086950e-01,-6.373079241078112578e-02,6.190132788618754600e-02,-1.155450998597378903e-01,1.986575978708098739e-02
1.233333333333333393e+00,7.195679136779876695e-01,-1.268740181359339358e-01,1.102941784758528637e-01,6.466997224647598186e-01,-6.350023776074907589e-02,6.142181458101182018e-02,-1.146225721905384382e-01,1.971468067811639815e-02
1.237500000000000044e+00,7.190402281962114950e-01,-1.264152898949729431e-01,1.098956176335184332e-01,6.464356170158320758e-01,-6.327051634584804352e-02,6.094612911883878770e-02,-1.137077238961506920e-01,1.956477536929194724e-02
1.241666666666666696e+00,7.185144506265471742e-01,-1.259582193222098523e-01,1.094984968721967461e-01,6.461724670087893863e-01,-6.304162515502631514e-02,6.047423964335437579e-02,-1.128004873648725398e-01,1.941603446885791298e-02
1.245833333333333348e+00,7.179905740745294862e-01,-1.255028004281523724e-01,1.091028109892983600e-01,6.459102689906187633e-01,-6.281356118811201594e-02,6.000611457862498749e-02,-1.119007956246760999e-01,1.926844866323931468e-02
1.250000000000000000e+00,7.174685916706042832e-01,-1.250490272449464868e-01,1.087085548010258140e-01,6.456490195207854610e-01,-6.258632145577380790e-02,5.954172262644593511e-02,-1.110085823366079583e-01,1.912200871635073851e-02
1.254166666666666652e+00,7.169484965700386736e-01,-1.245968938262983078e-01,1.083157231423056421e-01,6.453887151711877879e-01,-6.235990297948178912e-02,5.908103276371729634e-02,-1.101237817882644576e-01,1.897670546891759569e-02
1.258333333333333526e+00,7.164302819528312050e-01,-1.241463942473961801e-01,1.079243108667208295e-01,6.451293525261122541e-01,-6.213430279146839319e-02,5.862401423984670013e-02,-1.092463288873409127e-01,1.883252983780365694e-02
1.262500000000000178e+00,7.159139410236222689e-01,-1.236975226048332016e-01,1.075343128464434639e-01,6.448709281821883854e-01,-6.190951793468957298e-02,5.817063657417897993e-02,-1.083761591552543230e-01,1.868947281534497420e-02
1.266666666666666829e+00,7.153994670116056165e-01,-1.232502730165296739e-01,1.071457239721675669e-01,6.446134387483447581e-01,-6.168554546278600531e-02,5.772086955345205606e-02,-1.075132087208376802e-01,1.854752546868988772e-02
1.270833333333333481e+00,7.148868531704393181e-01,-1.228046396216562752e-01,1.067585391530421896e-01,6.443568808457641461e-01,-6.146238244004450374e-02,5.727468322927909555e-02,-1.066574143141062192e-01,1.840667893914527814e-02
1.275000000000000133e+00,7.143760927781572789e-01,-1.223606165805572049e-01,1.063727533166048539e-01,6.441012511078393343e-01,-6.124002594135957017e-02,5.683204791565647784e-02,-1.058087132600937785e-01,1.826692444152887979e-02
1.279166666666666785e+00,7.138671791370814201e-01,-1.219181980746737448e-01,1.059883614087150927e-01,6.438465461801291534e-01,-6.101847305219505746e-02,5.639293418649721917e-02,-1.049670434727587587e-01,1.812825326352761682e-02
1.283333333333333437e+00,7.133601055737338603e-01,-1.214773783064680424e-01,1.056053583934882939e-01,6.435927627203140711e-01,-6.079772086854598467e-02,5.595731287318974484e-02,-1.041323434489588029e-01,1.799065676506191383e-02
1.287500000000000089e+00,7.128548654387494299e-01,-1.210381514993471713e-01,1.052237392532297949e-01,6.433398973981528934e-01,-6.057776649690049114e-02,5.552515506218153735e-02,-1.033045522624932433e-01,1.785412637765592184e-02
1.291666666666666741e+00,7.123514521067886296e-01,-1.206005118975874563e-01,1.048434989883691992e-01,6.430879468954391331e-01,-6.035860705420191541e-02,5.509643209258753560e-02,-1.024836095582126183e-01,1.771865360381357293e-02
1.295833333333333393e+00,7.118498589764507001e-01,-1.201644537662591855e-01,1.044646326173949147e-01,6.428369079059570446e-01,-6.014023966781104763e-02,5.467111555382289656e-02,-1.016694555461942345e-01,1.758423001640044975e-02
1.300000000000000044e+00,7.113500794701873575e-01,-1.197299713911513658e-01,1.040871351767889280e-01,6.425867771354384361e-01,-5.992266147546846528e-02,5.424917728325990424e-02,-1.008620309959831762e-01,1.745084725803137254e-02
1.304166666666666696e+00,7.108521070342164183e-01,-1.192970590786970042e-01,1.037110017209618984e-01,6.423375513015201488e-01,-5.970586962525703534e-02,5.383058936390874849e-02,-1.000612772308977216e-01,1.731849704046366581e-02
1.308333333333333348e+00,7.103559351384359788e-01,-1.188657111558984736e-01,1.033362273221883065e-01,6.420892271337000912e-01,-5.948986127556456227e-02,5.341532412212189607e-02,-9.926713612239858320e-02,1.718717114399604534e-02
1.312500000000000000e+00,7.098615572763390391e-01,-1.184359219702532384e-01,1.029628070705420756e-01,6.418418013732949401e-01,-5.927463359504656082e-02,5.300335412532176244e-02,-9.847955008452104197e-02,1.705686141687306340e-02
1.316666666666666652e+00,7.093689669649280161e-01,-1.180076858896797892e-01,1.025907360738321922e-01,6.415952707733973970e-01,-5.906018376258911906e-02,5.259465217975148321e-02,-9.769846206836924063e-02,1.692755977469506332e-02
1.320833333333333526e+00,7.088781577446299220e-01,-1.175809973024439375e-01,1.022200094575386742e-01,6.413496320988335553e-01,-5.884650896727199043e-02,5.218919132824848678e-02,-9.692381555667183013e-02,1.679925819983358465e-02
1.325000000000000178e+00,7.083891231792117660e-01,-1.171558506170853192e-01,1.018506223647488856e-01,6.411048821261202679e-01,-5.863360640833174819e-02,5.178694484804069464e-02,-9.615555455839847054e-02,1.667194874085219103e-02
1.329166666666666829e+00,7.079018568556961766e-01,-1.167322402623440780e-01,1.014825699560937544e-01,6.408610176434234029e-01,-5.842147329512505788e-02,5.138788624856485687e-02,-9.539362360343582592e-02,1.654562351193258202e-02
1.333333333333333259e+00,7.074163523842774692e-01,-1.163101606870880073e-01,1.011158474096846005e-01,6.406180354505153218e-01,-5.821010684709215788e-02,5.099198926930711279e-02,-9.463796773732316425e-02,1.642027469230606523e-02
1.337500000000000133e+00,7.069326033982377133e-01,-1.158896063602397053e-01,1.007504499210498394e-01,6.403759323587333574e-01,-5.799950429372036087e-02,5.059922787766524266e-02,-9.388853251604589722e-02,1.629589452569019450e-02
1.341666666666666785e+00,7.064506035538636874e-01,-1.154705717707043278e-01,1.003863727030722963e-01,6.401347051909375141e-01,-5.778966287450787442e-02,5.020957626683272140e-02,-9.314526400088757319e-02,1.617247531973070931e-02
1.345833333333333437e+00,7.059703465303633907e-01,-1.150530514272972704e-01,1.000236109859263672e-01,6.398943507814691678e-01,-5.758057983892751058e-02,4.982300885370372079e-02,-9.240810875333800578e-02,1.605000944544845987e-02
1.350000000000000089e+00,7.054918260297834420e-01,-1.146370398586722822e-01,9.966216001701563854e-02,6.396548659761094324e-01,-5.737225244639071464e-02,4.943950027679956671e-02,-9.167701383005835702e-02,1.592848933669153630e-02
1.354166666666666741e+00,7.050150357769267018e-01,-1.142225316132498003e-01,9.930201506091065888e-02,6.394162476320381927e-01,-5.716467796621162861e-02,4.905902539421586744e-02,-9.095192677790159275e-02,1.580790748959236616e-02
1.358333333333333393e+00,7.045399695192695599e-01,-1.138095212591455629e-01,9.894317139928698879e-02,6.391784926177922488e-01,-5.695785367757132817e-02,4.868155928159034751e-02,-9.023279562898793571e-02,1.568825646202984259e-02
1.362500000000000044e+00,7.040666210268806680e-01,-1.133980033840994994e-01,9.858562433086337506e-02,6.389415978132249041e-01,-5.675177686948218447e-02,4.830707723009104726e-02,-8.951956889583459476e-02,1.556952887309634090e-02
1.366666666666666474e+00,7.035949840923388932e-01,-1.129879725954048009e-01,9.822936917134025836e-02,6.387055601094646651e-01,-5.654644484075233013e-02,4.793555474442474928e-02,-8.881219556653917324e-02,1.545171740256966360e-02
1.370833333333333348e+00,7.031250525306518284e-01,-1.125794235198371990e-01,9.787440125333832230e-02,6.384703764088748290e-01,-5.634185489995021529e-02,4.756696754086523621e-02,-8.811062510001581305e-02,1.533481479038976796e-02
1.375000000000000000e+00,7.026568201791756341e-01,-1.121723508035848693e-01,9.752071592633763941e-02,6.382360436250125169e-01,-5.613800436536948990e-02,4.720129154530159493e-02,-8.741480742128421300e-02,1.521881383614038553e-02
1.379166666666666652e+00,7.021902808975331034e-01,-1.117667491121780293e-01,9.716830855661655331e-02,6.380025586825887052e-01,-5.593489056499369866e-02,4.683850289130561673e-02,-8.672469291680967585e-02,1.510370739853525782e-02
1.383333333333333526e+00,7.017254285675340597e-01,-1.113626131304191608e-01,9.681717452719108830e-02,6.377699185174272589e-01,-5.573251083646136445e-02,4.647857791821883439e-02,-8.604023242989457254e-02,1.498948839490915445e-02
1.387500000000000178e+00,7.012622570930949761e-01,-1.109599375623134959e-01,9.646730923775459488e-02,6.375381200764255185e-01,-5.553086252703112735e-02,4.612149316925858583e-02,-8.536137725612044647e-02,1.487614980071353711e-02
1.391666666666666829e+00,7.008007604001592616e-01,-1.105587171309995315e-01,9.611870810461739523e-02,6.373071603175137767e-01,-5.532994299354690448e-02,4.576722538964280579e-02,-8.468807913883949490e-02,1.476368464901677870e-02
1.395833333333333259e+00,7.003409324366169919e-01,-1.101589465786799310e-01,9.577136656064688669e-02,6.370770362096155326e-01,-5.512974960240332040e-02,4.541575152473373289e-02,-8.402029026471566353e-02,1.465208603000899695e-02
1.400000000000000133e+00,6.998827671722266386e-01,-1.097606206665526912e-01,9.542528005520758971e-02,6.368477447326078567e-01,-5.493027972951115834e-02,4.506704871819987301e-02,-8.335796325931417450e-02,1.454134709051134455e-02
1.404166666666666785e+00,6.994262585985352443e-01,-1.093637341747425579e-01,9.508044405410182032e-02,6.366192828772817558e-01,-5.473153076026305436e-02,4.472109431019651721e-02,-8.270105118273944622e-02,1.443146103348987193e-02
1.408333333333333437e+00,6.989714007288002628e-01,-1.089682819022326221e-01,9.473685403951011275e-02,6.363916476453027604e-01,-5.453350008949914285e-02,4.437786583556398157e-02,-8.204950752532004510e-02,1.432242111757368527e-02
1.412500000000000089e+00,6.985181875979107335e-01,-1.085742586667961807e-01,9.439450550993218336e-02,6.361648360491715115e-01,-5.433618512147300045e-02,4.403734102204403394e-02,-8.140328620334089105e-02,1.421422065657758534e-02
1.416666666666666741e+00,6.980666132623092324e-01,-1.081816593049288872e-01,9.405339398012793617e-02,6.359388451121849029e-01,-5.413958326981758301e-02,4.369949778851383443e-02,-8.076234155482173160e-02,1.410685301902901007e-02
1.420833333333333393e+00,6.976166717999141564e-01,-1.077904786717811397e-01,9.371351498105881528e-02,6.357136718683966681e-01,-5.394369195751137075e-02,4.336431424323745204e-02,-8.012662833534138496e-02,1.400031162769928457e-02
1.425000000000000044e+00,6.971683573100420084e-01,-1.074007116410906626e-01,9.337486405982924065e-02,6.354893133625788559e-01,-5.374850861684459663e-02,4.303176868213461764e-02,-7.949610171390728008e-02,1.389458995913911941e-02
1.429166666666666474e+00,6.967216639133301248e-01,-1.070123531051154209e-01,9.303743677962834913e-02,6.352657666501829725e-01,-5.355403068938559275e-02,4.270183958706669919e-02,-7.887071726886976664e-02,1.378968154321833818e-02
1.433333333333333348e+00,6.962765857516596268e-01,-1.066253979745665770e-01,9.270122871967181877e-02,6.350430287973012344e-01,-5.336025562594724769e-02,4.237450562413942051e-02,-7.825043098388033413e-02,1.368557996266974927e-02
1.437500000000000000e+00,6.958331169880784817e-01,-1.062398411785420715e-01,9.236623547514417887e-02,6.348210968806283772e-01,-5.316718088655369295e-02,4.204974564202262205e-02,-7.763519924389403193e-02,1.358227885263721922e-02
1.441666666666666652e+00,6.953912518067256743e-01,-1.058556776644600100e-01,9.203245265714092571e-02,6.345999679874231303e-01,-5.297480394040692681e-02,4.172753867028625857e-02,-7.702497883121443845e-02,1.347977190022774108e-02
1.445833333333333526e+00,6.949509844127540470e-01,-1.054729023979925212e-01,9.169987589261122118e-02,6.343796392154704700e-01,-5.278312226585368111e-02,4.140786391775301556e-02,-7.641972692158155445e-02,1.337805284406763662e-02
1.450000000000000178e+00,6.945123090322552484e-01,-1.050915103629999486e-01,9.136850082430060527e-02,6.341601076730428721e-01,-5.259213335035243381e-02,4.109070077086712097e-02,-7.581940108030195413e-02,1.327711547386275191e-02
1.454166666666666829e+00,6.940752199121835719e-01,-1.047114965614649590e-01,9.103832311069386118e-02,6.339413704788630088e-01,-5.240183469044040754e-02,4.077602879207899850e-02,-7.522395925842015330e-02,1.317695362996260111e-02
1.458333333333333259e+00,6.936397113202809050e-01,-1.043328560134272193e-01,9.070933842595832464e-02,6.337234247620658900e-01,-5.221222379170083194e-02,4.046382771824608843e-02,-7.463335978893151368e-02,1.307756120292848274e-02
1.462500000000000133e+00,6.932057775450012338e-01,-1.039555837569180602e-01,9.038154245988706814e-02,6.335062676621608935e-01,-5.202329816873019902e-02,4.015407745904903125e-02,-7.404756138303540680e-02,1.297893213310545232e-02
1.466666666666666785e+00,6.927734128954361470e-01,-1.035796748478956669e-01,9.005493091784270987e-02,6.332898963289945726e-01,-5.183505534510579604e-02,3.984675809542378294e-02,-7.346652312642912297e-02,1.288106041019824143e-02
1.470833333333333437e+00,6.923426117012401182e-01,-1.032051243601801310e-01,8.972949952070094493e-02,6.330743079227134640e-01,-5.164749285335314133e-02,3.954184987800862805e-02,-7.289020447564073524e-02,1.278394007285088389e-02
1.475000000000000089e+00,6.919133683125565648e-01,-1.028319273853890020e-01,8.940524400479470113e-02,6.328594996137264506e-01,-5.146060823491375308e-02,3.923933322560677756e-02,-7.231856525440170935e-02,1.268756520823021740e-02
1.479166666666666741e+00,6.914856770999431301e-01,-1.024600790328730471e-01,8.908216012185819765e-02,6.326454685826679025e-01,-5.127439904011286270e-02,3.893918872366376738e-02,-7.175156565005813558e-02,1.259192995161309732e-02
1.483333333333333393e+00,6.910595324542985196e-01,-1.020895744296521218e-01,8.876024363897140612e-02,6.324322120203609288e-01,-5.108886282812735713e-02,3.864139712275983796e-02,-7.118916621002019385e-02,1.249702848597733680e-02
1.487500000000000044e+00,6.906349287867887821e-01,-1.017204087203513602e-01,8.843949033850460884e-02,6.322197271277801844e-01,-5.090399716695380439e-02,3.834593933711699654e-02,-7.063132783824956074e-02,1.240285504159632096e-02
1.491666666666666474e+00,6.902118605287742570e-01,-1.013525770671376697e-01,8.811989601806316519e-02,6.320080111160152336e-01,-5.071979963337657632e-02,3.805279644312063725e-02,-7.007801179178425877e-02,1.230940389563726922e-02
1.495833333333333348e+00,6.897903221317362998e-01,-1.009860746496561434e-01,8.780145649043245848e-02,6.317970612062342450e-01,-5.053626781293604070e-02,3.776194967785552470e-02,-6.952917967730021243e-02,1.221666937176307463e-02
1.500000000000000000e+00,6.893703080672047845e-01,-1.006208966649672493e-01,8.748416758352321743e-02,6.315868746296475766e-01,-5.035339929989705171e-02,3.747338043765616883e-02,-6.898479344770989952e-02,1.212464583973779653e-02
1.504166666666666652e+00,6.889518128266858277e-01,-1.002570383274836302e-01,8.716802514031671278e-02,6.313774486274712494e-01,-5.017119169721732941e-02,3.718707027667109838e-02,-6.844481539879647414e-02,1.203332771503558621e-02
1.508333333333333526e+00,6.885348309215894025e-01,-9.989449486890754348e-02,8.685302501881043968e-02,6.311687804508907540e-01,-4.998964261651606816e-02,3.690300090544119949e-02,-6.790920816588401354e-02,1.194270945845318961e-02
1.512500000000000178e+00,6.881193568831572849e-01,-9.953326153816846600e-02,8.653916309196389711e-02,6.309608673610254126e-01,-4.980874967804267001e-02,3.662115418949191820e-02,-6.737793472054297295e-02,1.185278557572592290e-02
1.516666666666666829e+00,6.877053852623918884e-01,-9.917333360136075526e-02,8.622643524764449230e-02,6.307537066288921856e-01,-4.962851051064555430e-02,3.634151214793891749e-02,-6.685095836733032093e-02,1.176355061714702381e-02
1.520833333333333259e+00,6.872929106299843216e-01,-9.881470634168168510e-02,8.591483738857372265e-02,6.305472955353699227e-01,-4.944892275174107149e-02,3.606405695210745943e-02,-6.632824274056439706e-02,1.167499917719048985e-02
1.525000000000000133e+00,6.868819275762435561e-01,-9.845737505936964784e-02,8.560436543227353812e-02,6.303416313711637242e-01,-4.926998404728253483e-02,3.578877092416496430e-02,-6.580975180113352030e-02,1.158712589413720372e-02
1.529166666666666785e+00,6.864724307110258161e-01,-9.810133507164268962e-02,8.529501531101293943e-02,6.301367114367695255e-01,-4.909169205172946027e-02,3.551563653576703811e-02,-6.529544983333876451e-02,1.149992544970450566e-02
1.533333333333333437e+00,6.860644146636631913e-01,-9.774658171263704565e-02,8.498678297175463192e-02,6.299325330424389024e-01,-4.891404442801672997e-02,3.524463640671629538e-02,-6.478530144176941619e-02,1.141339256867895773e-02
1.537500000000000089e+00,6.856578740828940255e-01,-9.739311033334611956e-02,8.467966437610204011e-02,6.297290935081432117e-01,-4.873703884752401960e-02,3.497575330363434515e-02,-6.427927154821169720e-02,1.132752201855246645e-02
1.541666666666666741e+00,6.852528036367925290e-01,-9.704091630155954606e-02,8.437365550024636396e-02,6.295263901635391735e-01,-4.856067299004530186e-02,3.470897013864651659e-02,-6.377732538858994771e-02,1.124230860916162339e-02
1.545833333333333393e+00,6.848491980126987233e-01,-9.668999500180251727e-02,8.406875233491396815e-02,6.293244203479333443e-01,-4.838494454375839859e-02,3.444426996807924829e-02,-6.327942850993986679e-02,1.115774719233025500e-02
1.550000000000000044e+00,6.844470519171489409e-01,-9.634034183527535877e-02,8.376495088531384081e-02,6.291231814102475894e-01,-4.820985120519474115e-02,3.418163599117006457e-02,-6.278554676741358864e-02,1.107383266151517123e-02
1.554166666666666474e+00,6.840463600758069918e-01,-9.599195221979330006e-02,8.346224717108530200e-02,6.289226707089841106e-01,-4.803539067920915839e-02,3.392105154878993084e-02,-6.229564632131611573e-02,1.099055995145506275e-02
1.558333333333333348e+00,6.836471172333941082e-01,-9.564482158972632819e-02,8.316063722624583709e-02,6.287228856121911402e-01,-4.786156067894978272e-02,3.366250012217786997e-02,-6.180969363417273404e-02,1.090792403782249800e-02
1.562500000000000000e+00,6.832493181536209992e-01,-9.529894539593965208e-02,8.286011709913934653e-02,6.285238234974278582e-01,-4.768835892582816427e-02,3.340596533168786048e-02,-6.132765546782739663e-02,1.082591993687907761e-02
1.566666666666666652e+00,6.828529576191183503e-01,-9.495431910573383372e-02,8.256068285238420124e-02,6.283254817517308632e-01,-4.751578314948932957e-02,3.315143093554756559e-02,-6.084949888057101380e-02,1.074454270513357582e-02
1.570833333333333526e+00,6.824580304313695445e-01,-9.461093820278559940e-02,8.226233056282178380e-02,6.281278577715789790e-01,-4.734383108778206922e-02,3.289888082862910818e-02,-6.037519122429998303e-02,1.066378743900316117e-02
1.575000000000000178e+00,6.820645314106416057e-01,-9.426879818708862324e-02,8.196505632146514064e-02,6.279309489628599472e-01,-4.717250048672931573e-02,3.264829904123162096e-02,-5.990470014170444502e-02,1.058364927447764080e-02
1.579166666666666829e+00,6.816724553959176980e-01,-9.392789457489456040e-02,8.166885623344775913e-02,6.277347527408361216e-01,-4.700178910049857689e-02,3.239966973787533622e-02,-5.943799356348553053e-02,1.050412338678663113e-02
1.583333333333333259e+00,6.812817972448296233e-01,-9.358822289865441346e-02,8.137372641797260830e-02,6.275392665301103845e-01,-4.683169469137253571e-02,3.215297721610736043e-02,-5.897503970560187547e-02,1.042520499006972627e-02
1.587500000000000133e+00,6.808925518335902094e-01,-9.324977870695981552e-02,8.107966300826124906e-02,6.273444877645925066e-01,-4.666221502971968499e-02,3.190820590531870393e-02,-5.851580706654450903e-02,1.034688933704954426e-02
1.591666666666666785e+00,6.805047140569263631e-01,-9.291255756448503489e-02,8.078666215150337448e-02,6.271504138874660628e-01,-4.649334789396519785e-02,3.166534036557280829e-02,-5.806026442464043424e-02,1.026917171870774317e-02
1.595833333333333437e+00,6.801182788280122349e-01,-9.257655505192856349e-02,8.049472000880615596e-02,6.269570423511539037e-01,-4.632509107056172193e-02,3.142436528644502319e-02,-5.760838083538369347e-02,1.019204746396380756e-02
1.600000000000000089e+00,6.797332410784020507e-01,-9.224176676595545465e-02,8.020383275514413046e-02,6.267643706172857376e-01,-4.615744235396043726e-02,3.118526548587330707e-02,-5.716012562879449477e-02,1.011551193935674234e-02
1.604166666666666741e+00,6.793495957579646083e-01,-9.190818831913952214e-02,7.991399657930907396e-02,6.265723961566641576e-01,-4.599039954658215579e-02,3.094802590901981829e-02,-5.671546840680551094e-02,1.003956054872956818e-02
1.608333333333333393e+00,6.789673378348163313e-01,-9.157581533990591383e-02,7.962520768386006920e-02,6.263811164492318895e-01,-4.582396045878848329e-02,3.071263162714334138e-02,-5.627437904067528890e-02,9.964188732916582150e-03
1.612500000000000044e+00,6.785864622952555436e-01,-9.124464347247389362e-02,7.933746228507383702e-02,6.261905289840388189e-01,-4.565812290885317565e-02,3.047906783648242357e-02,-5.583682766842834599e-02,9.889391969433409396e-03
1.616666666666666474e+00,6.782069641436969665e-01,-9.091466837679970658e-02,7.905075661289516498e-02,6.260006312592085731e-01,-4.549288472293353675e-02,3.024731985714917970e-02,-5.540278469232176595e-02,9.815165772169766323e-03
1.620833333333333348e+00,6.778288384026061042e-01,-9.058588572851976328e-02,7.876508691088751624e-02,6.258114207819064356e-01,-4.532824373504189958e-02,3.001737313203346746e-02,-5.497222077633778792e-02,9.741505691084929863e-03
1.625000000000000000e+00,6.774520801124342961e-01,-9.025829121889404616e-02,7.848044943618395775e-02,6.256228950683060397e-01,-4.516419778701732946e-02,2.978921322571767560e-02,-5.454510684370253437e-02,9.668407311905938967e-03
1.629166666666666652e+00,6.770766843315531025e-01,-8.993188055474962694e-02,7.819684045943800510e-02,6.254350516435573937e-01,-4.500074472849725088e-02,2.956282582340155271e-02,-5.412141407442987856e-02,9.595866255828377350e-03
1.633333333333333526e+00,6.767026461361902445e-01,-8.960664945842437834e-02,7.791425626477488375e-02,6.252478880417539076e-01,-4.483788241688933113e-02,2.933819672983736804e-02,-5.370111390289088876e-02,9.523878179219845072e-03
1.637500000000000178e+00,6.763299606203648784e-01,-8.928259366771110206e-02,7.763269314974288737e-02,6.250614018059003074e-01,-4.467560871734339856e-02,2.911531186827514758e-02,-5.328417801540819010e-02,9.452438773326042598e-03
1.641666666666666829e+00,6.759586228958229803e-01,-8.895970893580153194e-02,7.735214742526481946e-02,6.248755904878807721e-01,-4.451392150272344417e-02,2.889415727941778769e-02,-5.287057834787483451e-02,9.381543763979387565e-03
1.645833333333333259e+00,6.755886280919739528e-01,-8.863799103123079504e-02,7.707261541558980966e-02,6.246904516484260705e-01,-4.435281865357978276e-02,2.867471912038612944e-02,-5.246028708339785240e-02,9.311188911310250976e-03
1.650000000000000133e+00,6.752199713558258987e-01,-8.831743573782191437e-02,7.679409345824501909e-02,6.245059828570823646e-01,-4.419229805812122797e-02,2.845698366369372664e-02,-5.205327664996570181e-02,9.241370009460686194e-03
1.654166666666666785e+00,6.748526478519231153e-01,-8.799803885463076958e-02,7.651657790398787296e-02,6.243221816921789014e-01,-4.403235761218751709e-02,2.824093729623141508e-02,-5.164951971813989962e-02,9.172082886300711446e-03
1.658333333333333437e+00,6.744866527622820351e-01,-8.767979619589079399e-02,7.624006511675814057e-02,6.241390457407964831e-01,-4.387299521922163881e-02,2.802656651826125958e-02,-5.124898919876987036e-02,9.103323403147036558e-03
1.662500000000000089e+00,6.741219812863279426e-01,-8.736270359095839322e-02,7.596455147363039007e-02,6.239565725987358258e-01,-4.371420879024241757e-02,2.781385794242012890e-02,-5.085165824073142882e-02,9.035087454484287683e-03
1.666666666666666741e+00,6.737586286408329128e-01,-8.704675688425815572e-02,7.569003336476654020e-02,6.237747598704858065e-01,-4.355599624381713969e-02,2.760279829273257907e-02,-5.045750022868824430e-02,8.967370967688664124e-03
1.670833333333333393e+00,6.733965900598521959e-01,-8.673195193522850732e-02,7.541650719336857878e-02,6.235936051691924886e-01,-4.339835550603425574e-02,2.739337440363302095e-02,-5.006648878087612692e-02,8.900169902754013346e-03
1.675000000000000044e+00,6.730358607946623772e-01,-8.641828461826742136e-02,7.514396937563150303e-02,6.234131061166273691e-01,-4.324128451047622168e-02,2.718557321899708890e-02,-4.967859774690987912e-02,8.833480252020312062e-03
1.679166666666666474e+00,6.726764361136988724e-01,-8.610575082267844793e-02,7.487241634069635721e-02,6.232332603431566254e-01,-4.308478119819244417e-02,2.697938179118210614e-02,-4.929380120561249051e-02,8.767298039904515214e-03
1.683333333333333348e+00,6.723183113024943092e-01,-8.579434645261675707e-02,7.460184453060346443e-02,6.230540654877098072e-01,-4.292884351767223272e-02,2.677478728007645983e-02,-4.891207346286628732e-02,8.701619322633745088e-03
1.687500000000000000e+00,6.719614816636161336e-01,-8.548406742703562600e-02,7.433225040024590835e-02,6.228755191977490835e-01,-4.277346942481801556e-02,2.657177695215809723e-02,-4.853338904948622384e-02,8.636440187980862215e-03
1.691666666666666652e+00,6.716059425166057695e-01,-8.517490967963289861e-02,7.406363041732307029e-02,6.226976191292382667e-01,-4.261865688291847226e-02,2.637033817956156365e-02,-4.815772271911428204e-02,8.571756755002274061e-03
1.695833333333333526e+00,6.712516891979164457e-01,-8.486686915879769477e-02,7.379598106229433296e-02,6.225203629466118382e-01,-4.246440386262188837e-02,2.617045843915396727e-02,-4.778504944613558986e-02,8.507565173778083856e-03
1.700000000000000178e+00,6.708987170608532447e-01,-8.455994182755745270e-02,7.352929882833311725e-02,6.223437483227451938e-01,-4.231070834190957253e-02,2.597212531161954482e-02,-4.741534442361554358e-02,8.443861625154498035e-03
1.704166666666666829e+00,6.705470214755110403e-01,-8.425412366352494353e-02,7.326358022128084957e-02,6.221677729389230027e-01,-4.215756830606932209e-02,2.577532648055269951e-02,-4.704858306125767747e-02,8.380642320488462804e-03
1.708333333333333259e+00,6.701965978287145465e-01,-8.394941065884561904e-02,7.299882175960124842e-02,6.219924344848096753e-01,-4.200498174766906234e-02,2.558004973155959816e-02,-4.668474098338237094e-02,8.317903501394535021e-03
1.712500000000000133e+00,6.698474415239575874e-01,-8.364579882014508416e-02,7.273501997433472199e-02,6.218177306584188324e-01,-4.185294666653049250e-02,2.538628295136806726e-02,-4.632379402692573395e-02,8.255641439493954445e-03
1.716666666666666785e+00,6.694995479813432571e-01,-8.334328416847688881e-02,7.247217140905302946e-02,6.216436591660829958e-01,-4.170146106970297473e-02,2.519401412694590933e-02,-4.596571823945903856e-02,8.193852436165934700e-03
1.720833333333333437e+00,6.691529126375233005e-01,-8.304186273927030570e-02,7.221027261981390055e-02,6.214702177224237234e-01,-4.155052297143729811e-02,2.500323134462726846e-02,-4.561048987722768344e-02,8.132532822301048042e-03
1.725000000000000089e+00,6.688075309456387174e-01,-8.274153058227841362e-02,7.194932017511601607e-02,6.212974040503214113e-01,-4.140013039315975502e-02,2.481392278924723568e-02,-4.525808540321023254e-02,8.071678958056814970e-03
1.729166666666666741e+00,6.684633983752603648e-01,-8.244228376152638871e-02,7.168931065585405771e-02,6.211252158808858725e-01,-4.125028136344616181e-02,2.462607674328447585e-02,-4.490848148519680644e-02,8.011287232615396312e-03
1.733333333333333393e+00,6.681205104123288940e-01,-8.214411835525994854e-02,7.143024065527395217e-02,6.209536509534261395e-01,-4.110097391799605315e-02,2.443968158601180982e-02,-4.456165499388690249e-02,7.951354063943387798e-03
1.737500000000000044e+00,6.677788625590965754e-01,-8.184703045589394876e-02,7.117210677892821247e-02,6.207827070154209315e-01,-4.095220609960692482e-02,2.425472579265468276e-02,-4.421758300100621375e-02,7.891875898553706720e-03
1.741666666666666474e+00,6.674384503340675678e-01,-8.155101616996120184e-02,7.091490564463159840e-02,6.206123818224896782e-01,-4.080397595814862222e-02,2.407119793355746995e-02,-4.387624277744243961e-02,7.832849211269539424e-03
1.745833333333333348e+00,6.670992692719394102e-01,-8.125607161806149004e-02,7.065863388241663823e-02,6.204426731383619886e-01,-4.065628155053770815e-02,2.388908667335742225e-02,-4.353761179139962328e-02,7.774270504990326257e-03
1.750000000000000000e+00,6.667613149235447345e-01,-8.096219293481080048e-02,7.040328813448976097e-02,6.202735787348497842e-01,-4.050912094071212194e-02,2.370838077016643175e-02,-4.320166770657127286e-02,7.716136310459813415e-03
1.754166666666666652e+00,6.664245828557928686e-01,-8.066937626879058798e-02,7.014886505518712345e-02,6.201050963918166570e-01,-4.036249219960570678e-02,2.352906907476016996e-02,-4.286838838033139865e-02,7.658443186036060710e-03
1.758333333333333526e+00,6.660890686516115489e-01,-8.037761778249735700e-02,6.989536131093082583e-02,6.199372238971497806e-01,-4.021639340512297295e-02,2.335114052977486920e-02,-4.253775186194384827e-02,7.601187717463477218e-03
1.762500000000000178e+00,6.657547679098893001e-01,-8.008691365229252124e-02,6.964277358018540476e-02,6.197699590467306008e-01,-4.007082264211393047e-02,2.317458416891148357e-02,-4.220973639078954426e-02,7.544366517646824977e-03
1.766666666666666829e+00,6.654216762454178147e-01,-7.979726006835209662e-02,6.939109855341417388e-02,6.196032996444058583e-01,-3.992577800234896335e-02,2.299938911614717724e-02,-4.188432039461125606e-02,7.487976226427160362e-03
1.770833333333333259e+00,6.650897892888342211e-01,-7.950865323461700496e-02,6.914033293303598060e-02,6.194372435019588341e-01,-3.978125758449384264e-02,2.282554458495412650e-02,-4.156148248777601778e-02,7.432013510359733108e-03
1.775000000000000133e+00,6.647591026865636854e-01,-7.922108936874315555e-02,6.889047343338192131e-02,6.192717884390807059e-01,-3.963725949408477417e-02,2.265303987752546183e-02,-4.124120146955471966e-02,7.376475062493779641e-03
1.779166666666666785e+00,6.644296121007632339e-01,-7.893456470205209574e-02,6.864151678065254225e-02,6.191069322833420152e-01,-3.949378184350365445e-02,2.248186438400849238e-02,-4.092345632241903286e-02,7.321357602154263643e-03
1.783333333333333437e+00,6.641013132092639104e-01,-7.864907547948152278e-02,6.839345971287470738e-02,6.189426728701643565e-01,-3.935082275195327106e-02,2.231200758174477911e-02,-4.060822621035496682e-02,7.266657874725439802e-03
1.787500000000000089e+00,6.637742017055147103e-01,-7.836461795953610088e-02,6.814629897985903517e-02,6.187790080427914008e-01,-3.920838034543266265e-02,2.214345903451736888e-02,-4.029549047719340610e-02,7.212372651436328372e-03
1.791666666666666741e+00,6.634482732985259590e-01,-7.808118841423848655e-02,6.790003134315733546e-02,6.186159356522613617e-01,-3.906645275671258993e-02,2.197620839180487728e-02,-3.998522864495715479e-02,7.158498729148028532e-03
1.795833333333333393e+00,6.631235237128132454e-01,-7.779878312908050653e-02,6.765465357602014340e-02,6.184534535573784630e-01,-3.892503812531106222e-02,2.181024538804243046e-02,-3.967742041222432209e-02,7.105032930142854072e-03
1.800000000000000044e+00,6.627999486883412450e-01,-7.751739840297446060e-02,6.741016246335451712e-02,6.182915596246847389e-01,-3.878413459746894026e-02,2.164555984188940713e-02,-3.937204565250796567e-02,7.051972101915303555e-03
1.804166666666666474e+00,6.624775439804679866e-01,-7.723703054820464653e-02,6.716655480168191861e-02,6.181302517284326115e-01,-3.864374032612567095e-02,2.148214165550389743e-02,-3.906908441265178472e-02,6.999313116964814632e-03
1.808333333333333348e+00,6.621563053598890081e-01,-7.695767589037903755e-02,6.692382739909621958e-02,6.179695277505561357e-01,-3.850385347089503585e-02,2.131998081382376065e-02,-3.876851691124157118e-02,6.947052872590296461e-03
1.812500000000000000e+00,6.618362286125825111e-01,-7.667933076838127915e-02,6.668197707522204032e-02,6.178093855806444656e-01,-3.836447219804113573e-02,2.115906738385441022e-02,-3.847032353703257884e-02,6.895188290686468831e-03
1.816666666666666652e+00,6.615173095397534064e-01,-7.640199153432254697e-02,6.644100066117294978e-02,6.176498231159127661e-01,-3.822559468045424319e-02,2.099939151396292350e-02,-3.817448484739213721e-02,6.843716317541893510e-03
1.820833333333333526e+00,6.611995439577788014e-01,-7.612565455349384891e-02,6.620089499951005430e-02,6.174908382611760116e-01,-3.808721909762692592e-02,2.084094343317876089e-02,-3.788098156675779454e-02,6.792633923638781955e-03
1.825000000000000178e+00,6.608829276981532663e-01,-7.585031620431845201e-02,6.596165694420065562e-02,6.173324289288206757e-01,-3.794934363563021856e-02,2.068371345050083396e-02,-3.758979458511069877e-02,6.741938103454518660e-03
1.829166666666666829e+00,6.605674566074336562e-01,-7.557597287830437882e-02,6.572328336057702003e-02,6.171745930387775303e-01,-3.781196648708977370e-02,2.052769195421085685e-02,-3.730090495646381371e-02,6.691625875264863715e-03
1.833333333333333259e+00,6.602531265471852651e-01,-7.530262097999716742e-02,6.548577112529534172e-02,6.170173285184944456e-01,-3.767508585116224884e-02,2.037286941119303627e-02,-3.701429389736517889e-02,6.641694280948871876e-03
1.837500000000000133e+00,6.599399333939270917e-01,-7.503025692693272852e-02,6.524911712629480331e-02,6.168606333029095223e-01,-3.753869993351165862e-02,2.021923636625989895e-02,-3.672994278541576868e-02,6.592140385795459620e-03
1.841666666666666785e+00,6.596278730390785494e-01,-7.475887714959053576e-02,6.501331826275696946e-02,6.167045053344233363e-01,-3.740280694628592834e-02,2.006678344148436072e-02,-3.644783315780206895e-02,6.542961278311663562e-03
1.845833333333333437e+00,6.593169413889047314e-01,-7.448847809134673259e-02,6.477837144506500000e-02,6.165489425628727371e-01,-3.726740510809338491e-02,1.991550133553776289e-02,-3.616794670984278814e-02,6.494154070032500010e-03
1.850000000000000089e+00,6.590071343644634538e-01,-7.421905620842760010e-02,6.454427359476329340e-02,6.163939429455033148e-01,-3.713249264397947697e-02,1.976538082303401153e-02,-3.589026529355006379e-02,6.445715895332479461e-03
1.854166666666666741e+00,6.586984479015514093e-01,-7.395060796986316354e-02,6.431102164451715786e-02,6.162395044469433092e-01,-3.699806778540349478e-02,1.961641275387965636e-02,-3.561477091620460222e-02,6.397643911238731773e-03
1.858333333333333393e+00,6.583908779506513209e-01,-7.368312985744086829e-02,6.407861253807264901e-02,6.160856250391761879e-01,-3.686412877021538748e-02,1.946858805262989892e-02,-3.534144573894481417e-02,6.349935297245717751e-03
1.862500000000000044e+00,6.580844204768782069e-01,-7.341661836565958887e-02,6.384704323021653249e-02,6.159323027015146668e-01,-3.673067384263269813e-02,1.932189771785040866e-02,-3.507027207536978636e-02,6.302587255131537544e-03
1.866666666666666474e+00,6.577790714599273114e-01,-7.315107000168363793e-02,6.361631068673642697e-02,6.157795354205738425e-01,-3.659770125321752665e-02,1.917633282148498847e-02,-3.480123239015581876e-02,6.255597008775803762e-03
1.870833333333333348e+00,6.574748268940210361e-01,-7.288648128529696957e-02,6.338641188438103036e-02,6.156273211902451026e-01,-3.646520925885361059e-02,1.903188450822888497e-02,-3.453430929768644408e-02,6.208961803979055893e-03
1.875000000000000000e+00,6.571716827878562039e-01,-7.262284874885775732e-02,6.315734381082060978e-02,6.154756580116695908e-01,-3.633319612272352395e-02,1.888854399490793798e-02,-3.426948556069603358e-02,6.162678908283756793e-03
1.879166666666666652e+00,6.568696351645523235e-01,-7.236016893725277788e-02,6.292910346460747761e-02,6.153245438932121170e-01,-3.620166011428586211e-02,1.874630256986315607e-02,-3.400674408892625372e-02,6.116745610796766285e-03
1.883333333333333526e+00,6.565686800615989638e-01,-7.209843840785228053e-02,6.270168785513671739e-02,6.151739768504350669e-01,-3.607059950925260022e-02,1.860515159234100990e-02,-3.374606793779590108e-02,6.071159222013355200e-03
1.887500000000000178e+00,6.562688135308042403e-01,-7.183765373046484271e-02,6.247509400260702755e-02,6.150239549060723121e-01,-3.594001258956650013e-02,1.846508249188921411e-02,-3.348744030708357411e-02,6.025917073642732963e-03
1.891666666666666829e+00,6.559700316382427454e-01,-7.157781148729241982e-02,6.224931893798170413e-02,6.148744760900035633e-01,-3.580989764337857983e-02,1.832608676775789036e-02,-3.323084453962308477e-02,5.981016518435023667e-03
1.895833333333333259e+00,6.556723304642042560e-01,-7.131890827288563106e-02,6.202435970294974815e-02,6.147255384392281696e-01,-3.568025296502568694e-02,1.818815598830625727e-02,-3.297626412001165852e-02,5.936454930009750497e-03
1.900000000000000133e+00,6.553757061031421083e-01,-7.106094069409905900e-02,6.180021334988708426e-02,6.145771399978393612e-01,-3.555107685500813464e-02,1.805128179041455908e-02,-3.272368267333049946e-02,5.892229702685755632e-03
1.904166666666666785e+00,6.550801546636225714e-01,-7.080390537004691009e-02,6.157687694181808447e-02,6.144292788169992692e-01,-3.542236761996749028e-02,1.791545587890144148e-02,-3.247308396387803969e-02,5.848338251312597269e-03
1.908333333333333437e+00,6.547856722682728892e-01,-7.054779893205864738e-02,6.135434755237698795e-02,6.142819529549126134e-01,-3.529412357266431544e-02,1.778067002594642051e-02,-3.222445189391510284e-02,5.804778011103340490e-03
1.912500000000000089e+00,6.544922550537316530e-01,-7.029261802363488687e-02,6.113262226576963304e-02,6.141351604768016115e-01,-3.516634303195610017e-02,1.764691607051767017e-02,-3.197777050242249508e-02,5.761546437468801837e-03
1.916666666666666741e+00,6.541998991705972877e-01,-7.003835930040343272e-02,6.091169817673524473e-02,6.139888994548806656e-01,-3.503902432277519741e-02,1.751418591780492043e-02,-3.173302396387045476e-02,5.718641005853186861e-03
1.920833333333333393e+00,6.539086007833777581e-01,-6.978501943007546504e-02,6.069157239050844421e-02,6.138431679683308273e-01,-3.491216577610693067e-02,1.738247153865744854e-02,-3.149019658700007857e-02,5.676059211571125862e-03
1.925000000000000044e+00,6.536183560704408313e-01,-6.953259509240188041e-02,6.047224202278128624e-02,6.136979641032751509e-01,-3.478576572896766028e-02,1.725176496902715295e-02,-3.124927281361643272e-02,5.633798569646099146e-03
1.929166666666666474e+00,6.533291612239634505e-01,-6.928108297912982660e-02,6.025370419966551150e-02,6.135532859527529359e-01,-3.465982252438304378e-02,1.712205830941660595e-02,-3.101023721739338407e-02,5.591856614650221428e-03
1.933333333333333348e+00,6.530410124498819968e-01,-6.903047979395929290e-02,6.003595605765488924e-02,6.134091316166951913e-01,-3.453433451136626170e-02,1.699334372433203635e-02,-3.077307450268984904e-02,5.550230900545388008e-03
1.937500000000000000e+00,6.527539059678426625e-01,-6.878078225250003341e-02,5.981899474358778890e-02,6.132654992018994333e-01,-3.440930004489647226e-02,1.686561344174134641e-02,-3.053776950337761323e-02,5.508919000525788756e-03
1.941666666666666652e+00,6.524678380111518239e-01,-6.853198708222847657e-02,5.960281741460972393e-02,6.131223868220054829e-01,-3.428471748589718288e-02,1.673885975253678812e-02,-3.030430718168020815e-02,5.467918506861716224e-03
1.945833333333333526e+00,6.521828048267268585e-01,-6.828409102244484274e-02,5.938742123813618018e-02,6.129797925974697081e-01,-3.416058520121478120e-02,1.661307501000263212e-02,-3.007267262702310526e-02,5.427227030744727690e-03
1.950000000000000178e+00,6.518988026750466291e-01,-6.803709082423048393e-02,5.917280339181552745e-02,6.128377146555413768e-01,-3.403690156359717722e-02,1.648825162928753071e-02,-2.984285105489495674e-02,5.386842202134112592e-03
1.954166666666666829e+00,6.516158278301028561e-01,-6.779098325040530670e-02,5.895896106349202831e-02,6.126961511302376762e-01,-3.391366495167243839e-02,1.636438208688157162e-02,-2.961482780571963666e-02,5.346761669604646258e-03
1.958333333333333259e+00,6.513338765793510454e-01,-6.754576507548532005e-02,5.874589145116902028e-02,6.125551001623191771e-01,-3.379087374992754966e-02,1.624145892009809175e-02,-2.938858834373926296e-02,5.306983100195644676e-03
1.962500000000000133e+00,6.510529452236618608e-01,-6.730143308564041915e-02,5.853359176297220218e-02,6.124145598992657424e-01,-3.366852634868724298e-02,1.611947472656002217e-02,-2.916411825590775955e-02,5.267504179261279541e-03
1.966666666666666785e+00,6.507730300772729404e-01,-6.705798407865232180e-02,5.832205921711317020e-02,6.122745284952517686e-01,-3.354662114409294460e-02,1.599842216369094447e-02,-2.894140325079522583e-02,5.228322610322191748e-03
1.970833333333333437e+00,6.504941274677401575e-01,-6.681541486387256035e-02,5.811129104185285693e-02,6.121350041111227602e-01,-3.342515653808170867e-02,1.587829394821056034e-02,-2.872042915750253403e-02,5.189436114918307037e-03
1.975000000000000089e+00,6.502162337358897704e-01,-6.657372226218069566e-02,5.790128447546531026e-02,6.119959849143704611e-01,-3.330413093836528254e-02,1.575908285563475120e-02,-2.850118192458649807e-02,5.150842432462938818e-03
1.979166666666666741e+00,6.499393452357705714e-01,-6.633290310594269767e-02,5.769203676620152793e-02,6.118574690791093174e-01,-3.318354275840927625e-02,1.564078171978006832e-02,-2.828364761899523211e-02,5.112539320098095745e-03
1.983333333333333393e+00,6.496634583346058145e-01,-6.609295423896942301e-02,5.748354517225338911e-02,6.117194547860521636e-01,-3.306339041741233192e-02,1.552338343227262045e-02,-2.806781242501366763e-02,5.074524552551023561e-03
1.987500000000000044e+00,6.493885694127459196e-01,-6.585387251647530082e-02,5.727580696171775954e-02,6.115819402224869084e-01,-3.294367234028543201e-02,1.540688094206136421e-02,-2.785366264321913893e-02,5.036795921991948227e-03
1.991666666666666474e+00,6.491146748636205110e-01,-6.561565480503711578e-02,5.706881941256075619e-02,6.114449235822522200e-01,-3.282438695763126996e-02,1.529126725493571391e-02,-2.764118468944694665e-02,4.999351237893022958e-03
1.995833333333333348e+00,6.488417710936921212e-01,-6.537829798255290203e-02,5.686257981258200506e-02,6.113084030657143231e-01,-3.270553270572363475e-02,1.517653543304739970e-02,-2.743036509376567400e-02,4.962188326888448790e-03
2.000000000000000000e+00,6.485698545224081180e-01,-6.514179893820118417e-02,5.665708545937925278e-02,6.111723768797427958e-01,-3.258710802648699667e-02,1.506267859443668512e-02,-2.722119049946244290e-02,4.925305032635807732e-03
2.004166666666666874e+00,6.482989215821541862e-01,-6.490615457240009323e-02,5.645233366031286032e-02,6.110368432376880321e-01,-3.246911136747601678e-02,1.494968991256264562e-02,-2.701364766203756887e-02,4.888699215678514801e-03
2.008333333333333304e+00,6.480289687182079206e-01,-6.467136179676688523e-02,5.624832173247063666e-02,6.109018003593567059e-01,-3.235154118185527145e-02,1.483756261583775785e-02,-2.680772344820901015e-02,4.852368753309471358e-03
2.012500000000000178e+00,6.477599923886915301e-01,-6.443741753407729311e-02,5.604504700263258921e-02,6.107672464709893445e-01,-3.223439592837890055e-02,1.472628998716647014e-02,-2.660340483492601091e-02,4.816311539435824338e-03
2.016666666666667052e+00,6.474919890645262077e-01,-6.420431871822541992e-02,5.584250680723602811e-02,6.106331798052365700e-01,-3.211767407137048475e-02,1.461586536348803353e-02,-2.640067890839239637e-02,4.780525484444903342e-03
2.020833333333333481e+00,6.472249552293850572e-01,-6.397206229418350709e-02,5.564069849234067056e-02,6.104995986011361175e-01,-3.200137408070292261e-02,1.450628213532324448e-02,-2.619953286309888163e-02,4.745008515071254956e-03
2.024999999999999911e+00,6.469588873796477957e-01,-6.374064521796184157e-02,5.543961941359379364e-02,6.103665011040897426e-01,-3.188549443177829401e-02,1.439753374632524001e-02,-2.599995400086459185e-02,4.709758574264789888e-03
2.029166666666666785e+00,6.466937820243543467e-01,-6.351006445656891264e-02,5.523926693619567174e-02,6.102338855658401284e-01,-3.177003360550797323e-02,1.428961369283428436e-02,-2.580192972988774175e-02,4.674773621060061141e-03
2.033333333333333215e+00,6.464296356851592096e-01,-6.328031698797177695e-02,5.503963843486511798e-02,6.101017502444482377e-01,-3.165499008829270045e-02,1.418251552343653688e-02,-2.560544756380529405e-02,4.640051630446631603e-03
2.037500000000000089e+00,6.461664448962861629e-01,-6.305139980105631259e-02,5.484073129380499095e-02,6.099700934042701084e-01,-3.154036237200270876e-02,1.407623283852657212e-02,-2.541049512076129849e-02,4.605590593240501546e-03
2.041666666666666519e+00,6.459042062044824117e-01,-6.282330989558794487e-02,5.464254290666806929e-02,6.098389133159343167e-01,-3.142614895395802466e-02,1.397075928987395917e-02,-2.521706012248433118e-02,4.571388515956661090e-03
2.045833333333333837e+00,6.456429161689734020e-01,-6.259604428217212246e-02,5.444507067652274573e-02,6.097082082563193284e-01,-3.131234833690868524e-02,1.386608858019346135e-02,-2.502513039337331963e-02,4.537443420682650552e-03
2.050000000000000266e+00,6.453825713614184112e-01,-6.236959998221543872e-02,5.424831201581926943e-02,6.095779765085309609e-01,-3.119895902901527115e-02,1.376221446271927093e-02,-2.483469385959236400e-02,4.503753344953261364e-03
2.054166666666666696e+00,6.451231683658644744e-01,-6.214397402788635755e-02,5.405226434635559268e-02,6.094482163618796244e-01,-3.108597954382916889e-02,1.365913074078270797e-02,-2.464573854817360410e-02,4.470316341626186761e-03
2.058333333333333570e+00,6.448647037787026415e-01,-6.191916346207641808e-02,5.385692509924373816e-02,6.093189261118582278e-01,-3.097340840027321823e-02,1.355683126739387449e-02,-2.445825258612894723e-02,4.437130478758790492e-03
2.062500000000000000e+00,6.446071742086226797e-01,-6.169516533836160582e-02,5.366229171487621463e-02,6.091901040601195305e-01,-3.086124412262229721e-02,1.345530994482692193e-02,-2.427222419957001179e-02,4.404193839485886879e-03
2.066666666666666874e+00,6.443505762765692202e-01,-6.147197672096356424e-02,5.346836164289234250e-02,6.090617485144540488e-01,-3.074948524048390711e-02,1.335456072420889047e-02,-2.408764171283619623e-02,4.371504521898508799e-03
2.070833333333333304e+00,6.440949066156970160e-01,-6.124959468471131985e-02,5.327513234214503041e-02,6.089338577887679627e-01,-3.063813028877901065e-02,1.325457760511230577e-02,-2.390449354763121356e-02,4.339060638923747729e-03
2.075000000000000178e+00,6.438401618713269770e-01,-6.102801631500278517e-02,5.308260128066730199e-02,6.088064302030607999e-01,-3.052717780772272807e-02,1.315535463515119310e-02,-2.372276822216742159e-02,4.306860318205530530e-03
2.079166666666667052e+00,6.435863387009024272e-01,-6.080723870776674755e-02,5.289076593563931533e-02,6.086794640834036763e-01,-3.041662634280529326e-02,1.305688590958081069e-02,-2.354245435031845912e-02,4.274901701986456165e-03
2.083333333333333481e+00,6.433334337739450293e-01,-6.058725896942473294e-02,5.269962379335525748e-02,6.085529577619170905e-01,-3.030647444477295796e-02,1.295916557090077102e-02,-2.336354064077964324e-02,4.243182946990573488e-03
2.087499999999999911e+00,6.430814437720109300e-01,-6.036807421685305708e-02,5.250917234919035698e-02,6.084269095767491642e-01,-3.019672066960897919e-02,1.286218780846166802e-02,-2.318601589623623185e-02,4.211702224307149571e-03
2.091666666666666785e+00,6.428303653886481284e-01,-6.014968157734513349e-02,5.231940910756815305e-02,6.083013178720538816e-01,-3.008736357851472462e-02,1.276594685807519447e-02,-2.300986901253955150e-02,4.180457719275412071e-03
2.095833333333333215e+00,6.425801953293521773e-01,-5.993207818857387154e-02,5.213033158192785510e-02,6.081761809979694400e-01,-2.997840173789083351e-02,1.267043700162768030e-02,-2.283508897789084460e-02,4.149447631370263047e-03
2.100000000000000089e+00,6.423309303115234403e-01,-5.971526119855402603e-02,5.194193729469165355e-02,6.080514973105967114e-01,-2.986983371931838105e-02,1.257565256669692343e-02,-2.266166487203253796e-02,4.118670174088906108e-03
2.104166666666666519e+00,6.420825670644243477e-01,-5.949922776560504639e-02,5.175422377723242623e-02,6.079272651719771492e-01,-2.976165809954021968e-02,1.248158792617251427e-02,-2.248958586544738680e-02,4.088123574838471025e-03
2.108333333333333837e+00,6.418351023291360979e-01,-5.928397505831359965e-02,5.156718856984121580e-02,6.078034829500720271e-01,-2.965387346044224756e-02,1.238823749787931576e-02,-2.231884121856470005e-02,4.057806074824516981e-03
2.112500000000000266e+00,6.415885328585161362e-01,-5.906950025549679434e-02,5.138082922169526917e-02,6.076801490187407895e-01,-2.954647838903495805e-02,1.229559574420445098e-02,-2.214942028097441687e-02,4.027715928940531556e-03
2.116666666666666696e+00,6.413428554171555218e-01,-5.885580054616490475e-02,5.119514329082570231e-02,6.075572617577196244e-01,-2.943947147743477058e-02,1.220365717172729875e-02,-2.198131249064802159e-02,3.997851405658267576e-03
2.120833333333333570e+00,6.410980667813366285e-01,-5.864287312948469194e-02,5.101012834408560903e-02,6.074348195526000360e-01,-2.933285132284565999e-02,1.211241633085290322e-02,-2.181450737316705316e-02,3.968210786919055752e-03
2.125000000000000000e+00,6.408541637389910672e-01,-5.843071521474279412e-02,5.082578195711828090e-02,6.073128207948083057e-01,-2.922661652754080658e-02,1.202186781544856489e-02,-2.164899454095874087e-02,3.938792368026010696e-03
2.129166666666666874e+00,6.406111430896570536e-01,-5.821932402130897133e-02,5.064210171432529523e-02,6.071912638815838426e-01,-2.912076569884418722e-02,1.193200626248348134e-02,-2.148476369253854434e-02,3.909594457537092158e-03
2.133333333333333304e+00,6.403690016444379962e-01,-5.800869677859988444e-02,5.045908520883504028e-02,6.070701472159585332e-01,-2.901529744911243019e-02,1.184282635167169251e-02,-2.132180461176001393e-02,3.880615377159112121e-03
2.137500000000000178e+00,6.401277362259607528e-01,-5.779883072604261735e-02,5.027673004247106003e-02,6.069494692067355368e-01,-2.891021039571653115e-02,1.175432280511798724e-02,-2.116010716707133338e-02,3.851853461642568924e-03
2.141666666666667052e+00,6.398873436683333304e-01,-5.758972311303864333e-02,5.009503382572074587e-02,6.068292282684685235e-01,-2.880550316102381894e-02,1.166649038696701730e-02,-2.099966131077899908e-02,3.823307058677396023e-03
2.145833333333333481e+00,6.396478208171041402e-01,-5.738137119892775667e-02,4.991399417770399360e-02,6.067094228214410245e-01,-2.870117437237985555e-02,1.157932390305538815e-02,-2.084045707831817112e-02,3.794974528789551212e-03
2.149999999999999911e+00,6.394091645292204751e-01,-5.717377225295210835e-02,4.973360872614201317e-02,6.065900512916456710e-01,-2.859722266209045044e-02,1.149281820056678033e-02,-2.068248458752980010e-02,3.766854245238461518e-03
2.154166666666666785e+00,6.391713716729867656e-01,-5.696692355422047771e-02,4.955387510732627704e-02,6.064711121107633218e-01,-2.849364666740374433e-02,1.140696816769009962e-02,-2.052573403794447429e-02,3.738944593915332834e-03
2.158333333333333215e+00,6.389344391280245006e-01,-5.676082239167269672e-02,4.937479096608760054e-02,6.063526037161429683e-01,-2.839044503049237972e-02,1.132176873328061967e-02,-2.037019571007295943e-02,3.711243973242304376e-03
2.162500000000000089e+00,6.386983637852304829e-01,-5.655546606404397020e-02,4.919635395576521519e-02,6.062345245507805291e-01,-2.828761639843564366e-02,1.123721486652395733e-02,-2.021585996470307359e-02,3.683750794072407179e-03
2.166666666666666519e+00,6.384631425467366395e-01,-5.635085187982967481e-02,4.901856173817613349e-02,6.061168730632995327e-01,-2.818515942320181863e-02,1.115330157660311856e-02,-2.006271724220336228e-02,3.656463479590396463e-03
2.170833333333333837e+00,6.382287723258690537e-01,-5.614697715724991517e-02,4.884141198358440267e-02,6.059996477079296895e-01,-2.808307276163042598e-02,1.107002391236826776e-02,-1.991075806183284849e-02,3.629380465214355513e-03
2.175000000000000266e+00,6.379952500471078869e-01,-5.594383922421460736e-02,4.866490237067077479e-02,6.058828469444871301e-01,-2.798135507541474679e-02,1.098737696200955197e-02,-1.975997302105756206e-02,3.602500198498171258e-03
2.179166666666666696e+00,6.377625726460468547e-01,-5.574143541828824322e-02,4.848903058650211317e-02,6.057664692383544214e-01,-2.788000503108414158e-02,1.090535585273253588e-02,-1.961035279487289770e-02,3.575821139034747118e-03
2.183333333333333570e+00,6.375307370693528153e-01,-5.553976308665511952e-02,4.831379432650117350e-02,6.056505130604600273e-01,-2.777902129998666494e-02,1.082395575043662572e-02,-1.946188813513259272e-02,3.549341758360073651e-03
2.187500000000000000e+00,6.372997402747265783e-01,-5.533881958608466434e-02,4.813919129441651679e-02,6.055349768872584360e-01,-2.767840255827166626e-02,1.074317185939623054e-02,-1.931456986988374508e-02,3.523060539858072909e-03
2.191666666666666874e+00,6.370695792308619376e-01,-5.513860228289662463e-02,4.796521920229226271e-02,6.054198592007103974e-01,-2.757814748687236611e-02,1.066299942194460539e-02,-1.916838890270784745e-02,3.496975978666208660e-03
2.195833333333333304e+00,6.368402509174068138e-01,-5.493910855292677420e-02,4.779187577043828711e-02,6.053051584882624958e-01,-2.747825477148866519e-02,1.058343371816054986e-02,-1.902333621206808018e-02,3.471086581581914535e-03
2.200000000000000178e+00,6.366117523249233967e-01,-5.474033578149231638e-02,4.761915872740022510e-02,6.051908732428281645e-01,-2.737872310256981787e-02,1.050447006555769482e-02,-1.887940285066237386e-02,3.445390866969750329e-03
2.204166666666667052e+00,6.363840804548486219e-01,-5.454228136335782795e-02,4.744706580992984896e-02,6.050770019627669249e-01,-2.727955117529736948e-02,1.042610381877656991e-02,-1.873657994478261299e-02,3.419887364669367547e-03
2.208333333333333481e+00,6.361572323194550904e-01,-5.434494270270102262e-02,4.727559476295536967e-02,6.049635431518654016e-01,-2.718073768956799988e-02,1.034833036927928010e-02,-1.859485869367959524e-02,3.394574615904203101e-03
2.212499999999999911e+00,6.359312049418114343e-01,-5.414831721307872964e-02,4.710474333955184945e-02,6.048504953193177824e-01,-2.708228134997649542e-02,1.027114514504679117e-02,-1.845423036893378832e-02,3.369451173190930651e-03
2.216666666666666785e+00,6.357059953557439025e-01,-5.395240231739305281e-02,4.693450930091185719e-02,6.047378569797056125e-01,-2.698418086579876252e-02,1.019454361027888507e-02,-1.831468631383193282e-02,3.344515600249669141e-03
2.220833333333333215e+00,6.354816006057973921e-01,-5.375719544785764747e-02,4.676489041631614468e-02,6.046256266529789203e-01,-2.688643495097496963e-02,1.011852126509668777e-02,-1.817621794274936267e-02,3.319766471914931214e-03
2.225000000000000089e+00,6.352580177471961465e-01,-5.356269404596396277e-02,4.659588446310435061e-02,6.045138028644366779e-01,-2.678904232409260594e-02,1.004307364524769687e-02,-1.803881674053782122e-02,3.295202374047281110e-03
2.229166666666666519e+00,6.350352438458060078e-01,-5.336889556244786559e-02,4.642748922664599598e-02,6.044023841447073719e-01,-2.669200170836977942e-02,9.968196321813447766e-03,-1.790247426191909561e-02,3.270821903445756285e-03
2.233333333333333837e+00,6.348132759780952261e-01,-5.317579745725607016e-02,4.625970250031136155e-02,6.042913690297297968e-01,-2.659531183163839699e-02,9.893884900919582351e-03,-1.776718213088391771e-02,3.246623667760967745e-03
2.237500000000000266e+00,6.345921112310968226e-01,-5.298339719951311588e-02,4.609252208544276780e-02,6.041807560607337368e-01,-2.649897142632760133e-02,9.820135023448559736e-03,-1.763293204009670420e-02,3.222606285408967115e-03
2.241666666666666696e+00,6.343717467023697321e-01,-5.279169226748792881e-02,4.592594579132554949e-02,6.040705437842210923e-01,-2.640297922944704473e-02,9.746942364754641180e-03,-1.749971575030531343e-02,3.198768385485759036e-03
2.245833333333333570e+00,6.341521794999611661e-01,-5.260068014856093127e-02,4.575997143515952298e-02,6.039607307519468948e-01,-2.630733398257039529e-02,9.674302634381496194e-03,-1.736752508975650602e-02,3.175108607682567297e-03
2.250000000000000000e+00,6.339334067423689767e-01,-5.241035833919117232e-02,4.559459684203038404e-02,6.038513155208997674e-01,-2.621203443181887097e-02,9.602211575782164388e-03,-1.723635195361662362e-02,3.151625602201782710e-03
2.254166666666666874e+00,6.337154255585030205e-01,-5.222072434488338188e-02,4.542981984488114050e-02,6.037422966532837165e-01,-2.611707932784474578e-02,9.530664966041385230e-03,-1.710618830339745086e-02,3.128318029673579723e-03
2.258333333333333304e+00,6.334982330876487433e-01,-5.203177568015546206e-02,4.526563828448385007e-02,6.036336727164987037e-01,-2.602246742581504346e-02,9.459658615600392839e-03,-1.697702616638747247e-02,3.105184561073254679e-03
2.262500000000000178e+00,6.332818264794285446e-01,-5.184350986850574244e-02,4.510205000941121256e-02,6.035254422831221044e-01,-2.592819748539515815e-02,9.389188367983967651e-03,-1.684885763508811238e-02,3.082223877639203320e-03
2.266666666666667052e+00,6.330662028937651398e-01,-5.165592444238070041e-02,4.493905287600848814e-02,6.034176039308903894e-01,-2.583426827073266249e-02,9.319250099529934050e-03,-1.672167486665527072e-02,3.059434670791606487e-03
2.270833333333333481e+00,6.328513595008441461e-01,-5.146901694314256342e-02,4.477664474836541564e-02,6.033101562426796960e-01,-2.574067855044107761e-02,9.249839719120902734e-03,-1.659547008234580831e-02,3.036815642051759415e-03
2.274999999999999911e+00,6.326372934810767790e-01,-5.128278492103705705e-02,4.461482349828816557e-02,6.032030978064877313e-01,-2.564742709758373318e-02,9.180953167918301169e-03,-1.647023556696906518e-02,3.014365502962064111e-03
2.279166666666666785e+00,6.324240020250634364e-01,-5.109722593516135419e-02,4.445358700527151513e-02,6.030964272154154537e-01,-2.555451268965768657e-02,9.112586419098732057e-03,-1.634596366834340647e-02,2.992082975006687875e-03
2.283333333333333215e+00,6.322114823335563960e-01,-5.091233755343215622e-02,4.429293315647112733e-02,6.029901430676480878e-01,-2.546193410857775993e-02,9.044735477592579995e-03,-1.622264679675768789e-02,2.969966789532870605e-03
2.287500000000000089e+00,6.319997316174230662e-01,-5.072811735255369769e-02,4.413285984667576073e-02,6.028842439664370279e-01,-2.536969014066047315e-02,8.977396379824770928e-03,-1.610027742443749868e-02,2.948015687672857904e-03
2.291666666666666519e+00,6.317887470976101261e-01,-5.054456291798613277e-02,4.397336497827982610e-02,6.027787285200818523e-01,-2.527777957660825442e-02,8.910565193457875219e-03,-1.597884808501639012e-02,2.926228420266504225e-03
2.295833333333333837e+00,6.315785260051063332e-01,-5.036167184391376894e-02,4.381444646125576964e-02,6.026735953419114500e-01,-2.518620121149347732e-02,8.844238017137264624e-03,-1.585835137301169415e-02,2.904603747784471456e-03
2.300000000000000266e+00,6.313690655809066632e-01,-5.017944173321373103e-02,4.365610221312690026e-02,6.025688430502663673e-01,-2.509495384474280319e-02,8.778410980238597269e-03,-1.573877994330533797e-02,2.883140440252104052e-03
2.304166666666666696e+00,6.311603630759760053e-01,-4.999787019742435445e-02,4.349833015893989074e-02,6.024644702684803788e-01,-2.500403628012131535e-02,8.713080242617287155e-03,-1.562012651062902498e-02,2.861837277173867513e-03
2.308333333333333570e+00,6.309524157512131914e-01,-4.981695485671399498e-02,4.334112823123772995e-02,6.023604756248625014e-01,-2.491344732571691006e-02,8.648241994360232263e-03,-1.550238384905431796e-02,2.840693047458453004e-03
2.312500000000000000e+00,6.307452208774152469e-01,-4.963669333984989385e-02,4.318449437003267499e-02,6.022568577526793421e-01,-2.482318579392470137e-02,8.583892455539643418e-03,-1.538554479148725868e-02,2.819706549344479576e-03
2.316666666666666874e+00,6.305387757352410860e-01,-4.945708328416699440e-02,4.302842652277913404e-02,6.021536152901365568e-01,-2.473325050143138082e-02,8.520027875968897574e-03,-1.526960222916742826e-02,2.798876590326784038e-03
2.320833333333333304e+00,6.303330776151767623e-01,-4.927812233553713339e-02,4.287292264434695160e-02,6.020507468803617535e-01,-2.464364026919980272e-02,8.456644534960561232e-03,-1.515454911117171052e-02,2.778201987083347459e-03
2.325000000000000178e+00,6.301281238174990529e-01,-4.909980814833803109e-02,4.271798069699446476e-02,6.019482511713859507e-01,-2.455435392245344101e-02,8.393738741086387983e-03,-1.504037844392231045e-02,2.757681565402779825e-03
2.329166666666667052e+00,6.299239116522407089e-01,-4.892213838542272542e-02,4.256359865034193418e-02,6.018461268161263700e-01,-2.446539029066106818e-02,8.331306831939428933e-03,-1.492708329069939929e-02,2.737314160112430932e-03
2.333333333333333481e+00,6.297204384391549281e-01,-4.874511071808886042e-02,4.240977448134492650e-02,6.017443724723686715e-01,-2.437674820752139607e-02,8.269345173898125928e-03,-1.481465677115800968e-02,2.717098615007066363e-03
2.337499999999999911e+00,6.295177015076802718e-01,-4.856872282604818292e-02,4.225650617426773836e-02,6.016429868027491912e-01,-2.428842651094774777e-02,8.207850161892392762e-03,-1.470309206084928315e-02,2.697033782778125027e-03
2.341666666666666785e+00,6.293156981969058039e-01,-4.839297239739612927e-02,4.210379172065706332e-02,6.015419684747378426e-01,-2.420042404305287539e-02,8.146818219171720818e-03,-1.459238239074606668e-02,2.677118524943563477e-03
2.345833333333333215e+00,6.291144258555360080e-01,-4.821785712858164125e-02,4.195162911931574201e-02,6.014413161606199099e-01,-2.411273965013380205e-02,8.086245797075258812e-03,-1.448252104677277483e-02,2.657351711778272677e-03
2.350000000000000089e+00,6.289138818418561483e-01,-4.804337472437682915e-02,4.180001637627640820e-02,6.013410285374793940e-01,-2.402537218265663257e-02,8.026129374803769520e-03,-1.437350136933935284e-02,2.637732222245042519e-03
2.354166666666666519e+00,6.287140635236977415e-01,-4.786952289784705827e-02,4.164895150477550961e-02,6.012411042871812494e-01,-2.393832049524157249e-02,7.966465459193623061e-03,-1.426531675287958864e-02,2.618258943926115700e-03
2.358333333333333837e+00,6.285149682784036962e-01,-4.769629937032082712e-02,4.149843252522717602e-02,6.011415420963541756e-01,-2.385158344664782895e-02,7.907250584492599502e-03,-1.415796064539336097e-02,2.598930772955268531e-03
2.362500000000000266e+00,6.283165934927946727e-01,-4.752370187136011753e-02,4.134845746519742737e-02,6.010423406563737414e-01,-2.376515989975877194e-02,7.848481312137712412e-03,-1.405142654799323640e-02,2.579746613950481982e-03
2.366666666666666696e+00,6.281189365631341115e-01,-4.735172813873043257e-02,4.119902435937817381e-02,6.009434986633443998e-01,-2.367904872156690807e-02,7.790154230534765412e-03,-1.394570801445481692e-02,2.560705379947114061e-03
2.370833333333333570e+00,6.279219948950942598e-01,-4.718037591837126454e-02,4.105013124956159026e-02,6.008450148180833894e-01,-2.359324878315909382e-02,7.732265954839897572e-03,-1.384079865077135311e-02,2.541805992331653326e-03
2.375000000000000000e+00,6.277257659037226434e-01,-4.700964296436661860e-02,4.090177618461446341e-02,6.007468878261030820e-01,-2.350775895970176957e-02,7.674813126742941610e-03,-1.373669211471227093e-02,2.523047380776000624e-03
2.379166666666666874e+00,6.275302470134076493e-01,-4.683952703891545999e-02,4.075395722045255936e-02,6.006491163975942182e-01,-2.342257813042614503e-02,7.617792414252557570e-03,-1.363338211538553911e-02,2.504428483172268637e-03
2.383333333333333304e+00,6.273354356578448865e-01,-4.667002591230252906e-02,4.060667242001526900e-02,6.005516992474089211e-01,-2.333770517861359292e-02,7.561200511483281636e-03,-1.353086241280410974e-02,2.485948245568138284e-03
2.387500000000000178e+00,6.271413292800038786e-01,-4.650113736286898281e-02,4.045991985324012830e-02,6.004546350950438205e-01,-2.325313899158093500e-02,7.505034138444262835e-03,-1.342912681745604339e-02,2.467605622102709943e-03
2.391666666666667052e+00,6.269479253320943135e-01,-4.633285917698344580e-02,4.031369759703763017e-02,6.003579226646235112e-01,-2.316887846066592940e-02,7.449290040829887986e-03,-1.332816918987864141e-02,2.449399574942904157e-03
2.395833333333333481e+00,6.267552212755324037e-01,-4.616518914901292236e-02,4.016800373526600160e-02,6.002615606848836771e-01,-2.308492248121271281e-02,7.393964989812101471e-03,-1.322798344023625068e-02,2.431329074220359761e-03
2.400000000000000355e+00,6.265632145809081344e-01,-4.599812508129384053e-02,4.002283635870606399e-02,6.001655478891542161e-01,-2.300126995255728779e-02,7.339055781834482282e-03,-1.312856352790182750e-02,2.413393097968842028e-03
2.404166666666666785e+00,6.263719027279519569e-01,-4.583166478410342221e-02,3.987819356503630869e-02,6.000698830153430308e-01,-2.291791977801318353e-02,7.284559238408115645e-03,-1.302990346104233865e-02,2.395590632062178597e-03
2.408333333333333659e+00,6.261812832055012601e-01,-4.566580607563081734e-02,3.973407345880790309e-02,5.999745648059190417e-01,-2.283487086485698828e-02,7.230472205909094403e-03,-1.293199729620768054e-02,2.377920670152670717e-03
2.412500000000000089e+00,6.259913535114682848e-01,-4.550054678194869612e-02,3.959047415141994652e-02,5.998795920078963118e-01,-2.275212212431411765e-02,7.176791555377818460e-03,-1.283483913792342335e-02,2.360382213610030550e-03
2.416666666666666519e+00,6.258021111528067060e-01,-4.533588473698459131e-02,3.944739376109464984e-02,5.997849633728170593e-01,-2.266967247154447890e-02,7.123514182319901425e-03,-1.273842313828701250e-02,2.342974271460789015e-03
2.420833333333333837e+00,6.256135536454792145e-01,-4.517181778249260843e-02,3.930483041285270235e-02,5.996906776567352271e-01,-2.258752082562826002e-02,7.070637006508798984e-03,-1.264274349656764780e-02,2.325695860328207999e-03
2.425000000000000266e+00,6.254256785144252095e-01,-4.500834376802525377e-02,3.916278223848883300e-02,5.995967336202010500e-01,-2.250566610955185426e-02,7.018156971790126021e-03,-1.254779445880976549e-02,2.308546004372689572e-03
2.429166666666666696e+00,6.252384832935276027e-01,-4.484546055090502664e-02,3.902124737654717734e-02,5.995031300282438469e-01,-2.242410725019360757e-02,6.966071045887513302e-03,-1.245357031743983545e-02,2.291523735232631025e-03
2.433333333333333570e+00,6.250519655255813989e-01,-4.468316599619651108e-02,3.888022397229694282e-02,5.994098656503560330e-01,-2.234284317830984370e-02,6.914376220210201492e-03,-1.236006541087683250e-02,2.274628091965795549e-03
2.437500000000000000e+00,6.248661227622609449e-01,-4.452145797667840521e-02,3.873971017770821285e-02,5.993169392604774659e-01,-2.226187282852084767e-02,6.863069509662223303e-03,-1.226727412314611819e-02,2.257858120991145228e-03
2.441666666666666874e+00,6.246809525640878435e-01,-4.436033437281556441e-02,3.859970415142760514e-02,5.992243496369789035e-01,-2.218119513929686648e-02,6.812147952453133891e-03,-1.217519088349663589e-02,2.241212876031129387e-03
2.445833333333333304e+00,6.244964525003993128e-01,-4.419979307273132901e-02,3.846020405875427012e-02,5.991320955626462386e-01,-2.210080905294424178e-02,6.761608609910416123e-03,-1.208381016602164126e-02,2.224691418054466473e-03
2.450000000000000178e+00,6.243126201493160998e-01,-4.403983197217975487e-02,3.832120807161575049e-02,5.990401758246642894e-01,-2.202071351559149737e-02,6.711448566293372504e-03,-1.199312648928263850e-02,2.208292815219357452e-03
2.454166666666667052e+00,6.241294530977108401e-01,-4.388044897451813531e-02,3.818271436854413226e-02,5.989485892146012569e-01,-2.194090747717558632e-02,6.661664928608651212e-03,-1.190313441593676518e-02,2.192016142817188387e-03
2.458333333333333481e+00,6.239469489411764158e-01,-4.372164199067951618e-02,3.804472113465216104e-02,5.988573345283926264e-01,-2.186138989142809297e-02,6.612254826427274405e-03,-1.181382855236739159e-02,2.175860483216664979e-03
2.462500000000000355e+00,6.237651052839940924e-01,-4.356340893914523865e-02,3.790722656160942089e-02,5.987664105663254022e-01,-2.178215971586151475e-02,6.563215411703189617e-03,-1.172520354831795356e-02,2.159824925808401588e-03
2.466666666666666785e+00,6.235839197391029876e-01,-4.340574774591780122e-02,3.777022884761872118e-02,5.986758161330225647e-01,-2.170321591175563766e-02,6.514543858593397144e-03,-1.163725409652914024e-02,2.143908566949973438e-03
2.470833333333333659e+00,6.234033899280677637e-01,-4.324865634449356205e-02,3.763372619739242808e-02,5.985855500374269722e-01,-2.162455744414387357e-02,6.466237363279506850e-03,-1.154997493237910032e-02,2.128110509911386884e-03
2.475000000000000089e+00,6.232235134810482080e-01,-4.309213267583578838e-02,3.749771682212903884e-02,5.984956110927864836e-01,-2.154618328179976408e-02,6.418293143790862292e-03,-1.146336083352700146e-02,2.112429864821014150e-03
2.479166666666666519e+00,6.230442880367679237e-01,-4.293617468834756701e-02,3.736219893948965198e-02,5.984059981166375275e-01,-2.146809239722338725e-02,6.370708439829076038e-03,-1.137740661955956648e-02,2.096865748611941374e-03
2.483333333333333837e+00,6.228657112424832443e-01,-4.278078033784494388e-02,3.722717077357465265e-02,5.983167099307904468e-01,-2.139028376662794120e-02,6.323480512594068133e-03,-1.129210715164080323e-02,2.081417284968762899e-03
2.487500000000000266e+00,6.226877807539527021e-01,-4.262594758753029955e-02,3.709263055490056443e-02,5.982277453613132900e-01,-2.131275636992634864e-02,6.276606644611592949e-03,-1.120745733216487079e-02,2.066083604274811854e-03
2.491666666666666696e+00,6.225104942354060533e-01,-4.247167440796539850e-02,3.695857652037667224e-02,5.981391032385169337e-01,-2.123550919071783005e-02,6.230084139562097438e-03,-1.112345210441181148e-02,2.050863843559785384e-03
2.495833333333333570e+00,6.223338493595136356e-01,-4.231795877704498665e-02,3.682500691328207537e-02,5.980507823969397618e-01,-2.115854121627459838e-02,6.183910322111116353e-03,-1.104008645220648163e-02,2.035757146447821769e-03
2.500000000000000000e+00,6.221578438073562811e-01,-4.216479867997028480e-02,3.669191998324266429e-02,5.979627816753320113e-01,-2.108185143752864046e-02,6.138082537741046570e-03,-1.095735539958043493e-02,2.020762663105986952e-03
2.504166666666666874e+00,6.219824752683943414e-01,-4.201219210922248898e-02,3.655931398620809736e-02,5.978750999166406732e-01,-2.100543884905841166e-02,6.092598152584286636e-03,-1.087525401043668710e-02,2.005879550193163073e-03
2.508333333333333304e+00,6.218077414404380443e-01,-4.186013706453661082e-02,3.642718718442911063e-02,5.977877359679949487e-01,-2.092930244907573525e-02,6.047454553257837831e-03,-1.079377738821754758e-02,1.991106970809368524e-03
2.512500000000000178e+00,6.216336400296167408e-01,-4.170863155287513058e-02,3.629553784643459180e-02,5.977006886806898178e-01,-2.085344123941261160e-02,6.002649146699201056e-03,-1.071292067557522848e-02,1.976444094445463547e-03
2.516666666666667052e+00,6.214601687503489291e-01,-4.155767358840199016e-02,3.616436424700904262e-02,5.976139569101724947e-01,-2.077785422550818342e-02,5.958179360003725694e-03,-1.063267905404547374e-02,1.961890096933280835e-03
2.520833333333333481e+00,6.212873253253130557e-01,-4.140726119245654452e-02,3.603366466716990263e-02,5.975275395160264402e-01,-2.070254041639569068e-02,5.914042640263246498e-03,-1.055304774372393777e-02,1.947444160396143197e-03
2.525000000000000355e+00,6.211151074854164289e-01,-4.125739239352758242e-02,3.590343739414503244e-02,5.974414353619563745e-01,-2.062749882468943932e-02,5.870236454406077900e-03,-1.047402200294541598e-02,1.933105473199778473e-03
2.529166666666666785e+00,6.209435129697664646e-01,-4.110806522722759704e-02,3.577368072135033578e-02,5.973556433157741763e-01,-2.055272846657194702e-02,5.826758289038378759e-03,-1.039559712796595849e-02,1.918873229903642324e-03
2.533333333333333659e+00,6.207725395256408207e-01,-4.095927773626694551e-02,3.564439294836731914e-02,5.972701622493833407e-01,-2.047822836178096045e-02,5.783605650286768700e-03,-1.031776845264762224e-02,1.904746631212609871e-03
2.537500000000000089e+00,6.206021849084575326e-01,-4.081102797042831382e-02,3.551557238092094282e-02,5.971849910387643234e-01,-2.040399753359668084e-02,5.740776063642321833e-03,-1.024053134814613061e-02,1.890724883929080632e-03
2.541666666666666519e+00,6.204324468817460358e-01,-4.066331398654105672e-02,3.538721733085728460e-02,5.971001285639598866e-01,-2.033003500882891654e-02,5.698267073805793857e-03,-1.016388122260111597e-02,1.876807200905442541e-03
2.545833333333333837e+00,6.202633232171176347e-01,-4.051613384845577370e-02,3.525932611612151574e-02,5.970155737090606651e-01,-2.025633981780432941e-02,5.656076244534172758e-03,-1.008781352082915167e-02,1.862992800996931923e-03
2.550000000000000266e+00,6.200948116942361921e-01,-4.036948562701905829e-02,3.513189706073591850e-02,5.969313253621901794e-01,-2.018291099435379904e-02,5.614201158488520138e-03,-1.001232372401949372e-02,1.849280909014879666e-03
2.554166666666666696e+00,6.199269101007894855e-01,-4.022336740004802541e-02,3.500492849477779972e-02,5.968473824154900687e-01,-2.010974757579965175e-02,5.572639417082998238e-03,-9.937407349432318682e-03,1.835670755680302588e-03
2.558333333333333570e+00,6.197596162324595648e-01,-4.007777725230523419e-02,3.487841875435768180e-02,5.967637437651063248e-01,-2.003684860294310810e-02,5.531388640335228347e-03,-9.863059950099751019e-03,1.822161577577894893e-03
2.562500000000000000e+00,6.195929278928943296e-01,-3.993271327547363858e-02,3.475236618159756319e-02,5.966804083111740820e-01,-1.996421312005173046e-02,5.490446466717867000e-03,-9.789277114529437024e-03,1.808752617110381518e-03
2.566666666666666874e+00,6.194268428936788862e-01,-3.978817356813147549e-02,3.462676912460911638e-02,5.965973749578037388e-01,-1.989184017484682890e-02,5.449810553011374785e-03,-9.716054466410649695e-03,1.795443122453223208e-03
2.570833333333333304e+00,6.192613590543062374e-01,-3.964415623572745129e-02,3.450162593747211487e-02,5.965146426130660817e-01,-1.981972881849105791e-02,5.409478574158070596e-03,-9.643387664323033875e-03,1.782232347509706471e-03
2.575000000000000178e+00,6.190964742021493050e-01,-3.950065939055583120e-02,3.437693498021280464e-02,5.964322101889784067e-01,-1.974787810557591949e-02,5.369448223117318647e-03,-9.571272401447795605e-03,1.769119551866369430e-03
2.579166666666667052e+00,6.189321861724320639e-01,-3.935768115173179926e-02,3.425269461878251848e-02,5.963500766014899757e-01,-1.967628709410941881e-02,5.329717210721987043e-03,-9.499704405281483161e-03,1.756104000748805617e-03
2.583333333333333481e+00,6.187684928082015645e-01,-3.921521964516675590e-02,3.412890322503620011e-02,5.962682407704681387e-01,-1.960495484550369566e-02,5.290283265536041730e-03,-9.428679437352193229e-03,1.743184964977807783e-03
2.587500000000000355e+00,6.186053919602991780e-01,-3.907327300354374727e-02,3.400555917671106709e-02,5.961867016196836788e-01,-1.953388042456271137e-02,5.251144133713328728e-03,-9.358193292938235194e-03,1.730361720925861898e-03
2.591666666666666785e+00,6.184428814873330627e-01,-3.893183936629308894e-02,3.388266085740546107e-02,5.961054580767971567e-01,-1.946306289947004331e-02,5.212297578857554188e-03,-9.288241800789312497e-03,1.717633550474002412e-03
2.595833333333333659e+00,6.182809592556491873e-01,-3.879091687956785078e-02,3.376020665655753150e-02,5.960245090733446993e-01,-1.939250134177659957e-02,5.173741381883365138e-03,-9.218820822849999042e-03,1.704999740968992121e-03
2.600000000000000089e+00,6.181196231393045748e-01,-3.865050369621973042e-02,3.363819496942428017e-02,5.959438535447237895e-01,-1.932219482638852445e-02,5.135473340878645397e-03,-9.149926253985744828e-03,1.692459585180866762e-03
2.604166666666666519e+00,6.179588710200382140e-01,-3.851059797577470467e-02,3.351662419706043228e-02,5.958634904301798318e-01,-1.925214243155502769e-02,5.097491270967876610e-03,-9.081554021711129784e-03,1.680012381260796196e-03
2.608333333333333837e+00,6.177987007872441927e-01,-3.837119788440898627e-02,3.339549274629753650e-02,5.957834186727913872e-01,-1.918234323885630380e-02,5.059793004176678897e-03,-9.013700085920534066e-03,1.667657432699296222e-03
2.612500000000000266e+00,6.176391103379436087e-01,-3.823230159492506386e-02,3.327479902972316911e-02,5.957036372194575158e-01,-1.911279633319155208e-02,5.022376389297473868e-03,-8.946360438621195343e-03,1.655394048284779523e-03
2.616666666666666696e+00,6.174800975767572586e-01,-3.809390728672759630e-02,3.315454146565998544e-02,5.956241450208827892e-01,-1.904350080276690296e-02,4.985239291756186734e-03,-8.879531103668401523e-03,1.643221542062411932e-03
2.620833333333333570e+00,6.173216604158778820e-01,-3.795601314579968855e-02,3.303471847814511142e-02,5.955449410315641900e-01,-1.897445573908351779e-02,4.948379593480122830e-03,-8.813208136503138113e-03,1.631139233293323228e-03
2.625000000000000000e+00,6.171637967750429610e-01,-3.781861736467910518e-02,3.291532849690951418e-02,5.954660242097773448e-01,-1.890566023692568862e-02,4.911795192766910990e-03,-8.747387623891950820e-03,1.619146446414135168e-03
2.629166666666666874e+00,6.170065045815075200e-01,-3.768171814243453932e-02,3.279636995735734500e-02,5.953873935175627574e-01,-1.883711339434893453e-02,4.875484004154489494e-03,-8.682065683668990438e-03,1.607242510996801776e-03
2.633333333333333304e+00,6.168497817700168140e-01,-3.754531368464209679e-02,3.267784130054553898e-02,5.953090479207122643e-01,-1.876881431266823677e-02,4.839443958292223916e-03,-8.617238464480389201e-03,1.595426761708787673e-03
2.637500000000000178e+00,6.166936262827795723e-01,-3.740940220336166910e-02,3.255974097316331750e-02,5.952309863887553787e-01,-1.870076209644619056e-02,4.803673001813019844e-03,-8.552902145530734412e-03,1.583698538273543930e-03
2.641666666666667052e+00,6.165380360694405759e-01,-3.727398191711363967e-02,3.244206742751190586e-02,5.951532078949458571e-01,-1.863295585348134775e-02,4.768169097206550154e-03,-8.489052936331818039e-03,1.572057185431318489e-03
2.645833333333333481e+00,6.163830090870540124e-01,-3.713905105085547192e-02,3.232481912148422315e-02,5.950757114162483763e-01,-1.856539469479647625e-02,4.732930222693479752e-03,-8.425687076453493990e-03,1.560502052900265401e-03
2.650000000000000355e+00,6.162285433000569412e-01,-3.700460783595841546e-02,3.220799451854467615e-02,5.949984959333247669e-01,-1.849807773462689917e-02,4.697954372100730282e-03,-8.362800835276679515e-03,1.549032495337862407e-03
2.654166666666666785e+00,6.160746366802420937e-01,-3.687065051018444117e-02,3.209159208770908517e-02,5.949215604305211347e-01,-1.843100409040893117e-02,4.663239554737803015e-03,-8.300390511748535413e-03,1.537647872302650960e-03
2.658333333333333659e+00,6.159212872067317823e-01,-3.673717731766303757e-02,3.197561030352454731e-02,5.948449038958540935e-01,-1.836417288276826973e-02,4.628783795274065381e-03,-8.238452434139665465e-03,1.526347548216258794e-03
2.662500000000000089e+00,6.157684928659511447e-01,-3.660418650886829162e-02,3.186004764604954964e-02,5.947685253209977763e-01,-1.829758323550851121e-02,4.594585133617096542e-03,-8.176982959803505077e-03,1.515130892325747096e-03
2.666666666666666519e+00,6.156162516516019423e-01,-3.647167634059592795e-02,3.174490260083397825e-02,5.946924237012704006e-01,-1.823123427559962192e-02,4.560641624791987071e-03,-8.115978474937677115e-03,1.503997278666237194e-03
2.670833333333333837e+00,6.154645615646360257e-01,-3.633964507594042437e-02,3.163017365889930071e-02,5.946165980356215019e-01,-1.816512513316651325e-02,4.526951338821649969e-03,-8.055435394347451941e-03,1.492946086023845152e-03
2.675000000000000266e+00,6.153134206132292450e-01,-3.620809098427240497e-02,3.151585931671888052e-02,5.945410473266181661e-01,-1.809925494147769653e-02,4.493512360608141291e-03,-7.995350161211275258e-03,1.481976697898917776e-03
2.679166666666667140e+00,6.151628268127554700e-01,-3.607701234121577644e-02,3.140195807619814566e-02,5.944657705804327064e-01,-1.803362283693382001e-02,4.460322789814875032e-03,-7.935719246848174646e-03,1.471088502469536635e-03
2.683333333333333570e+00,6.150127781857605003e-01,-3.594640742862526689e-02,3.128846844465508342e-02,5.943907668068291184e-01,-1.796822795905644518e-02,4.427380740749894440e-03,-7.876539150487327570e-03,1.460280892555340833e-03
2.687500000000000000e+00,6.148632727619359750e-01,-3.581627453456385363e-02,3.117538893480061718e-02,5.943160350191500907e-01,-1.790306945047670864e-02,4.394684342250028061e-03,-7.817806399039464726e-03,1.449553265581614986e-03
2.691666666666666430e+00,6.147143085780939487e-01,-3.568661195328034358e-02,3.106271806471914976e-02,5.942415742343044593e-01,-1.783814645692411230e-02,4.362231737566036292e-03,-7.759517546870312553e-03,1.438905023543674260e-03
2.695833333333333304e+00,6.145658836781406897e-01,-3.555741798518704394e-02,3.095045435784914839e-02,5.941673834727538850e-01,-1.777345812721532747e-02,4.330021084248679084e-03,-7.701669175575943938e-03,1.428335572971528057e-03
2.700000000000000178e+00,6.144179961130513679e-01,-3.542869093683747445e-02,3.083859634296382338e-02,5.940934617585004185e-01,-1.770900361324303368e-02,4.298050554035729928e-03,-7.644257893760073551e-03,1.417844324894826022e-03
2.704166666666667052e+00,6.142706439408446295e-01,-3.530042912090420454e-02,3.072714255415183449e-02,5.940198081190732893e-01,-1.764478206996481641e-02,4.266318332739894512e-03,-7.587280336813221476e-03,1.407430694808079006e-03
2.708333333333333481e+00,6.141238252265565079e-01,-3.517263085615671137e-02,3.061609153079809797e-02,5.939464215855165818e-01,-1.758079265539207528e-02,4.234822620137662641e-03,-7.530733166693800648e-03,1.397094102636158670e-03
2.712500000000000355e+00,6.139775380422157758e-01,-3.504529446743935572e-02,3.050544181756462483e-02,5.938733011923761351e-01,-1.751703453057898083e-02,4.203561629859046619e-03,-7.474613071711030954e-03,1.386833972700065535e-03
2.716666666666666785e+00,6.138317804668185218e-01,-3.491841828564947597e-02,3.039519196437151863e-02,5.938004459776871080e-01,-1.745350685961152490e-02,4.172533589278263309e-03,-7.418916766309781481e-03,1.376649733682979793e-03
2.720833333333333659e+00,6.136865505863026149e-01,-3.479200064771545420e-02,3.028534052637791435e-02,5.937278549829615448e-01,-1.739020880959650517e-02,4.141736739405247128e-03,-7.363640990857150959e-03,1.366540818596564955e-03
2.725000000000000089e+00,6.135418464935229466e-01,-3.466603989657499052e-02,3.017588606396311504e-02,5.936555272531752747e-01,-1.732713955065066230e-02,4.111169334778114540e-03,-7.308782511430969402e-03,1.356506664747555557e-03
2.729166666666666519e+00,6.133976662882263398e-01,-3.454053438115334967e-02,3.006682714270767984e-02,5.935834618367560322e-01,-1.726429825588976508e-02,4.080829643356449071e-03,-7.254338119610015401e-03,1.346546713704594020e-03
2.733333333333333837e+00,6.132540080770266799e-01,-3.441548245634171166e-02,2.995816233337464038e-02,5.935116577855704678e-01,-1.720168410141778917e-02,4.050715946415484048e-03,-7.200304632266067012e-03,1.336660411265337906e-03
2.737500000000000266e+00,6.131108699733801570e-01,-3.429088248297572361e-02,2.984989021189087335e-02,5.934401141549119352e-01,-1.713929626631615147e-02,4.020826538441174373e-03,-7.146678891357762832e-03,1.326847207423835408e-03
2.741666666666667140e+00,6.129682500975602855e-01,-3.416673282781386434e-02,2.974200935932828221e-02,5.933688300034881680e-01,-1.707713393263287499e-02,3.991159727026047203e-03,-7.093457763726095447e-03,1.317106556338135462e-03
2.745833333333333570e+00,6.128261465766335903e-01,-3.404303186351617660e-02,2.963451836188536054e-02,5.932978043934089563e-01,-1.701519628537194462e-02,3.961713832765988499e-03,-7.040638140891790527e-03,1.307437916298182347e-03
2.750000000000000000e+00,6.126845575444349601e-01,-3.391977796862286759e-02,2.952741581086857497e-02,5.932270363901736010e-01,-1.695348251248258650e-02,3.932487189157805874e-03,-6.988216938854300078e-03,1.297840749693941233e-03
2.754166666666666430e+00,6.125434811415428893e-01,-3.379696952753310363e-02,2.942070030267395983e-02,5.931565250626589236e-01,-1.689199180484863075e-02,3.903478142497661396e-03,-6.936191097892562517e-03,1.288314522983790428e-03
2.758333333333333304e+00,6.124029155152558301e-01,-3.367460493048381187e-02,2.931437043876871512e-02,5.930862694831069426e-01,-1.683072335627790531e-02,3.874685051780311050e-03,-6.884557582367433273e-03,1.278858706663155631e-03
2.762500000000000178e+00,6.122628588195668797e-01,-3.355268257352862771e-02,2.920842482567290524e-02,5.930162687271126609e-01,-1.676967636349169233e-02,3.846106288599184658e-03,-6.833313380525817167e-03,1.269472775233397447e-03
2.766666666666667052e+00,6.121233092151406874e-01,-3.343120085851686296e-02,2.910286207494118885e-02,5.929465218736121868e-01,-1.670885002611417758e-02,3.817740237047255545e-03,-6.782455504306424479e-03,1.260156207170939815e-03
2.770833333333333481e+00,6.119842648692884746e-01,-3.331015819307255738e-02,2.899768080314464591e-02,5.928770280048702990e-01,-1.664824354666197617e-02,3.789585293618730286e-03,-6.731980989147214045e-03,1.250908484896644983e-03
2.775000000000000355e+00,6.118457239559446093e-01,-3.318955299057357866e-02,2.889287963185260821e-02,5.928077862064689008e-01,-1.658785613053364444e-02,3.761639867111524291e-03,-6.681886893794428822e-03,1.241729094745427009e-03
2.779166666666666785e+00,6.117076846556422920e-01,-3.306938367013093766e-02,2.878845718761468414e-02,5.927387955672943631e-01,-1.652768698599932709e-02,3.733902378530559642e-03,-6.632170300113311538e-03,1.232617526936114405e-03
2.783333333333333659e+00,6.115701451554899082e-01,-3.294964865656795777e-02,2.868441210194268981e-02,5.926700551795263117e-01,-1.646773532419032807e-02,3.706371260991801926e-03,-6.582828312900346895e-03,1.223573275541535270e-03
2.787500000000000089e+00,6.114331036491470472e-01,-3.283034638039972891e-02,2.858074301129279182e-02,5.926015641386253030e-01,-1.640800035908880281e-02,3.679044959627126698e-03,-6.533858059697176049e-03,1.214595838458856552e-03
2.791666666666666519e+00,6.112965583368014100e-01,-3.271147527781247816e-02,2.847744855704758063e-02,5.925333215433208345e-01,-1.634848130751743664e-02,3.651921931489912360e-03,-6.485256690606009886e-03,1.205684717380139936e-03
2.795833333333333837e+00,6.111605074251441616e-01,-3.259303379064307921e-02,2.837452738549830003e-02,5.924653264956000198e-01,-1.628917738912917870e-02,3.625000645461425378e-03,-6.437021378106646055e-03,1.196839417763140160e-03
2.800000000000000266e+00,6.110249491273478384e-01,-3.247502036635876305e-02,2.827197814782717381e-02,5.923975781006954877e-01,-1.623008782639707298e-02,3.598279582157978742e-03,-6.389149316875069803e-03,1.188059448802338382e-03
2.804166666666667140e+00,6.108898816630415896e-01,-3.235743345803656495e-02,2.816979950008961439e-02,5.923300754670733914e-01,-1.617121184460396793e-02,3.571757233838786065e-03,-6.341637723603475545e-03,1.179344323400184375e-03
2.808333333333333570e+00,6.107553032582886399e-01,-3.224027152434323640e-02,2.806799010319674381e-02,5.922628177064225286e-01,-1.611254867183244815e-02,3.545432104314634025e-03,-6.294483836821939023e-03,1.170693558138588726e-03
2.812500000000000000e+00,6.106212121455628639e-01,-3.212353302951494877e-02,2.796654862289775847e-02,5.921958039336417956e-01,-1.605409753895467237e-02,3.519302708857236991e-03,-6.247684916721503272e-03,1.162106673250621475e-03
2.816666666666666430e+00,6.104876065637254712e-01,-3.200721644333720528e-02,2.786547372976249520e-02,5.921290332668291967e-01,-1.599585767962230856e-02,3.493367574109361006e-03,-6.201238244978804146e-03,1.153583192592444505e-03
2.820833333333333304e+00,6.103544847580021360e-01,-3.189132024112478758e-02,2.776476409916401114e-02,5.920625048272700752e-01,-1.593782833025648993e-02,3.467625237995656390e-03,-6.155141124582160818e-03,1.145122643615459693e-03
2.825000000000000178e+00,6.102218449799597932e-01,-3.177584290370180642e-02,2.766441841126124693e-02,5.919962177394256786e-01,-1.588000873003780899e-02,3.442074249634229349e-03,-6.109390879659142536e-03,1.136724557338679746e-03
2.829166666666667052e+00,6.100896854874838793e-01,-3.166078291738173150e-02,2.756443535098170375e-02,5.919301711309212788e-01,-1.582239812089634295e-02,3.416713169248907032e-03,-6.063984855305576058e-03,1.128388468321313287e-03
2.833333333333333481e+00,6.099580045447556831e-01,-3.154613877394764343e-02,2.746481360800426264e-02,5.918643641325352922e-01,-1.576499574750173105e-02,3.391540568082232476e-03,-6.018920417416005059e-03,1.120113914635567426e-03
2.837500000000000355e+00,6.098268004222289207e-01,-3.143190897063236761e-02,2.736555187674194478e-02,5.917987958781878444e-01,-1.570780085725323114e-02,3.366555028309139996e-03,-5.974194952515554657e-03,1.111900437839661313e-03
2.841666666666666785e+00,6.096960713966079748e-01,-3.131809201009889271e-02,2.726664885632490778e-02,5.917334655049288905e-01,-1.565081270026992891e-02,3.341755142951363493e-03,-5.929805867593268727e-03,1.103747582951060012e-03
2.845833333333333659e+00,6.095658157508244690e-01,-3.120468640042066075e-02,2.716810325058331352e-02,5.916683721529273354e-01,-1.559403052938083609e-02,3.317139515792492249e-03,-5.885750589936765594e-03,1.095654898419906121e-03
2.850000000000000089e+00,6.094360317740153965e-01,-3.109169065506209653e-02,2.706991376803042498e-02,5.916035149654597092e-01,-1.553745360011515864e-02,3.292706761293757479e-03,-5.842026566968376057e-03,1.087621936102675397e-03
2.854166666666666519e+00,6.093067177615004715e-01,-3.097910329285906775e-02,2.697207912184563031e-02,5.915388930888989538e-01,-1.548108117069249383e-02,3.268455504510457254e-03,-5.798631266082576383e-03,1.079648251236023197e-03
2.858333333333333837e+00,6.091778720147594806e-01,-3.086692283799948033e-02,2.687459802985759857e-02,5.914745056727029882e-01,-1.542491250201312274e-02,3.244384381009081820e-03,-5.755562174484836827e-03,1.071733402410848844e-03
2.862500000000000266e+00,6.090494928414106335e-01,-3.075514782000404040e-02,2.677746921452755016e-02,5.914103518694040496e-01,-1.536894685764836690e-02,3.220492036785119368e-03,-5.712816799031842328e-03,1.063876951546562956e-03
2.866666666666667140e+00,6.089215785551879145e-01,-3.064377677370682881e-02,2.668069140293240216e-02,5.913464308345970366e-01,-1.531318350383085135e-02,3.196777128181471552e-03,-5.670392666072970010e-03,1.056078463865544074e-03
2.870833333333333570e+00,6.087941274759192112e-01,-3.053280823923624349e-02,2.658426332674820869e-02,5.912827417269286290e-01,-1.525762170944496877e-02,3.173238321807594561e-03,-5.628287321293203027e-03,1.048337507867813873e-03
2.875000000000000000e+00,6.086671379295039985e-01,-3.042224076199577520e-02,2.648818372223346249e-02,5.912192837080866292e-01,-1.520226074601724493e-02,3.149874294459237799e-03,-5.586498329557275204e-03,1.040653655305896676e-03
2.879166666666666430e+00,6.085406082478919121e-01,-3.031207289264499852e-02,2.639245133021259071e-02,5.911560559427881945e-01,-1.514709988770681671e-02,3.126683733038859540e-03,-5.545023274755183501e-03,1.033026481159884111e-03
2.883333333333333304e+00,6.084145367690603212e-01,-3.020230318708055917e-02,2.629706489605942304e-02,5.910930575987698443e-01,-1.509213841129590505e-02,3.103665334476672730e-03,-5.503859759648954686e-03,1.025455563612692311e-03
2.887500000000000178e+00,6.082889218369931239e-01,-3.009293020641728988e-02,2.620202316968081244e-02,5.910302878467758037e-01,-1.503737559618035721e-02,3.080817805652332191e-03,-5.463005405720730394e-03,1.017940484025516013e-03
2.891666666666667052e+00,6.081637618016583202e-01,-2.998395251696930539e-02,2.610732490550020726e-02,5.909677458605472333e-01,-1.498281072436018560e-02,3.058139863317244599e-03,-5.422457853022095119e-03,1.010480826913471089e-03
2.895833333333333481e+00,6.080390550189871401e-01,-2.987536869023126734e-02,2.601296886244136228e-02,5.909054308168120162e-01,-1.492844308043016210e-02,3.035630234017509463e-03,-5.382214760024680959e-03,1.003076179921430500e-03
2.900000000000000355e+00,6.079147998508519501e-01,-2.976717730285959734e-02,2.591895380391204262e-02,5.908433418952728777e-01,-1.487427195157042630e-02,3.013287654017470299e-03,-5.342273803472007490e-03,9.957261338000480272e-04
2.904166666666666785e+00,6.077909946650452699e-01,-2.965937693665391880e-02,2.582527849778789436e-02,5.907814782785979490e-01,-1.482029662753718557e-02,2.991110869223903741e-03,-5.302632678232598387e-03,9.884302823819739181e-04
2.908333333333333659e+00,6.076676378352577901e-01,-2.955196617853838095e-02,2.573194171639622482e-02,5.907198391524086656e-01,-1.476651640065334940e-02,2.969098635110785020e-03,-5.263289097154270728e-03,9.811882225582500665e-04
2.912500000000000089e+00,6.075447277410576108e-01,-2.944494362054323952e-02,2.563894223649999804e-02,5.906584237052703301e-01,-1.471293056579931272e-02,2.947249716644692683e-03,-5.224240790919699312e-03,9.739995542548988364e-04
2.916666666666666519e+00,6.074222627678684816e-01,-2.933830785978631950e-02,2.554627883928174345e-02,5.905972311286806775e-01,-1.465953842040366648e-02,2.925562888210780574e-03,-5.185485507903138044e-03,9.668638804096850317e-04
2.920833333333333837e+00,6.073002413069493732e-01,-2.923205749845465828e-02,2.545395031032760685e-02,5.905362606170595496e-01,-1.460633926443400364e-02,2.904036933539363898e-03,-5.147021014028361693e-03,9.597808069490667334e-04
2.925000000000000266e+00,6.071786617553723842e-01,-2.912619114378627722e-02,2.536195543961151586e-02,5.904755113677384593e-01,-1.455333240038778585e-02,2.882670645633105076e-03,-5.108845092627825428e-03,9.527499427653301264e-04
2.929166666666667140e+00,6.070575225160028676e-01,-2.902070740805178309e-02,2.527029302147919959e-02,5.904149825809495988e-01,-1.450051713328312508e-02,2.861462826694740388e-03,-5.070955544302908555e-03,9.457708996938879323e-04
2.933333333333333570e+00,6.069368219974775602e-01,-2.891560490853630622e-02,2.517896185463250683e-02,5.903546734598160706e-01,-1.444789277064974752e-02,2.840412288055442838e-03,-5.033350186785430676e-03,9.388432924907747336e-04
2.937500000000000000e+00,6.068165586141841539e-01,-2.881088226752131706e-02,2.508796074211359917e-02,5.902945832103408952e-01,-1.439545862251986712e-02,2.819517850103711500e-03,-4.996026854800242507e-03,9.319667388103026508e-04
2.941666666666666430e+00,6.066967307862405345e-01,-2.870653811226659899e-02,2.499728849128931077e-02,5.902347110413965758e-01,-1.434321400141916857e-02,2.798778342214863681e-03,-4.958983399929005852e-03,9.251408591829012257e-04
2.945833333333333304e+00,6.065773369394739101e-01,-2.860257107499225224e-02,2.490694391383549075e-02,5.901750561647152171e-01,-1.429115822235779015e-02,2.778192602681072657e-03,-4.922217690475084659e-03,9.183652769931258987e-04
2.950000000000000178e+00,6.064583755054003822e-01,-2.849897979286079158e-02,2.481692582572149128e-02,5.901156177948777559e-01,-1.423929060282135006e-02,2.757759478641982204e-03,-4.885727611329584476e-03,9.116396184578418006e-04
2.954166666666667052e+00,6.063398449212041852e-01,-2.839576290795927174e-02,2.472723304719460363e-02,5.900563951493037473e-01,-1.418761046276199866e-02,2.737477826015859757e-03,-4.849511063838480435e-03,9.049635126045739702e-04
2.958333333333333481e+00,6.062217436297173689e-01,-2.829291906728150646e-02,2.463786440276463305e-02,5.899973874482411507e-01,-1.413611712458951244e-02,2.717346509431315966e-03,-4.813565965670871076e-03,8.983365912500303934e-04
2.962500000000000355e+00,6.061040700793991487e-01,-2.819044692271029454e-02,2.454881872118847355e-02,5.899385939147562263e-01,-1.408480991316238447e-02,2.697364402159552893e-03,-4.777890250688303364e-03,8.917584889787878895e-04
2.966666666666666785e+00,6.059868227243160321e-01,-2.808834513099984359e-02,2.446009483545480423e-02,5.898800137747232109e-01,-1.403368815577902412e-02,2.677530386047183384e-03,-4.742481868815227007e-03,8.852288431221527710e-04
2.970833333333333659e+00,6.058700000241210581e-01,-2.798661235375806897e-02,2.437169158276875428e-02,5.898216462568141027e-01,-1.398275118216888921e-02,2.657843351449551764e-03,-4.707338785910467928e-03,8.787472937371757853e-04
2.975000000000000089e+00,6.057536004440337019e-01,-2.788524725742915975e-02,2.428360780453672763e-02,5.897634905924886706e-01,-1.393199832448374989e-02,2.638302197164623091e-03,-4.672458983639830171e-03,8.723134835858421549e-04
2.979166666666666519e+00,6.056376224548202236e-01,-2.778424851327600600e-02,2.419584234635116515e-02,5.897055460159845719e-01,-1.388142891728889709e-02,2.618905830367371582e-03,-4.637840459349698748e-03,8.659270581144131894e-04
2.983333333333333837e+00,6.055220645327730189e-01,-2.768361479736283770e-02,2.410839405797544216e-02,5.896478117643065842e-01,-1.383104229755442900e-02,2.599653166544708092e-03,-4.603481225941724944e-03,8.595876654329356230e-04
2.987500000000000266e+00,6.054069251596909673e-01,-2.758334479053792948e-02,2.402126179332886649e-02,5.895902870772178339e-01,-1.378083780464659999e-02,2.580543129430942773e-03,-4.569379311748568082e-03,8.532949562949141255e-04
2.991666666666667140e+00,6.052922028228595597e-01,-2.748343717841618752e-02,2.393444441047154134e-02,5.895329711972283615e-01,-1.373081478031909497e-02,2.561574650943716953e-03,-4.535532760410598309e-03,8.470485840771287698e-04
2.995833333333333570e+00,6.051778960150308029e-01,-2.738389065136205211e-02,2.384794077158952294e-02,5.894758633695864614e-01,-1.368097256870446504e-02,2.542746671120502729e-03,-4.501939630753707018e-03,8.408482047596264062e-04
3.000000000000000000e+00,6.050640032344037911e-01,-2.728470390447225447e-02,2.376174974297983258e-02,5.894189628422681348e-01,-1.363131051630548513e-02,2.524058138055565274e-03,-4.468597996668062684e-03,8.346934769058547178e-04
3.004166666666666430e+00,6.049505229846049437e-01,-2.718587563755876443e-02,2.367587019503564205e-02,5.893622688659673203e-01,-1.358182797198661564e-02,2.505508007837454251e-03,-4.435505946987910141e-03,8.285840616429594480e-04
3.008333333333333304e+00,6.048374537746681323e-01,-2.708740455513172080e-02,2.359030100223147644e-02,5.893057806940860122e-01,-1.353252428696545898e-02,2.487095244486983107e-03,-4.402661585372345636e-03,8.225196226422307058e-04
3.012500000000000178e+00,6.047247941190156961e-01,-2.698928936638250384e-02,2.350504104310846901e-02,5.892494975827248238e-01,-1.348339881480426633e-02,2.468818819895707544e-03,-4.370063030187094563e-03,8.164998260997049628e-04
3.016666666666667052e+00,6.046125425374381246e-01,-2.689152878516676975e-02,2.342008920025966112e-02,5.891934187906728848e-01,-1.343445091140145140e-02,2.450677713764891005e-03,-4.337708414387245019e-03,8.105243407169139590e-04
3.020833333333333481e+00,6.045006975550756279e-01,-2.679412152998764812e-02,2.333544436031538202e-02,5.891375435793980708e-01,-1.338567993498316136e-02,2.432670913544959356e-03,-4.305595885400976229e-03,8.045928376817875665e-04
3.025000000000000355e+00,6.043892577023979307e-01,-2.669706632397888038e-02,2.325110541392861815e-02,5.890818712130376777e-01,-1.333708524609484268e-02,2.414797414375430013e-03,-4.273723605014213313e-03,7.987049906497004168e-04
3.029166666666666785e+00,6.042782215151858427e-01,-2.660036189488817343e-02,2.316707125576055598e-02,5.890264009583885407e-01,-1.328866620759289879e-02,2.397056219025340672e-03,-4.242089749256289059e-03,7.928604757246733538e-04
3.033333333333333659e+00,6.041675875345112745e-01,-2.650400697506044914e-02,2.308334078446601725e-02,5.889711320848973752e-01,-1.324042218463629753e-02,2.379446337834122127e-03,-4.210692508286484337e-03,7.870589714407122536e-04
3.037500000000000089e+00,6.040573543067186968e-01,-2.640800030142131244e-02,2.299991290267911284e-02,5.889160638646514512e-01,-1.319235254467828779e-02,2.361966788652973721e-03,-4.179530086281567705e-03,7.813001587433012363e-04
3.041666666666666519e+00,6.039475203834057115e-01,-2.631234061546043612e-02,2.291678651699879596e-02,5.888611955723686009e-01,-1.314445665745807984e-02,2.344616596786676822e-03,-4.148600701324212797e-03,7.755837209710308598e-04
3.045833333333333837e+00,6.038380843214044003e-01,-2.621702666321507405e-02,2.283396053797457151e-02,5.888065264853883374e-01,-1.309673389499258801e-02,2.327394794935887939e-03,-4.117902585292361993e-03,7.699093438373746327e-04
3.050000000000000266e+00,6.037290446827621171e-01,-2.612205719525372352e-02,2.275143388009227136e-02,5.887520558836618623e-01,-1.304918363156824281e-02,2.310300423139900663e-03,-4.087433983749519037e-03,7.642767154126101602e-04
3.054166666666667140e+00,6.036204000347228371e-01,-2.602743096665960376e-02,2.266920546175971857e-02,5.886977830497426289e-01,-1.300180524373271973e-02,2.293332528719825222e-03,-4.057193155835888201e-03,7.586855261058689844e-04
3.058333333333333570e+00,6.035121489497083935e-01,-2.593314673701447096e-02,2.258727420529267962e-02,5.886437072687775718e-01,-1.295459811028682774e-02,2.276490166222266357e-03,-4.027178374160478823e-03,7.531354686473405984e-04
3.062500000000000000e+00,6.034042900052993819e-01,-2.583920327038229450e-02,2.250563903690066397e-02,5.885898278284967811e-01,-1.290756161227633522e-02,2.259772397363411442e-03,-3.997387924694047710e-03,7.476262380706027695e-04
3.066666666666666430e+00,6.032968217842171743e-01,-2.574559933529308245e-02,2.242429888667289012e-02,5.885361440192049542e-01,-1.286069513298386535e-02,2.243178290973585256e-03,-3.967820106662949681e-03,7.421575316950963872e-04
3.070833333333333304e+00,6.031897428743048239e-01,-2.565233370472674509e-02,2.234325268856426211e-02,5.884826551337717371e-01,-1.281399805792081403e-02,2.226706922942236263e-03,-3.938473232443851120e-03,7.367290491087330169e-04
3.075000000000000178e+00,6.030830518685086350e-01,-2.555940515609703145e-02,2.226249938038142237e-02,5.884293604676223977e-01,-1.276746977481930424e-02,2.210357376163363512e-03,-3.909345627459320446e-03,7.313404921506398227e-04
3.079166666666667052e+00,6.029767473648601772e-01,-2.546681247123548653e-02,2.218203790376882187e-02,5.883762593187290557e-01,-1.272110967362414906e-02,2.194128740481372884e-03,-3.880435630074259481e-03,7.259915648940357862e-04
3.083333333333333481e+00,6.028708279664569680e-01,-2.537455443637551267e-02,2.210186720419484926e-02,5.883233509876005796e-01,-1.267491714648487020e-02,2.178020112637365276e-03,-3.851741591493204782e-03,7.206819736292424759e-04
3.087500000000000355e+00,6.027652922814452641e-01,-2.528262984213642053e-02,2.202198623093801558e-02,5.882706347772744815e-01,-1.262889158774770267e-02,2.162030596215846773e-03,-3.823261875658449504e-03,7.154114268468248113e-04
3.091666666666666785e+00,6.026601389230010763e-01,-2.519103748350765004e-02,2.194239393707321864e-02,5.882181099933070367e-01,-1.258303239394769658e-02,2.146159301591874218e-03,-3.794994859149041291e-03,7.101796352208671363e-04
3.095833333333333659e+00,6.025553665093121847e-01,-2.509977615983290458e-02,2.186308927945797634e-02,5.881657759437645128e-01,-1.253733896380076866e-02,2.130405345878601080e-03,-3.766938931080557763e-03,7.049863115923719155e-04
3.100000000000000089e+00,6.024509736635601520e-01,-2.500884467479450035e-02,2.178407121871882637e-02,5.881136319392137324e-01,-1.249181069819585953e-02,2.114767852875259167e-03,-3.739092493005758463e-03,6.998311709527954734e-04
3.104166666666666519e+00,6.023469590139021168e-01,-2.491824183639761853e-02,2.170533871923764971e-02,5.880616772927135250e-01,-1.244644700018704767e-02,2.099245953015534127e-03,-3.711453958816004865e-03,6.947139304277029966e-04
3.108333333333333837e+00,6.022433211934530295e-01,-2.482796645695469623e-02,2.162689074913812237e-02,5.880099113198055116e-01,-1.240124727498573623e-02,2.083838783316358575e-03,-3.684021754643514342e-03,6.896343092605551573e-04
3.112500000000000266e+00,6.021400588402673337e-01,-2.473801735306995972e-02,2.154872628027225054e-02,5.879583333385052235e-01,-1.235621092995288668e-02,2.068545487327126328e-03,-3.656794318764432488e-03,6.845920287966236490e-04
3.116666666666667140e+00,6.020371705973215359e-01,-2.464839334562375292e-02,2.147084428820680846e-02,5.879069426692926648e-01,-1.231133737459119866e-02,2.053365215079267468e-03,-3.629770101502640539e-03,6.795868124670196957e-04
3.120833333333333570e+00,6.019346551124962197e-01,-2.455909325975724408e-02,2.139324375220999150e-02,5.878557386351040970e-01,-1.226662602053741648e-02,2.038297123036271388e-03,-3.602947565134423640e-03,6.746183857728604719e-04
3.125000000000000000e+00,6.018325110385585042e-01,-2.447011592485691389e-02,2.131592365523800672e-02,5.878047205613229353e-01,-1.222207628155458706e-02,2.023340374044068930e-03,-3.576325183793860763e-03,6.696864762695465450e-04
3.129166666666666430e+00,6.017307370331440586e-01,-2.438146017453929337e-02,2.123888298392176063e-02,5.877538877757705338e-01,-1.217768757352439245e-02,2.008494137281825222e-03,-3.549901443379027775e-03,6.647908135511686623e-04
3.133333333333333304e+00,6.016293317587397826e-01,-2.429312484663562893e-02,2.116212072855358506e-02,5.877032396086979693e-01,-1.213345931443948582e-02,1.993757588213115450e-03,-3.523674841458944267e-03,6.599311292350308741e-04
3.137500000000000178e+00,6.015282938826661541e-01,-2.420510878317670353e-02,2.108563588307401163e-02,5.876527753927766051e-01,-1.208939092439587776e-02,1.979129908537493980e-03,-3.497643887181303181e-03,6.551071569462968208e-04
3.141666666666667052e+00,6.014276220770599091e-01,-2.411741083037762315e-02,2.100942744505859133e-02,5.876024944630902080e-01,-1.204548182558532084e-02,1.964610286142433413e-03,-3.471807101180932921e-03,6.503186323027512717e-04
3.145833333333333481e+00,6.013273150188562788e-01,-2.403002983862272818e-02,2.093349441570476269e-02,5.875523961571254006e-01,-1.200173144228774275e-02,1.950197915055656549e-03,-3.446163015489024043e-03,6.455652928996823353e-04
3.150000000000000355e+00,6.012273713897722249e-01,-2.394296466245047703e-02,2.085783579981874761e-02,5.875024798147631122e-01,-1.195813920086369157e-02,1.935891995397832433e-03,-3.420710173443079760e-03,6.408468782948777273e-04
3.154166666666666785e+00,6.011277898762885652e-01,-2.385621416053851362e-02,2.078245060580255488e-02,5.874527447782705858e-01,-1.191470452974683659e-02,1.921691733335663139e-03,-3.395447129597634929e-03,6.361631299937421441e-04
3.158333333333333659e+00,6.010285691696330979e-01,-2.376977719568864125e-02,2.070733784564093849e-02,5.874031903922920517e-01,-1.187142685943645172e-02,1.907596341035319677e-03,-3.370372449635659386e-03,6.315137914345225149e-04
3.162500000000000089e+00,6.009297079657636154e-01,-2.368365263481198024e-02,2.063249653488850865e-02,5.873538160038401790e-01,-1.182830562248998046e-02,1.893605036616267988e-03,-3.345484710280731931e-03,6.268986079736555512e-04
3.166666666666666519e+00,6.008312049653502518e-01,-2.359783934891406323e-02,2.055792569265679076e-02,5.873046209622880820e-01,-1.178534025351557317e-02,1.879717044105438419e-03,-3.320782499209887391e-03,6.223173268712205728e-04
3.170833333333333837e+00,6.007330588737589405e-01,-2.351233621308006921e-02,2.048362434160138149e-02,5.872556046193602164e-01,-1.174253018916467453e-02,1.865931593391769025e-03,-3.296264414967199630e-03,6.177696972765098606e-04
3.175000000000000266e+00,6.006352684010342058e-01,-2.342714210646013040e-02,2.040959150790920204e-02,5.872067663291239414e-01,-1.169987486812468745e-02,1.852247920181115991e-03,-3.271929066878083610e-03,6.132554702137123096e-04
3.179166666666667140e+00,6.005378322618825093e-01,-2.334225591225454199e-02,2.033582622128564041e-02,5.871581054479814155e-01,-1.165737373111154322e-02,1.838665265951489091e-03,-3.247775074964243201e-03,6.087743985676983454e-04
3.183333333333333570e+00,6.004407491756550419e-01,-2.325767651769923214e-02,2.026232751494193990e-02,5.871096213346609360e-01,-1.161502622086243650e-02,1.825182877908677458e-03,-3.223801069859374459e-03,6.043262370699264887e-04
3.187500000000000000e+00,6.003440178663311810e-01,-2.317340281405109309e-02,2.018909442558245240e-02,5.870613133502083913e-01,-1.157283178212847180e-02,1.811800008942196071e-03,-3.200005692725508590e-03,5.999107422844492327e-04
3.191666666666666430e+00,6.002476370625018376e-01,-2.308943369657352057e-02,2.011612599339207899e-02,5.870131808579790444e-01,-1.153078986166742106e-02,1.798515917581596088e-03,-3.176387595170062240e-03,5.955276725940328699e-04
3.195833333333333304e+00,6.001516054973524694e-01,-2.300576806452188372e-02,2.004342126202365154e-02,5.869652232236293177e-01,-1.148889990823644992e-02,1.785329867953111722e-03,-3.152945439163552192e-03,5.911767881863808603e-04
3.200000000000000178e+00,6.000559219086467611e-01,-2.292240482112916505e-02,1.997097927858544272e-02,5.869174398151080219e-01,-1.144716137258490994e-02,1.772241129736654283e-03,-3.129677896957987464e-03,5.868578510404668129e-04
3.204166666666667052e+00,5.999605850387101924e-01,-2.283934287359152757e-02,1.989879909362865518e-02,5.868698300026488068e-01,-1.140557370744713257e-02,1.759248978123138405e-03,-3.106583651005914541e-03,5.825706249129692727e-04
3.208333333333333481e+00,5.998655936344129413e-01,-2.275658113305403796e-02,1.982687976113501130e-02,5.868223931587610576e-01,-1.136413636753525434e-02,1.746352693772149599e-03,-3.083661393880130462e-03,5.783148753248141703e-04
3.212500000000000355e+00,5.997709464471542296e-01,-2.267411851459634822e-02,1.975522033850429793e-02,5.867751286582223447e-01,-1.132284880953206112e-02,1.733551562769936613e-03,-3.060909828194035166e-03,5.740903695478177761e-04
3.216666666666666785e+00,5.996766422328455581e-01,-2.259195393721854725e-02,1.968381988654210879e-02,5.867280358780698757e-01,-1.128171049208389135e-02,1.720844876587750974e-03,-3.038327666522658201e-03,5.698968765914378580e-04
3.220833333333333659e+00,5.995826797518943874e-01,-2.251008632382693261e-02,1.961267746944745163e-02,5.866811141975923904e-01,-1.124072087579351328e-02,1.708231932040491820e-03,-3.015913631324288260e-03,5.657341671896203581e-04
3.225000000000000089e+00,5.994890577691878164e-01,-2.242851460121994892e-02,1.954179215480056700e-02,5.866343629983220564e-01,-1.119987942321308202e-02,1.695712031245699214e-03,-2.993666454862780549e-03,5.616020137877539460e-04
3.229166666666666519e+00,5.993957750540768181e-01,-2.234723770007407753e-02,1.947116301355064291e-02,5.865877816640265863e-01,-1.115918559883707049e-02,1.683284481582849072e-03,-2.971584879130457438e-03,5.575001905297195500e-04
3.233333333333333837e+00,5.993028303803596968e-01,-2.226625455492984781e-02,1.940078912000367875e-02,5.865413695807004668e-01,-1.111863886909525770e-02,1.670948595652979639e-03,-2.949667655771657029e-03,5.534284732450424522e-04
3.237500000000000266e+00,5.992102225262659898e-01,-2.218556410417790725e-02,1.933066955181039423e-02,5.864951261365578539e-01,-1.107823870234576208e-02,1.658703691238642150e-03,-2.927913546006911429e-03,5.493866394361465169e-04
3.241666666666667140e+00,5.991179502744408136e-01,-2.210516529004503961e-02,1.926080338995405511e-02,5.864490507220236903e-01,-1.103798456886802282e-02,1.646549091264140532e-03,-2.906321320557695310e-03,5.453744682656969968e-04
3.245833333333333570e+00,5.990260124119287655e-01,-2.202505705858037038e-02,1.919118971873853136e-02,5.864031427297263788e-01,-1.099787594085590778e-02,1.634484123756114581e-03,-2.884889759571843647e-03,5.413917405440525198e-04
3.250000000000000000e+00,5.989344077301577141e-01,-2.194523835964150987e-02,1.912182762577621653e-02,5.863574015544894547e-01,-1.095791229241075554e-02,1.622508121804408510e-03,-2.863617652549523256e-03,5.374382387168044617e-04
3.254166666666666430e+00,5.988431350249234786e-01,-2.186570814688082107e-02,1.905271620197613799e-02,5.863118265933237039e-01,-1.091809309953450935e-02,1.610620423523260189e-03,-2.842503798269836214e-03,5.335137468524171495e-04
3.258333333333333304e+00,5.987521930963733974e-01,-2.178646537773168412e-02,1.898385454153200119e-02,5.862664172454192801e-01,-1.087841784012283028e-02,1.598820372012788775e-03,-2.821547004718000934e-03,5.296180506299615239e-04
3.262500000000000178e+00,5.986615807489914509e-01,-2.170750901339487185e-02,1.891524174191037272e-02,5.862211729121377113e-01,-1.083888599395827455e-02,1.587107315320790456e-03,-2.800746089013136063e-03,5.257509373269447523e-04
3.266666666666667052e+00,5.985712967915817195e-01,-2.162883801882490090e-02,1.884687690383880787e-02,5.861760929970045719e-01,-1.079949704270345874e-02,1.575480606404825856e-03,-2.780099877336615101e-03,5.219121958072303743e-04
3.270833333333333481e+00,5.984813400372535064e-01,-2.155045136271650438e-02,1.877875913129410657e-02,5.861311769057008236e-01,-1.076025046989427351e-02,1.563939603094611445e-03,-2.759607204861008658e-03,5.181016165090546145e-04
3.275000000000000355e+00,5.983917093034053503e-01,-2.147234801749105249e-02,1.871088753149053110e-02,5.860864240460557095e-01,-1.072114576093310435e-02,1.552483668054698918e-03,-2.739266915679592230e-03,5.143189914331318174e-04
3.279166666666666785e+00,5.983024034117093715e-01,-2.139452695928318465e-02,1.864326121486816965e-02,5.860418338280388717e-01,-1.068218240308210429e-02,1.541112168747458796e-03,-2.719077862736447686e-03,5.105641141308551838e-04
3.283333333333333659e+00,5.982134211880963948e-01,-2.131698716792728918e-02,1.857587929508121641e-02,5.859974056637520246e-01,-1.064335988545645276e-02,1.529824477396338547e-03,-2.699038907757092542e-03,5.068367796925834839e-04
3.287500000000000089e+00,5.981247614627401843e-01,-2.123972762694423255e-02,1.850874088898642536e-02,5.859531389674224044e-01,-1.060467769901768560e-02,1.518619970949425160e-03,-2.679148921179711190e-03,5.031367847360229640e-04
3.291666666666666519e+00,5.980364230700421224e-01,-2.116274732352795701e-02,1.844184511663148410e-02,5.859090331553936659e-01,-1.056613533656699210e-02,1.507498031043276801e-03,-2.659406782086902194e-03,4.994639273946934951e-04
3.295833333333333837e+00,5.979484048486159997e-01,-2.108604524853224457e-02,1.837519110124350569e-02,5.858650876461196644e-01,-1.052773229273858482e-02,1.496458043967048091e-03,-2.639811378138001968e-03,4.958180073064859033e-04
3.300000000000000266e+00,5.978607056412728049e-01,-2.100962039645754356e-02,1.830877796921758296e-02,5.858213018601555744e-01,-1.048946806399309213e-02,1.485499400626901813e-03,-2.620361605501960508e-03,4.921988256023105898e-04
3.304166666666667140e+00,5.977733242950054038e-01,-2.093347176543768062e-02,1.824260485010526303e-02,5.857776752201512283e-01,-1.045134214861091412e-02,1.474621496510676501e-03,-2.601056368790721079e-03,4.886061848948236716e-04
3.308333333333333570e+00,5.976862596609737732e-01,-2.085759835722683295e-02,1.817667087660321951e-02,5.857342071508430115e-01,-1.041335404668569664e-02,1.463823731652857821e-03,-2.581894580993184928e-03,4.850398892672511879e-04
3.312500000000000000e+00,5.975995105944895691e-01,-2.078199917718639642e-02,1.811097518454183805e-02,5.856908970790465352e-01,-1.037550326011773758e-02,1.453105510599803432e-03,-2.562875163409670393e-03,4.814997442622902311e-04
3.316666666666666430e+00,5.975130759550013604e-01,-2.070667323427196130e-02,1.804551691287392332e-02,5.856477444336490867e-01,-1.033778929260748339e-02,1.442466242375251050e-03,-2.543997045586925392e-03,4.779855568711001749e-04
3.320833333333333304e+00,5.974269546060796410e-01,-2.063161954102032611e-02,1.798029520366339895e-02,5.856047486456019691e-01,-1.030021164964900829e-02,1.431905340446091267e-03,-2.525259165253646021e-03,4.744971355223764095e-04
3.325000000000000178e+00,5.973411454154017308e-01,-2.055683711353657392e-02,1.791530920207409436e-02,5.855619091479133953e-01,-1.026276983852355586e-02,1.421422222688413159e-03,-2.506660468256532905e-03,4.710342900715094048e-04
3.329166666666667052e+00,5.972556472547373430e-01,-2.048232497148116601e-02,1.785055805635852796e-02,5.855192253756408283e-01,-1.022546336829305465e-02,1.411016311353807499e-03,-2.488199908496843259e-03,4.675968317898248705e-04
3.333333333333333481e+00,5.971704589999331514e-01,-2.040808213805709453e-02,1.778604091784675295e-02,5.854766967658836530e-01,-1.018829174979370318e-02,1.400687033035939721e-03,-2.469876447867466827e-03,4.641845733539081060e-04
3.337500000000000355e+00,5.970855795308990244e-01,-2.033410763999706286e-02,1.772175694093521339e-02,5.854343227577755160e-01,-1.015125449562953933e-02,1.390433818637377668e-03,-2.451689056190498386e-03,4.607973288350085796e-04
3.341666666666666785e+00,5.970010077315922592e-01,-2.026040050755079439e-02,1.765770528307572529e-02,5.853921027924775533e-01,-1.011435112016607386e-02,1.380256103336690394e-03,-2.433636711155328508e-03,4.574349136885290769e-04
3.345833333333333659e+00,5.969167424900038155e-01,-2.018695977447223719e-02,1.759388510476436393e-02,5.853500363131703965e-01,-1.007758113952390323e-02,1.370153326555785707e-03,-2.415718398257209621e-03,4.540971447435903090e-04
3.350000000000000089e+00,5.968327826981432160e-01,-2.011378447800699076e-02,1.753029556953053861e-02,5.853081227650472895e-01,-1.004094407157239167e-02,1.360124931927523314e-03,-2.397933110736341199e-03,4.507838401926814436e-04
3.354166666666666519e+00,5.967491272520243362e-01,-2.004087365887962519e-02,1.746693584392598059e-02,5.852663615953069831e-01,-1.000443943592332734e-02,1.350170367263561506e-03,-2.380279849517419419e-03,4.474948195813841455e-04
3.358333333333333837e+00,5.966657750516506376e-01,-1.996822636128111825e-02,1.740380509751383170e-02,5.852247522531457413e-01,-9.968066753924633913e-03,1.340289084522466000e-03,-2.362757623149688586e-03,4.442299037981790703e-04
3.362500000000000266e+00,5.965827250010011795e-01,-1.989584163285640014e-02,1.734090250285781967e-02,5.851832941897511242e-01,-9.931825548654122163e-03,1.330480539778073137e-03,-2.345365447747483050e-03,4.409889150643316676e-04
3.366666666666667140e+00,5.964999760080156310e-01,-1.982371852469176632e-02,1.727822723551131895e-02,5.851419868582938832e-01,-9.895715344913191130e-03,1.320744193188076645e-03,-2.328102346931210619e-03,4.377716769238488366e-04
3.370833333333333570e+00,5.964175269845806149e-01,-1.975185609130253317e-02,1.721577847400665093e-02,5.851008297139212999e-01,-9.859735669220642124e-03,1.311079508962888045e-03,-2.310967351768853772e-03,4.345780142335212344e-04
3.375000000000000000e+00,5.963353768465150528e-01,-1.968025339062058274e-02,1.715355539984424887e-02,5.850598222137500803e-01,-9.823886049806447585e-03,1.301485955334717812e-03,-2.293959500717905869e-03,4.314077531530345383e-04
3.379166666666666430e+00,5.962535245135561768e-01,-1.960890948398206352e-02,1.709155719748196509e-02,5.850189638168588058e-01,-9.788166016605578945e-03,1.291963004526909802e-03,-2.277077839567794373e-03,4.282607211351608864e-04
3.383333333333333304e+00,5.961719689093448737e-01,-1.953782343611506350e-02,1.702978305432438499e-02,5.849782539842813822e-01,-9.752575101251836215e-03,1.282510132723508126e-03,-2.260321421382753375e-03,4.251367469160231751e-04
3.387500000000000178e+00,5.960907089614124743e-01,-1.946699431512737694e-02,1.696823216071218290e-02,5.849376921789996020e-01,-9.717112837071724407e-03,1.273126820039067759e-03,-2.243689306445166218e-03,4.220356605054356855e-04
3.391666666666667052e+00,5.960097436011657646e-01,-1.939642119249427449e-02,1.690690370991151242e-02,5.848972778659362604e-01,-9.681778759078324761e-03,1.263812550488692399e-03,-2.227180562199350053e-03,4.189572931773164833e-04
3.395833333333333481e+00,5.959290717638735524e-01,-1.932610314304634980e-02,1.684579689810343506e-02,5.848570105119478280e-01,-9.646572403965205864e-03,1.254566811958311495e-03,-2.210794263195796621e-03,4.159014774601747376e-04
3.400000000000000355e+00,5.958486923886525677e-01,-1.925603924495736252e-02,1.678491092437337656e-02,5.848168895858182337e-01,-9.611493310100338236e-03,1.245389096175182793e-03,-2.194529491035855390e-03,4.128680471276692174e-04
3.404166666666666785e+00,5.957686044184534735e-01,-1.918622857973221324e-02,1.672424499070066656e-02,5.847769145582508710e-01,-9.576541017520064439e-03,1.236278898678635357e-03,-2.178385334316874661e-03,4.098568371892421939e-04
3.408333333333333659e+00,5.956888068000470993e-01,-1.911667023219485589e-02,1.666379830194805040e-02,5.847370849018626027e-01,-9.541715067923050089e-03,1.227235718791024445e-03,-2.162360888577755103e-03,4.068676838808201845e-04
3.412500000000000089e+00,5.956092984840105631e-01,-1.904736329047634555e-02,1.660357006585129469e-02,5.846974000911762115e-01,-9.507015004664295596e-03,1.218259059588929676e-03,-2.146455256244970359e-03,4.039004246555911873e-04
3.416666666666666519e+00,5.955300784247138379e-01,-1.897830684600285839e-02,1.654355949300879633e-02,5.846578596026136276e-01,-9.472440372749134016e-03,1.209348427874561366e-03,-2.130667546578990552e-03,4.009548981748472379e-04
3.420833333333333837e+00,5.954511455803053188e-01,-1.890949999348378457e-02,1.648376579687122964e-02,5.846184629144894895e-01,-9.437990718827270545e-03,1.200503334147398670e-03,-2.114996875621150737e-03,3.980309442989000968e-04
3.425000000000000266e+00,5.953724989126989442e-01,-1.884094183089992519e-02,1.642418819373128724e-02,5.845792095070037053e-01,-9.403665591186863640e-03,1.191723292576051712e-03,-2.099442366140953468e-03,3.951284040780677883e-04
3.429166666666667140e+00,5.952941373875602071e-01,-1.877263145949157469e-02,1.636482590271334803e-02,5.845400988622349026e-01,-9.369464539748564511e-03,1.183007820970325384e-03,-2.084003147583757785e-03,3.922471197437238616e-04
3.433333333333333570e+00,5.952160599742927216e-01,-1.870456798374682886e-02,1.630567814576329780e-02,5.845011304641339889e-01,-9.335387116059650284e-03,1.174356440753522536e-03,-2.068678356018927890e-03,3.893869346994227078e-04
3.437500000000000000e+00,5.951382656460244558e-01,-1.863675051138979216e-02,1.624674414763830829e-02,5.844623037985166025e-01,-9.301432873288131148e-03,1.165768676934942965e-03,-2.053467134088364336e-03,3.865476935120862973e-04
3.441666666666666430e+00,5.950607533795947424e-01,-1.856917815336892388e-02,1.618802313589669251e-02,5.844236183530571171e-01,-9.267601366216892192e-03,1.157244058082609233e-03,-2.038368630955464996e-03,3.837292419032625290e-04
3.445833333333333304e+00,5.949835221555404008e-01,-1.850185002384535302e-02,1.612951434088777392e-02,5.843850736172814253e-01,-9.233892151237864734e-03,1.148782116296196950e-03,-2.023382002254482843e-03,3.809314267404476009e-04
3.450000000000000178e+00,5.949065709580825256e-01,-1.843476524018131460e-02,1.607121699574182508e-02,5.843466690825606102e-01,-9.200304786346215000e-03,1.140382387180180175e-03,-2.008506410040298337e-03,3.781540960284769572e-04
3.454166666666667052e+00,5.948298987751134970e-01,-1.836792292292854095e-02,1.601313033635999583e-02,5.843084042421040625e-01,-9.166838831134541468e-03,1.132044409817180861e-03,-1.993741022738581246e-03,3.753970989009794987e-04
3.458333333333333481e+00,5.947535045981831026e-01,-1.830132219581677086e-02,1.595525360140432128e-02,5.842702785909528185e-01,-9.133493846787106921e-03,1.123767726741527976e-03,-1.979085015096358410e-03,3.726602856118990670e-04
3.462500000000000355e+00,5.946773874224859924e-01,-1.823496218574222061e-02,1.589758603228772285e-02,5.842322916259731214e-01,-9.100269396074080891e-03,1.115551883913017649e-03,-1.964537568132964859e-03,3.699435075270783254e-04
3.466666666666666785e+00,5.946015462468478008e-01,-1.816884202275620766e-02,1.584012687316410997e-02,5.841944428458495375e-01,-9.067165043345822018e-03,1.107396430690886025e-03,-1.950097869091407159e-03,3.672466171159105108e-04
3.470833333333333659e+00,5.945259800737127120e-01,-1.810296084005368067e-02,1.578287537091842274e-02,5.841567317510787394e-01,-9.034180354527149986e-03,1.099300919807971212e-03,-1.935765111390086923e-03,3.645694679430500572e-04
3.475000000000000089e+00,5.944506879091300267e-01,-1.803731777396192643e-02,1.572583077515683075e-02,5.841191578439627330e-01,-9.001314897111676455e-03,1.091264907345089680e-03,-1.921538494574935455e-03,3.619119146601915788e-04
3.479166666666666519e+00,5.943756687627409496e-01,-1.797191196392920395e-02,1.566899233819684170e-02,5.840817206286023078e-01,-8.968568240156116894e-03,1.083287952705596757e-03,-1.907417224271906395e-03,3.592738129979067491e-04
3.483333333333333837e+00,5.943009216477660450e-01,-1.790674255251346533e-02,1.561235931505752274e-02,5.840444196108905972e-01,-8.935939954274644062e-03,1.075369618590154208e-03,-1.893400512139860846e-03,3.566550197575463405e-04
3.487500000000000266e+00,5.942264455809920243e-01,-1.784180868537118755e-02,1.555593096344978950e-02,5.840072542985067505e-01,-8.903429611633290053e-03,1.067509470971696444e-03,-1.879487575823834576e-03,3.540553928032050398e-04
3.491666666666667140e+00,5.941522395827589786e-01,-1.777710951124608640e-02,1.549970654376659623e-02,5.839702242009090494e-01,-8.871036785944287628e-03,1.059707079070573233e-03,-1.865677638908646956e-03,3.514747910537423161e-04
3.495833333333333570e+00,5.940783026769472785e-01,-1.771264418195802465e-02,1.544368531907332198e-02,5.839333288293292457e-01,-8.838761052460531245e-03,1.051962015329907952e-03,-1.851969930872917345e-03,3.489130744748707809e-04
3.500000000000000000e+00,5.940046338909654722e-01,-1.764841185239186122e-02,1.538786655509805784e-02,5.838965676967651230e-01,-8.806601987969972165e-03,1.044273855391127147e-03,-1.838363687043415625e-03,3.463701040712992459e-04
3.504166666666666430e+00,5.939312322557364077e-01,-1.758441168048639758e-02,1.533224952022202783e-02,5.838599403179749459e-01,-8.774559170790095092e-03,1.036642178069691533e-03,-1.824858148549796761e-03,3.438457418789392069e-04
3.508333333333333304e+00,5.938580968056856868e-01,-1.752064282722332403e-02,1.527683348546997506e-02,5.838234462094709087e-01,-8.742632180762377470e-03,1.029066565331010225e-03,-1.811452562279681870e-03,3.413398509571687902e-04
3.512500000000000178e+00,5.937852265787282313e-01,-1.745710445661625976e-02,1.522161772450063982e-02,5.837870848895123643e-01,-8.710820599246795609e-03,1.021546602266542973e-03,-1.798146180834107270e-03,3.388522953811570889e-04
3.516666666666667052e+00,5.937126206162560704e-01,-1.739379573569976162e-02,1.516660151359722208e-02,5.837508558781002721e-01,-8.679124009116329086e-03,1.014081877070085623e-03,-1.784938262483318303e-03,3.363829402342452036e-04
3.520833333333333481e+00,5.936402779631256843e-01,-1.733071583451843006e-02,1.511178413165790990e-02,5.837147586969702040e-01,-8.647541994751492891e-03,1.006671981014240543e-03,-1.771828071122918567e-03,3.339316516003869133e-04
3.525000000000000355e+00,5.935681976676453475e-01,-1.726786392611600121e-02,1.505716486018640783e-02,5.836787928695862382e-01,-8.616074142034883462e-03,9.993165084270655158e-04,-1.758814876230362827e-03,3.314982965566449667e-04
3.529166666666666785e+00,5.934963787815626945e-01,-1.720523918652457074e-02,1.500274298328257289e-02,5.836429579211351859e-01,-8.584720038345769813e-03,9.920150566689112711e-04,-1.745897952821808376e-03,3.290827431657474380e-04
3.533333333333333659e+00,5.934248203600525073e-01,-1.714284079475372063e-02,1.494851778763297417e-02,5.836072533785197081e-01,-8.553479272554662116e-03,9.847672261094270792e-04,-1.733076581409287529e-03,3.266848604686970999e-04
3.537500000000000089e+00,5.933535214617040587e-01,-1.708066793277983678e-02,1.489448856250160866e-02,5.835716787703525421e-01,-8.522351435017947938e-03,9.775726201047560751e-04,-1.720350047958244628e-03,3.243045184774407536e-04
3.541666666666666519e+00,5.932824811485090111e-01,-1.701871978553532241e-02,1.484065459972054059e-02,5.835362336269500627e-01,-8.491336117572495512e-03,9.704308449748947317e-04,-1.707717643845386166e-03,3.219415881675908708e-04
3.545833333333333837e+00,5.932116984858489817e-01,-1.695699554089794350e-02,1.478701519368063114e-02,5.835009174803265086e-01,-8.460432913530317733e-03,9.633415099812350215e-04,-1.695178665816879154e-03,3.195959414712044823e-04
3.550000000000000266e+00,5.931411725424831083e-01,-1.689549438968023301e-02,1.473356964132234784e-02,5.834657298641872103e-01,-8.429641417673258696e-03,9.563042273042836284e-04,-1.682732415946887978e-03,3.172674512696184988e-04
3.554166666666667140e+00,5.930709023905362809e-01,-1.683421552561879114e-02,1.468031724212646300e-02,5.834306703139231498e-01,-8.398961226247643810e-03,9.493186120215375010e-04,-1.670378201596411797e-03,3.149559913863345258e-04
3.558333333333333570e+00,5.930008871054867070e-01,-1.677315814536380414e-02,1.462725729810495680e-02,5.833957383666044105e-01,-8.368391936959021851e-03,9.423842820855501175e-04,-1.658115335372481241e-03,3.126614365799637975e-04
3.562500000000000000e+00,5.929311257661538104e-01,-1.671232144846847290e-02,1.457438911379181981e-02,5.833609335609745150e-01,-8.337933148966872321e-03,9.355008583021511654e-04,-1.645943135087654143e-03,3.103836625372211706e-04
3.566666666666666430e+00,5.928616174546860185e-01,-1.665170463737853171e-02,1.452171199623396650e-02,5.833262554374438746e-01,-8.307584462879357909e-03,9.286679643088434875e-04,-1.633860923719844972e-03,3.081225458659745753e-04
3.570833333333333304e+00,5.927923612565492162e-01,-1.659130691742179836e-02,1.446922525498214526e-02,5.832917035380840165e-01,-8.277345480748087361e-03,9.218852265533628758e-04,-1.621868029372465665e-03,3.058779640883468333e-04
3.575000000000000178e+00,5.927233562605142003e-01,-1.653112749679777616e-02,1.441692820208190576e-02,5.832572774066218102e-01,-8.247215806062906107e-03,9.151522742724062416e-04,-1.609963785234889326e-03,3.036497956338701136e-04
3.579166666666667052e+00,5.926546015586449112e-01,-1.647116558656724905e-02,1.436482015206457657e-02,5.832229765884330286e-01,-8.217195043746693822e-03,9.084687394705197056e-04,-1.598147529543217068e-03,3.014379198326916712e-04
3.583333333333333481e+00,5.925860962462868864e-01,-1.641142040064197394e-02,1.431290042193828459e-02,5.831888006305369077e-01,-8.187282800150188014e-03,9.018342568991534382e-04,-1.586418605541362959e-03,2.992422169088320609e-04
3.587500000000000355e+00,5.925178394220549372e-01,-1.635189115577434169e-02,1.426116833117899857e-02,5.831547490815894852e-01,-8.157478683046811077e-03,8.952484640358730587e-04,-1.574776361442439083e-03,2.970625679734930627e-04
3.591666666666666785e+00,5.924498301878213802e-01,-1.629257707154715268e-02,1.420962320172163701e-02,5.831208214918787158e-01,-8.127782301627556327e-03,8.887110010637399530e-04,-1.563220150390458914e-03,2.948988550184191652e-04
3.595833333333333659e+00,5.923820676487047132e-01,-1.623347737036334726e-02,1.415826435795115162e-02,5.830870174133173656e-01,-8.098193266495834139e-03,8.822215108508393681e-04,-1.551749330422325622e-03,2.927509609093060508e-04
3.600000000000000089e+00,5.923145509130570696e-01,-1.617459127743587494e-02,1.410709112669370977e-02,5.830533363994381268e-01,-8.068711189662396144e-03,8.757796389299773174e-04,-1.540363264430139349e-03,2.906187693792625310e-04
3.604166666666666519e+00,5.922472790924535602e-01,-1.611591802077747687e-02,1.405610283720784733e-02,5.830197780053872902e-01,-8.039335684540231675e-03,8.693850334785240691e-04,-1.529061320123785948e-03,2.885021650223187776e-04
3.608333333333333837e+00,5.921802513016798386e-01,-1.605745683119059325e-02,1.400529882117568237e-02,5.829863417879190823e-01,-8.010066365939497168e-03,8.630373452984190733e-04,-1.517842869993828647e-03,2.864010332869860532e-04
3.612500000000000266e+00,5.921134666587206663e-01,-1.599920694225732617e-02,1.395467841269420334e-02,5.829530273053896705e-01,-7.980902850062497611e-03,8.567362277963322306e-04,-1.506707291274703066e-03,2.843152604698661527e-04
3.616666666666667140e+00,5.920469242847486990e-01,-1.594116759032931582e-02,1.390424094826647056e-02,5.829198341177515008e-01,-7.951844754498612472e-03,8.504813369639661067e-04,-1.495653965908175058e-03,2.822447337093050802e-04
3.620833333333333570e+00,5.919806233041123855e-01,-1.588333801451780741e-02,1.385398576679298770e-02,5.828867617865476358e-01,-7.922891698219317047e-03,8.442723313585247897e-04,-1.484682280507118373e-03,2.801893409791001224e-04
3.625000000000000000e+00,5.919145628443250873e-01,-1.582571745668362451e-02,1.380391220956300041e-02,5.828538098749058705e-01,-7.894043301573170843e-03,8.381088720833215246e-04,-1.473791626319554716e-03,2.781489710822507245e-04
3.629166666666666430e+00,5.918487420360533102e-01,-1.576830516142727068e-02,1.375401962024588344e-02,5.828209779475327368e-01,-7.865299186280845858e-03,8.319906227685419306e-04,-1.462981399192991080e-03,2.761235136447588593e-04
3.633333333333333304e+00,5.917831600131051584e-01,-1.571110037607899995e-02,1.370430734488253463e-02,5.827882655707085080e-01,-7.836658975430168747e-03,8.259172495521523941e-04,-1.452250999539030736e-03,2.741128591094754209e-04
3.637500000000000178e+00,5.917178159124194536e-01,-1.565410235068899134e-02,1.365477473187682103e-02,5.827556723122807592e-01,-7.808122293471183792e-03,8.198884210609578638e-04,-1.441599832298269806e-03,2.721168987299942693e-04
3.641666666666667052e+00,5.916527088740541895e-01,-1.559731033801749558e-02,1.360542113198702670e-02,5.827231977416592601e-01,-7.779688766211224557e-03,8.139038083918021102e-04,-1.431027306905463146e-03,2.701355245645912151e-04
3.645833333333333481e+00,5.915878380411748738e-01,-1.554072359352504269e-02,1.355624589831735602e-02,5.826908414298098693e-01,-7.751358020810014161e-03,8.079630850929152199e-04,-1.420532837254970390e-03,2.681686294702100579e-04
3.650000000000000355e+00,5.915232025600438703e-01,-1.548434137536267713e-02,1.350724838630943357e-02,5.826586029492493157e-01,-7.723129685774767286e-03,8.020659271454009523e-04,-1.410115841666468488e-03,2.662161070964930783e-04
3.654166666666666785e+00,5.914588015800091858e-01,-1.542816294436227462e-02,1.345842795373390459e-02,5.826264818740393148e-01,-7.695003390955339889e-03,7.962120129448732814e-04,-1.399775742850944624e-03,2.642778518798585287e-04
3.658333333333333659e+00,5.913946342534929235e-01,-1.537218756402680166e-02,1.340978396068197298e-02,5.825944777797811280e-01,-7.666978767539354631e-03,7.904010232832246697e-04,-1.389511967876941312e-03,2.623537590376207344e-04
3.662500000000000089e+00,5.913306997359801809e-01,-1.531641450052071557e-02,1.336131576955705731e-02,5.825625902436100123e-01,-7.639055448047389618e-03,7.846326413305441776e-04,-1.379323948137085344e-03,2.604437245621571396e-04
3.666666666666666519e+00,5.912669971860086138e-01,-1.526084302266030729e-02,1.331302274506640689e-02,5.825308188441894464e-01,-7.611233066328141998e-03,7.789065526171658942e-04,-1.369211119314862196e-03,2.585476452151170960e-04
3.670833333333333837e+00,5.912035257651566678e-01,-1.520547240190412742e-02,1.326490425421278374e-02,5.824991631617060239e-01,-7.583511257553634914e-03,7.732224450158600498e-04,-1.359172921351663871e-03,2.566654185216760251e-04
3.675000000000000266e+00,5.911402846380329201e-01,-1.515030191234348345e-02,1.321695966628620364e-02,5.824676227778634585e-01,-7.555889658214452222e-03,7.675800087241640979e-04,-1.349208798414098034e-03,2.547969427648342491e-04
3.679166666666667140e+00,5.910772729722651997e-01,-1.509533083069285186e-02,1.316918835285561112e-02,5.824361972758775874e-01,-7.528367906114940243e-03,7.619789362468376136e-04,-1.339318198861536979e-03,2.529421169797547455e-04
3.683333333333333570e+00,5.910144899384894845e-01,-1.504055843628046389e-02,1.312158968776070724e-02,5.824048862404704874e-01,-7.500945640368493657e-03,7.564189223784667038e-04,-1.329500575213943487e-03,2.511008409481491478e-04
3.687500000000000000e+00,5.909519347103391329e-01,-1.498598401103881823e-02,1.307416304710369744e-02,5.823736892578651458e-01,-7.473622501392800620e-03,7.508996641861902807e-04,-1.319755384119932623e-03,2.492730151927015857e-04
3.691666666666666430e+00,5.908896064644342250e-01,-1.493160683949529798e-02,1.302690780924114534e-02,5.823426059157804646e-01,-7.446398130905141667e-03,7.454208609925654398e-04,-1.310082086325095466e-03,2.474585409715381154e-04
3.695833333333333304e+00,5.908275043803701276e-01,-1.487742620876277705e-02,1.297982335477581434e-02,5.823116358034250428e-01,-7.419272171917687744e-03,7.399822143585614229e-04,-1.300480146640564183e-03,2.456573202727355609e-04
3.700000000000000178e+00,5.907656276407078355e-01,-1.482344140853029263e-02,1.293290906654856812e-02,5.822807785114926249e-01,-7.392244268732831199e-03,7.345834280666866138e-04,-1.290949033911830378e-03,2.438692558088741569e-04
3.704166666666667052e+00,5.907039754309620916e-01,-1.476965173105373313e-02,1.288616432963027129e-02,5.822500336321559944e-01,-7.365314066938511567e-03,7.292242081042411925e-04,-1.281488220987803475e-03,2.420942510116290609e-04
3.708333333333333481e+00,5.906425469395915062e-01,-1.471605647114655573e-02,1.283958853131373506e-02,5.822194007590623110e-01,-7.338481213403577792e-03,7.239042626467020623e-04,-1.272097184690113708e-03,2.403322100264046089e-04
3.712500000000000355e+00,5.905813413579874549e-01,-1.466265492617054023e-02,1.279318106110568197e-02,5.821888794873271156e-01,-7.311745356273147839e-03,7.186233020412302911e-04,-1.262775405782652757e-03,2.385830377070076035e-04
3.716666666666666785e+00,5.905203578804639752e-01,-1.460944639602660723e-02,1.274694131071877311e-02,5.821584694135297777e-01,-7.285106144964016012e-03,7.133810387903126698e-04,-1.253522368941363757e-03,2.368466396103629395e-04
3.720833333333333659e+00,5.904595957042467758e-01,-1.455643018314560500e-02,1.270086867406359891e-02,5.821281701357073901e-01,-7.258563230160035989e-03,7.081771875355193872e-04,-1.244337562724251835e-03,2.351229219912664720e-04
3.725000000000000089e+00,5.903990540294626888e-01,-1.450360559247921427e-02,1.265496254724078097e-02,5.820979812533501052e-01,-7.232116263807562839e-03,7.030114650413950630e-04,-1.235220479541647908e-03,2.334117917971805477e-04
3.729166666666666519e+00,5.903387320591294563e-01,-1.445097193149079244e-02,1.260922232853302349e-02,5.820679023673956953e-01,-7.205764899110872479e-03,6.978835901794651396e-04,-1.226170615626689768e-03,2.317131566630660467e-04
3.733333333333333837e+00,5.902786289991452939e-01,-1.439852851014632000e-02,1.256364741839724290e-02,5.820379330802241125e-01,-7.179508790527621039e-03,6.927932839123701007e-04,-1.217187471006042111e-03,2.300269249062550554e-04
3.737500000000000266e+00,5.902187440582782330e-01,-1.434627464090538693e-02,1.251823721945673901e-02,5.820080729956527144e-01,-7.153347593764334579e-03,6.877402692781228559e-04,-1.208270549470853586e-03,2.283530055213633015e-04
3.741666666666667140e+00,5.901590764481559059e-01,-1.429420963871211488e-02,1.247299113649331069e-02,5.819783217189306024e-01,-7.127280965771862382e-03,6.827242713744771478e-04,-1.199419358547919832e-03,2.266913081752373925e-04
3.745833333333333570e+00,5.900996253832551108e-01,-1.424233282098624764e-02,1.242790857643951731e-02,5.819486788567338476e-01,-7.101308564740910906e-03,6.777450173434280143e-04,-1.190633409471096539e-03,2.250417432019446637e-04
3.750000000000000000e+00,5.900403900808918189e-01,-1.419064350761415835e-02,1.238298894837086203e-02,5.819191440171600505e-01,-7.075430050097540439e-03,6.728022363558206712e-04,-1.181912217152918934e-03,2.234042215977973672e-04
3.754166666666666430e+00,5.899813697612102947e-01,-1.413914102093995900e-02,1.233823166349807404e-02,5.818897168097233452e-01,-7.049645082498715541e-03,6.678956595960837536e-04,-1.173255300156453296e-03,2.217786550164164354e-04
3.758333333333333304e+00,5.899225636471736589e-01,-1.408782468575661001e-02,1.229363613515938730e-02,5.818603968453491815e-01,-7.023953323827849399e-03,6.630250202470758551e-04,-1.164662180667363134e-03,2.201649557638315916e-04
3.762500000000000178e+00,5.898639709645531193e-01,-1.403669382929709220e-02,1.224920177881286265e-02,5.818311837363692174e-01,-6.998354437190378551e-03,6.581900534750506800e-04,-1.156132384466199581e-03,2.185630367936192999e-04
3.766666666666667052e+00,5.898055909419180898e-01,-1.398574778122556143e-02,1.220492801202871340e-02,5.818020770965165456e-01,-6.972848086909343678e-03,6.533904964147343010e-04,-1.147665440900901912e-03,2.169728117020763305e-04
3.770833333333333481e+00,5.897474228106257543e-01,-1.393498587362859004e-02,1.216081425448169162e-02,5.817730765409202531e-01,-6.947433938520986875e-03,6.486260881545188612e-04,-1.139260882859518360e-03,2.153941947234306491e-04
3.775000000000000355e+00,5.896894658048116300e-01,-1.388440744100637864e-02,1.211685992794346231e-02,5.817441816861003145e-01,-6.922111658770366271e-03,6.438965697217664298e-04,-1.130918246743135326e-03,2.138271007250873261e-04
3.779166666666666785e+00,5.896317191613787978e-01,-1.383401182026408431e-02,1.207306445627505213e-02,5.817153921499630398e-01,-6.896880915606998404e-03,6.392016840682314708e-04,-1.122637072439026896e-03,2.122714452029124464e-04
3.783333333333333659e+00,5.895741821199884658e-01,-1.378379835070307757e-02,1.202942726541927736e-02,5.816867075517956343e-01,-6.871741378180488448e-03,6.345411760555856595e-04,-1.114416903294001030e-03,2.107271442765497088e-04
3.787500000000000089e+00,5.895168539230496441e-01,-1.373376637401233467e-02,1.198594778339325158e-02,5.816581275122615358e-01,-6.846692716836214228e-03,6.299147924410633710e-04,-1.106257286087969317e-03,2.091941146847753786e-04
3.791666666666666519e+00,5.894597338157093747e-01,-1.368391523425976745e-02,1.194262544028085356e-02,5.816296516533948635e-01,-6.821734603110987671e-03,6.253222818632074576e-04,-1.098157771007708845e-03,2.076722737808855219e-04
3.795833333333333837e+00,5.894028210458428507e-01,-1.363424427788364167e-02,1.189945966822528525e-02,5.816012795985963102e-01,-6.796866709728750962e-03,6.207633948277297342e-04,-1.090117911620837451e-03,2.061615395281196704e-04
3.800000000000000266e+00,5.893461148640435354e-01,-1.358475285368404388e-02,1.185644990142164720e-02,5.815730109726273689e-01,-6.772088710596308250e-03,6.162378836934815111e-04,-1.082137264849995393e-03,2.046618304951197209e-04
3.804166666666667140e+00,5.892896145236132810e-01,-1.353544031281428590e-02,1.181359557610947748e-02,5.815448454016062252e-01,-6.747400280799015736e-03,6.117455026585209453e-04,-1.074215390947214164e-03,2.031730658514198720e-04
3.808333333333333570e+00,5.892333192805524478e-01,-1.348630600877246018e-02,1.177089613056541036e-02,5.815167825130019841e-01,-6.722801096596555011e-03,6.072860077462999794e-04,-1.066351853468503006e-03,2.016951653629746419e-04
3.812500000000000000e+00,5.891772283935504673e-01,-1.343734929739292573e-02,1.172835100509578982e-02,5.814888219356304511e-01,-6.698290835418668245e-03,6.028591567919460402e-04,-1.058546219248619096e-03,2.002280493877172719e-04
3.816666666666666430e+00,5.891213411239759612e-01,-1.338856953683788958e-02,1.168595964202934386e-02,5.814609632996490252e-01,-6.673869175860939335e-03,5.984647094286553014e-04,-1.050798058376044807e-03,1.987716388711535556e-04
3.820833333333333304e+00,5.890656567358668605e-01,-1.333996608758898292e-02,1.164372148570987954e-02,5.814332062365519249e-01,-6.649535797680575927e-03,5.941024270741858014e-04,-1.043106944168153841e-03,1.973258553419880864e-04
3.825000000000000178e+00,5.890101744959210794e-01,-1.329153831243889278e-02,1.160163598248900932e-02,5.814055503791653035e-01,-6.625290381792222662e-03,5.897720729174565956e-04,-1.035472453146575340e-03,1.958906209077839247e-04
3.829166666666667052e+00,5.889548936734866347e-01,-1.324328557648300243e-02,1.155970258071888253e-02,5.813779953616421414e-01,-6.601132610263765743e-03,5.854734119052468731e-04,-1.027894165012746639e-03,1.944658582506543043e-04
3.833333333333333481e+00,5.888998135405524303e-01,-1.319520724711107859e-02,1.151792073074497241e-02,5.813505408194581392e-01,-6.577062166312173074e-03,5.812062107289973131e-04,-1.020371662623658802e-03,1.930514906229875141e-04
3.837500000000000355e+00,5.888449333717382661e-01,-1.314730269399895513e-02,1.147628988489884927e-02,5.813231863894063878e-01,-6.553078734299333519e-03,5.769702378117111874e-04,-1.012904531967786462e-03,1.916474418432029519e-04
3.841666666666666785e+00,5.887902524442856222e-01,-1.309957128910031569e-02,1.143480949749104206e-02,5.812959317095925948e-01,-6.529181999727932603e-03,5.727652632949591137e-04,-1.005492362141216728e-03,1.902536362915408690e-04
3.845833333333333659e+00,5.887357700380481118e-01,-1.305201240663842084e-02,1.139347902480385144e-02,5.812687764194307549e-01,-6.505371649237316062e-03,5.685910590259763992e-04,-9.981347453239467881e-04,1.888699989058816324e-04
3.850000000000000089e+00,5.886814854354819326e-01,-1.300462542309794266e-02,1.135229792508425650e-02,5.812417201596381533e-01,-6.481647370599395892e-03,5.644473985448663104e-04,-9.908312767563844797e-04,1.874964551775987870e-04
3.854166666666666519e+00,5.886273979216367636e-01,-1.295740971721676474e-02,1.131126565853679197e-02,5.812147625722303701e-01,-6.458008852714544265e-03,5.603340570718936577e-04,-9.835815547160166924e-04,1.861329311474410662e-04
3.858333333333333837e+00,5.885735067841459944e-01,-1.291036466997784460e-02,1.127038168731648270e-02,5.811879033005172834e-01,-6.434455785607519525e-03,5.562508114948796437e-04,-9.763851804942664213e-04,1.847793534014467926e-04
3.862500000000000266e+00,5.885198113132178444e-01,-1.286348966460114374e-02,1.122964547552182495e-02,5.811611419890977404e-01,-6.410987860423419948e-03,5.521974403566947244e-04,-9.692417583735348950e-04,1.834356490668898293e-04
3.866666666666667140e+00,5.884663108016254807e-01,-1.281678408653546923e-02,1.118905648918770701e-02,5.811344782838552270e-01,-6.387604769423603675e-03,5.481737238428378801e-04,-9.621508956044072004e-04,1.821017458082529344e-04
3.870833333333333570e+00,5.884130045446982482e-01,-1.277024732345048881e-02,1.114861419627847204e-02,5.811079118319532055e-01,-6.364306205981684096e-03,5.441794437691219221e-04,-9.551122023830523056e-04,1.807775718232351595e-04
3.875000000000000000e+00,5.883598918403122324e-01,-1.272387876522866439e-02,1.110831806668090456e-02,5.810814422818303404e-01,-6.341091864579490554e-03,5.402143835694431500e-04,-9.481252918287862543e-04,1.794630558387865155e-04
3.879166666666666430e+00,5.883069719888812665e-01,-1.267767780395727233e-02,1.106816757219730718e-02,5.810550692831961683e-01,-6.317961440803075007e-03,5.362783282836501055e-04,-9.411897799618169653e-04,1.781581271071739454e-04
3.883333333333333304e+00,5.882542442933471616e-01,-1.263164383392042893e-02,1.102816218653857039e-02,5.810287924870261023e-01,-6.294914631338714359e-03,5.323710645455012299e-04,-9.343052856811581664e-04,1.768627154020761360e-04
3.887500000000000178e+00,5.882017080591712688e-01,-1.258577625159117142e-02,1.098830138531728222e-02,5.810026115455572127e-01,-6.271951133968943146e-03,5.284923805707177156e-04,-9.274714307427188616e-04,1.755767510147085528e-04
3.891666666666667052e+00,5.881493625943251535e-01,-1.254007445562352156e-02,1.094858464604086049e-02,5.809765261122834534e-01,-6.249070647568584491e-03,5.246420661451226593e-04,-9.206878397375582463e-04,1.743001647499765547e-04
3.895833333333333481e+00,5.880972072092812697e-01,-1.249453784684463262e-02,1.090901144810469889e-02,5.809505358419512211e-01,-6.226272872100808813e-03,5.208199126128747582e-04,-9.139541400703135544e-04,1.730328879226581621e-04
3.900000000000000355e+00,5.880452412170040777e-01,-1.244916582824690150e-02,1.086958127278533741e-02,5.809246403905549139e-01,-6.203557508613189060e-03,5.170257128647877658e-04,-9.072699619377907511e-04,1.717748523536149336e-04
3.904166666666666785e+00,5.879934639329413848e-01,-1.240395780498018685e-02,1.083029360323369689e-02,5.808988394153321577e-01,-6.180924259233801926e-03,5.132592613267432987e-04,-9.006349383077298914e-04,1.705259903660324668e-04
3.908333333333333659e+00,5.879418746750146862e-01,-1.235891318434396979e-02,1.079114792446826503e-02,5.808731325747594765e-01,-6.158372827167300431e-03,5.095203539481866920e-04,-8.940487048977237847e-04,1.692862347816874371e-04
3.912500000000000089e+00,5.878904727636107275e-01,-1.231403137577963443e-02,1.075214372336839343e-02,5.808475195285479620e-01,-6.135902916691044623e-03,5.058087881907154465e-04,-8.875109001543126253e-04,1.680555189172446397e-04
3.916666666666666519e+00,5.878392575215726223e-01,-1.226931179086268066e-02,1.071328048866753216e-02,5.808219999376386111e-01,-6.113514233151209724e-03,5.021243630167493161e-04,-8.810211652322295440e-04,1.668337765805799459e-04
3.920833333333333837e+00,5.877882282741907494e-01,-1.222475384329503416e-02,1.067455771094655108e-02,5.807965734641977740e-01,-6.091206482958924640e-03,4.984668788782901667e-04,-8.745791439738136684e-04,1.656209420671321249e-04
3.925000000000000266e+00,5.877373843491936478e-01,-1.218035694889739277e-02,1.063597488262709063e-02,5.807712397716128239e-01,-6.068979373586445153e-03,4.948361377057686802e-04,-8.681844828885862484e-04,1.644169501562825302e-04
3.929166666666667140e+00,5.876867250767401352e-01,-1.213612052560150180e-02,1.059753149796485022e-02,5.807459985244882716e-01,-6.046832613563282895e-03,4.912319428969684704e-04,-8.618368311329723886e-04,1.632217361077596685e-04
3.933333333333333570e+00,5.876362497894094261e-01,-1.209204399344259578e-02,1.055922705304302225e-02,5.807208493886403256e-01,-6.024765912472419306e-03,4.876540993060436572e-04,-8.555358404901946276e-04,1.620352356580737735e-04
3.937500000000000000e+00,5.875859578221931390e-01,-1.204812677455174841e-02,1.052106104576564817e-02,5.806957920310933385e-01,-6.002778980946473636e-03,4.841024132326129307e-04,-8.492811653503120175e-04,1.608573850169756937e-04
3.941666666666666430e+00,5.875358485124861918e-01,-1.200436829314832123e-02,1.048303297585106292e-02,5.806708261200751453e-01,-5.980871530663925580e-03,4.805766924109400816e-04,-8.430724626904197725e-04,1.596881208639438327e-04
3.945833333333333304e+00,5.874859212000784758e-01,-1.196076797553241415e-02,1.044514234482532208e-02,5.806459513250128435e-01,-5.959043274345324041e-03,4.770767459991951407e-04,-8.369093920549982137e-04,1.585273803446967593e-04
3.950000000000000178e+00,5.874361752271456405e-01,-1.191732525007735410e-02,1.040738865601569495e-02,5.806211673165282416e-01,-5.937293925749536662e-03,4.736023845687987858e-04,-8.307916155364193558e-04,1.573751010677327590e-04
3.954166666666667052e+00,5.873866099382409889e-01,-1.187403954722219060e-02,1.036977141454413498e-02,5.805964737664337516e-01,-5.915623199669981132e-03,4.701534200938451910e-04,-8.247187977555981266e-04,1.562312211008941873e-04
3.958333333333333481e+00,5.873372246802868180e-01,-1.183091029946424511e-02,1.033229012732080586e-02,5.805718703477278364e-01,-5.894030811930900740e-03,4.667296659406073287e-04,-8.186906058427978689e-04,1.550956789679588195e-04
3.962500000000000355e+00,5.872880188025655368e-01,-1.178793694135164827e-02,1.029494430303761268e-02,5.805473567345911245e-01,-5.872516479383624310e-03,4.633309368571196843e-04,-8.127067094185805828e-04,1.539684136452555403e-04
3.966666666666666785e+00,5.872389916567114510e-01,-1.174511890947596907e-02,1.025773345216177482e-02,5.805229326023815251e-01,-5.851079919902870373e-03,4.599570489628436953e-04,-8.067667805749117755e-04,1.528493645583070039e-04
3.970833333333333659e+00,5.871901425967021027e-01,-1.170245564246478673e-02,1.022065708692940049e-02,5.804985976276308968e-01,-5.829720852383034856e-03,4.566078197384069158e-04,-8.008704938564011619e-04,1.517384715784957658e-04
3.975000000000000089e+00,5.871414709788499442e-01,-1.165994658097437714e-02,1.018371472133911340e-02,5.804743514880397193e-01,-5.808438996734521277e-03,4.532830680154249065e-04,-7.950175262416990562e-04,1.506356750197570334e-04
3.979166666666666519e+00,5.870929761617937892e-01,-1.161759116768234894e-02,1.014690587114565855e-02,5.804501938624737623e-01,-5.787234073880051857e-03,4.499826139663957113e-04,-7.892075571250285054e-04,1.495409156352947252e-04
3.983333333333333837e+00,5.870446575064903749e-01,-1.157538884728034206e-02,1.011023005385357568e-02,5.804261244309592005e-01,-5.766105805751019393e-03,4.467062790946738061e-04,-7.834402682978630324e-04,1.484541346143231186e-04
3.987500000000000266e+00,5.869965143762060356e-01,-1.153333906646679050e-02,1.007368678871088663e-02,5.804021428746790612e-01,-5.745053915283852147e-03,4.434538862245219473e-04,-7.777153439307523709e-04,1.473752735788335419e-04
3.991666666666667140e+00,5.869485461365084866e-01,-1.149144127393960865e-02,1.003727559670276534e-02,5.803782488759685609e-01,-5.724078126416356181e-03,4.402252594912314343e-04,-7.720324705552740778e-04,1.463042745803828861e-04
3.995833333333333570e+00,5.869007521552580542e-01,-1.144969492038902005e-02,1.000099600054529282e-02,5.803544421183109980e-01,-5.703178164084122745e-03,4.370202243313260171e-04,-7.663913370461408357e-04,1.452410800969092762e-04
4.000000000000000000e+00,5.868531318026002364e-01,-1.140809945849032003e-02,9.964847524679179211e-03,5.803307222863339776e-01,-5.682353754216902704e-03,4.338386074728330251e-04,-7.607916346034339578e-04,1.441856330295691012e-04
4.004166666666666430e+00,5.868056844509564884e-01,-1.136665434289672698e-02,9.928829695263548250e-03,5.803070890658046377e-01,-5.661604623735027805e-03,4.306802369256327212e-04,-7.552330567349810906e-04,1.431378766995993596e-04
4.008333333333333748e+00,5.867584094750165624e-01,-1.132535903023221616e-02,9.892942040169714832e-03,5.802835421436260965e-01,-5.640930500545818932e-03,4.275449419718778030e-04,-7.497152992388658645e-04,1.420977548452025032e-04
4.012500000000000178e+00,5.867113062517302913e-01,-1.128421297908443685e-02,9.857184088975028471e-03,5.802600812078332337e-01,-5.620331113540038594e-03,4.244325531564899917e-04,-7.442380601860795752e-04,1.410652116184559998e-04
4.018750000000000711e+00,5.866409720956436979e-01,-1.122277258818032281e-02,9.803789332126064751e-03,5.802250503489668754e-01,-5.589571572734383133e-03,4.198065513420019997e-04,-7.360975187655268565e-04,1.395304855480923069e-04
4.025000000000000355e+00,5.865710209010192022e-01,-1.116166500992371753e-02,9.750683780020183433e-03,5.801902112160051139e-01,-5.558978673207750840e-03,4.152311477337560647e-04,-7.280464681308694520e-04,1.380125013687813094e-04
4.031250000000000000e+00,5.865014505934162958e-01,-1.110088844168399987e-02,9.697865866384743419e-03,5.801555627702633666e-01,-5.528551512304642757e-03,4.107057861162883086e-04,-7.200839175153739497e-04,1.365110757387124696e-04
4.037500000000000533e+00,5.864322591096300386e-01,-1.104044109059322369e-02,9.645334033428924758e-03,5.801211039786832169e-01,-5.498289192258872839e-03,4.062299164317437271e-04,-7.122088872298303844e-04,1.350260273348287952e-04
4.043750000000000178e+00,5.863634443976305510e-01,-1.098032117349327132e-02,9.593086731797820926e-03,5.800868338138023272e-01,-5.468190820167106482e-03,4.018029947110370492e-04,-7.044204085370052047e-04,1.335571768304298244e-04
4.049999999999999822e+00,5.862950044165028407e-01,-1.092052691688323064e-02,9.541122420526714984e-03,5.800527512537234642e-01,-5.438255507962494462e-03,3.974244830057872845e-04,-6.967175235275339506e-04,1.321043468730238694e-04
4.056250000000000355e+00,5.862269371363857395e-01,-1.086105655686711406e-02,9.489439566995671455e-03,5.800188552820851884e-01,-5.408482372388498556e-03,3.930938493210298047e-04,-6.890992849972563550e-04,1.306673620624303851e-04
4.062500000000000000e+00,5.861592405384130622e-01,-1.080190833910187574e-02,9.438036646884376268e-03,5.799851448880312121e-01,-5.378870534972846409e-03,3.888105675486902405e-04,-6.815647563259661116e-04,1.292460489291277195e-04
4.068749999999999645e+00,5.860919126146532099e-01,-1.074308051874562492e-02,9.386912144127151914e-03,5.799516190661808679e-01,-5.349419122001603487e-03,3.845741174018060989e-04,-6.741130113575506981e-04,1.278402359128417477e-04
4.075000000000000178e+00,5.860249513680504396e-01,-1.068457136040620523e-02,9.336064550868284836e-03,5.799182768165993540e-01,-5.320127264493408961e-03,3.803839843494994603e-04,-6.667431342815222312e-04,1.264497533413761734e-04
4.081250000000000711e+00,5.859583548123655783e-01,-1.062637913809003250e-02,9.285492367417583562e-03,5.798851171447684250e-01,-5.290994098173861654e-03,3.762396595526841699e-04,-6.594542195159130071e-04,1.250744334096797839e-04
4.087500000000000355e+00,5.858921209721180690e-01,-1.056850213515118583e-02,9.235194102206151917e-03,5.798521390615567483e-01,-5.262018763450013528e-03,3.721406398004991180e-04,-6.522453715915174036e-04,1.237141101591474036e-04
4.093750000000000000e+00,5.858262478825269071e-01,-1.051093864424076929e-02,9.185168271742398180e-03,5.798193415831910391e-01,-5.233200405385011501e-03,3.680864274474605099e-04,-6.451157050374660504e-04,1.223686194571526242e-04
4.100000000000000533e+00,5.857607335894534639e-01,-1.045368696725657888e-02,9.135413400568316578e-03,5.797867237312266386e-01,-5.204538173672891913e-03,3.640765303513275944e-04,-6.380643442681238099e-04,1.210377989768106019e-04
4.106250000000000178e+00,5.856955761493432000e-01,-1.039674541529305753e-02,9.085928021216006442e-03,5.797542845325192040e-01,-5.176031222613508564e-03,3.601104618116716060e-04,-6.310904234712902102e-04,1.197214881769673709e-04
4.112499999999999822e+00,5.856307736291688215e-01,-1.034011230859144433e-02,9.036710674164368309e-03,5.797220230191953982e-01,-5.147678711087567451e-03,3.561877405091345311e-04,-6.241930864976780440e-04,1.184195282824116911e-04
4.118750000000000355e+00,5.855663241063728819e-01,-1.028378597649026033e-02,8.987759907796094919e-03,5.796899382286248015e-01,-5.119479802531833219e-03,3.523078904453795946e-04,-6.173714867516727359e-04,1.171317622643099819e-04
4.125000000000000000e+00,5.855022256688113824e-01,-1.022776475737607188e-02,8.939074278354891198e-03,5.796580292033912674e-01,-5.091433664914460540e-03,3.484704408837206203e-04,-6.106247870833493834e-04,1.158580348208600771e-04
4.131249999999999645e+00,5.854384764146973730e-01,-1.017204699863444479e-02,8.890652349902874660e-03,5.796262949912649454e-01,-5.063539470710437355e-03,3.446749262904173620e-04,-6.039521596817225366e-04,1.145981923581599482e-04
4.137500000000000178e+00,5.853750744525444416e-01,-1.011663105660123158e-02,8.842492694278256821e-03,5.795947346451737481e-01,-5.035796396877181662e-03,3.409208862766390825e-04,-5.973527859692318595e-04,1.133520829712919955e-04
4.143750000000000711e+00,5.853120179011115365e-01,-1.006151529651412579e-02,8.794593891053253606e-03,5.795633472231755956e-01,-5.008203624830281399e-03,3.372078655410833711e-04,-5.908258564974410137e-04,1.121195564256187037e-04
4.150000000000000355e+00,5.852493048893470107e-01,-1.000669809246442984e-02,8.746954527492191780e-03,5.795321317884311041e-01,-4.980760340419337559e-03,3.335354138132408733e-04,-5.843705708439303568e-04,1.109004641382868578e-04
4.156250000000000000e+00,5.851869335563336660e-01,-9.952177827349100239e-03,8.699573198509849559e-03,5.795010874091751640e-01,-4.953465733903945206e-03,3.299030857973006764e-04,-5.779861375103748913e-04,1.096946591599385159e-04
4.162500000000000533e+00,5.851249020512339083e-01,-9.897952892823080884e-03,8.652448506630041822e-03,5.794702131586899618e-01,-4.926318999929817609e-03,3.263104411166913086e-04,-5.716717738217970543e-04,1.085019961566271405e-04
4.168750000000000178e+00,5.850632085332346799e-01,-9.844021689251889612e-03,8.605579061944437780e-03,5.794395081152773352e-01,-4.899319337505045682e-03,3.227570442592481896e-04,-5.654267058269764595e-04,1.073223313919360281e-04
4.174999999999999822e+00,5.850018511714939473e-01,-9.790382625664405952e-03,8.558963482071545170e-03,5.794089713622321280e-01,-4.872465949976446768e-03,3.192424645229951195e-04,-5.592501681999958833e-04,1.061555227092952024e-04
4.181250000000000355e+00,5.849408281450861891e-01,-9.737034119705978083e-03,8.512600392115978951e-03,5.793786019878143234e-01,-4.845758045006084286e-03,3.157662759625427329e-04,-5.531414041429245790e-04,1.050014295144972176e-04
4.187500000000000000e+00,5.848801376429487719e-01,-9.683974597591789996e-03,8.466488424627934689e-03,5.793483990852230647e-01,-4.819194834547901873e-03,3.123280573360909620e-04,-5.470996652896184271e-04,1.038599127584084974e-04
4.193749999999999645e+00,5.848197778638283273e-01,-9.631202494060393457e-03,8.420626219562845835e-03,5.793183617525689000e-01,-4.792775534824463349e-03,3.089273920530252629e-04,-5.411242116106163231e-04,1.027308349198722127e-04
4.200000000000000178e+00,5.847597470162283484e-01,-9.578716252327588651e-03,8.375012424241295994e-03,5.792884890928480246e-01,-4.766499366303845325e-03,3.055638681221082317e-04,-5.352143113191344280e-04,1.016140599888037396e-04
4.206250000000000711e+00,5.847000433183553447e-01,-9.526514324040523396e-03,8.329645693309156718e-03,5.792587802139156361e-01,-4.740365553676652126e-03,3.022370781002547925e-04,-5.293692407781374655e-04,1.005094534494745389e-04
4.212500000000000355e+00,5.846406649980671055e-01,-9.474595169232017874e-03,8.284524688697910907e-03,5.792292342284591777e-01,-4.714373325833137382e-03,2.989466190418827167e-04,-5.235882844084723204e-04,9.941688226398228789e-05
4.218750000000000000e+00,5.845816102928200753e-01,-9.422957256275142635e-03,8.239648079585184387e-03,5.791998502539725813e-01,-4.688521915840459207e-03,2.956920924488346263e-04,-5.178707345980536380e-04,9.833621485590542132e-05
4.225000000000000533e+00,5.845228774496175062e-01,-9.371599061838067207e-03,8.195014542355529008e-03,5.791706274127301768e-01,-4.662810560920061138e-03,2.924731042208654616e-04,-5.122158916120941614e-04,9.726732109414084812e-05
4.231250000000000178e+00,5.844644647249573888e-01,-9.320519070839158524e-03,8.150622760561413924e-03,5.791415648317604914e-01,-4.637238502425189250e-03,2.892892646066888562e-04,-5.066230635043630004e-04,9.621007227692217453e-05
4.237499999999999822e+00,5.844063703847814928e-01,-9.269715776402259744e-03,8.106471424884381660e-03,5.791126616428212692e-01,-4.611804985818489938e-03,2.861401881555704916e-04,-5.010915660294536179e-04,9.516434111601489599e-05
4.243750000000000355e+00,5.843485927044241857e-01,-9.219187679812277866e-03,8.062559233096450520e-03,5.790839169823727151e-01,-4.586509260649769895e-03,2.830254936694709248e-04,-4.956207225560628352e-04,9.413000172108943885e-05
4.250000000000000000e+00,5.842911299685611404e-01,-9.168933290471008996e-03,8.018884890021758111e-03,5.790553299915529584e-01,-4.561350580533867979e-03,2.799448041557270491e-04,-4.902098639812626406e-04,9.310692958426836563e-05
4.256249999999999645e+00,5.842339804711591533e-01,-9.118951125853135345e-03,7.975447107498326305e-03,5.790268998161524072e-01,-4.536328203128623358e-03,2.768977467802624811e-04,-4.848583286457457749e-04,9.209500156484474868e-05
4.262500000000000178e+00,5.841771425154256292e-01,-9.069239711462536227e-03,7.932244604340103755e-03,5.789986256065883241e-01,-4.511441390112986768e-03,2.738839528213288287e-04,-4.795654622500478029e-04,9.109409587417233568e-05
4.268750000000000711e+00,5.841206144137588430e-01,-9.019797580788814148e-03,7.889276106299206170e-03,5.789705065178802901e-01,-4.486689407165254072e-03,2.709030576237664539e-04,-4.743306177717264817e-04,9.010409206072396979e-05
4.275000000000000355e+00,5.840643944876974247e-01,-8.970623275264036009e-03,7.846540346028338733e-03,5.789425417096246695e-01,-4.462071523941396958e-03,2.679547005537787139e-04,-4.691531553834850897e-04,8.912487099531615016e-05
4.281250000000000000e+00,5.840084810678718430e-01,-8.921715344219711963e-03,7.804036063043411076e-03,5.789147303459702965e-01,-4.437587014053517680e-03,2.650385249542150726e-04,-4.640324423722314755e-04,8.815631485649825573e-05
4.287500000000000533e+00,5.839528724939544446e-01,-8.873072344844024073e-03,7.761762003686394247e-03,5.788870715955933832e-01,-4.413235155048427817e-03,2.621541781003584740e-04,-4.589678530590653475e-04,8.719830711610528019e-05
4.293750000000000178e+00,5.838975671146106050e-01,-8.824692842139303037e-03,7.719716921088371972e-03,5.788595646316734289e-01,-4.389015228386353683e-03,2.593013111562105281e-04,-4.539587687201803042e-04,8.625073252497162529e-05
4.299999999999999822e+00,5.838425632874503224e-01,-8.776575408879669707e-03,7.677899575132746297e-03,5.788322086318686832e-01,-4.364926519419716315e-03,2.564795791312647491e-04,-4.490045775086623915e-04,8.531347709880302487e-05
4.306250000000000355e+00,5.837878593789794790e-01,-8.728718625568968048e-03,7.636308732418691306e-03,5.788050027782916107e-01,-4.340968317372068466e-03,2.536886408377690412e-04,-4.441046743771890357e-04,8.438642810420697940e-05
4.312500000000000000e+00,5.837334537645518795e-01,-8.681121080398927076e-03,7.594943166224808057e-03,5.787779462574852429e-01,-4.317139915317137408e-03,2.509281588484687554e-04,-4.392584610016093244e-04,8.346947404487889540e-05
4.318749999999999645e+00,5.836793448283210672e-01,-8.633781369207482390e-03,7.553801656472919172e-03,5.787510382603986425e-01,-4.293440610157956208e-03,2.481977994548211050e-04,-4.344653457053912699e-04,8.256250464794093484e-05
4.325000000000000178e+00,5.836255309631928068e-01,-8.586698095437394346e-03,7.512882989692115827e-03,5.787242779823635885e-01,-4.269869702606129448e-03,2.454972326256826170e-04,-4.297247433849368131e-04,8.166541085043415703e-05
4.331250000000000711e+00,5.835720105707778993e-01,-8.539869870095074395e-03,7.472185958982994688e-03,5.786976646230703736e-01,-4.246426497161222974e-03,2.428261319664599721e-04,-4.250360754357482523e-04,8.077808478596103952e-05
4.337500000000000355e+00,5.835187820613444432e-01,-8.493295311709612647e-03,7.431709363982058787e-03,5.786711973865443781e-01,-4.223110302090236044e-03,2.401841746787187310e-04,-4.203987696794341694e-04,7.990041977147616862e-05
4.343750000000000000e+00,5.834658438537717595e-01,-8.446973046292022280e-03,7.391452010826318753e-03,5.786448754811228667e-01,-4.199920429407194046e-03,2.375710415202451204e-04,-4.158122602915477516e-04,7.903231029422398853e-05
4.350000000000000533e+00,5.834131943755030969e-01,-8.400901707294740686e-03,7.351412712118101343e-03,5.786186981194310075e-01,-4.176856194852864371e-03,2.349864167655581432e-04,-4.112759877302502465e-04,7.817365199882256527e-05
4.356250000000000178e+00,5.833608320624994459e-01,-8.355079935571349189e-03,7.311590286890065279e-03,5.785926645183592232e-01,-4.153916917874580714e-03,2.324299881668650462e-04,-4.067893986657881099e-04,7.732434167449112950e-05
4.362499999999999822e+00,5.833087553591934649e-01,-8.309506379336447160e-03,7.271983560570338505e-03,5.785667738990397657e-01,-4.131101921606151507e-03,2.299014469154519590e-04,-4.023519459107681266e-04,7.648427724241876880e-05
4.368750000000000355e+00,5.832569627184437389e-01,-8.264179694125814088e-03,7.232591364947913923e-03,5.785410254868238455e-01,-4.108410532847905396e-03,2.274004876035110598e-04,-3.979630883512322390e-04,7.565335774327467614e-05
4.375000000000000000e+00,5.832054526014887053e-01,-8.219098542756783296e-03,7.193412538138216870e-03,5.785154185112587610e-01,-4.085842082046844265e-03,2.249268081863960286e-04,-3.936222908785179343e-04,7.483148332485748799e-05
4.381249999999999645e+00,5.831542234779018008e-01,-8.174261595288759633e-03,7.154445924548817441e-03,5.784899522060651389e-01,-4.063395903276876067e-03,2.224801099452976825e-04,-3.893290243218880896e-04,7.401855522988079808e-05
4.387500000000000178e+00,5.831032738255458314e-01,-8.129667528984032068e-03,7.115690374845378731e-03,5.784646258091145077e-01,-4.041071334219178621e-03,2.200600974503415827e-04,-3.850827653819340708e-04,7.321447578389580937e-05
4.393750000000000711e+00,5.830526021305284523e-01,-8.085315028268771909e-03,7.077144745917777688e-03,5.784394385624065382e-01,-4.018867716142677030e-03,2.176664785240989936e-04,-3.808829965647359287e-04,7.241914838334795258e-05
4.400000000000000355e+00,5.830022068871573149e-01,-8.041202784694227029e-03,7.038807900846390762e-03,5.784143897120467281e-01,-3.996784393884599169e-03,2.152989642055057730e-04,-3.767292061167691239e-04,7.163247748376610276e-05
4.406250000000000000e+00,5.829520865978958799e-01,-7.997329496898117340e-03,7.000678708868566039e-03,5.783894785082245305e-01,-3.974820715831154337e-03,2.129572687141856693e-04,-3.726208879605519232e-04,7.085436858808298426e-05
4.412500000000000533e+00,5.829022397733186756e-01,-7.953693870566283519e-03,6.962756045345293125e-03,5.783647042051905940e-01,-3.952976033898310780e-03,2.106411094151749367e-04,-3.685575416310273435e-04,7.008472823508586972e-05
4.418750000000000178e+00,5.828526649320682207e-01,-7.910294618394521360e-03,6.925038791728060396e-03,5.783400660612353361e-01,-3.931249703512695523e-03,2.083502067840424944e-04,-3.645386722126686381e-04,6.932346398799591966e-05
4.424999999999999822e+00,5.828033606008105050e-01,-7.867130460050594798e-03,6.887525835525844936e-03,5.783155633386668493e-01,-3.909641083592560983e-03,2.060842843723982836e-04,-3.605637902772948814e-04,6.857048442317328950e-05
4.431250000000000355e+00,5.827543253141922452e-01,-7.824200122136491797e-03,6.850216070272327137e-03,5.782911953037890296e-01,-3.888149536528884721e-03,2.038430687737905562e-04,-3.566324118225983855e-04,6.782569911894889851e-05
4.437500000000000000e+00,5.827055576147970317e-01,-7.781502338150885802e-03,6.813108395493283100e-03,5.782669612268799275e-01,-3.866774428166573283e-03,2.016262895899856690e-04,-3.527440582113706698e-04,6.708901864458024502e-05
4.443749999999999645e+00,5.826570560531029175e-01,-7.739035848451761117e-03,6.776201716674108873e-03,5.782428603821705426e-01,-3.845515127785736290e-03,1.994336793976221990e-04,-3.488982561114136989e-04,6.636035454932893692e-05
4.450000000000000178e+00,5.826088191874390088e-01,-7.696799400219276818e-03,6.739494945227565009e-03,5.782188920478231742e-01,-3.824371008083096279e-03,1.972649737152417650e-04,-3.450945374361389403e-04,6.563961935166060142e-05
4.456250000000000711e+00,5.825608455839436095e-01,-7.654791747418833621e-03,6.702986998461690250e-03,5.781950555059098829e-01,-3.803341445153487002e-03,1.951199109706882879e-04,-3.413324392858399807e-04,6.492672652856461279e-05
4.462500000000000355e+00,5.825131338165214778e-01,-7.613011650764319425e-03,6.666676799547868737e-03,5.781713500423918406e-01,-3.782425818471447584e-03,1.929982324688712448e-04,-3.376115038896302474e-04,6.422159050499202514e-05
4.468750000000000000e+00,5.824656824668021926e-01,-7.571457877681545684e-03,6.630563277489072427e-03,5.781477749470979033e-01,-3.761623510872912947e-03,1.908996823598896374e-04,-3.339312785480391113e-04,6.352412664341081593e-05
4.475000000000000533e+00,5.824184901240976320e-01,-7.530129202271917954e-03,6.594645367088293464e-03,5.781243295137036275e-01,-3.740933908537015691e-03,1.888240076075139908e-04,-3.302913155762621971e-04,6.283425123347754571e-05
4.481250000000000178e+00,5.823715553853610061e-01,-7.489024405276293803e-03,6.558922008917150888e-03,5.781010130397106206e-01,-3.720356400967989464e-03,1.867709579580211518e-04,-3.266911722480558182e-04,6.215188148182375350e-05
4.487499999999999822e+00,5.823248768551452237e-01,-7.448142274038997701e-03,6.523392149284628315e-03,5.780778248264260011e-01,-3.699890380977145180e-03,1.847402859093751916e-04,-3.231304107402629055e-04,6.147693550195482463e-05
4.493750000000000355e+00,5.822784531455617030e-01,-7.407481602472073580e-03,6.488054740206017183e-03,5.780547641789410829e-01,-3.679535244664968244e-03,1.827317466807558226e-04,-3.196085980779733563e-04,6.080933230426197473e-05
4.500000000000000000e+00,5.822322828762396263e-01,-7.367041191019735140e-03,6.452908739372036073e-03,5.780318304061116130e-01,-3.659290391403315513e-03,1.807450981824273355e-04,-3.161253060803053067e-04,6.014899178614494435e-05
4.506249999999999645e+00,5.821863646742848619e-01,-7.326819846622956676e-03,6.417953110118067989e-03,5.780090228205370106e-01,-3.639155223817683391e-03,1.787801009859421217e-04,-3.126801113067974053e-04,5.949583472224357451e-05
4.512500000000000178e+00,5.821406971742397740e-01,-7.286816382684306766e-03,6.383186821393611009e-03,5.779863407385401608e-01,-3.619129147769592578e-03,1.768365182946798105e-04,-3.092725950044123611e-04,5.884978275477854116e-05
4.518750000000000711e+00,5.820952790180429215e-01,-7.247029619032964096e-03,6.348608847731885933e-03,5.779637834801472085e-01,-3.599211572339072133e-03,1.749141159147154883e-04,-3.059023430551411921e-04,5.821075838399920876e-05
4.525000000000000355e+00,5.820501088549888680e-01,-7.207458381889908505e-03,6.314218169219594848e-03,5.779413503690675746e-01,-3.579401909807222466e-03,1.730126622260123653e-04,-3.025689459241985286e-04,5.757868495873706487e-05
4.531250000000000000e+00,5.820051853416884358e-01,-7.168101503833285496e-03,6.280013771466835815e-03,5.779190407326740830e-01,-3.559699575638875044e-03,1.711319281539365055e-04,-2.992719986088049019e-04,5.695348666706395637e-05
4.537500000000000533e+00,5.819605071420289599e-01,-7.128957823763997989e-03,6.245994645577207516e-03,5.778968539019828654e-01,-3.540103988465354446e-03,1.692716871410907984e-04,-2.960111005875513588e-04,5.633508852705428716e-05
4.543750000000000178e+00,5.819160729271353194e-01,-7.090026186871476767e-03,6.212159788118075225e-03,5.778747892116335994e-01,-3.520614570067341024e-03,1.674317151194640015e-04,-2.927858557703370227e-04,5.572341637764973397e-05
4.549999999999999822e+00,5.818718813753298580e-01,-7.051305444599594886e-03,6.178508201090958211e-03,5.778528459998704125e-01,-3.501230745357796891e-03,1.656117904828884263e-04,-2.895958724488697893e-04,5.511839686962448798e-05
4.556250000000000355e+00,5.818279311720944147e-01,-7.012794454612809349e-03,6.145038891902114900e-03,5.778310236085216767e-01,-3.481951942365013337e-03,1.638116940598076268e-04,-2.864407632477311322e-04,5.451995745665148314e-05
4.562500000000000000e+00,5.817842210100307998e-01,-6.974492080762490116e-03,6.111750873333295433e-03,5.778093213829810226e-01,-3.462777592215744975e-03,1.620312090863482320e-04,-2.833201450759945572e-04,5.392802638646755793e-05
4.568749999999999645e+00,5.817407495888226032e-01,-6.936397193053383571e-03,6.078643163512601789e-03,5.777877386721879116e-01,-3.443707129118417191e-03,1.602701211796900434e-04,-2.802336390793874039e-04,5.334253269213590394e-05
4.575000000000000178e+00,5.816975156151967807e-01,-6.898508667610304089e-03,6.045714785885555193e-03,5.777662748286083172e-01,-3.424739990346442001e-03,1.585282183117358332e-04,-2.771808705929976755e-04,5.276340618340605196e-05
4.581250000000000711e+00,5.816545178028853513e-01,-6.860825386644998219e-03,6.012964769186310114e-03,5.777449292082158516e-01,-3.405875616221628027e-03,1.568052907830747163e-04,-2.741614690945152729e-04,5.219057743816952539e-05
4.587500000000000355e+00,5.816117548725876496e-01,-6.823346238423173664e-03,5.980392147409007916e-03,5.777237011704724479e-01,-3.387113450097664191e-03,1.551011311972351958e-04,-2.711750681579999330e-04,5.162397779400985991e-05
4.593750000000000000e+00,5.815692255519325782e-01,-6.786070117231700859e-03,5.947995959779284886e-03,5.777025900783099299e-01,-3.368452938343697092e-03,1.534155344352253572e-04,-2.682213054081721330e-04,5.106353933984621684e-05
4.600000000000000533e+00,5.815269285754408601e-01,-6.748995923346013184e-03,5.915775250725954608e-03,5.776815952981105839e-01,-3.349893530328004656e-03,1.517482976303583181e-04,-2.652998224752217541e-04,5.050919490766998045e-05
4.606250000000000178e+00,5.814848626844880686e-01,-6.712122562997696260e-03,5.883729069852845599e-03,5.776607161996891726e-01,-3.331434678401763889e-03,1.500992201433586483e-04,-2.624102649501282736e-04,4.996087806437282805e-05
4.612499999999999822e+00,5.814430266272671011e-01,-6.675448948342195196e-03,5.851856471910753428e-03,5.776399521562737283e-01,-3.313075837882879359e-03,1.484681035377442306e-04,-2.595522823404815315e-04,4.941852310366474135e-05
4.618750000000000355e+00,5.814014191587515423e-01,-6.638973997426750838e-03,5.820156516769581928e-03,5.776193025444874563e-01,-3.294816467039927022e-03,1.468547515554850824e-04,-2.567255280268055675e-04,4.888206503808215580e-05
4.625000000000000000e+00,5.813600390406588048e-01,-6.602696634158509471e-03,5.788628269390637057e-03,5.775987667443300833e-01,-3.276656027076180894e-03,1.452589700929331727e-04,-2.539296592193751741e-04,4.835143959108460782e-05
4.631249999999999645e+00,5.813188850414138242e-01,-6.566615788272752233e-03,5.757270799799032654e-03,5.775783441391596496e-01,-3.258593982113706065e-03,1.436805671770190348e-04,-2.511643369155169793e-04,4.782658318923822669e-05
4.637500000000000178e+00,5.812779559361123116e-01,-6.530730395301353498e-03,5.726083183056282673e-03,5.775580341156746345e-01,-3.240629799177558844e-03,1.421193529417153357e-04,-2.484292258573953839e-04,4.730743295448643695e-05
4.643750000000000711e+00,5.812372505064851147e-01,-6.495039396541392798e-03,5.695064499233038272e-03,5.775378360638953046e-01,-3.222762948180071460e-03,1.405751396047629322e-04,-2.457239944902752781e-04,4.679392669650613652e-05
4.650000000000000355e+00,5.811967675408618028e-01,-6.459541739023927191e-03,5.664213833381952397e-03,5.775177493771461723e-01,-3.204992901905212230e-03,1.390477414446551286e-04,-2.430483149212534302e-04,4.628600290514821232e-05
4.656250000000000000e+00,5.811565058341353618e-01,-6.424236375482925837e-03,5.633530275510698765e-03,5.774977734520376771e-01,-3.187319135993025958e-03,1.375369747778786196e-04,-2.404018628784558662e-04,4.578360074296168163e-05
4.662500000000000533e+00,5.811164641877263337e-01,-6.389122264324393653e-03,5.603012920555145229e-03,5.774779076884488660e-01,-3.169741128924176247e-03,1.360426579364087604e-04,-2.377843176706969297e-04,4.528666003780091730e-05
4.668750000000000178e+00,5.810766414095475119e-01,-6.354198369595672781e-03,5.572660868352683275e-03,5.774581514895094081e-01,-3.152258362004567178e-03,1.345646112454557748e-04,-2.351953621475935707e-04,4.479512127551466921e-05
4.674999999999999822e+00,5.810370363139691907e-01,-6.319463660954857676e-03,5.542473223615658993e-03,5.774385042615818309e-01,-3.134870319350028731e-03,1.331026570014569690e-04,-2.326346826601259740e-04,4.430892559271540479e-05
4.681250000000000355e+00,5.809976477217833057e-01,-6.284917113640423568e-03,5.512449095904991409e-03,5.774189654142444228e-01,-3.117576487871108904e-03,1.316566194503159535e-04,-2.301019690216460985e-04,4.382801476962921929e-05
4.687500000000000000e+00,5.809584744601696826e-01,-6.250557708441023194e-03,5.482587599603925242e-03,5.773995343602735808e-01,-3.100376357257945189e-03,1.302263247658840765e-04,-2.275969144693257783e-04,4.335233122302488607e-05
4.693749999999999645e+00,5.809195153626607322e-01,-6.216384431665398017e-03,5.452887853891899908e-03,5.773802105156262687e-01,-3.083269419965196326e-03,1.288116010286797033e-04,-2.251192156260358498e-04,4.288181799922046800e-05
4.700000000000000178e+00,5.808807692691072555e-01,-6.182396275112496745e-03,5.423348982718583303e-03,5.773609932994231420e-01,-3.066255171197082054e-03,1.274122782048461833e-04,-2.226685724626580910e-04,4.241641876716788971e-05
4.706250000000000711e+00,5.808422350256442490e-01,-6.148592236041751716e-03,5.393970114778056518e-03,5.773418821339313389e-01,-3.049333108892493972e-03,1.260281881253438689e-04,-2.202446882608212746e-04,4.195607781161390552e-05
4.712500000000000355e+00,5.808039114846568207e-01,-6.114971317143499258e-03,5.364750383483108710e-03,5.773228764445473837e-01,-3.032502733710184910e-03,1.246591644653729884e-04,-2.178472695760554512e-04,4.150074002633644647e-05
4.718750000000000000e+00,5.807657975047465504e-01,-6.081532526509556176e-03,5.335688926939683753e-03,5.773039756597800887e-01,-3.015763549014032884e-03,1.233050427240252583e-04,-2.154760262013612118e-04,4.105035090745572991e-05
4.725000000000000533e+00,5.807278919506972947e-01,-6.048274877603977522e-03,5.306784887921470011e-03,5.772851792112337899e-01,-2.999115060858396995e-03,1.219656602041629880e-04,-2.131306711311905123e-04,4.060485654681956911e-05
4.731250000000000178e+00,5.806901936934424358e-01,-6.015197389233976552e-03,5.278037413844637558e-03,5.772664865335919160e-01,-2.982556777973555725e-03,1.206408559925220596e-04,-2.108109205258330181e-04,4.016420362546188692e-05
4.737499999999999822e+00,5.806527016100310190e-01,-5.982299085520957453e-03,5.249445656742677754e-03,5.772478970645996688e-01,-2.966088211751199879e-03,1.193304709400345390e-04,-2.085164936762005125e-04,3.972833940713290870e-05
4.743750000000000355e+00,5.806154145835946689e-01,-5.949578995871753623e-03,5.221008773241410210e-03,5.772294102450479247e-01,-2.949708876230029610e-03,1.180343476423718413e-04,-2.062471129690103728e-04,3.929721173190150216e-05
4.750000000000000000e+00,5.805783315033148373e-01,-5.917036154950012540e-03,5.192725924534129407e-03,5.772110255187566930e-01,-2.933418288081424304e-03,1.167523304207043571e-04,-2.040025038523607967e-04,3.887076900982813256e-05
4.756249999999999645e+00,5.805414512643902736e-01,-5.884669602647702065e-03,5.164596276356846725e-03,5.771927423325582396e-01,-2.917215966595174473e-03,1.154842653026732163e-04,-2.017823948016901603e-04,3.844896021470722055e-05
4.762500000000000178e+00,5.805047727680037184e-01,-5.852478384056807557e-03,5.136618998963703338e-03,5.771745601362816558e-01,-2.901101433665306470e-03,1.142300000035753827e-04,-1.995865172861223803e-04,3.803173487787917342e-05
4.768750000000000711e+00,5.804682949212900400e-01,-5.820461549441179917e-03,5.108793267102513212e-03,5.771564783827355383e-01,-2.885074213775986988e-03,1.129893839077576062e-04,-1.974146057351900655e-04,3.761904308211071435e-05
4.775000000000000355e+00,5.804320166373040379e-01,-5.788618154208517198e-03,5.081118259990424074e-03,5.771384965276927792e-01,-2.869133833987490018e-03,1.117622680502166173e-04,-1.952663975059306886e-04,3.721083545554256097e-05
4.781250000000000000e+00,5.803959368349880243e-01,-5.756947258882497143e-03,5.053593161289703269e-03,5.771206140298739129e-01,-2.853279823922243164e-03,1.105485050984036130e-04,-1.931416328503524982e-04,3.680706316570397208e-05
4.787500000000000533e+00,5.803600544391402938e-01,-5.725447929075079719e-03,5.026217159083682350e-03,5.771028303509316837e-01,-2.837511715750956794e-03,1.093479493342318940e-04,-1.910400548832673785e-04,3.640767791359361363e-05
4.793750000000001066e+00,5.803243683803830377e-01,-5.694119235458960579e-03,4.998989445852817029e-03,5.770851449554343926e-01,-2.821829044178828655e-03,1.081604566362841181e-04,-1.889614095504850194e-04,3.601263192782578856e-05
4.800000000000000711e+00,5.802888775951310363e-01,-5.662960253740152022e-03,4.971909218450875495e-03,5.770675573108507983e-01,-2.806231346431815703e-03,1.069858844622168106e-04,-1.869054455973633022e-04,3.562187795884110892e-05
4.806250000000000355e+00,5.802535810255604609e-01,-5.631970064630719211e-03,4.944975678081247293e-03,5.770500668875342409e-01,-2.790718162242977491e-03,1.058240918313601246e-04,-1.848719145377117812e-04,3.523536927318099361e-05
4.812500000000000000e+00,5.802184776195771221e-01,-5.601147753821676852e-03,4.918188030273399659e-03,5.770326731587067659e-01,-2.775289033838907599e-03,1.046749393075118383e-04,-1.828605706230460688e-04,3.485305964782578166e-05
4.818749999999999645e+00,5.801835663307861601e-01,-5.570492411956022918e-03,4.891545484859450080e-03,5.770153756004438028e-01,-2.759943505926226639e-03,1.035382889819216548e-04,-1.808711708121861288e-04,3.447490336459501774e-05
4.825000000000000178e+00,5.801488461184604040e-01,-5.540003134601916360e-03,4.865047255950864617e-03,5.769981736916586224e-01,-2.744681125678152898e-03,1.024140044564645610e-04,-1.789034747411958226e-04,3.410085520460959821e-05
4.831250000000000711e+00,5.801143159475102840e-01,-5.509679022226013530e-03,4.838692561915294149e-03,5.769810669140870152e-01,-2.729501442721148433e-03,1.013019508270015769e-04,-1.769572446936611598e-04,3.373087044281523553e-05
4.837500000000000355e+00,5.800799747884530788e-01,-5.479519180166935594e-03,4.812480625353521627e-03,5.769640547522719709e-01,-2.714404009121632391e-03,1.002019946669243988e-04,-1.750322455713005862e-04,3.336490484256607558e-05
4.843750000000000000e+00,5.800458216173826065e-01,-5.449522718608868638e-03,4.786410673076530765e-03,5.769471366935485790e-01,-2.699388379372762853e-03,9.911400401088277180e-05,-1.731282448649050585e-04,3.300291465026810878e-05
4.850000000000000533e+00,5.800118554159385820e-01,-5.419688752555332917e-03,4.760481936082716116e-03,5.769303122280284857e-01,-2.684454110381299333e-03,9.803784833869305920e-05,-1.712450126256053048e-04,3.264485659008190053e-05
4.856250000000001066e+00,5.799780751712775295e-01,-5.390016401803092612e-03,4.734693649535216299e-03,5.769135808485854611e-01,-2.669600761454538149e-03,9.697339855942538008e-05,-1.693823214364612278e-04,3.229068785868369245e-05
4.862500000000000711e+00,5.799444798760418074e-01,-5.360504790916183551e-03,4.709045052739353927e-03,5.768969420508401891e-01,-2.654827894287308063e-03,9.592052699566667236e-05,-1.675399463843690070e-04,3.194036612008420347e-05
4.868750000000000355e+00,5.799110685283307420e-01,-5.331153049200091851e-03,4.683535389120196089e-03,5.768803953331449463e-01,-2.640135072949037921e-03,9.487910736795842064e-05,-1.657176650322831073e-04,3.159384950050444645e-05
4.875000000000000000e+00,5.798778401316705411e-01,-5.301960310676081742e-03,4.658163906200261418e-03,5.768639401965696134e-01,-2.625521863870902348e-03,9.384901477940770745e-05,-1.639152573917511879e-04,3.125109658330844502e-05
4.881249999999999645e+00,5.798447936949853165e-01,-5.272925714055657839e-03,4.632929855577326041e-03,5.768475761448862427e-01,-2.610987835833032504e-03,9.283012570046838934e-05,-1.621325058957555430e-04,3.091206640399153617e-05
4.887500000000000178e+00,5.798119282325675528e-01,-5.244048402715155779e-03,4.607832492902351820e-03,5.768313026845549585e-01,-2.596532559951793186e-03,9.182231795389108318e-05,-1.603691953718592840e-04,3.057671844522398742e-05
4.893750000000000711e+00,5.797792427640491297e-01,-5.215327524670492453e-03,4.582871077857551649e-03,5.768151193247087472e-01,-2.582155609667138862e-03,9.082547069984056695e-05,-1.586251130156541471e-04,3.024501263194943741e-05
4.900000000000000355e+00,5.797467363143722352e-01,-5.186762232552028125e-03,4.558044874134548410e-03,5.767990255771398012e-01,-2.567856560730024783e-03,8.983946442117753193e-05,-1.569000483645047758e-04,2.991690932653713999e-05
4.906250000000000000e+00,5.797144079137610539e-01,-5.158351683579572543e-03,4.533353149412663180e-03,5.767830209562844201e-01,-2.553634991189891821e-03,8.886418090890350733e-05,-1.551937932715869036e-04,2.959236932398766963e-05
4.912500000000000533e+00,5.796822565976926800e-01,-5.130095039537531550e-03,4.508795175337325725e-03,5.767671049792090221e-01,-2.539490481382220693e-03,8.789950324776769702e-05,-1.535061418802174851e-04,2.927135384719164099e-05
4.918750000000001066e+00,5.796502814068688059e-01,-5.101991466750198552e-03,4.484370227498601230e-03,5.767512771655958215e-01,-2.525422613916160353e-03,8.694531580203332941e-05,-1.518368905984722223e-04,2.895382454224069369e-05
4.925000000000000711e+00,5.796184813871876340e-01,-5.074040136057157875e-03,4.460077585409831513e-03,5.767355370377286183e-01,-2.511430973662208844e-03,8.600150420140120322e-05,-1.501858380740863112e-04,2.863974347378997685e-05
4.931250000000000355e+00,5.795868555897154550e-01,-5.046240222788820826e-03,4.435916532486375990e-03,5.767198841204786985e-01,-2.497515147739965725e-03,8.506795532708927689e-05,-1.485527851696362141e-04,2.832907312047173326e-05
4.937500000000000000e+00,5.795554030706588922e-01,-5.018590906742121348e-03,4.411886356024495755e-03,5.767043179412909559e-01,-2.483674725505958646e-03,8.414455729806717709e-05,-1.469375349380003151e-04,2.802177637035966500e-05
4.943749999999999645e+00,5.795241228913369236e-01,-4.991091372156314029e-03,4.387986347180334798e-03,5.766888380301699035e-01,-2.469909298541528471e-03,8.323119945744254962e-05,-1.453398925980935001e-04,2.771781651648306391e-05
4.950000000000000178e+00,5.794930141181529049e-01,-4.963740807688920426e-03,4.364215800949015726e-03,5.766734439196655737e-01,-2.456218460640779890e-03,8.232777235899843972e-05,-1.437596655108729223e-04,2.741715725239040531e-05
4.956250000000000711e+00,5.794620758225679236e-01,-4.936538406391805488e-03,4.340574016143859508e-03,5.766581351448598625e-01,-2.442601807798604023e-03,8.143416775388007546e-05,-1.421966631556134902e-04,2.711976266776195118e-05
4.962500000000000355e+00,5.794313070810721555e-01,-4.909483365687372820e-03,4.317060295375706701e-03,5.766429112433532067e-01,-2.429058938198759565e-03,8.055027857742870956e-05,-1.406506971064472777e-04,2.682559724407049519e-05
4.968750000000000000e+00,5.794007069751588856e-01,-4.882574887344886573e-03,4.293673945032343633e-03,5.766277717552500404e-01,-2.415589452202014653e-03,7.967599893616100185e-05,-1.391215810091655819e-04,2.653462585028988388e-05
4.975000000000000533e+00,5.793702745912964192e-01,-4.855812177456939917e-03,4.270414275258058688e-03,5.766127162231463599e-01,-2.402192952334361586e-03,7.881122409489331882e-05,-1.376091305582812440e-04,2.624681373865098174e-05
4.981250000000001066e+00,5.793400090209017694e-01,-4.829194446416042348e-03,4.247280599933307872e-03,5.765977441921152913e-01,-2.388869043275298771e-03,7.795585046400844325e-05,-1.361131634743472751e-04,2.596212654044437225e-05
4.987500000000000711e+00,5.793099093603134575e-01,-4.802720908891331027e-03,4.224272236654475800e-03,5.765828552096938786e-01,-2.375617331846162968e-03,7.710977558686279629e-05,-1.346334994815283185e-04,2.568053026186911382e-05
4.993750000000000355e+00,5.792799747107650887e-01,-4.776390783805395737e-03,4.201388506713745960e-03,5.765680488258703162e-01,-2.362437426998528767e-03,7.627289812733304742e-05,-1.331699602854228605e-04,2.540199127992719813e-05
5.000000000000000000e+00,5.792502041783588185e-01,-4.750203294311258241e-03,4.178628735079101091e-03,5.765533245930698492e-01,-2.349328939802680042e-03,7.544511785750120407e-05,-1.317223695511342382e-04,2.512647633836342313e-05
5.006249999999999645e+00,5.792205968740388178e-01,-4.724157667769454845e-03,4.155992250374412021e-03,5.765386820661421163e-01,-2.336291483436133895e-03,7.462633564547544330e-05,-1.302905528815858380e-04,2.485395254364978934e-05
5.012500000000000178e+00,5.791911519135651831e-01,-4.698253135725245604e-03,4.133478384859639275e-03,5.765241208023477171e-01,-2.323324673172229207e-03,7.381645344334577771e-05,-1.288743377960787739e-04,2.458438736101411140e-05
5.018750000000000711e+00,5.791618684174879572e-01,-4.672488933885962301e-03,4.111086474411154365e-03,5.765096403613453324e-01,-2.310428126368783714e-03,7.301537427527343043e-05,-1.274735537090896645e-04,2.431774861051250582e-05
5.025000000000000355e+00,5.791327455111210387e-01,-4.646864302098458778e-03,4.088815858502146960e-03,5.764952403051788465e-01,-2.297601462456803131e-03,7.222300222571135804e-05,-1.260880319093043848e-04,2.405400446314488096e-05
5.031250000000000000e+00,5.791037823245162031e-01,-4.621378484326685299e-03,4.066665880183146543e-03,5.764809201982640241e-01,-2.284844302929250979e-03,7.143924242775514871e-05,-1.247176055388858444e-04,2.379312343701321910e-05
5.037500000000000533e+00,5.790749779924380114e-01,-4.596030728629395615e-03,4.044635886062650752e-03,5.764666796073759647e-01,-2.272156271329887813e-03,7.066400105162322506e-05,-1.233621095729741366e-04,2.353507439352225082e-05
5.043750000000001066e+00,5.790463316543374983e-01,-4.570820287137982406e-03,4.022725226287873421e-03,5.764525181016361133e-01,-2.259536993242169858e-03,6.989718529326437299e-05,-1.220213807994156169e-04,2.327982653362196600e-05
5.050000000000000711e+00,5.790178424543274138e-01,-4.545746416034408127e-03,4.000933254525567209e-03,5.764384352524999366e-01,-2.246986096278199684e-03,6.913870336309092953e-05,-1.206952577987172514e-04,2.302734939409127371e-05
5.056250000000000355e+00,5.789895095411569104e-01,-4.520808375529260757e-03,3.979259327942965933e-03,5.764244306337437118e-01,-2.234503210067741077e-03,6.838846447483642359e-05,-1.193835809242249895e-04,2.277761284386261448e-05
5.062500000000000000e+00,5.789613320681861186e-01,-4.496005429839948324e-03,3.957702807188836179e-03,5.764105038214525356e-01,-2.222087966247295477e-03,6.764637883453705964e-05,-1.180861922825240305e-04,2.253058708038711147e-05
5.068749999999999645e+00,5.789333091933613895e-01,-4.471336847168993177e-03,3.936263056374619991e-03,5.763966543940074461e-01,-2.209739998449237412e-03,6.691235762963456432e-05,-1.168029357140572602e-04,2.228624262603962717e-05
5.075000000000000178e+00,5.789054400791902033e-01,-4.446801899682446824e-03,3.914939443055683380e-03,5.763828819320728769e-01,-2.197458942291003695e-03,6.618631301819942014e-05,-1.155336567739597277e-04,2.204455032456331887e-05
5.081250000000000711e+00,5.788777238927170776e-01,-4.422399863488430533e-03,3.893731338212675416e-03,5.763691860185847782e-01,-2.185244435364350288e-03,6.546815811827375443e-05,-1.142782027131077397e-04,2.180548133755344563e-05
5.087500000000000355e+00,5.788501598054983655e-01,-4.398130018615783489e-03,3.872638116232975797e-03,5.763555662387377376e-01,-2.173096117224659896e-03,6.475780699733134924e-05,-1.130364224593783724e-04,2.156900714097968820e-05
5.093750000000000000e+00,5.788227469935780523e-01,-4.373991648992815902e-03,3.851659154892238257e-03,5.763420221799731014e-01,-2.161013629380303339e-03,6.405517466185425715e-05,-1.118081665991180299e-04,2.133509952174668362e-05
5.100000000000000533e+00,5.787954846374632201e-01,-4.349984042426202624e-03,3.830793835336051938e-03,5.763285534319669834e-01,-2.148996615282072493e-03,6.336017704702489825e-05,-1.105932873588182623e-04,2.110373057429255100e-05
5.106250000000001066e+00,5.787683719221006218e-01,-4.326106490579979987e-03,3.810041542061697300e-03,5.763151595866174981e-01,-2.137044720312661350e-03,6.267273100653214730e-05,-1.093916385869959148e-04,2.087487269722477140e-05
5.112500000000000711e+00,5.787414080368517011e-01,-4.302358288954651055e-03,3.789401662899990510e-03,5.763018402380332139e-01,-2.125157591776205643e-03,6.199275430248951397e-05,-1.082030757362745319e-04,2.064849858999295431e-05
5.118750000000000355e+00,5.787145921754691669e-01,-4.278738736866396705e-03,3.768873588997227134e-03,5.762885949825211629e-01,-2.113334878887874069e-03,6.132016559546475188e-05,-1.070274558456655125e-04,2.042458124959816549e-05
5.125000000000000000e+00,5.786879235360732343e-01,-4.255247137426425470e-03,3.748456714797238163e-03,5.762754234185748503e-01,-2.101576232763526734e-03,6.065488443462013757e-05,-1.058646375230475788e-04,2.020309396733859251e-05
5.131249999999999645e+00,5.786614013211276442e-01,-4.231882797520411868e-03,3.728150438023527993e-03,5.762623251468622643e-01,-2.089881306409420870e-03,5.999683124796114942e-05,-1.047144809278406700e-04,1.998401032559085343e-05
5.137500000000000178e+00,5.786350247374166811e-01,-4.208645027788054417e-03,3.707954159661515196e-03,5.762492997702143294e-01,-2.078249754711974234e-03,5.934592733269291622e-05,-1.035768477538730816e-04,1.976730419462666738e-05
5.143750000000000711e+00,5.786087929960211929e-01,-4.185533142602749883e-03,3.687867283940875641e-03,5.762363468936130273e-01,-2.066681234427590087e-03,5.870209484568345286e-05,-1.024516012124398573e-04,1.955294972946465336e-05
5.150000000000000355e+00,5.785827053122956087e-01,-4.162546460051368136e-03,3.667889218317969737e-03,5.762234661241799616e-01,-2.055175404172528576e-03,5.806525679403176556e-05,-1.013386060155492638e-04,1.934092136675655922e-05
5.156250000000000000e+00,5.785567609058449579e-01,-4.139684301914131094e-03,3.648019373458363801e-03,5.762106570711641451e-01,-2.043731924412833627e-03,5.743533702574011494e-05,-1.002377283593557209e-04,1.913119382170769712e-05
5.162500000000000533e+00,5.785309590005014435e-01,-4.116945993644620036e-03,3.628257163219458965e-03,5.761979193459315640e-01,-2.032350457454319692e-03,5.681226022048952232e-05,-9.914883590777788546e-05,1.892374208503135532e-05
5.168750000000001066e+00,5.785052988243019056e-01,-4.094330864349881791e-03,3.608602004633210299e-03,5.761852525619525212e-01,-2.021030667432614000e-03,5.619595188051719096e-05,-9.807179777629912681e-05,1.871854141993665752e-05
5.175000000000000711e+00,5.784797796094646172e-01,-4.071838246770639012e-03,3.589053317888933527e-03,5.761726563347910890e-01,-2.009772220303247380e-03,5.558633832159415512e-05,-9.700648451594763946e-05,1.851556735914937859e-05
5.181250000000000355e+00,5.784544005923674126e-01,-4.049467477261602805e-03,3.569610526316200228e-03,5.761601302820933412e-01,-1.998574783831794967e-03,5.498334666410258748e-05,-9.595276809745492143e-05,1.831479570196552348e-05
5.187500000000000000e+00,5.784291610135241513e-01,-4.027217895771908508e-03,3.550273056367842742e-03,5.761476740235762506e-01,-1.987438027584082379e-03,5.438690482421192497e-05,-9.491052189559135680e-05,1.811620251133737807e-05
5.193749999999999645e+00,5.784040601175631791e-01,-4.005088845825643430e-03,3.531040337603038454e-03,5.761352871810162535e-01,-1.976361622916436578e-03,5.379694150515207119e-05,-9.387962067367539248e-05,1.791976411099147618e-05
5.200000000000000178e+00,5.783790971532045688e-01,-3.983079674502485595e-03,3.511911802670485572e-03,5.761229693782384809e-01,-1.965345242965988760e-03,5.321338618858282194e-05,-9.285994056825508977e-05,1.772545708257819476e-05
5.206250000000000711e+00,5.783542713732379159e-01,-3.961189732418453520e-03,3.492886887291682570e-03,5.761107202411051009e-01,-1.954388562641039707e-03,5.263616912605885624e-05,-9.185135907396076280e-05,1.753325826285277744e-05
5.212500000000000355e+00,5.783295820345009108e-01,-3.939418373706746190e-03,3.473965030244281337e-03,5.760985393975049940e-01,-1.943491258611464156e-03,5.206522133058847707e-05,-9.085375502852526192e-05,1.734314474088717310e-05
5.218750000000000000e+00,5.783050283978564687e-01,-3.917764955998688861e-03,3.455145673345535323e-03,5.760864264773419841e-01,-1.932653009299171998e-03,5.150047456828538340e-05,-8.986700859797088533e-05,1.715509385531248287e-05
5.225000000000000533e+00,5.782806097281718571e-01,-3.896228840404793343e-03,3.436428261435843078e-03,5.760743811125245140e-01,-1.921873494868624752e-03,5.094186135011295849e-05,-8.889100126196167217e-05,1.696908319159179523e-05
5.231250000000001066e+00,5.782563252942961585e-01,-3.874809391495921077e-03,3.417812242362384175e-03,5.760624029369546539e-01,-1.911152397217404098e-03,5.038931492371945508e-05,-8.792561579931839374e-05,1.678509057932295868e-05
5.237500000000000711e+00,5.782321743690395088e-01,-3.853505977284533805e-03,3.399297066962831022e-03,5.760504915865169995e-01,-1.900489399966825066e-03,4.984276926536297279e-05,-8.697073627369414220e-05,1.660309408957085823e-05
5.243750000000000355e+00,5.782081562291508936e-01,-3.832317969206049200e-03,3.380882189049151752e-03,5.760386466990682353e-01,-1.889884188452601059e-03,4.930215907192546886e-05,-8.602624801940914783e-05,1.642307203222897219e-05
5.250000000000000000e+00,5.781842701552976083e-01,-3.811244742100310546e-03,3.362567065391510249e-03,5.760268679144264770e-01,-1.879336449715565249e-03,4.876741975301513815e-05,-8.509203762744363235e-05,1.624500295341002273e-05
5.256249999999999645e+00,5.781605154320432760e-01,-3.790285674193144463e-03,3.344351155702245549e-03,5.760151548743605021e-01,-1.868845872492439029e-03,4.823848742315561740e-05,-8.416799293158589291e-05,1.606886563286516142e-05
5.262500000000000178e+00,5.781368913478271976e-01,-3.769440147078020106e-03,3.326233922619937534e-03,5.760035072225789810e-01,-1.858412147206646870e-03,4.771529889406122096e-05,-8.325400299473419369e-05,1.589463908143147608e-05
5.268750000000000711e+00,5.781133971949431460e-01,-3.748707545697818090e-03,3.308214831693568909e-03,5.759919246047204844e-01,-1.848034965959190375e-03,4.719779166699764544e-05,-8.234995809535143509e-05,1.572230253850760218e-05
5.275000000000000355e+00,5.780900322695187166e-01,-3.728087258326683983e-03,3.290293351366759163e-03,5.759804066683424928e-01,-1.837714022519561794e-03,4.668590392522646977e-05,-8.145574971406967333e-05,1.555183546955692727e-05
5.281250000000000000e+00,5.780667958714943433e-01,-3.707578676551979806e-03,3.272468952962086144e-03,5.759689530629115151e-01,-1.827449012316708287e-03,4.617957452653294900e-05,-8.057127052044332468e-05,1.538321756363816799e-05
5.287500000000000533e+00,5.780436873046027602e-01,-3.687181195256346126e-03,3.254741110665499999e-03,5.759575634397922084e-01,-1.817239632430050610e-03,4.567874299583637011e-05,-7.969641435985014657e-05,1.521642873096315899e-05
5.293750000000001066e+00,5.780207058763484618e-01,-3.666894212599857827e-03,3.237109301510824721e-03,5.759462374522374972e-01,-1.807085581580550153e-03,4.518334951788189919e-05,-7.883107624053752884e-05,1.505144910048142158e-05
5.300000000000000711e+00,5.779978508979871643e-01,-3.646717130002270942e-03,3.219573005364329953e-03,5.759349747553780263e-01,-1.796986560121818484e-03,4.469333493001256466e-05,-7.797515232081223848e-05,1.488825901749113609e-05
5.306250000000000355e+00,5.779751216845055994e-01,-3.626649352125358838e-03,3.202131704909389528e-03,5.759237750062123906e-01,-1.786942270031276550e-03,4.420864071502093623e-05,-7.712853989637230329e-05,1.472683904127631806e-05
5.312500000000000000e+00,5.779525175546011972e-01,-3.606690286855362883e-03,3.184784885631233679e-03,5.759126378635965882e-01,-1.776952414901366781e-03,4.372920899407984886e-05,-7.629113738778016711e-05,1.456716994277004238e-05
5.318749999999999645e+00,5.779300378306624353e-01,-3.586839345285526386e-03,3.167532035801773685e-03,5.759015629882342502e-01,-1.767016699930808133e-03,4.325498251975072855e-05,-7.546284432807440603e-05,1.440923270224318176e-05
5.325000000000000178e+00,5.779076818387479664e-01,-3.567095941698720466e-03,3.150372646464511071e-03,5.758905500426664270e-01,-1.757134831915899489e-03,4.278590466906888291e-05,-7.464356135051892149e-05,1.425300850701850873e-05
5.331250000000000711e+00,5.778854489085676338e-01,-3.547459493550178793e-03,3.133306211419534856e-03,5.758795986912618181e-01,-1.747306519241873793e-03,4.232191943670523480e-05,-7.383319017648853953e-05,1.409847874920994949e-05
5.337500000000000355e+00,5.778633383734621543e-01,-3.527929421450308207e-03,3.116332227208590787e-03,5.758687086002066691e-01,-1.737531471874294037e-03,4.186297142820300139e-05,-7.303163360348841418e-05,1.394562502348651854e-05
5.343750000000000000e+00,5.778413495703835778e-01,-3.508505149147595620e-03,3.099450193100230806e-03,5.758578794374951126e-01,-1.727809401350493710e-03,4.140900585328884440e-05,-7.223879549330644882e-05,1.379442912486076483e-05
5.350000000000000533e+00,5.778194818398758592e-01,-3.489186103511615969e-03,3.082659611075049683e-03,5.758471108729191767e-01,-1.718140020771071873e-03,4.095996851925790867e-05,-7.145458076029746178e-05,1.364487304650156999e-05
5.356250000000001066e+00,5.777977345260552067e-01,-3.469971714516134707e-03,3.065959985811006223e-03,5.758364025780593476e-01,-1.708523044791432268e-03,4.051580582443168531e-05,-7.067889535979738833e-05,1.349693897757090417e-05
5.362500000000000711e+00,5.777761069765910973e-01,-3.450861415222288790e-03,3.049350824668812555e-03,5.758257542262744666e-01,-1.698958189613362750e-03,4.007646475168762860e-05,-6.991164627666551345e-05,1.335060930108422418e-05
5.368750000000000355e+00,5.777545985426864039e-01,-3.431854641761859608e-03,3.032831637677399755e-03,5.758151654926924046e-01,-1.689445172976661779e-03,3.964189286205995768e-05,-6.915274151395367822e-05,1.320586659179432261e-05
5.375000000000000000e+00,5.777332085790588545e-01,-3.412950833320649562e-03,3.016401937519478868e-03,5.758046360542002917e-01,-1.679983714150816519e-03,3.921203828841124969e-05,-6.840209008170180930e-05,1.306269361409848051e-05
5.381249999999999645e+00,5.777119364439217142e-01,-3.394149432121938443e-03,3.000061239517166130e-03,5.757941655894351918e-01,-1.670573533926719093e-03,3.878684972917338138e-05,-6.765960198585707457e-05,1.292107331996846966e-05
5.387500000000000178e+00,5.776907814989649115e-01,-3.375449883410030008e-03,2.983809061617690144e-03,5.757837537787744431e-01,-1.661214354608430994e-03,3.836627644215736481e-05,-6.692518821731598729e-05,1.278098884690324511e-05
5.393750000000000711e+00,5.776697431093361645e-01,-3.356851635433895711e-03,2.967644924379182324e-03,5.757734003043262216e-01,-1.651905900004993445e-03,3.795026823843150149e-05,-6.619876074108834753e-05,1.264242351590416207e-05
5.400000000000000355e+00,5.776488206436223294e-01,-3.338354139430897358e-03,2.951568350956535434e-03,5.757631048499203263e-01,-1.642647895422279193e-03,3.753877547626662144e-05,-6.548023248558073033e-05,1.250536082947225967e-05
5.406250000000000000e+00,5.776280134738306371e-01,-3.319956849610594760e-03,2.935578867087335411e-03,5.757528671010985200e-01,-1.633440067654886359e-03,3.713174905514790585e-05,-6.476951733199872124e-05,1.236978446962751845e-05
5.412500000000000533e+00,5.776073209753704862e-01,-3.301659223138652711e-03,2.919676001077882964e-03,5.757426867451057584e-01,-1.624282144978081302e-03,3.672914040985283252e-05,-6.406653010386705873e-05,1.223567829594988323e-05
5.418750000000001066e+00,5.775867425270344580e-01,-3.283460720120836857e-03,2.903859283789287163e-03,5.757325634708805318e-01,-1.615173857139787011e-03,3.633090150459424115e-05,-6.337118655666579986e-05,1.210302634364174811e-05
5.425000000000000711e+00,5.775662775109806635e-01,-3.265360803587082431e-03,2.888128248623626250e-03,5.757224969690457606e-01,-1.606114935352607716e-03,3.593698482722755636e-05,-6.268340336758090989e-05,1.197181282161159179e-05
5.431250000000000355e+00,5.775459253127139814e-01,-3.247358939475652757e-03,2.872482431510184776e-03,5.757124869318998028e-01,-1.597105112285897299e-03,3.554734338352179567e-05,-6.200309812536839501e-05,1.184202211057862115e-05
5.437500000000000000e+00,5.775256853210681829e-01,-3.229454596617393168e-03,2.856921370891774437e-03,5.757025330534072394e-01,-1.588144122057878445e-03,3.516193069149377959e-05,-6.133018932033117848e-05,1.171363876119825003e-05
5.443749999999999645e+00,5.775055569281878354e-01,-3.211647246720061681e-03,2.841444607711121270e-03,5.756926350291899919e-01,-1.579231700227797137e-03,3.478070077580442602e-05,-6.066459633440657225e-05,1.158664749220805084e-05
5.450000000000000178e+00,5.774855395295104277e-01,-3.193936364352745541e-03,2.826051685397327432e-03,5.756827925565182191e-01,-1.570367583788122041e-03,3.440360816221672201e-05,-6.000623943136349007e-05,1.146103318859401293e-05
5.456250000000000711e+00,5.774656325237483845e-01,-3.176321426930370142e-03,2.810742149852412785e-03,5.756730053343015463e-01,-1.561551511156788769e-03,3.403060787211471588e-05,-5.935503974710861625e-05,1.133678089977694339e-05
5.462500000000000355e+00,5.774458353128716359e-01,-3.158801914698280370e-03,2.795515549437919359e-03,5.756632730630796280e-01,-1.552783222169481668e-03,3.366165541708264193e-05,-5.871091928009936143e-05,1.121387583781865970e-05
5.468750000000000000e+00,5.774261473020894098e-01,-3.141377310716904781e-03,2.780371434961589980e-03,5.756535954450142656e-01,-1.544062458071957661e-03,3.329670679354347965e-05,-5.807380088186299579e-05,1.109230337564781307e-05
5.475000000000000533e+00,5.774065678998334672e-01,-3.124047100846514321e-03,2.765309359664125388e-03,5.756439721838798595e-01,-1.535388961512414554e-03,3.293571847745678500e-05,-5.744360824762101745e-05,1.097204904530521739e-05
5.481250000000001066e+00,5.773870965177400061e-01,-3.106810773732060840e-03,2.750328879206014217e-03,5.756344029850547495e-01,-1.526762476533903134e-03,3.257864741907470942e-05,-5.682026590701735370e-05,1.085309853620838206e-05
5.487500000000000711e+00,5.773677325706325636e-01,-3.089667820788091074e-03,2.735429551654426292e-03,5.756248875555128874e-01,-1.518182748566774404e-03,3.222545103775546126e-05,-5.620369921494870080e-05,1.073543769343498614e-05
5.493750000000000355e+00,5.773484754765046967e-01,-3.072617736183740414e-03,2.720610937470174014e-03,5.756154256038148453e-01,-1.509649524421166709e-03,3.187608721683376231e-05,-5.559383434249641958e-05,1.061905251602514822e-05
5.500000000000000000e+00,5.773293246565028847e-01,-3.055660016827819493e-03,2.705872599494760916e-03,5.756060168400993771e-01,-1.501162552279542307e-03,3.153051429854794043e-05,-5.499059826795914003e-05,1.050392915530235129e-05
5.506249999999999645e+00,5.773102795349094318e-01,-3.038794162353974492e-03,2.691214102937483556e-03,5.755966609760748698e-01,-1.492721581689256897e-03,3.118869107902251287e-05,-5.439391876798419070e-05,1.039005391321270253e-05
5.512500000000000178e+00,5.772913395391252589e-01,-3.022019675105923776e-03,2.676635015362611482e-03,5.755873577250107953e-01,-1.484326363555170565e-03,3.085057680330593528e-05,-5.380372440879718250e-05,1.027741324068235515e-05
5.518750000000000711e+00,5.772725040996535828e-01,-3.005336060122789071e-03,2.662134906676639177e-03,5.755781068017290503e-01,-1.475976650132304483e-03,3.051613116046303511e-05,-5.321994453752887236e-05,1.016599373599298730e-05
5.525000000000000355e+00,5.772537726500823752e-01,-2.988742825124489529e-03,2.647713349115600467e-03,5.755689079225960736e-01,-1.467672195018528830e-03,3.018531427872108591e-05,-5.264250927363756555e-05,1.005578214317497038e-05
5.531250000000000000e+00,5.772351446270681530e-01,-2.972239480497217319e-03,2.633369917232447968e-03,5.755597608055138537e-01,-1.459412753147294088e-03,2.985808672066926164e-05,-5.207134950042630430e-05,9.946765350418131974e-06
5.537500000000000533e+00,5.772166194703192144e-01,-2.955825539279000828e-03,2.619104187884511905e-03,5.755506651699120457e-01,-1.451198080780402230e-03,2.953440947851094251e-05,-5.150639685665425331e-05,9.838930388499972688e-06
5.543750000000001066e+00,5.771981966225793181e-01,-2.939500517145346783e-03,2.604915740221027884e-03,5.755416207367394232e-01,-1.443027935500821061e-03,2.921424396936817759e-05,-5.094758372824073031e-05,9.732264429231074409e-06
5.550000000000000711e+00,5.771798755296105865e-01,-2.923263932394948306e-03,2.590804155670718440e-03,5.755326272284558842e-01,-1.434902076205530003e-03,2.889755203063754216e-05,-5.039484324006068231e-05,9.626754783917478004e-06
5.556250000000000355e+00,5.771616556401781839e-01,-2.907115305935474917e-03,2.576769017929448746e-03,5.755236843690241244e-01,-1.426820263098405777e-03,2.858429591539696937e-05,-4.984810924783082144e-05,9.522388901839861074e-06
5.562500000000000000e+00,5.771435364060328865e-01,-2.891054161269444086e-03,2.562809912947955175e-03,5.755147918839013110e-01,-1.418782257683152970e-03,2.827443828786323790e-05,-4.930731633008581742e-05,9.419154368749451387e-06
5.568749999999999645e+00,5.771255172818960943e-01,-2.875080024480168236e-03,2.548926428919632853e-03,5.755059495000313108e-01,-1.410787822756266914e-03,2.796794221889917711e-05,-4.877239978024286595e-05,9.317038905380327005e-06
5.575000000000000178e+00,5.771075977254427336e-01,-2.859192424217772005e-03,2.535118156268389555e-03,5.754971569458365854e-01,-1.402836722400036028e-03,2.766477118157015586e-05,-4.824329559875393527e-05,9.216030365977994696e-06
5.581250000000000711e+00,5.770897771972858248e-01,-2.843390891685294939e-03,2.521384687636574629e-03,5.754884139512098651e-01,-1.394928721975585793e-03,2.736488904674956721e-05,-4.771994048534498601e-05,9.116116736844122957e-06
5.587500000000000355e+00,5.770720551609604954e-01,-2.827674960624862715e-03,2.507725617872960840e-03,5.754797202475067097e-01,-1.387063588115955252e-03,2.706826007877228559e-05,-4.720227183134058553e-05,9.017286134897119633e-06
5.593750000000000000e+00,5.770544310829078816e-01,-2.812044167303925576e-03,2.494140544020793850e-03,5.754710755675367384e-01,-1.379241088719211032e-03,2.677484893113586621e-05,-4.669022771207330006e-05,8.919526806248459267e-06
5.600000000000000533e+00,5.770369044324599184e-01,-2.796498050501587847e-03,2.480629065305912408e-03,5.754624796455568569e-01,-1.371460992941602982e-03,2.648462064224908337e-05,-4.618374687937722780e-05,8.822827124794636517e-06
5.606250000000001066e+00,5.770194746818231302e-01,-2.781036151495007262e-03,2.467190783124934440e-03,5.754539322172625981e-01,-1.363723071190756477e-03,2.619754063122712003e-05,-4.568276875416439880e-05,8.727175590824522017e-06
5.612500000000000711e+00,5.770021413060631987e-01,-2.765658014045858926e-03,2.453825301033496498e-03,5.754454330197802392e-01,-1.356027095118898318e-03,2.591357469373272411e-05,-4.518723341908287641e-05,8.632560829641881825e-06
5.618750000000000355e+00,5.769849037830898641e-01,-2.750363184386874719e-03,2.440532224734561721e-03,5.754369817916600294e-01,-1.348372837616118635e-03,2.563268899786302327e-05,-4.469708161125595693e-05,8.538971590202984214e-06
5.625000000000000000e+00,5.769677615936409376e-01,-2.735151211208464682e-03,2.427311162066796320e-03,5.754285782728670862e-01,-1.340760072803674850e-03,2.535485008008164242e-05,-4.421225471510185098e-05,8.446396743769148135e-06
5.631249999999999645e+00,5.769507142212674244e-01,-2.720021645645404312e-03,2.414161722993002444e-03,5.754202222047749560e-01,-1.333188576027327524e-03,2.508002484119531756e-05,-4.373269475523236939e-05,8.354825282573989390e-06
5.637500000000000178e+00,5.769337611523180920e-01,-2.704974041263589514e-03,2.401083519588615659e-03,5.754119133301572875e-01,-1.325658123850711979e-03,2.480818054237461626e-05,-4.325834438942998322e-05,8.264246318505230688e-06
5.643750000000000711e+00,5.769169018759244816e-01,-2.690007954046879160e-03,2.388076166030270089e-03,5.754036513931802821e-01,-1.318168494048751983e-03,2.453928480121850408e-05,-4.278914690170268899e-05,8.174649081800980721e-06
5.650000000000000355e+00,5.769001358839853655e-01,-2.675122942383990118e-03,2.375139278584416022e-03,5.753954361393955885e-01,-1.310719465601101414e-03,2.427330558786183507e-05,-4.232504619541516773e-05,8.086022919760201040e-06
5.656250000000000000e+00,5.768834626711525360e-01,-2.660318567055469045e-03,2.362272475596001280e-03,5.753872673157321982e-01,-1.303310818685622131e-03,2.401021122112558369e-05,-4.186598678649575698e-05,7.998357295467262479e-06
5.662500000000000533e+00,5.768668817348150402e-01,-2.645594391220740076e-03,2.349475377477219361e-03,5.753791446704894508e-01,-1.295942334671903052e-03,2.374997036470942832e-05,-4.141191379671866631e-05,7.911641786530519972e-06
5.668750000000001066e+00,5.768503925750853023e-01,-2.630949980405224934e-03,2.336747606696320048e-03,5.753710679533292627e-01,-1.288613796114812396e-03,2.349255202342608669e-05,-4.096277294706023042e-05,7.825866083834646575e-06
5.675000000000000711e+00,5.768339946947833585e-01,-2.616384902487522458e-03,2.324088787766470307e-03,5.753630369152689106e-01,-1.281324986748081382e-03,2.323792553947678330e-05,-4.051851055112831187e-05,7.741019990306569141e-06
5.681250000000000355e+00,5.768176875994228681e-01,-2.601898727686658384e-03,2.311498547234679384e-03,5.753550513086739260e-01,-1.274075691477923045e-03,2.298606058876760815e-05,-4.007907350866408118e-05,7.657093419694904009e-06
5.687500000000000000e+00,5.768014707971964583e-01,-2.587491028549415359e-03,2.298976513670791116e-03,5.753471108872502127e-01,-1.266865696376690519e-03,2.273692717726637382e-05,-3.964440929911587603e-05,7.574076395362771575e-06
5.693749999999999645e+00,5.767853437989609588e-01,-2.573161379937720632e-03,2.286522317656526984e-03,5.753392154060372743e-01,-1.259694788676565683e-03,2.249049563739933730e-05,-3.921446597528360133e-05,7.491959049093772064e-06
5.700000000000000178e+00,5.767693061182231906e-01,-2.558909359016105309e-03,2.274135591774593349e-03,5.753313646214006649e-01,-1.252562756763281630e-03,2.224673662448737666e-05,-3.878919215703331783e-05,7.410731619911005610e-06
5.706250000000000711e+00,5.767533572711253109e-01,-2.544734545239238626e-03,2.261815970597847673e-03,5.753235582910251056e-01,-1.245469390169884165e-03,2.200562111322140900e-05,-3.836853702508128072e-05,7.330384452909044310e-06
5.712500000000000355e+00,5.767374967764310467e-01,-2.530636520339516436e-03,2.249563090678521546e-03,5.753157961739069348e-01,-1.238414479570521063e-03,2.176712039417623326e-05,-3.795245031484628965e-05,7.250907998098610629e-06
5.718750000000000000e+00,5.767217241555110396e-01,-2.516614868314723859e-03,2.237376590537497930e-03,5.753080780303475583e-01,-1.231397816774265803e-03,2.153120607036262835e-05,-3.754088231036978112e-05,7.172292809263879128e-06
5.725000000000000533e+00,5.767060389323290792e-01,-2.502669175415763846e-03,2.225256110653655618e-03,5.753004036219458994e-01,-1.224419194718977949e-03,2.129785005381733409e-05,-3.713378383830321592e-05,7.094529542832312594e-06
5.731250000000001066e+00,5.766904406334276700e-01,-2.488799030134461639e-03,2.213201293453267906e-03,5.752927727115911827e-01,-1.217478407465198221e-03,2.106702456223044379e-05,-3.673110626196168424e-05,7.017608956756839432e-06
5.737500000000000711e+00,5.766749287879143759e-01,-2.475004023191417803e-03,2.201211783299457207e-03,5.752851850634568276e-01,-1.210575250190070676e-03,2.083870211560957849e-05,-3.633280147544288815e-05,6.941521909410205469e-06
5.743750000000000355e+00,5.766595029274478312e-01,-2.461283747523936288e-03,2.189287226481702146e-03,5.752776404429925661e-01,-1.203709519181299587e-03,2.061285553298065630e-05,-3.593882189781091190e-05,6.866259358491403593e-06
5.750000000000000000e+00,5.766441625862238629e-01,-2.447637798274018839e-03,2.177427271205412303e-03,5.752701386169178921e-01,-1.196881011831143820e-03,2.038945792912495212e-05,-3.554912046734433296e-05,6.791812359944099927e-06
5.756249999999999645e+00,5.766289073009618349e-01,-2.434065772776425329e-03,2.165631567581551530e-03,5.752626793532152893e-01,-1.190089526630438554e-03,2.016848271135178016e-05,-3.516365063584758256e-05,6.718172066886837991e-06
5.762500000000000178e+00,5.766137366108908813e-01,-2.420567270546790471e-03,2.153899767616318517e-03,5.752552624211231258e-01,-1.183334863162651025e-03,1.994990357630655186e-05,-3.478236636302488511e-05,6.645329728554921758e-06
5.768750000000000711e+00,5.765986500577364726e-01,-2.407141893269819453e-03,2.142231525200888938e-03,5.752478875911291034e-01,-1.176616822097971632e-03,1.973369450681390446e-05,-3.440522211091647827e-05,6.573276689253904752e-06
5.775000000000000355e+00,5.765836471857068712e-01,-2.393789244787533025e-03,2.130626496101205736e-03,5.752405546349633747e-01,-1.169935205187431701e-03,1.951982976875526991e-05,-3.403217283839577866e-05,6.502004387324451412e-06
5.781250000000000000e+00,5.765687275414793644e-01,-2.380508931087578928e-03,2.119084337947824050e-03,5.752332633255915484e-01,-1.163289815257054216e-03,1.930828390798064353e-05,-3.366317399572724264e-05,6.431504354118507192e-06
5.787500000000000533e+00,5.765538906741873859e-01,-2.367300560291613152e-03,2.107604710225817728e-03,5.752260134372084721e-01,-1.156680456202040111e-03,1.909903174725430521e-05,-3.329818151918433928e-05,6.361768212986691007e-06
5.793750000000001066e+00,5.765391361354068600e-01,-2.354163742643744506e-03,2.096187274264740916e-03,5.752188047452311270e-01,-1.150106932980984702e-03,1.889204838323397802e-05,-3.293715182572677500e-05,6.292787678276743985e-06
5.800000000000000711e+00,5.765244634791431011e-01,-2.341098090499034706e-03,2.084831693228637352e-03,5.752116370262924105e-01,-1.143569051610123389e-03,1.868730918348297370e-05,-3.258004180773619733e-05,6.224554554342874468e-06
5.806250000000000355e+00,5.765098722618174909e-01,-2.328103218312059172e-03,2.073537632106103434e-03,5.752045100582341419e-01,-1.137066619157607291e-03,1.848478978351503365e-05,-3.222680882780978157e-05,6.157060734565924696e-06
5.812500000000000000e+00,5.764953620422549330e-01,-2.315178742625539823e-03,2.062304757700414177e-03,5.751974236201008450e-01,-1.130599443737815516e-03,1.828446608387170269e-05,-3.187741071361146984e-05,6.090298200384278714e-06
5.818749999999999645e+00,5.764809323816700859e-01,-2.302324282059034239e-03,2.051132738619693835e-03,5.751903774921329759e-01,-1.124167334505694112e-03,1.808631424723155812e-05,-3.153180575277964969e-05,6.024259020335321780e-06
5.825000000000000178e+00,5.764665828436548178e-01,-2.289539457297681217e-03,2.040021245267143769e-03,5.751833714557604837e-01,-1.117770101651125369e-03,1.789031069555112790e-05,-3.118995268789093335e-05,5.958935349107353840e-06
5.831250000000000711e+00,5.764523129941654389e-01,-2.276823891081020471e-03,2.028969949831324962e-03,5.751764052935965932e-01,-1.111407556393332902e-03,1.769643210723718975e-05,-3.085181071147951589e-05,5.894319426601901187e-06
5.837500000000000355e+00,5.764381224015094896e-01,-2.264177208191857447e-03,2.017978526276489534e-03,5.751694787894310323e-01,-1.105079510975309504e-03,1.750465541434991241e-05,-3.051733946111114334e-05,5.830403577006211149e-06
5.843750000000000000e+00,5.764240106363337501e-01,-2.251599035445194484e-03,2.007046650332961271e-03,5.751625917282238154e-01,-1.098785778658279040e-03,1.731495779983659511e-05,-3.018649901451133153e-05,5.767180207875876444e-06
5.850000000000000533e+00,5.764099772716104741e-01,-2.239089001677225296e-03,1.996173999487575561e-03,5.751557438960991364e-01,-1.092526173716188917e-03,1.712731669479581890e-05,-2.985924988474732408e-05,5.704641809227507039e-06
5.856250000000001066e+00,5.763960218826257309e-01,-2.226646737734390164e-03,1.985360252974173543e-03,5.751489350803385969e-01,-1.086300511430233996e-03,1.694170977577152200e-05,-2.953555301546309842e-05,5.642780952641310601e-06
5.862500000000000711e+00,5.763821440469667490e-01,-2.214271876462482747e-03,1.974605091764137024e-03,5.751421650693752108e-01,-1.080108608083405657e-03,1.675811496207661283e-05,-2.921536977616664049e-05,5.581590290373423991e-06
5.868750000000000355e+00,5.763683433445087045e-01,-2.201964052695816292e-03,1.963908198556978037e-03,5.751354336527871869e-01,-1.073950280955072089e-03,1.657651041314583281e-05,-2.889866195756901718e-05,5.521062554477940743e-06
5.875000000000000000e+00,5.763546193574033971e-01,-2.189722903246459247e-03,1.953269257770986946e-03,5.751287406212916009e-01,-1.067825348315590023e-03,1.639687452591777746e-05,-2.858539176697500600e-05,5.461190555938565077e-06
5.881249999999999645e+00,5.763409716700660379e-01,-2.177548066893517705e-03,1.942687955533922402e-03,5.751220857667380670e-01,-1.061733629420944219e-03,1.621918593224541157e-05,-2.827552182372422145e-05,5.401967183809698464e-06
5.887500000000000178e+00,5.763273998691634814e-01,-2.165439184372479862e-03,1.932163979673754859e-03,5.751154688821030758e-01,-1.055674944507415574e-03,1.604342349633493980e-05,-2.796901515468239253e-05,5.343385404366910475e-06
5.893750000000000711e+00,5.763139035436021240e-01,-2.153395898364623366e-03,1.921697019709464735e-03,5.751088897614834439e-01,-1.049649114786280462e-03,1.586956631221282576e-05,-2.766583518978241190e-05,5.285438260266709202e-06
5.900000000000000355e+00,5.763004822845151365e-01,-2.141417853486471661e-03,1.911286766841882416e-03,5.751023482000904297e-01,-1.043655962438535655e-03,1.569759370122035666e-05,-2.736594575761419447e-05,5.228118869715435916e-06
5.906250000000000000e+00,5.762871356852510285e-01,-2.129504696279307593e-03,1.900932913944579231e-03,5.750958439942436273e-01,-1.037695310609652302e-03,1.552748520953565179e-05,-2.706931108106305740e-05,5.171420425647231455e-06
5.912500000000000533e+00,5.762738633413615474e-01,-2.117656075198750317e-03,1.890635155554813273e-03,5.750893769413649714e-01,-1.031766983404360264e-03,1.535922060572287098e-05,-2.677589577299620822e-05,5.115336194911008256e-06
5.918750000000001066e+00,5.762606648505893547e-01,-2.105871640604389458e-03,1.880393187864522935e-03,5.750829468399727418e-01,-1.025870805881461730e-03,1.519277987830822989e-05,-2.648566483199667356e-05,5.059859517466282361e-06
5.925000000000000711e+00,5.762475398128568127e-01,-2.094151044749466544e-03,1.870206708711365760e-03,5.750765534896755682e-01,-1.020006604048669758e-03,1.502814323338243937e-05,-2.619858363814396714e-05,5.004983805587759504e-06
5.931250000000000355e+00,5.762344878302533280e-01,-2.082493941770615850e-03,1.860075417569803267e-03,5.750701966911666574e-01,-1.014174204857474582e-03,1.486529109222936560e-05,-2.591461794884112438e-05,4.950702543078588882e-06
5.937500000000000000e+00,5.762215085070245824e-01,-2.070899987677665092e-03,1.849999015542243665e-03,5.750638762462179088e-01,-1.008373436198040920e-03,1.470420408898075507e-05,-2.563373389468784604e-05,4.897009284492243123e-06
5.943749999999999645e+00,5.762086014495600983e-01,-2.059368840343488161e-03,1.839977205350224474e-03,5.750575919576739192e-01,-1.002604126894131959e-03,1.454486306829650953e-05,-2.535589797539881249e-05,4.843897654362858403e-06
5.950000000000000178e+00,5.761957662663819146e-01,-2.047900159493910334e-03,1.830009691325645664e-03,5.750513436294462100e-01,-9.968661066980584896e-04,1.438724908307032442e-05,-2.508107705576687713e-05,4.791361346443964435e-06
5.956250000000000711e+00,5.761830025681331513e-01,-2.036493606697676803e-03,1.820096179402052455e-03,5.750451310665074534e-01,-9.911592062856601319e-04,1.423134339216053167e-05,-2.480923836167076637e-05,4.739394122955549257e-06
5.962500000000000355e+00,5.761703099675662409e-01,-2.025148845356464569e-03,1.810236377105962132e-03,5.750389540748856998e-01,-9.854832572513095527e-04,1.407712745814561486e-05,-2.454034947612648301e-05,4.687989813839304668e-06
5.968750000000000000e+00,5.761576880795316047e-01,-2.013865540694952019e-03,1.800429993548234445e-03,5.750328124616587155e-01,-9.798380921029431305e-04,1.392458294510429508e-05,-2.427437833538207784e-05,4.637142316021989625e-06
5.975000000000000533e+00,5.761451365209665498e-01,-2.002643359750945311e-03,1.790676739415496656e-03,5.750267060349484316e-01,-9.742235442571229578e-04,1.377369171641995890e-05,-2.401129322505548433e-05,4.586845592686856548e-06
5.981250000000001066e+00,5.761326549108837236e-01,-1.991481971365560710e-03,1.780976326961614120e-03,5.750206346039147265e-01,-9.686394480341243207e-04,1.362443583260910469e-05,-2.375106277631480316e-05,4.537093672553026181e-06
5.987500000000000711e+00,5.761202428703596778e-01,-1.980381046173452456e-03,1.771328469999200982e-03,5.750145979787504302e-01,-9.630856386530475734e-04,1.347679754917343315e-05,-2.349365596210038629e-05,4.487880649162692425e-06
5.993750000000000355e+00,5.761079000225242108e-01,-1.969340256593092673e-03,1.761732883891177709e-03,5.750085959706755512e-01,-9.575619522269562508e-04,1.333075931447542596e-05,-2.323904209338841870e-05,4.439200680176096163e-06
6.000000000000000000e+00,5.760956259925487100e-01,-1.958359276817115031e-03,1.752189285542381974e-03,5.750026283919311698e-01,-9.520682257580453207e-04,1.318630376763726023e-05,-2.298719081549573719e-05,4.391047986674229096e-06
6.006249999999999645e+00,5.760834204076354936e-01,-1.947437782802701346e-03,1.742697393391216820e-03,5.749966950557747758e-01,-9.466042971328333987e-04,1.304341373646259115e-05,-2.273807210442510006e-05,4.343416852469106679e-06
6.012500000000000178e+00,5.760712828970065980e-01,-1.936575452262020427e-03,1.733256927401347200e-03,5.749907957764741617e-01,-9.411700051173795727e-04,1.290207223538107237e-05,-2.249165626325055531e-05,4.296301623421565242e-06
6.018750000000000711e+00,5.760592130918928966e-01,-1.925771964652726355e-03,1.723867609053444418e-03,5.749849303693019831e-01,-9.357651893525304777e-04,1.276226246341540409e-05,-2.224791391854270072e-05,4.249696706766524013e-06
6.025000000000000355e+00,5.760472106255233316e-01,-1.915027001168500111e-03,1.714529161336970269e-03,5.749790986505306511e-01,-9.303896903491890545e-04,1.262396780217050906e-05,-2.200681601683297857e-05,4.203596570445567202e-06
6.031250000000000000e+00,5.760352751331137000e-01,-1.904340244729641743e-03,1.705241308742004754e-03,5.749733004374265599e-01,-9.250433494836088951e-04,1.248717181384469068e-05,-2.176833382111681198e-05,4.157995742446808876e-06
6.037500000000000533e+00,5.760234062518566622e-01,-1.893711379973719985e-03,1.696003777251123669e-03,5.749675355482447570e-01,-9.197260089927165611e-04,1.235185823926259724e-05,-2.153243890739529130e-05,4.112888810151973701e-06
6.043750000000001066e+00,5.760116036209099732e-01,-1.883140093246272627e-03,1.686816294331320003e-03,5.749618038022237254e-01,-9.144375119694610069e-04,1.221801099592968041e-05,-2.129910316125478397e-05,4.068270419690601239e-06
6.050000000000000711e+00,5.759998668813869349e-01,-1.872626072591550674e-03,1.677678588925964357e-03,5.749561050195798328e-01,-9.091777023581831688e-04,1.208561417610784310e-05,-2.106829877448400008e-05,4.024135275301260284e-06
6.056250000000000355e+00,5.759881956763448496e-01,-1.862169007743313259e-03,1.668590391446807871e-03,5.749504390215022243e-01,-9.039464249500120093e-04,1.195465204491211575e-05,-2.083999824172817498e-05,3.980478138699727506e-06
6.062500000000000000e+00,5.759765896507752503e-01,-1.851768590115679576e-03,1.659551433766036756e-03,5.749448056301474930e-01,-8.987435253782890751e-04,1.182510903842820866e-05,-2.061417435718014524e-05,3.937293828454087200e-06
6.068749999999999645e+00,5.759650484515929092e-01,-1.841424512794024616e-03,1.650561449208362390e-03,5.749392046686344626e-01,-8.935688501140145231e-04,1.169696976185057597e-05,-2.039080021130761325e-05,3.894577219366614072e-06
6.075000000000000178e+00,5.759535717276257349e-01,-1.831136470525923481e-03,1.641620172543156080e-03,5.749336359610386360e-01,-8.884222464613182992e-04,1.157021898764080853e-05,-2.016984918761632257e-05,3.852323241862395027e-06
6.081250000000000711e+00,5.759421591296042253e-01,-1.820904159712151849e-03,1.632727339976630665e-03,5.749280993323875322e-01,-8.833035625529587478e-04,1.144484165370622674e-05,-1.995129495944889349e-05,3.810526881384637851e-06
6.087500000000000355e+00,5.759308103101513643e-01,-1.810727278397726353e-03,1.623882689144058979e-03,5.749225946086553574e-01,-8.782126473458417128e-04,1.132082286159827029e-05,-1.973511148681861722e-05,3.769183177796538047e-06
6.093750000000000000e+00,5.759195249237719638e-01,-1.800605526262994598e-03,1.615085959102032865e-03,5.749171216167573428e-01,-8.731493506165643580e-04,1.119814787473058138e-05,-1.952127301327799877e-05,3.728287224789669947e-06
6.100000000000000533e+00,5.759083026268430050e-01,-1.790538604614779405e-03,1.606336890320770542e-03,5.749116801845454150e-01,-8.681135229569858763e-04,1.107680211661661037e-05,-1.930975406282178775e-05,3.687834169298841950e-06
6.106250000000001066e+00,5.758971430776032019e-01,-1.780526216377569231e-03,1.597635224676465394e-03,5.749062701408027554e-01,-8.631050157698222673e-04,1.095677116912648128e-05,-1.910052943682396143e-05,3.647819210923333731e-06
6.112500000000000711e+00,5.758860459361426765e-01,-1.770568066084753263e-03,1.588980705443671397e-03,5.749008913152386935e-01,-8.581236812642624749e-04,1.083804077076281555e-05,-1.889357421100822679e-05,3.608237601354412510e-06
6.118750000000000355e+00,5.758750108643937438e-01,-1.760663859869901178e-03,1.580373077287728235e-03,5.748955435384834889e-01,-8.531693724516072920e-04,1.072059681495539894e-05,-1.868886373245170918e-05,3.569084643809091101e-06
6.125000000000000000e+00,5.758640375261199207e-01,-1.750813305458099288e-03,1.571812086257236068e-03,5.748902266420841123e-01,-8.482419431409373226e-04,1.060442534837454580e-05,-1.848637361662170583e-05,3.530355692470081162e-06
6.131249999999999645e+00,5.758531255869067111e-01,-1.741016112157326790e-03,1.563297479776564131e-03,5.748849404584982503e-01,-8.433412479347996999e-04,1.048951256926282190e-05,-1.828607974444477905e-05,3.492046151931828144e-06
6.137500000000000178e+00,5.758422747141513920e-01,-1.731271990849879731e-03,1.554829006638401611e-03,5.748796848210901977e-01,-8.384671422249195252e-04,1.037584482578498367e-05,-1.808795825940801976e-05,3.454151476652581345e-06
6.143750000000000711e+00,5.758314845770535761e-01,-1.721580653983845709e-03,1.546406416996351681e-03,5.748744595641254174e-01,-8.336194821879370012e-04,1.026340861439599635e-05,-1.789198556469220687e-05,3.416667170412454183e-06
6.150000000000000355e+00,5.758207548466049985e-01,-1.711941815564618470e-03,1.538029462357561527e-03,5.748692645227657660e-01,-8.287981247811639736e-04,1.015219057822679762e-05,-1.769813832033626286e-05,3.379588785777362882e-06
6.156250000000000000e+00,5.758100851955799682e-01,-1.702355191146458918e-03,1.529697895575390758e-03,5.748640995330649428e-01,-8.240029277383638905e-04,1.004217750548767604e-05,-1.750639344043280221e-05,3.342911923568805020e-06
6.162500000000000533e+00,5.757994752985260423e-01,-1.692820497824106202e-03,1.521411470842126646e-03,5.748589644319631597e-01,-8.192337495655576752e-04,9.933356327889156023e-06,-1.731672809035453558e-05,3.306632232339435173e-06
6.168750000000001066e+00,5.757889248317537012e-01,-1.683337454224435436e-03,1.513169943681735375e-03,5.748538590572825902e-01,-8.144904495368511738e-04,9.825714119080116482e-06,-1.712911968401109600e-05,3.270745407854352103e-06
6.175000000000000711e+00,5.757784334733277998e-01,-1.673905780498154226e-03,1.504973070942650787e-03,5.748487832477228165e-01,-8.097728876902843959e-04,9.719238093102894235e-06,-1.694354588113581279e-05,3.235247192578018294e-06
6.181250000000000355e+00,5.757680009030569090e-01,-1.664525198311544302e-03,1.496820610790601091e-03,5.748437368428553906e-01,-8.050809248237015712e-04,9.613915602865261975e-06,-1.675998458460223325e-05,3.200133375166762698e-06
6.187500000000000000e+00,5.757576268024849897e-01,-1.655195430838254760e-03,1.488712322701479795e-03,5.748387196831197254e-01,-8.004144224906478786e-04,9.509734138629148694e-06,-1.657841393777021596e-05,3.165399789966844683e-06
6.193749999999999645e+00,5.757473108548811780e-01,-1.645916202751135414e-03,1.480647967454251776e-03,5.748337316098184324e-01,-7.957732429962860151e-04,9.406681326515811190e-06,-1.639881232186096550e-05,3.131042316517956777e-06
6.200000000000000178e+00,5.757370527452309039e-01,-1.636687240214111574e-03,1.472627307123896417e-03,5.748287724651117703e-01,-7.911572493933342323e-04,9.304744927027314334e-06,-1.622115835336086634e-05,3.097056879062140800e-06
6.206250000000000711e+00,5.757268521602261213e-01,-1.627508270874111285e-03,1.464650105074394998e-03,5.748238420920142033e-01,-7.865663054780294185e-04,9.203912833584193065e-06,-1.604543088145387862e-05,3.063439446058068678e-06
6.212500000000000355e+00,5.757167087882568701e-01,-1.618379023853027711e-03,1.456716125951749074e-03,5.748189403343887394e-01,-7.820002757861092618e-04,9.104173071079033519e-06,-1.587160898548190975e-05,3.030186029700588414e-06
6.218750000000000000e+00,5.757066223194011734e-01,-1.609299229739725523e-03,1.448825135677037253e-03,5.748140670369429328e-01,-7.774590255888151223e-04,9.005513794445802191e-06,-1.569967197243305341e-05,2.997292685445505998e-06
6.225000000000000533e+00,5.756965924454165995e-01,-1.600268620582096521e-03,1.440976901439514459e-03,5.748092220452241108e-01,-7.729424208889207077e-04,8.907923287244880786e-06,-1.552959937445742828e-05,2.964755511539557077e-06
6.231250000000001066e+00,5.756866188597306033e-01,-1.591286929879156230e-03,1.433171191689748070e-03,5.748044052056148212e-01,-7.684503284167810240e-04,8.811389960263505211e-06,-1.536137094641024374e-05,2.932570648555500647e-06
6.237500000000000711e+00,5.756767012574319775e-01,-1.582353892573181049e-03,1.425407776132786575e-03,5.747996163653280588e-01,-7.639826156264009497e-04,8.715902350131456239e-06,-1.519496666342167934e-05,2.900734278932251730e-06
6.243750000000000355e+00,5.756668393352615265e-01,-1.573469245041885303e-03,1.417686425721366179e-03,5.747948553724031573e-01,-7.595391506915249525e-04,8.621449117951825671e-06,-1.503036671849338980e-05,2.869242626520026381e-06
6.250000000000000000e+00,5.756570327916032959e-01,-1.564632725090648593e-03,1.410006912649158610e-03,5.747901220757012375e-01,-7.551198025017513086e-04,8.528019047946808854e-06,-1.486755152012146968e-05,2.838091956130460040e-06
6.256249999999999645e+00,5.756472813264755795e-01,-1.555844071944780232e-03,1.402369010344051668e-03,5.747854163249004333e-01,-7.507244406586647536e-04,8.435601046118210172e-06,-1.470650168994534067e-05,2.807278573091605224e-06
6.262500000000000178e+00,5.756375846415219266e-01,-1.547103026241823578e-03,1.394772493461466853e-03,5.747807379704916730e-01,-7.463529354719903837e-04,8.344184138922561538e-06,-1.454719806042241065e-05,2.776798822807775509e-06
6.268750000000000711e+00,5.756279424400029265e-01,-1.538409330023909807e-03,1.387217137877715372e-03,5.747760868637743492e-01,-7.420051579557709756e-04,8.253757471960757348e-06,-1.438962167252828100e-05,2.746649090324198554e-06
6.275000000000000355e+00,5.756183544267865493e-01,-1.529762726730145295e-03,1.379702720683387979e-03,5.747714628568518780e-01,-7.376809798245614370e-04,8.164310308681897556e-06,-1.423375377348203111e-05,2.716825799896386662e-06
6.281250000000000000e+00,5.756088203083402632e-01,-1.521162961189039984e-03,1.372229020176777333e-03,5.747668658026270361e-01,-7.333802734896446157e-04,8.075832029101296533e-06,-1.407957581449641593e-05,2.687325414564196103e-06
6.287500000000000533e+00,5.755993397927218203e-01,-1.512609779610982587e-03,1.364795815857342432e-03,5.747622955547980750e-01,-7.291029120552700938e-04,7.988312128532508628e-06,-1.392706944855278827e-05,2.658144435730540028e-06
6.293750000000001066e+00,5.755899125895711510e-01,-1.504102929580755470e-03,1.357402888419207950e-03,5.747577519678541691e-01,-7.248487693149126060e-04,7.901740216333190856e-06,-1.377621652820038528e-05,2.629279402744686801e-06
6.300000000000000711e+00,5.755805384101011501e-01,-1.495642160050087268e-03,1.350050019744694152e-03,5.747532348970709748e-01,-7.206177197475496484e-04,7.816106014664590958e-06,-1.362699910337961980e-05,2.600726892490079364e-06
6.306250000000000355e+00,5.755712169670897937e-01,-1.487227221330242148e-03,1.342736992897881941e-03,5.747487441985066337e-01,-7.164096385139581691e-04,7.731399357264571054e-06,-1.347939941926921563e-05,2.572483518976637532e-06
6.312500000000000000e+00,5.755619479748711464e-01,-1.478857865084659594e-03,1.335463592118218664e-03,5.747442797289975536e-01,-7.122244014530351112e-04,7.647610188234070310e-06,-1.333339991415699883e-05,2.544545932937523719e-06
6.318749999999999645e+00,5.755527311493273679e-01,-1.470533844321625415e-03,1.328229602814153193e-03,5.747398413461538569e-01,-7.080618850781353031e-04,7.564728560836749140e-06,-1.318898321733394343e-05,2.516910821430275125e-06
6.325000000000000178e+00,5.755435662078801640e-01,-1.462254913386985475e-03,1.321034811556807227e-03,5.747354289083552725e-01,-7.039219665734291901e-04,7.482744636311737853e-06,-1.304613214701123605e-05,2.489574907442284167e-06
6.331250000000000711e+00,5.755344528694820161e-01,-1.454020827956900835e-03,1.313879006073682791e-03,5.747310422747472503e-01,-6.998045237902828994e-04,7.401648682699363537e-06,-1.290482970826024947e-05,2.462534949500582252e-06
6.337500000000000355e+00,5.755253908546088537e-01,-1.445831345030638895e-03,1.306761975242400975e-03,5.747266813052366308e-01,-6.957094352436551119e-04,7.321431073679630718e-06,-1.276505909097495230e-05,2.435787741285853648e-06
6.343750000000000000e+00,5.755163798852509505e-01,-1.437686222923400961e-03,1.299683509084472322e-03,5.747223458604872048e-01,-6.916365801085132313e-04,7.242082287423366860e-06,-1.262680366785661440e-05,2.409330111250650623e-06
6.350000000000000533e+00,5.755074196849048196e-01,-1.429585221259196438e-03,1.292643398759107769e-03,5.747180358019160495e-01,-6.875858382162717804e-04,7.163592905455940367e-06,-1.249004699242065864e-05,2.383158922241777687e-06
6.356250000000001066e+00,5.754985099785657754e-01,-1.421528100963751493e-03,1.285641436557059944e-03,5.747137509916893094e-01,-6.835570900512496616e-04,7.085953611533365605e-06,-1.235477279702532053e-05,2.357271071126783950e-06
6.362500000000000711e+00,5.754896504927188294e-01,-1.413514624257456104e-03,1.278677415894496775e-03,5.747094912927178667e-01,-6.795502167471447657e-04,7.009155190530617894e-06,-1.222096499092179527e-05,2.331663488424508517e-06
6.368750000000000355e+00,5.754808409553312520e-01,-1.405544554648345155e-03,1.271751131306905671e-03,5.747052565686536774e-01,-6.755651000835277697e-04,6.933188527342067007e-06,-1.208860765832572844e-05,2.306333137939642107e-06
6.375000000000000000e+00,5.754720810958443566e-01,-1.397617656925125712e-03,1.264862378443038253e-03,5.747010466838854414e-01,-6.716016224823575121e-04,6.858044605793954628e-06,-1.195768505650990270e-05,2.281277016401285808e-06
6.381249999999999645e+00,5.754633706451657282e-01,-1.389733697150237479e-03,1.258010954058881971e-03,5.746968615035349393e-01,-6.676596670045136048e-04,6.783714507568681991e-06,-1.182818161391771594e-05,2.256492153105426941e-06
6.387500000000000178e+00,5.754547093356607856e-01,-1.381892442652949251e-03,1.251196656011664687e-03,5.746927008934524794e-01,-6.637391173463472616e-04,6.710189411140826384e-06,-1.170008192829729468e-05,2.231975609561307041e-06
6.393750000000000711e+00,5.754460969011454541e-01,-1.374093662022498512e-03,1.244419283253897198e-03,5.746885647202136793e-01,-6.598398578362537010e-04,6.637460590724791648e-06,-1.157337076485610240e-05,2.207724479141648069e-06
6.400000000000000355e+00,5.754375330768778385e-01,-1.366337125101262486e-03,1.237678635827440914e-03,5.746844528511148020e-01,-6.559617734312598366e-04,6.565519415233884312e-06,-1.144803305443563261e-05,2.183735886736669951e-06
6.406250000000000000e+00,5.754290175995508960e-01,-1.358622602977965386e-03,1.230974514857609368e-03,5.746803651541694258e-01,-6.521047497136312670e-04,6.494357347250730638e-06,-1.132405389170607508e-05,2.160006988411870204e-06
6.412500000000000533e+00,5.754205502072842204e-01,-1.350949867980927744e-03,1.224306722547304632e-03,5.746763014981041140e-01,-6.482686728874995389e-04,6.423965942008960067e-06,-1.120141853338080252e-05,2.136534971069540678e-06
6.418750000000001066e+00,5.754121306396164925e-01,-1.343318693671352376e-03,1.217675062171186045e-03,5.746722617523547516e-01,-6.444534297755070843e-04,6.354336846385980548e-06,-1.108011239645038487e-05,2.113317052113968892e-06
6.425000000000000711e+00,5.754037586374979307e-01,-1.335728854836640712e-03,1.211079338069866911e-03,5.746682457870628813e-01,-6.406589078154698285e-04,6.285461797906698388e-06,-1.096012105643583618e-05,2.090350479120263397e-06
6.431250000000000355e+00,5.753954339432821863e-01,-1.328180127483747286e-03,1.204519355644140689e-03,5.746642534730713736e-01,-6.368849950570563880e-04,6.217332623758087745e-06,-1.084143024566098258e-05,2.067632529506786226e-06
6.437500000000000000e+00,5.753871563007196821e-01,-1.320672288832574993e-03,1.197994921349247082e-03,5.746602846819208743e-01,-6.331315801584890598e-04,6.149941239814556399e-06,-1.072402585154379686e-05,2.045160510211162377e-06
6.443749999999999645e+00,5.753789254549487309e-01,-1.313205117309400490e-03,1.191505842689160677e-03,5.746563392858462516e-01,-6.293985523832599897e-04,6.083279649673885892e-06,-1.060789391490635602e-05,2.022931757369802770e-06
6.450000000000000178e+00,5.753707411524893178e-01,-1.305778392540337968e-03,1.185051928210914714e-03,5.746524171577723772e-01,-6.256858015968654475e-04,6.017339943703680793e-06,-1.049302062830326747e-05,2.000943636000910643e-06
6.456250000000000711e+00,5.753626031412346631e-01,-1.298391895344839370e-03,1.178632987498956942e-03,5.746485181713107959e-01,-6.219932182635605922e-04,5.952114298098244102e-06,-1.037939233436845386e-05,1.979193539690948495e-06
6.462500000000000355e+00,5.753545111704443382e-01,-1.291045407729226463e-03,1.172248831169531505e-03,5.746446422007556176e-01,-6.183206934431280085e-04,5.887594973945680570e-06,-1.026699552417991867e-05,1.957678890284503320e-06
6.468750000000000000e+00,5.753464649907364947e-01,-1.283738712880257626e-03,1.165899270865092914e-03,5.746407891210799646e-01,-6.146681187876646725e-04,5.823774316305169502e-06,-1.015581683564239445e-05,1.936397137577520502e-06
6.475000000000000533e+00,5.753384643540810917e-01,-1.276471595158733653e-03,1.159584119248751894e-03,5.746369588079324187e-01,-6.110353865383888689e-04,5.760644753294320638e-06,-1.004584305188773629e-05,1.915345759013888564e-06
6.481250000000001066e+00,5.753305090137916800e-01,-1.269243840093138044e-03,1.153303189998752679e-03,5.746331511376332468e-01,-6.074223895224633695e-04,5.698198795186478433e-06,-9.937061099692796434e-06,1.894522259385323535e-06
6.487500000000000711e+00,5.753225987245188522e-01,-1.262055234373306561e-03,1.147056297802976103e-03,5.746293659871704040e-01,-6.038290211498346591e-04,5.636429033517822277e-06,-9.829458047914541092e-06,1.873924170534504656e-06
6.493750000000000355e+00,5.753147332422429150e-01,-1.254905565844133654e-03,1.140843258353473055e-03,5.746256032341967579e-01,-6.002551754100895077e-04,5.575328140204190651e-06,-9.723021105942258641e-06,1.853549051061439399e-06
6.500000000000000000e+00,5.753069123242663396e-01,-1.247794623499314665e-03,1.134663888341030892e-03,5.746218627570253146e-01,-5.967007468693303002e-04,5.514888866667575863e-06,-9.617737622166772890e-06,1.833394486033035346e-06
6.506249999999999645e+00,5.752991357292069896e-01,-1.240722197475121417e-03,1.128518005449766519e-03,5.746181444346268874e-01,-5.931656306670663034e-04,5.455104042972094532e-06,-9.513595082466320870e-06,1.813458086695819652e-06
6.512500000000000178e+00,5.752914032169905711e-01,-1.233688079044208390e-03,1.122405428351748967e-03,5.746144481466253229e-01,-5.896497225131216297e-04,5.395966576969372851e-06,-9.410581108708973168e-06,1.793737490191781726e-06
6.518750000000000711e+00,5.752837145488439718e-01,-1.226692060609458354e-03,1.116325976701654493e-03,5.746107737732948362e-01,-5.861529186845614156e-04,5.337469453453271236e-06,-9.308683457271495174e-06,1.774230359277316898e-06
6.525000000000000355e+00,5.752760694872881553e-01,-1.219733935697855541e-03,1.110279471131445529e-03,5.746071211955560143e-01,-5.826751160226332875e-04,5.279605733323775557e-06,-9.207890017574296877e-06,1.754934382045213685e-06
6.531250000000000000e+00,5.752684677961308335e-01,-1.212813498954391995e-03,1.104265733245078911e-03,5.746034902949725964e-01,-5.792162119297245481e-04,5.222368552759991444e-06,-9.108188810632411903e-06,1.735847271649661588e-06
6.537500000000000533e+00,5.752609092404598057e-01,-1.205930546136011654e-03,1.098284585613247717e-03,5.745998809537474772e-01,-5.757761043663385536e-04,5.165751122402185740e-06,-9.009567987622361818e-06,1.716966766034262453e-06
6.543750000000001066e+00,5.752533935866359638e-01,-1.199084874105585874e-03,1.092335851768148252e-03,5.745962930547200420e-01,-5.723546918480873534e-04,5.109746726542730280e-06,-8.912015828464663427e-06,1.698290627662996293e-06
6.550000000000000711e+00,5.752459206022861871e-01,-1.192276280825918869e-03,1.086419356198275663e-03,5.745927264813617263e-01,-5.689518734426985335e-04,5.054348722325820079e-06,-8.815520740421796129e-06,1.679816643254104288e-06
6.556250000000000355e+00,5.752384900562969028e-01,-1.185504565353784389e-03,1.080534924343245140e-03,5.745891811177734620e-01,-5.655675487670387561e-04,4.999550538955919348e-06,-8.720071256711449734e-06,1.661542623516862707e-06
6.562500000000000000e+00,5.752311017188069808e-01,-1.178769527834001418e-03,1.074682382588646725e-03,5.745856568486815696e-01,-5.622016179841556223e-04,4.945345676914851481e-06,-8.625656035135027353e-06,1.643466402891232513e-06
6.568749999999999645e+00,5.752237553612008503e-01,-1.172070969493535682e-03,1.068861558260924194e-03,5.745821535594349827e-01,-5.588539818003340634e-04,4.891727707187395799e-06,-8.532263856721044204e-06,1.625585839290329152e-06
6.575000000000000178e+00,5.752164507561019491e-01,-1.165408692635634983e-03,1.063072279622281468e-03,5.745786711360011401e-01,-5.555245414621685614e-04,4.838690270495309721e-06,-8.439883624383369830e-06,1.607898813845692650e-06
6.581250000000000711e+00,5.752091876773661738e-01,-1.158782500633999011e-03,1.057314375865620699e-03,5.745752094649633213e-01,-5.522131987536528248e-04,4.786227076539719632e-06,-8.348504361594159549e-06,1.590403230655334692e-06
6.587500000000000355e+00,5.752019659000747742e-01,-1.152192197926976691e-03,1.051587677109502676e-03,5.745717684335168718e-01,-5.489198559932841016e-04,4.734331903251731347e-06,-8.258115211071224445e-06,1.573097016534514847e-06
6.593750000000000000e+00,5.751947852005280248e-01,-1.145637590011794327e-03,1.045892014393135427e-03,5.745683479294659834e-01,-5.456444160311820207e-04,4.682998596051188194e-06,-8.168705433479738225e-06,1.555978120769223704e-06
6.600000000000000533e+00,5.751876453562385638e-01,-1.139118483438819086e-03,1.040227219671393177e-03,5.745649478412203637e-01,-5.423867822462258639e-04,4.632221067113541977e-06,-8.080264406148175929e-06,1.539044514872356809e-06
6.606250000000001066e+00,5.751805461459248425e-01,-1.132634685805853931e-03,1.034593125809860894e-03,5.745615680577919049e-01,-5.391468585432068012e-04,4.581993294644690277e-06,-7.992781621798257486e-06,1.522294192342538556e-06
6.612500000000000711e+00,5.751734873495044642e-01,-1.126186005752458129e-03,1.028989566579904856e-03,5.745582084687916868e-01,-5.359245493499946531e-04,4.532309322163694557e-06,-7.906246687288740249e-06,1.505725168425557683e-06
6.618750000000000355e+00,5.751664687480879667e-01,-1.119772252954300733e-03,1.023416376653767937e-03,5.745548689644262019e-01,-5.327197596147191820e-04,4.483163257793292658e-06,-7.820649322372899594e-06,1.489335479878396174e-06
6.625000000000000000e+00,5.751594901239719393e-01,-1.113393238117547229e-03,1.017873391599696331e-03,5.745515494354945796e-01,-5.295323948029695979e-04,4.434549273558182825e-06,-7.735979358469660292e-06,1.473123184735833570e-06
6.631249999999999645e+00,5.751525512606330270e-01,-1.107048772973274814e-03,1.012360447877089058e-03,5.745482497733851446e-01,-5.263623608950076171e-04,4.386461604690907312e-06,-7.652226737448082210e-06,1.457086362079580934e-06
6.637500000000000178e+00,5.751456519427213809e-01,-1.100738670271915855e-03,1.006877382831674987e-03,5.745449698700721974e-01,-5.232095643829949398e-04,4.338894548945297449e-06,-7.569381510425119013e-06,1.441223111809921833e-06
6.643750000000000711e+00,5.751387919560542183e-01,-1.094462743777736488e-03,1.001424034690717420e-03,5.745417096181129057e-01,-5.200739122682387265e-04,4.291842465917416644e-06,-7.487433836576563479e-06,1.425531554419844433e-06
6.650000000000000355e+00,5.751319710876097169e-01,-1.088220808263339707e-03,9.960002425582412111e-04,5.745384689106440845e-01,-5.169553120584492170e-04,4.245299776373864109e-06,-7.406373981960892275e-06,1.410009830771618140e-06
6.656250000000000000e+00,5.751251891255203530e-01,-1.082012679504199904e-03,9.906058464102872156e-04,5.745352476413790876e-01,-5.138536717650123110e-04,4.199260961587381689e-06,-7.326192318355967002e-06,1.394656101875797618e-06
6.662500000000000533e+00,5.751184458590670179e-01,-1.075838174273227761e-03,9.852406870901936255e-04,5.745320457046044771e-01,-5.107688999002789549e-04,4.153720562679729945e-06,-7.246879322108478002e-06,1.379468548672637470e-06
6.668750000000001066e+00,5.751117410786725781e-01,-1.069697110335367241e-03,9.799046063039044095e-04,5.745288629951773585e-01,-5.077009054748694893e-04,4.108673179971701323e-06,-7.168425572995940346e-06,1.364445371815881149e-06
6.675000000000000711e+00,5.751050745758961025e-01,-1.063589306442216205e-03,9.745974466152980279e-04,5.745256994085217173e-01,-5.046495979949902492e-04,4.064113472340193349e-06,-7.090821753101068364e-06,1.349584791458893182e-06
6.681250000000000355e+00,5.750984461434259787e-01,-1.057514582326677830e-03,9.693190514415444452e-04,5.745225548406255323e-01,-5.016148874597662092e-04,4.020036156582272387e-06,-7.014058645698440621e-06,1.334885047043112485e-06
6.687500000000000000e+00,5.750918555750744732e-01,-1.051472758697644333e-03,9.640692650484887060e-04,5.745194291880380000e-01,-4.985966843585884836e-04,3.976436006786191538e-06,-6.938127134153364708e-06,1.320344397088817643e-06
6.693749999999999645e+00,5.750853026657711808e-01,-1.045463657234706276e-03,9.588479325460573868e-04,5.745163223478660930e-01,-4.955948996684763535e-04,3.933307853709226300e-06,-6.863018200832719080e-06,1.305961118988155050e-06
6.700000000000000178e+00,5.750787872115573629e-01,-1.039487100582890721e-03,9.536548998836897684e-04,5.745132342177715623e-01,-4.926094448514524134e-04,3.890646584162281419e-06,-6.788722926027682152e-06,1.291733508800417396e-06
6.706250000000000711e+00,5.750723090095797296e-01,-1.033542912347430384e-03,9.484900138457970885e-04,5.745101646959682729e-01,-4.896402318519347402e-04,3.848447140401218942e-06,-6.715232486888253797e-06,1.277659881049554298e-06
6.712500000000000355e+00,5.750658678580844452e-01,-1.027630917088557952e-03,9.433531220472426114e-04,5.745071136812187618e-01,-4.866871730941400116e-04,3.806704519524777034e-06,-6.642538156369355767e-06,1.263738568523872519e-06
6.718750000000000000e+00,5.750594635564110213e-01,-1.021750940316328146e-03,9.382440729288454417e-04,5.745040810728314629e-01,-4.837501814795021836e-04,3.765413772879039322e-06,-6.570631302188431452e-06,1.249967922077913050e-06
6.725000000000000533e+00,5.750530959049868773e-01,-1.015902808485471230e-03,9.331627157529129605e-04,5.745010667706575980e-01,-4.808291703841058046e-04,3.724570005468411996e-06,-6.499503385794460242e-06,1.236346310436488345e-06
6.731250000000001066e+00,5.750467647053210118e-01,-1.010086348990274063e-03,9.281089005987963559e-04,5.744980706750884014e-01,-4.779240536561340743e-04,3.684168375373004057e-06,-6.429145961348217105e-06,1.222872120000848573e-06
6.737500000000000711e+00,5.750404697599982295e-01,-1.004301390159485861e-03,9.230824783584678367e-04,5.744950926870522334e-01,-4.750347456133287207e-04,3.644204093172324306e-06,-6.359550674713623210e-06,1.209543754656945548e-06
6.743750000000000355e+00,5.750342108726734791e-01,-9.985477612512512913e-04,9.180833007321220242e-04,5.744921327080111384e-01,-4.721611610404641344e-04,3.604672421375248928e-06,-6.290709262460095277e-06,1.196359635585780564e-06
6.750000000000000000e+00,5.750279878480657469e-01,-9.928252924480752192e-04,9.131112202238041240e-04,5.744891906399585135e-01,-4.693032151868369527e-04,3.565568673856219842e-06,-6.222613550875829274e-06,1.183318201075820695e-06
6.756249999999999645e+00,5.750218004919529502e-01,-9.871338148518117410e-04,9.081660901370595647e-04,5.744862663854162221e-01,-4.664608237637680576e-04,3.526888215297549739e-06,-6.155255454991811784e-06,1.170417906337447122e-06
6.762500000000000178e+00,5.750156486111651644e-01,-9.814731604786798916e-04,9.032477645706069470e-04,5.744833598474311520e-01,-4.636339029421182351e-04,3.488626460637797805e-06,-6.088626977616476885e-06,1.157657223319417914e-06
6.768750000000000711e+00,5.750095320135800714e-01,-9.758431622543092734e-04,8.983560984140372303e-04,5.744804709295727729e-01,-4.608223693498187420e-04,3.450778874526167423e-06,-6.022720208380923833e-06,1.145034640527331717e-06
6.775000000000000355e+00,5.750034505081162983e-01,-9.702436540088095387e-04,8.934909473435329779e-04,5.744775995359303611e-01,-4.580261400694134199e-04,3.413340970782806425e-06,-5.957527322794510906e-06,1.132548662844054651e-06
6.781250000000000000e+00,5.749974039047285324e-01,-9.646744704718653507e-04,8.886521678176104774e-04,5.744747455711097794e-01,-4.552451326356147946e-04,3.376308311864986178e-06,-5.893040581310746620e-06,1.120197811352098559e-06
6.787500000000000533e+00,5.749913920144014146e-01,-9.591354472678622440e-04,8.838396170728879918e-04,5.744719089402311463e-01,-4.524792650328741624e-04,3.339676508339101054e-06,-5.829252328403403786e-06,1.107980623157934305e-06
6.793750000000001066e+00,5.749854146491443219e-01,-9.536264209110374224e-04,8.790531531198765612e-04,5.744690895489255045e-01,-4.497284556929659338e-04,3.303441218358413326e-06,-5.766154991652710725e-06,1.095895651218214917e-06
6.800000000000000711e+00,5.749794716219854829e-01,-9.481472288006551671e-04,8.742926347387917300e-04,5.744662873033326012e-01,-4.469926234925828182e-04,3.267598147146458361e-06,-5.703741080841471394e-06,1.083941464167877451e-06
6.806250000000000355e+00,5.749735627469666488e-01,-9.426977092162073992e-04,8.695579214753868490e-04,5.744635021100975569e-01,-4.442716877509447792e-04,3.232143046486066066e-06,-5.642003187061044140e-06,1.072116646150113406e-06
6.812500000000000000e+00,5.749676878391376533e-01,-9.372777013126441662e-04,8.648488736368131584e-04,5.744607338763686455e-01,-4.415655682274226257e-04,3.197071714213966396e-06,-5.580933981827111290e-06,1.060419796648193938e-06
6.818749999999999645e+00,5.749618467145508616e-01,-9.318870451156272211e-04,8.601653522874996025e-04,5.744579825097939629e-01,-4.388741851191732589e-04,3.162379993720870090e-06,-5.520526216205055811e-06,1.048849530319114489e-06
6.825000000000000178e+00,5.749560391902558409e-01,-9.265255815168092985e-04,8.555072192450543286e-04,5.744552479185192073e-01,-4.361974590587876580e-04,3.128063773456987346e-06,-5.460772719944877235e-06,1.037404476829046569e-06
6.831250000000000711e+00,5.749502650842938101e-01,-9.211931522691412530e-04,8.508743370761916646e-04,5.744525300111846811e-01,-4.335353111119535029e-04,3.094118986442942112e-06,-5.401666400625568956e-06,1.026083280690583130e-06
6.837500000000000355e+00,5.749445242156921987e-01,-9.158895999822016425e-04,8.462665690926781791e-04,5.744498286969227374e-01,-4.308876627751286395e-04,3.060541609785979892e-06,-5.343200242808788317e-06,1.014884601101743010e-06
6.843750000000000000e+00,5.749388164044598737e-01,-9.106147681175512463e-04,8.416837793472994487e-04,5.744471438853551160e-01,-4.282544359732269579e-04,3.027327664201436916e-06,-5.285367307201746656e-06,1.003807111786724085e-06
6.850000000000000533e+00,5.749331414715810329e-01,-9.053685009841156654e-04,8.371258326298528472e-04,5.744444754865900560e-01,-4.256355530573190170e-04,2.994473213539435058e-06,-5.228160729829263396e-06,9.928495008383924032e-07
6.856250000000001066e+00,5.749274992390104311e-01,-9.001506437335930755e-04,8.325925944631608257e-04,5.744418234112197430e-01,-4.230309368023447026e-04,2.961974364316716148e-06,-5.171573721214848667e-06,9.820104705624810706e-07
6.862500000000000711e+00,5.749218895296679399e-01,-8.949610423558834477e-04,8.280839310991039252e-04,5.744391875703178663e-01,-4.204405104048372708e-04,2.929827265253554233e-06,-5.115599565570667906e-06,9.712887373234753529e-07
6.868750000000000355e+00,5.749163121674337740e-01,-8.897995436745432477e-04,8.235997095146754734e-04,5.744365678754366211e-01,-4.178641974806597504e-04,2.898028106815699216e-06,-5.060231619996354572e-06,9.606830313921713118e-07
6.875000000000000000e+00,5.749107669771422735e-01,-8.846659953422674567e-04,8.191397974080599168e-04,5.744339642386045997e-01,-4.153019220627555486e-04,2.866573120761325615e-06,-5.005463313686578632e-06,9.501920967948976923e-07
6.881249999999999645e+00,5.749052537845777966e-01,-8.795602458363939273e-04,8.147040631947305607e-04,5.744313765723234599e-01,-4.127536085989099530e-04,2.835458579692888185e-06,-4.951288147147232772e-06,9.398146911643675037e-07
6.887500000000000178e+00,5.748997724164690570e-01,-8.744821444544319169e-04,8.102923760035689923e-04,5.744288047895662608e-01,-4.102191819495239395e-04,2.804680796613848397e-06,-4.897699691420156684e-06,9.295495855921513488e-07
6.893750000000000711e+00,5.748943227004842393e-01,-8.694315413096168586e-04,8.059046056730067306e-04,5.744262488037740200e-01,-4.076985673854014781e-04,2.774236124490239602e-06,-4.844691587316340170e-06,9.193955644827566239e-07
6.900000000000000355e+00,5.748889044652253366e-01,-8.644082873264868168e-04,8.015406227471856332e-04,5.744237085288536049e-01,-4.051916905855473014e-04,2.744120955816975144e-06,-4.792257544657449177e-06,9.093514254092847395e-07
6.906250000000000000e+00,5.748835175402241537e-01,-8.594122342364823603e-04,7.972002984721391185e-04,5.744211838791754010e-01,-4.026984776349767621e-04,2.714331722188871492e-06,-4.740391341525614648e-06,8.994159789706556703e-07
6.912500000000000533e+00,5.748781617559362012e-01,-8.544432345735725664e-04,7.928835047919959413e-04,5.744186747695699813e-01,-4.002188550225390805e-04,2.684864893876352076e-06,-4.689086823521429968e-06,8.895880486503877636e-07
6.918750000000001066e+00,5.748728369437362540e-01,-8.495011416699054180e-04,7.885901143452053253e-04,5.744161811153267738e-01,-3.977527496387524091e-04,2.655716979405764476e-06,-4.638337903030029943e-06,8.798664706769114187e-07
6.925000000000000711e+00,5.748675429359135780e-01,-8.445858096514786929e-04,7.843200004607795523e-04,5.744137028321901761e-01,-3.953000887736493607e-04,2.626884525144238572e-06,-4.588138558495140374e-06,8.702500938853932369e-07
6.931250000000000355e+00,5.748622795656661566e-01,-8.396970934338342718e-04,7.800730371545570429e-04,5.744112398363583338e-01,-3.928608001146348416e-04,2.598364114889061904e-06,-4.538482833701038903e-06,8.607377795810610088e-07
6.937500000000000000e+00,5.748570466670966939e-01,-8.348348487177789006e-04,7.758490991254889634e-04,5.744087920444798101e-01,-3.904348117443566242e-04,2.570152369461537546e-06,-4.489364837062372949e-06,8.513284014040184208e-07
6.943749999999999645e+00,5.748518440752072856e-01,-8.299989319851258781e-04,7.716480617519435063e-04,5.744063593736515871e-01,-3.880220521385865993e-04,2.542245946305236795e-06,-4.440778740921689869e-06,8.420208451955230107e-07
6.950000000000000178e+00,5.748466716258944231e-01,-8.251892004944594034e-04,7.674698010880296861e-04,5.744039417414164017e-01,-3.856224501641138461e-04,2.514641539088624681e-06,-4.392718780854616683e-06,8.328140088657148789e-07
6.956250000000000711e+00,5.748415291559443308e-01,-8.204055122769247270e-04,7.633141938599446617e-04,5.744015390657603026e-01,-3.832359350766503326e-04,2.487335877312013384e-06,-4.345179254982642759e-06,8.237068022627875796e-07
6.962500000000000355e+00,5.748364165030283024e-01,-8.156477261320374929e-04,7.591811174623363471e-04,5.743991512651102083e-01,-3.808624365187462664e-04,2.460325725918772415e-06,-4.298154523293349618e-06,8.146981470435716505e-07
6.968750000000000000e+00,5.748313335056977058e-01,-8.109157016235160652e-04,7.550704499546868377e-04,5.743967782583317971e-01,-3.785018845177174252e-04,2.433607884910762110e-06,-4.251639006968049729e-06,8.057869765455239000e-07
6.975000000000000533e+00,5.748262800033789865e-01,-8.062092990751385749e-04,7.509820700577177384e-04,5.743944199647267324e-01,-3.761542094835847389e-04,2.407179188967963740e-06,-4.205627187716775863e-06,7.969722356601111226e-07
6.981250000000001066e+00,5.748212558363696711e-01,-8.015283795666232770e-04,7.469158571498144645e-04,5.743920763040304411e-01,-3.738193422070254729e-04,2.381036507072240608e-06,-4.160113607120514268e-06,7.882528807075682304e-07
6.987500000000000711e+00,5.748162608458327050e-01,-7.968728049295273385e-04,7.428716912634681074e-04,5.743897471964097834e-01,-3.714972138573339523e-04,2.355176742135173790e-06,-4.115092865980575792e-06,7.796278793130104734e-07
6.993750000000000355e+00,5.748112948737925665e-01,-7.922424377431687209e-04,7.388494530817360561e-04,5.743874325624604982e-01,-3.691877559803940492e-04,2.329596830629944164e-06,-4.070559623675052441e-06,7.710962102838914888e-07
7.000000000000000000e+00,5.748063577631301602e-01,-7.876371413305729985e-04,7.348490239347254963e-04,5.743851323232050943e-01,-3.668909004966639225e-04,2.304293742227228517e-06,-4.026508597522322087e-06,7.626568634887963803e-07
7.006249999999999645e+00,5.748014493575783757e-01,-7.830567797544399095e-04,7.308702857960930636e-04,5.743828464000904077e-01,-3.646065796991708940e-04,2.279264479435043253e-06,-3.982934562151453120e-06,7.543088397375466396e-07
7.012500000000000178e+00,5.747965695017174248e-01,-7.785012178131309407e-04,7.269131212795634702e-04,5.743805747149851593e-01,-3.623347262515170045e-04,2.254506077242495891e-06,-3.939832348879469210e-06,7.460511506626054754e-07
7.018750000000000711e+00,5.747917180409700677e-01,-7.739703210366819571e-04,7.229774136354698158e-04,5.743783171901781781e-01,-3.600752731858972546e-04,2.230015602767426978e-06,-3.897196845095419982e-06,7.378828186017756083e-07
7.025000000000000355e+00,5.747868948215973939e-01,-7.694639556828339376e-04,7.190630467473090775e-04,5.743760737483750711e-01,-3.578281539011267907e-04,2.205790154907856884e-06,-3.855022993651128855e-06,7.298028764821646516e-07
7.031250000000000000e+00,5.747820996906940483e-01,-7.649819887330847447e-04,7.151699051283171146e-04,5.743738443126970017e-01,-3.555933021606789328e-04,2.181826863997226446e-06,-3.813305792258579492e-06,7.218103677054091814e-07
7.037500000000000533e+00,5.747773324961839014e-01,-7.605242878887657218e-04,7.112978739180641661e-04,5.743716288066779141e-01,-3.533706520907355618e-04,2.158122891463391671e-06,-3.772040292893880745e-06,7.139043460341495585e-07
7.043750000000001066e+00,5.747725930868152755e-01,-7.560907215671385656e-04,7.074468388790680195e-04,5.743694271542622021e-01,-3.511601381782478073e-04,2.134675429491327168e-06,-3.731221601207729179e-06,7.060838754797366523e-07
7.050000000000000711e+00,5.747678813121567254e-01,-7.516811588975112800e-04,7.036166863934248525e-04,5.743672392798028215e-01,-3.489616952690067640e-04,2.111481700689476485e-06,-3.690844875942265003e-06,6.983480301911534231e-07
7.056250000000000355e+00,5.747631970225927089e-01,-7.472954697173750556e-04,6.998073034594573137e-04,5.743650651080585146e-01,-3.467752585657239120e-04,2.088538957759732399e-06,-3.650905328354275249e-06,6.906958943451404544e-07
7.062500000000000000e+00,5.747585400693185909e-01,-7.429335245685654348e-04,6.960185776883837452e-04,5.743629045641920339e-01,-3.446007636261246552e-04,2.065844483171014137e-06,-3.611398221644711145e-06,6.831265620375213088e-07
7.068749999999999645e+00,5.747539103043372011e-01,-7.385951946934407163e-04,6.922503973010031260e-04,5.743607575737680326e-01,-3.424381463610504258e-04,2.043395588836380956e-06,-3.572318870394388843e-06,6.756391371757018705e-07
7.075000000000000178e+00,5.747493075804532836e-01,-7.342803520310825852e-04,6.885026511243986635e-04,5.743586240627501782e-01,-3.402873430325714134e-04,2.021189615793652019e-06,-3.533662640005837056e-06,6.682327333723360528e-07
7.081250000000000711e+00,5.747447317512704990e-01,-7.299888692135185356e-04,6.847752285886605757e-04,5.743565039574998199e-01,-3.381482902521111664e-04,1.999223933889508001e-06,-3.495424946151242488e-06,6.609064738401505638e-07
7.087500000000000355e+00,5.747401826711857620e-01,-7.257206195619620749e-04,6.810680197236245945e-04,5.743543971847731022e-01,-3.360209249785795415e-04,1.977495941467009616e-06,-3.457601254226379125e-06,6.536594912879050144e-07
7.093750000000000000e+00,5.747356601953860222e-01,-7.214754770830730931e-04,6.773809151556279239e-04,5.743523036717192998e-01,-3.339051845165163330e-04,1.956003065056509796e-06,-3.420187078810478199e-06,6.464909278174813326e-07
7.100000000000000533e+00,5.747311641798433790e-01,-7.172533164652414349e-04,6.737138061042849315e-04,5.743502233458782635e-01,-3.318010065142461772e-04,1.934742759069935780e-06,-3.383177983132006200e-06,6.393999348220943321e-07
7.106250000000001066e+00,5.747266944813110845e-01,-7.130540130748898786e-04,6.700665843792801869e-04,5.743481561351786446e-01,-3.297083289620435405e-04,1.913712505498390728e-06,-3.346569578540252688e-06,6.323856728856059644e-07
7.112500000000000711e+00,5.747222509573191029e-01,-7.088774429527950043e-04,6.664391423771771125e-04,5.743461019679354518e-01,-3.276270901903069227e-04,1.892909813613031027e-06,-3.310357523982649558e-06,6.254473116829292791e-07
7.118750000000000355e+00,5.747178334661701138e-01,-7.047234828104277952e-04,6.628313730782440898e-04,5.743440607728482750e-01,-3.255572288677426561e-04,1.872332219669188362e-06,-3.274537525487784053e-06,6.185840298815118219e-07
7.125000000000000000e+00,5.747134418669352929e-01,-7.005920100263175482e-04,6.592431700432996484e-04,5.743420324789987319e-01,-3.234986839995607384e-04,1.851977286613723856e-06,-3.239105335654058530e-06,6.117950150438939172e-07
7.131249999999999645e+00,5.747090760194502046e-01,-6.964829026424322654e-04,6.556744274105731586e-04,5.743400170158486917e-01,-3.214513949256790691e-04,1.831842603795546092e-06,-3.204056753143899978e-06,6.050794635313199186e-07
7.137500000000000178e+00,5.747047357843104720e-01,-6.923960393605791026e-04,6.521250398925830874e-04,5.743380143132382765e-01,-3.194153013189374971e-04,1.811925786679274803e-06,-3.169387622183473566e-06,5.984365804083956507e-07
7.143750000000000711e+00,5.747004210228677801e-01,-6.883312995388268275e-04,6.485949027730333622e-04,5.743360243013833077e-01,-3.173903431833235240e-04,1.792224476562025658e-06,-3.135093832067858696e-06,5.918655793487831493e-07
7.150000000000000355e+00,5.746961315972257678e-01,-6.842885631879437819e-04,6.450839119037243699e-04,5.743340469108738633e-01,-3.153764608522055426e-04,1.772736340293254971e-06,-3.101171316671587203e-06,5.853656825419157581e-07
7.156250000000000000e+00,5.746918673702360314e-01,-6.802677109678564437e-04,6.415919637014806534e-04,5.743320820726717235e-01,-3.133735949865762123e-04,1.753459069997649901e-06,-3.067616053964510241e-06,5.789361206007231003e-07
7.162500000000000533e+00,5.746876282054940166e-01,-6.762686241841281551e-04,6.381189551450980151e-04,5.743301297181085951e-01,-3.113816865733070021e-04,1.734390382801035793e-06,-3.034424065532950230e-06,5.725761324703628554e-07
7.168750000000001066e+00,5.746834139673350217e-01,-6.722911847844577999e-04,6.346647837723057989e-04,5.743281897788838908e-01,-3.094006769234116782e-04,1.715528020559262742e-06,-3.001591416106063746e-06,5.662849653379417642e-07
7.175000000000000711e+00,5.746792245208302008e-01,-6.683352753551946362e-04,6.312293476767450026e-04,5.743262621870629525e-01,-3.074305076703188447e-04,1.696869749590023315e-06,-2.969114213087341669e-06,5.600618745432124155e-07
7.181250000000000355e+00,5.746750597317823450e-01,-6.644007791178721013e-04,6.278125455049618931e-04,5.743243468750748315e-01,-3.054711207681535916e-04,1.678413360407583643e-06,-2.936988606091205929e-06,5.539061234902394623e-07
7.187500000000000000e+00,5.746709194667224407e-01,-6.604875799257634104e-04,6.244142764534208129e-04,5.743224437757104006e-01,-3.035224584900305810e-04,1.660156667460408614e-06,-2.905210786484670239e-06,5.478169835600278560e-07
7.193749999999999645e+00,5.746668035929051177e-01,-6.565955622604527668e-04,6.210344402655315144e-04,5.743205528221203560e-01,-3.015844634263546687e-04,1.642097508871623776e-06,-2.873776986933974600e-06,5.417937340240966864e-07
7.200000000000000178e+00,5.746627119783054294e-01,-6.527246112284264138e-04,6.176729372286917817e-04,5.743186739478131075e-01,-2.996570784831318257e-04,1.624233746182297441e-06,-2.842683480956144885e-06,5.358356619589892052e-07
7.206250000000000711e+00,5.746586444916140790e-01,-6.488746125576828764e-04,6.143296681713491343e-04,5.743168070866532249e-01,-2.977402468802898172e-04,1.606563264097519263e-06,-2.811926582475457589e-06,5.299420621617143737e-07
7.212500000000000355e+00,5.746546010022345330e-01,-6.450454525943598999e-04,6.110045344600746739e-04,5.743149521728586615e-01,-2.958339121500070681e-04,1.589083970235223208e-06,-2.781502645384702173e-06,5.241122370661018303e-07
7.218750000000000000e+00,5.746505813802782470e-01,-6.412370182993789528e-04,6.076974379966547119e-04,5.743131091409998668e-01,-2.939380181350507429e-04,1.571793794877737752e-06,-2.751408063111217709e-06,5.183454966600637116e-07
7.225000000000000533e+00,5.746465854965615572e-01,-6.374491972451101123e-04,6.044082812151981184e-04,5.743112779259968992e-01,-2.920525089871252354e-04,1.554690690726044477e-06,-2.721639268187672487e-06,5.126411584037577180e-07
7.231250000000001066e+00,5.746426132226014616e-01,-6.336818776120558151e-04,6.011369670792608005e-04,5.743094584631180943e-01,-2.901773291652295483e-04,1.537772632656703112e-06,-2.692192731827505267e-06,5.069985471486374446e-07
7.237500000000000711e+00,5.746386644306118452e-01,-6.299349481855488113e-04,5.978833990789830842e-04,5.743076506879779553e-01,-2.883124234340228033e-04,1.521037617481406839e-06,-2.663064963504974814e-06,5.014169950573783338e-07
7.243750000000000355e+00,5.746347389935000383e-01,-6.262082983524693090e-04,5.946474812282431409e-04,5.743058545365352652e-01,-2.864577368621990775e-04,1.504483663709147930e-06,-2.634252510539774518e-06,4.958958415246715185e-07
7.250000000000000000e+00,5.746308367848625975e-01,-6.225018180979821755e-04,5.914291180618281955e-04,5.743040699450910891e-01,-2.846132148208719952e-04,1.488108811310976583e-06,-2.605751957686187533e-06,4.904344330988811094e-07
7.256249999999999645e+00,5.746269576789818645e-01,-6.188153980022891021e-04,5.882282146326186373e-04,5.743022968502871084e-01,-2.827788029819679411e-04,1.471911121487305724e-06,-2.577559926726691803e-06,4.850321234045486213e-07
7.262500000000000178e+00,5.746231015508223017e-01,-6.151489292373991990e-04,5.850446765087879584e-04,5.743005351891035115e-01,-2.809544473166273497e-04,1.455888676437739755e-06,-2.549673076069990837e-06,4.796882730657370207e-07
7.268750000000000711e+00,5.746192682760267179e-01,-6.115023035639185643e-04,5.818784097710198245e-04,5.742987848988573285e-01,-2.791400940936167286e-04,1.440039579133413490e-06,-2.522088100353426182e-06,4.744022496302101600e-07
7.275000000000000355e+00,5.746154577309122713e-01,-6.078754133278543815e-04,5.787293210097377207e-04,5.742970459172003217e-01,-2.773356898777476747e-04,1.424361953091788323e-06,-2.494801730049700454e-06,4.691734274944304978e-07
7.281250000000000000e+00,5.746116697924676942e-01,-6.042681514574371228e-04,5.755973173223494525e-04,5.742953181821174313e-01,-2.755411815283047273e-04,1.408853942153896118e-06,-2.467810731077872369e-06,4.640011878293703419e-07
7.287500000000000533e+00,5.746079043383486296e-01,-6.006804114599610753e-04,5.724823063105088840e-04,5.742936016319248882e-01,-2.737565161974830864e-04,1.393513710264007094e-06,-2.441111904418602621e-06,4.588849185071308443e-07
7.293750000000001066e+00,5.746041612468746340e-01,-5.971120874186427573e-04,5.693841960773924227e-04,5.742918962052682152e-01,-2.719816413288351684e-04,1.378339441251692270e-06,-2.414702085733581549e-06,4.538240140283569416e-07
7.300000000000000711e+00,5.746004403970255137e-01,-5.935630739894934282e-04,5.663028952249878631e-04,5.742902018411204512e-01,-2.702165046557241540e-04,1.363329338616239816e-06,-2.388578144989081864e-06,4.488178754504365430e-07
7.306250000000000355e+00,5.745967416684375495e-01,-5.900332663982093802e-04,5.632383128513993855e-04,5.742885184787803743e-01,-2.684610541997870773e-04,1.348481625313412812e-06,-2.362736986083602541e-06,4.438659103164786175e-07
7.312500000000000000e+00,5.745930649414004998e-01,-5.865225604370807692e-04,5.601903585481676252e-04,5.742868460578710588e-01,-2.667152382694066974e-04,1.333794543544533603e-06,-2.337175546479585248e-06,4.389675325850650988e-07
7.318749999999999645e+00,5.745894100968530482e-01,-5.830308524619154083e-04,5.571589423976041613e-04,5.742851845183372106e-01,-2.649790054581916093e-04,1.319266354547846236e-06,-2.311890796839116061e-06,4.341221625607616785e-07
7.325000000000000178e+00,5.745857770163803613e-01,-5.795580393889795826e-04,5.541439749701392329e-04,5.742835338004445012e-01,-2.632523046434645953e-04,1.304895338392145147e-06,-2.286879740663592568e-06,4.293292268253828299e-07
7.331250000000000711e+00,5.745821655822099805e-01,-5.761040186919569707e-04,5.511453673216863691e-04,5.742818938447767918e-01,-2.615350849847600289e-04,1.290679793772651865e-06,-2.262139413937320353e-06,4.245881581700042844e-07
7.337500000000000355e+00,5.745785756772083808e-01,-5.726686883989214440e-04,5.481630309910190532e-04,5.742802645922351346e-01,-2.598272959223291395e-04,1.276618037809095697e-06,-2.237666884774968573e-06,4.198983955277101512e-07
7.343750000000000000e+00,5.745750071848779728e-01,-5.692519470893261284e-04,5.451968779971613733e-04,5.742786459840354407e-01,-2.581288871756527042e-04,1.262708405845986537e-06,-2.213459253072859193e-06,4.152593839070689081e-07
7.350000000000000533e+00,5.745714599893529950e-01,-5.658536938910115489e-04,5.422468208367945026e-04,5.742770379617072596e-01,-2.564398087419638220e-04,1.248949251255064338e-06,-2.189513650164061522e-06,4.106705743263339236e-07
7.356250000000001066e+00,5.745679339753965165e-01,-5.624738284772290604e-04,5.393127724816781411e-04,5.742754404670916690e-01,-2.547600108947783862e-04,1.235338945239890935e-06,-2.165827238477235302e-06,4.061314237483572863e-07
7.362500000000000711e+00,5.745644290283969946e-01,-5.591122510636781576e-04,5.363946463760827996e-04,5.742738534423396102e-01,-2.530894441824328212e-04,1.221875876642554590e-06,-2.142397211199170653e-06,4.016413950162071482e-07
7.368750000000000355e+00,5.745609450343650559e-01,-5.557688624055611305e-04,5.334923564342373709e-04,5.742722768299103331e-01,-2.514280594266304382e-04,1.208558451752473693e-06,-2.119220791940996963e-06,3.971999567894829173e-07
7.375000000000000000e+00,5.745574818799293881e-01,-5.524435637946546350e-04,5.306058170377922056e-04,5.742707105725696204e-01,-2.497758077209963562e-04,1.195385094117283309e-06,-2.096295234408036967e-06,3.928065834813248585e-07
7.381249999999999645e+00,5.745540394523345196e-01,-5.491362570563960077e-04,5.277349430332936792e-04,5.742691546133880109e-01,-2.481326404296402299e-04,1.182354244355767747e-06,-2.073617822073236582e-06,3.884607551961036500e-07
7.387500000000000178e+00,5.745506176394366005e-01,-5.458468445469848683e-04,5.248796497296738311e-04,5.742676088957391345e-01,-2.464985091857263490e-04,1.169464359972821338e-06,-2.051185867854145511e-06,3.841619576677859777e-07
7.393750000000000711e+00,5.745472163297004053e-01,-5.425752291505023944e-04,5.220398528957538803e-04,5.742660733632982684e-01,-2.448733658900533339e-04,1.156713915176426216e-06,-2.028996713793421491e-06,3.799096821989712452e-07
7.400000000000000355e+00,5.745438354121962243e-01,-5.393213142760441489e-04,5.192154687577602099e-04,5.742645479600403391e-01,-2.432571627096400920e-04,1.144101400696605803e-06,-2.007047730742792136e-06,3.757034256005857392e-07
7.406250000000000000e+00,5.745404747765960884e-01,-5.360850038548677608e-04,5.164064139968534703e-04,5.742630326302383681e-01,-2.416498520763197698e-04,1.131625323606343192e-06,-1.985336318050453199e-06,3.715426901322311812e-07
7.412500000000000533e+00,5.745371343131712161e-01,-5.328662023375583872e-04,5.136126057466729698e-04,5.742615273184618063e-01,-2.400513866853426232e-04,1.119284207144449626e-06,-1.963859903251874858e-06,3.674269834431824244e-07
7.418750000000001066e+00,5.745338139127880162e-01,-5.296648146912093539e-04,5.108339615908938586e-04,5.742600319695752020e-01,-2.384617194939866666e-04,1.107076590540355936e-06,-1.942615941763970309e-06,3.633558185140251365e-07
7.425000000000000711e+00,5.745305134669055347e-01,-5.264807463966155896e-04,5.080703995607965644e-04,5.742585465287359803e-01,-2.368808037201750169e-04,1.095001028840795842e-06,-1.921601916582577525e-06,3.593287135989235691e-07
7.431250000000000355e+00,5.745272328675720130e-01,-5.233139034454836486e-04,5.053218381328495636e-04,5.742570709413935548e-01,-2.353085928411011250e-04,1.083056092738371561e-06,-1.900815337983227715e-06,3.553451921685148142e-07
7.437500000000000000e+00,5.745239720074212242e-01,-5.201641923376573457e-04,5.025881962263065725e-04,5.742556051532867745e-01,-2.337450405918628711e-04,1.071240368401987769e-06,-1.880253743225179941e-06,3.514047828534249944e-07
7.443749999999999645e+00,5.745207307796701413e-01,-5.170315200783577028e-04,4.998693932008156648e-04,5.742541491104431461e-01,-2.321901009641031647e-04,1.059552457309117475e-06,-1.859914696258663663e-06,3.475070193883955815e-07
7.450000000000000178e+00,5.745175090781153848e-01,-5.139157941754375321e-04,4.971653488540413992e-04,5.742527027591770583e-01,-2.306437282046584867e-04,1.047990976079889444e-06,-1.839795787435300410e-06,3.436514405570158203e-07
7.456250000000000711e+00,5.745143067971297812e-01,-5.108169226366524995e-04,4.944759834193016923e-04,5.742512660460877827e-01,-2.291058768142155899e-04,1.036554556312979584e-06,-1.819894633221685513e-06,3.398375901370563337e-07
7.462500000000000355e+00,5.745111238316598090e-01,-5.077348139669447639e-04,4.918012175632147749e-04,5.742498389180583640e-01,-2.275765015459748405e-04,1.025241844423277722e-06,-1.800208875916067873e-06,3.360650168463927926e-07
7.468750000000000000e+00,5.745079600772221573e-01,-5.046693771657410378e-04,4.891409723833594833e-04,5.742484213222536216e-01,-2.260555574043209318e-04,1.014051501481312175e-06,-1.780736183368108469e-06,3.323332742895164735e-07
7.475000000000000533e+00,5.745048154299008392e-01,-5.016205217242678850e-04,4.864951694059504593e-04,5.742470132061191501e-01,-2.245429996435019198e-04,1.002982203054426204e-06,-1.761474248701696454e-06,3.286419209046260392e-07
7.481250000000001066e+00,5.745016897863437499e-01,-4.985881576228801387e-04,4.838637305835244082e-04,5.742456145173792104e-01,-2.230387837663158743e-04,9.920326390496743670e-07,-1.742420790040776869e-06,3.249905199112938732e-07
7.487500000000000711e+00,5.744985830437601138e-01,-4.955721953284029794e-04,4.812465782926389881e-04,5.742442252040353967e-01,-2.215428655228036568e-04,9.812015135584180186e-07,-1.723573550238145730e-06,3.213786392586972255e-07
7.493750000000000355e+00,5.744954950999172638e-01,-4.925725457914884335e-04,4.786436353315831919e-04,5.742428452143650830e-01,-2.200552009089494770e-04,9.704875447026078887e-07,-1.704930296607193632e-06,3.178058515744107304e-07
7.500000000000000000e+00,5.744924258531373118e-01,-4.895891204439872671e-04,4.760548249181026912e-04,5.742414744969200902e-01,-2.185757461653894723e-04,9.598894644827395507e-07,-1.686488820656577977e-06,3.142717341137570124e-07
7.506249999999999645e+00,5.744893752022948163e-01,-4.866218311963348662e-04,4.734800706871355341e-04,5.742401130005247989e-01,-2.171044577761268744e-04,9.494060186274530864e-07,-1.668246937827765786e-06,3.107758687097041049e-07
7.512500000000000178e+00,5.744863430468131194e-01,-4.836705904349496935e-04,4.709192966885605825e-04,5.742387606742748174e-01,-2.156412924672543579e-04,9.390359664447654078e-07,-1.650202487235429964e-06,3.073178417233063467e-07
7.518750000000000711e+00,5.744833292866616814e-01,-4.807353110196484962e-04,4.683724273849595022e-04,5.742374174675355381e-01,-2.141862072056844397e-04,9.287780806749199876e-07,-1.632353331410676131e-06,3.038972439946844147e-07
7.525000000000000355e+00,5.744803338223531952e-01,-4.778159062810730063e-04,4.658393876493889985e-04,5.742360833299405831e-01,-2.127391591978859502e-04,9.186311473448264703e-07,-1.614697356047045392e-06,3.005136707945344350e-07
7.531250000000000000e+00,5.744773565549404770e-01,-4.749122900181305734e-04,4.633201027631653570e-04,5.742347582113900284e-01,-2.113001058886275236e-04,9.085939656240796829e-07,-1.597232469749279706e-06,2.971667217761628888e-07
7.537500000000000533e+00,5.744743973860139130e-01,-4.720243764954502462e-04,4.608144984136624297e-04,5.742334420620495150e-01,-2.098690049597293293e-04,8.986653476825450206e-07,-1.579956603784823387e-06,2.938560009280437154e-07
7.543750000000001066e+00,5.744714562176980177e-01,-4.691520804408525706e-04,4.583225006921214377e-04,5.742321348323482511e-01,-2.084458143288213622e-04,8.888441185494890328e-07,-1.562867711838026631e-06,2.905811165268892451e-07
7.550000000000000711e+00,5.744685329526487694e-01,-4.662953170428314753e-04,4.558440360914716165e-04,5.742308364729777903e-01,-2.070304921481083465e-04,8.791291159742321270e-07,-1.545963769767009584e-06,2.873416810912285063e-07
7.556250000000000355e+00,5.744656274940510565e-01,-4.634540019480495486e-04,4.533790315041622996e-04,5.742295469348904779e-01,-2.056229968031412809e-04,8.695191902883125914e-07,-1.529242775363165755e-06,2.841373113354887748e-07
7.562500000000000000e+00,5.744627397456152362e-01,-4.606280512588491432e-04,4.509274142200088800e-04,5.742282661692981183e-01,-2.042232869115972224e-04,8.600132042691524070e-07,-1.512702748113293570e-06,2.809676281245770851e-07
7.568749999999999645e+00,5.744598696115750247e-01,-4.578173815307751376e-04,4.484891119240489625e-04,5.742269941276701983e-01,-2.028313213220648995e-04,8.506100330051965789e-07,-1.496341728964299298e-06,2.778322564289524910e-07
7.575000000000000178e+00,5.744570169966837225e-01,-4.550219097701108692e-04,4.460640526944102810e-04,5.742257307617328888e-01,-2.014470591128373711e-04,8.413085637625144474e-07,-1.480157780090457382e-06,2.747308252801854765e-07
7.581250000000000711e+00,5.744541818062124383e-01,-4.522415534314294639e-04,4.436521650001912448e-04,5.742244760234673784e-01,-2.000704595907121133e-04,8.321076958528534476e-07,-1.464148984663208704e-06,2.716629677270006509e-07
7.587500000000000355e+00,5.744513639459464249e-01,-4.494762304151557909e-04,4.412533776993520038e-04,5.742232298651083200e-01,-1.987014822897972040e-04,8.230063405031168386e-07,-1.448313446623447626e-06,2.686283207917943135e-07
7.593750000000000000e+00,5.744485633221829701e-01,-4.467258590651419152e-04,4.388676200366162998e-04,5.742219922391429421e-01,-1.973400869703239051e-04,8.140034207262574589e-07,-1.432649290456281957e-06,2.656265254276228605e-07
7.600000000000000533e+00,5.744457798417280658e-01,-4.439903581662572418e-04,4.364948216413863289e-04,5.742207630983088285e-01,-1.959862336174670770e-04,8.050978711935763925e-07,-1.417154660968249527e-06,2.626572264756597623e-07
7.606250000000001066e+00,5.744430134118940767e-01,-4.412696469419915071e-04,4.341349125256692594e-04,5.742195423955932521e-01,-1.946398824401719913e-04,7.962886381084064278e-07,-1.401827723066953877e-06,2.597200726231134833e-07
7.612500000000000711e+00,5.744402639404968536e-01,-4.385636450520690463e-04,4.317878230820132359e-04,5.742183300842312876e-01,-1.933009938699872950e-04,7.875746790811601923e-07,-1.386666661543085206e-06,2.568147163615997838e-07
7.618750000000000355e+00,5.744375313358530688e-01,-4.358722725900761796e-04,4.294534840814548762e-04,5.742171261177047015e-01,-1.919695285599043184e-04,7.789549630057334345e-07,-1.371669680854808978e-06,2.539408139459657012e-07
7.625000000000000000e+00,5.744348155067771078e-01,-4.331954500811032891e-04,4.271318266714795074e-04,5.742159304497406191e-01,-1.906454473832041609e-04,7.704284699372547699e-07,-1.356835004914506111e-06,2.510980253535619822e-07
7.631249999999999645e+00,5.744321163625792925e-01,-4.305330984793976300e-04,4.248227823739913773e-04,5.742147430343098602e-01,-1.893287114323104160e-04,7.619941909711561643e-07,-1.342160876877822380e-06,2.482860142439549138e-07
7.637500000000000178e+00,5.744294338130622180e-01,-4.278851391660296391e-04,4.225262830832946523e-04,5.742135638256258279e-01,-1.880192820176484819e-04,7.536511281235539871e-07,-1.327645558935008423e-06,2.455044479190755937e-07
7.643750000000000711e+00,5.744267677685187534e-01,-4.252514939465723630e-04,4.202422610640868853e-04,5.742123927781429549e-01,-1.867171206665120824e-04,7.453982942129331209e-07,-1.313287332104532957e-06,2.427529972838024048e-07
7.650000000000000355e+00,5.744241181397289342e-01,-4.226320850487923783e-04,4.179706489494617520e-04,5.742112298465553710e-01,-1.854221891219352629e-04,7.372347127431069126e-07,-1.299084496028929418e-06,2.400313368069687538e-07
7.656250000000000000e+00,5.744214848379578520e-01,-4.200268351203525303e-04,4.157113797389226303e-04,5.742100749857960151e-01,-1.841344493415708920e-04,7.291594177874468283e-07,-1.285035368772857587e-06,2.373391444827941933e-07
7.662500000000000533e+00,5.744188677749524352e-01,-4.174356672265288736e-04,4.134643867964083765e-04,5.742089281510346366e-01,-1.828538634965762365e-04,7.211714538743718571e-07,-1.271138286623368566e-06,2.346761017927343226e-07
7.668750000000001066e+00,5.744162668629393398e-01,-4.148585048479398654e-04,4.112296038483296721e-04,5.742077892976766851e-01,-1.815803939705048803e-04,7.132698758740792423e-07,-1.257391603892336031e-06,2.320418936677450466e-07
7.675000000000000711e+00,5.744136820146222844e-01,-4.122952718782862914e-04,4.090069649816152381e-04,5.742066583813623115e-01,-1.803140033582042263e-04,7.054537488864988568e-07,-1.243793692721028162e-06,2.294362084509538600e-07
7.681250000000000355e+00,5.744111131431790529e-01,-4.097458926221032817e-04,4.067964046417679681e-04,5.742055353579644805e-01,-1.790546544647193133e-04,6.977221481304626483e-07,-1.230342942886799049e-06,2.268587378607361724e-07
7.687500000000000000e+00,5.744085601622594961e-01,-4.072102917925264740e-04,4.045978576309338564e-04,5.742044201835883044e-01,-1.778023103042038438e-04,6.900741588340806817e-07,-1.217037761611891547e-06,2.243091769541935771e-07
7.693749999999999645e+00,5.744060229859826450e-01,-4.046883945090686409e-04,4.024112591059800324e-04,5.742033128145691556e-01,-1.765569340988365238e-04,6.825088761263020761e-07,-1.203876573374305832e-06,2.217872240910268106e-07
7.700000000000000178e+00,5.744035015289342683e-01,-4.021801262954080797e-04,4.002365445765831498e-04,5.742022132074716678e-01,-1.753184892777437994e-04,6.750254049296505632e-07,-1.190857819720724334e-06,2.192925808978000411e-07
7.706250000000000711e+00,5.744009957061643190e-01,-3.996854130771908807e-04,3.980736499033294307e-04,5.742011213190885144e-01,-1.740869394759294241e-04,6.676228598541283174e-07,-1.177979959081474009e-06,2.168249522325942106e-07
7.712500000000000355e+00,5.743985054331847140e-01,-3.972041811798428441e-04,3.959225112958237626e-04,5.742000371064389652e-01,-1.728622485332090947e-04,6.603003650922632793e-07,-1.165241466587488653e-06,2.143840461500418849e-07
7.718750000000000000e+00,5.743960306259662252e-01,-3.947363573263931616e-04,3.937830653108088247e-04,5.741989605267675545e-01,-1.716443804931515110e-04,6.530570543152960568e-07,-1.152640833889259003e-06,2.119695738667408341e-07
7.725000000000000533e+00,5.743935712009365924e-01,-3.922818686353114325e-04,3.916552488502957063e-04,5.741978915375429704e-01,-1.704332996020258592e-04,6.458920705704947557e-07,-1.140176568977755781e-06,2.095812497270443832e-07
7.731250000000001066e+00,5.743911270749777476e-01,-3.898406426183563902e-04,3.895389991597051509e-04,5.741968300964567229e-01,-1.692289703077555572e-04,6.388045661795836595e-07,-1.127847196007297530e-06,2.072187911692222609e-07
7.737500000000000711e+00,5.743886981654234836e-01,-3.874126071784343315e-04,3.874342538260169312e-04,5.741957761614219224e-01,-1.680313572588772305e-04,6.317937026382688167e-07,-1.115651255120333379e-06,2.048819186919870750e-07
7.743750000000000355e+00,5.743862843900571225e-01,-3.849976906074699065e-04,3.853409507759302292e-04,5.741947296905720588e-01,-1.668404253035057059e-04,6.248586505168532291e-07,-1.103587302274129724e-06,2.025703558213836885e-07
7.750000000000000000e+00,5.743838856671086290e-01,-3.825958215842892676e-04,3.832590282740346954e-04,5.741936906422595577e-01,-1.656561394883056726e-04,6.179985893619332793e-07,-1.091653909069346220e-06,2.002838290780393263e-07
7.756249999999999645e+00,5.743815019152527235e-01,-3.802069291725136821e-04,3.811884249209910496e-04,5.741926589750547816e-01,-1.644784650574688460e-04,6.112127075991576535e-07,-1.079849662580465924e-06,1.980220679447671055e-07
7.762500000000000178e+00,5.743791330536063278e-01,-3.778309428184644736e-04,3.791290796517208421e-04,5.741916346477445865e-01,-1.633073674516967151e-04,6.045002024370405042e-07,-1.068173165188067740e-06,1.957848048345210857e-07
7.768750000000000711e+00,5.743767790017261232e-01,-3.754677923490805412e-04,3.770809317336079798e-04,5.741906176193314337e-01,-1.621428123071900118e-04,5.978602797718197444e-07,-1.056623034412924633e-06,1.935717750586998454e-07
7.775000000000000355e+00,5.743744396796059970e-01,-3.731174079698453103e-04,3.750439207647082739e-04,5.741896078490318356e-01,-1.609847654546430861e-04,5.912921540933435349e-07,-1.045197902751896299e-06,1.913827167957920226e-07
7.781250000000000000e+00,5.743721150076750437e-01,-3.707797202627250138e-04,3.730179866719684763e-04,5.741886052962751341e-01,-1.598331929182441637e-04,5.847950483919755394e-07,-1.033896417515602282e-06,1.892173710603620447e-07
7.787500000000000533e+00,5.743698049067951228e-01,-3.684546601841192791e-04,3.710030697094569146e-04,5.741876099207026130e-01,-1.586880609146818638e-04,5.783681940665136561e-07,-1.022717240667864127e-06,1.870754816723730301e-07
7.793750000000001066e+00,5.743675092982583053e-01,-3.661421590628227197e-04,3.689991104566029117e-04,5.741866216821659430e-01,-1.575493358521577356e-04,5.720108308331066582e-07,-1.011659048666890727e-06,1.849567952268424946e-07
7.800000000000000711e+00,5.743652281037847640e-01,-3.638421485979965011e-04,3.670060498164454729e-04,5.741856405407262942e-01,-1.564169843294035099e-04,5.657222066351537116e-07,-1.000720532308181875e-06,1.828610610638256481e-07
7.806250000000000355e+00,5.743629612455202205e-01,-3.615545608571502068e-04,3.650238290138909194e-04,5.741846664566527814e-01,-1.552909731347043413e-04,5.595015775541817915e-07,-9.899003965691349869e-07,1.807880312387241368e-07
7.812500000000000000e+00,5.743607086460341682e-01,-3.592793282741368779e-04,3.630523895939817428e-04,5.741836993904219089e-01,-1.541712692449282308e-04,5.533482077216921047e-07,-9.791973604553490692e-07,1.787374604929183518e-07
7.818749999999999645e+00,5.743584702283168753e-01,-3.570163836471571049e-04,3.610916734201739158e-04,5.741827393027154613e-01,-1.530578398245607602e-04,5.472613692319591069e-07,-9.686101568485897137e-07,1.767091062247166349e-07
7.825000000000000178e+00,5.743562459157779410e-01,-3.547656601367739620e-04,3.591416226726232026e-04,5.741817861544202817e-01,-1.519506522247450855e-04,5.412403420557744902e-07,-9.581375323564036936e-07,1.747027284606197381e-07
7.831250000000000711e+00,5.743540356322430762e-01,-3.525270912639398677e-04,3.572021798464822023e-04,5.741808399066264945e-01,-1.508496739823283268e-04,5.352844139551289428e-07,-9.477782471633736248e-07,1.727180898268977073e-07
7.837500000000000355e+00,5.743518393019527712e-01,-3.503006109080327151e-04,3.552732877502054161e-04,5.741799005206266182e-01,-1.497548728189127562e-04,5.293928803988151624e-07,-9.375310748839781783e-07,1.707549555214737610e-07
7.843750000000000000e+00,5.743496568495592980e-01,-3.480861533049020855e-04,3.533548895038631497e-04,5.741789679579142325e-01,-1.486662166399122431e-04,5.235650444789446066e-07,-9.273948024170502210e-07,1.688130932861126525e-07
7.850000000000000533e+00,5.743474882001252668e-01,-3.458836530449278758e-04,3.514469285374663128e-04,5.741780421801830903e-01,-1.475836735336151788e-04,5.178002168283724744e-07,-9.173682298018203895e-07,1.668922733789120834e-07
7.856250000000001066e+00,5.743453332791207400e-01,-3.436930450710886840e-04,3.495493485892998378e-04,5.741771231493255634e-01,-1.465072117702524690e-04,5.120977155390183190e-07,-9.074501700755233344e-07,1.649922685470920083e-07
7.862500000000000711e+00,5.743431920124211221e-01,-3.415142646770398440e-04,3.476620937042643384e-04,5.741762108274321985e-01,-1.454367998010707309e-04,5.064568660810670455e-07,-8.976394491325430235e-07,1.631128540000779925e-07
7.868750000000000355e+00,5.743410643263056059e-01,-3.393472475052015437e-04,3.457851082322268210e-04,5.741753051767897187e-01,-1.443724062574104768e-04,5.008770012230467998e-07,-8.879349055850876800e-07,1.612538073828764521e-07
7.875000000000000000e+00,5.743389501474540637e-01,-3.371919295448589228e-04,3.439183368263819133e-04,5.741744061598805793e-01,-1.433139999497908587e-04,4.953574609527763362e-07,-8.783353906253838754e-07,1.594149087497398699e-07
7.881249999999999645e+00,5.743368494029456039e-01,-3.350482471302708453e-04,3.420617244416205736e-04,5.741735137393815247e-01,-1.422615498669988561e-04,4.898975923991658773e-07,-8.688397678893594930e-07,1.575959405381163765e-07
7.887500000000000178e+00,5.743347620202561288e-01,-3.329161369387894048e-04,3.402152163329080705e-04,5.741726278781627002e-01,-1.412150251751839410e-04,4.844967497548651118e-07,-8.594469133218083656e-07,1.557966875428819231e-07
7.893750000000000711e+00,5.743326879272562246e-01,-3.307955359889901636e-04,3.383787580536717194e-04,5.741717485392862086e-01,-1.401743952169584877e-04,4.791542941997529326e-07,-8.501557150430212315e-07,1.540169368908526894e-07
7.900000000000000355e+00,5.743306270522091639e-01,-3.286863816388112280e-04,3.365522954541962639e-04,5.741708756860053331e-01,-1.391396295105029807e-04,4.738695938252517069e-07,-8.409650732168591885e-07,1.522564780155728038e-07
7.906250000000000000e+00,5.743285793237685732e-01,-3.265886115837023530e-04,3.347357746800277674e-04,5.741700092817633161e-01,-1.381106977486761564e-04,4.686420235594624287e-07,-8.318738999202583161e-07,1.505151026323752051e-07
7.912500000000000533e+00,5.743265446709762134e-01,-3.245021638547850506e-04,3.329291421703875335e-04,5.741691492901922489e-01,-1.370875697981311606e-04,4.634709650931132866e-07,-8.228811190141556179e-07,1.487926047137140051e-07
7.918750000000001066e+00,5.743245230232606469e-01,-3.224269768170226740e-04,3.311323446565947004e-04,5.741682956751119615e-01,-1.360702156984368847e-04,4.583558068063109543e-07,-8.139856660158160638e-07,1.470887804647643813e-07
7.925000000000000711e+00,5.743225143104340180e-01,-3.203629891673991201e-04,3.293453291604959911e-04,5.741674484005292456e-01,-1.350586056612037189e-04,4.532959436960824279e-07,-8.051864879725394478e-07,1.454034282992858695e-07
7.931250000000000355e+00,5.743205184626910542e-01,-3.183101399331072904e-04,3.275680429929048957e-04,5.741666074306360779e-01,-1.340527100692147540e-04,4.482907773047018508e-07,-7.964825433367384866e-07,1.437363488157475761e-07
7.937500000000000000e+00,5.743185354106061791e-01,-3.162683684697488277e-04,3.258004337520495819e-04,5.741657727298096203e-01,-1.330524994755624582e-04,4.433397156487977733e-07,-7.878728018423787358e-07,1.420873447737132964e-07
7.943749999999999645e+00,5.743165650851321802e-01,-3.142376144595423635e-04,3.240424493220293162e-04,5.741649442626098887e-01,-1.320579446027902331e-04,4.384421731492251775e-07,-7.793562443827536408e-07,1.404562210704819075e-07
7.950000000000000178e+00,5.743146074175974336e-01,-3.122178179095411437e-04,3.222940378712786918e-04,5.741641219937799745e-01,-1.310690163420387671e-04,4.335975705616975553e-07,-7.709318628895869957e-07,1.388427847179809978e-07
7.956250000000000711e+00,5.743126623397045716e-01,-3.102089191498618760e-04,3.205551478510415054e-04,5.741633058882438245e-01,-1.300856857521981078e-04,4.288053349081732160e-07,-7.625986602134512662e-07,1.372468448199118271e-07
7.962500000000000355e+00,5.743107297835280400e-01,-3.082108588319210042e-04,3.188257279938514648e-04,5.741624959111062410e-01,-1.291079240590640987e-04,4.240648994089813189e-07,-7.543556500054781686e-07,1.356682125491412492e-07
7.968750000000000000e+00,5.743088096815121002e-01,-3.062235779266811193e-04,3.171057273120217327e-04,5.741616920276508829e-01,-1.281357026544996673e-04,4.193757034156833419e-07,-7.462018566003526083e-07,1.341067011253385605e-07
7.975000000000000533e+00,5.743069019664691632e-01,-3.042470177229072916e-04,3.153950950961431979e-04,5.741608942033400442e-01,-1.271689930956018601e-04,4.147371923446646926e-07,-7.381363149005806633e-07,1.325621257928558692e-07
7.981250000000001066e+00,5.743050065715774588e-01,-3.022811198254334313e-04,3.136937809135913126e-04,5.741601024038130996e-01,-1.262077671038735387e-04,4.101488176114453444e-07,-7.301580702620140334e-07,1.310343037988483345e-07
7.987500000000000711e+00,5.743031234303792587e-01,-3.003258261534361303e-04,3.120017346070398678e-04,5.741593165948857269e-01,-1.252519965643997658e-04,4.056100365656998099e-07,-7.222661783806115823e-07,1.295230543716308337e-07
7.993750000000000355e+00,5.743012524767787674e-01,-2.983810789387182616e-04,3.103189062929832256e-04,5.741585367425487973e-01,-1.243016535250287722e-04,4.011203124269805751e-07,-7.144597051804292891e-07,1.280281986992691252e-07
8.000000000000000000e+00,5.742993936450404568e-01,-2.964468207240030960e-04,3.086452463602675509e-04,5.741577628129672650e-01,-1.233567101955588045e-04,3.966791142211416062e-07,-7.067377267028324674e-07,1.265495599084045540e-07
8.006250000000001421e+00,5.742975468697867347e-01,-2.945229943612357360e-04,3.069807054686286558e-04,5.741569947724795009e-01,-1.224171389469286871e-04,3.922859167174461006e-07,-6.990993289969016671e-07,1.250869630433070064e-07
8.012500000000001066e+00,5.742957120859963904e-01,-2.926095430098968569e-04,3.053252345472407957e-04,5.741562325875958495e-01,-1.214829123104149846e-04,3.879402003663627692e-07,-6.915436080110411497e-07,1.236402350451573045e-07
8.018750000000000711e+00,5.742938892290022634e-01,-2.907064101353198080e-04,3.036787847932683913e-04,5.741554762249979627e-01,-1.205540029768310736e-04,3.836414512380232285e-07,-6.840696694857410235e-07,1.222092047315501212e-07
8.025000000000000355e+00,5.742920782344900221e-01,-2.888135395070226758e-04,3.020413076704304371e-04,5.741547256515374675e-01,-1.196303837957337648e-04,3.793891609613584480e-07,-6.766766288475251186e-07,1.207937027762234749e-07
8.031250000000000000e+00,5.742902790384952771e-01,-2.869308751970459309e-04,3.004127549075704924e-04,5.741539808342355222e-01,-1.187120277746333939e-04,3.751828266638883133e-07,-6.693636111040375920e-07,1.193935616890058609e-07
8.037499999999999645e+00,5.742884915774028043e-01,-2.850583615782999419e-04,2.987930784972349135e-04,5.741532417402813726e-01,-1.177989080782088050e-04,3.710219509121644630e-07,-6.621297507402715449e-07,1.180086157959814124e-07
8.043749999999999289e+00,5.742867157879436579e-01,-2.831959433229213241e-04,2.971822306942589992e-04,5.741525083370311311e-01,-1.168909980275271044e-04,3.669060416528581945e-07,-6.549741916159221819e-07,1.166387012198700765e-07
8.050000000000000711e+00,5.742849516071939497e-01,-2.813435654006374753e-04,2.955801640143604012e-04,5.741517805920077766e-01,-1.159882710992678868e-04,3.628346121544853909e-07,-6.478960868638527596e-07,1.152836558606203295e-07
8.056250000000000355e+00,5.742831989725728503e-01,-2.795011730771424950e-04,2.939868312327421841e-04,5.741510584728991562e-01,-1.150907009249533706e-04,3.588071809497680473e-07,-6.408945987896711020e-07,1.139433193762142321e-07
8.062500000000000000e+00,5.742814578218405908e-01,-2.776687119124766272e-04,2.924021853826997341e-04,5.741503419475576520e-01,-1.141982612901805931e-04,3.548232717786088356e-07,-6.339688987723764472e-07,1.126175331636769506e-07
8.068750000000001421e+00,5.742797280930967974e-01,-2.758461277594189852e-04,2.908261797542385091e-04,5.741496309839987378e-01,-1.133109261338605714e-04,3.508824135316936926e-07,-6.271181671661018255e-07,1.113061403402956148e-07
8.075000000000001066e+00,5.742780097247787152e-01,-2.740333667618892748e-04,2.892587678927002466e-04,5.741489255504006461e-01,-1.124286695474620984e-04,3.469841401947044298e-07,-6.203415932029225348e-07,1.100089857250419795e-07
8.081250000000000711e+00,5.742763026556589878e-01,-2.722303753533527161e-04,2.876999035973918273e-04,5.741482256151027030e-01,-1.115514657742577078e-04,3.431279907931263318e-07,-6.136383748967013832e-07,1.087259158201931860e-07
8.087500000000000355e+00,5.742746068248444358e-01,-2.704371002552394395e-04,2.861495409202267155e-04,5.741475311466051057e-01,-1.106792892085769022e-04,3.393135093376638172e-07,-6.070077189479965360e-07,1.074567787931556922e-07
8.093750000000000000e+00,5.742729221717739474e-01,-2.686534884753690312e-04,2.846076341643716582e-04,5.741468421135673683e-01,-1.098121143950625263e-04,3.355402447702423008e-07,-6.004488406499910948e-07,1.062014244584844706e-07
8.099999999999999645e+00,5.742712486362164803e-01,-2.668794873063848913e-04,2.830741378829005391e-04,5.741461584848075450e-01,-1.089499160279319505e-04,3.318077509105953009e-07,-5.939609637954463168e-07,1.049597042600976856e-07
8.106249999999999289e+00,5.742695861582697292e-01,-2.651150443241960726e-04,2.815490068774567449e-04,5.741454802293017856e-01,-1.080926689502427550e-04,3.281155864034303894e-07,-5.875433205846624852e-07,1.037314712536843350e-07
8.112500000000000711e+00,5.742679346783581273e-01,-2.633601073864275219e-04,2.800321961969212767e-04,5.741448073161826704e-01,-1.072403481531626271e-04,3.244633146661659880e-07,-5.811951515344380081e-07,1.025165800893023817e-07
8.118750000000000355e+00,5.742662941372311813e-01,-2.616146246308811095e-04,2.785236611360912703e-04,5.741441397147386549e-01,-1.063929287752449795e-04,3.208505038372393829e-07,-5.749157053880244165e-07,1.013148869941674284e-07
8.125000000000000000e+00,5.742646644759615837e-01,-2.598785444739995856e-04,2.770233572343610640e-04,5.741434773944131820e-01,-1.055503861017064783e-04,3.172767267249639337e-07,-5.687042390260407325e-07,1.001262497556247607e-07
8.131250000000001421e+00,5.742630456359434366e-01,-2.581518156093436014e-04,2.755312402744140550e-04,5.741428203248037931e-01,-1.047126955637112659e-04,3.137415607569496135e-07,-5.625600173783697615e-07,9.895052770430915482e-08
8.137500000000001066e+00,5.742614375588909192e-01,-2.564343870060765366e-04,2.740472662809226322e-04,5.741421684756609078e-01,-1.038798327376594946e-04,3.102445879300708896e-07,-5.564823133370105772e-07,9.778758169748743150e-08
8.143750000000000711e+00,5.742598401868360680e-01,-2.547262079074533929e-04,2.725713915192503321e-04,5.741415218168873791e-01,-1.030517733444781227e-04,3.067853947609673361e-07,-5.504704076698608384e-07,9.663727410257879518e-08
8.150000000000000355e+00,5.742582534621274437e-01,-2.530272278293222094e-04,2.711035724941663542e-04,5.741408803185372722e-01,-1.022284932489183782e-04,3.033635722370904231e-07,-5.445235889354513818e-07,9.549946878085728461e-08
8.156250000000000000e+00,5.742566773274282443e-01,-2.513373965586314959e-04,2.696437659485644142e-04,5.741402439508148658e-01,-1.014099684588564896e-04,2.999787157682747261e-07,-5.386411533985970933e-07,9.437403107132942718e-08
8.162499999999999645e+00,5.742551117257145288e-01,-2.496566641519457432e-04,2.681919288621891851e-04,5.741396126840743186e-01,-1.005961751245988201e-04,2.966304251388353007e-07,-5.328224049469654324e-07,9.326082777478728196e-08
8.168749999999999289e+00,5.742535566002738845e-01,-2.479849809339693362e-04,2.667480184503698954e-04,5.741389864888180039e-01,-9.978708953819140782e-05,2.933183044601829656e-07,-5.270666550085485310e-07,9.215972713803444955e-08
8.175000000000000711e+00,5.742520118947033181e-01,-2.463222974960772968e-04,2.653119921627604318e-04,5.741383653356963990e-01,-9.898268813273344824e-05,2.900419621239518818e-07,-5.213732224700303920e-07,9.107059883828301048e-08
8.181250000000000355e+00,5.742504775529080341e-01,-2.446685646948568702e-04,2.638838076820882242e-04,5.741377491955065304e-01,-9.818294748169626655e-05,2.868010107556394272e-07,-5.157414335960470742e-07,8.999331396772139226e-08
8.187500000000000000e+00,5.742489535190993255e-01,-2.430237336506516576e-04,2.624634229229062202e-04,5.741371380391915302e-01,-9.738784429824415972e-05,2.835950671687381986e-07,-5.101706219493062971e-07,8.892774501824660051e-08
8.193750000000001421e+00,5.742474397377933526e-01,-2.413877557461180281e-04,2.610507960303552690e-04,5.741365318378396365e-01,-9.659735543456151360e-05,2.804237523193735848e-07,-5.046601283115890189e-07,8.787376586636507579e-08
8.200000000000001066e+00,5.742459361538092555e-01,-2.397605826247893644e-04,2.596458853789331716e-04,5.741359305626833054e-01,-9.581145788118421603e-05,2.772866912614315087e-07,-4.992093006056068355e-07,8.683125175825723960e-08
8.206250000000000711e+00,5.742444427122674888e-01,-2.381421661896434248e-04,2.582486495712672022e-04,5.741353341850985448e-01,-9.503012876633298097e-05,2.741835131021644246e-07,-4.938174938176934952e-07,8.580007929500162662e-08
8.212500000000000355e+00,5.742429593585884895e-01,-2.365324586016822825e-04,2.568590474368970364e-04,5.741347426766035822e-01,-9.425334535525336751e-05,2.711138509582865295e-07,-4.884840699213508577e-07,8.478012641796241500e-08
8.218750000000000000e+00,5.742414860384906783e-01,-2.349314122785174414e-04,2.554770380310626677e-04,5.741341560088584206e-01,-9.348108504955853653e-05,2.680773419125400850e-07,-4.832083978016160521e-07,8.377127239433402819e-08
8.224999999999999645e+00,5.742400226979893496e-01,-2.333389798929630030e-04,2.541025806334992624e-04,5.741335741536640613e-01,-9.271332538657657454e-05,2.650736269707321053e-07,-4.779898531802506792e-07,8.277339780284305998e-08
8.231249999999999289e+00,5.742385692833944510e-01,-2.317551143716362863e-04,2.527356347472388453e-04,5.741329970829612828e-01,-9.195004403870174774e-05,2.621023510192370209e-07,-4.728278185417416849e-07,8.178638451960537868e-08
8.237500000000000711e+00,5.742371257413095842e-01,-2.301797688935654956e-04,2.513761600974177314e-04,5.741324247688300852e-01,-9.119121881274969989e-05,2.591631627829574274e-07,-4.677216830601036307e-07,8.081011570413659705e-08
8.243750000000000355e+00,5.742356920186302283e-01,-2.286128968888071454e-04,2.500241166300930110e-04,5.741318571834885809e-01,-9.043682764931780017e-05,2.562557147837450376e-07,-4.626708425264818882e-07,7.984447578551580239e-08
8.250000000000000000e+00,5.742342680625419638e-01,-2.270544520370662241e-04,2.486794645110614738e-04,5.741312942992924384e-01,-8.968684862214730698e-05,2.533796632992624096e-07,-4.576746992775269508e-07,7.888935044869676296e-08
8.256250000000001421e+00,5.742328538205191402e-01,-2.255043882663277949e-04,2.473421641246883996e-04,5.741307360887342170e-01,-8.894125993749160339e-05,2.505346683222981009e-07,-4.527326621245586033e-07,7.794462662097031651e-08
8.262500000000001066e+00,5.742314492403235437e-01,-2.239626597514960511e-04,2.460121760727430711e-04,5.741301825244418122e-01,-8.820003993348830851e-05,2.477203935205216979e-07,-4.478441462834987744e-07,7.701019245857377206e-08
8.268750000000000711e+00,5.742300542700021770e-01,-2.224292209130364340e-04,2.446894611732369968e-04,5.741296335791784555e-01,-8.746316707953357089e-05,2.449365061966671797e-07,-4.430085733055511011e-07,7.608593733344324837e-08
8.275000000000000355e+00,5.742286688578863707e-01,-2.209040264156294608e-04,2.433739804592724616e-04,5.741290892258413825e-01,-8.673061997566233858e-05,2.421826772491552031e-07,-4.382253710086472178e-07,7.517175182011276096e-08
8.281250000000000000e+00,5.742272929525902292e-01,-2.193870311668296206e-04,2.420656951778956572e-04,5.741285494374611664e-01,-8.600237735193170553e-05,2.394585811331377396e-07,-4.334939734096290625e-07,7.426752768275407538e-08
8.287499999999999645e+00,5.742259265030085214e-01,-2.178781903157317240e-04,2.407645667889563728e-04,5.741280141872009413e-01,-8.527841806780816125e-05,2.367638958219646942e-07,-4.288138206571690561e-07,7.337315786235784293e-08
8.293749999999999289e+00,5.742245694583159032e-01,-2.163774592516445449e-04,2.394705569639740011e-04,5.741274834483555134e-01,-8.455872111155897386e-05,2.340983027690677929e-07,-4.241843589654169290e-07,7.248853646405376892e-08
8.300000000000000711e+00,5.742232217679649198e-01,-2.148847936027707770e-04,2.381836275850095338e-04,5.741269571943506955e-01,-8.384326559964717820e-05,2.314614868702560759e-07,-4.196050405483660501e-07,7.161355874456850317e-08
8.306250000000000355e+00,5.742218833816848944e-01,-2.134001492348966129e-04,2.369037407435455002e-04,5.741264353987424185e-01,-8.313203077613141574e-05,2.288531364264231548e-07,-4.150753235549374568e-07,7.074812109982093510e-08
8.312500000000000000e+00,5.742205542494800419e-01,-2.119234822500835999e-04,2.356308587393684791e-04,5.741259180352158431e-01,-8.242499601206771244e-05,2.262729431066503244e-07,-4.105946720047555404e-07,6.989212105264978489e-08
8.318750000000001421e+00,5.742192343216282469e-01,-2.104547489853715819e-04,2.343649440794612078e-04,5.741254050775848050e-01,-8.172214080491686740e-05,2.237206019117159604e-07,-4.061625557246320633e-07,6.904545724067693156e-08
8.325000000000001066e+00,5.742179235486796207e-01,-2.089939060114884175e-04,2.331059594769005711e-04,5.741248964997908155e-01,-8.102344477795570400e-05,2.211958111379993160e-07,-4.017784502857388661e-07,6.820802940430240177e-08
8.331250000000000711e+00,5.742166218814549472e-01,-2.075409101315627339e-04,2.318538678497585731e-04,5.741243922759023954e-01,-8.032888767969024546e-05,2.186982723417686601e-07,-3.974418369414510550e-07,6.737973837482790911e-08
8.337500000000000355e+00,5.742153292710443502e-01,-2.060957183798479563e-04,2.306086323200130122e-04,5.741238923801139649e-01,-7.963844938327485352e-05,2.162276903038626237e-07,-3.931522025658769210e-07,6.656048606271167030e-08
8.343750000000000000e+00,5.742140456688056283e-01,-2.046582880204506744e-04,2.293702162124624112e-04,5.741233967867459542e-01,-7.895210988593398278e-05,2.137837729947504877e-07,-3.889090395930483324e-07,6.575017544594983948e-08
8.349999999999999645e+00,5.742127710263631446e-01,-2.032285765460665713e-04,2.281385830536470738e-04,5.741229054702426948e-01,-7.826984930838797364e-05,2.113662315399708835e-07,-3.847118459567722903e-07,6.494871055858444167e-08
8.356249999999999289e+00,5.742115052956059396e-01,-2.018065416767226943e-04,2.269136965707764292e-04,5.741224184051729740e-01,-7.759164789428264005e-05,2.089747801859444044e-07,-3.805601250311348048e-07,6.415599647933625680e-08
8.362500000000000711e+00,5.742102484286868425e-01,-2.003921413585264485e-04,2.256955206906618246e-04,5.741219355662283697e-01,-7.691748600962232656e-05,2.066091362661555507e-07,-3.764533855716490462e-07,6.337193932036103965e-08
8.368750000000000355e+00,5.742090003780208063e-01,-1.989853337624227761e-04,2.244840195386569074e-04,5.741214569282228064e-01,-7.624734414220765471e-05,2.042690201677036370e-07,-3.723911416570479284e-07,6.259644621612914193e-08
8.375000000000000000e+00,5.742077610962833534e-01,-1.975860772829542893e-04,2.232791574376005554e-04,5.741209824660920003e-01,-7.558120290107509887e-05,2.019541552982089236e-07,-3.683729126316961924e-07,6.182942531242389104e-08
8.381250000000001421e+00,5.742065305364094652e-01,-1.961943305370315144e-04,2.220808989067685614e-04,5.741205121548921264e-01,-7.491904301594188827e-05,1.996642680530828399e-07,-3.643982230486382928e-07,6.107078575546150475e-08
8.387500000000001066e+00,5.742053086515921390e-01,-1.948100523627094511e-04,2.208892086608314981e-04,5.741200459697997083e-01,-7.426084533665471736e-05,1.973990877831519500e-07,-3.604666026132632953e-07,6.032043768112941855e-08
8.393750000000000711e+00,5.742040953952807225e-01,-1.934332018179673836e-04,2.197040516088147788e-04,5.741195838861103962e-01,-7.360659083264020435e-05,1.951583467626264225e-07,-3.565775861275714325e-07,5.957829220433974322e-08
8.400000000000000355e+00,5.742028907211800259e-01,-1.920637381794988848e-04,2.185253928530683397e-04,5.741191258792387453e-01,-7.295626059236110959e-05,1.929417801574213421e-07,-3.527307134350559757e-07,5.884426140850057250e-08
8.406250000000000000e+00,5.742016945832485453e-01,-1.907016209415063725e-04,2.173531976882401174e-04,5.741186719247166614e-01,-7.230983582277497991e-05,1.907491259938174437e-07,-3.489255293661782418e-07,5.811825833510091230e-08
8.412499999999999645e+00,5.742005069356972413e-01,-1.893468098145024698e-04,2.161874316002556252e-04,5.741182219981934010e-01,-7.166729784879688578e-05,1.885801251274614008e-07,-3.451615836844343058e-07,5.740019697340906598e-08
8.418749999999999289e+00,5.741993277329883183e-01,-1.879992647241176271e-04,2.150280602653031393e-04,5.741177760754346826e-01,-7.102862811276545172e-05,1.864345212127014322e-07,-3.414384310330078598e-07,5.668999225028313904e-08
8.425000000000000711e+00,5.741981569298336696e-01,-1.866589458099138146e-04,2.138750495488242530e-04,5.741173341323216883e-01,-7.039380817391249171e-05,1.843120606722537293e-07,-3.377556308819997957e-07,5.598756002009222717e-08
8.431250000000000355e+00,5.741969944811937676e-01,-1.853258134242063201e-04,2.127283655045116668e-04,5.741168961448502861e-01,-6.976281970783706273e-05,1.822124926672001254e-07,-3.341127474762364702e-07,5.529281705474833397e-08
8.437500000000000000e+00,5.741958403422761092e-01,-1.839998281308880945e-04,2.115879743733092562e-04,5.741164620891310300e-01,-6.913564450598118523e-05,1.801355690673041435e-07,-3.305093497836332529e-07,5.460568103384472371e-08
8.443750000000001421e+00,5.741946944685341059e-01,-1.826809507042635023e-04,2.104538425824206227e-04,5.741160319413873836e-01,-6.851226447511083557e-05,1.780810444216532583e-07,-3.269450114441277571e-07,5.392607053490353470e-08
8.450000000000001066e+00,5.741935568156655290e-01,-1.813691421278886050e-04,2.093259367443232833e-04,5.741156056779559425e-01,-6.789266163680036719e-05,1.760486759296187152e-07,-3.234193107191670823e-07,5.325390502372946367e-08
8.456250000000000711e+00,5.741924273396116218e-01,-1.800643635934139378e-04,2.082042236557851093e-04,5.741151832752849904e-01,-6.727681812691889700e-05,1.740382234121240671e-07,-3.199318304417343535e-07,5.258910484486676836e-08
8.462500000000000355e+00,5.741913059965551014e-01,-1.787665764994371799e-04,2.070886702968898993e-04,5.741147647099343887e-01,-6.666471619512185514e-05,1.720494492832301044e-07,-3.164821579669270480e-07,5.193159121216216903e-08
8.468750000000000000e+00,5.741901927429198249e-01,-1.774757424503602154e-04,2.059792438300664494e-04,5.741143499585743548e-01,-6.605633820434528606e-05,1.700821185220240018e-07,-3.130698851230667304e-07,5.128128619942948657e-08
8.474999999999999645e+00,5.741890875353685697e-01,-1.761918232552524288e-04,2.048759115991234507e-04,5.741139389979851293e-01,-6.545166663030364601e-05,1.681359986448133175e-07,-3.096946081633405652e-07,5.063811273121627537e-08
8.481249999999999289e+00,5.741879903308023669e-01,-1.749147809267200177e-04,2.037786411282896989e-04,5.741135318050560876e-01,-6.485068406099111073e-05,1.662108596776200811e-07,-3.063559277179671956e-07,5.000199457367091549e-08
8.487500000000000711e+00,5.741869010863589473e-01,-1.736445776797811602e-04,2.026874001212595360e-04,5.741131283567849630e-01,-6.425337319618616282e-05,1.643064741289720833e-07,-3.030534487468809539e-07,4.937285632550913867e-08
8.493750000000000355e+00,5.741858197594116309e-01,-1.723811759307486088e-04,2.016021564602449322e-04,5.741127286302775135e-01,-6.365971684696038039e-05,1.624226169629907863e-07,-2.997867804929339263e-07,4.875062340907981598e-08
8.500000000000000000e+00,5.741847463075678837e-01,-1.711245382961148055e-04,2.005228782050297906e-04,5.741123326027464113e-01,-6.306969793518904174e-05,1.605590655727647902e-07,-2.965555364355969201e-07,4.813522206152638071e-08
8.506250000000001421e+00,5.741836806886684297e-01,-1.698746275914461582e-04,1.994495335920325456e-04,5.741119402515106884e-01,-6.248329949306651412e-05,1.587155997540159757e-07,-2.933593342451707688e-07,4.752657932604614988e-08
8.512500000000001066e+00,5.741826228607856963e-01,-1.686314068302828192e-04,1.983820910333736144e-04,5.741115515539952918e-01,-6.190050466262516607e-05,1.568920016790500911e-07,-2.901977957374949507e-07,4.692462304324493020e-08
8.518750000000000711e+00,5.741815727822223714e-01,-1.673948392230416359e-04,1.973205191159456385e-04,5.741111664877298626e-01,-6.132129669525601462e-05,1.550880558709843720e-07,-2.870705468291390166e-07,4.632928184258435441e-08
8.525000000000000355e+00,5.741805304115108477e-01,-1.661648881759278818e-04,1.962647866004916955e-04,5.741107850303486249e-01,-6.074565895123445450e-05,1.533035491782587316e-07,-2.839772174930900083e-07,4.574048513392413813e-08
8.531250000000000000e+00,5.741794957074115580e-01,-1.649415172898512994e-04,1.952148624206873594e-04,5.741104071595893865e-01,-6.017357489924851508e-05,1.515382707494199077e-07,-2.809174417149154332e-07,4.515816309915578987e-08
8.537499999999999645e+00,5.741784686289115314e-01,-1.637246903593481584e-04,1.941707156822280458e-04,5.741100328532930952e-01,-5.960502811593054598e-05,1.497920120081785922e-07,-2.778908574494037004e-07,4.458224668392771460e-08
8.543749999999999289e+00,5.741774491352238385e-01,-1.625143713715088720e-04,1.931323156619214811e-04,5.741096620894026170e-01,-5.904000228539226376e-05,1.480645666287359966e-07,-2.748971065776748195e-07,4.401266758946057255e-08
8.550000000000000711e+00,5.741764371857858151e-01,-1.613105245049111685e-04,1.920996318067850768e-04,5.741092948459629586e-01,-5.847848119876293598e-05,1.463557305113766771e-07,-2.719358348647554315e-07,4.344935826445182141e-08
8.556250000000000355e+00,5.741754327402581737e-01,-1.601131141285603383e-04,1.910726337331495922e-04,5.741089311011197127e-01,-5.792044875373161751e-05,1.446653017583274338e-07,-2.690066919176192323e-07,4.289225189706936238e-08
8.562500000000000000e+00,5.741744357585236713e-01,-1.589221048008318115e-04,1.900512912257651290e-04,5.741085708331188364e-01,-5.736588895409114189e-05,1.429930806498721464e-07,-2.661093311436736760e-07,4.234128240703100786e-08
8.568750000000001421e+00,5.741734462006861106e-01,-1.577374612684222732e-04,1.890355742369144974e-04,5.741082140203062067e-01,-5.681478590928670016e-05,1.413388696207290840e-07,-2.632434097097053995e-07,4.179638443777182223e-08
8.575000000000001066e+00,5.741724640270688962e-01,-1.565591484653064988e-04,1.880254528855318410e-04,5.741078606411262886e-01,-5.626712383396777401e-05,1.397024732366833305e-07,-2.604085885012709751e-07,4.125749334869697982e-08
8.581250000000000711e+00,5.741714891982139246e-01,-1.553871315116963844e-04,1.870208974563233764e-04,5.741075106741222456e-01,-5.572288704754181719e-05,1.380836981714674178e-07,-2.576045320825210261e-07,4.072454520751785051e-08
8.587500000000000355e+00,5.741705216748809182e-01,-1.542213757130089487e-04,1.860218783988959923e-04,5.741071640979347190e-01,-5.518205997373277512e-05,1.364823531838963329e-07,-2.548309086564688755e-07,4.019747678267325848e-08
8.593750000000000000e+00,5.741695614180454266e-01,-1.530618465588381842e-04,1.850283663268893189e-04,5.741068208913012727e-01,-5.464462714014199662e-05,1.348982490952473441e-07,-2.520873900256862059e-07,3.967622553583288988e-08
8.599999999999999645e+00,5.741686083888982717e-01,-1.519085097219324105e-04,1.840403320171130010e-04,5.741064810330560597e-01,-5.411057317781254043e-05,1.333311987668842759e-07,-2.493736515534264178e-07,3.916072961448261788e-08
8.606249999999999289e+00,5.741676625488443264e-01,-1.507613310571772659e-04,1.830577464086886332e-04,5.741061445021290455e-01,-5.357988282079667347e-05,1.317810170781237970e-07,-2.466893721251699157e-07,3.865092784459098405e-08
8.612500000000000711e+00,5.741667238595012934e-01,-1.496202766005835230e-04,1.820805806021965202e-04,5.741058112775448974e-01,-5.305254090572633023e-05,1.302475209043400683e-07,-2.440342341105861352e-07,3.814675972335559206e-08
8.618750000000000355e+00,5.741657922826984839e-01,-1.484853125682819791e-04,1.811088058588283182e-04,5.741054813384232069e-01,-5.252853237138759051e-05,1.287305290953081755e-07,-2.414079233259124688e-07,3.764816541202958555e-08
8.625000000000000000e+00,5.741648677804758183e-01,-1.473564053555202443e-04,1.801423935995419539e-04,5.741051546639769354e-01,-5.200784225829670898e-05,1.272298624537768158e-07,-2.388101289967339439e-07,3.715508572882512680e-08
8.631250000000001421e+00,5.741639503150828272e-01,-1.462335215356679583e-04,1.791813154042234274e-04,5.741048312335125248e-01,-5.149045570828074576e-05,1.257453437142766451e-07,-2.362405437211738974e-07,3.666746214189571544e-08
8.637500000000001066e+00,5.741630398489772080e-01,-1.451166278592268602e-04,1.782255430108537115e-04,5.741045110264288986e-01,-5.097635796406120568e-05,1.242767975221569542e-07,-2.336988634334844498e-07,3.618523676239535570e-08
8.643750000000000711e+00,5.741621363448240478e-01,-1.440056912528435136e-04,1.772750483146775754e-04,5.741041940222169071e-01,-5.046553436883955454e-05,1.228240504128452990e-07,-2.311847873680254495e-07,3.570835233761234847e-08
8.650000000000000355e+00,5.741612397654944910e-01,-1.429006788183301909e-04,1.763298033673799971e-04,5.741038802004584385e-01,-4.995797036588727554e-05,1.213869307913348775e-07,-2.286980180236420792e-07,3.523675224417962079e-08
8.656250000000000000e+00,5.741603500740649624e-01,-1.418015578316894436e-04,1.753897803762657752e-04,5.741035695408266415e-01,-4.945365149813832443e-05,1.199652689118914730e-07,-2.262382611284256642e-07,3.477038048135873401e-08
8.662499999999999645e+00,5.741594672338156125e-01,-1.407082957421439313e-04,1.744549517034440459e-04,5.741032620230840378e-01,-4.895256340778476276e-05,1.185588968579797393e-07,-2.238052256048579759e-07,3.430918166439749765e-08
8.668749999999999289e+00,5.741585912082296517e-01,-1.396208601711714816e-04,1.735252898650173543e-04,5.741029576270829660e-01,-4.845469183587552178e-05,1.171676485224063139e-07,-2.213986235353337877e-07,3.385310101796039519e-08
8.675000000000000711e+00,5.741577219609920180e-01,-1.385392189115449205e-04,1.726007675302751161e-04,5.741026563327644716e-01,-4.796002262191806652e-05,1.157913595876765671e-07,-2.190181701280577670e-07,3.340208436963076926e-08
8.681250000000000355e+00,5.741568594559884886e-01,-1.374633399263781917e-04,1.716813575208929346e-04,5.741023581201578629e-01,-4.746854170348378013e-05,1.144298675065655860e-07,-2.166635836833145908e-07,3.295607814348491873e-08
8.687500000000000000e+00,5.741560036573045700e-01,-1.363931913481748336e-04,1.707670328101337060e-04,5.741020629693800448e-01,-4.698023511581507608e-05,1.130830114828947482e-07,-2.143345855600991036e-07,3.251502935373527525e-08
8.693750000000001421e+00,5.741551545292243874e-01,-1.353287414778837742e-04,1.698577665220557726e-04,5.741017708606346304e-01,-4.649508899143672526e-05,1.117506324525192865e-07,-2.120309001431149340e-07,3.207888559844449233e-08
8.700000000000001066e+00,5.741543120362294639e-01,-1.342699587839603587e-04,1.689535319307253311e-04,5.741014817742120524e-01,-4.601308955977021203e-05,1.104325730645209280e-07,-2.097522548101314335e-07,3.164759505330834925e-08
8.706250000000000711e+00,5.741534761429982758e-01,-1.332168119014292998e-04,1.680543024594311451e-04,5.741011956904880087e-01,-4.553422314674990631e-05,1.091286776626000631e-07,-2.074983798996895921e-07,3.122110646550582861e-08
8.712500000000000355e+00,5.741526468144044770e-01,-1.321692696309558694e-04,1.671600516799062232e-04,5.741009125899237953e-01,-4.505847617444355219e-05,1.078387922666724451e-07,-2.052690086791650850e-07,3.079936914761783672e-08
8.718750000000000000e+00,5.741518240155163433e-01,-1.311273009379200711e-04,1.662707533115525334e-04,5.741006324530650851e-01,-4.458583516067510108e-05,1.065627645546624825e-07,-2.030638773131753725e-07,3.038233297161207189e-08
8.724999999999999645e+00,5.741510077115954402e-01,-1.300908749514962065e-04,1.653863812206705149e-04,5.741003552605414839e-01,-4.411628671865066876e-05,1.053004438444932800e-07,-2.008827248323304580e-07,2.996994836289402747e-08
8.731249999999999289e+00,5.741501978680960683e-01,-1.290599609637371314e-04,1.645069094196927636e-04,5.741000809930659754e-01,-4.364981755658741970e-05,1.040516810762710207e-07,-1.987252931023234645e-07,2.956216629442334553e-08
8.737500000000000711e+00,5.741493944506637082e-01,-1.280345284286630377e-04,1.636323120664220823e-04,5.740998096314343657e-01,-4.318641447734530430e-05,1.028163287946610169e-07,-1.965913267933562126e-07,2.915893828089466739e-08
8.743750000000000355e+00,5.741485974251343549e-01,-1.270145469613564158e-04,1.627625634632747344e-04,5.740995411565246176e-01,-4.272606437806244844e-05,1.015942411314555996e-07,-1.944805733499004886e-07,2.876021637298295467e-08
8.750000000000000000e+00,5.741478067575332966e-01,-1.259999863370588058e-04,1.618976380565259208e-04,5.740992755492964061e-01,-4.226875424979206774e-05,1.003852737883265160e-07,-1.923927829607815023e-07,2.836595315165098449e-08
8.756250000000001421e+00,5.741470224140743372e-01,-1.249908164902749754e-04,1.610375104355613821e-04,5.740990127907901197e-01,-4.181447117714361697e-05,9.918928401976638752e-08,-1.903277085295924030e-07,2.797610172252039535e-08
8.762500000000001066e+00,5.741462443611586863e-01,-1.239870075138815430e-04,1.601821553321334732e-04,5.740987528621269709e-01,-4.136320233792675836e-05,9.800613061621403987e-08,-1.882851056454298995e-07,2.759061571030464578e-08
8.768750000000000711e+00,5.741454725653739599e-01,-1.229885296582379050e-04,1.593315476196192708e-04,5.740984957445077752e-01,-4.091493500279711891e-05,9.683567388735868969e-08,-1.862647325539430978e-07,2.720944925330223480e-08
8.775000000000000355e+00,5.741447069934931813e-01,-1.219953533303044541e-04,1.584856623122852138e-04,5.740982414192126182e-01,-4.046965653490625569e-05,9.567777564562752689e-08,-1.842663501287026754e-07,2.683255699795160024e-08
8.781250000000000000e+00,5.741439476124737817e-01,-1.210074490927640501e-04,1.576444745645548052e-04,5.740979898676004112e-01,-4.002735438955383701e-05,9.453229918984947989e-08,-1.822897218428785883e-07,2.645989409344542515e-08
8.787499999999999645e+00,5.741431943894570455e-01,-1.200247876631483024e-04,1.568079596702807066e-04,5.740977410711081141e-01,-3.958801611384287969e-05,9.339910928909546810e-08,-1.803346137412262821e-07,2.609141618640436564e-08
8.793749999999999289e+00,5.741424472917662225e-01,-1.190473399129684325e-04,1.559760930620209516e-04,5.740974950112500697e-01,-3.915162934633779169e-05,9.227807216669271968e-08,-1.784007944123775182e-07,2.572707941560943237e-08
8.800000000000000711e+00,5.741417062869066390e-01,-1.180750768668502977e-04,1.551488503103190628e-04,5.740972516696178918e-01,-3.871818181672525400e-05,9.116905548441102379e-08,-1.764880349614318964e-07,2.536684040679235408e-08
8.806250000000000355e+00,5.741409713425640327e-01,-1.171079697016753641e-04,1.543262071229895352e-04,5.740970110278793559e-01,-3.828766134547849744e-05,9.007192832682097017e-08,-1.745961089828493651e-07,2.501065626748383722e-08
8.812500000000000000e+00,5.741402424266036641e-01,-1.161459897457232791e-04,1.535081393444048651e-04,5.740967730677781766e-01,-3.786005584352321931e-05,8.898656118581747929e-08,-1.727247925336320998e-07,2.465848458191767676e-08
8.818750000000001421e+00,5.741395195070698731e-01,-1.151891084778215176e-04,1.526946229547889756e-04,5.740965377711334527e-01,-3.743535331190747770e-05,8.791282594531292440e-08,-1.708738641068028161e-07,2.431028340599196564e-08
8.825000000000001066e+00,5.741388025521845240e-01,-1.142372975264992170e-04,1.518856340695144366e-04,5.740963051198387790e-01,-3.701354184147435733e-05,8.685059586609501467e-08,-1.690431046051717621e-07,2.396601126228590729e-08
8.831250000000000711e+00,5.741380915303464505e-01,-1.132905286691431387e-04,1.510811489384018803e-04,5.740960750958620240e-01,-3.659460961253643781e-05,8.579974557084508523e-08,-1.672322973153842909e-07,2.362562713513079523e-08
8.837500000000000355e+00,5.741373864101303459e-01,-1.123487738311605699e-04,1.502811439450255700e-04,5.740958476812446643e-01,-3.617854489455420576e-05,8.476015102932063222e-08,-1.654412278822560796e-07,2.328909046573639730e-08
8.843750000000000000e+00,5.741366871602858746e-01,-1.114120050851453005e-04,1.494855956060217605e-04,5.740956228581011178e-01,-3.576533604581673013e-05,8.373168954369595175e-08,-1.636696842833849585e-07,2.295636114737069959e-08
8.849999999999999645e+00,5.741359937497370058e-01,-1.104801946500481136e-04,1.486944805704013949e-04,5.740954006086184114e-01,-3.535497151312525817e-05,8.271423973406090940e-08,-1.619174568040396655e-07,2.262739952059306966e-08
8.856249999999999289e+00,5.741353061475805708e-01,-1.095533148903515862e-04,1.479077756188666509e-04,5.740951809150554030e-01,-3.494743983147952858e-05,8.170768152407570934e-08,-1.601843380123217176e-07,2.230216636854010138e-08
8.862500000000000711e+00,5.741346243230859292e-01,-1.086313383152488597e-04,1.471254576631312000e-04,5.740949637597424493e-01,-3.454272962376684947e-05,8.071189612677982345e-08,-1.584701227345974578e-07,2.198062291226358520e-08
8.868750000000000355e+00,5.741339482456936372e-01,-1.077142375778280219e-04,1.463475037452454275e-04,5.740947491250806278e-01,-3.414082960045444922e-05,7.972676603055505393e-08,-1.567746080311995653e-07,2.166273080612047847e-08
8.875000000000000000e+00,5.741332778850148921e-01,-1.068019854742580067e-04,1.455738910369234953e-04,5.740945369935411824e-01,-3.374172855928349427e-05,7.875217498523681351e-08,-1.550975931723886313e-07,2.134845213321308880e-08
8.881250000000001421e+00,5.741326132108303115e-01,-1.058945549429810533e-04,1.448045968388759878e-04,5.740943273476655229e-01,-3.334541538496685423e-05,7.778800798837734216e-08,-1.534388796145807025e-07,2.103774940088055266e-08
8.887500000000001066e+00,5.741319541930892667e-01,-1.049919190639093936e-04,1.440395985801466250e-04,5.740941201700638929e-01,-3.295187904888963849e-05,7.683415127165663836e-08,-1.517982709768335140e-07,2.073058553624032189e-08
8.893750000000000711e+00,5.741313008019088837e-01,-1.040940510576236202e-04,1.432788738174507628e-04,5.740939154434151481e-01,-3.256110860881148100e-05,7.589049228743720077e-08,-1.501755730175848213e-07,2.042692388177828191e-08
8.900000000000000355e+00,5.741306530075734882e-01,-1.032009242845778309e-04,1.425224002345197767e-04,5.740937131504665336e-01,-3.217309320857261994e-05,7.495691969546594183e-08,-1.485705936116485462e-07,2.012672819098871910e-08
8.906250000000000000e+00,5.741300107805330510e-01,-1.023125122443075915e-04,1.417701556414483171e-04,5.740935132740327962e-01,-3.178782207780221338e-05,7.403332334971784697e-08,-1.469831427274594226e-07,1.982996262406221836e-08
8.912499999999999645e+00,5.741293740914029664e-01,-1.014287885746422091e-04,1.410221179740454422e-04,5.740933157969956291e-01,-3.140528453162944684e-05,7.311959428538128700e-08,-1.454130324045657428e-07,1.953659174362159995e-08
8.918749999999999289e+00,5.741287429109630525e-01,-1.005497270509209486e-04,1.402782652931894628e-04,5.740931207023033389e-01,-3.102546997039735819e-05,7.221562470598327604e-08,-1.438600767313676107e-07,1.924658051050520421e-08
8.925000000000000711e+00,5.741281172101564412e-01,-9.967530158521323400e-05,1.395385757841863933e-04,5.740929279729700685e-01,-3.064836787937928481e-05,7.132130797065282245e-08,-1.423240918230971829e-07,1.895989427959701788e-08
8.931250000000000355e+00,5.741274969600888012e-01,-9.880548622554385008e-05,1.388030277561331453e-04,5.740927375920755749e-01,-3.027396782849851609e-05,7.043653858152239895e-08,-1.408048958000411067e-07,1.867649879570361212e-08
8.937500000000000000e+00,5.741268821320280047e-01,-9.794025515511979823e-05,1.380715996412822664e-04,5.740925495427644520e-01,-2.990225947204955517e-05,6.956121217126229113e-08,-1.393023087659960523e-07,1.839636018947613552e-08
8.943750000000001421e+00,5.741262726974023511e-01,-9.707958269156330455e-05,1.373442699944122899e-04,5.740923638082459091e-01,-2.953323254842310091e-05,6.869522549075118583e-08,-1.378161527869628962e-07,1.811944497337851669e-08
8.950000000000001066e+00,5.741256686278004562e-01,-9.622344328614866344e-05,1.366210174922016622e-04,5.740921803717925487e-01,-2.916687687983360482e-05,6.783847639687900258e-08,-1.363462518700734141e-07,1.784572003770056616e-08
8.956250000000000711e+00,5.741250698949703635e-01,-9.537181152304091095e-05,1.359018209326045949e-04,5.740919992167408115e-01,-2.880318237204862710e-05,6.699086384047868585e-08,-1.348924319427426836e-07,1.757515264661484944e-08
8.962500000000000355e+00,5.741244764708182124e-01,-9.452466211854073210e-05,1.351866592342323644e-04,5.740918203264896436e-01,-2.844213901412186542e-05,6.615228785438993582e-08,-1.334545208320532544e-07,1.730771043427836677e-08
8.968750000000000000e+00,5.741238883274080163e-01,-9.368196992033205170e-05,1.344755114357373772e-04,5.740916436845006077e-01,-2.808373687812833850e-05,6.532264954164991477e-08,-1.320323482443620892e-07,1.704336140097734884e-08
8.974999999999999645e+00,5.741233054369604405e-01,-9.284370990673367736e-05,1.337683566952010288e-04,5.740914692742966619e-01,-2.772796611890232093e-05,6.450185106381086275e-08,-1.306257457451303534e-07,1.678207390931524787e-08
8.981249999999999289e+00,5.741227277718523592e-01,-9.200985718595477785e-05,1.330651742895248976e-04,5.740912970794623815e-01,-2.737481697377790372e-05,6.368979562938324628e-08,-1.292345467389733011e-07,1.652381668044332188e-08
8.987500000000000711e+00,5.741221553046154114e-01,-9.118038699535389868e-05,1.323659436138256240e-04,5.740911270836429603e-01,-2.702427976233212652e-05,6.288638748240249434e-08,-1.278585864499274778e-07,1.626855879033335886e-08
8.993750000000000355e+00,5.741215880079360012e-01,-9.035527470070299212e-05,1.316706441808339649e-04,5.740909592705438769e-01,-2.667634488613122008e-05,6.209153189111970566e-08,-1.264977019019353725e-07,1.601626966609247461e-08
9.000000000000000000e+00,5.741210258546537437e-01,-8.953449579545273468e-05,1.309792556202957171e-04,5.740907936239302289e-01,-2.633100282847847500e-05,6.130513513681129792e-08,-1.251517318995390223e-07,1.576691908231849545e-08
9.006250000000001421e+00,5.741204688177614646e-01,-8.871802590000375354e-05,1.302917576783775750e-04,5.740906301276264001e-01,-2.598824415416563764e-05,6.052710450271068262e-08,-1.238205170087881280e-07,1.552047715749687197e-08
9.012500000000001066e+00,5.741199168704034239e-01,-8.790584076098159345e-05,1.296081302170767554e-04,5.740904687655157268e-01,-2.564805950922690794e-05,5.975734826305863053e-08,-1.225038995383564335e-07,1.527691435043799552e-08
9.018750000000000711e+00,5.741193699858756494e-01,-8.709791625051313373e-05,1.289283532136321941e-04,5.740903095215393881e-01,-2.531043962069467215e-05,5.899577567226907170e-08,-1.212017235208612090e-07,1.503620145675390849e-08
9.025000000000000355e+00,5.741188281376240488e-01,-8.629422836550919881e-05,1.282524067599410012e-04,5.740901523796964057e-01,-2.497537529635880310e-05,5.824229695421310965e-08,-1.199138346943902558e-07,1.479830960537532963e-08
9.031250000000000000e+00,5.741182912992445209e-01,-8.549475322694939140e-05,1.275802710619776815e-04,5.740899973240429777e-01,-2.464285742452808155e-05,5.749682329161685557e-08,-1.186400804842292753e-07,1.456321025510747744e-08
9.037499999999999645e+00,5.741177594444816235e-01,-8.469946707917103200e-05,1.269119264392166882e-04,5.740898443386922567e-01,-2.431287697379429073e-05,5.675926681557299644e-08,-1.173803099847889252e-07,1.433087519122475290e-08
9.043749999999999289e+00,5.741172325472282401e-01,-8.390834628916151372e-05,1.262473533240584731e-04,5.740896934078132396e-01,-2.398542499279891635e-05,5.602954059516475403e-08,-1.161343739417297246e-07,1.410127652210378514e-08
9.050000000000000711e+00,5.741167105815241367e-01,-8.312136734585412652e-05,1.255865322612587901e-04,5.740895445156306565e-01,-2.366049261000231660e-05,5.530755862720067929e-08,-1.149021247342818823e-07,1.387438667589437526e-08
9.056250000000000355e+00,5.741161935215562950e-01,-8.233850685942842155e-05,1.249294439073620638e-04,5.740893976464247483e-01,-2.333807103345593122e-05,5.459323582606045452e-08,-1.136834163577602470e-07,1.365017839722833657e-08
9.062500000000000000e+00,5.741156813416568028e-01,-8.155974156061205271e-05,1.242760690301365203e-04,5.740892527845300464e-01,-2.301815155057615087e-05,5.388648801364724955e-08,-1.124781044062670875e-07,1.342862474396485320e-08
9.068750000000001421e+00,5.741151740163032979e-01,-8.078504829998801211e-05,1.236263885080141967e-04,5.740891099143357046e-01,-2.270072552792155082e-05,5.318723190944947098e-08,-1.112860460555871355e-07,1.320969908397323554e-08
9.075000000000001066e+00,5.741146715201176365e-01,-8.001440404730533501e-05,1.229803833295341491e-04,5.740889690202841678e-01,-2.238578441097271996e-05,5.249538512070882719e-08,-1.101071000462698233e-07,1.299337509195204358e-08
9.081250000000000711e+00,5.741141738278651152e-01,-7.924778589079143102e-05,1.223380345927874765e-04,5.740888300868712824e-01,-2.207331972391378733e-05,5.181086613269173806e-08,-1.089411266668937254e-07,1.277962674628370110e-08
9.087500000000000355e+00,5.741136809144538056e-01,-7.848517103646994474e-05,1.216993235048673729e-04,5.740886930986458525e-01,-2.176332306941741805e-05,5.113359429906674955e-08,-1.077879877375173621e-07,1.256842832592538688e-08
9.093750000000000000e+00,5.741131927549341096e-01,-7.772653680748093394e-05,1.210642313813214835e-04,5.740885580402085298e-01,-2.145578612843192340e-05,5.046348983238385687e-08,-1.066475465933098633e-07,1.235975440733487581e-08
9.099999999999999645e+00,5.741127093244977608e-01,-7.697186064340484234e-05,1.204327396456077973e-04,5.740884248962120351e-01,-2.115070065997095615e-05,4.980047379465572312e-08,-1.055196680683609269e-07,1.215357986143139461e-08
9.106249999999999289e+00,5.741122305984769358e-01,-7.622112009958965733e-05,1.198048298285536847e-04,5.740882936513600487e-01,-2.084805850090578076e-05,4.914446808803956907e-08,-1.044042184796684017e-07,1.194987985059100074e-08
9.112500000000000711e+00,5.741117565523438104e-01,-7.547429284648136092e-05,1.191804835678179978e-04,5.740881642904073212e-01,-2.054785156575995942e-05,4.849539544561840409e-08,-1.033010656113009026e-07,1.174862982567612723e-08
9.118750000000000355e+00,5.741112871617098934e-01,-7.473135666895874460e-05,1.185596826073572770e-04,5.740880367981587851e-01,-2.025007184650700939e-05,4.785317942228158486e-08,-1.022100786987356150e-07,1.154980552309924532e-08
9.125000000000000000e+00,5.741108224023251383e-01,-7.399228946566945746e-05,1.179424087968933125e-04,5.740879111594691109e-01,-1.995471141236971043e-05,4.721774438570093666e-08,-1.011311284133646864e-07,1.135338296191945389e-08
9.131250000000001421e+00,5.741103622500770554e-01,-7.325706924837121787e-05,1.173286440913855585e-04,5.740877873592423741e-01,-1.966176240962271221e-05,4.658901550740479292e-08,-1.000640868471744112e-07,1.115933844097273186e-08
9.137500000000001066e+00,5.741099066809904894e-01,-7.252567414127641325e-05,1.167183705505065822e-04,5.740876653824313891e-01,-1.937121706139764902e-05,4.596691875394724667e-08,-9.900882749759236804e-08,1.096764853603499491e-08
9.143750000000000711e+00,5.741094556712266206e-01,-7.179808238039794670e-05,1.161115703381191940e-04,5.740875452140374868e-01,-1.908306766748997554e-05,4.535138087817001963e-08,-9.796522525249812574e-08,1.077829009701711934e-08
9.150000000000000355e+00,5.741090091970822984e-01,-7.107427231290057239e-05,1.155082257217583208e-04,5.740874268391098489e-01,-1.879730660416920439e-05,4.474232941055923217e-08,-9.693315637540162263e-08,1.059124024519265623e-08
9.156250000000000000e+00,5.741085672349891533e-01,-7.035422239645429095e-05,1.149083190721152646e-04,5.740873102427449526e-01,-1.851392632399115622e-05,4.413969265069345428e-08,-9.591249849078260128e-08,1.040647637045707601e-08
9.162499999999999645e+00,5.741081297615133749e-01,-6.963791119859129557e-05,1.143118328625250779e-04,5.740871954100864594e-01,-1.823291935561284567e-05,4.354339965878301107e-08,-9.490313056959145579e-08,1.022397612861854180e-08
9.168749999999999289e+00,5.741076967533546016e-01,-6.892531739606596751e-05,1.137187496684571246e-04,5.740870823263241052e-01,-1.795427830360982725e-05,4.295338024729947086e-08,-9.390493291490938749e-08,1.004371743871984443e-08
9.175000000000000711e+00,5.741072681873454764e-01,-6.821641977421794793e-05,1.131290521670084862e-04,5.740869709766939222e-01,-1.767799584829596025e-05,4.236956497269403198e-08,-9.291778714776584416e-08,9.865678480391110067e-09
9.181250000000000355e+00,5.741068440404509809e-01,-6.751119722633938398e-05,1.125427231364012446e-04,5.740868613464773507e-01,-1.740406474554604345e-05,4.179188512720492748e-08,-9.194157619311326901e-08,9.689837691233302262e-09
9.187500000000000000e+00,5.741064242897675474e-01,-6.680962875304319131e-05,1.119597454554812011e-04,5.740867534210009060e-01,-1.713247782662016418e-05,4.122027273075036028e-08,-9.097618426595334957e-08,9.516173764231404816e-09
9.193750000000001421e+00,5.741060089125225030e-01,-6.611169346163635807e-05,1.113801021032210001e-04,5.740866471856355124e-01,-1.686322799799120853e-05,4.065466052290913935e-08,-9.002149685761829997e-08,9.344665645197972124e-09
9.200000000000001066e+00,5.741055978860734044e-01,-6.541737056549627120e-05,1.108037761582263971e-04,5.740865426257966142e-01,-1.659630824117485170e-05,4.009498195498656840e-08,-8.907740072220320634e-08,9.175292530246266106e-09
9.206250000000000711e+00,5.741051911879077041e-01,-6.472663938344839791e-05,1.102307507982438410e-04,5.740864397269427322e-01,-1.633171161256133047e-05,3.954117118216321806e-08,-8.814378386314521327e-08,9.008033863292245213e-09
9.212500000000000355e+00,5.741047887956413076e-01,-6.403947933914888677e-05,1.096610092996729084e-04,5.740863384745759079e-01,-1.606943124325043438e-05,3.899316305572875218e-08,-8.722053551995328361e-08,8.842869333586039095e-09
9.218750000000000000e+00,5.741043906870186841e-01,-6.335586996046941850e-05,1.090945350370807167e-04,5.740862388542408157e-01,-1.580946033888860100e-05,3.845089311539739338e-08,-8.630754615508274800e-08,8.679778873271876638e-09
9.224999999999999645e+00,5.741039968399119786e-01,-6.267579087888507897e-05,1.085313114827194812e-04,5.740861408515243181e-01,-1.555179217950852514e-05,3.791429758170514726e-08,-8.540470744095478959e-08,8.518742654976482252e-09
9.231249999999999289e+00,5.741036072323201234e-01,-6.199922182886537638e-05,1.079713222060470402e-04,5.740860444520550221e-01,-1.529642011937124482e-05,3.738331334848771972e-08,-8.451191224711906424e-08,8.359741089425574782e-09
9.237500000000000711e+00,5.741032218423686162e-01,-6.132614264726799608e-05,1.074145508732501583e-04,5.740859496415029462e-01,-1.504333758681058872e-05,3.685787797543805529e-08,-8.362905462755768241e-08,8.202754823088184514e-09
9.243750000000000355e+00,5.741028406483082991e-01,-6.065653327273645853e-05,1.068609812467714214e-04,5.740858564055788538e-01,-1.479253808408046296e-05,3.633792968074352978e-08,-8.275602980813046040e-08,8.047764735848725390e-09
9.250000000000000000e+00,5.741024636285154692e-01,-5.999037374509889523e-05,1.063105971848376087e-04,5.740857647300339206e-01,-1.454401518720384370e-05,3.582340733379970663e-08,-8.189273417415631883e-08,7.894751938705910897e-09
9.256250000000001421e+00,5.741020907614907687e-01,-5.932764420477142591e-05,1.057633826409922119e-04,5.740856746006592903e-01,-1.429776254582487172e-05,3.531425044800261594e-08,-8.103906525813408424e-08,7.743697771499081061e-09
9.262500000000001066e+00,5.741017220258582965e-01,-5.866832489216440192e-05,1.052193216636309085e-04,5.740855860032855196e-01,-1.405377388306338966e-05,3.481039917361732605e-08,-8.019492172759889533e-08,7.594583800661234142e-09
9.268750000000000711e+00,5.741013574003659414e-01,-5.801239614708995755e-05,1.046783983955384858e-04,5.740854989237821338e-01,-1.381204299537128362e-05,3.431179429072070980e-08,-7.936020337311065378e-08,7.447391816998159185e-09
9.275000000000000355e+00,5.741009968638836058e-01,-5.735983840817422333e-05,1.041405970734300880e-04,5.740854133480571830e-01,-1.357256375239196205e-05,3.381837720222027844e-08,-7.853481109637774877e-08,7.302103833494175665e-09
9.281250000000000000e+00,5.741006403954034276e-01,-5.671063221227153165e-05,1.036059020274945766e-04,5.740853292620569093e-01,-1.333533009682193192e-05,3.333008992694616471e-08,-7.771864689851097323e-08,7.158702083143608373e-09
9.287499999999999645e+00,5.741002879740388920e-01,-5.606475819388160383e-05,1.030742976809408606e-04,5.740852466517650798e-01,-1.310033604427486690e-05,3.284687509281620221e-08,-7.691161386840764482e-08,7.017169016807973557e-09
9.293749999999999289e+00,5.740999395790240545e-01,-5.542219708456959008e-05,1.025457685495470301e-04,5.740851655032028766e-01,-1.286757568314811159e-05,3.236867593007322762e-08,-7.611361617126437012e-08,6.877487301098585153e-09
9.300000000000000711e+00,5.740995951897134297e-01,-5.478292971238874539e-05,1.020202992412120663e-04,5.740850858024276748e-01,-1.263704317449155906e-05,3.189543626459366597e-08,-7.532455903721696959e-08,6.739639816284291586e-09
9.306250000000000355e+00,5.740992547855805483e-01,-5.414693700130676461e-05,1.014978744555111153e-04,5.740850075355338200e-01,-1.240873275187926106e-05,3.142710051126731966e-08,-7.454434875010727225e-08,6.603609654224322467e-09
9.312500000000000000e+00,5.740989183462181789e-01,-5.351419997063314074e-05,1.009784789832520900e-04,5.740849306886508518e-01,-1.218263872128283892e-05,3.096361366744572744e-08,-7.377289263637237272e-08,6.469380116325412220e-09
9.318750000000001421e+00,5.740985858513375506e-01,-5.288469973445084646e-05,1.004620977060362969e-04,5.740848552479440592e-01,-1.195875546094788108e-05,3.050492130646072784e-08,-7.301009905405920946e-08,6.336934711523706855e-09
9.325000000000001066e+00,5.740982572807673545e-01,-5.225841750105079400e-05,9.994871559582172002e-05,5.740847811996133698e-01,-1.173707742127277846e-05,3.005096957121130141e-08,-7.225587738196100990e-08,6.206257154290836837e-09
9.331250000000000711e+00,5.740979326144536321e-01,-5.163533457236741298e-05,9.943831771448794366e-05,5.740847085298934616e-01,-1.151759912468938599e-05,2.960170516781674954e-08,-7.151013800887253190e-08,6.077331362663607601e-09
9.337500000000000355e+00,5.740976118324587762e-01,-5.101543234341864648e-05,9.893088921340495185e-05,5.740846372250527629e-01,-1.130031516554675881e-05,2.915707535933798667e-08,-7.077279232296688095e-08,5.950141456297767653e-09
9.343750000000000000e+00,5.740972949149614202e-01,-5.039869230174785796e-05,9.842641533300416370e-05,5.740845672713934533e-01,-1.108522020999697907e-05,2.871702795956417637e-08,-7.004375270128940317e-08,5.824671754545065934e-09
9.349999999999999645e+00,5.740969818422554383e-01,-4.978509602686850968e-05,9.792488140235212511e-05,5.740844986552506857e-01,-1.087230899588345937e-05,2.828151132686480413e-08,-6.932293249936870710e-08,5.700906774553593494e-09
9.356249999999999289e+00,5.740966725947497240e-01,-4.917462518971150418e-05,9.742627283872697878e-05,5.740844313629923645e-01,-1.066157633263166702e-05,2.785047435810632971e-08,-6.861024604094335841e-08,5.578831229391139810e-09
9.362500000000000711e+00,5.740963671529673018e-01,-4.856726155207503979e-05,9.693057514719736003e-05,5.740843653810185909e-01,-1.045301710114219630e-05,2.742386648263255562e-08,-6.790560860780284470e-08,5.458430026191307324e-09
9.368750000000000355e+00,5.740960654975448829e-01,-4.796298696607786781e-05,9.643777392020478928e-05,5.740843006957611072e-01,-1.024662625368655802e-05,2.700163765630873149e-08,-6.720893642974286321e-08,5.339688264322369319e-09
9.375000000000000000e+00,5.740957676092323103e-01,-4.736178337361352544e-05,9.594785483714710799e-05,5.740842372936832971e-01,-1.004239881380477491e-05,2.658373835562691943e-08,-6.652014667463055080e-08,5.222591233578135749e-09
9.381250000000001421e+00,5.740954734688922256e-01,-4.676363280580866162e-05,9.546080366396602105e-05,5.740841751612790755e-01,-9.840329876205934883e-06,2.617011957187412920e-08,-6.583915743858254135e-08,5.107124412391260491e-09
9.387500000000001066e+00,5.740951830574990700e-01,-4.616851738248389038e-05,9.497660625273703799e-05,5.740841142850731105e-01,-9.640414606671132895e-06,2.576073280536155218e-08,-6.516588773625267424e-08,4.993273466068458954e-09
9.393750000000000711e+00,5.740948963561387508e-01,-4.557641931161576906e-05,9.449524854126097268e-05,5.740840546516196019e-01,-9.442648241958313593e-06,2.535553005971304471e-08,-6.450025749122654809e-08,4.881024245047148006e-09
9.400000000000000355e+00,5.740946133460084200e-01,-4.498732088880291009e-05,9.401671655265923778e-05,5.740839962475029479e-01,-9.247026089710093792e-06,2.495446383621451507e-08,-6.384218752652546084e-08,4.770362783173901144e-09
9.406250000000000000e+00,5.740943340084151414e-01,-4.440120449673386129e-05,9.354099639497117204e-05,5.740839390593360791e-01,-9.053543528363700851e-06,2.455748712822174241e-08,-6.319159955521564662e-08,4.661275296004036466e-09
9.412499999999999645e+00,5.740940583247761131e-01,-4.381805260465757479e-05,9.306807426075396972e-05,5.740838830737607923e-01,-8.862196007063379301e-06,2.416455341562665432e-08,-6.254841617112308740e-08,4.553748179122329188e-09
9.418749999999999289e+00,5.740937862766178901e-01,-4.323784776785645766e-05,9.259793642668522561e-05,5.740838282774473056e-01,-8.672979045575204742e-06,2.377561665938132500e-08,-6.191256083965216548e-08,4.447768006484598060e-09
9.425000000000000711e+00,5.740935178455754961e-01,-4.266057262712166548e-05,9.213056925316794662e-05,5.740837746570932598e-01,-8.485888234204237246e-06,2.339063129607892971e-08,-6.128395788870744231e-08,4.343321528779961373e-09
9.431250000000000355e+00,5.740932530133925349e-01,-4.208620990823169598e-05,9.166595918393857204e-05,5.740837221994239403e-01,-8.300919233714361544e-06,2.300955223259165904e-08,-6.066253249971802092e-08,4.240395671813721192e-09
9.437500000000000000e+00,5.740929917619199685e-01,-4.151474242143181613e-05,9.120409274567644394e-05,5.740836708911912778e-01,-8.118067775249987304e-06,2.263233484076331959e-08,-6.004821069876117007e-08,4.138977534910248826e-09
9.443750000000001421e+00,5.740927340731161177e-01,-4.094615306091735850e-05,9.074495654761678763e-05,5.740836207191739593e-01,-7.937329660260646254e-06,2.225893495215809034e-08,-5.944091934778739373e-08,4.039054389336244571e-09
9.450000000000001066e+00,5.740924799290459957e-01,-4.038042480431942318e-05,9.028853728116628067e-05,5.740835716701764291e-01,-7.758700760427967780e-06,2.188930885286378698e-08,-5.884058613594411379e-08,3.940613676743901081e-09
9.456250000000000711e+00,5.740922293118807529e-01,-3.981754071219156902e-05,8.983482171951990940e-05,5.740835237310287775e-01,-7.582177017594618792e-06,2.152341327834812192e-08,-5.824713957099573591e-08,3.843643007633536918e-09
9.462500000000000355e+00,5.740919822038969000e-01,-3.925748392750042160e-05,8.938379671728163367e-05,5.740834768885861861e-01,-7.407754443696138745e-06,2.116120540836932012e-08,-5.766050897084210339e-08,3.748130159836058438e-09
9.468750000000000000e+00,5.740917385874764189e-01,-3.870023767511793455e-05,8.893544921008684058e-05,5.740834311297289272e-01,-7.235429120694943916e-06,2.080264286193892331e-08,-5.708062445513185859e-08,3.654063077014634615e-09
9.474999999999999645e+00,5.740914984451055414e-01,-3.814578526131608361e-05,8.848976621422741378e-05,5.740833864413610321e-01,-7.065197200516775367e-06,2.044768369233681579e-08,-5.650741693697071827e-08,3.561429867185581053e-09
9.481249999999999289e+00,5.740912617593747491e-01,-3.759411007326394583e-05,8.804673482627922872e-05,5.740833428104105129e-01,-6.897054904989551638e-06,2.009628638217780018e-08,-5.594081811472351814e-08,3.470218801258238147e-09
9.487500000000000711e+00,5.740910285129781077e-01,-3.704519557852690667e-05,8.760634222273199249e-05,5.740833002238290295e-01,-6.730998525784583813e-06,1.974840983852899510e-08,-5.538076046390892815e-08,3.380418311593653525e-09
9.493750000000000355e+00,5.740907986887128223e-01,-3.649902532456899759e-05,8.716857565962209228e-05,5.740832586685908900e-01,-6.567024424360432482e-06,1.940401338807809784e-08,-5.482717722918672590e-08,3.292016990582034061e-09
9.500000000000000000e+00,5.740905722694785718e-01,-3.595558293825591815e-05,8.673342247216663653e-05,5.740832181316930516e-01,-6.405129031908696788e-06,1.906305677235049370e-08,-5.428000241643448506e-08,3.205003589238426042e-09
9.506250000000001421e+00,5.740903492382769535e-01,-3.541485212536177817e-05,8.630087007440104675e-05,5.740831786001546755e-01,-6.245308849302636790e-06,1.872550014297643295e-08,-5.373917078491555139e-08,3.119367015816932458e-09
9.512500000000001066e+00,5.740901295782115943e-01,-3.487681667007804231e-05,8.587090595881902112e-05,5.740831400610162394e-01,-6.087560447048199720e-06,1.839130405700692870e-08,-5.320461783953604985e-08,3.035096334443063743e-09
9.518750000000000711e+00,5.740899132724869292e-01,-3.434146043452339608e-05,8.544351769601374487e-05,5.740831025013398703e-01,-5.931880465237040988e-06,1.806042947227685700e-08,-5.267627982318867292e-08,2.952180763763849743e-09
9.525000000000000355e+00,5.740897003044079794e-01,-3.380876735825733215e-05,8.501869293432275988e-05,5.740830659082081233e-01,-5.778265613502414099e-06,1.773283774281664554e-08,-5.215409370918512944e-08,2.870609675616004065e-09
9.531250000000000000e+00,5.740894906573800194e-01,-3.327872145779518667e-05,8.459641939947455539e-05,5.740830302687239817e-01,-5.626712670977242519e-06,1.740849061431045653e-08,-5.163799719377420990e-08,2.790372593711620941e-09
9.537499999999999645e+00,5.740892843149079106e-01,-3.275130682612559479e-05,8.417668489423769311e-05,5.740829955700106346e-01,-5.477218486254650483e-06,1.708735021960101924e-08,-5.112792868874533598e-08,2.711459192341386808e-09
9.543749999999999289e+00,5.740890812605958793e-01,-3.222650763223000613e-05,8.375947729807212778e-05,5.740829617992102563e-01,-5.329779977350902761e-06,1.676937907424036113e-08,-5.062382731411677361e-08,2.633859295095130841e-09
9.550000000000000711e+00,5.740888814781465177e-01,-3.170430812060437545e-05,8.334478456678298078e-05,5.740829289434845606e-01,-5.184394131670720353e-06,1.645454007208594460e-08,-5.012563289090728537e-08,2.557562873599529966e-09
9.556250000000000355e+00,5.740886849513610057e-01,-3.118469261078361121e-05,8.293259473217699709e-05,5.740828969900134693e-01,-5.041058005975219446e-06,1.614279648094213655e-08,-4.963328593399136132e-08,2.482560046272954294e-09
9.562500000000000000e+00,5.740884916641381119e-01,-3.066764549686678317e-05,8.252289590172028977e-05,5.740828659259952227e-01,-4.899768726351850212e-06,1.583411193824518430e-08,-4.914672764503502373e-08,2.408841077096970328e-09
9.568750000000001421e+00,5.740883016004738604e-01,-3.015315124704574175e-05,8.211567625819943196e-05,5.740828357386459357e-01,-4.760523488187133362e-06,1.552845044679290228e-08,-4.866589990551403229e-08,2.336396374404771584e-09
9.575000000000001066e+00,5.740881147444611976e-01,-2.964119440313587529e-05,8.171092405938475784e-05,5.740828064151989318e-01,-4.623319556141799728e-06,1.522577637051773615e-08,-4.819074526981240526e-08,2.265216489686179710e-09
9.581250000000000711e+00,5.740879310802895485e-01,-2.913175958010759926e-05,8.130862763769503248e-05,5.740827779429042987e-01,-4.488154264128010158e-06,1.492605443030191374e-08,-4.772120695839920510e-08,2.195292116408903844e-09
9.587500000000000355e+00,5.740877505922441504e-01,-2.862483146562145710e-05,8.090877539986544202e-05,5.740827503090288886e-01,-4.355025015289379936e-06,1.462924969983589401e-08,-4.725722885108538197e-08,2.126614088856293124e-09
9.593750000000000000e+00,5.740875732647057195e-01,-2.812039481956452215e-05,8.051135582661734570e-05,5.740827235008550966e-01,-4.223929281983244459e-06,1.433532760151824289e-08,-4.679875548035785605e-08,2.059173380981144770e-09
9.600000000000001421e+00,5.740873990821500072e-01,-2.761843447358885279e-05,8.011635747233033177e-05,5.740826975056814163e-01,-4.094864605765345722e-06,1.404425390239697231e-08,-4.634573202479070635e-08,1.992961105275518945e-09
9.606250000000001066e+00,5.740872280291473562e-01,-2.711893533065273939e-05,7.972376896471691625e-05,5.740826723108212182e-01,-3.967828597377136147e-06,1.375599471015220689e-08,-4.589810430253331369e-08,1.927968511656529775e-09
9.612500000000000711e+00,5.740870600903621446e-01,-2.662188236456251712e-05,7.933357900449861035e-05,5.740826479036024166e-01,-3.842818936735147466e-06,1.347051646911850228e-08,-4.545581876487279128e-08,1.864186986367682822e-09
9.618750000000000355e+00,5.740868952505526757e-01,-2.612726061951783793e-05,7.894577636508509156e-05,5.740826242713675809e-01,-3.719833372923157367e-06,1.318778595634798168e-08,-4.501882248987254220e-08,1.801608050896011081e-09
9.625000000000000000e+00,5.740867334945704004e-01,-2.563505520965821664e-05,7.856034989225523131e-05,5.740826014014729362e-01,-3.598869724186615165e-06,1.290777027771259124e-08,-4.458706317608413172e-08,1.740223360904586406e-09
9.631250000000001421e+00,5.740865748073594732e-01,-2.514525131861159278e-05,7.817728850384023695e-05,5.740825792812881412e-01,-3.479925877929502701e-06,1.263043686404542826e-08,-4.416048913633257344e-08,1.680024705180380511e-09
9.637500000000001066e+00,5.740864191739564193e-01,-2.465783419904552857e-05,7.779658118940961252e-05,5.740825578981958444e-01,-3.362999790713807910e-06,1.235575346732107758e-08,-4.373904929157469854e-08,1.621004004597424887e-09
9.643750000000000711e+00,5.740862665794901343e-01,-2.417278917221899289e-05,7.741821700995810899e-05,5.740825372395912396e-01,-3.248089488261104536e-06,1.208368815687332650e-08,-4.332269316482822579e-08,1.563153311094888710e-09
9.650000000000000355e+00,5.740861170091804411e-01,-2.369010162753748270e-05,7.704218509759613029e-05,5.740825172928816222e-01,-3.135193065456917741e-06,1.181420931565137520e-08,-4.291137087517310732e-08,1.506464806670293745e-09
9.656250000000000000e+00,5.740859704483386450e-01,-2.320975702210936747e-05,7.666847465524163018e-05,5.740824980454861670e-01,-3.024308686357366117e-06,1.154728563651294254e-08,-4.250503313182276122e-08,1.450930802387483461e-09
9.662500000000001421e+00,5.740858268823666455e-01,-2.273174088030416830e-05,7.629707495631424523e-05,5.740824794848350399e-01,-2.915434584198263473e-06,1.128288611855419312e-08,-4.210363122826495931e-08,1.396543737399314511e-09
9.668750000000001066e+00,5.740856862967567142e-01,-2.225603879331341535e-05,7.592797534443212484e-05,5.740824615983692869e-01,-2.808569061406826104e-06,1.102098006347645895e-08,-4.170711703647232393e-08,1.343296177985025299e-09
9.675000000000000711e+00,5.740855486770907179e-01,-2.178263641871203051e-05,7.556116523310981825e-05,5.740824443735406124e-01,-2.703710489615530672e-06,1.076153707198817081e-08,-4.131544300118004458e-08,1.291180816601933373e-09
9.681250000000000355e+00,5.740854140090401181e-01,-2.131151948002296258e-05,7.519663410545940070e-05,5.740824277978102685e-01,-2.600857309678744855e-06,1.050452704024309635e-08,-4.092856213423239630e-08,1.240190470951653159e-09
9.687500000000000000e+00,5.740852822783655274e-01,-2.084267376628298806e-05,7.483437151389326649e-05,5.740824118586493885e-01,-2.500008031691662337e-06,1.024992015631332797e-08,-4.054642800899565072e-08,1.190318083060488039e-09
9.693750000000001421e+00,5.740851534709158210e-01,-2.037608513161038548e-05,7.447436707982886008e-05,5.740823965435380982e-01,-2.401161235011714964e-06,9.997686896696984146e-09,-4.016899475483736021e-08,1.141556718373964132e-09
9.700000000000001066e+00,5.740850275726284702e-01,-1.991173949477508659e-05,7.411661049339632096e-05,5.740823818399649614e-01,-2.304315568282592049e-06,9.747798022860571353e-09,-3.979621705167186272e-08,1.093899564865459634e-09
9.706250000000000711e+00,5.740849045695284314e-01,-1.944962283876934916e-05,7.376109151314695525e-05,5.740823677354270904e-01,-2.209469749460453503e-06,9.500224577814509236e-09,-3.942805012456971778e-08,1.047339932158614582e-09
9.712500000000000355e+00,5.740847844477282580e-01,-1.898972121038155375e-05,7.340779996576504121e-05,5.740823542174292582e-01,-2.116622565842904294e-06,9.254937882722869671e-09,-3.906444973843267508e-08,1.001871250663689151e-09
9.718750000000000000e+00,5.740846671934275447e-01,-1.853202071977112531e-05,7.305672574578105777e-05,5.740823412734835651e-01,-2.025772874100310522e-06,9.011909533545837423e-09,-3.870537219273180651e-08,9.574870707275574052e-10
9.725000000000001421e+00,5.740845527929123726e-01,-1.807650754004528100e-05,7.270785881528716275e-05,5.740823288911091060e-01,-1.936919600309601541e-06,8.771111397714859327e-09,-3.835077431630888779e-08,9.141810617973007312e-10
9.731250000000001066e+00,5.740844412325550872e-01,-1.762316790683814624e-05,7.236118920365511059e-05,5.740823170578315260e-01,-1.850061739990689834e-06,8.532515610840429054e-09,-3.800061346224071198e-08,8.719470115973590625e-10
9.737500000000000711e+00,5.740843324988139651e-01,-1.717198811789036892e-05,7.201670700725532200e-05,5.740823057611822433e-01,-1.765198358145129596e-06,8.296094573451107871e-09,-3.765484750276445552e-08,8.307788253199534993e-10
9.743750000000000355e+00,5.740842265782324372e-01,-1.672295453263176592e-05,7.167440238917905716e-05,5.740822949886986715e-01,-1.682328589297530084e-06,8.061820947764731001e-09,-3.731343482426525490e-08,7.906705248289266232e-10
9.750000000000000000e+00,5.740841234574393104e-01,-1.627605357176505047e-05,7.133426557896202546e-05,5.740822847279232199e-01,-1.601451637539338534e-06,7.829667654490431419e-09,-3.697633432232413439e-08,7.516162478767167854e-10
9.756250000000001421e+00,5.740840231231479907e-01,-1.583127171685129082e-05,7.099628687231017725e-05,5.740822749664029612e-01,-1.522566776575136866e-06,7.599607869661408304e-09,-3.664350539682601362e-08,7.136102473344331788e-10
9.762500000000001066e+00,5.740839255621560389e-01,-1.538859550989769319e-05,7.066045663082794854e-05,5.740822656916896305e-01,-1.445673349771556567e-06,7.371615021498426069e-09,-3.631490794712782795e-08,6.766468904349877485e-10
9.768750000000000711e+00,5.740838307613452818e-01,-1.494801155294582859e-05,7.032676528174761706e-05,5.740822568913385160e-01,-1.370770770208486915e-06,7.145662787302670867e-09,-3.599050236728466400e-08,6.407206580290295841e-10
9.775000000000000355e+00,5.740837387076805909e-01,-1.450950650766280894e-05,6.999520331766161270e-05,5.740822485529085695e-01,-1.297858520733024835e-06,6.921725090378910023e-09,-3.567024954133534637e-08,6.058261438538034915e-10
9.781250000000000000e+00,5.740836493882104374e-01,-1.407306709493348309e-05,6.966576129625641370e-05,5.740822406639614073e-01,-1.226936154015837529e-06,6.699776096987610244e-09,-3.535411083864537766e-08,5.719580538146817993e-10
9.787500000000001421e+00,5.740835627900660043e-01,-1.363868009445430651e-05,6.933842984004843493e-05,5.740822332120617544e-01,-1.158003292610056472e-06,6.479790213325990591e-09,-3.504204810930727826e-08,5.391112052793339339e-10
9.793750000000001066e+00,5.740834789004608529e-01,-1.320633234432946585e-05,6.901319963612236930e-05,5.740822261847761121e-01,-1.091059629012800158e-06,6.261742082537949859e-09,-3.473402367959816043e-08,5.072805263844906465e-10
9.800000000000000711e+00,5.740833977066905902e-01,-1.277601074066739817e-05,6.869006143587069464e-05,5.740822195696727581e-01,-1.026104925729041875e-06,6.045606581751592002e-09,-3.443000034749264405e-08,4.764610553550787261e-10
9.806250000000000355e+00,5.740833191961326465e-01,-1.234770223718017484e-05,6.836900605473593168e-05,5.740822133543213024e-01,-9.631390153382159223e-07,5.831358819145236356e-09,-3.412994137823244413e-08,4.466479398358252020e-10
9.812500000000000000e+00,5.740832433562457204e-01,-1.192139384478385956e-05,6.805002437195463688e-05,5.740822075262920210e-01,-9.021618005632726131e-07,5.618974131040644577e-09,-3.383381049995070456e-08,4.178364362351088339e-10
9.818750000000001421e+00,5.740831701745696680e-01,-1.149707263120047569e-05,6.773310733030317053e-05,5.740822020731557451e-01,-8.431732543422909876e-07,5.408428079023415508e-09,-3.354157189935103813e-08,3.900219090810242517e-10
9.825000000000001066e+00,5.740830996387247254e-01,-1.107472572056214882e-05,6.741824593584608055e-05,5.740821969824831950e-01,-7.861734199027324767e-07,5.199696447090520667e-09,-3.325319021744118705e-08,3.631998303896159906e-10
9.831250000000000711e+00,5.740830317364117308e-01,-1.065434029301561521e-05,6.710543125768539429e-05,5.740821922418445356e-01,-7.311624108380919829e-07,4.992755238823741234e-09,-3.296863054531950386e-08,3.373657790450849302e-10
9.837500000000000355e+00,5.740829664554112366e-01,-1.023590358432949835e-05,6.679465442771285121e-05,5.740821878388092658e-01,-6.781404111872857260e-07,4.787580674589865998e-09,-3.268785842001549688e-08,3.125154401920470671e-10
9.843750000000000000e+00,5.740829037835836202e-01,-9.819402885502527434e-06,6.648590664036365349e-05,5.740821837609451084e-01,-6.271076755165301064e-07,4.584149188766422704e-09,-3.241083982038262703e-08,2.886446046396488864e-10
9.850000000000001421e+00,5.740828437088681957e-01,-9.404825542373275400e-06,6.617917915237207327e-05,5.740821799958183425e-01,-5.780645290038042306e-07,4.382437426992922964e-09,-3.213754116304338240e-08,2.657491682775063496e-10
9.856250000000001066e+00,5.740827862192835473e-01,-8.992158955232028094e-06,6.587446328252956720e-05,5.740821765309926938e-01,-5.310113675259674617e-07,4.182422243447567785e-09,-3.186792929838639249e-08,2.438251315034225215e-10
9.862500000000000711e+00,5.740827313029266410e-01,-8.581390578432970242e-06,6.557175041144383955e-05,5.740821733540294458e-01,-4.859486577483309301e-07,3.984080698148244089e-09,-3.160197150661414597e-08,2.228685986627165115e-10
9.868750000000000355e+00,5.740826789479727132e-01,-8.172507920009053123e-06,6.527103198130077856e-05,5.740821704524866620e-01,-4.428769372169664428e-07,3.787390054278633598e-09,-3.133963549384217900e-08,2.028757774992209351e-10
9.875000000000000000e+00,5.740826291426750494e-01,-7.765498541287748231e-06,6.497229949562781577e-05,5.740821678139186313e-01,-4.017968144535492922e-07,3.592327775538258269e-09,-3.108088938824833106e-08,1.838429786177807536e-10
9.881250000000001421e+00,5.740825818753640952e-01,-7.360350056508286644e-06,6.467554451905925040e-05,5.740821654258758677e-01,-3.627089690528150079e-07,3.398871523516441583e-09,-3.082570173627181701e-08,1.657666149582196282e-10
9.887500000000001066e+00,5.740825371344481232e-01,-6.957050132440925336e-06,6.438075867710391846e-05,5.740821632759043336e-01,-3.256141517826869099e-07,3.206999155090139783e-09,-3.057404149886214160e-08,1.486432012807297675e-10
9.893750000000000711e+00,5.740824949084119000e-01,-6.555586488006516727e-06,6.408793365591381038e-05,5.740821613515451061e-01,-2.905131846869164377e-07,3.016688719844521413e-09,-3.032587804777632150e-08,1.324693536625436666e-10
9.900000000000000355e+00,5.740824551858169089e-01,-6.155946893898665074e-06,6.379706120205558902e-05,5.740821596403338223e-01,-2.574069611904640014e-07,2.827918457517081379e-09,-3.008118116192534759e-08,1.172417890059256820e-10
9.906250000000000000e+00,5.740824179553010165e-01,-5.758119172206726505e-06,6.350813312228347635e-05,5.740821581298003462e-01,-2.262964462074598425e-07,2.640666795464167472e-09,-2.983992102376848481e-08,1.029573245573426310e-10
9.912500000000001421e+00,5.740823832055778064e-01,-5.362091196040234612e-06,6.322114128331399695e-05,5.740821568074683245e-01,-1.971826762518102845e-07,2.454912346149894124e-09,-2.960206821575526070e-08,8.961287743777909780e-11
9.918750000000001066e+00,5.740823509254366908e-01,-4.967850889155278451e-06,6.293607761160312025e-05,5.740821556608547427e-01,-1.700667595504940539e-07,2.270633904657408229e-09,-2.936759371681511594e-08,7.720546418415405934e-11
9.925000000000000711e+00,5.740823211037424656e-01,-4.575386225581154137e-06,6.265293409312435141e-05,5.740821546774692585e-01,-1.449498761594323375e-07,2.087810446221423854e-09,-2.913646889889325142e-08,6.573220030172298725e-11
9.931250000000000355e+00,5.740822937294346451e-01,-4.184685229249513490e-06,6.237170277314954634e-05,5.740821538448139805e-01,-1.218332780821052386e-07,1.906421123782785185e-09,-2.890866552353365758e-08,5.519029982748361616e-11
9.937500000000000000e+00,5.740822687915275724e-01,-3.795735973624321175e-06,6.209237575603123100e-05,5.740821531503832453e-01,-1.007182893907960327e-07,1.726445265563982360e-09,-2.868415573850787368e-08,4.557707490447056284e-11
9.943750000000001421e+00,5.740822462791101977e-01,-3.408526581333161591e-06,6.181494520498665541e-05,5.740821525816625082e-01,-8.160630635051599248e-08,1.547862372665593949e-09,-2.846291207448944379e-08,3.688993536690482317e-11
9.950000000000001066e+00,5.740822261813453009e-01,-3.023045223800448614e-06,6.153940334188420585e-05,5.740821521261284532e-01,-6.449879754563998215e-08,1.370652116683624631e-09,-2.824490744177400669e-08,2.912638833615373781e-11
9.956250000000000711e+00,5.740822084874693809e-01,-2.639280120880855150e-06,6.126574244703083345e-05,5.740821517712483280e-01,-4.939730400918008337e-08,1.194794337346698725e-09,-2.803011512704362671e-08,2.228403782741239470e-11
9.962500000000000355e+00,5.740821931867926553e-01,-2.257219540495174942e-06,6.099395485896208491e-05,5.740821515044796097e-01,-3.630343935481335520e-08,1.020269040173839965e-09,-2.781850879017635482e-08,1.636058436710396757e-11
9.968750000000000000e+00,5.740821802686983943e-01,-1.876851798266932096e-06,6.072403297423359684e-05,5.740821513132692289e-01,-2.521888991158830607e-08,8.470563941518032485e-10,-2.761006246109958058e-08,1.135382462091074381e-11
9.975000000000001421e+00,5.740821697226426990e-01,-1.498165257160296937e-06,6.045596924721441298e-05,5.740821511850536796e-01,-1.614541486134932237e-08,6.751367294319355952e-10,-2.740475053668721488e-08,7.261651032400959472e-12
9.981250000000001066e+00,5.740821615381543896e-01,-1.121148327119821727e-06,6.018975618988252395e-05,5.740821511072580208e-01,-9.084846378895254919e-09,5.044905350465386154e-10,-2.720254777770059728e-08,4.082051472207158354e-12
9.987500000000000711e+00,5.740821557048343404e-01,-7.457894647103762756e-07,5.992538637162143033e-05,5.740821510672956540e-01,-4.039089774842914150e-09,3.350984566437274094e-10,-2.700342930577188420e-08,1.813108897692478007e-12
9.993750000000000355e+00,5.740821522123557008e-01,-3.720771727594220455e-07,5.966285241901926704e-05,5.740821510525677684e-01,-1.010123641254928223e-09,1.669412942414978918e-10,-2.680737060043074482e-08,4.530010230824775783e-13
1.000000000000000000e+01,5.740821510504631187e-01,-1.905294104028182658e-29,5.940214701566944570e-05,5.740821510504631187e-01,0.000000000000000000e+00,-3.036839027884245814e-32,-2.661434749617316723e-08,0.000000000000000000e+00
