eta,fp,Fp,t,tp
0.000000000000000000e+00,-3.829300430612674888e-01,-2.743273730934366883e-01,1.000000000000000000e+00,3.929003757033643907e-01
8.750000000000000833e-03,-3.808775609986979616e-01,-2.729463318681130124e-01,9.825482881948683911e-01,3.873973679277737392e-01
1.750000000000000167e-02,-3.788386437492650138e-01,-2.715729037549514668e-01,9.654665889969253900e-01,3.819850655937141459e-01
2.625000000000000250e-02,-3.768131545955304973e-01,-2.702070367808684925e-01,9.487456062005992230e-01,3.766616875391783359e-01
3.500000000000000333e-02,-3.748009590750021047e-01,-2.688486794953841574e-01,9.323763110572690360e-01,3.714254937852004002e-01
5.250000000000000500e-02,-3.708159220500061859e-01,-2.661542907529844681e-01,9.006579552293696445e-01,3.612078987031940858e-01
7.000000000000000666e-02,-3.668825001325293211e-01,-2.634893360696380360e-01,8.702443221224540615e-01,3.513191433431541166e-01
8.750000000000000833e-02,-3.629996936833055354e-01,-2.608534218448321229e-01,8.410719738580710869e-01,3.417466829677481832e-01
1.050000000000000100e-01,-3.591665344969214302e-01,-2.582461620979657480e-01,8.130809997525247912e-01,3.324785344442636181e-01
1.225000000000000117e-01,-3.553820844143401603e-01,-2.556671782410233629e-01,7.862147982257015055e-01,3.235032474155506432e-01
1.400000000000000133e-01,-3.516454340095916398e-01,-2.531160988605963835e-01,7.604198734186582431e-01,3.148098771277807462e-01
1.575000000000000289e-01,-3.479557013461465620e-01,-2.505925595087856173e-01,7.356456454518688348e-01,3.063879588104257978e-01
1.750000000000000167e-01,-3.443120307987893036e-01,-2.480962025025431339e-01,7.118442733387800869e-01,2.982274835110159117e-01
1.925000000000000044e-01,-3.407135919370805066e-01,-2.456266767310365806e-01,6.889704896452882865e-01,2.903188752938616890e-01
2.100000000000000200e-01,-3.371595784667573703e-01,-2.431836374706443649e-01,6.669814460554969182e-01,2.826529697180747425e-01
2.275000000000000355e-01,-3.336492072256563857e-01,-2.407667462072103082e-01,6.458365690682013049e-01,2.752209935159168896e-01
2.450000000000000233e-01,-3.301817172309667869e-01,-2.383756704652074676e-01,6.254974251074415514e-01,2.680145453977963999e-01
2.625000000000000111e-01,-3.267563687748266110e-01,-2.360100836434803617e-01,6.059275943846168522e-01,2.610255779151381406e-01
2.800000000000000266e-01,-3.233724425654663781e-01,-2.336696648572531287e-01,5.870925528994741516e-01,2.542463803169098813e-01
2.975000000000000422e-01,-3.200292389112829317e-01,-2.313540987861079090e-01,5.689595620131155940e-01,2.476695623398195989e-01
3.150000000000000577e-01,-3.167260769453919544e-01,-2.290630755276534258e-01,5.514975650683803243e-01,2.412880388761309280e-01
3.325000000000000178e-01,-3.134622938883622201e-01,-2.267962904566198090e-01,5.346770905718155609e-01,2.350950154667004466e-01
3.500000000000000333e-01,-3.102372443469779695e-01,-2.245534440891290007e-01,5.184701614872674336e-01,2.290839745702381025e-01
3.675000000000000488e-01,-3.070502996470120260e-01,-2.223342419519035995e-01,5.028502102241293459e-01,2.232486625629570010e-01
3.850000000000000089e-01,-3.039008471981136661e-01,-2.201383944561897121e-01,4.877919989337213824e-01,2.175830774257185851e-01
4.025000000000000244e-01,-3.007882898890359424e-01,-2.179656167761810648e-01,4.732715447553537125e-01,2.120814570785209130e-01
4.200000000000000400e-01,-2.977120455115333519e-01,-2.158156287317428423e-01,4.592660496795371028e-01,2.067382683247293018e-01
4.375000000000000555e-01,-2.946715462113629891e-01,-2.136881546752437966e-01,4.457538347197241846e-01,2.015481963698230461e-01
4.550000000000000711e-01,-2.916662379649180847e-01,-2.115829233823156852e-01,4.327142781060576149e-01,1.965061348816512232e-01
4.725000000000000311e-01,-2.886955800801101479e-01,-2.094996679463677625e-01,4.201277572350144984e-01,1.916071765612512023e-01
4.900000000000000466e-01,-2.857590447201994732e-01,-2.074381256766929249e-01,4.079755941276984044e-01,1.868466041952136503e-01
5.075000000000000622e-01,-2.828561164493518798e-01,-2.053980380000111905e-01,3.962400041669790207e-01,1.822198821623720599e-01
5.250000000000000222e-01,-2.799862917987700484e-01,-2.033791503653023525e-01,3.849040478998091985e-01,1.777226483692736780e-01
5.425000000000000933e-01,-2.771490788523176541e-01,-2.013812121517887244e-01,3.739515857059830251e-01,1.733507065904528466e-01
5.600000000000000533e-01,-2.743439968506169446e-01,-1.994039765799346942e-01,3.633672351484167895e-01,1.691000191909924899e-01
5.775000000000000133e-01,-2.715705758126590319e-01,-1.974472006253368273e-01,3.531363308328317463e-01,1.649667002102221669e-01
5.950000000000000844e-01,-2.688283561740237304e-01,-1.955106449353844200e-01,3.432448866165743739e-01,1.609470087866817500e-01
6.125000000000000444e-01,-2.661168884408554591e-01,-1.935940737485762619e-01,3.336795600172941523e-01,1.570373429056708403e-01
6.300000000000001155e-01,-2.634357328587927927e-01,-1.916972548163845547e-01,3.244276186823823460e-01,1.532342334518206339e-01
6.475000000000000755e-01,-2.607844590960933240e-01,-1.898199593275629316e-01,3.154769087895217816e-01,1.495343385501711475e-01
6.650000000000000355e-01,-2.581626459402389662e-01,-1.879619618347996568e-01,3.068158252574564870e-01,1.459344381802110957e-01
6.825000000000001066e-01,-2.555698810073477323e-01,-1.861230401836222459e-01,2.984332836542219480e-01,1.424314290482553980e-01
7.000000000000000666e-01,-2.530057604637547253e-01,-1.843029754434642176e-01,2.903186936976250299e-01,1.390223197043901071e-01
7.175000000000000266e-01,-2.504698887591609857e-01,-1.825015518408082404e-01,2.824619342497702856e-01,1.357042258910178822e-01
7.350000000000000977e-01,-2.479618783707826513e-01,-1.807185566943252109e-01,2.748533297139436060e-01,1.324743661107891657e-01
7.525000000000000577e-01,-2.454813495579634963e-01,-1.789537803519310744e-01,2.674836277482143809e-01,1.293300574024089100e-01
7.700000000000000178e-01,-2.430279301267431469e-01,-1.772070161296875612e-01,2.603439782157421778e-01,1.262687113134694228e-01
7.875000000000000888e-01,-2.406012552039020203e-01,-1.754780602524769473e-01,2.534259132970078654e-01,1.232878300600802612e-01
8.050000000000000488e-01,-2.382009670200287699e-01,-1.737667117963824226e-01,2.467213286940532213e-01,1.203850028636474223e-01
8.225000000000001199e-01,-2.358267147011811060e-01,-1.720727726327108409e-01,2.402224658613434372e-01,1.175579024556997615e-01
8.400000000000000799e-01,-2.334781540687340673e-01,-1.703960473735958714e-01,2.339218952020825637e-01,1.148042817421734002e-01
8.575000000000000400e-01,-2.311549474470304399e-01,-1.687363433191229334e-01,2.278125001727365484e-01,1.121219706190456356e-01
8.750000000000001110e-01,-2.288567634784700044e-01,-1.670934704059201248e-01,2.218874622421770915e-01,1.095088729316623377e-01
8.925000000000000711e-01,-2.265832769456918583e-01,-1.654672411571613821e-01,2.161402466552651003e-01,1.069629635705272030e-01
9.100000000000001421e-01,-2.243341686005232427e-01,-1.638574706339307463e-01,2.105645889538694526e-01,1.044822856967205088e-01
9.275000000000001021e-01,-2.221091249993850381e-01,-1.622639763878985786e-01,2.051544822112786048e-01,1.020649480904908951e-01
9.450000000000000622e-01,-2.199078383448596630e-01,-1.606865784152631260e-01,1.999041649387228448e-01,9.970912261691569634e-02
9.625000000000001332e-01,-2.177300063331433500e-01,-1.591250991119123603e-01,1.948081096253040101e-01,9.741304180285859093e-02
9.800000000000000933e-01,-2.155753320071178980e-01,-1.575793632297632918e-01,1.898610118750333475e-01,9.517499651976520092e-02
9.975000000000000533e-01,-2.134435236147912418e-01,-1.560491978342375408e-01,1.850577801069230588e-01,9.299333376713127264e-02
1.015000000000000124e+00,-2.113342944728684725e-01,-1.545344322628339484e-01,1.803935257861755681e-01,9.086645455175586250e-02
1.032500000000000195e+00,-2.092473628352275739e-01,-1.530348980847602847e-01,1.758635541564715354e-01,8.879281185815199318e-02
1.050000000000000044e+00,-2.071824517660844633e-01,-1.515504290615882210e-01,1.714633554451888697e-01,8.677090870573354875e-02
1.067500000000000115e+00,-2.051392890176436390e-01,-1.500808611088965405e-01,1.671885965150960440e-01,8.479929628862843682e-02
1.085000000000000187e+00,-2.031176069120405603e-01,-1.486260322588697225e-01,1.630351129376623465e-01,8.287657219418682886e-02
1.102500000000000036e+00,-2.011171422273909382e-01,-1.471857826238198996e-01,1.589989014646239207e-01,8.100137869645869515e-02
1.120000000000000107e+00,-1.991376360877718521e-01,-1.457599543606014347e-01,1.550761128758439689e-01,7.917240112110886241e-02
1.137500000000000178e+00,-1.971788338569681887e-01,-1.443483916358891950e-01,1.512630451828172462e-01,7.738836627842217430e-02
1.155000000000000027e+00,-1.952404850358250565e-01,-1.429509405922920473e-01,1.475561371683920542e-01,7.564804096122215715e-02
1.172500000000000098e+00,-1.933223431630556599e-01,-1.415674493152745128e-01,1.439519622444346558e-01,7.395023050469171078e-02
1.190000000000000169e+00,-1.914241657193609947e-01,-1.401977678008612116e-01,1.404472226102347621e-01,7.229377740523737494e-02
1.207500000000000018e+00,-1.895457140347237557e-01,-1.388417479240981467e-01,1.370387436954586535e-01,7.067755999568406389e-02
1.225000000000000089e+00,-1.876867531987466975e-01,-1.374992434082478732e-01,1.337234688724016074e-01,6.910049117422523146e-02
1.242500000000000160e+00,-1.858470519739112981e-01,-1.361701097946950434e-01,1.304984544231769794e-01,6.756151718468278444e-02
1.260000000000000231e+00,-1.840263827116375706e-01,-1.348542044135400964e-01,1.273608647483081002e-01,6.605961644575410185e-02
1.277500000000000080e+00,-1.822245212710329743e-01,-1.335513863548602465e-01,1.243079678039701597e-01,6.459379842703906471e-02
1.295000000000000151e+00,-1.804412469402223995e-01,-1.322615164406168164e-01,1.213371307558582801e-01,6.316310256975050941e-02
1.312500000000000222e+00,-1.786763423601566148e-01,-1.309844571971896798e-01,1.184458158383451115e-01,6.176659725011452579e-02
1.330000000000000071e+00,-1.769295934508014756e-01,-1.297200728285194948e-01,1.156315764082341130e-01,6.040337878356561579e-02
1.347500000000000142e+00,-1.752007893396139715e-01,-1.284682291898397166e-01,1.128920531830201190e-01,5.907257046793451538e-02
1.365000000000000213e+00,-1.734897222922165694e-01,-1.272287937619807630e-01,1.102249706541366531e-01,5.777332166391476592e-02
1.382500000000000062e+00,-1.717961876451843117e-01,-1.260016356262294857e-01,1.076281336662024413e-01,5.650480691117670123e-02
1.400000000000000133e+00,-1.701199837408630955e-01,-1.247866254397275720e-01,1.050994241537817203e-01,5.526622507857707756e-02
1.417500000000000204e+00,-1.684609118641421655e-01,-1.235836354113932500e-01,1.026367980276445685e-01,5.405679854698708375e-02
1.435000000000000053e+00,-1.668187761811059933e-01,-1.223925392783511701e-01,1.002382822029556780e-01,5.287577242333199590e-02
1.452500000000000124e+00,-1.651933836794946819e-01,-1.212132122828558922e-01,9.790197176223822129e-02,5.172241378450316562e-02
1.470000000000000195e+00,-1.635845441109054499e-01,-1.200455311496950034e-01,9.562602724635110851e-02,5.059601094986653641e-02
1.487500000000000044e+00,-1.619920699346699133e-01,-1.188893740640581675e-01,9.340867206708688975e-02,4.949587278115209071e-02
1.505000000000000115e+00,-1.604157762633453277e-01,-1.177446206498590914e-01,9.124819003534555273e-02,4.842132800856583513e-02
1.522500000000000187e+00,-1.588554808097605575e-01,-1.166111519484979847e-01,8.914292299916641571e-02,4.737172458202048436e-02
1.540000000000000036e+00,-1.573110038355598761e-01,-1.154888503980521369e-01,8.709126858620819256e-02,4.634642904643198474e-02
1.557500000000000107e+00,-1.557821681011899995e-01,-1.143775998128827992e-01,8.509167804555770043e-02,4.534482594007824968e-02
1.575000000000000178e+00,-1.542687988172790625e-01,-1.132772853636474231e-01,8.314265418402176644e-02,4.436631721506292120e-02
1.592500000000000249e+00,-1.527707235973569388e-01,-1.121877935577058338e-01,8.124274939231340698e-02,4.341032167897052041e-02
1.610000000000000098e+00,-1.512877724118694145e-01,-1.111090122199101804e-01,7.939056375678746336e-02,4.247627445684181574e-02
1.627500000000000169e+00,-1.498197775434408352e-01,-1.100408304737680726e-01,7.758474325260950044e-02,4.156362647263747712e-02
1.645000000000000240e+00,-1.483665735433409849e-01,-1.089831387229694137e-01,7.582397801445817098e-02,4.067184394939616504e-02
1.662500000000000089e+00,-1.469279971891144232e-01,-1.079358286332670613e-01,7.410700068106462757e-02,3.980040792732881388e-02
1.680000000000000160e+00,-1.455038874433318696e-01,-1.068987931147023090e-01,7.243258481008559013e-02,3.894881379912517455e-02
1.697500000000000231e+00,-1.440940854134252214e-01,-1.058719263041661696e-01,7.079954335998803194e-02,3.811657086178107251e-02
1.715000000000000080e+00,-1.426984343125690946e-01,-1.048551235482879096e-01,6.920672723579468499e-02,3.730320188428555561e-02
1.732500000000000151e+00,-1.413167794215731410e-01,-1.038482813866423715e-01,6.765302389570175545e-02,3.650824269053654786e-02
1.750000000000000222e+00,-1.399489680517513879e-01,-1.028512975352681991e-01,6.613735601573331180e-02,3.573124175688165843e-02
1.767500000000000071e+00,-1.385948495087357679e-01,-1.018640708704890013e-01,6.465868020974069319e-02,3.497175982370691327e-02
1.785000000000000142e+00,-1.372542750572021408e-01,-1.008865014130299192e-01,6.321598580219252306e-02,3.422936952052201692e-02
1.802500000000000213e+00,-1.359270978864789980e-01,-9.991849031242233670e-02,6.180829365132971959e-02,3.350365500401443486e-02
1.820000000000000284e+00,-1.346131730770099011e-01,-9.895993983168967223e-02,6.043465502038155440e-02,3.279421160856759582e-02
1.837500000000000133e+00,-1.333123575676412320e-01,-9.801075333230721554e-02,5.909415049465492620e-02,3.210064550876032957e-02
1.855000000000000204e+00,-1.320245101237092766e-01,-9.707083525942952762e-02,5.778588894241741547e-02,3.142257339338558331e-02
1.872500000000000275e+00,-1.307494913059003838e-01,-9.614009112737902096e-02,5.650900651759872134e-02,3.075962215054603779e-02
1.890000000000000124e+00,-1.294871634398598315e-01,-9.521842750538916933e-02,5.526266570243199699e-02,3.011142856340326066e-02
1.907500000000000195e+00,-1.282373905865251129e-01,-9.430575200359664345e-02,5.404605438824963692e-02,2.947763901617499530e-02
1.925000000000000266e+00,-1.270000385131615228e-01,-9.340197325927630800e-02,5.285838499273573521e-02,2.885790920999240991e-02
1.942500000000000115e+00,-1.257749746650774492e-01,-9.250700092331345936e-02,5.169889361201968764e-02,2.825190388824532287e-02
1.960000000000000187e+00,-1.245620681379983608e-01,-9.162074564690766976e-02,5.056683920607468047e-02,2.765929657105914083e-02
1.977500000000000258e+00,-1.233611896510794503e-01,-9.074311906850317244e-02,4.946150281595893677e-02,2.707976929856221321e-02
1.995000000000000107e+00,-1.221722115205367276e-01,-8.987403380094025063e-02,4.838218681150787542e-02,2.651301238261626406e-02
2.012500000000000178e+00,-1.209950076338782710e-01,-8.901340341882268969e-02,4.732821416815254784e-02,2.595872416669628077e-02
2.030000000000000249e+00,-1.198294534247171528e-01,-8.816114244609671302e-02,4.629892777160285466e-02,2.541661079361924938e-02
2.047500000000000320e+00,-1.186754258481485802e-01,-8.731716634383611397e-02,4.529368974919414231e-02,2.488638598083325534e-02
2.065000000000000391e+00,-1.175328033566744312e-01,-8.648139149822939298e-02,4.431188082675269202e-02,2.436777080299042456e-02
2.082500000000000018e+00,-1.164014658766589355e-01,-8.565373520876433389e-02,4.335289970988987635e-02,2.386049348153839941e-02
2.100000000000000089e+00,-1.152812947852996511e-01,-8.483411567660542607e-02,4.241616248868560618e-02,2.336428918107573763e-02
2.117500000000000160e+00,-1.141721728880991799e-01,-8.402245199316031588e-02,4.150110206477109626e-02,2.287889981222713046e-02
2.135000000000000231e+00,-1.130739843968222996e-01,-8.321866412883084652e-02,4.060716759986603835e-02,2.240407384080374265e-02
2.152500000000000302e+00,-1.119866149079250112e-01,-8.242267292194482842e-02,3.973382398487035339e-02,2.193956610302381580e-02
2.170000000000000373e+00,-1.109099513814419125e-01,-8.163440006786466807e-02,3.888055132865137625e-02,2.148513762657734000e-02
2.187500000000000000e+00,-1.098438821203185922e-01,-8.085376810826905292e-02,3.804684446570746198e-02,2.104055545732733470e-02
2.205000000000000071e+00,-1.087882967501765386e-01,-8.008070042060400073e-02,3.723221248192613159e-02,2.060559249144837055e-02
2.222500000000000142e+00,-1.077430861994987249e-01,-7.931512120769988738e-02,3.643617825769120133e-02,2.018002731281103024e-02
2.240000000000000213e+00,-1.067081426802234806e-01,-7.855695548755065039e-02,3.565827802762636112e-02,1.976364403542813994e-02
2.257500000000000284e+00,-1.056833596687359045e-01,-7.780612908325207355e-02,3.489806095629575944e-02,1.935623215078621437e-02
2.275000000000000355e+00,-1.046686318872454835e-01,-7.706256861309584982e-02,3.415508872921245442e-02,1.895758637989211626e-02
2.292500000000000426e+00,-1.036638552855396189e-01,-7.632620148081600830e-02,3.342893515853462283e-02,1.856750652987165795e-02
2.310000000000000053e+00,-1.026689270231025963e-01,-7.559695586598493000e-02,3.271918580285745892e-02,1.818579735496317351e-02
2.327500000000000124e+00,-1.016837454515901878e-01,-7.487476071455545501e-02,3.202543760053476463e-02,1.781226842175498773e-02
2.345000000000000195e+00,-1.007082100976506023e-01,-7.415954572954681912e-02,3.134729851598973965e-02,1.744673397852177996e-02
2.362500000000000266e+00,-9.974222164608211039e-02,-7.345124136187076991e-02,3.068438719849785057e-02,1.708901282851993386e-02
2.380000000000000338e+00,-9.878568192331875497e-02,-7.274977880129568364e-02,3.003633265294780932e-02,1.673892820710775817e-02
2.397500000000000409e+00,-9.783849388123541657e-02,-7.205508996754556028e-02,2.940277392210826832e-02,1.639630766256108471e-02
2.415000000000000036e+00,-9.690056158126389430e-02,-7.136710750153157923e-02,2.878335977994829487e-02,1.606098294046003072e-02
2.432500000000000107e+00,-9.597179017881179997e-02,-7.068576475671324577e-02,2.817774843557943262e-02,1.573278987152698649e-02
2.450000000000000178e+00,-9.505208590797692425e-02,-7.001099579058697731e-02,2.758560724740602432e-02,1.541156826280074173e-02
2.467500000000000249e+00,-9.414135606654877586e-02,-6.934273535629943697e-02,2.700661244708789030e-02,1.509716179203562068e-02
2.485000000000000320e+00,-9.323950900129063246e-02,-6.868091889438333875e-02,2.644044887293687390e-02,1.478941790521882092e-02
2.502500000000000391e+00,-9.234645409349470646e-02,-6.802548252461321221e-02,2.588680971238470352e-02,1.448818771710301545e-02
2.520000000000000462e+00,-9.146210174480363941e-02,-6.737636303797919779e-02,2.534539625317510161e-02,1.419332591465511002e-02
2.537500000000000089e+00,-9.058636336329166372e-02,-6.673349788877623590e-02,2.481591764294787186e-02,1.390469066332556194e-02
2.555000000000000160e+00,-8.971915134979897843e-02,-6.609682518680672081e-02,2.429809065689655587e-02,1.362214351604629919e-02
2.572500000000000231e+00,-8.886037908451331624e-02,-6.546628368969460710e-02,2.379163947319495875e-02,1.334554932486857123e-02
2.590000000000000302e+00,-8.800996091379224839e-02,-6.484181279530853992e-02,2.329629545590014214e-02,1.307477615515516799e-02
2.607500000000000373e+00,-8.716781213722080146e-02,-6.422335253429239943e-02,2.281179694505216377e-02,1.280969520224470824e-02
2.625000000000000444e+00,-8.633384899489845998e-02,-6.361084356270105267e-02,2.233788905370212227e-02,1.255018071050848123e-02
2.642500000000000071e+00,-8.550798865495012890e-02,-6.300422715473938395e-02,2.187432347161137602e-02,1.229610989472333833e-02
2.660000000000000142e+00,-8.469014920125574053e-02,-6.240344519560289682e-02,2.142085827537524786e-02,1.204736286368665414e-02
2.677500000000000213e+00,-8.388024962139330187e-02,-6.180844017441800703e-02,2.097725774473486668e-02,1.180382254600225583e-02
2.695000000000000284e+00,-8.307820979479045576e-02,-6.121915517728002132e-02,2.054329218485017802e-02,1.156537461796846092e-02
2.712500000000000355e+00,-8.228395048107943477e-02,-6.063553388038742803e-02,2.011873775431663805e-02,1.133190743350200903e-02
2.730000000000000426e+00,-8.149739330865111986e-02,-6.005752054327045952e-02,1.970337629871683066e-02,1.110331195603387298e-02
2.747500000000000053e+00,-8.071846076340313814e-02,-5.948506000211253864e-02,1.929699518950668199e-02,1.087948169231525014e-02
2.765000000000000124e+00,-7.994707617767787822e-02,-5.891809766316265934e-02,1.889938716804394347e-02,1.066031262807405969e-02
2.782500000000000195e+00,-7.918316371938610709e-02,-5.835657949623755669e-02,1.851035019457457353e-02,1.044570316546455761e-02
2.800000000000000266e+00,-7.842664838131171989e-02,-5.780045202831161216e-02,1.812968730199958703e-02,1.023555406225439349e-02
2.817500000000000338e+00,-7.767745597059384777e-02,-5.724966233719339104e-02,1.775720645425238331e-02,1.002976837269560148e-02
2.835000000000000409e+00,-7.693551309838222996e-02,-5.670415804528705639e-02,1.739272040912310732e-02,9.828251390027667803e-03
2.852500000000000480e+00,-7.620074716966199202e-02,-5.616388731343738283e-02,1.703604658537307207e-02,9.630910590562714521e-03
2.870000000000000107e+00,-7.547308637324422198e-02,-5.562879883485682964e-02,1.668700693398841514e-02,9.437655579304459960e-03
2.887500000000000178e+00,-7.475245967191848639e-02,-5.509884182913328543e-02,1.634542781342811224e-02,9.248398037054286411e-03
2.905000000000000249e+00,-7.403879679276406667e-02,-5.457396603631733262e-02,1.601113986872714987e-02,9.063051668959374793e-03
2.922500000000000320e+00,-7.333202821761626578e-02,-5.405412171108736619e-02,1.568397791432084992e-02,8.881532154459251954e-03
2.940000000000000391e+00,-7.263208517368446859e-02,-5.353925961699155384e-02,1.536378082046183785e-02,8.703757098588699170e-03
2.957500000000000462e+00,-7.193889962431881946e-02,-5.302933102076519412e-02,1.505039140310582627e-02,8.529645984596300953e-03
2.975000000000000089e+00,-7.125240425992228344e-02,-5.252428768672234849e-02,1.474365631714728841e-02,8.359120127839281961e-03
2.992500000000000160e+00,-7.057253248900506593e-02,-5.202408187122037342e-02,1.444342595289053142e-02,8.192102630916599931e-03
3.010000000000000231e+00,-6.989921842937840690e-02,-5.152866631719641571e-02,1.414955433564620522e-02,8.028518340003523712e-03
3.027500000000000302e+00,-6.923239689948483544e-02,-5.103799424877440705e-02,1.386189902834718789e-02,7.868293802352092914e-03
3.045000000000000373e+00,-6.857200340986203957e-02,-5.055201936594155149e-02,1.358032103708205728e-02,7.711357224923084779e-03
3.062500000000000444e+00,-6.791797415473764532e-02,-5.007069583929332768e-02,1.330468471944802958e-02,7.557638434116195451e-03
3.080000000000000071e+00,-6.727024600375224039e-02,-4.959397830484561787e-02,1.303485769562896281e-02,7.407068836566277348e-03
3.097500000000000142e+00,-6.662875649380792242e-02,-4.912182185891308950e-02,1.277071076210753268e-02,7.259581380974415403e-03
3.115000000000000213e+00,-6.599344382104008200e-02,-4.865418205305283017e-02,1.251211780792414567e-02,7.115110520943815006e-03
3.132500000000000284e+00,-6.536424683290964488e-02,-4.819101488907194530e-02,1.225895573339821736e-02,6.973592178791216019e-03
3.150000000000000355e+00,-6.474110502041358073e-02,-4.773227681409842466e-02,1.201110437123074914e-02,6.834963710305698263e-03
3.167500000000000426e+00,-6.412395851041131911e-02,-4.727792471571400784e-02,1.176844640991000016e-02,6.699163870427508015e-03
3.185000000000000497e+00,-6.351274805806458867e-02,-4.682791591714831336e-02,1.153086731934492397e-02,6.566132779820472651e-03
3.202500000000000124e+00,-6.290741503938888923e-02,-4.638220817253313477e-02,1.129825527865384142e-02,6.435811892312397198e-03
3.220000000000000195e+00,-6.230790144391374491e-02,-4.594075966221598806e-02,1.107050110603834646e-02,6.308143963178615421e-03
3.237500000000000266e+00,-6.171414986745048237e-02,-4.550352898813210534e-02,1.084749819067514984e-02,6.183073018244751931e-03
3.255000000000000338e+00,-6.112610350496468226e-02,-4.507047516923384095e-02,1.062914242656077049e-02,6.060544323785355472e-03
3.272500000000000409e+00,-6.054370614355177038e-02,-4.464155763697668505e-02,1.041533214824650125e-02,5.940504357195927447e-03
3.290000000000000480e+00,-5.996690215551363917e-02,-4.421673623086103816e-02,1.020596806840322161e-02,5.822900778416525459e-03
3.307500000000000107e+00,-5.939563649153443287e-02,-4.379597119402887234e-02,1.000095321715782637e-02,5.707682402085770441e-03
3.325000000000000178e+00,-5.882985467395348417e-02,-4.337922316891442559e-02,9.800192883145030301e-03,5.594799170404791966e-03
3.342500000000000249e+00,-5.826950279013390355e-02,-4.296645319294822851e-02,9.603594556220453396e-03,5.484202126691282118e-03
3.360000000000000320e+00,-5.771452748592464932e-02,-4.255762269431354050e-02,9.411067871782573604e-03,5.375843389604366938e-03
3.377500000000000391e+00,-5.716487595921467685e-02,-4.215269348775446678e-02,9.222524556653179453e-03,5.269676128021701794e-03
3.395000000000000462e+00,-5.662049595357728643e-02,-4.175162777043502083e-02,9.037878376467601074e-03,5.165654536550693190e-03
3.412500000000000533e+00,-5.608133575200310861e-02,-4.135438811784835494e-02,8.857045084527722517e-03,5.063733811656325433e-03
3.430000000000000160e+00,-5.554734417072006852e-02,-4.096093747977539584e-02,8.679942372072405390e-03,4.963870128388618748e-03
3.447500000000000231e+00,-5.501847055309878887e-02,-4.057123917629214260e-02,8.506489819921522061e-03,4.866020617693218170e-03
3.465000000000000302e+00,-5.449466476364190487e-02,-4.018525689382513449e-02,8.336608851451357896e-03,4.770143344289191033e-03
3.482500000000000373e+00,-5.397587718205577173e-02,-3.980295468125400610e-02,8.170222686860443076e-03,4.676197285098481274e-03
3.500000000000000444e+00,-5.346205869740307259e-02,-3.942429694606078977e-02,8.007256298686468710e-03,4.584142308212047282e-03
3.517500000000000515e+00,-5.295316070233495320e-02,-3.904924845052512583e-02,7.847636368536118137e-03,4.493939152378073447e-03
3.535000000000000142e+00,-5.244913508740128849e-02,-3.867777430796474902e-02,7.691291244991058963e-03,4.405549406998140842e-03
3.552500000000000213e+00,-5.194993423543760314e-02,-3.830983997902060595e-02,7.538150902654454193e-03,4.318935492617614544e-03
3.570000000000000284e+00,-5.145551101602752891e-02,-3.794541126798606223e-02,7.388146902303735150e-03,4.234060641896979574e-03
3.587500000000000355e+00,-5.096581878003925148e-02,-3.758445431917933205e-02,7.241212352116305206e-03,4.150888881051150586e-03
3.605000000000000426e+00,-5.048081135423483634e-02,-3.722693561335881779e-02,7.097281869936149581e-03,4.069385011744276574e-03
3.622500000000000497e+00,-5.000044303595113648e-02,-3.687282196418051328e-02,6.956291546550283193e-03,3.989514593427832476e-03
3.640000000000000568e+00,-4.952466858785104648e-02,-3.652208051469705424e-02,6.818178909945038849e-03,3.911243926110218906e-03
3.657500000000000195e+00,-4.905344323274394430e-02,-3.617467873389769439e-02,6.682882890513185126e-03,3.834540033546390923e-03
3.675000000000000266e+00,-4.858672264847411354e-02,-3.583058441328872135e-02,6.550343787183793981e-03,3.759370646836382793e-03
3.692500000000000338e+00,-4.812446296287612585e-02,-3.548976566351378509e-02,6.420503234447776444e-03,3.685704188421939659e-03
3.710000000000000409e+00,-4.766662074879583766e-02,-3.515219091101343118e-02,6.293304170252762841e-03,3.613509756470748447e-03
3.727500000000000480e+00,-4.721315301917616836e-02,-3.481782889472349873e-02,6.168690804741993640e-03,3.542757109638082144e-03
3.745000000000000551e+00,-4.676401722220640406e-02,-3.448664866281165448e-02,6.046608589812624279e-03,3.473416652195964772e-03
3.762500000000000178e+00,-4.631917123653412488e-02,-3.415861956945176470e-02,5.927004189469678268e-03,3.405459419520244502e-03
3.780000000000000249e+00,-4.587857336653853452e-02,-3.383371127163527226e-02,5.809825450952625300e-03,3.338857063926231692e-03
3.797500000000000320e+00,-4.544218233766451898e-02,-3.351189372601948852e-02,5.695021376612358251e-03,3.273581840843850076e-03
3.815000000000000391e+00,-4.500995729181606758e-02,-3.319313718581189121e-02,5.582542096516956119e-03,3.209606595323467437e-03
3.832500000000000462e+00,-4.458185778280841088e-02,-3.287741219769022699e-02,5.472338841765406713e-03,3.146904748863854889e-03
3.850000000000000533e+00,-4.415784377187772364e-02,-3.256468959875780111e-02,5.364363918489069120e-03,3.085450286553961981e-03
3.867500000000000160e+00,-4.373787562324769201e-02,-3.225494051353353098e-02,5.258570682521323918e-03,3.025217744520412519e-03
3.885000000000000231e+00,-4.332191409975173074e-02,-3.194813635097624310e-02,5.154913514716429751e-03,2.966182197672864989e-03
3.902500000000000302e+00,-4.290992035851036446e-02,-3.164424880154288050e-02,5.053347796899302323e-03,2.908319247739619539e-03
3.920000000000000373e+00,-4.250185594666256589e-02,-3.134324983428004446e-02,4.953829888428359397e-03,2.851605011586020449e-03
3.937500000000000444e+00,-4.209768279715036393e-02,-3.104511169394840939e-02,4.856317103354281482e-03,2.796016109808462363e-03
3.955000000000000515e+00,-4.169736322455588895e-02,-3.074980689817976426e-02,4.760767688157957651e-03,2.741529655596973772e-03
3.972500000000000586e+00,-4.130085992099005732e-02,-3.045730823466603204e-02,4.667140800051480971e-03,2.688123243859562913e-03
3.990000000000000213e+00,-4.090813595203197234e-02,-3.016758875837999981e-02,4.575396485826513371e-03,2.635774940601698976e-03
4.007500000000000284e+00,-4.051915475271843786e-02,-2.988062178882722880e-02,4.485495661234829845e-03,2.584463272554462458e-03
4.025000000000000355e+00,-4.013388012358274498e-02,-2.959638090732887722e-02,4.397400090886356694e-03,2.534167217045128328e-03
4.042500000000000426e+00,-3.975227622674190608e-02,-2.931483995433487380e-02,4.311072368650394927e-03,2.484866192104044982e-03
4.060000000000000497e+00,-3.937430758203171871e-02,-2.903597302676718533e-02,4.226475898546233449e-03,2.436540046801905727e-03
4.077500000000000568e+00,-3.899993906318890285e-02,-2.875975447539269592e-02,4.143574876109720924e-03,2.389169051811632256e-03
4.095000000000000639e+00,-3.862913589407957621e-02,-2.848615890222537181e-02,4.062334270222807582e-03,2.342733890189258733e-03
4.112500000000000711e+00,-3.826186364497336651e-02,-2.821516115795732332e-02,3.982719805393435120e-03,2.297215648368360758e-03
4.130000000000000782e+00,-3.789808822886258505e-02,-2.794673633941836474e-02,3.904697944473545321e-03,2.252595807362711006e-03
4.147499999999999964e+00,-3.753777589782564261e-02,-2.768085978706374961e-02,3.828235871803358382e-03,2.208856234172002896e-03
4.165000000000000036e+00,-3.718089323943411101e-02,-2.741750708248965468e-02,3.753301476770374168e-03,2.165979173385593811e-03
4.182500000000000107e+00,-3.682740717320297230e-02,-2.715665404597622512e-02,3.679863337771994633e-03,2.123947238979411942e-03
4.200000000000000178e+00,-3.647728494708306346e-02,-2.689827673405757735e-02,3.607890706570862464e-03,2.082743406301215076e-03
4.217500000000000249e+00,-3.613049413399539028e-02,-2.664235143711863804e-02,3.537353493032450828e-03,2.042351004239607772e-03
4.235000000000000320e+00,-3.578700262840664448e-02,-2.638885467701837517e-02,3.468222250234684507e-03,2.002753707572279759e-03
4.252500000000000391e+00,-3.544677864294520225e-02,-2.613776320473912285e-02,3.400468159939693241e-03,1.963935529489087978e-03
4.270000000000000462e+00,-3.510979070505723665e-02,-2.588905399806165283e-02,3.334063018418086024e-03,1.925880814285700323e-03
4.287500000000000533e+00,-3.477600765370212482e-02,-2.564270425926570146e-02,3.268979222616416602e-03,1.888574230223643170e-03
4.305000000000000604e+00,-3.444539863608682417e-02,-2.539869141285558407e-02,3.205189756658777950e-03,1.852000762552697332e-03
4.322500000000000675e+00,-3.411793310443850258e-02,-2.515699310331065072e-02,3.142668178673737201e-03,1.816145706691699646e-03
4.340000000000000746e+00,-3.379358081281490234e-02,-2.491758719286021884e-02,3.081388607938067951e-03,1.780994661563910361e-03
4.357500000000000817e+00,-3.347231181395200761e-02,-2.468045175928271218e-02,3.021325712328982744e-03,1.746533523083200002e-03
4.375000000000000000e+00,-3.315409645614840473e-02,-2.444556509372870085e-02,2.962454696076821398e-03,1.712748477787421220e-03
4.392500000000000071e+00,-3.283890538018571781e-02,-2.421290569856749883e-02,2.904751287810350760e-03,1.679625996615403179e-03
4.410000000000000142e+00,-3.252670951628497398e-02,-2.398245228525717684e-02,2.848191728887119415e-03,1.647152828824139997e-03
4.427500000000000213e+00,-3.221748008109794059e-02,-2.375418377223750127e-02,2.792752762001428878e-03,1.615315996042772763e-03
4.445000000000000284e+00,-3.191118857473328185e-02,-2.352807928284567085e-02,2.738411620062789365e-03,1.584102786460114039e-03
4.462500000000000355e+00,-3.160780677781694498e-02,-2.330411814325450415e-02,2.685146015337879638e-03,1.553500749142506252e-03
4.480000000000000426e+00,-3.130730674858623469e-02,-2.308227988043285578e-02,2.632934128849235070e-03,1.523497688478912078e-03
4.497500000000000497e+00,-3.100966082001731239e-02,-2.286254422012790402e-02,2.581754600024088915e-03,1.494081658750194986e-03
4.515000000000000568e+00,-3.071484159698541216e-02,-2.264489108486916757e-02,2.531586516586964777e-03,1.465240958819647409e-03
4.532500000000000639e+00,-3.042282195345754822e-02,-2.242930059199386983e-02,2.482409404689812134e-03,1.436964126941876925e-03
4.550000000000000711e+00,-3.013357502971713772e-02,-2.221575305169347023e-02,2.434203219273632906e-03,1.409239935687257774e-03
4.567500000000000782e+00,-2.984707422962017132e-02,-2.200422896508108170e-02,2.386948334655729191e-03,1.382057386979204661e-03
4.585000000000000853e+00,-2.956329321788250461e-02,-2.179470902227953824e-02,2.340625535336865373e-03,1.355405707241612127e-03
4.602500000000000036e+00,-2.928220591739781956e-02,-2.158717410052983857e-02,2.295216007022780891e-03,1.329274342653861095e-03
4.620000000000000107e+00,-2.900378650658583593e-02,-2.138160526231970213e-02,2.250701327854657402e-03,1.303652954510856618e-03
4.637500000000000178e+00,-2.872800941677051273e-02,-2.117798375353215426e-02,2.207063459843307957e-03,1.278531414685647434e-03
4.655000000000000249e+00,-2.845484932958762883e-02,-2.097629100161365126e-02,2.164284740501946913e-03,1.253899801192203019e-03
4.672500000000000320e+00,-2.818428117442148273e-02,-2.077650861376170721e-02,2.122347874672602698e-03,1.229748393846016039e-03
4.690000000000000391e+00,-2.791628012587034011e-02,-2.057861837513173461e-02,2.081235926541330494e-03,1.206067670020244268e-03
4.707500000000000462e+00,-2.765082160124017474e-02,-2.038260224706284207e-02,2.040932311837526363e-03,1.182848300495162189e-03
4.725000000000000533e+00,-2.738788125806640439e-02,-2.018844236532241210e-02,2.001420790212774404e-03,1.160081145398752806e-03
4.742500000000000604e+00,-2.712743499166321223e-02,-1.999612103836921270e-02,1.962685457794772614e-03,1.137757250236318737e-03
4.760000000000000675e+00,-2.686945893270011390e-02,-1.980562074563482419e-02,1.924710739912018640e-03,1.115867842007050442e-03
4.777500000000000746e+00,-2.661392944480543005e-02,-1.961692413582317648e-02,1.887481383985033971e-03,1.094404325405537795e-03
4.795000000000000817e+00,-2.636082312219626550e-02,-1.943001402522799223e-02,1.850982452580037180e-03,1.073358279106258889e-03
4.812500000000000888e+00,-2.611011678733474173e-02,-1.924487339606788597e-02,1.815199316621073956e-03,1.052721452129132479e-03
4.830000000000000071e+00,-2.586178748861006280e-02,-1.906148539483901172e-02,1.780117648756723587e-03,1.032485760284269439e-03
4.847500000000000142e+00,-2.561581249804607829e-02,-1.887983333068487743e-02,1.745723416877595184e-03,1.012643282694088544e-03
4.865000000000000213e+00,-2.537216930903416975e-02,-1.869990067378336437e-02,1.712002877780961210e-03,9.931862583910419217e-04
4.882500000000000284e+00,-2.513083563409091586e-02,-1.852167105375054218e-02,1.678942570978911612e-03,9.741070829891931978e-04
4.900000000000000355e+00,-2.489178940264038728e-02,-1.834512825806119962e-02,1.646529312646573436e-03,9.553983054279720742e-04
4.917500000000000426e+00,-2.465500875882068246e-02,-1.817025623048587266e-02,1.614750189706986531e-03,9.370526247864488815e-04
4.935000000000000497e+00,-2.442047205931444781e-02,-1.799703906954414415e-02,1.583592554049335476e-03,9.190628871665231913e-04
4.952500000000000568e+00,-2.418815787120302124e-02,-1.782546102697412163e-02,1.553044016877321975e-03,9.014220826434545019e-04
4.970000000000000639e+00,-2.395804496984398416e-02,-1.765550650621779127e-02,1.523092443184538743e-03,8.841233422822031285e-04
4.987500000000000711e+00,-2.373011233677173315e-02,-1.748716006092215433e-02,1.493725946353800012e-03,8.671599352180847740e-04
5.005000000000000782e+00,-2.350433915762087378e-02,-1.732040639345591368e-02,1.464932882877450137e-03,8.505252658002830212e-04
5.022500000000000853e+00,-2.328070482007210326e-02,-1.715523035344157857e-02,1.436701847195760674e-03,8.342128707967938050e-04
5.040000000000000924e+00,-2.305918891182030112e-02,-1.699161693630276901e-02,1.409021666650591385e-03,8.182164166594127833e-04
5.057500000000000107e+00,-2.283977121856460221e-02,-1.682955128182658106e-02,1.381881396551573431e-03,8.025296968474107890e-04
5.075000000000000178e+00,-2.262243172202007060e-02,-1.666901867274078741e-02,1.355270315352126572e-03,7.871466292085710576e-04
5.092500000000000249e+00,-2.240715059795092209e-02,-1.651000453330581791e-02,1.329177919932728264e-03,7.720612534163048607e-04
5.110000000000000320e+00,-2.219390821422476123e-02,-1.635249442792123184e-02,1.303593920988860072e-03,7.572677284615723665e-04
5.127500000000000391e+00,-2.198268512888776685e-02,-1.619647405974655383e-02,1.278508238521183305e-03,7.427603301983887836e-04
5.145000000000000462e+00,-2.177346208826052773e-02,-1.604192926933637950e-02,1.253910997425519138e-03,7.285334489417101544e-04
5.162500000000000533e+00,-2.156622002505423699e-02,-1.588884603328948042e-02,1.229792523180284420e-03,7.145815871165258010e-04
5.180000000000000604e+00,-2.136094005650704744e-02,-1.573721046291185963e-02,1.206143337629093969e-03,7.008993569570148895e-04
5.197500000000000675e+00,-2.115760348254030337e-02,-1.558700880289350457e-02,1.182954154856293754e-03,6.874814782546474594e-04
5.215000000000000746e+00,-2.095619178393444762e-02,-1.543822742999876284e-02,1.160215877153249371e-03,6.743227761541402930e-04
5.232500000000000817e+00,-2.075668662052433319e-02,-1.529085285177014461e-02,1.137919591073270663e-03,6.614181789962013131e-04
5.250000000000000888e+00,-2.055906982941373834e-02,-1.514487170524540967e-02,1.116056563573099465e-03,6.487627162060221079e-04
5.267500000000000071e+00,-2.036332342320883865e-02,-1.500027075568780878e-02,1.094618238238949728e-03,6.363515162265053968e-04
5.285000000000000142e+00,-2.016942958827035864e-02,-1.485703689532927481e-02,1.073596231595126335e-03,6.241798044952296450e-04
5.302500000000000213e+00,-1.997737068298434740e-02,-1.471515714212655312e-02,1.052982329493320048e-03,6.122429014641920684e-04
5.320000000000000284e+00,-1.978712923605112708e-02,-1.457461863852995386e-02,1.032768483580693598e-03,6.005362206613734351e-04
5.337500000000000355e+00,-1.959868794479236245e-02,-1.443540865026471907e-02,1.012946807844946782e-03,5.890552667932084062e-04
5.355000000000000426e+00,-1.941202967347600145e-02,-1.429751456512479667e-02,9.935095752345818147e-04,5.777956338870559976e-04
5.372500000000000497e+00,-1.922713745165884752e-02,-1.416092389177892909e-02,9.744492143526341200e-04,5.667530034727900077e-04
5.390000000000000568e+00,-1.904399447254656250e-02,-1.402562425858888510e-02,9.557583062221818547e-04,5.559231428026492053e-04
5.407500000000000639e+00,-1.886258409137093334e-02,-1.389160341243972016e-02,9.374295811219815217e-04,5.453019031085057193e-04
5.425000000000000711e+00,-1.868288982378414620e-02,-1.375884921758192131e-02,9.194559154906258112e-04,5.348852178957309985e-04
5.442500000000000782e+00,-1.850489534426991156e-02,-1.362734965448533266e-02,9.018303288976536360e-04,5.246691012728571394e-04
5.460000000000000853e+00,-1.832858448457123229e-02,-1.349709281870469305e-02,8.845459810800822276e-04,5.146496463162513304e-04
5.477500000000000924e+00,-1.815394123213458569e-02,-1.336806691975669752e-02,8.675961690428707308e-04,5.048230234690352560e-04
5.495000000000000107e+00,-1.798094972857042576e-02,-1.324026028000843506e-02,8.509743242218584551e-04,4.951854789735050466e-04
5.512500000000000178e+00,-1.780959426812964153e-02,-1.311366133357705875e-02,8.346740097077532490e-04,4.857333333363167936e-04
5.530000000000000249e+00,-1.763985929619603377e-02,-1.298825862524064650e-02,8.186889175297966392e-04,4.764629798257305677e-04
5.547500000000000320e+00,-1.747172940779439035e-02,-1.286404080936002538e-02,8.030128659977363867e-04,4.673708830002085883e-04
5.565000000000000391e+00,-1.730518934611409432e-02,-1.274099664881150375e-02,7.876397971008003212e-04,4.584535772676893214e-04
5.582500000000000462e+00,-1.714022400104810509e-02,-1.261911501393039349e-02,7.725637739623774595e-04,4.497076654748728350e-04
5.600000000000000533e+00,-1.697681840774706644e-02,-1.249838488146517990e-02,7.577789783491525270e-04,4.411298175258641821e-04
5.617500000000000604e+00,-1.681495774518843023e-02,-1.237879533354223870e-02,7.432797082334661326e-04,4.327167690295414724e-04
5.635000000000000675e+00,-1.665462733476037738e-02,-1.226033555664099092e-02,7.290603754077041795e-04,4.244653199750250553e-04
5.652500000000000746e+00,-1.649581263886040414e-02,-1.214299484057936203e-02,7.151155031495489344e-04,4.163723334346426121e-04
5.670000000000000817e+00,-1.633849925950837945e-02,-1.202676257750947067e-02,7.014397239369506327e-04,4.084347342937956894e-04
5.687500000000000888e+00,-1.618267293697393458e-02,-1.191162826092339623e-02,6.880277772117077703e-04,4.006495080071481129e-04
5.705000000000000959e+00,-1.602831954841799078e-02,-1.179758148466894703e-02,6.748745071905691692e-04,3.930136993805697330e-04
5.722500000000000142e+00,-1.587542510654831041e-02,-1.168461194197531645e-02,6.619748607227965995e-04,3.855244113782810940e-04
5.740000000000000213e+00,-1.572397575828883565e-02,-1.157270942448848476e-02,6.493238851931521123e-04,3.781788039546564385e-04
5.757500000000000284e+00,-1.557395778346278188e-02,-1.146186382131635269e-02,6.369167264693051346e-04,3.709740929101605655e-04
5.775000000000000355e+00,-1.542535759348921329e-02,-1.135206511808338828e-02,6.247486268926619700e-04,3.639075487708952187e-04
5.792500000000000426e+00,-1.527816173009298797e-02,-1.124330339599477306e-02,6.128149233116629568e-04,3.569764956912548125e-04
5.810000000000000497e+00,-1.513235686402796334e-02,-1.113556883090989838e-02,6.011110451566024004e-04,3.501783103791941687e-04
5.827500000000000568e+00,-1.498792979381325351e-02,-1.102885169242514424e-02,5.896325125550538285e-04,3.435104210436270970e-04
5.845000000000000639e+00,-1.484486744448243987e-02,-1.092314234296581053e-02,5.783749344870027422e-04,3.369703063634818052e-04
5.862500000000000711e+00,-1.470315686634555627e-02,-1.081843123688714173e-02,5.673340069788112595e-04,3.305554944779516492e-04
5.880000000000000782e+00,-1.456278523376373056e-02,-1.071470891958430094e-02,5.565055113351579166e-04,3.242635619974899765e-04
5.897500000000000853e+00,-1.442373984393632673e-02,-1.061196602661124144e-02,5.458853124081195244e-04,3.180921330351079031e-04
5.915000000000000924e+00,-1.428600811570046245e-02,-1.051019328280836974e-02,5.354693569025756415e-04,3.120388782575423173e-04
5.932500000000000995e+00,-1.414957758834274777e-02,-1.040938150143888054e-02,5.252536717171409422e-04,3.061015139558727360e-04
5.950000000000000178e+00,-1.401443592042313745e-02,-1.030952158333372191e-02,5.152343623198468075e-04,3.002778011351749619e-04
5.967500000000000249e+00,-1.388057088861070418e-02,-1.021060451604503296e-02,5.054076111578078819e-04,2.945655446228053463e-04
5.985000000000000320e+00,-1.374797038653131909e-02,-1.011262137300806066e-02,4.957696761001390527e-04,2.889625921949264811e-04
6.002500000000000391e+00,-1.361662242362695133e-02,-1.001556331271134803e-02,4.863168889133866754e-04,2.834668337208817875e-04
6.020000000000000462e+00,-1.348651512402659382e-02,-9.919421577875215876e-03,4.770456537687720803e-04,2.780762003250464125e-04
6.037500000000000533e+00,-1.335763672542861040e-02,-9.824187494638376983e-03,4.679524457805533618e-04,2.727886635657842339e-04
6.055000000000000604e+00,-1.322997557799441420e-02,-9.729852471752632390e-03,4.590338095748267943e-04,2.676022346311489591e-04
6.072500000000000675e+00,-1.310352014325334019e-02,-9.636407999785559508e-03,4.502863578881091677e-04,2.625149635509782509e-04
6.090000000000000746e+00,-1.297825899301859043e-02,-9.543845650331100189e-03,4.417067701950527976e-04,2.575249384250340471e-04
6.107500000000000817e+00,-1.285418080831413935e-02,-9.452157075227984526e-03,4.332917913646639938e-04,2.526302846668531852e-04
6.125000000000000888e+00,-1.273127437831246891e-02,-9.361334005785874185e-03,4.250382303444065588e-04,2.478291642629762426e-04
6.142500000000000959e+00,-1.260952859928302257e-02,-9.271368252019187087e-03,4.169429588715886366e-04,2.431197750472332349e-04
6.160000000000000142e+00,-1.248893247355127058e-02,-9.182251701888502829e-03,4.090029102114439751e-04,2.385003499897702078e-04
6.177500000000000213e+00,-1.236947510846822702e-02,-9.093976320549436096e-03,4.012150779213293416e-04,2.339691565005056655e-04
6.195000000000000284e+00,-1.225114571539040291e-02,-9.006534149608997133e-03,3.935765146404822216e-04,2.295244957467189784e-04
6.212500000000000355e+00,-1.213393360866996291e-02,-8.919917306389241532e-03,3.860843309047804362e-04,2.251647019844699572e-04
6.230000000000000426e+00,-1.201782820465506149e-02,-8.834117983198214522e-03,3.787356939859726364e-04,2.208881419035641251e-04
6.247500000000000497e+00,-1.190281902070020568e-02,-8.749128446608094370e-03,3.715278267548523727e-04,2.166932139857795424e-04
6.265000000000000568e+00,-1.178889567418657351e-02,-8.664941036740453351e-03,3.644580065678620982e-04,2.125783478760782550e-04
6.282500000000000639e+00,-1.167604788155213354e-02,-8.581548166558554749e-03,3.575235641766262595e-04,2.085420037665320454e-04
6.300000000000000711e+00,-1.156426545733150839e-02,-8.498942321166642541e-03,3.507218826599225472e-04,2.045826717926974264e-04
6.317500000000000782e+00,-1.145353831320544344e-02,-8.417116057116123123e-03,3.440503963776118186e-04,2.006988714421808356e-04
6.335000000000000853e+00,-1.134385645705979044e-02,-8.336062001718578390e-03,3.375065899460583173e-04,1.968891509751404347e-04
6.352500000000000924e+00,-1.123520999205391592e-02,-8.255772852365542494e-03,3.310879972345820584e-04,1.931520868564764483e-04
6.370000000000000995e+00,-1.112758911569840595e-02,-8.176241375854972904e-03,3.247922003824951190e-04,1.894862831994676420e-04
6.387500000000000178e+00,-1.102098411894201005e-02,-8.097460407724334230e-03,3.186168288362846803e-04,1.858903712206162826e-04
6.405000000000000249e+00,-1.091538538526765252e-02,-8.019422851590237572e-03,3.125595584065123957e-04,1.823630087054683958e-04
6.422500000000000320e+00,-1.081078338979753715e-02,-7.942121678494592010e-03,3.066181103440168395e-04,1.789028794851845112e-04
6.440000000000000391e+00,-1.070716869840710427e-02,-7.865549926257132951e-03,3.007902504350028661e-04,1.755086929236353819e-04
6.457500000000000462e+00,-1.060453196684786430e-02,-7.789700698834343788e-03,2.950737881146226339e-04,1.721791834148066235e-04
6.475000000000000533e+00,-1.050286393987893280e-02,-7.714567165684644255e-03,2.894665755986553781e-04,1.689131098902994430e-04
6.492500000000000604e+00,-1.040215545040723902e-02,-7.640142561139812508e-03,2.839665070329031016e-04,1.657092553367183439e-04
6.510000000000000675e+00,-1.030239741863626934e-02,-7.566420183782568941e-03,2.785715176599287842e-04,1.625664263227421386e-04
6.527500000000000746e+00,-1.020358085122327445e-02,-7.493393395830259297e-03,2.732795830027704331e-04,1.594834525356786121e-04
6.545000000000000817e+00,-1.010569684044485342e-02,-7.421055622524565937e-03,2.680887180652736764e-04,1.564591863273075199e-04
6.562500000000000888e+00,-1.000873656337081773e-02,-7.349400351527206506e-03,2.629969765486928632e-04,1.534925022688207188e-04
6.580000000000000959e+00,-9.912691281046260433e-03,-7.278421132321535002e-03,2.580024500842184446e-04,1.505822967146721084e-04
6.597500000000001030e+00,-9.817552337681731758e-03,-7.208111575620005339e-03,2.531032674810957772e-04,1.477274873751549674e-04
6.615000000000000213e+00,-9.723311159851446422e-03,-7.138465352777424548e-03,2.482975939900088427e-04,1.449270128975263527e-04
6.632500000000000284e+00,-9.629959255699411733e-03,-7.069476195209931438e-03,2.435836305814061717e-04,1.421798324555036813e-04
6.650000000000000355e+00,-9.537488214153459071e-03,-7.001137893819677285e-03,2.389596132384608663e-04,1.394849253469631928e-04
6.667500000000000426e+00,-9.445889704147015717e-03,-6.933444298425102750e-03,2.344238122643522299e-04,1.368412905996690705e-04
6.685000000000000497e+00,-9.355155473848584050e-03,-6.866389317196785851e-03,2.299745316035738823e-04,1.342479465848718100e-04
6.702500000000000568e+00,-9.265277349898837916e-03,-6.799966916098790747e-03,2.256101081769737297e-04,1.317039306386132060e-04
6.720000000000000639e+00,-9.176247236655263317e-03,-6.734171118335475700e-03,2.213289112302387995e-04,1.292082986905809089e-04
6.737500000000000711e+00,-9.088057115444239317e-03,-6.668996003803686484e-03,2.171293416955452724e-04,1.267601249003579185e-04
6.755000000000000782e+00,-9.000699043820522757e-03,-6.604435708550294472e-03,2.130098315660987828e-04,1.243585013009164994e-04
6.772500000000000853e+00,-8.914165154834017071e-03,-6.540484424235024769e-03,2.089688432832968116e-04,1.220025374492082813e-04
6.790000000000000924e+00,-8.828447656303787042e-03,-6.477136397598503258e-03,2.050048691362506043e-04,1.196913600837058977e-04
6.807500000000000995e+00,-8.743538830099210207e-03,-6.414385929935504348e-03,2.011164306734096582e-04,1.174241127887547823e-04
6.825000000000001066e+00,-8.659431031428226760e-03,-6.352227376573305745e-03,1.973020781260375700e-04,1.151999556655961031e-04
6.842500000000000249e+00,-8.576116688132580379e-03,-6.290655146355138110e-03,1.935603898432933993e-04,1.130180650099253887e-04
6.860000000000000320e+00,-8.493588299989994483e-03,-6.229663701128635919e-03,1.898899717386768812e-04,1.108776329958530832e-04
6.877500000000000391e+00,-8.411838438023230141e-03,-6.169247555239293877e-03,1.862894567476049525e-04,1.087778673661388655e-04
6.895000000000000462e+00,-8.330859743815914598e-03,-6.109401275028822180e-03,1.827575042958854855e-04,1.067179911285698021e-04
6.912500000000000533e+00,-8.250644928835100533e-03,-6.050119478338385030e-03,1.792927997788655613e-04,1.046972422583593597e-04
6.930000000000000604e+00,-8.171186773760472782e-03,-5.991396834016667755e-03,1.758940540510327809e-04,1.027148734064447084e-04
6.947500000000000675e+00,-8.092478127820150469e-03,-5.933228061432717880e-03,1.725600029258539641e-04,1.007701516135624562e-04
6.965000000000000746e+00,-8.014511908132997825e-03,-5.875607929993516797e-03,1.692894066856399286e-04,9.886235802998619528e-05
6.982500000000000817e+00,-7.937281099057386449e-03,-5.818531258666229979e-03,1.660810496012298865e-04,9.699078764081085432e-05
7.000000000000000888e+00,-7.860778751546343077e-03,-5.761992915505102786e-03,1.629337394612930944e-04,9.515474899667180383e-05
7.017500000000000959e+00,-7.784997982509010012e-03,-5.705987817182930737e-03,1.598463071110499162e-04,9.335356394978893888e-05
7.035000000000001030e+00,-7.709931974178375717e-03,-5.650510928527084295e-03,1.568176060002185793e-04,9.158656739522772600e-05
7.052500000000001101e+00,-7.635573973485170612e-03,-5.595557262060022255e-03,1.538465117399981049e-04,8.985310701727238533e-05
7.070000000000000284e+00,-7.561917291437918534e-03,-5.541121877544266834e-03,1.509319216689020691e-04,8.815254304080768013e-05
7.087500000000000355e+00,-7.488955302509014630e-03,-5.487199881531771954e-03,1.480727544272605054e-04,8.648424798760796805e-05
7.105000000000000426e+00,-7.416681444026854836e-03,-5.433786426917677770e-03,1.452679495402149602e-04,8.484760643743578671e-05
7.122500000000000497e+00,-7.345089215573863406e-03,-5.380876712498362975e-03,1.425164670090292422e-04,8.324201479385148750e-05
7.140000000000000568e+00,-7.274172178390421982e-03,-5.328465982533788815e-03,1.398172869105481961e-04,8.166688105464016119e-05
7.157500000000000639e+00,-7.203923954784613448e-03,-5.276549526314071488e-03,1.371694090046369358e-04,8.012162458676255967e-05
7.175000000000000711e+00,-7.134338227547735480e-03,-5.225122677730246502e-03,1.345718523494373643e-04,7.860567590573895450e-05
7.192500000000000782e+00,-7.065408739375504850e-03,-5.174180814849189437e-03,1.320236549242826589e-04,7.711847645937710898e-05
7.210000000000000853e+00,-6.997129292294918673e-03,-5.123719359492641921e-03,1.295238732601132416e-04,7.565947841575676013e-05
7.227500000000000924e+00,-6.929493747096694516e-03,-5.073733776820307274e-03,1.270715820772410926e-04,7.422814445538529753e-05
7.245000000000000995e+00,-6.862496022773253816e-03,-5.024219574916969841e-03,1.246658739303129772e-04,7.282394756744096562e-05
7.262500000000001066e+00,-6.796130095962166218e-03,-4.975172304383612860e-03,1.223058588603258918e-04,7.144637085002159677e-05
7.280000000000001137e+00,-6.730390000395026183e-03,-4.926587557932475027e-03,1.199906640535509521e-04,7.009490731431845432e-05
7.297500000000000320e+00,-6.665269826351691643e-03,-4.878460969986023188e-03,1.177194335072257516e-04,6.876905969263682496e-05
7.315000000000000391e+00,-6.600763720119821355e-03,-4.830788216279785670e-03,1.154913277018765084e-04,6.746834025018574508e-05
7.332500000000000462e+00,-6.536865883459699704e-03,-4.783565013469036689e-03,1.133055232801375643e-04,6.619227060056248483e-05
7.350000000000000533e+00,-6.473570573074235307e-03,-4.736787118739252053e-03,1.111612127319335923e-04,6.494038152485668181e-05
7.367500000000000604e+00,-6.410872100084124767e-03,-4.690450329420343088e-03,1.090576040858975385e-04,6.371221279430255347e-05
7.385000000000000675e+00,-6.348764829508120842e-03,-4.644550482604591600e-03,1.069939206068970945e-04,6.250731299640801034e-05
7.402500000000000746e+00,-6.287243179748340863e-03,-4.599083454768280663e-03,1.049694004995459798e-04,6.132523936449128116e-05
7.420000000000000817e+00,-6.226301622080576345e-03,-4.554045161396968328e-03,1.029832966175791989e-04,6.016555761055708399e-05
7.437500000000000888e+00,-6.165934680149556986e-03,-4.509431556614369556e-03,1.010348761789732421e-04,5.902784176144561750e-05
7.455000000000000959e+00,-6.106136929469100499e-03,-4.465238632814812550e-03,9.912342048669544995e-05,5.791167399818912358e-05
7.472500000000001030e+00,-6.046902996927121417e-03,-4.421462420299240859e-03,9.724822465496863377e-05,5.681664449851219596e-05
7.490000000000001101e+00,-5.988227560295438130e-03,-4.378098986914711818e-03,9.540859734093964332e-05,5.574235128241314055e-05
7.507500000000000284e+00,-5.930105347744330478e-03,-4.335144437697373981e-03,9.360386048164292107e-05,5.468840006076504899e-05
7.525000000000000355e+00,-5.872531137361797562e-03,-4.292594914518863686e-03,9.183334903615174684e-05,5.365440408687626974e-05
7.542500000000000426e+00,-5.815499756677488044e-03,-4.250446595736131171e-03,9.009641073281401112e-05,5.263998401095212963e-05
7.560000000000000497e+00,-5.759006082191227456e-03,-4.208695695844611243e-03,8.839240582146818976e-05,5.164476773739920995e-05
7.577500000000000568e+00,-5.703045038906112175e-03,-4.167338465134735014e-03,8.672070683054085771e-05,5.066839028491645577e-05
7.595000000000000639e+00,-5.647611599866129289e-03,-4.126371189351752365e-03,8.508069832892668619e-05,4.971049364931747860e-05
7.612500000000000711e+00,-5.592700785698245976e-03,-4.085790189358816556e-03,8.347177669255520201e-05,4.877072666902985591e-05
7.630000000000000782e+00,-5.538307664158928501e-03,-4.045591820803310160e-03,8.189334987554988839e-05,4.784874489321832181e-05
7.647500000000000853e+00,-5.484427349685049198e-03,-4.005772473786373307e-03,8.034483718588760577e-05,4.694421045247977348e-05
7.665000000000000924e+00,-5.431055002949131995e-03,-3.966328572535616007e-03,7.882566906546778810e-05,4.605679193205916273e-05
7.682500000000000995e+00,-5.378185830418896578e-03,-3.927256575080960779e-03,7.733528687450324189e-05,4.518616424753629118e-05
7.700000000000001066e+00,-5.325815083921065646e-03,-3.888552972933610394e-03,7.587314268014566274e-05,4.433200852293454360e-05
7.717500000000001137e+00,-5.273938060209370192e-03,-3.850214290768092136e-03,7.443869904926124742e-05,4.349401197120362432e-05
7.735000000000000320e+00,-5.222550100536747612e-03,-3.812237086107353456e-03,7.303142884527320247e-05,4.267186777702939118e-05
7.752500000000000391e+00,-5.171646590231639834e-03,-3.774617949010876470e-03,7.165081502898944124e-05,4.186527498192443760e-05
7.770000000000000462e+00,-5.121222958278419217e-03,-3.737353501765799599e-03,7.029635046333681039e-05,4.107393837155505842e-05
7.787500000000000533e+00,-5.071274676901827740e-03,-3.700440398580986511e-03,6.896753772192223833e-05,4.029756836525942896e-05
7.805000000000000604e+00,-5.021797261155443344e-03,-3.663875325284035415e-03,6.766388890134565691e-05,3.953588090771445603e-05
7.822500000000000675e+00,-4.972786268514110125e-03,-3.627654999021196185e-03,6.638492543718899183e-05,3.878859736270856963e-05
7.840000000000000746e+00,-4.924237298470295933e-03,-3.591776167960161487e-03,6.513017792360828223e-05,3.805544440897888300e-05
7.857500000000000817e+00,-4.876145992134345297e-03,-3.556235610995708493e-03,6.389918593645685688e-05,3.733615393807217871e-05
7.875000000000000888e+00,-4.828508031838578234e-03,-3.521030137458163421e-03,6.269149785986918898e-05,3.663046295418949681e-05
7.892500000000000959e+00,-4.781319140745204574e-03,-3.486156586824655079e-03,6.150667071623652825e-05,3.593811347597555806e-05
7.910000000000001030e+00,-4.734575082458019127e-03,-3.451611828433141793e-03,6.034426999950670377e-05,3.525885244021444495e-05
7.927500000000001101e+00,-4.688271660637825626e-03,-3.417392761199172704e-03,5.920386951174199492e-05,3.459243160739412207e-05
7.945000000000001172e+00,-4.642404718621574722e-03,-3.383496313335363458e-03,5.808505120287018784e-05,3.393860746910299378e-05
7.962500000000000355e+00,-4.596970139045157035e-03,-3.349919442073561598e-03,5.698740501356538469e-05,3.329714115722240224e-05
7.980000000000000426e+00,-4.551963843469823516e-03,-3.316659133389660875e-03,5.591052872119604128e-05,3.266779835487963247e-05
7.997500000000000497e+00,-4.507381792012214901e-03,-3.283712401731070981e-03,5.485402778878016805e-05,3.205034920912720454e-05
8.015000000000000568e+00,-4.463219982977932598e-03,-3.251076289746775063e-03,5.381751521688675569e-05,3.144456824531397513e-05
8.032500000000000639e+00,-4.419474452498637143e-03,-3.218747868019980647e-03,5.280061139842595576e-05,3.085023428311515646e-05
8.050000000000000711e+00,-4.376141274172638644e-03,-3.186724234803329711e-03,5.180294397627022835e-05,3.026713035418858433e-05
8.067500000000000782e+00,-4.333216558708934130e-03,-3.155002515756637552e-03,5.082414770365046463e-05,2.969504362142531221e-05
8.085000000000000853e+00,-4.290696453574672706e-03,-3.123579863687144399e-03,4.986386430727206086e-05,2.913376529976318777e-05
8.102500000000000924e+00,-4.248577142645997354e-03,-3.092453458292251153e-03,4.892174235309707946e-05,2.858309057853280691e-05
8.120000000000000995e+00,-4.206854845862251224e-03,-3.061620505904711926e-03,4.799743711473970320e-05,2.804281854530575865e-05
8.137500000000001066e+00,-4.165525818883490314e-03,-3.031078239240268205e-03,4.709061044442325940e-05,2.751275211121574169e-05
8.155000000000001137e+00,-4.124586352751295586e-03,-3.000823917147692112e-03,4.620093064644815463e-05,2.699269793772363503e-05
8.172500000000001208e+00,-4.084032773552830758e-03,-2.970854824361221849e-03,4.532807235312107038e-05,2.648246636479828248e-05
8.190000000000001279e+00,-4.043861442088132752e-03,-2.941168271255360702e-03,4.447171640309676598e-05,2.598187134048524571e-05
8.207500000000001350e+00,-4.004068753540581012e-03,-2.911761593602023562e-03,4.363154972208485864e-05,2.549073035183636312e-05
8.225000000000001421e+00,-3.964651137150539649e-03,-2.882632152329998431e-03,4.280726520587484440e-05,2.500886435717347377e-05
8.242500000000001492e+00,-3.925605055892119472e-03,-2.853777333286713382e-03,4.199856160563362730e-05,2.453609771966020405e-05
8.260000000000001563e+00,-3.886927006153046045e-03,-2.825194547002272960e-03,4.120514341543072477e-05,2.407225814215626392e-05
8.277500000000001634e+00,-3.848613517417586935e-03,-2.796881228455754074e-03,4.042672076194722572e-05,2.361717660332916352e-05
8.294999999999999929e+00,-3.810661151952531196e-03,-2.768834836843732730e-03,3.966300929632551246e-05,2.317068729499879647e-05
8.312500000000000000e+00,-3.773066504496149550e-03,-2.741052855351010838e-03,3.891373008811711723e-05,2.273262756069058328e-05
8.330000000000000071e+00,-3.735826201950177752e-03,-2.713532790923557821e-03,3.817860952128855021e-05,2.230283783537424401e-05
8.347500000000000142e+00,-3.698936903074706486e-03,-2.686272174043595473e-03,3.745737919224303894e-05,2.188116158636408019e-05
8.365000000000000213e+00,-3.662395298186017258e-03,-2.659268558506840824e-03,3.674977580981968975e-05,2.146744525535889889e-05
8.382500000000000284e+00,-3.626198108857301393e-03,-2.632519521201876194e-03,3.605554109723064718e-05,2.106153820159896309e-05
8.400000000000000355e+00,-3.590342087622247838e-03,-2.606022661891622613e-03,3.537442169589829718e-05,2.066329264611829473e-05
8.417500000000000426e+00,-3.554824017681462896e-03,-2.579775602996900105e-03,3.470616907115515017e-05,2.027256361707093068e-05
8.435000000000000497e+00,-3.519640712611703248e-03,-2.553775989382056199e-03,3.405053941976977114e-05,1.988920889611026099e-05
8.452500000000000568e+00,-3.484789016077887575e-03,-2.528021488142636643e-03,3.340729357926295121e-05,1.951308896580086975e-05
8.470000000000000639e+00,-3.450265801547860740e-03,-2.502509788395083576e-03,3.277619693897893146e-05,1.914406695804278026e-05
8.487500000000000711e+00,-3.416067972009890173e-03,-2.477238601068442510e-03,3.215701935287726236e-05,1.878200860348845330e-05
8.505000000000000782e+00,-3.382192459692858876e-03,-2.452205658698054271e-03,3.154953505401158017e-05,1.842678218193312110e-05
8.522500000000000853e+00,-3.348636225789132937e-03,-2.427408715221217143e-03,3.095352257066212365e-05,1.807825847365958182e-05
8.540000000000000924e+00,-3.315396260180080139e-03,-2.402845545774795390e-03,3.036876464408970222e-05,1.773631071171887042e-05
8.557500000000000995e+00,-3.282469581164208870e-03,-2.378513946494764143e-03,2.979504814787926385e-05,1.740081453512859168e-05
8.575000000000001066e+00,-3.249853235187906073e-03,-2.354411734317661195e-03,2.923216400884194919e-05,1.707164794297112053e-05
8.592500000000001137e+00,-3.217544296578743034e-03,-2.330536746783935277e-03,2.867990712944512214e-05,1.674869124937410582e-05
8.610000000000001208e+00,-3.185539867281334675e-03,-2.306886841843169573e-03,2.813807631174048991e-05,1.643182703935620477e-05
8.627500000000001279e+00,-3.153837076595712892e-03,-2.283459897661164421e-03,2.760647418276097485e-05,1.612094012552120549e-05
8.645000000000001350e+00,-3.122433080918205275e-03,-2.260253812428856222e-03,2.708490712135763718e-05,1.581591750558408504e-05
8.662500000000001421e+00,-3.091325063484781470e-03,-2.237266504173064316e-03,2.657318518644847621e-05,1.551664832071283811e-05
8.680000000000001492e+00,-3.060510234116850699e-03,-2.214495910569038058e-03,2.607112204665153421e-05,1.522302381467023342e-05
8.697500000000001563e+00,-3.029985828969487035e-03,-2.191939988754794573e-03,2.557853491127526547e-05,1.493493729374001924e-05
8.715000000000001634e+00,-2.999749110282051625e-03,-2.169596715147225924e-03,2.509524446263962805e-05,1.465228408742232795e-05
8.732500000000001705e+00,-2.969797366131198425e-03,-2.147464085259959219e-03,2.462107478970197895e-05,1.437496150988337028e-05
8.750000000000000000e+00,-2.940127910186236555e-03,-2.125540113522958810e-03,2.415585332296228715e-05,1.410286882214485014e-05
8.767500000000000071e+00,-2.910738081466810248e-03,-2.103822833103836335e-03,2.369941077062248064e-05,1.383590719499856164e-05
8.785000000000000142e+00,-2.881625244102918506e-03,-2.082310295730884202e-03,2.325158105597615959e-05,1.357397967263256667e-05
8.802500000000000213e+00,-2.852786787097195097e-03,-2.061000571517781349e-03,2.281220125600372207e-05,1.331699113695459233e-05
8.820000000000000284e+00,-2.824220124089464948e-03,-2.039891748789974743e-03,2.238111154115015114e-05,1.306484827259959051e-05
8.837500000000000355e+00,-2.795922693123545268e-03,-2.018981933912719282e-03,2.195815511626212231e-05,1.281745953260801534e-05
8.855000000000000426e+00,-2.767891956416266685e-03,-1.998269251120757001e-03,2.154317816266190037e-05,1.257473510476191327e-05
8.872500000000000497e+00,-2.740125400128694006e-03,-1.977751842349617824e-03,2.113602978133589439e-05,1.233658687856603211e-05
8.890000000000000568e+00,-2.712620534139528836e-03,-1.957427867068535759e-03,2.073656193721616631e-05,1.210292841286155695e-05
8.907500000000000639e+00,-2.685374891820666715e-03,-1.937295502114950866e-03,2.034462940453366669e-05,1.187367490406015199e-05
8.925000000000000711e+00,-2.658386029814894472e-03,-1.917352941530598050e-03,1.996008971322227920e-05,1.164874315498638724e-05
8.942500000000000782e+00,-2.631651527815703079e-03,-1.897598396399153209e-03,1.958280309635331793e-05,1.142805154431675421e-05
8.960000000000000853e+00,-2.605168988349195608e-03,-1.878030094685432388e-03,1.921263243858038931e-05,1.121151999660375264e-05
8.977500000000000924e+00,-2.578936036558072097e-03,-1.858646281076124437e-03,1.884944322557502514e-05,1.099906995287375061e-05
8.995000000000000995e+00,-2.552950319987670053e-03,-1.839445216822042191e-03,1.849310349443379118e-05,1.079062434178752525e-05
9.012500000000001066e+00,-2.527209508374040660e-03,-1.820425179581880481e-03,1.814348378503807409e-05,1.058610755135263859e-05
9.030000000000001137e+00,-2.501711293434040299e-03,-1.801584463267465576e-03,1.780045709234797624e-05,1.038544540117696759e-05
9.047500000000001208e+00,-2.476453388657421338e-03,-1.782921377890480438e-03,1.746389881961223271e-05,1.018856511525298496e-05
9.065000000000001279e+00,-2.451433529100897034e-03,-1.764434249410655594e-03,1.713368673247637610e-05,9.995395295262512903e-06
9.082500000000001350e+00,-2.426649471184167978e-03,-1.746121419585407869e-03,1.680970091397168697e-05,9.805865894391934586e-06
9.100000000000001421e+00,-2.402098992487885359e-03,-1.727981245820915234e-03,1.649182372036791795e-05,9.619908191648007061e-06
9.117500000000001492e+00,-2.377779891553537597e-03,-1.710012101024614792e-03,1.617993973787295250e-05,9.437454766664631479e-06
9.135000000000001563e+00,-2.353689987685236504e-03,-1.692212373459109137e-03,1.587393574016308118e-05,9.258439474991109007e-06
9.152500000000001634e+00,-2.329827120753389953e-03,-1.674580466597469378e-03,1.557370064672774411e-05,9.082797423852626077e-06
9.170000000000001705e+00,-2.306189151000238077e-03,-1.657114798979920532e-03,1.527912548201295438e-05,8.910464948373827799e-06
9.187500000000000000e+00,-2.282773958847241283e-03,-1.639813804071898855e-03,1.499010333534800495e-05,8.741379588256624654e-06
9.205000000000000071e+00,-2.259579444704284956e-03,-1.622675930123457060e-03,1.470652932164011602e-05,8.575480064903353853e-06
9.222500000000000142e+00,-2.236603528780722102e-03,-1.605699640030032157e-03,1.442830054282255205e-05,8.412706258976987688e-06
9.240000000000000213e+00,-2.213844150898184975e-03,-1.588883411194526481e-03,1.415531605004109572e-05,8.252999188389627139e-06
9.257500000000000284e+00,-2.191299270305186505e-03,-1.572225735390719468e-03,1.388747680656502133e-05,8.096300986711303402e-06
9.275000000000000355e+00,-2.168966865493482474e-03,-1.555725118627981343e-03,1.362468565140835957e-05,7.942554881990889745e-06
9.292500000000000426e+00,-2.146844934016172313e-03,-1.539380081017285460e-03,1.336684726364778761e-05,7.791705175981227644e-06
9.310000000000000497e+00,-2.124931492307532022e-03,-1.523189156638500878e-03,1.311386812742364102e-05,7.643697223760669428e-06
9.327500000000000568e+00,-2.103224575504552326e-03,-1.507150893408958862e-03,1.286565649761088648e-05,7.498477413743444617e-06
9.345000000000000639e+00,-2.081722237270173387e-03,-1.491263852953276202e-03,1.262212236614707526e-05,7.355993148071352029e-06
9.362500000000000711e+00,-2.060422549618197430e-03,-1.475526610474427744e-03,1.238317742900462273e-05,7.216192823379455887e-06
9.380000000000000782e+00,-2.039323602739858896e-03,-1.459937754626055781e-03,1.214873505379494744e-05,7.079025811928609035e-06
9.397500000000000853e+00,-2.018423504832042581e-03,-1.444495887386002854e-03,1.191871024799229097e-05,6.944442443097738145e-06
9.415000000000000924e+00,-1.997720381927131552e-03,-1.429199623931060167e-03,1.169301962776523820e-05,6.812393985228999467e-06
9.432500000000000995e+00,-1.977212377724467483e-03,-1.414047592512916209e-03,1.147158138740424893e-05,6.682832627819016142e-06
9.450000000000001066e+00,-1.956897653423408674e-03,-1.399038434335299298e-03,1.125431526933366426e-05,6.555711464049551270e-06
9.467500000000001137e+00,-1.936774387557972958e-03,-1.384170803432299094e-03,1.104114253469693910e-05,6.430984473651116587e-06
9.485000000000001208e+00,-1.916840775833044460e-03,-1.369443366547858608e-03,1.083198593450405217e-05,6.308606506093107271e-06
9.502500000000001279e+00,-1.897095030962138353e-03,-1.354854803016426528e-03,1.062676968133024128e-05,6.188533264094214293e-06
9.520000000000001350e+00,-1.877535382506697378e-03,-1.340403804644755550e-03,1.042541942155545053e-05,6.070721287446957254e-06
9.537500000000001421e+00,-1.858160076716915132e-03,-1.326089075594842582e-03,1.022786220813408284e-05,5.955127937150322060e-06
9.555000000000001492e+00,-1.838967376374066190e-03,-1.311909332267993059e-03,1.003402647388481039e-05,5.841711379844588618e-06
9.572500000000001563e+00,-1.819955560634328945e-03,-1.297863303190006966e-03,9.843842005290461469e-06,5.730430572542559919e-06
9.590000000000001634e+00,-1.801122924874089693e-03,-1.283949728897469666e-03,9.657239916798154915e-06,5.621245247651508080e-06
9.607500000000001705e+00,-1.782467780536709520e-03,-1.270167361825141460e-03,9.474152625610042714e-06,5.514115898280262167e-06
9.625000000000001776e+00,-1.763988454980744457e-03,-1.256514966194436766e-03,9.294513826955221587e-06,5.409003763825985449e-06
9.642500000000000071e+00,-1.745683291329602630e-03,-1.242991317902979046e-03,9.118258469833594369e-06,5.305870815835274438e-06
9.660000000000000142e+00,-1.727550648322616301e-03,-1.229595204415222590e-03,8.945322733222465494e-06,5.204679744134287452e-06
9.677500000000000213e+00,-1.709588900167541801e-03,-1.216325424654142668e-03,8.775644002737261338e-06,5.105393943222886570e-06
9.695000000000000284e+00,-1.691796436394436831e-03,-1.203180788893964785e-03,8.609160847737286747e-06,5.007977498927533752e-06
9.712500000000000355e+00,-1.674171661710929446e-03,-1.190160118653939107e-03,8.445812998868210066e-06,4.912395175308159628e-06
9.730000000000000426e+00,-1.656712995858854870e-03,-1.177262246593147044e-03,8.285541326032802941e-06,4.818612401814050650e-06
9.747500000000000497e+00,-1.639418873472248432e-03,-1.164486016406327852e-03,8.128287816781708516e-06,4.726595260684029024e-06
9.765000000000000568e+00,-1.622287743936680305e-03,-1.151830282720721355e-03,7.973995555116174258e-06,4.636310474586239617e-06
9.782500000000000639e+00,-1.605318071249922738e-03,-1.139293910993911590e-03,7.822608700694826290e-06,4.547725394492953793e-06
9.800000000000000711e+00,-1.588508333883931981e-03,-1.126875777412670102e-03,7.674072468436751794e-06,4.460807987785902569e-06
9.817500000000000782e+00,-1.571857024648137769e-03,-1.114574768792784111e-03,7.528333108513251798e-06,4.375526826587732849e-06
9.835000000000000853e+00,-1.555362650554021698e-03,-1.102389782479863732e-03,7.385337886720825717e-06,4.291851076315253301e-06
9.852500000000000924e+00,-1.539023732680978428e-03,-1.090319726251119973e-03,7.245035065228056549e-06,4.209750484450244885e-06
9.870000000000000995e+00,-1.522838806043442161e-03,-1.078363518218105081e-03,7.107373883689237637e-06,4.129195369523655070e-06
9.887500000000001066e+00,-1.506806419459269693e-03,-1.066520086730405031e-03,6.972304540717689417e-06,4.050156610309126086e-06
9.905000000000001137e+00,-1.490925135419365107e-03,-1.054788370280280909e-03,6.839778175711882339e-06,3.972605635221831249e-06
9.922500000000001208e+00,-1.475193529958537635e-03,-1.043167317408245096e-03,6.709746851027589681e-06,3.896514411918715395e-06
9.940000000000001279e+00,-1.459610192527577288e-03,-1.031655886609568560e-03,6.582163534489443928e-06,3.821855437096282887e-06
9.957500000000001350e+00,-1.444173725866538084e-03,-1.020253046241712327e-03,6.456982082235388108e-06,3.748601726482164298e-06
9.975000000000001421e+00,-1.428882745879218657e-03,-1.008957774432669898e-03,6.334157221887638006e-06,3.676726805016760267e-06
9.992500000000001492e+00,-1.413735881508825952e-03,-9.977690589902199567e-04,6.213644536043908371e-06,3.606204697221332545e-06
1.001000000000000156e+01,-1.398731774614812243e-03,-9.866858973120768046e-04,6.095400446082759609e-06,3.537009917748990209e-06
1.002750000000000163e+01,-1.383869079850873988e-03,-9.757072962969350408e-04,5.979382196277049319e-06,3.469117462115068985e-06
1.004500000000000171e+01,-1.369146464544102309e-03,-9.648322722563971087e-04,5.865547838209595864e-06,3.402502797603489285e-06
1.006250000000000178e+01,-1.354562608575270383e-03,-9.540598508277811076e-04,5.753856215485254345e-06,3.337141854345735753e-06
1.008000000000000185e+01,-1.340116204260251862e-03,-9.433890668877984581e-04,5.644266948733746807e-06,3.273011016569158267e-06
1.009750000000000014e+01,-1.325805956232557108e-03,-9.328189644670967619e-04,5.536740420897674031e-06,3.210087114011378227e-06
1.011500000000000021e+01,-1.311630581326969028e-03,-9.223485966656557117e-04,5.431237762800204898e-06,3.148347413497591554e-06
1.013250000000000028e+01,-1.297588808464289999e-03,-9.119770255690437489e-04,5.327720838987240015e-06,3.087769610677758901e-06
1.015000000000000036e+01,-1.283679378537159327e-03,-9.017033221655079310e-04,5.226152233838591294e-06,3.028331821920506280e-06
1.016750000000000043e+01,-1.269901044296952320e-03,-8.915265662639081752e-04,5.126495237943188492e-06,2.970012576360848984e-06
1.018500000000000050e+01,-1.256252570241745553e-03,-8.814458464124803752e-04,5.028713834733205927e-06,2.912790808098760221e-06
1.020250000000000057e+01,-1.242732732505332080e-03,-8.714602598184253545e-04,4.932772687372158475e-06,2.856645848545726996e-06
1.022000000000000064e+01,-1.229340318747284416e-03,-8.615689122683173676e-04,4.838637125892123504e-06,2.801557418916470066e-06
1.023750000000000071e+01,-1.216074128044050554e-03,-8.517709180493249948e-04,4.746273134575319113e-06,2.747505622863056075e-06
1.025500000000000078e+01,-1.202932970781072372e-03,-8.420653998712390080e-04,4.655647339575370672e-06,2.694470939248703622e-06
1.027250000000000085e+01,-1.189915668545921254e-03,-8.324514887893022215e-04,4.566726996773689138e-06,2.642434215058608349e-06
1.029000000000000092e+01,-1.177021054022434846e-03,-8.229283241278352546e-04,4.479479979866460876e-06,2.591376658445192584e-06
1.030750000000000099e+01,-1.164247970885851080e-03,-8.134950534046507271e-04,4.393874768677852868e-06,2.541279831905208783e-06
1.032500000000000107e+01,-1.151595273698925552e-03,-8.041508322562542594e-04,4.309880437695110065e-06,2.492125645586192533e-06
1.034250000000000114e+01,-1.139061827809023609e-03,-7.948948243638231720e-04,4.227466644821302936e-06,2.443896350719806171e-06
1.036000000000000121e+01,-1.126646509246181276e-03,-7.857262013799601709e-04,4.146603620341577295e-06,2.396574533179654316e-06
1.037750000000000128e+01,-1.114348204622118326e-03,-7.766441428562155178e-04,4.067262156098821162e-06,2.350143107161201746e-06
1.039500000000000135e+01,-1.102165811030203068e-03,-7.676478361713733435e-04,3.989413594874762531e-06,2.304585308981481208e-06
1.041250000000000142e+01,-1.090098235946351498e-03,-7.587364764604967969e-04,3.913029819972568649e-06,2.259884690996299108e-06
1.043000000000000149e+01,-1.078144397130857126e-03,-7.499092665447277964e-04,3.838083244997102128e-06,2.216025115632714751e-06
1.044750000000000156e+01,-1.066303222531139782e-03,-7.411654168618364005e-04,3.764546803829070522e-06,2.172990749534603993e-06
1.046500000000000163e+01,-1.054573650185406004e-03,-7.325041453975149157e-04,3.692393940789361905e-06,2.130766057819141851e-06
1.048250000000000171e+01,-1.042954628127209767e-03,-7.239246776174130572e-04,3.621598600989940304e-06,2.089335798442118691e-06
1.050000000000000178e+01,-1.031445114290908309e-03,-7.154262463999094997e-04,3.552135220867750223e-06,2.048685016670002462e-06
1.051750000000000185e+01,-1.020044076418000732e-03,-7.070080919696155892e-04,3.483978718898128623e-06,2.008799039656729363e-06
1.053500000000000014e+01,-1.008750491964342626e-03,-6.986694618316081819e-04,3.417104486484320562e-06,1.969663471123236638e-06
1.055250000000000021e+01,-9.975633480082252407e-04,-6.904096107063820674e-04,3.351488379019691291e-06,1.931264186137760103e-06
1.057000000000000028e+01,-9.864816411593207209e-04,-6.822278004655323849e-04,3.287106707119448716e-06,1.893587325995042255e-06
1.058750000000000036e+01,-9.755043774684684591e-04,-6.741233000681442654e-04,3.223936228018511777e-06,1.856619293192497066e-06
1.060500000000000043e+01,-9.646305723383077815e-04,-6.660953854979006486e-04,3.161954137132455981e-06,1.820346746501547815e-06
1.062250000000000050e+01,-9.538592504347434076e-04,-6.581433397008989517e-04,3.101138059778390179e-06,1.784756596132309023e-06
1.064000000000000057e+01,-9.431894455992357717e-04,-6.502664525241744209e-04,3.041466043052725448e-06,1.749835998989844706e-06
1.065750000000000064e+01,-9.326202007619079646e-04,-6.424640206549266964e-04,2.982916547862843929e-06,1.715572354020268246e-06
1.067500000000000071e+01,-9.221505678554622496e-04,-6.347353475604472061e-04,2.925468441109742396e-06,1.681953297644975400e-06
1.069250000000000078e+01,-9.117796077298969369e-04,-6.270797434287440257e-04,2.869100988018765982e-06,1.648966699281345188e-06
1.071000000000000085e+01,-9.015063900680166760e-04,-6.194965251098611715e-04,2.813793844615621607e-06,1.616600656948260750e-06
1.072750000000000092e+01,-8.913299933017265189e-04,-6.119850160578911309e-04,2.759527050344897927e-06,1.584843492954854587e-06
1.074500000000000099e+01,-8.812495045291048740e-04,-6.045445462736761871e-04,2.706281020828382134e-06,1.553683749670887649e-06
1.076250000000000107e+01,-8.712640194322440745e-04,-5.971744522481982126e-04,2.654036540760508859e-06,1.523110185377225985e-06
1.078000000000000114e+01,-8.613726421958544429e-04,-5.898740769066528099e-04,2.602774756938338652e-06,1.493111770194893251e-06
1.079750000000000121e+01,-8.515744854266205739e-04,-5.826427695532080189e-04,2.552477171423491491e-06,1.463677682091210622e-06
1.081500000000000128e+01,-8.418686700733052841e-04,-5.754798858164440105e-04,2.503125634833540810e-06,1.434797302961567012e-06
1.083250000000000135e+01,-8.322543253475923365e-04,-5.683847875954718167e-04,2.454702339760392162e-06,1.406460214785384716e-06
1.085000000000000142e+01,-8.227305886456601344e-04,-5.613568430067325055e-04,2.407189814313232901e-06,1.378656195854880972e-06
1.086750000000000149e+01,-8.132966054704797703e-04,-5.543954263314708388e-04,2.360570915783687117e-06,1.351375217075244354e-06
1.088500000000000156e+01,-8.039515293548302752e-04,-5.474999179638867725e-04,2.314828824430846490e-06,1.324607438334876035e-06
1.090250000000000163e+01,-7.946945217850221767e-04,-5.406697043599601382e-04,2.269947037383897268e-06,1.298343204944372643e-06
1.092000000000000171e+01,-7.855247521253240538e-04,-5.339041779869500241e-04,2.225909362660109736e-06,1.272573044142950730e-06
1.093750000000000178e+01,-7.764413975430840657e-04,-5.272027372735670113e-04,2.182699913295989607e-06,1.247287661671036580e-06
1.095500000000000185e+01,-7.674436429345391896e-04,-5.205647865608180498e-04,2.140303101589447045e-06,1.222477938407774535e-06
1.097250000000000192e+01,-7.585306808513049039e-04,-5.139897360535233221e-04,2.098703633450864060e-06,1.198134927072224780e-06
1.099000000000000021e+01,-7.497017114275400041e-04,-5.074770017725066138e-04,2.057886502861001979e-06,1.174249848987053741e-06
1.100750000000000028e+01,-7.409559423077737581e-04,-5.010260055074534447e-04,2.017836986433683510e-06,1.150814090903519172e-06
1.102500000000000036e+01,-7.322925885754012548e-04,-4.946361747704488849e-04,1.978540638081326193e-06,1.127819201886633971e-06
1.104250000000000043e+01,-7.237108726818234196e-04,-4.883069427501811810e-04,1.939983283781287185e-06,1.105256890259323299e-06
1.106000000000000050e+01,-7.152100243762370092e-04,-4.820377482668223028e-04,1.902151016441161390e-06,1.083119020604499269e-06
1.107750000000000057e+01,-7.067892806360640684e-04,-4.758280357275812382e-04,1.865030190861133895e-06,1.061397610823947197e-06
1.109500000000000064e+01,-6.984478855980125016e-04,-4.696772550829335043e-04,1.828607418791536584e-06,1.040084829252957205e-06
1.111250000000000071e+01,-6.901850904897639631e-04,-4.635848617835259004e-04,1.792869564083807921e-06,1.019172991829649592e-06
1.113000000000000078e+01,-6.820001535622798516e-04,-4.575503167377598080e-04,1.757803737933074588e-06,9.986545593179660897e-07
1.114750000000000085e+01,-6.738923400227209625e-04,-4.515730862700534733e-04,1.723397294210615184e-06,9.785221345833167188e-07
1.116500000000000092e+01,-6.658609219679723426e-04,-4.456526420797858189e-04,1.689637824884498355e-06,9.587684599198943742e-07
1.118250000000000099e+01,-6.579051783187677077e-04,-4.397884612009236274e-04,1.656513155526716968e-06,9.393864144286810565e-07
1.120000000000000107e+01,-6.500243947544078957e-04,-4.339800259623344844e-04,1.624011340905176556e-06,9.203690114452023578e-07
1.121750000000000114e+01,-6.422178636480641370e-04,-4.282268239487876460e-04,1.592120660658923821e-06,9.017093960160862923e-07
1.123500000000000121e+01,-6.344848840026633260e-04,-4.225283479626467916e-04,1.560829615055031639e-06,8.834008424235207812e-07
1.125250000000000128e+01,-6.268247613873455335e-04,-4.168840959862561766e-04,1.530126920825592427e-06,8.654367517567031493e-07
1.127000000000000135e+01,-6.192368078744897499e-04,-4.112935711450250130e-04,1.500001507083291184e-06,8.478106495294085535e-07
1.128750000000000142e+01,-6.117203419773003777e-04,-4.057562816712124054e-04,1.470442511314069950e-06,8.305161833428096647e-07
1.130500000000000149e+01,-6.042746885879487270e-04,-4.002717408684175623e-04,1.441439275445414961e-06,8.135471205927013101e-07
1.132250000000000156e+01,-5.968991789162626837e-04,-3.948394670767791281e-04,1.412981341988827994e-06,7.968973462203030555e-07
1.134000000000000163e+01,-5.895931504289593462e-04,-3.894589836388879221e-04,1.385058450255074792e-06,7.805608605058219164e-07
1.135750000000000171e+01,-5.823559467894127159e-04,-3.841298188664179049e-04,1.357660532640823113e-06,7.645317769039796220e-07
1.137500000000000178e+01,-5.751869177979522128e-04,-3.788515060074804726e-04,1.330777710985316013e-06,7.488043199207218808e-07
1.139250000000000185e+01,-5.680854193326849693e-04,-3.736235832147071162e-04,1.304400292995745629e-06,7.333728230303413869e-07
1.141000000000000192e+01,-5.610508132908348551e-04,-3.684455935140665207e-04,1.278518768740021366e-06,7.182317266322635687e-07
1.142750000000000021e+01,-5.540824675305950882e-04,-3.633170847744216858e-04,1.253123807205656191e-06,7.033755760467592182e-07
1.144500000000000028e+01,-5.471797558134816391e-04,-3.582376096778315685e-04,1.228206252923491826e-06,6.887990195488505776e-07
1.146250000000000036e+01,-5.403420577471939332e-04,-3.532067256906099863e-04,1.203757122655074228e-06,6.744968064397276443e-07
1.148000000000000043e+01,-5.335687587289614925e-04,-3.482239950351395598e-04,1.179767602142410503e-06,6.604637851549474111e-07
1.149750000000000050e+01,-5.268592498893816126e-04,-3.432889846624557627e-04,1.156229042918963981e-06,6.466949014087594852e-07
1.151500000000000057e+01,-5.202129280367378834e-04,-3.384012662256044427e-04,1.133132959180701373e-06,6.331851963738805659e-07
1.153250000000000064e+01,-5.136291956017936984e-04,-3.335604160537824613e-04,1.110471024716054892e-06,6.199298048960657756e-07
1.155000000000000071e+01,-5.071074605830555495e-04,-3.287660151272699637e-04,1.088235069893674038e-06,6.069239537428361725e-07
1.156750000000000078e+01,-5.006471364924999258e-04,-3.240176490531615429e-04,1.066417078706869937e-06,5.941629598857329908e-07
1.158500000000000085e+01,-4.942476423017574212e-04,-3.193149080419077916e-04,1.045009185873666965e-06,5.816422288154844056e-07
1.160250000000000092e+01,-4.879084023887483574e-04,-3.146573868846743957e-04,1.024003673991407113e-06,5.693572528894797221e-07
1.162000000000000099e+01,-4.816288464847648279e-04,-3.100446849315309679e-04,1.003392970744862259e-06,5.573036097109625138e-07
1.163750000000000107e+01,-4.754084096219916801e-04,-3.054764060704783500e-04,9.831696461668368717e-07,5.454769605393599505e-07
1.165500000000000114e+01,-4.692465320814617757e-04,-3.009521587073263078e-04,9.633264099502586632e-07,5.338730487311847218e-07
1.167250000000000121e+01,-4.631426593414390770e-04,-2.964715557464326257e-04,9.438561088107733720e-07,5.224876982109504084e-07
1.169000000000000128e+01,-4.570962420262238124e-04,-2.920342145723153087e-04,9.247517238988808089e-07,5.113168119715578825e-07
1.170750000000000135e+01,-4.511067358553739765e-04,-2.876397570321504154e-04,9.060063682606659240e-07,5.003563706036187890e-07
1.172500000000000142e+01,-4.451736015933364953e-04,-2.832878094191680976e-04,8.876132843461940055e-07,4.896024308531933819e-07
1.174250000000000149e+01,-4.392963049994835041e-04,-2.789780024569603464e-04,8.695658415646607217e-07,4.790511242074316380e-07
1.176000000000000156e+01,-4.334743167785463100e-04,-2.747099712847140499e-04,8.518575338854016906e-07,4.686986555076170511e-07
1.177750000000000163e+01,-4.277071125314423246e-04,-2.704833554433839463e-04,8.344819774838833109e-07,4.585413015891223564e-07
1.179500000000000171e+01,-4.219941727064884592e-04,-2.662977988628198369e-04,8.174329084318141625e-07,4.485754099477968664e-07
1.181250000000000178e+01,-4.163349825509948593e-04,-2.621529498498644862e-04,8.007041804305297333e-07,4.387973974323166885e-07
1.183000000000000185e+01,-4.107290320632338808e-04,-2.580484610774373862e-04,7.842897625868224943e-07,4.292037489620364589e-07
1.184750000000000192e+01,-4.051758159447771531e-04,-2.539839895746210286e-04,7.681837372304006815e-07,4.197910162698942458e-07
1.186500000000000199e+01,-3.996748335531960668e-04,-2.499591967177680076e-04,7.523802977721769234e-07,4.105558166699278421e-07
1.188250000000000028e+01,-3.942255888551189093e-04,-2.459737482226454874e-04,7.368737466026038453e-07,4.014948318489737962e-07
1.190000000000000036e+01,-3.888275903796364094e-04,-2.420273141376348420e-04,7.216584930292748392e-07,3.926048066821219042e-07
1.191750000000000043e+01,-3.834803511720574244e-04,-2.381195688380108625e-04,7.067290512530591147e-07,3.838825480715273253e-07
1.193500000000000050e+01,-3.781833887479976405e-04,-2.342501910213121326e-04,6.920800383819947262e-07,3.753249238081589718e-07
1.195250000000000057e+01,-3.729362250478038330e-04,-2.304188637038298126e-04,6.777061724822369622e-07,3.669288614561043871e-07
1.197000000000000064e+01,-3.677383863913036592e-04,-2.266252742182334537e-04,6.636022706653323781e-07,3.586913472590412111e-07
1.198750000000000071e+01,-3.625894034328760486e-04,-2.228691142123561493e-04,6.497632472111222100e-07,3.506094250684990445e-07
1.200500000000000078e+01,-3.574888111168357963e-04,-2.191500796491621173e-04,6.361841117255802876e-07,3.426801952935472763e-07
1.202250000000000085e+01,-3.524361486331257978e-04,-2.154678708079201595e-04,6.228599673329106757e-07,3.349008138715467679e-07
1.204000000000000092e+01,-3.474309593733110714e-04,-2.118221922866071749e-04,6.097860089012386430e-07,3.272684912596182159e-07
1.205750000000000099e+01,-3.424727908868683895e-04,-2.082127530055676403e-04,5.969575213012396713e-07,3.197804914464846221e-07
1.207500000000000107e+01,-3.375611948377647397e-04,-2.046392662124543467e-04,5.843698776970675257e-07,3.124341309843540333e-07
1.209250000000000114e+01,-3.326957269613183303e-04,-2.011014494884780658e-04,5.720185378689475919e-07,3.052267780405187205e-07
1.211000000000000121e+01,-3.278759470213363377e-04,-1.975990247559933875e-04,5.598990465668176776e-07,2.981558514683532647e-07
1.212750000000000128e+01,-3.231014187675219701e-04,-1.941317182874501912e-04,5.480070318944081070e-07,2.912188198974025958e-07
1.214500000000000135e+01,-3.183717098931451543e-04,-1.906992607157399701e-04,5.363382037231613038e-07,2.844132008422598683e-07
1.216250000000000142e+01,-3.136863919929694746e-04,-1.873013870459680442e-04,5.248883521354055631e-07,2.777365598299407314e-07
1.218000000000000149e+01,-3.090450405214296699e-04,-1.839378366686834291e-04,5.136533458962042765e-07,2.711865095454698660e-07
1.219750000000000156e+01,-3.044472347510521009e-04,-1.806083533745990487e-04,5.026291309533136276e-07,2.647607089954018559e-07
1.221500000000000163e+01,-2.998925577311117906e-04,-1.773126853708362823e-04,4.918117289646919410e-07,2.584568626890070381e-07
1.223250000000000171e+01,-2.953805962465194776e-04,-1.740505852987287024e-04,4.811972358530115933e-07,2.522727198368617607e-07
1.225000000000000178e+01,-2.909109407769310939e-04,-1.708218102532212709e-04,4.707818203866351458e-07,2.462060735665877777e-07
1.226750000000000185e+01,-2.864831854560731614e-04,-1.676261218039021533e-04,4.605617227865268848e-07,2.402547601554948204e-07
1.228500000000000192e+01,-2.820969280312772770e-04,-1.644632860177057225e-04,4.505332533585772564e-07,2.344166582798882243e-07
1.230250000000000199e+01,-2.777517698232158795e-04,-1.613330734833264067e-04,4.406927911508293806e-07,2.286896882808091549e-07
1.232000000000000028e+01,-2.734473156858326852e-04,-1.582352593373847973e-04,4.310367826351044042e-07,2.230718114459853493e-07
1.233750000000000036e+01,-2.691831739664584679e-04,-1.551696232923861600e-04,4.215617404125244573e-07,2.175610293077721985e-07
1.235500000000000043e+01,-2.649589564661103402e-04,-1.521359496665201385e-04,4.122642419424597774e-07,2.121553829568840072e-07
1.237250000000000050e+01,-2.607742783999591942e-04,-1.491340274153400843e-04,4.031409282944013622e-07,2.068529523717030884e-07
1.239000000000000057e+01,-2.566287583579635132e-04,-1.461636501653730807e-04,3.941885029223017014e-07,2.016518557629808768e-07
1.240750000000000064e+01,-2.525220182656596341e-04,-1.432246162497071167e-04,3.854037304609118413e-07,1.965502489337420650e-07
1.242500000000000071e+01,-2.484536833451009242e-04,-1.403167287456049610e-04,3.767834355436598744e-07,1.915463246542125382e-07
1.244250000000000078e+01,-2.444233820759381766e-04,-1.374397955141952584e-04,3.683245016416185909e-07,1.866383120516009298e-07
1.246000000000000085e+01,-2.404307461566323578e-04,-1.345936292422944363e-04,3.600238699231193456e-07,1.818244760145683119e-07
1.247750000000000092e+01,-2.364754104657927451e-04,-1.317780474864126540e-04,3.518785381335750730e-07,1.771031166122314885e-07
1.249500000000000099e+01,-2.325570130236310183e-04,-1.289928727190003661e-04,3.438855594950802506e-07,1.724725685275493579e-07
1.251250000000000107e+01,-2.286751949535235548e-04,-1.262379323769928236e-04,3.360420416253647183e-07,1.679312005049522934e-07
1.253000000000000114e+01,-2.248296004436728759e-04,-1.235130589127120921e-04,3.283451454756812785e-07,1.634774148120803924e-07
1.254750000000000121e+01,-2.210198767088599207e-04,-1.208180898471880875e-04,3.207920842872148882e-07,1.591096467155045724e-07
1.256500000000000128e+01,-2.172456739522780162e-04,-1.181528678259613236e-04,3.133801225656052813e-07,1.548263639703125901e-07
1.258250000000000135e+01,-2.135066453274393793e-04,-1.155172406774331143e-04,3.061065750731817370e-07,1.506260663234493672e-07
1.260000000000000142e+01,-2.098024469001453975e-04,-1.129110614738300990e-04,2.989688058385127910e-07,1.465072850307087604e-07
1.261750000000000149e+01,-2.061327376105109030e-04,-1.103341885948522910e-04,2.919642271828784989e-07,1.424685823872825970e-07
1.263500000000000156e+01,-2.024971792350329801e-04,-1.077864857940761910e-04,2.850902987632789543e-07,1.385085512717798109e-07
1.265250000000000163e+01,-1.988954363486947923e-04,-1.052678222681864356e-04,2.783445266315959369e-07,1.346258147036374600e-07
1.267000000000000171e+01,-1.953271762870944009e-04,-1.027780727291119692e-04,2.717244623095298604e-07,1.308190254138528465e-07
1.268750000000000178e+01,-1.917920691085884361e-04,-1.003171174791446529e-04,2.652277018789376857e-07,1.270868654289751692e-07
1.270500000000000185e+01,-1.882897875564402686e-04,-9.788484248912098797e-05,2.588518850872015395e-07,1.234280456683022882e-07
1.272250000000000192e+01,-1.848200070209626779e-04,-9.548113947975009959e-05,2.525946944672629673e-07,1.198413055542382367e-07
1.274000000000000199e+01,-1.813824055016434185e-04,-9.310590600617325288e-05,2.464538544719581201e-07,1.163254126357744632e-07
1.275750000000000206e+01,-1.779766635692438151e-04,-9.075904554584339912e-05,2.404271306222964266e-07,1.128791622250672617e-07
1.277500000000000036e+01,-1.746024643278586532e-04,-8.844046758981547309e-05,2.345123286693254890e-07,1.095013770470931790e-07
1.279250000000000043e+01,-1.712594933769246504e-04,-8.615008773754000496e-05,2.287072937692262364e-07,1.061909069023705668e-07
1.281000000000000050e+01,-1.679474387731704627e-04,-8.388782779525978011e-05,2.230099096712963455e-07,1.029466283427521228e-07
1.282750000000000057e+01,-1.646659909924899287e-04,-8.165361587810440074e-05,2.174180979184612269e-07,9.976744436029090881e-08
1.284500000000000064e+01,-1.614148428917313975e-04,-7.944738651598855401e-05,2.119298170599765935e-07,9.665228408920360265e-08
1.286250000000000071e+01,-1.581936896703885014e-04,-7.726908076341828689e-05,2.065430618759739007e-07,9.360010252095766534e-08
1.288000000000000078e+01,-1.550022288321804766e-04,-7.511864631331399255e-05,2.012558626135081223e-07,9.060988023252190306e-08
1.289750000000000085e+01,-1.518401601465087757e-04,-7.299603761496241817e-05,1.960662842337663247e-07,8.768062312782903594e-08
1.291500000000000092e+01,-1.487071856097766374e-04,-7.090121599621289046e-05,1.909724256700983566e-07,8.481136219251008192e-08
1.293250000000000099e+01,-1.456030094065584670e-04,-6.883414979003658766e-05,1.859724190965308960e-07,8.200115326197123005e-08
1.295000000000000107e+01,-1.425273378706047437e-04,-6.679481446557172504e-05,1.810644292064276802e-07,7.924907680289447878e-08
1.296750000000000114e+01,-1.394798794456686029e-04,-6.478319276378034027e-05,1.762466525009587486e-07,7.655423770825515975e-08
1.298500000000000121e+01,-1.364603446461392961e-04,-6.279927483784697234e-05,1.715173165870420551e-07,7.391576510596054554e-08
1.300250000000000128e+01,-1.334684460174678897e-04,-6.084305839845322142e-05,1.668746794844209920e-07,7.133281218122651124e-08
1.302000000000000135e+01,-1.305038980963699169e-04,-5.891454886406572724e-05,1.623170289415403630e-07,6.880455601282057532e-08
1.303750000000000142e+01,-1.275664173707892880e-04,-5.701375951638026066e-05,1.578426817598837657e-07,6.633019742331313175e-08
1.305500000000000149e+01,-1.246557222396078466e-04,-5.514071166106767230e-05,1.534499831264338871e-07,6.390896084349105968e-08
1.307250000000000156e+01,-1.217715329720836455e-04,-5.329543479397297150e-05,1.491373059539159737e-07,6.154009419110139685e-08
1.309000000000000163e+01,-1.189135716670018813e-04,-5.147796677292261719e-05,1.449030502284835178e-07,5.922286876410719544e-08
1.310750000000000171e+01,-1.160815622115207350e-04,-4.968835399530001509e-05,1.407456423645035362e-07,5.695657914865072194e-08
1.312500000000000178e+01,-1.132752302396948789e-04,-4.792665158155408084e-05,1.366635345660962747e-07,5.474054314193451529e-08
1.314250000000000185e+01,-1.104943030906584904e-04,-4.619292356481047231e-05,1.326552041950818964e-07,5.257410169024605079e-08
1.316000000000000192e+01,-1.077385097664493259e-04,-4.448724308676050822e-05,1.287191531449840639e-07,5.045661884236676560e-08
1.317750000000000199e+01,-1.050075808894548028e-04,-4.280969260000764247e-05,1.248539072207367010e-07,4.838748171862252703e-08
1.319500000000000206e+01,-1.023012486594608421e-04,-4.116036407705702126e-05,1.210580155237371730e-07,4.636610049584951905e-08
1.321250000000000213e+01,-9.961924681028329364e-05,-3.953935922613923412e-05,1.173300498418845468e-07,4.439190840856597337e-08
1.323000000000000043e+01,-9.696131056596194017e-05,-3.794678971406502795e-05,1.136686040442380722e-07,4.246436176665881298e-08
1.324750000000000050e+01,-9.432717659649441971e-05,-3.638277739631269977e-05,1.100722934799234800e-07,4.058293998991074000e-08
1.326500000000000057e+01,-9.171658297309248956e-05,-3.484745455455937101e-05,1.065397543809169839e-07,3.874714565971660652e-08
1.328250000000000064e+01,-8.912926912293335003e-05,-3.334096414186767094e-05,1.030696432683184494e-07,3.695650458835055295e-08
1.330000000000000071e+01,-8.656497578338713593e-05,-3.186346003575180519e-05,9.966063636173202230e-08,3.521056590617258952e-08
1.331750000000000078e+01,-8.402344495569588308e-05,-3.041510729934992274e-05,9.631142899135768552e-08,3.350890216718039597e-08
1.333500000000000085e+01,-8.150441985808028005e-05,-2.899608245093775161e-05,9.302073501239305934e-08,3.185110947333480589e-08
1.335250000000000092e+01,-7.900764487824956652e-05,-2.760657374202536517e-05,8.978728622133626081e-08,3.023680761811045735e-08
1.337000000000000099e+01,-7.653286552528962825e-05,-2.624678144428609303e-05,8.660983177377250024e-08,2.866564024974599140e-08
1.338750000000000107e+01,-7.407982838090311853e-05,-2.491691814557406504e-05,8.348713760321833073e-08,2.713727505469266765e-08
1.340500000000000114e+01,-7.164828104997527367e-05,-2.361720905529446606e-05,8.041798584058759335e-08,2.565140396178541270e-08
1.342250000000000121e+01,-6.923797211043812778e-05,-2.234789231939860580e-05,7.740117423383347904e-08,2.420774336768653187e-08
1.344000000000000128e+01,-6.684865106240488316e-05,-2.110921934528393098e-05,7.443551556730975939e-08,2.280603438417924128e-08
1.345750000000000135e+01,-6.448006827654593565e-05,-1.990145513688735071e-05,7.151983708038317408e-08,2.144604310791643058e-08
1.347500000000000142e+01,-6.213197494167679326e-05,-1.872487864026914947e-05,6.865297988481660150e-08,2.012756091325948085e-08
1.349250000000000149e+01,-5.980412301152753749e-05,-1.757978309999327701e-05,6.583379838042957608e-08,1.885040476887189658e-08
1.351000000000000156e+01,-5.749626515066268341e-05,-1.646647642661921290e-05,6.306115966852889878e-08,1.761441757876448916e-08
1.352750000000000163e+01,-5.520815467951925137e-05,-1.538528157562981947e-05,6.033394296258778011e-08,1.641946854852142387e-08
1.354500000000000171e+01,-5.293954551853015833e-05,-1.433653693812928839e-05,5.765103899563605356e-08,1.526545357747051878e-08
1.356250000000000178e+01,-5.069019213129901362e-05,-1.332059674365530676e-05,5.501134942380791001e-08,1.415229567759667824e-08
1.358000000000000185e+01,-4.845984946679148225e-05,-1.233783147545977519e-05,5.241378622547604786e-08,1.307994542003416170e-08
1.359750000000000192e+01,-4.624827290050747799e-05,-1.138862829862297289e-05,4.985727109538298860e-08,1.204838141001171328e-08
1.361500000000000199e+01,-4.405521817459732308e-05,-1.047339150137691520e-05,4.734073483316064012e-08,1.105761079116448071e-08
1.363250000000000206e+01,-4.188044133688411747e-05,-9.592542950024826755e-06,4.486311672560894788e-08,1.010766978016803136e-08
1.365000000000000213e+01,-3.972369867875336736e-05,-8.746522557855214872e-06,4.242336392208263594e-08,9.198624232693135309e-09
1.366750000000000043e+01,-3.758474667187018480e-05,-7.935788768460966575e-06,4.002043080231240197e-08,8.330570241724876659e-09
1.368500000000000050e+01,-3.546334190368157760e-05,-7.160819053885431161e-06,3.765327833596134703e-08,7.503634769335855465e-09
1.370250000000000057e+01,-3.335924101166492731e-05,-6.422110428031886578e-06,3.532087343319658947e-08,6.717976313053906050e-09
1.372000000000000064e+01,-3.127220061627471978e-05,-5.720179975782787809e-06,3.302218828552113144e-08,5.973785608012387137e-09
1.373750000000000071e+01,-2.920197725254621021e-05,-5.055565398291324682e-06,3.075619969609077095e-08,5.271286366127025045e-09
1.375500000000000078e+01,-2.714832730030876140e-05,-4.428825574919992632e-06,2.852188839870620984e-08,4.610736053596606249e-09
1.377250000000000085e+01,-2.511100691296169949e-05,-3.840541142315409094e-06,2.631823836464036912e-08,3.992426708082822464e-09
1.379000000000000092e+01,-2.308977194476422983e-05,-3.291315091123142438e-06,2.414423609642774955e-08,3.416685796984302995e-09
1.380750000000000099e+01,-2.108437787658931290e-05,-2.781773380861348002e-06,2.199886990770741471e-08,2.883877118282299244e-09
1.382500000000000107e+01,-1.909457974009013605e-05,-2.312565573487290057e-06,1.988112918817443668e-08,2.394401745500428700e-09
1.384250000000000114e+01,-1.712013204022627550e-05,-1.884365486206887230e-06,1.779000365265564796e-08,1.948699018388873313e-09
1.386000000000000121e+01,-1.516078867609513850e-05,-1.497871864093576061e-06,1.572448257328465433e-08,1.547247581013973072e-09
1.387750000000000128e+01,-1.321630286001275101e-05,-1.153809073099770799e-06,1.368355399370781782e-08,1.190566469008061084e-09
1.389500000000000135e+01,-1.128642703478627916e-05,-8.529278140614567001e-07,1.166620392420750732e-08,8.792162478113201487e-10
1.391250000000000142e+01,-9.370912789119110672e-06,-5.960058583142736396e-07,9.671415516580963900e-09,6.138002038177372960e-10
1.393000000000000149e+01,-7.469510771087533674e-06,-3.838488055579065016e-07,7.698168217562713186e-09,3.949655904210776684e-10
1.394750000000000156e+01,-5.581970599626337511e-06,-2.172908646244179116e-07,5.745436899525230390e-09,2.234049310442203860e-10
1.396500000000000163e+01,-3.708040773958864061e-06,-9.719565782569418103e-08,3.812190967136699239e-09,9.985738132658570313e-11
1.398250000000000171e+01,-1.847468580905137551e-06,-2.445704957521726302e-08,1.897393438595589410e-09,2.511015273963165005e-11
1.400000000000000000e+01,9.786877481452824065e-27,0.000000000000000000e+00,1.429592793757627910e-29,0.000000000000000000e+00
