eta,fp,Fp,t,tp
0.000000000000000000e+00,-3.826214130397683211e-01,-2.784248870184697910e-01,1.000000000000000000e+00,4.014608600732737509e-01
8.750000000000000833e-03,-3.805560709127774333e-01,-2.770560948743055474e-01,9.827604495685323682e-01,3.959693456257397104e-01
1.750000000000000167e-02,-3.785055558209245996e-01,-2.756949994149066607e-01,9.658835684626527751e-01,3.905669996802939026e-01
2.625000000000000250e-02,-3.764696974852208000e-01,-2.743415433141181414e-01,9.493603165964005219e-01,3.852520883941006891e-01
3.500000000000000333e-02,-3.744483286688109480e-01,-2.729956698944898674e-01,9.331819114663435499e-01,3.800229176686903965e-01
5.250000000000000500e-02,-3.704484054326007136e-01,-2.703264475680179912e-01,9.018257509544532757e-01,3.698152140394697085e-01
7.000000000000000666e-02,-3.665045063878323850e-01,-2.676868915816129069e-01,8.717496751878415218e-01,3.599310918567406037e-01
8.750000000000000833e-02,-3.626153961097405287e-01,-2.650765707890690992e-01,8.428919004097777945e-01,3.503583263483778243e-01
1.050000000000000100e-01,-3.587798814504527534e-01,-2.624950634355523449e-01,8.151940473026054734e-01,3.410852355556394100e-01
1.225000000000000117e-01,-3.549968096277576479e-01,-2.599419568553925086e-01,7.886009327381984235e-01,3.321006527196831426e-01
1.400000000000000133e-01,-3.512650664158929459e-01,-2.574168471825927229e-01,7.630603754032742048e-01,3.233939002382688055e-01
1.575000000000000289e-01,-3.475835744322402499e-01,-2.549193390734180720e-01,7.385230143054321017e-01,3.149547650947177591e-01
1.750000000000000167e-01,-3.439512915142148297e-01,-2.524490454404651474e-01,7.149421392416940302e-01,3.067734756678126562e-01
1.925000000000000044e-01,-3.403672091810115430e-01,-2.500055871976454847e-01,6.922735323810974561e-01,2.988406798374462214e-01
2.100000000000000200e-01,-3.368303511752147039e-01,-2.475885930155493075e-01,6.704753201770549120e-01,2.911474243065193535e-01
2.275000000000000355e-01,-3.333397720796015817e-01,-2.451976990866839845e-01,6.495078348842191485e-01,2.836851350648695314e-01
2.450000000000000233e-01,-3.298945560047689129e-01,-2.428325489001106341e-01,6.293334850089115085e-01,2.764455989259165247e-01
2.625000000000000111e-01,-3.264938153434919776e-01,-2.404927930250282953e-01,6.099166340721838830e-01,2.694209460712709836e-01
2.800000000000000266e-01,-3.231366895879834167e-01,-2.381780889028786430e-01,5.912234871106470946e-01,2.626036335427872626e-01
2.975000000000000422e-01,-3.198223442064627164e-01,-2.358881006475689324e-01,5.732219843826380501e-01,2.559864296254820704e-01
3.150000000000000577e-01,-3.165499695756717191e-01,-2.336224988534308655e-01,5.558817017864179366e-01,2.495623990684048554e-01
3.325000000000000178e-01,-3.133187799661813489e-01,-2.313809604105551976e-01,5.391737575331667642e-01,2.433248890939540277e-01
3.500000000000000333e-01,-3.101280125775316421e-01,-2.291631683271591613e-01,5.230707246508166097e-01,2.372675161493090212e-01
3.675000000000000488e-01,-3.069769266204280811e-01,-2.269688115586639687e-01,5.075465489254707974e-01,2.313841533566020348e-01
3.850000000000000089e-01,-3.038648024433898698e-01,-2.247975848431749413e-01,4.925764719155063531e-01,2.256689186212060827e-01
4.025000000000000244e-01,-3.007909407014023317e-01,-2.226491885430734452e-01,4.781369586996364607e-01,2.201161633600821899e-01
4.200000000000000400e-01,-2.977546615642769345e-01,-2.205233284924457415e-01,4.642056300443960781e-01,2.147204618145191757e-01
4.375000000000000555e-01,-2.947553039625586124e-01,-2.184197158500863212e-01,4.507611986988675490e-01,2.094766009138284701e-01
4.550000000000000711e-01,-2.917922248689513443e-01,-2.163380669578284510e-01,4.377834095451302865e-01,2.043795706586375438e-01
4.725000000000000311e-01,-2.888647986133539569e-01,-2.142781032039662303e-01,4.252529833520332092e-01,1.994245549943653439e-01
4.900000000000000466e-01,-2.859724162297108685e-01,-2.122395508915446427e-01,4.131515638975738480e-01,1.946069231472748184e-01
5.075000000000000622e-01,-2.831144848329887886e-01,-2.102221411113060212e-01,4.014616682415386717e-01,1.899222213971900053e-01
5.250000000000000222e-01,-2.802904270246903140e-01,-2.082256096190903127e-01,3.901666399452130007e-01,1.853661652625433476e-01
5.425000000000000933e-01,-2.774996803254067834e-01,-2.062496967174989038e-01,3.792506050490100367e-01,1.809346320748973502e-01
5.600000000000000533e-01,-2.747416966330016308e-01,-2.042941471416388488e-01,3.686984306318737414e-01,1.766236539214632861e-01
5.775000000000000133e-01,-2.720159417050945216e-01,-2.023587099487752228e-01,3.584956857883679904e-01,1.724294109354297666e-01
5.950000000000000844e-01,-2.693218946645961620e-01,-2.004431384117267012e-01,3.486286048705432572e-01,1.683482249151218579e-01
6.125000000000000444e-01,-2.666590475271116145e-01,-1.985471899158475495e-01,3.390840528520412955e-01,1.643765532541393015e-01
6.300000000000001155e-01,-2.640269047490999554e-01,-1.966706258594476120e-01,3.298494926815184192e-01,1.605109831656792996e-01
6.475000000000000755e-01,-2.614249827957397243e-01,-1.948132115575078038e-01,3.209129545014005602e-01,1.567482261852390646e-01
6.650000000000000355e-01,-2.588528097275089035e-01,-1.929747161485562412e-01,3.122630066162723206e-01,1.530851129368195063e-01
6.825000000000001066e-01,-2.563099248045437872e-01,-1.911549125045767517e-01,3.038887281029060694e-01,1.495185881486187085e-01
7.000000000000000666e-01,-2.537958781078927251e-01,-1.893535771438264459e-01,2.957796829610920275e-01,1.460457059050181416e-01
7.175000000000000266e-01,-2.513102301768306290e-01,-1.875704901464461949e-01,2.879258957110808481e-01,1.426636251224261409e-01
7.350000000000000977e-01,-2.488525516614447375e-01,-1.858054350727519899e-01,2.803178283496357559e-01,1.393696052372583594e-01
7.525000000000000577e-01,-2.464224229897464813e-01,-1.840581988841018257e-01,2.729463585824413174e-01,1.361610020950052569e-01
7.700000000000000178e-01,-2.440194340486042390e-01,-1.823285718662358001e-01,2.658027592559670804e-01,1.330352640299657385e-01
7.875000000000000888e-01,-2.416431838778304031e-01,-1.806163475549934783e-01,2.588786789168651681e-01,1.299899281258166672e-01
8.050000000000000488e-01,-2.392932803767914007e-01,-1.789213226643162069e-01,2.521661234316171507e-01,1.270226166477421703e-01
8.225000000000001199e-01,-2.369693400229442581e-01,-1.772432970164457278e-01,2.456574386034620638e-01,1.241310336373666473e-01
8.400000000000000799e-01,-2.346709876017338270e-01,-1.755820734742357392e-01,2.393452937276626391e-01,1.213129616622255630e-01
8.575000000000000400e-01,-2.323978559473158512e-01,-1.739374578754955547e-01,2.332226660299114018e-01,1.185662587119660494e-01
8.750000000000001110e-01,-2.301495856935986961e-01,-1.723092589692892806e-01,2.272828259361765746e-01,1.158888552339025352e-01
8.925000000000000711e-01,-2.279258250351233195e-01,-1.706972883541171826e-01,2.215193231255429551e-01,1.132787513009577002e-01
9.100000000000001421e-01,-2.257262294973260142e-01,-1.691013604179088803e-01,2.159259733206431164e-01,1.107340139054013156e-01
9.275000000000001021e-01,-2.235504617157524632e-01,-1.675212922797615633e-01,2.104968457731107301e-01,1.082527743721588692e-01
9.450000000000000622e-01,-2.213981912238133787e-01,-1.659569037333590569e-01,2.052262514041332253e-01,1.058332258857992009e-01
9.625000000000001332e-01,-2.192690942486937022e-01,-1.644080171920101474e-01,2.001087315626526586e-01,1.034736211256296057e-01
9.800000000000000933e-01,-2.171628535150464112e-01,-1.628744576352476603e-01,1.951390473660720715e-01,1.011722700036254419e-01
9.975000000000000533e-01,-2.150791580561213778e-01,-1.613560525569318893e-01,1.903121695904783084e-01,9.892753750020386039e-02
1.015000000000000124e+00,-2.130177030319971021e-01,-1.598526319148047548e-01,1.856232690794099027e-01,9.673784159311712982e-02
1.032500000000000195e+00,-2.109781895545999320e-01,-1.583640280814428980e-01,1.810677076420791343e-01,9.460165127499128856e-02
1.050000000000000044e+00,-2.089603245192109549e-01,-1.568900757965605297e-01,1.766410294137196746e-01,9.251748465527176446e-02
1.067500000000000115e+00,-2.069638204421759553e-01,-1.554306121206144309e-01,1.723389526523771975e-01,9.048390714256047962e-02
1.085000000000000187e+00,-2.049883953045479601e-01,-1.539854763896661705e-01,1.681573619480027926e-01,8.849952970353899828e-02
1.102500000000000036e+00,-2.030337724014047718e-01,-1.525545101714576024e-01,1.640923008211484235e-01,8.656300719486940964e-02
1.120000000000000107e+00,-2.010996801965967140e-01,-1.511375572226581754e-01,1.601399646899158424e-01,8.467303676465250117e-02
1.137500000000000178e+00,-1.991858521826926076e-01,-1.497344634472440594e-01,1.562966941850736924e-01,8.282835632019860950e-02
1.155000000000000027e+00,-1.972920267459012666e-01,-1.483450768559705923e-01,1.525589687944405581e-01,8.102774305903281959e-02
1.172500000000000098e+00,-1.954179470357585158e-01,-1.469692475269012977e-01,1.489234008187423353e-01,7.927001206021379309e-02
1.190000000000000169e+00,-1.935633608393792504e-01,-1.456068275669581968e-01,1.453867296221913741e-01,7.755401493319385997e-02
1.207500000000000018e+00,-1.917280204600824434e-01,-1.442576710744592206e-01,1.419458161620089642e-01,7.587863852158807654e-02
1.225000000000000089e+00,-1.899116826002080483e-01,-1.429216341026104675e-01,1.385976377820274941e-01,7.424280365935274906e-02
1.242500000000000160e+00,-1.881141082479518001e-01,-1.415985746239216414e-01,1.353392832563651282e-01,7.264546397699943314e-02
1.260000000000000231e+00,-1.863350625680528783e-01,-1.402883524955149952e-01,1.321679480699705367e-01,7.108560475558829694e-02
1.277500000000000080e+00,-1.845743147961767250e-01,-1.389908294252983068e-01,1.290809299235895213e-01,6.956224182635756259e-02
1.295000000000000151e+00,-1.828316381368426946e-01,-1.377058689389747403e-01,1.260756244514144031e-01,6.807442051395108662e-02
1.312500000000000222e+00,-1.811068096647537595e-01,-1.364333363478624495e-01,1.231495211403425272e-01,6.662121462130718430e-02
1.330000000000000071e+00,-1.793996102293908546e-01,-1.351730987174982468e-01,1.203001994403940372e-01,6.520172545436578315e-02
1.347500000000000142e+00,-1.777098243627419083e-01,-1.339250248370009166e-01,1.175253250564274599e-01,6.381508088484187657e-02
1.365000000000000213e+00,-1.760372401900411332e-01,-1.326889851891699390e-01,1.148226464118430046e-01,6.246043444939783362e-02
1.382500000000000062e+00,-1.743816493433993364e-01,-1.314648519212973377e-01,1.121899912754813627e-01,6.113696448362753583e-02
1.400000000000000133e+00,-1.727428468782120641e-01,-1.302524988166698927e-01,1.096252635434143557e-01,5.984387328934232669e-02
1.417500000000000204e+00,-1.711206311922371659e-01,-1.290518012667412062e-01,1.071264401677822359e-01,5.858038633372062570e-02
1.435000000000000053e+00,-1.695148039472381685e-01,-1.278626362439527764e-01,1.046915682252630847e-01,5.734575147895172587e-02
1.452500000000000124e+00,-1.679251699930943420e-01,-1.266848822751844572e-01,1.023187621181666368e-01,5.613923824106941546e-02
1.470000000000000195e+00,-1.663515372942833137e-01,-1.255184194158156796e-01,1.000062009015268011e-01,5.496013707673293863e-02
1.487500000000000044e+00,-1.647937168586453283e-01,-1.243631292243786435e-01,9.775212572992608706e-02,5.380775869677070777e-02
1.505000000000000115e+00,-1.632515226683428078e-01,-1.232188947377862720e-01,9.555483741812478837e-02,5.268143340535826752e-02
1.522500000000000187e+00,-1.617247716129329160e-01,-1.220856004471179701e-01,9.341269410988671529e-02,5.158051046375446841e-02
1.540000000000000036e+00,-1.602132834244732185e-01,-1.209631322739465609e-01,9.132410904969315291e-02,5.050435747756954613e-02
1.557500000000000107e+00,-1.587168806145852762e-01,-1.198513775471907600e-01,8.928754845232080017e-02,4.945235980658654190e-02
1.575000000000000178e+00,-1.572353884134038704e-01,-1.187502249804782278e-01,8.730152946552637017e-02,4.842391999620262316e-02
1.592500000000000249e+00,-1.557686347103417190e-01,-1.176595646500039755e-01,8.536461822133176169e-02,4.741845722959915632e-02
1.610000000000000098e+00,-1.543164499966038494e-01,-1.165792879728705100e-01,8.347542797164181350e-02,4.643540679979062807e-02
1.627500000000000169e+00,-1.528786673093878723e-01,-1.155092876858956480e-01,8.163261730415012629e-02,4.547421960074064101e-02
1.645000000000000240e+00,-1.514551221777090673e-01,-1.144494578248749783e-01,7.983488843470036567e-02,4.453436163677047810e-02
1.662500000000000089e+00,-1.500456525697919374e-01,-1.133996937042863334e-01,7.808098557246906379e-02,4.361531354951984907e-02
1.680000000000000160e+00,-1.486500988419720837e-01,-1.123598918974235139e-01,7.636969335452492569e-02,4.271657016175331445e-02
1.697500000000000231e+00,-1.472683036890549968e-01,-1.113299502169480537e-01,7.469983534649739243e-02,4.183764003733721204e-02
1.715000000000000080e+00,-1.459001120960802533e-01,-1.103097676958468693e-01,7.307027260625439946e-02,4.097804505674165765e-02
1.732500000000000151e+00,-1.445453712914412381e-01,-1.092992445687851061e-01,7.147990230764875164e-02,4.013732000745108552e-02
1.750000000000000222e+00,-1.432039307013138196e-01,-1.082982822538433726e-01,6.992765642154187555e-02,3.931501218869387637e-02
1.767500000000000071e+00,-1.418756419053481266e-01,-1.073067833346288552e-01,6.841250045145541581e-02,3.851068102992740577e-02
1.785000000000000142e+00,-1.405603585935796263e-01,-1.063246515427503369e-01,6.693343222133502080e-02,3.772389772253941648e-02
1.802500000000000213e+00,-1.392579365245180945e-01,-1.053517917406476684e-01,6.548948071303756224e-02,3.695424486425039068e-02
1.820000000000000284e+00,-1.379682334843742031e-01,-1.043881099047658106e-01,6.407970495127202071e-02,3.620131611572344893e-02
1.837500000000000133e+00,-1.366911092473846179e-01,-1.034335131090649007e-01,6.270319293383835868e-02,3.546471586890996563e-02
1.855000000000000204e+00,-1.354264255371993297e-01,-1.024879095088570696e-01,6.135906060511519405e-02,3.474405892667910972e-02
1.872500000000000275e+00,-1.341740459892952209e-01,-1.015512083249620057e-01,6.004645087084897748e-02,3.403897019329907986e-02
1.890000000000000124e+00,-1.329338361143813652e-01,-1.006233198281725749e-01,5.876453265239285628e-02,3.334908437535592102e-02
1.907500000000000195e+00,-1.317056632627638668e-01,-9.970415532402283898e-02,5.751249997863469576e-02,3.267404569271345482e-02
1.925000000000000266e+00,-1.304893965896379848e-01,-9.879362713785060091e-02,5.628957111393973617e-02,3.201350759913493271e-02
1.942500000000000115e+00,-1.292849070212776508e-01,-9.789164860014713809e-02,5.509498772051452803e-02,3.136713251220230037e-02
1.960000000000000187e+00,-1.280920672220927370e-01,-9.699813403218664198e-02,5.392801405367639994e-02,3.073459155218479302e-02
1.977500000000000258e+00,-1.269107515625263471e-01,-9.611299873192868937e-02,5.278793618858587666e-02,3.011556428952294473e-02
1.995000000000000107e+00,-1.257408360877647902e-01,-9.523615896018669535e-02,5.167406127706845875e-02,2.950973850060768441e-02
2.012500000000000178e+00,-1.245821984872343829e-01,-9.436753192705575610e-02,5.058571683321827495e-02,2.891680993154777113e-02
2.030000000000000249e+00,-1.234347180648601300e-01,-9.350703577859378890e-02,4.952225004653848517e-02,2.833648206963136976e-02
2.047500000000000320e+00,-1.222982757100618267e-01,-9.265458958374932219e-02,4.848302712143211235e-02,2.776846592219942358e-02
2.065000000000000391e+00,-1.211727538694648415e-01,-9.181011332153034277e-02,4.746743264191345679e-02,2.721247980266025546e-02
2.082500000000000018e+00,-1.200580365193028437e-01,-9.097352786840820493e-02,4.647486896046321148e-02,2.666824912338572676e-02
2.100000000000000089e+00,-1.189540091384911347e-01,-9.014475498595082847e-02,4.550475561000092567e-02,2.613550619523968485e-02
2.117500000000000160e+00,-1.178605586823500279e-01,-8.932371730868007842e-02,4.455652873799676589e-02,2.561399003349981024e-02
2.135000000000000231e+00,-1.167775735569577950e-01,-8.851033833214752566e-02,4.362964056178932765e-02,2.510344616994305764e-02
2.152500000000000302e+00,-1.157049435941145260e-01,-8.770454240122384226e-02,4.272355884422020245e-02,2.460362647087454765e-02
2.170000000000000373e+00,-1.146425600268978495e-01,-8.690625469859665497e-02,4.183776638873659692e-02,2.411428896088830751e-02
2.187500000000000000e+00,-1.135903154657930264e-01,-8.611540123347184716e-02,4.097176055315256138e-02,2.363519765215660665e-02
2.205000000000000071e+00,-1.125481038753797930e-01,-8.533190883047390984e-02,4.012505278129610553e-02,2.316612237905277955e-02
2.222500000000000142e+00,-1.115158205515597439e-01,-8.455570511874052619e-02,3.929716815180525624e-02,2.270683863792011606e-02
2.240000000000000213e+00,-1.104933620993078514e-01,-8.378671852120699037e-02,3.848764494336887748e-02,2.225712743180651917e-02
2.257500000000000284e+00,-1.094806264109327437e-01,-8.302487824407613071e-02,3.769603421574046348e-02,2.181677511999195740e-02
2.275000000000000355e+00,-1.084775126448309368e-01,-8.227011426646957393e-02,3.692189940588316149e-02,2.138557327214226159e-02
2.292500000000000426e+00,-1.074839212047205006e-01,-8.152235733025622877e-02,3.616481593863300759e-02,2.096331852692933512e-02
2.310000000000000053e+00,-1.064997537193402566e-01,-8.078153893005401986e-02,3.542437085129487156e-02,2.054981245496396297e-02
2.327500000000000124e+00,-1.055249130226009607e-01,-8.004759130340094453e-02,3.470016243161145458e-02,2.014486142589332757e-02
2.345000000000000195e+00,-1.045593031341759405e-01,-7.932044742109203850e-02,3.399179986857092661e-02,1.974827647952110202e-02
2.362500000000000266e+00,-1.036028292405179740e-01,-7.860004097767800402e-02,3.329890291554162690e-02,1.935987320081312621e-02
2.380000000000000338e+00,-1.026553976762909631e-01,-7.788630638212253043e-02,3.262110156524558602e-02,1.897947159865717368e-02
2.397500000000000409e+00,-1.017169159062043249e-01,-7.717917874861449090e-02,3.195803573610329212e-02,1.860689598825009117e-02
2.415000000000000036e+00,-1.007872925072389458e-01,-7.647859388753193433e-02,3.130935496950301711e-02,1.824197487699045356e-02
2.432500000000000107e+00,-9.986643715125370635e-02,-7.578448829655419494e-02,3.067471813756698223e-02,1.788454085375931063e-02
2.450000000000000178e+00,-9.895426058796223667e-02,-7.509679915191959376e-02,3.005379316100573531e-02,1.753443048147625138e-02
2.467500000000000249e+00,-9.805067462826941305e-02,-7.441546429982488775e-02,2.944625673666887572e-02,1.719148419282183829e-02
2.485000000000000320e+00,-9.715559212795793487e-02,-7.374042224796402423e-02,2.885179407441790245e-02,1.685554618902180418e-02
2.502500000000000391e+00,-9.626892697171535174e-02,-7.307161215720303638e-02,2.827009864296248232e-02,1.652646434159214806e-02
2.520000000000000462e+00,-9.539059405749240883e-02,-7.240897383338820714e-02,2.770087192431677087e-02,1.620409009694789501e-02
2.537500000000000089e+00,-9.452050928118373163e-02,-7.175244771928492027e-02,2.714382317654711468e-02,1.588827838378201532e-02
2.555000000000000160e+00,-9.365858952162210704e-02,-7.110197488664411758e-02,2.659866920449611982e-02,1.557888752312419113e-02
2.572500000000000231e+00,-9.280475262587829788e-02,-7.045749702839421147e-02,2.606513413818167466e-02,1.527577914099269470e-02
2.590000000000000302e+00,-9.195891739485803629e-02,-6.981895645095552438e-02,2.554294921858162037e-02,1.497881808355537754e-02
2.607500000000000373e+00,-9.112100356918841071e-02,-6.918629606667479892e-02,2.503185259052735992e-02,1.468787233471920486e-02
2.625000000000000444e+00,-9.029093181538623558e-02,-6.855945938637755810e-02,2.453158910244085042e-02,1.440281293607035586e-02
2.642500000000000071e+00,-8.946862371230086819e-02,-6.793839051203570678e-02,2.404191011266059233e-02,1.412351390908990478e-02
2.660000000000000142e+00,-8.865400173782442272e-02,-6.732303412954811217e-02,2.356257330211253276e-02,1.384985217957256966e-02
2.677500000000000213e+00,-8.784698925586269247e-02,-6.671333550163208170e-02,2.309334249309217060e-02,1.358170750417884466e-02
2.695000000000000284e+00,-8.704751050355979958e-02,-6.610924046082328198e-02,2.263398747393320989e-02,1.331896239905300261e-02
2.712500000000000355e+00,-8.625549057877021641e-02,-6.551069540258212809e-02,2.218428382934771459e-02,1.306150207044205064e-02
2.730000000000000426e+00,-8.547085542777210776e-02,-6.491764727850443673e-02,2.174401277623121478e-02,1.280921434725293233e-02
2.747500000000000053e+00,-8.469353183321567946e-02,-6.433004358963445579e-02,2.131296100473460686e-02,1.256198961548739626e-02
2.765000000000000124e+00,-8.392344740230059386e-02,-6.374783237987813322e-02,2.089092052441262476e-02,1.231972075449615234e-02
2.782500000000000195e+00,-8.316053055517716452e-02,-6.317096222951473772e-02,2.047768851526649003e-02,1.208230307499595473e-02
2.800000000000000266e+00,-8.240471051356530741e-02,-6.259938224880498558e-02,2.007306718350525959e-02,1.184963425879507516e-02
2.817500000000000338e+00,-8.165591728958615514e-02,-6.203304207169375861e-02,1.967686362185774862e-02,1.162161430017467738e-02
2.835000000000000409e+00,-8.091408167480108882e-02,-6.147189184960560188e-02,1.928888967427338716e-02,1.139814544887529299e-02
2.852500000000000480e+00,-8.017913522945316340e-02,-6.091588224533132923e-02,1.890896180485670749e-02,1.117913215463936689e-02
2.870000000000000107e+00,-7.945101027190593079e-02,-6.036496442700393233e-02,1.853690097088643227e-02,1.096448101326250035e-02
2.887500000000000178e+00,-7.872963986827496985e-02,-5.981909006216212105e-02,1.817253249977573981e-02,1.075410071410762974e-02
2.905000000000000249e+00,-7.801495782224765474e-02,-5.927821131189999621e-02,1.781568596983618830e-02,1.054790198903798361e-02
2.922500000000000320e+00,-7.730689866508638763e-02,-5.874228082510099536e-02,1.746619509471276921e-02,1.034579756272597378e-02
2.940000000000000391e+00,-7.660539764581117406e-02,-5.821125173275479292e-02,1.712389761136297317e-02,1.014770210429684696e-02
2.957500000000000462e+00,-7.591039072155733591e-02,-5.768507764235550339e-02,1.678863517145752493e-02,9.953532180267111312e-03
2.975000000000000089e+00,-7.522181454810406009e-02,-5.716371263237976508e-02,1.646025323608516291e-02,9.763206208739190831e-03
2.992500000000000160e+00,-7.453960647057000788e-02,-5.664711124684310151e-02,1.613860097364830729e-02,9.576644414814946757e-03
3.010000000000000231e+00,-7.386370451427209938e-02,-5.613522848993345721e-02,1.582353116084093264e-02,9.393768787192103425e-03
3.027500000000000302e+00,-7.319404737574355946e-02,-5.562801982072011764e-02,1.551490008660379172e-02,9.214503035908552797e-03
3.045000000000000373e+00,-7.253057441390775573e-02,-5.512544114793690303e-02,1.521256745895641256e-02,9.038772551200906571e-03
3.062500000000000444e+00,-7.187322564140422032e-02,-5.462744882483833164e-02,1.491639631460886864e-02,8.866504363444606754e-03
3.080000000000000071e+00,-7.122194171606335833e-02,-5.413399964412730220e-02,1.462625293126009439e-02,8.697627104144048729e-03
3.097500000000000142e+00,-7.057666393252652604e-02,-5.364505083295305343e-02,1.434200674249285629e-02,8.532070967942128464e-03
3.115000000000000213e+00,-6.993733421400839811e-02,-5.316056004797841544e-02,1.406353025517907002e-02,8.369767675619714867e-03
3.132500000000000284e+00,-6.930389510419804333e-02,-5.268048537051468055e-02,1.379069896931205651e-02,8.210650438056367115e-03
3.150000000000000355e+00,-6.867628975929611357e-02,-5.220478530172336512e-02,1.352339130018567238e-02,8.054653921124669755e-03
3.167500000000000426e+00,-6.805446194018476003e-02,-5.173341875788337041e-02,1.326148850284306763e-02,7.901714211491342454e-03
3.185000000000000497e+00,-6.743835600472765368e-02,-5.126634506572262662e-02,1.300487459872066813e-02,7.751768783299203304e-03
3.202500000000000124e+00,-6.682791690019705688e-02,-5.080352395781297103e-02,1.275343630441574429e-02,7.604756465704838250e-03
3.220000000000000195e+00,-6.622309015582533709e-02,-5.034491556802721951e-02,1.250706296250845249e-02,7.460617411247657572e-03
3.237500000000000266e+00,-6.562382187547820267e-02,-4.989048042705746672e-02,1.226564647437188883e-02,7.319293065026813080e-03
3.255000000000000338e+00,-6.503005873044699625e-02,-4.944017945799336622e-02,1.202908123490588517e-02,7.180726134663095901e-03
3.272500000000000409e+00,-6.444174795235758924e-02,-4.899397397195957155e-02,1.179726406913279325e-02,7.044860561023752639e-03
3.290000000000000480e+00,-6.385883732619331010e-02,-4.855182566381123499e-02,1.157009417059557538e-02,6.911641489688803881e-03
3.307500000000000107e+00,-6.328127518342963054e-02,-4.811369660788664820e-02,1.134747304150076318e-02,6.781015243138112554e-03
3.325000000000000178e+00,-6.270901039527805587e-02,-4.767954925381595599e-02,1.112930443455073179e-02,6.652929293639088006e-03
3.342500000000000249e+00,-6.214199236603729082e-02,-4.724934642238524940e-02,1.091549429641195876e-02,6.527332236815583909e-03
3.360000000000000320e+00,-6.158017102654898128e-02,-4.682305130145483774e-02,1.070595071276749487e-02,6.404173765879059808e-03
3.377500000000000391e+00,-6.102349682775631834e-02,-4.640062744193098471e-02,1.050058385490399565e-02,6.283404646503737943e-03
3.395000000000000462e+00,-6.047192073436308268e-02,-4.598203875379019284e-02,1.029930592778521836e-02,6.164976692328010856e-03
3.412500000000000533e+00,-5.992539421859122140e-02,-4.556724950215514797e-02,1.010203111956562913e-02,6.048842741064894800e-03
3.430000000000000160e+00,-5.938386925403498634e-02,-4.515622430342155352e-02,9.908675552499393926e-03,5.934956631204862595e-03
3.447500000000000231e+00,-5.884729830960946234e-02,-4.474892812143486942e-02,9.719157235201518821e-03,5.823273179294858812e-03
3.465000000000000302e+00,-5.831563434359193776e-02,-4.434532626371644887e-02,9.533396016219490565e-03,5.713748157777872629e-03
3.482500000000000373e+00,-5.778883079775392478e-02,-4.394538437773789358e-02,9.351313538875093839e-03,5.606338273377791531e-03
3.500000000000000444e+00,-5.726684159158218490e-02,-4.354906844724319714e-02,9.172833197337533495e-03,5.501001146014829722e-03
3.517500000000000515e+00,-5.674962111658701097e-02,-4.315634478861770512e-02,8.997880093890318898e-03,5.397695288237199830e-03
3.535000000000000142e+00,-5.623712423069601729e-02,-4.276718004730324652e-02,8.826380997355609548e-03,5.296380085155152732e-03
3.552500000000000213e+00,-5.572930625273162658e-02,-4.238154119425863869e-02,8.658264302640940671e-03,5.197015774863899748e-03
3.570000000000000284e+00,-5.522612295697098411e-02,-4.199939552246497593e-02,8.493459991374546769e-03,5.099563429342375553e-03
3.587500000000000355e+00,-5.472753056778623115e-02,-4.162071064347482724e-02,8.331899593596436143e-03,5.003984935815108080e-03
3.605000000000000426e+00,-5.423348575436395119e-02,-4.124545448400478154e-02,8.173516150473682587e-03,4.910242978564930035e-03
3.622500000000000497e+00,-5.374394562550209586e-02,-4.087359528257065305e-02,8.018244178009295564e-03,4.818301021184542496e-03
3.640000000000000568e+00,-5.325886772448295420e-02,-4.050510158616460465e-02,7.866019631715149077e-03,4.728123289255361725e-03
3.657500000000000195e+00,-5.277821002402072886e-02,-4.013994224697369634e-02,7.716779872220374051e-03,4.639674753442358732e-03
3.675000000000000266e+00,-5.230193092128226223e-02,-3.977808641913899851e-02,7.570463631787567940e-03,4.552921112993963716e-03
3.692500000000000338e+00,-5.182998923297961469e-02,-3.941950355555493696e-02,7.427010981710150186e-03,4.467828779636437084e-03
3.710000000000000409e+00,-5.136234419053307271e-02,-3.906416340470795362e-02,7.286363300564945890e-03,4.384364861852359414e-03
3.727500000000000480e+00,-5.089895543530331690e-02,-3.871203600755412227e-02,7.148463243295048904e-03,4.302497149533252713e-03
3.745000000000000551e+00,-5.043978301389143160e-02,-3.836309169443501144e-02,7.013254711098760620e-03,4.222194098996594203e-03
3.762500000000000178e+00,-4.998478737350559725e-02,-3.801730108203125319e-02,6.880682822101201294e-03,4.143424818357778830e-03
3.780000000000000249e+00,-4.953392935739304309e-02,-3.767463507035317960e-02,6.750693882785937551e-03,4.066159053247840778e-03
3.797500000000000320e+00,-4.908717020033637191e-02,-3.733506483976820750e-02,6.623235360164754677e-03,3.990367172868042669e-03
3.815000000000000391e+00,-4.864447152421278592e-02,-3.699856184806403492e-02,6.498255854664299926e-03,3.916020156372630213e-03
3.832500000000000462e+00,-4.820579533361523533e-02,-3.666509782754751728e-02,6.375705073709115808e-03,3.843089579571363178e-03
3.850000000000000533e+00,-4.777110401153434466e-02,-3.633464478217841853e-02,6.255533805981156568e-03,3.771547601943629150e-03
3.867500000000000160e+00,-4.734036031510007597e-02,-3.600717498473766931e-02,6.137693896336563620e-03,3.701366953956185517e-03
3.885000000000000231e+00,-4.691352737138188705e-02,-3.568266097402950782e-02,6.022138221361030865e-03,3.632520924676802335e-03
3.902500000000000302e+00,-4.649056867324666970e-02,-3.536107555211719794e-02,5.908820665545769062e-03,3.564983349676306874e-03
3.920000000000000373e+00,-4.607144807527305957e-02,-3.504239178159161000e-02,5.797696098066518200e-03,3.498728599211701519e-03
3.937500000000000444e+00,-4.565612978972143771e-02,-3.472658298287233103e-02,5.688720350148729864e-03,3.433731566683272986e-03
3.955000000000000515e+00,-4.524457838255852710e-02,-3.441362273154078416e-02,5.581850193002489170e-03,3.369967657358784782e-03
3.972500000000000586e+00,-4.483675876953555767e-02,-3.410348485570495469e-02,5.477043316311294881e-03,3.307412777358038208e-03
3.990000000000000213e+00,-4.443263621231929167e-02,-3.379614343339516769e-02,5.374258307259295944e-03,3.246043322891278924e-03
4.007500000000000284e+00,-4.403217631467469528e-02,-3.349157278999050080e-02,5.273454630082039830e-03,3.185836169745086526e-03
4.025000000000000355e+00,-4.363534501869873600e-02,-3.318974749567556171e-02,5.174592606126317967e-03,3.126768663009600168e-03
4.042500000000000426e+00,-4.324210860110404286e-02,-3.289064236292689458e-02,5.077633394405029268e-03,3.068818607041045102e-03
4.060000000000000497e+00,-4.285243366955189537e-02,-3.259423244402884917e-02,4.982538972633510956e-03,3.011964255653734081e-03
4.077500000000000568e+00,-4.246628715903354168e-02,-3.230049302861839194e-02,4.889272118734146709e-03,2.956184302535858933e-03
4.095000000000000639e+00,-4.208363632829908996e-02,-3.200939964125847775e-02,4.797796392796473304e-03,2.901457871883538972e-03
4.112500000000000711e+00,-4.170444875633314008e-02,-3.172092803903955871e-02,4.708076119480407613e-03,2.847764509247750330e-03
4.130000000000000782e+00,-4.132869233887642713e-02,-3.143505420920883475e-02,4.620076370850564537e-03,2.795084172588899966e-03
4.147499999999999964e+00,-4.095633528499266485e-02,-3.115175436682697183e-02,4.533762949630029335e-03,2.743397223533949447e-03
4.165000000000000036e+00,-4.058734611367983275e-02,-3.087100495245160767e-02,4.449102372862249674e-03,2.692684418831122872e-03
4.182500000000000107e+00,-4.022169365052527534e-02,-3.059278262984775620e-02,4.366061855970145532e-03,2.642926901997405022e-03
4.200000000000000178e+00,-3.985934702440378785e-02,-3.031706428372422935e-02,4.284609297201712012e-03,2.594106195154085703e-03
4.217500000000000249e+00,-3.950027566421795977e-02,-3.004382701749606921e-02,4.204713262451860271e-03,2.546204191045817449e-03
4.235000000000000320e+00,-3.914444929568026282e-02,-2.977304815107248079e-02,4.126342970450447289e-03,2.499203145238718376e-03
4.252500000000000391e+00,-3.879183793813601594e-02,-2.950470521866997708e-02,4.049468278306782645e-03,2.453085668493192907e-03
4.270000000000000462e+00,-3.844241190142669989e-02,-2.923877596665033773e-02,3.974059667401171059e-03,2.407834719307249804e-03
4.287500000000000533e+00,-3.809614178279289998e-02,-2.897523835138311743e-02,3.900088229614336131e-03,2.363433596626212264e-03
4.305000000000000604e+00,-3.775299846381630076e-02,-2.871407053713230517e-02,3.827525653885833958e-03,2.319865932714818522e-03
4.322500000000000675e+00,-3.741295310740004598e-02,-2.845525089396685331e-02,3.756344213092813796e-03,2.277115686187818934e-03
4.340000000000000746e+00,-3.707597715478692241e-02,-2.819875799569472596e-02,3.686516751240760496e-03,2.235167135195276558e-03
4.357500000000000817e+00,-3.674204232261477771e-02,-2.794457061782017887e-02,3.618016670958066391e-03,2.194004870758877162e-03
4.375000000000000000e+00,-3.641112060000847861e-02,-2.769266773552395838e-02,3.550817921286535291e-03,2.153613790255650383e-03
4.392500000000000071e+00,-3.608318424570795130e-02,-2.744302852166603454e-02,3.484894985760123368e-03,2.113979091045588374e-03
4.410000000000000142e+00,-3.575820578523177667e-02,-2.719563234481077452e-02,3.420222870764508781e-03,2.075086264239771848e-03
4.427500000000000213e+00,-3.543615800807562582e-02,-2.695045876727398745e-02,3.356777094170178190e-03,2.036921088605643786e-03
4.445000000000000284e+00,-3.511701396494514016e-02,-2.670748754319177132e-02,3.294533674232043990e-03,1.999469624606212050e-03
4.462500000000000355e+00,-3.480074696502268028e-02,-2.646669861661075582e-02,3.233469118748735771e-03,1.962718208570019777e-03
4.480000000000000426e+00,-3.448733057326743012e-02,-2.622807211959952631e-02,3.173560414474923749e-03,1.926653446988799449e-03
4.497500000000000497e+00,-3.417673860774835676e-02,-2.599158837038090253e-02,3.114785016780218831e-03,1.891262210939818455e-03
4.515000000000000568e+00,-3.386894513700950543e-02,-2.575722787148483975e-02,3.057120839548373072e-03,1.856531630629992694e-03
4.532500000000000639e+00,-3.356392447746713720e-02,-2.552497130792166086e-02,3.000546245310686030e-03,1.822449090058916778e-03
4.550000000000000711e+00,-3.326165119083833444e-02,-2.529479954537535574e-02,2.945040035607685534e-03,1.789002221798040478e-03
4.567500000000000782e+00,-3.296210008160039423e-02,-2.506669362841671203e-02,2.890581441573321884e-03,1.756178901883281547e-03
4.585000000000000853e+00,-3.266524619448078759e-02,-2.484063477873600656e-02,2.837150114736071427e-03,1.723967244818440121e-03
4.602500000000000036e+00,-3.237106481197705304e-02,-2.461660439339499393e-02,2.784726118031509868e-03,1.692355598686842710e-03
4.620000000000000107e+00,-3.207953145190622218e-02,-2.439458404309793882e-02,2.733289917021036654e-03,1.661332540368703299e-03
4.637500000000000178e+00,-3.179062186498350651e-02,-2.417455547048154643e-02,2.682822371311647299e-03,1.630886870861778751e-03
4.655000000000000249e+00,-3.150431203242950312e-02,-2.395650058842337810e-02,2.633304726171683055e-03,1.601007610702904474e-03
4.672500000000000320e+00,-3.122057816360578400e-02,-2.374040147836868273e-02,2.584718604337735409e-03,1.571683995488114402e-03
4.690000000000000391e+00,-3.093939669367831019e-02,-2.352624038867528328e-02,2.537045998007945308e-03,1.542905471489063951e-03
4.707500000000000462e+00,-3.066074428130832752e-02,-2.331399973297640718e-02,2.490269261017088401e-03,1.514661691363554776e-03
4.725000000000000533e+00,-3.038459780637030663e-02,-2.310366208856112422e-02,2.444371101188972870e-03,1.486942509958004421e-03
4.742500000000000604e+00,-3.011093436769655962e-02,-2.289521019477225652e-02,2.399334572861771403e-03,1.459737980199755794e-03
4.760000000000000675e+00,-2.983973128084816892e-02,-2.268862695142149014e-02,2.355143069582058511e-03,1.433038349077185537e-03
4.777500000000000746e+00,-2.957096607591179829e-02,-2.248389541722149720e-02,2.311780316963411071e-03,1.406834053705602284e-03
4.795000000000000817e+00,-2.930461649532209445e-02,-2.228099880823485729e-02,2.269230365705556668e-03,1.381115717476994300e-03
4.812500000000000888e+00,-2.904066049170923522e-02,-2.207992049633955220e-02,2.227477584770160522e-03,1.355874146291715255e-03
4.830000000000000071e+00,-2.877907622577133631e-02,-2.188064400771085397e-02,2.186506654709440261e-03,1.331100324870263061e-03
4.847500000000000142e+00,-2.851984206417129686e-02,-2.168315302131934574e-02,2.146302561143895778e-03,1.306785413143323133e-03
4.865000000000000213e+00,-2.826293657745787904e-02,-2.148743136744501667e-02,2.106850588385570256e-03,1.282920742718339415e-03
4.882500000000000284e+00,-2.800833853801048060e-02,-2.129346302620703860e-02,2.068136313203299166e-03,1.259497813420855893e-03
4.900000000000000355e+00,-2.775602691800743704e-02,-2.110123212610918314e-02,2.030145598726548935e-03,1.236508289908968671e-03
4.917500000000000426e+00,-2.750598088741746175e-02,-2.091072294260062567e-02,1.992864588484508960e-03,1.213943998359243246e-03
4.935000000000000497e+00,-2.725817981201390447e-02,-2.072191989665195244e-02,1.956279700577197387e-03,1.191796923222489517e-03
4.952500000000000568e+00,-2.701260325141153010e-02,-2.053480755334621821e-02,1.920377621975423010e-03,1.170059204047839375e-03
4.970000000000000639e+00,-2.676923095712550188e-02,-2.034937062048480794e-02,1.885145302946525684e-03,1.148723132373593789e-03
4.987500000000000711e+00,-2.652804287065226377e-02,-2.016559394720800549e-02,1.850569951602908710e-03,1.127781148683357736e-03
5.005000000000000782e+00,-2.628901912157201315e-02,-1.998346252263001957e-02,1.816639028570439084e-03,1.107225839426003410e-03
5.022500000000000853e+00,-2.605214002567251066e-02,-1.980296147448832450e-02,1.783340241773878057e-03,1.087049934098048131e-03
5.040000000000000924e+00,-2.581738608309388366e-02,-1.962407606780716685e-02,1.750661541336576621e-03,1.067246302387058745e-03
5.057500000000000107e+00,-2.558473797649420123e-02,-1.944679170357501222e-02,1.718591114591737573e-03,1.047807951374733542e-03
5.075000000000000178e+00,-2.535417656923544261e-02,-1.927109391743580050e-02,1.687117381202610407e-03,1.028728022798335072e-03
5.092500000000000249e+00,-2.512568290358977580e-02,-1.909696837839388109e-02,1.656228988389083943e-03,1.009999790369200566e-03
5.110000000000000320e+00,-2.489923819896561891e-02,-1.892440088753237493e-02,1.625914806258149225e-03,9.916166571470527713e-04
5.127500000000000391e+00,-2.467482385015343921e-02,-1.875337737674487651e-02,1.596163923235828551e-03,9.735721529688957107e-04
5.145000000000000462e+00,-2.445242142559091864e-02,-1.858388390748032595e-02,1.566965641598191050e-03,9.558599319312931870e-04
5.162500000000000533e+00,-2.423201266564726022e-02,-1.841590666950086025e-02,1.538309473099148689e-03,9.384737699248558562e-04
5.180000000000000604e+00,-2.401357948092638223e-02,-1.824943197965254657e-02,1.510185134692785831e-03,9.214075622197968234e-04
5.197500000000000675e+00,-2.379710395058875008e-02,-1.808444628064879989e-02,1.482582544348023555e-03,9.046553211014363247e-04
5.215000000000000746e+00,-2.358256832069159301e-02,-1.792093613986634956e-02,1.455491816953488095e-03,8.882111735545655459e-04
5.232500000000000817e+00,-2.336995500254730393e-02,-1.775888824815361963e-02,1.428903260310493677e-03,8.720693589956040248e-04
5.250000000000000888e+00,-2.315924657109972445e-02,-1.759828941865135971e-02,1.402807371212113187e-03,8.562242270515102362e-04
5.267500000000000071e+00,-2.295042576331814826e-02,-1.743912658562542586e-02,1.377194831606353646e-03,8.406702353844284874e-04
5.285000000000000142e+00,-2.274347547660874116e-02,-1.728138680331146176e-02,1.352056504841498384e-03,8.254019475610766075e-04
5.302500000000000213e+00,-2.253837876724327366e-02,-1.712505724477151811e-02,1.327383431991753255e-03,8.104140309659146977e-04
5.320000000000000284e+00,-2.233511884880478443e-02,-1.697012520076231212e-02,1.303166828261334651e-03,7.957012547571317351e-04
5.337500000000000355e+00,-2.213367909065009492e-02,-1.681657807861504372e-02,1.279398079465224932e-03,7.812584878645370242e-04
5.355000000000000426e+00,-2.193404301638888013e-02,-1.666440340112668866e-02,1.256068738584845352e-03,7.670806970284475010e-04
5.372500000000000497e+00,-2.173619430237912556e-02,-1.651358880546255348e-02,1.233170522396940172e-03,7.531629448786870485e-04
5.390000000000000568e+00,-2.154011677623875881e-02,-1.636412204207003326e-02,1.210695308174012915e-03,7.395003880528352308e-04
5.407500000000000639e+00,-2.134579441537320585e-02,-1.621599097360338151e-02,1.188635130454693441e-03,7.260882753528828063e-04
5.425000000000000711e+00,-2.115321134551876106e-02,-1.606918357385942603e-02,1.166982177882453127e-03,7.129219459394677471e-04
5.442500000000000782e+00,-2.096235183930147267e-02,-1.592368792672406441e-02,1.145728790111128804e-03,6.999968275628885893e-04
5.460000000000000853e+00,-2.077320031481142207e-02,-1.577949222512943506e-02,1.124867454775746456e-03,6.873084348301062478e-04
5.477500000000000924e+00,-2.058574133419218896e-02,-1.563658477002162137e-02,1.104390804527181002e-03,6.748523675069667896e-04
5.495000000000000107e+00,-2.039995960224527671e-02,-1.549495396933882850e-02,1.084291614129216045e-03,6.626243088548924029e-04
5.512500000000000178e+00,-2.021583996504933492e-02,-1.535458833699979674e-02,1.064562797616603208e-03,6.506200240013031979e-04
5.530000000000000249e+00,-2.003336740859408202e-02,-1.521547649190250692e-02,1.045197405512769510e-03,6.388353583430622868e-04
5.547500000000000320e+00,-1.985252705742854631e-02,-1.507760715693288664e-02,1.026188622105823596e-03,6.272662359822259691e-04
5.565000000000000391e+00,-1.967330417332366008e-02,-1.494096915798352916e-02,1.007529762781574079e-03,6.159086581934276839e-04
5.582500000000000462e+00,-1.949568415394891188e-02,-1.480555142298223617e-02,9.892142714122878055e-04,6.047587019222169097e-04
5.600000000000000533e+00,-1.931965253156289059e-02,-1.467134298093034604e-02,9.712357177999519442e-04,5.938125183137010809e-04
5.617500000000000604e+00,-1.914519497171762730e-02,-1.453833296095065862e-02,9.535877951728279631e-04,5.830663312708479155e-04
5.635000000000000675e+00,-1.897229727197646820e-02,-1.440651059134491659e-02,9.362643177341241872e-04,5.725164360418234354e-04
5.652500000000000746e+00,-1.880094536064537414e-02,-1.427586519866069770e-02,9.192592182616296514e-04,5.621591978357513711e-04
5.670000000000000817e+00,-1.863112529551750121e-02,-1.414638620676762770e-02,9.025665457571900281e-04,5.519910504662974221e-04
5.687500000000000888e+00,-1.846282326263082307e-02,-1.401806313594281331e-02,8.861804631449254899e-04,5.420084950224907366e-04
5.705000000000000959e+00,-1.829602557503873933e-02,-1.389088560196538417e-02,8.700952450171205079e-04,5.322080985662121016e-04
5.722500000000000142e+00,-1.813071867159342029e-02,-1.376484331522005028e-02,8.543052754267399821e-04,5.225864928557890721e-04
5.740000000000000213e+00,-1.796688911574179787e-02,-1.363992607980955146e-02,8.388050457255456132e-04,5.131403730951470451e-04
5.757500000000000284e+00,-1.780452359433405685e-02,-1.351612379267597662e-02,8.235891524468273023e-04,5.038664967079907681e-04
5.775000000000000355e+00,-1.764360891644440113e-02,-1.339342644273074263e-02,8.086522952317588353e-04,4.947616821364804679e-04
5.792500000000000426e+00,-1.748413201220406013e-02,-1.327182410999322784e-02,7.939892747984403408e-04,4.858228076639001269e-04
5.810000000000000497e+00,-1.732607993164627866e-02,-1.315130696473792125e-02,7.795949909526910969e-04,4.770468102608148905e-04
5.827500000000000568e+00,-1.716943984356323477e-02,-1.303186526665001815e-02,7.654644406396892212e-04,4.684306844542266801e-04
5.845000000000000639e+00,-1.701419903437471903e-02,-1.291348936398935450e-02,7.515927160355698492e-04,4.599714812192516123e-04
5.862500000000000711e+00,-1.686034490700840174e-02,-1.279616969276258301e-02,7.379750026781164984e-04,4.516663068928498731e-04
5.880000000000000782e+00,-1.670786497979161872e-02,-1.267989677590353366e-02,7.246065776357017837e-04,4.435123221091503520e-04
5.897500000000000853e+00,-1.655674688535445360e-02,-1.256466122246163546e-02,7.114828077136487209e-04,4.355067407559227478e-04
5.915000000000000924e+00,-1.640697836954410627e-02,-1.245045372679831792e-02,6.985991476972081395e-04,4.276468289517588030e-04
5.932500000000000995e+00,-1.625854729035026633e-02,-1.233726506779133508e-02,6.859511386303624716e-04,4.199299040435336481e-04
5.950000000000000178e+00,-1.611144161684151602e-02,-1.222508610804688527e-02,6.735344061296871104e-04,4.123533336237296225e-04
5.967500000000000249e+00,-1.596564942811249527e-02,-1.211390779311945394e-02,6.613446587325122385e-04,4.049145345672094877e-04
5.985000000000000320e+00,-1.582115891224183599e-02,-1.200372115073935347e-02,6.493776862786602294e-04,3.976109720870435742e-04
6.002500000000000391e+00,-1.567795836526062955e-02,-1.189451729004776560e-02,6.376293583250267853e-04,3.904401588089920347e-04
6.020000000000000462e+00,-1.553603619013137378e-02,-1.178628740083931259e-02,6.260956225923140902e-04,3.833996538642620304e-04
6.037500000000000533e+00,-1.539538089573725711e-02,-1.167902275281201135e-02,6.147725034432250171e-04,3.764870620001638485e-04
6.055000000000000604e+00,-1.525598109588165510e-02,-1.157271469482455857e-02,6.036561003914493262e-04,3.697000327082981342e-04
6.072500000000000675e+00,-1.511782550829775425e-02,-1.146735465416087382e-02,5.927425866407865646e-04,3.630362593699142841e-04
6.090000000000000746e+00,-1.498090295366813658e-02,-1.136293413580179677e-02,5.820282076537654442e-04,3.564934784180892060e-04
6.107500000000000817e+00,-1.484520235465426434e-02,-1.125944472170388455e-02,5.715092797491328142e-04,3.500694685163812346e-04
6.125000000000000888e+00,-1.471071273493571550e-02,-1.115687807008523130e-02,5.611821887276017108e-04,3.437620497536231570e-04
6.142500000000000959e+00,-1.457742321825908002e-02,-1.105522591471823357e-02,5.510433885252601170e-04,3.375690828545244767e-04
6.160000000000000142e+00,-1.444532302749639875e-02,-1.095448006422921304e-02,5.410893998940557179e-04,3.314884684057605303e-04
6.177500000000000213e+00,-1.431440148371302019e-02,-1.085463240140484460e-02,5.313168091087837634e-04,3.255181460972312191e-04
6.195000000000000284e+00,-1.418464800524484211e-02,-1.075567488250532555e-02,5.217222667000248745e-04,3.196560939781853991e-04
6.212500000000000355e+00,-1.405605210678472460e-02,-1.065759953658417837e-02,5.123024862124790938e-04,3.139003277279018233e-04
6.230000000000000426e+00,-1.392860339847804690e-02,-1.056039846481465240e-02,5.030542429881677390e-04,3.082488999406359084e-04
6.247500000000000497e+00,-1.380229158502729696e-02,-1.046406383982262725e-02,4.939743729739794979e-04,3.026998994245410539e-04
6.265000000000000568e+00,-1.367710646480556173e-02,-1.036858790502598673e-02,4.850597715530501606e-04,2.972514505142809954e-04
6.282500000000000639e+00,-1.355303792897885953e-02,-1.027396297398034883e-02,4.763073923994775812e-04,2.919017123970563403e-04
6.300000000000000711e+00,-1.343007596063718403e-02,-1.018018142973113258e-02,4.677142463558834349e-04,2.866488784517735866e-04
6.317500000000000782e+00,-1.330821063393417339e-02,-1.008723572417184744e-02,4.592774003333451017e-04,2.814911756010909385e-04
6.335000000000000853e+00,-1.318743211323533150e-02,-9.995118377408596447e-03,4.509939762332304406e-04,2.764268636760807665e-04
6.352500000000000924e+00,-1.306773065227465752e-02,-9.903821977130659523e-03,4.428611498904807924e-04,2.714542347932545206e-04
6.370000000000000995e+00,-1.294909659331965057e-02,-9.813339177987165721e-03,4.348761500378936777e-04,2.665716127437002406e-04
6.387500000000000178e+00,-1.283152036634455269e-02,-9.723662700969746761e-03,4.270362572909717266e-04,2.617773523940894248e-04
6.405000000000000249e+00,-1.271499248821173628e-02,-9.634785332801086913e-03,4.193388031529067593e-04,2.570698390993131051e-04
6.422500000000000320e+00,-1.259950356186122049e-02,-9.546699925329409087e-03,4.117811690392887041e-04,2.524474881265164651e-04
6.440000000000000391e+00,-1.248504427550811702e-02,-9.459399394928711541e-03,4.043607853221227455e-04,2.479087440902987341e-04
6.457500000000000462e+00,-1.237160540184800185e-02,-9.372876721904762135e-03,3.970751303927614099e-04,2.434520803988575064e-04
6.475000000000000533e+00,-1.225917779727009500e-02,-9.287124949906799820e-03,3.899217297433587269e-04,2.390759987108571482e-04
6.492500000000000604e+00,-1.214775240107816845e-02,-9.202137185344854906e-03,3.828981550664647200e-04,2.347790284028063753e-04
6.510000000000000675e+00,-1.203732023471910072e-02,-9.117906596812630840e-03,3.760020233723862840e-04,2.305597260467346418e-04
6.527500000000000746e+00,-1.192787240101898620e-02,-9.034426414515916298e-03,3.692309961239493448e-04,2.264166748979620422e-04
6.545000000000000817e+00,-1.181940008342672981e-02,-8.951689929706447765e-03,3.625827783883040813e-04,2.223484843927601485e-04
6.562500000000000888e+00,-1.171189454526504713e-02,-8.869690494121179256e-03,3.560551180054235534e-04,2.183537896557073471e-04
6.580000000000000959e+00,-1.160534712898876608e-02,-8.788421519426881101e-03,3.496458047729534549e-04,2.144312510165446073e-04
6.597500000000001030e+00,-1.149974925545038835e-02,-8.707876476670057403e-03,3.433526696470777539e-04,2.105795535363432175e-04
6.615000000000000213e+00,-1.139509242317281179e-02,-8.628048895732085000e-03,3.371735839590733362e-04,2.067974065427981430e-04
6.632500000000000284e+00,-1.129136820762911136e-02,-8.548932364789525382e-03,3.311064586472303403e-04,2.030835431744658348e-04
6.650000000000000355e+00,-1.118856826052938742e-02,-8.470520529779602611e-03,3.251492435038298929e-04,1.994367199337703065e-04
6.667500000000000426e+00,-1.108668430911450252e-02,-8.392807093870731025e-03,3.192999264368656925e-04,1.958557162486003478e-04
6.685000000000000497e+00,-1.098570815545668947e-02,-8.315785816938077099e-03,3.135565327462132377e-04,1.923393340423301223e-04
6.702500000000000568e+00,-1.088563167576696820e-02,-8.239450515044112119e-03,3.079171244139519053e-04,1.888863973120948525e-04
6.720000000000000639e+00,-1.078644681970926042e-02,-8.163795059924067177e-03,3.023797994085514803e-04,1.854957517151585838e-04
6.737500000000000711e+00,-1.068814560972115683e-02,-8.088813378476288757e-03,2.969426910026420050e-04,1.821662641632137004e-04
6.755000000000000782e+00,-1.059072014034127471e-02,-8.014499452257404719e-03,2.916039671040913418e-04,1.788968224244554179e-04
6.772500000000000853e+00,-1.049416257754309106e-02,-7.940847316982279844e-03,2.863618296001214057e-04,1.756863347332776745e-04
6.790000000000000924e+00,-1.039846515807524643e-02,-7.867851062028695039e-03,2.812145137141977081e-04,1.725337294074399074e-04
6.807500000000000995e+00,-1.030362018880819942e-02,-7.795504829946711157e-03,2.761602873754352553e-04,1.694379544725574795e-04
6.825000000000001066e+00,-1.020962004608719220e-02,-7.723802815972669739e-03,2.711974506002677501e-04,1.663979772937711503e-04
6.842500000000000249e+00,-1.011645717509145233e-02,-7.652739267547781221e-03,2.663243348861318665e-04,1.634127842144547269e-04
6.860000000000000320e+00,-1.002412408919955630e-02,-7.582308483841248593e-03,2.615393026169243349e-04,1.604813802018211953e-04
6.877500000000000391e+00,-9.932613369360928854e-03,-7.512504815277911731e-03,2.568407464799974315e-04,1.576027884992942183e-04
6.895000000000000462e+00,-9.841917663473353020e-03,-7.443322663070318750e-03,2.522270888944559198e-04,1.547760502855085284e-04
6.912500000000000533e+00,-9.752029685766482395e-03,-7.374756478755213965e-03,2.476967814505324789e-04,1.520002243398121435e-04
6.930000000000000604e+00,-9.662942216191258357e-03,-7.306800763734394751e-03,2.432483043598171338e-04,1.492743867141411995e-04
6.947500000000000675e+00,-9.574648099815199348e-03,-7.239450068819880055e-03,2.388801659161235761e-04,1.465976304111431478e-04
6.965000000000000746e+00,-9.487140246223470241e-03,-7.172698993783364549e-03,2.345909019667788420e-04,1.439690650684255317e-04
6.982500000000000817e+00,-9.400411628925705795e-03,-7.106542186909897696e-03,2.303790753941280993e-04,1.413878166488107295e-04
7.000000000000000888e+00,-9.314455284768485832e-03,-7.040974344555766054e-03,2.262432756070496560e-04,1.388530271364791602e-04
7.017500000000000959e+00,-9.229264313353458676e-03,-6.975990210710515498e-03,2.221821180422806975e-04,1.363638542388856238e-04
7.035000000000001030e+00,-9.144831876461000097e-03,-6.911584576563088202e-03,2.181942436753575392e-04,1.339194710943362868e-04
7.052500000000001101e+00,-9.061151197479388672e-03,-6.847752280072031024e-03,2.142783185409785716e-04,1.315190659851157536e-04
7.070000000000000284e+00,-8.978215560839426443e-03,-6.784488205539725841e-03,2.104330332626025478e-04,1.291618420560560463e-04
7.087500000000000355e+00,-8.896018311454430283e-03,-6.721787283190605415e-03,2.066571025910970863e-04,1.268470170384408083e-04
7.105000000000000426e+00,-8.814552854165600901e-03,-6.659644488753338303e-03,2.029492649522600942e-04,1.245738229791425449e-04
7.122500000000000497e+00,-8.733812653192632447e-03,-6.598054843046896947e-03,1.993082820030341615e-04,1.223415059748887094e-04
7.140000000000000568e+00,-8.653791231589557514e-03,-6.537013411570516755e-03,1.957329381962439761e-04,1.201493259115587857e-04
7.157500000000000639e+00,-8.574482170705778963e-03,-6.476515304097474161e-03,1.922220403536866232e-04,1.179965562084135688e-04
7.175000000000000711e+00,-8.495879109652213976e-03,-6.416555674272672420e-03,1.887744172474093991e-04,1.158824835671613969e-04
7.192500000000000782e+00,-8.417975744772493094e-03,-6.357129719213980464e-03,1.853889191890130254e-04,1.138064077257671172e-04
7.210000000000000853e+00,-8.340765829119203834e-03,-6.298232679117286674e-03,1.820644176268213464e-04,1.117676412169120079e-04
7.227500000000000924e+00,-8.264243171935071325e-03,-6.239859836865248484e-03,1.787998047507619536e-04,1.097655091310143697e-04
7.245000000000000995e+00,-8.188401638139072500e-03,-6.182006517639682293e-03,1.755939931048057317e-04,1.077993488837226548e-04
7.262500000000001066e+00,-8.113235147817407511e-03,-6.124668088537567681e-03,1.724459152068157075e-04,1.058685099877943554e-04
7.280000000000001137e+00,-8.038737675719290210e-03,-6.067839958190632092e-03,1.693545231756594569e-04,1.039723538292759236e-04
7.297500000000000320e+00,-7.964903250757505646e-03,-6.011517576388474352e-03,1.663187883654418462e-04,1.021102534479006839e-04
7.315000000000000391e+00,-7.891725955513675603e-03,-5.955696433705188857e-03,1.633377010067170823e-04,1.002815933216227330e-04
7.332500000000000462e+00,-7.819199925748220037e-03,-5.900372061129484369e-03,1.604102698545452484e-04,9.848576915520822347e-05
7.350000000000000533e+00,-7.747319349914925934e-03,-5.845540029698220209e-03,1.575355218432554993e-04,9.672218767280410924e-05
7.367500000000000604e+00,-7.676078468680088904e-03,-5.791195950133357258e-03,1.547125017477864585e-04,9.499026641440892250e-05
7.385000000000000675e+00,-7.605471574446202344e-03,-5.737335472482281255e-03,1.519402718514742867e-04,9.328943353616986193e-05
7.402500000000000746e+00,-7.535493010880121335e-03,-5.683954285761467183e-03,1.492179116201614302e-04,9.161912761443265728e-05
7.420000000000000817e+00,-7.466137172445674354e-03,-5.631048117603448290e-03,1.465445173825028868e-04,8.997879745347194794e-05
7.437500000000000888e+00,-7.397398503940668182e-03,-5.578612733907061146e-03,1.439192020163483133e-04,8.836790189683140417e-05
7.455000000000000959e+00,-7.329271500038247837e-03,-5.526643938490936360e-03,1.413410946410810650e-04,8.678590964220420220e-05
7.472500000000001030e+00,-7.261750704832567287e-03,-5.475137572750195941e-03,1.388093403157979948e-04,8.523229905978598191e-05
7.490000000000001101e+00,-7.194830711388721517e-03,-5.424089515316340808e-03,1.363230997432157102e-04,8.370655801403329723e-05
7.507500000000000284e+00,-7.128506161296911323e-03,-5.373495681720277285e-03,1.338815489791917509e-04,8.220818368876275082e-05
7.525000000000000355e+00,-7.062771744230773169e-03,-5.323352024058466969e-03,1.314838791477504498e-04,8.073668241552593727e-05
7.542500000000000426e+00,-6.997622197509874992e-03,-5.273654530662175675e-03,1.291292961615078238e-04,7.929156950519870687e-05
7.560000000000000497e+00,-6.933052305666291201e-03,-5.224399225769765960e-03,1.268170204473885085e-04,7.787236908272179858e-05
7.577500000000000568e+00,-6.869056900015237804e-03,-5.175582169202030611e-03,1.245462866775326341e-04,7.647861392493333292e-05
7.595000000000000639e+00,-6.805630858229735555e-03,-5.127199456040525474e-03,1.223163435052921895e-04,7.510984530143398103e-05
7.612500000000000711e+00,-6.742769103919243889e-03,-5.079247216308866927e-03,1.201264533062167903e-04,7.376561281842654750e-05
7.630000000000000782e+00,-6.680466606212235280e-03,-5.031721614656984448e-03,1.179758919239333188e-04,7.244547426547346650e-05
7.647500000000000853e+00,-6.618718379342672722e-03,-4.984618850048277983e-03,1.158639484208232528e-04,7.114899546511607665e-05
7.665000000000000924e+00,-6.557519482240344380e-03,-4.937935155449667962e-03,1.137899248334056358e-04,6.987575012530161363e-05
7.682500000000000995e+00,-6.496865018125024156e-03,-4.891666797524501543e-03,1.117531359323338693e-04,6.862531969456377807e-05
7.700000000000001066e+00,-6.436750134104420908e-03,-4.845810076328294254e-03,1.097529089869174088e-04,6.739729321990489143e-05
7.717500000000001137e+00,-6.377170020775871188e-03,-4.800361325007270613e-03,1.077885835340804908e-04,6.619126720732780122e-05
7.735000000000000320e+00,-6.318119911831747773e-03,-4.755316909499691588e-03,1.058595111516725200e-04,6.500684548496733718e-05
7.752500000000000391e+00,-6.259595083668535384e-03,-4.710673228239915973e-03,1.039650552360452010e-04,6.384363906877153988e-05
7.770000000000000462e+00,-6.201590854999564084e-03,-4.666426711865213038e-03,1.021045907838155962e-04,6.270126603068472654e-05
7.787500000000000533e+00,-6.144102586471325740e-03,-4.622573822925250125e-03,1.002775041777324296e-04,6.157935136928410628e-05
7.805000000000000604e+00,-6.087125680283370088e-03,-4.579111055594263860e-03,9.848319297656791106e-05,6.047752688282385963e-05
7.822500000000000675e+00,-6.030655579811730095e-03,-4.536034935385877681e-03,9.672106570895693651e-05,5.939543104464074580e-05
7.840000000000000746e+00,-5.974687769235849724e-03,-4.493342018870539675e-03,9.499054167110779906e-05,5.833270888087647386e-05
7.857500000000000817e+00,-5.919217773168972477e-03,-4.451028893395564227e-03,9.329105072830991101e-05,5.728901185047290047e-05
7.875000000000000888e+00,-5.864241156291964685e-03,-4.409092176807733257e-03,9.162203312016535387e-05,5.626399772739685553e-05
7.892500000000000959e+00,-5.809753522990531924e-03,-4.367528517178461377e-03,8.998293926947297005e-05,5.525733048505248793e-05
7.910000000000001030e+00,-5.755750516995802521e-03,-4.326334592531472061e-03,8.837322959469457709e-05,5.426868018283965408e-05
7.927500000000001101e+00,-5.702227821028244339e-03,-4.285507110572982226e-03,8.679237432593472890e-05,5.329772285481760338e-05
7.945000000000001172e+00,-5.649181156444875798e-03,-4.245042808424353588e-03,8.523985332436651865e-05,5.234414040043430599e-05
7.962500000000000355e+00,-5.596606282889749449e-03,-4.204938452357212531e-03,8.371515590503749034e-05,5.140762047728227648e-05
7.980000000000000426e+00,-5.544498997947661274e-03,-4.165190837530972565e-03,8.221778066299043086e-05,5.048785639584237701e-05
7.997500000000000497e+00,-5.492855136801083095e-03,-4.125796787732798412e-03,8.074723530263668708e-05,4.958454701617867616e-05
8.015000000000000568e+00,-5.441670571890248713e-03,-4.086753155119924111e-03,7.930303647031836567e-05,4.869739664654665362e-05
8.032500000000000639e+00,-5.390941212576389439e-03,-4.048056819964344216e-03,7.788470958999936403e-05,4.782611494387929040e-05
8.050000000000000711e+00,-5.340663004808085187e-03,-4.009704690399844285e-03,7.649178870202520848e-05,4.697041681611536769e-05
8.067500000000000782e+00,-5.290831930790692965e-03,-3.971693702171346339e-03,7.512381630489300358e-05,4.613002232633524585e-05
8.085000000000000853e+00,-5.241444008658825877e-03,-3.934020818386546776e-03,7.378034319997407047e-05,4.530465659867007294e-05
8.102500000000000924e+00,-5.192495292151864429e-03,-3.896683029269831094e-03,7.246092833913301786e-05,4.449404972595109035e-05
8.120000000000000995e+00,-5.143981870292447210e-03,-3.859677351918438561e-03,7.116513867518786988e-05,4.369793667906608916e-05
8.137500000000001066e+00,-5.095899867067939237e-03,-3.823000830060856864e-03,6.989254901515732537e-05,4.291605721799108099e-05
8.155000000000001137e+00,-5.048245441114827640e-03,-3.786650533817427673e-03,6.864274187624177874e-05,4.214815580446555822e-05
8.172500000000001208e+00,-5.001014785406030817e-03,-3.750623559463138381e-03,6.741530734448645374e-05,4.139398151628047111e-05
8.190000000000001279e+00,-4.954204126941082025e-03,-3.714917029192585287e-03,6.620984293607519108e-05,4.065328796314858452e-05
8.207500000000001350e+00,-4.907809726439175263e-03,-3.679528090887081767e-03,6.502595346120526078e-05,3.992583320412756780e-05
8.225000000000001421e+00,-4.861827878035021415e-03,-3.644453917883895815e-03,6.386325089049389486e-05,3.921137966656651773e-05
8.242500000000001492e+00,-4.816254908977515500e-03,-3.609691708747593542e-03,6.272135422386863250e-05,3.850969406654745371e-05
8.260000000000001563e+00,-4.771087179331169950e-03,-3.575238687043471707e-03,6.159988936189419258e-05,3.782054733079373191e-05
8.277500000000001634e+00,-4.726321081680290477e-03,-3.541092101113057188e-03,6.049848897948976816e-05,3.714371452001772412e-05
8.294999999999999929e+00,-4.681953040835877197e-03,-3.507249223851662944e-03,5.941679240199143673e-05,3.647897475368104948e-05
8.312500000000000000e+00,-4.637979513545195491e-03,-3.473707352487949342e-03,5.835444548351469851e-05,3.582611113614032845e-05
8.330000000000000071e+00,-4.594396988204058237e-03,-3.440463808365539378e-03,5.731110048757508943e-05,3.518491068415365117e-05
8.347500000000000142e+00,-4.551201984571704925e-03,-3.407515936726583303e-03,5.628641596992205734e-05,3.455516425572079749e-05
8.365000000000000213e+00,-4.508391053488316688e-03,-3.374861106497318609e-03,5.528005666354579621e-05,3.393666648023341710e-05
8.382500000000000284e+00,-4.465960776595119530e-03,-3.342496710075581589e-03,5.429169336581530326e-05,3.332921568991011806e-05
8.400000000000000355e+00,-4.423907766057055824e-03,-3.310420163120254833e-03,5.332100282770750301e-05,3.273261385249264503e-05
8.417500000000000426e+00,-4.382228664287994568e-03,-3.278628904342631174e-03,5.236766764508796640e-05,3.214666650517947102e-05
8.435000000000000497e+00,-4.340920143678462205e-03,-3.247120395299683653e-03,5.143137615200442419e-05,3.157118268977371589e-05
8.452500000000000568e+00,-4.299978906325862757e-03,-3.215892120189214193e-03,5.051182231595508675e-05,3.100597488902277245e-05
8.470000000000000639e+00,-4.259401683767175158e-03,-3.184941585646869702e-03,4.960870563509467722e-05,3.045085896412732930e-05
8.487500000000000711e+00,-4.219185236714088731e-03,-3.154266320545007392e-03,4.872173103734140298e-05,2.990565409339798102e-05
8.505000000000000782e+00,-4.179326354790570755e-03,-3.123863875793391094e-03,4.785060878134924961e-05,2.937018271203807371e-05
8.522500000000000853e+00,-4.139821856272829677e-03,-3.093731824141699501e-03,4.699505435931037423e-05,2.884427045303172518e-05
8.540000000000000924e+00,-4.100668587831654902e-03,-3.063867759983835912e-03,4.615478840155318830e-05,2.832774608911647091e-05
8.557500000000000995e+00,-4.061863424277114068e-03,-3.034269299164015637e-03,4.532953658290226901e-05,2.782044147582030509e-05
8.575000000000001066e+00,-4.023403268305586131e-03,-3.004934078784618923e-03,4.451902953076709201e-05,2.732219149554331326e-05
8.592500000000001137e+00,-3.985285050249099022e-03,-2.975859757015792469e-03,4.372300273492695096e-05,2.683283400266444851e-05
8.610000000000001208e+00,-3.947505727826958882e-03,-2.947044012906782640e-03,4.294119645898031046e-05,2.635220976965435926e-05
8.627500000000001279e+00,-3.910062285899652650e-03,-2.918484546198983013e-03,4.217335565342728585e-05,2.588016243417560336e-05
8.645000000000001350e+00,-3.872951736224984100e-03,-2.890179077140685865e-03,4.141922987035454674e-05,2.541653844715183056e-05
8.662500000000001421e+00,-3.836171117216449419e-03,-2.862125346303513295e-03,4.067857317969269322e-05,2.496118702178798650e-05
8.680000000000001492e+00,-3.799717493703803298e-03,-2.834321114400521497e-03,3.995114408701651944e-05,2.451396008352382168e-05
8.697500000000001563e+00,-3.763587956695817714e-03,-2.806764162105956917e-03,3.923670545285929100e-05,2.407471222090337836e-05
8.715000000000001634e+00,-3.727779623145199145e-03,-2.779452289876649992e-03,3.853502441351265047e-05,2.364330063734350823e-05
8.732500000000001705e+00,-3.692289635715647299e-03,-2.752383317775034324e-03,3.784587230328432064e-05,2.321958510378465602e-05
8.750000000000000000e+00,-3.657115162551041482e-03,-2.725555085293775246e-03,3.716902457818644658e-05,2.280342791220762609e-05
8.767500000000000071e+00,-3.622253397046710371e-03,-2.698965451181980450e-03,3.650426074102728827e-05,2.239469383000005159e-05
8.785000000000000142e+00,-3.587701557622820746e-03,-2.672612293273014372e-03,3.585136426788115778e-05,2.199325005515736747e-05
8.802500000000000213e+00,-3.553456887499790214e-03,-2.646493508313853878e-03,3.521012253590937406e-05,2.159896617230205778e-05
8.820000000000000284e+00,-3.519516654475765127e-03,-2.620607011796004335e-03,3.458032675250808464e-05,2.121171410950661545e-05
8.837500000000000355e+00,-3.485878150706117704e-03,-2.594950737787950473e-03,3.396177188575771948e-05,2.083136809590507941e-05
8.855000000000000426e+00,-3.452538692484946343e-03,-2.569522638769132072e-03,3.335425659614985858e-05,2.045780462007859731e-05
8.872500000000000497e+00,-3.419495620028565643e-03,-2.544320685465424527e-03,3.275758316956768130e-05,2.009090238920071576e-05
8.890000000000000568e+00,-3.386746297260962747e-03,-2.519342866686114304e-03,3.217155745149654462e-05,1.973054228892828660e-05
8.907500000000000639e+00,-3.354288111601202212e-03,-2.494587189162358887e-03,3.159598878244191544e-05,1.937660734402427392e-05
8.925000000000000711e+00,-3.322118473752764221e-03,-2.470051677387112132e-03,3.103068993453193602e-05,1.902898267969887228e-05
8.942500000000000782e+00,-3.290234817494794468e-03,-2.445734373456502891e-03,3.047547704928271834e-05,1.868755548365568821e-05
8.960000000000000853e+00,-3.258634599475249225e-03,-2.421633336912656486e-03,2.993016957650466300e-05,1.835221496882998842e-05
8.977500000000000924e+00,-3.227315299005918681e-03,-2.397746644587945165e-03,2.939459021432850821e-05,1.802285233680615996e-05
8.995000000000000995e+00,-3.196274417859308603e-03,-2.374072390450650619e-03,2.886856485033036340e-05,1.769936074190192756e-05
9.012500000000001066e+00,-3.165509480067369048e-03,-2.350608685452033365e-03,2.835192250373520890e-05,1.738163525590695485e-05
9.030000000000001137e+00,-3.135018031722041493e-03,-2.327353657374787738e-03,2.784449526867884456e-05,1.706957283346381495e-05
9.047500000000001208e+00,-3.104797640777621354e-03,-2.304305450682876417e-03,2.734611825850860576e-05,1.676307227807943823e-05
9.065000000000001279e+00,-3.074845896854906842e-03,-2.281462226372729749e-03,2.685662955110356144e-05,1.646203420875543957e-05
9.082500000000001350e+00,-3.045160411047125905e-03,-2.258822161825798161e-03,2.637587013519522070e-05,1.616636102722590379e-05
9.100000000000001421e+00,-3.015738815727620446e-03,-2.236383450662443768e-03,2.590368385767021148e-05,1.587595688579144842e-05
9.117500000000001492e+00,-2.986578764359270905e-03,-2.214144302597161659e-03,2.543991737183671329e-05,1.559072765573858618e-05
9.135000000000001563e+00,-2.957677931305650355e-03,-2.192102943295116090e-03,2.498442008663670730e-05,1.531058089633357232e-05
9.152500000000001634e+00,-2.929034011643883838e-03,-2.170257614229986406e-03,2.453704411678657451e-05,1.503542582438022350e-05
9.170000000000001705e+00,-2.900644720979204689e-03,-2.148606572543098822e-03,2.409764423382878293e-05,1.476517328433127095e-05
9.187500000000000000e+00,-2.872507795261190072e-03,-2.127148090903848831e-03,2.366607781807786529e-05,1.449973571894313607e-05
9.205000000000000071e+00,-2.844620990601645378e-03,-2.105880457371380864e-03,2.324220481144381454e-05,1.423902714046393704e-05
9.222500000000000142e+00,-2.816982083094163921e-03,-2.084801975257546437e-03,2.282588767111733198e-05,1.398296310234536835e-05
9.240000000000000213e+00,-2.789588868635290396e-03,-2.063910962991091780e-03,2.241699132410010587e-05,1.373146067146822616e-05
9.257500000000000284e+00,-2.762439162747313236e-03,-2.043205753983092735e-03,2.201538312256513840e-05,1.348443840087262136e-05
9.275000000000000355e+00,-2.735530800402658121e-03,-2.022684696493611337e-03,2.162093280003145746e-05,1.324181630298339176e-05
9.292500000000000426e+00,-2.708861635849866591e-03,-2.002346153499572328e-03,2.123351242833829887e-05,1.300351582332164848e-05
9.310000000000000497e+00,-2.682429542441146317e-03,-1.982188502563837947e-03,2.085299637540386462e-05,1.276945981469357642e-05
9.327500000000000568e+00,-2.656232412461480459e-03,-1.962210135705481397e-03,2.047926126375424762e-05,1.253957251184767934e-05
9.345000000000000639e+00,-2.630268156959278750e-03,-1.942409459271243408e-03,2.011218592980826891e-05,1.231377950659191312e-05
9.362500000000000711e+00,-2.604534705578556882e-03,-1.922784893808160596e-03,1.975165138390424458e-05,1.209200772336223340e-05
9.380000000000000782e+00,-2.579030006392631601e-03,-1.903334873937357176e-03,1.939754077105502493e-05,1.187418539523433614e-05
9.397500000000000853e+00,-2.553752025739313737e-03,-1.884057848228990915e-03,1.904973933241784460e-05,1.166024204037039375e-05
9.415000000000000924e+00,-2.528698748057592663e-03,-1.864952279078340314e-03,1.870813436746580747e-05,1.145010843889288388e-05
9.432500000000000995e+00,-2.503868175725787893e-03,-1.846016642583026739e-03,1.837261519684807367e-05,1.124371661017764349e-05
9.450000000000001066e+00,-2.479258328901163926e-03,-1.827249428421357826e-03,1.804307312592602291e-05,1.104099979055847944e-05
9.467500000000001137e+00,-2.454867245360988805e-03,-1.808649139731786752e-03,1.771940140897298012e-05,1.084189241143581371e-05
9.485000000000001208e+00,-2.430692980345024699e-03,-1.790214292993473708e-03,1.740149521402523816e-05,1.064633007778193992e-05
9.502500000000001279e+00,-2.406733606399440520e-03,-1.771943417907943059e-03,1.708925158837243461e-05,1.045424954703565760e-05
9.520000000000001350e+00,-2.382987213222125759e-03,-1.753835057281826664e-03,1.678256942467543772e-05,1.026558870837914691e-05
9.537500000000001421e+00,-2.359451907509402084e-03,-1.735887766910680988e-03,1.648134942770026915e-05,1.008028656239009936e-05
9.555000000000001492e+00,-2.336125812804110569e-03,-1.718100115463873888e-03,1.618549408165667616e-05,9.898283201062229924e-06
9.572500000000001563e+00,-2.313007069345070655e-03,-1.700470684370528063e-03,1.589490761813026388e-05,9.719519788187448459e-06
9.590000000000001634e+00,-2.290093833917890027e-03,-1.682998067706514009e-03,1.560949598459723705e-05,9.543938540093080292e-06
9.607500000000001705e+00,-2.267384279707118470e-03,-1.665680872082483163e-03,1.532916681351109917e-05,9.371482706727635739e-06
9.625000000000001776e+00,-2.244876596149732260e-03,-1.648517716532932765e-03,1.505382939195073622e-05,9.202096553088770796e-06
9.642500000000000071e+00,-2.222568988789935633e-03,-1.631507232406296821e-03,1.478339463181963767e-05,9.035725340987211569e-06
9.660000000000000142e+00,-2.200459679135259410e-03,-1.614648063256040591e-03,1.451777504058596493e-05,8.872315311140394769e-06
9.677500000000000213e+00,-2.178546904513973658e-03,-1.597938864732781610e-03,1.425688469255392967e-05,8.711813665590066109e-06
9.695000000000000284e+00,-2.156828917933759342e-03,-1.581378304477389302e-03,1.400063920065620928e-05,8.554168550437583820e-06
9.712500000000000355e+00,-2.135303987941661059e-03,-1.564965062015084450e-03,1.374895568875822088e-05,8.399329038891386004e-06
9.730000000000000426e+00,-2.113970398485295714e-03,-1.548697828650518133e-03,1.350175276446472994e-05,8.247245114620836571e-06
9.747500000000000497e+00,-2.092826448775305867e-03,-1.532575307363825577e-03,1.325895049241958794e-05,8.097867655410847496e-06
9.765000000000000568e+00,-2.071870453149050363e-03,-1.516596212707644513e-03,1.302047036808955444e-05,7.951148417111839444e-06
9.782500000000000639e+00,-2.051100740935515344e-03,-1.500759270705094572e-03,1.278623529202336560e-05,7.807040017879624832e-06
9.800000000000000711e+00,-2.030515656321439134e-03,-1.485063218748704488e-03,1.255616954457729595e-05,7.665495922699927837e-06
9.817500000000000782e+00,-2.010113558218637984e-03,-1.469506805500285810e-03,1.233019876109869900e-05,7.526470428192391405e-06
9.835000000000000853e+00,-1.989892820132520539e-03,-1.454088790791739248e-03,1.210824990755913095e-05,7.389918647688939068e-06
9.852500000000000924e+00,-1.969851830031781915e-03,-1.438807945526792993e-03,1.189025125662883102e-05,7.255796496581520355e-06
9.870000000000000995e+00,-1.949988990219265247e-03,-1.423663051583659361e-03,1.167613236418446767e-05,7.124060677934330369e-06
9.887500000000001066e+00,-1.930302717203979642e-03,-1.408652901718609107e-03,1.146582404624223593e-05,6.994668668355683935e-06
9.905000000000001137e+00,-1.910791441574266961e-03,-1.393776299470449306e-03,1.125925835630853011e-05,6.867578704124834810e-06
9.922500000000001208e+00,-1.891453607872101367e-03,-1.379032059065906334e-03,1.105636856314052968e-05,6.742749767569082949e-06
9.940000000000001279e+00,-1.872287674468517101e-03,-1.364419005325898104e-03,1.085708912890923242e-05,6.620141573686625528e-06
9.957500000000001350e+00,-1.853292113440147991e-03,-1.349935973572696443e-03,1.066135568775756931e-05,6.499714557010695458e-06
9.975000000000001421e+00,-1.834465410446875023e-03,-1.335581809537969393e-03,1.046910502474637057e-05,6.381429858710580283e-06
9.992500000000001492e+00,-1.815806064610565916e-03,-1.321355369271697174e-03,1.028027505518110697e-05,6.265249313925228712e-06
1.001000000000000156e+01,-1.797312588394900205e-03,-1.307255519051956152e-03,1.009480480431246914e-05,6.151135439325218916e-06
1.002750000000000163e+01,-1.778983507486268109e-03,-1.293281135295564757e-03,9.912634387403913678e-06,6.039051420898929681e-06
1.004500000000000171e+01,-1.760817360675734095e-03,-1.279431104469584820e-03,9.733704990159523592e-06,5.928961101958863038e-06
1.006250000000000178e+01,-1.742812699742054714e-03,-1.265704323003672294e-03,9.557958849505586262e-06,5.820828971364089896e-06
1.008000000000000185e+01,-1.724968089335741396e-03,-1.252099697203271252e-03,9.385339234719432912e-06,5.714620151954929943e-06
1.009750000000000014e+01,-1.707282106864160603e-03,-1.238616143163648363e-03,9.215790428899224083e-06,5.610300389195994873e-06
1.011500000000000021e+01,-1.689753342377648803e-03,-1.225252586684750936e-03,9.049257710768370718e-06,5.507836040023768056e-06
1.013250000000000028e+01,-1.672380398456663935e-03,-1.212007963186907374e-03,8.885687336808736171e-06,5.407194061895167323e-06
1.015000000000000036e+01,-1.655161890099923283e-03,-1.198881217627332553e-03,8.725026523716281629e-06,5.308342002033220806e-06
1.016750000000000043e+01,-1.638096444613549012e-03,-1.185871304417459573e-03,8.567223431173542526e-06,5.211247986866461740e-06
1.018500000000000050e+01,-1.621182701501199452e-03,-1.172977187341076640e-03,8.412227144933064288e-06,5.115880711658441511e-06
1.020250000000000057e+01,-1.604419312355178989e-03,-1.160197839473272978e-03,8.259987660206134181e-06,5.022209430323950789e-06
1.022000000000000064e+01,-1.587804940748517666e-03,-1.147532243100183799e-03,8.110455865351271328e-06,4.930203945428547055e-06
1.023750000000000071e+01,-1.571338262128012904e-03,-1.134979389639531296e-03,7.963583525856989534e-06,4.839834598368076636e-06
1.025500000000000078e+01,-1.555017963708220765e-03,-1.122538279561956882e-03,7.819323268613508456e-06,4.751072259724925082e-06
1.027250000000000085e+01,-1.538842744366391343e-03,-1.110207922313139698e-03,7.677628566468131023e-06,4.663888319797804258e-06
1.029000000000000092e+01,-1.522811314538339818e-03,-1.097987336236697477e-03,7.538453723059127837e-06,4.578254679301926896e-06
1.030750000000000099e+01,-1.506922396115239083e-03,-1.085875548497864784e-03,7.401753857923079377e-06,4.494143740236482859e-06
1.032500000000000107e+01,-1.491174722341333941e-03,-1.073871595007944938e-03,7.267484891870678526e-06,4.411528396916401679e-06
1.034250000000000114e+01,-1.475567037712559532e-03,-1.061974520349529992e-03,7.135603532626132285e-06,4.330382027165414731e-06
1.036000000000000121e+01,-1.460098097876061807e-03,-1.050183377702488749e-03,7.006067260725360862e-06,4.250678483667510031e-06
1.037750000000000128e+01,-1.444766669530609445e-03,-1.038497228770713298e-03,6.878834315668287149e-06,4.172392085473903970e-06
1.039500000000000135e+01,-1.429571530327886347e-03,-1.026915143709624485e-03,6.753863682320608758e-06,4.095497609662738180e-06
1.041250000000000142e+01,-1.414511468774662557e-03,-1.015436201054433071e-03,6.631115077560512490e-06,4.019970283148717318e-06
1.043000000000000149e+01,-1.399585284135828646e-03,-1.004059487649148564e-03,6.510548937165890269e-06,3.945785774639995060e-06
1.044750000000000156e+01,-1.384791786338290288e-03,-9.927840985763385258e-04,6.392126402937672271e-06,3.872920186739642689e-06
1.046500000000000163e+01,-1.370129795875711567e-03,-9.816091370876299169e-04,6.275809310055012471e-06,3.801350048189083374e-06
1.048250000000000171e+01,-1.355598143714102427e-03,-9.705337145349531101e-04,6.161560174658097339e-06,3.731052306250945947e-06
1.050000000000000178e+01,-1.341195671198239237e-03,-9.595569503025240359e-04,6.049342181654461973e-06,3.662004319228796244e-06
1.051750000000000185e+01,-1.326921229958911725e-03,-9.486779717395605466e-04,5.939119172744743668e-06,3.594183849121298506e-06
1.053500000000000014e+01,-1.312773681820991528e-03,-9.378959140937357135e-04,5.830855634663915588e-06,3.527569054408374156e-06
1.055250000000000021e+01,-1.298751898712301742e-03,-9.272099204453534190e-04,5.724516687634016089e-06,3.462138482966941793e-06
1.057000000000000028e+01,-1.284854762573307005e-03,-9.166191416422650017e-04,5.620068074024708593e-06,3.397871065114004359e-06
1.058750000000000036e+01,-1.271081165267582899e-03,-9.061227362355011488e-04,5.517476147217677393e-06,3.334746106774644435e-06
1.060500000000000043e+01,-1.257430008493080724e-03,-8.957198704156323727e-04,5.416707860671336591e-06,3.272743282772789778e-06
1.062250000000000050e+01,-1.243900203694172247e-03,-8.854097179498518922e-04,5.317730757182148935e-06,3.211842630242485791e-06
1.064000000000000057e+01,-1.230490671974466188e-03,-8.751914601197796151e-04,5.220512958339005484e-06,3.152024542157517571e-06
1.065750000000000064e+01,-1.217200344010391233e-03,-8.650642856599841894e-04,5.125023154167159393e-06,3.093269760977244450e-06
1.067500000000000071e+01,-1.204028159965536693e-03,-8.550273906972245298e-04,5.031230592958298571e-06,3.035559372406562054e-06
1.069250000000000078e+01,-1.190973069405745158e-03,-8.450799786904078948e-04,4.939105071283360620e-06,2.978874799267933180e-06
1.071000000000000085e+01,-1.178034031214946539e-03,-8.352212603712634272e-04,4.848616924184797629e-06,2.923197795483469008e-06
1.072750000000000092e+01,-1.165210013511731304e-03,-8.254504536857319198e-04,4.759737015545039921e-06,2.868510440165087472e-06
1.074500000000000099e+01,-1.152499993566651884e-03,-8.157667837360697448e-04,4.672436728627951871e-06,2.814795131810803176e-06
1.076250000000000107e+01,-1.139902957720245486e-03,-8.061694827236674885e-04,4.586687956790173739e-06,2.762034582605235390e-06
1.078000000000000114e+01,-1.127417901301773582e-03,-7.966577898925823178e-04,4.502463094359250223e-06,2.710211812822473626e-06
1.079750000000000121e+01,-1.115043828548669151e-03,-7.872309514737853764e-04,4.419735027675544684e-06,2.659310145329448334e-06
1.081500000000000128e+01,-1.102779752526684542e-03,-7.778882206301224785e-04,4.338477126294960886e-06,2.609313200188014816e-06
1.083250000000000135e+01,-1.090624695050734522e-03,-7.686288574019907015e-04,4.258663234349574545e-06,2.560204889353969473e-06
1.085000000000000142e+01,-1.078577686606426280e-03,-7.594521286537303344e-04,4.180267662063310027e-06,2.511969411471263662e-06
1.086750000000000149e+01,-1.066637766272270950e-03,-7.503573080207322915e-04,4.103265177419861053e-06,2.464591246759708392e-06
1.088500000000000156e+01,-1.054803981642568221e-03,-7.413436758572645698e-04,4.027630997980098314e-06,2.418055151994490188e-06
1.090250000000000163e+01,-1.043075388750957936e-03,-7.324105191850156880e-04,3.953340782846264516e-06,2.372346155575857427e-06
1.092000000000000171e+01,-1.031451051994633928e-03,-7.235571316423602050e-04,3.880370624770298007e-06,2.327449552687358888e-06
1.093750000000000178e+01,-1.019930044059209244e-03,-7.147828134343446908e-04,3.808697042403687137e-06,2.283350900541051405e-06
1.095500000000000185e+01,-1.008511445844231021e-03,-7.060868712833993531e-04,3.738296972686279949e-06,2.240036013708118938e-06
1.097250000000000192e+01,-9.971943463893343917e-04,-6.974686183807752128e-04,3.669147763371559355e-06,2.197490959533376704e-06
1.099000000000000021e+01,-9.859778428010325998e-04,-6.889273743387109477e-04,3.601227165685901553e-06,2.155702053632161966e-06
1.100750000000000028e+01,-9.748610401801286905e-04,-6.804624651433278850e-04,3.534513327119374003e-06,2.114655855468121556e-06
1.102500000000000036e+01,-9.638430515497599382e-04,-6.720732231082678912e-04,3.468984784345781740e-06,2.074339164010506136e-06
1.104250000000000043e+01,-9.529229977840459600e-04,-6.637589868290612533e-04,3.404620456269503083e-06,2.034739013469473663e-06
1.106000000000000050e+01,-9.421000075373501615e-04,-6.555191011382398422e-04,3.341399637196915417e-06,1.995842669108071773e-06
1.107750000000000057e+01,-9.313732171741428067e-04,-6.473529170611966397e-04,3.279301990130124916e-06,1.957637623129511237e-06
1.109500000000000064e+01,-9.207417706994596406e-04,-6.392597917727931489e-04,3.218307540180794941e-06,1.920111590638383695e-06
1.111250000000000071e+01,-9.102048196899495576e-04,-6.312390885547234688e-04,3.158396668101901765e-06,1.883252505674523689e-06
1.113000000000000078e+01,-8.997615232255060059e-04,-6.232901767536360100e-04,3.099550103935291545e-06,1.847048517318204423e-06
1.114750000000000085e+01,-8.894110478214744273e-04,-6.154124317400206561e-04,3.041748920772935812e-06,1.811487985865415759e-06
1.116500000000000092e+01,-8.791525673614309635e-04,-6.076052348678652763e-04,2.984974528629847070e-06,1.776559479071968932e-06
1.118250000000000099e+01,-8.689852630305258153e-04,-5.998679734350885256e-04,2.929208668426619944e-06,1.742251768465213558e-06
1.120000000000000107e+01,-8.589083232493837728e-04,-5.922000406447543554e-04,2.874433406079630214e-06,1.708553825722163497e-06
1.121750000000000114e+01,-8.489209436085582306e-04,-5.846008355670751725e-04,2.820631126696939749e-06,1.675454819112860359e-06
1.123500000000000121e+01,-8.390223268035299073e-04,-5.770697631022101521e-04,2.767784528877998129e-06,1.642944110007815467e-06
1.125250000000000128e+01,-8.292116825702465803e-04,-5.696062339438669447e-04,2.715876619115267322e-06,1.611011249448402039e-06
1.127000000000000135e+01,-8.194882276211955989e-04,-5.622096645437132814e-04,2.664890706295926262e-06,1.579645974779082476e-06
1.128750000000000142e+01,-8.098511855820047286e-04,-5.548794770766069364e-04,2.614810396301847768e-06,1.548838206340382937e-06
1.130500000000000149e+01,-8.002997869285638456e-04,-5.476150994066531505e-04,2.565619586706068613e-06,1.518578044221544361e-06
1.132250000000000156e+01,-7.908332689246632546e-04,-5.404159650540977600e-04,2.517302461564012931e-06,1.488855765071798532e-06
1.134000000000000163e+01,-7.814508755601406054e-04,-5.332815131630652423e-04,2.469843486297752025e-06,1.459661818969241762e-06
1.135750000000000171e+01,-7.721518574895313127e-04,-5.262111884701525235e-04,2.423227402671623462e-06,1.430986826346293755e-06
1.137500000000000178e+01,-7.629354719712172755e-04,-5.192044412738875455e-04,2.377439223857550528e-06,1.402821574970749365e-06
1.139250000000000185e+01,-7.538009828070655477e-04,-5.122607274050636509e-04,2.332464229588448457e-06,1.375157016981454656e-06
1.141000000000000192e+01,-7.447476602825539235e-04,-5.053795081979620390e-04,2.288287961398113982e-06,1.347984265977648648e-06
1.142750000000000021e+01,-7.357747811073759572e-04,-4.985602504624730242e-04,2.244896217946049014e-06,1.321294594161039635e-06
1.144500000000000028e+01,-7.268816283565145749e-04,-4.918024264571256403e-04,2.202275050425645902e-06,1.295079429529683921e-06
1.146250000000000036e+01,-7.180674914117933863e-04,-4.851055138630474346e-04,2.160410758054297304e-06,1.269330353122804062e-06
1.148000000000000043e+01,-7.093316659038786985e-04,-4.784689957588557558e-04,2.119289883643855597e-06,1.244039096315611058e-06
1.149750000000000050e+01,-7.006734536547427504e-04,-4.718923605965019458e-04,2.078899209250055670e-06,1.219197538163308880e-06
1.151500000000000057e+01,-6.920921626205745044e-04,-4.653751021780820445e-04,2.039225751899443345e-06,1.194797702793408463e-06
1.153250000000000064e+01,-6.835871068351342039e-04,-4.589167196336269624e-04,2.000256759392408436e-06,1.170831756845531661e-06
1.155000000000000071e+01,-6.751576063535452959e-04,-4.525167173998894689e-04,1.961979706180942638e-06,1.147292006957880995e-06
1.156750000000000078e+01,-6.668029871965170004e-04,-4.461746052001433916e-04,1.924382289319769095e-06,1.124170897299580901e-06
1.158500000000000085e+01,-6.585225812949931871e-04,-4.398898980250124822e-04,1.887452424489512551e-06,1.101461007148103781e-06
1.160250000000000092e+01,-6.503157264352192124e-04,-4.336621161143460802e-04,1.851178242090597386e-06,1.079155048511014308e-06
1.162000000000000099e+01,-6.421817662042222713e-04,-4.274907849401604382e-04,1.815548083406595994e-06,1.057245863791278534e-06
1.163750000000000107e+01,-6.341200499356993000e-04,-4.213754351906639248e-04,1.780550496835761842e-06,1.035726423495400684e-06
1.165500000000000114e+01,-6.261299326563045170e-04,-4.153156027553865409e-04,1.746174234189507983e-06,1.014589823983665107e-06
1.167250000000000121e+01,-6.182107750323328045e-04,-4.093108287114337546e-04,1.712408247056612148e-06,9.938292852617739969e-07
1.169000000000000128e+01,-6.103619433167911277e-04,-4.033606593108861739e-04,1.679241683231956225e-06,9.734381488131924643e-07
1.170750000000000135e+01,-6.025828092968518084e-04,-3.974646459693669063e-04,1.646663883208617868e-06,9.534098754715155894e-07
1.172500000000000142e+01,-5.948727502416828851e-04,-3.916223452557995345e-04,1.614664376732165459e-06,9.337380433321979477e-07
1.174250000000000149e+01,-5.872311488506474272e-04,-3.858333188833804528e-04,1.583232879416018417e-06,9.144163457029930702e-07
1.176000000000000156e+01,-5.796573932018672486e-04,-3.800971337017898500e-04,1.552359289416756913e-06,8.954385890924667157e-07
1.177750000000000163e+01,-5.721508767011426744e-04,-3.744133616906673064e-04,1.522033684168288507e-06,8.767986912359606475e-07
1.179500000000000171e+01,-5.647109980312245642e-04,-3.687815799543781871e-04,1.492246317173791539e-06,8.584906791583969424e-07
1.181250000000000178e+01,-5.573371611014294857e-04,-3.632013707180976121e-04,1.462987614854379026e-06,8.405086872733283226e-07
1.183000000000000185e+01,-5.500287749975940263e-04,-3.576723213252412767e-04,1.434248173453442265e-06,8.228469555176497383e-07
1.184750000000000192e+01,-5.427852539323594619e-04,-3.521940242362719617e-04,1.406018755995651783e-06,8.054998275214030562e-07
1.186500000000000199e+01,-5.356060171957821190e-04,-3.467660770289117118e-04,1.378290289299612526e-06,7.884617488121165506e-07
1.188250000000000028e+01,-5.284904891062627104e-04,-3.413880823997926420e-04,1.351053861043185440e-06,7.717272650531382621e-07
1.190000000000000036e+01,-5.214380989617831488e-04,-3.360596481675749399e-04,1.324300716880491619e-06,7.552910203154205937e-07
1.191750000000000043e+01,-5.144482809914561550e-04,-3.307803872775735366e-04,1.298022257609683364e-06,7.391477553822631702e-07
1.193500000000000050e+01,-5.075204743073654301e-04,-3.255499178079188679e-04,1.272210036390490083e-06,7.232923060864745075e-07
1.195250000000000057e+01,-5.006541228567006237e-04,-3.203678629772943923e-04,1.246855756010657044e-06,7.077196016794828114e-07
1.197000000000000064e+01,-4.938486753741760374e-04,-3.152338511542857199e-04,1.221951266200354149e-06,6.924246632319051569e-07
1.198750000000000071e+01,-4.871035853347269922e-04,-3.101475158683806026e-04,1.197488560993665126e-06,6.774026020651065322e-07
1.200500000000000078e+01,-4.804183109064754579e-04,-3.051084958226590871e-04,1.173459776136279828e-06,6.626486182132924094e-07
1.202250000000000085e+01,-4.737923149039599568e-04,-3.001164349082159513e-04,1.149857186538525453e-06,6.481579989156879245e-07
1.204000000000000092e+01,-4.672250647416204710e-04,-2.951709822203572213e-04,1.126673203772891983e-06,6.339261171383729524e-07
1.205750000000000099e+01,-4.607160323875321753e-04,-2.902717920766156542e-04,1.103900373615210731e-06,6.199484301253493470e-07
1.207500000000000107e+01,-4.542646943173799705e-04,-2.854185240366305604e-04,1.081531373628670952e-06,6.062204779784310190e-07
1.209250000000000114e+01,-4.478705314686672045e-04,-2.806108429239389124e-04,1.059559010789861560e-06,5.927378822655614973e-07
1.211000000000000121e+01,-4.415330291951493117e-04,-2.758484188497270701e-04,1.037976219156045363e-06,5.794963446571702940e-07
1.212750000000000128e+01,-4.352516772214865145e-04,-2.711309272385929421e-04,1.016776057572880590e-06,5.664916455901948467e-07
1.214500000000000135e+01,-4.290259695981062105e-04,-2.664580488563710590e-04,9.959517074218223211e-07,5.537196429594068855e-07
1.216250000000000142e+01,-4.228554046562682132e-04,-2.618294698400744965e-04,9.754964704064414803e-07,5.411762708356906482e-07
1.218000000000000149e+01,-4.167394849633239569e-04,-2.572448817300084564e-04,9.554037663769183273e-07,5.288575382109348694e-07
1.219750000000000156e+01,-4.106777172781616962e-04,-2.527039815041147008e-04,9.356671311919713176e-07,5.167595277692115912e-07
1.221500000000000163e+01,-4.046696125068297316e-04,-2.482064716146039794e-04,9.162802146175001792e-07,5.048783946839256387e-07
1.223250000000000171e+01,-3.987146856583288247e-04,-2.437520600269397380e-04,8.972367782612267258e-07,4.932103654406313115e-07
1.225000000000000178e+01,-3.928124558005648592e-04,-2.393404602612357493e-04,8.785306935426326972e-07,4.817517366852247000e-07
1.226750000000000185e+01,-3.869624460164539938e-04,-2.349713914361326365e-04,8.601559396975000603e-07,4.704988740972303060e-07
1.228500000000000192e+01,-3.811641833601702800e-04,-2.306445783152221091e-04,8.421066018163713801e-07,4.594482112879152042e-07
1.230250000000000199e+01,-3.754171988135272873e-04,-2.263597513560875959e-04,8.243768689162576099e-07,4.485962487229734597e-07
1.232000000000000028e+01,-3.697210272424852786e-04,-2.221166467620347017e-04,8.069610320449294390e-07,4.379395526695377545e-07
1.233750000000000036e+01,-3.640752073537702215e-04,-2.179150065365828288e-04,7.898534824171293954e-07,4.274747541672796788e-07
1.235500000000000043e+01,-3.584792816516045263e-04,-2.137545785408019085e-04,7.730487095820820265e-07,4.171985480233948157e-07
1.237250000000000050e+01,-3.529327963945280439e-04,-2.096351165535646592e-04,7.565412996216321569e-07,4.071076918312429155e-07
1.239000000000000057e+01,-3.474353015523073723e-04,-2.055563803348031432e-04,7.403259333784062284e-07,3.971990050124649107e-07
1.240750000000000064e+01,-3.419863507629208941e-04,-2.015181356918515851e-04,7.243973847133660012e-07,3.874693678823859797e-07
1.242500000000000071e+01,-3.365855012896089749e-04,-1.975201545489636259e-04,7.087505187921428466e-07,3.779157207385365210e-07
1.244250000000000078e+01,-3.312323139779789136e-04,-1.935622150200940839e-04,6.933802903995448842e-07,3.685350629721341260e-07
1.246000000000000085e+01,-3.259263532131540745e-04,-1.896441014850385148e-04,6.782817422816391719e-07,3.593244522023804907e-07
1.247750000000000092e+01,-3.206671868769560329e-04,-1.857656046690270963e-04,6.634500035148158118e-07,3.502810034334432988e-07
1.249500000000000099e+01,-3.154543863051084045e-04,-1.819265217258719022e-04,6.488802879012482503e-07,3.414018882340048089e-07
1.251250000000000107e+01,-3.102875262444508672e-04,-1.781266563247703514e-04,6.345678923901696602e-07,3.326843339392720095e-07
1.253000000000000114e+01,-3.051661848101518268e-04,-1.743658187408707024e-04,6.205081955243919626e-07,3.241256228753588196e-07
1.254750000000000121e+01,-3.000899434429074217e-04,-1.706438259497090437e-04,6.066966559114984962e-07,3.157230916059621428e-07
1.256500000000000128e+01,-2.950583868661148332e-04,-1.669605017256303758e-04,5.931288107191491727e-07,3.074741302012704728e-07
1.258250000000000135e+01,-2.900711030430070509e-04,-1.633156767443105783e-04,5.798002741939372775e-07,2.993761815290561849e-07
1.260000000000000142e+01,-2.851276831337364102e-04,-1.597091886894993400e-04,5.667067362032476622e-07,2.914267405679184812e-07
1.261750000000000149e+01,-2.802277214523937830e-04,-1.561408823641081630e-04,5.538439607995651216e-07,2.836233537426589349e-07
1.263500000000000156e+01,-2.753708154239498671e-04,-1.526106098057715161e-04,5.412077848066899015e-07,2.759636182817863542e-07
1.265250000000000163e+01,-2.705565655411045910e-04,-1.491182304070134599e-04,5.287941164273172833e-07,2.684451815971636152e-07
1.267000000000000171e+01,-2.657845753210309162e-04,-1.456636110401560321e-04,5.165989338714457083e-07,2.610657406858261659e-07
1.268750000000000178e+01,-2.610544512619979683e-04,-1.422466261871103900e-04,5.046182840050766362e-07,2.538230415540166683e-07
1.270500000000000185e+01,-2.563658027998596731e-04,-1.388671580741957521e-04,4.928482810186762103e-07,2.467148786634977723e-07
1.272250000000000192e+01,-2.517182422643922000e-04,-1.355250968121364064e-04,4.812851051148670066e-07,2.397390944002233294e-07
1.274000000000000199e+01,-2.471113848354661194e-04,-1.322203405413913417e-04,4.699250012148242822e-07,2.328935785654635771e-07
1.275750000000000206e+01,-2.425448484990362511e-04,-1.289527955829762834e-04,4.587642776828496031e-07,2.261762678895006271e-07
1.277500000000000036e+01,-2.380182540029339444e-04,-1.257223765949434216e-04,4.477993050685984916e-07,2.195851455680279049e-07
1.279250000000000043e+01,-2.335312248124417312e-04,-1.225290067346865579e-04,4.370265148664317458e-07,2.131182408214024053e-07
1.281000000000000050e+01,-2.290833870656402971e-04,-1.193726178272525420e-04,4.264423982913839552e-07,2.067736284769324059e-07
1.282750000000000057e+01,-2.246743695285008272e-04,-1.162531505398330947e-04,4.160435050712034101e-07,2.005494285743796810e-07
1.284500000000000064e+01,-2.203038035497114787e-04,-1.131705545626292595e-04,4.058264422539566100e-07,1.944438059948998575e-07
1.286250000000000071e+01,-2.159713230152164045e-04,-1.101247887962789230e-04,3.957878730306670258e-07,1.884549701136514128e-07
1.288000000000000078e+01,-2.116765643024489502e-04,-1.071158215460468429e-04,3.859245155724625826e-07,1.825811744763313153e-07
1.289750000000000085e+01,-2.074191662342391568e-04,-1.041436307229825722e-04,3.762331418817058042e-07,1.768207164999162459e-07
1.291500000000000092e+01,-2.031987700323755386e-04,-1.012082040522579708e-04,3.667105766565765876e-07,1.711719371979131943e-07
1.293250000000000099e+01,-1.990150192708002380e-04,-9.830953928890277002e-05,3.573536961685765706e-07,1.656332209304460939e-07
1.295000000000000107e+01,-1.948675598284163883e-04,-9.544764444116393524e-05,3.481594271524190804e-07,1.602029951795309926e-07
1.296750000000000114e+01,-1.907560398414859736e-04,-9.262253800172125251e-05,3.391247457077671673e-07,1.548797303499175636e-07
1.298500000000000121e+01,-1.866801096555952271e-04,-8.983424918699930311e-05,3.302466762122761396e-07,1.496619395959019431e-07
1.300250000000000128e+01,-1.826394217771650983e-04,-8.708281818482345817e-05,3.215222902453939997e-07,1.445481786745427498e-07
1.302000000000000135e+01,-1.786336308244825574e-04,-8.436829641067535826e-05,3.129487055223662978e-07,1.395370458257413631e-07
1.303750000000000142e+01,-1.746623934782285043e-04,-8.169074677281167800e-05,3.045230848378877908e-07,1.346271816796760980e-07
1.305500000000000149e+01,-1.707253684314773189e-04,-7.905024394651801226e-05,2.962426350188347708e-07,1.298172691921117312e-07
1.307250000000000156e+01,-1.668222163391420044e-04,-7.644687465777844841e-05,2.881046058855071106e-07,1.251060336081361679e-07
1.309000000000000163e+01,-1.629525997668386321e-04,-7.388073797665063171e-05,2.801062892207991718e-07,1.204922424549093367e-07
1.310750000000000171e+01,-1.591161831391427390e-04,-7.135194562064456098e-05,2.722450177467117372e-07,1.159747055640433753e-07
1.312500000000000178e+01,-1.553126326872094059e-04,-6.886062226841374600e-05,2.645181641076073826e-07,1.115522751242681609e-07
1.314250000000000185e+01,-1.515416163957285039e-04,-6.640690588407615420e-05,2.569231398596008566e-07,1.072238457650727171e-07
1.316000000000000192e+01,-1.478028039491852109e-04,-6.399094805249329701e-05,2.494573944654679325e-07,1.029883546720507063e-07
1.317750000000000199e+01,-1.440958666773951965e-04,-6.161291432584552381e-05,2.421184142944409518e-07,9.884478173471772413e-08
1.319500000000000206e+01,-1.404204775002832785e-04,-5.927298458185278570e-05,2.349037216262502798e-07,9.479214972760843918e-08
1.321250000000000213e+01,-1.367763108718728061e-04,-5.697135339400082401e-05,2.278108736587555127e-07,9.082952452550418422e-08
1.323000000000000043e+01,-1.331630427234533817e-04,-5.470823041414446183e-05,2.208374615184976253e-07,8.695601535368546550e-08
1.324750000000000050e+01,-1.295803504058898130e-04,-5.248384076787018646e-05,2.139811092734828119e-07,8.317077507414737343e-08
1.326500000000000057e+01,-1.260279126310431840e-04,-5.029842546301623675e-05,2.072394729475076103e-07,7.947300050877053796e-08
1.328250000000000064e+01,-1.225054094122598656e-04,-4.815224181175399961e-05,2.006102395352929939e-07,7.586193280047633663e-08
1.330000000000000071e+01,-1.190125220038969542e-04,-4.604556386665460493e-05,1.940911260177008126e-07,7.233685781345984867e-08
1.331750000000000078e+01,-1.155489328398431436e-04,-4.397868287117341710e-05,1.876798783762728714e-07,6.889710657363872898e-08
1.333500000000000085e+01,-1.121143254709961465e-04,-4.195190772500045629e-05,1.813742706063157857e-07,6.554205575051447583e-08
1.335250000000000092e+01,-1.087083845016554939e-04,-3.996556546473857199e-05,1.751721037277328878e-07,6.227112818169922457e-08
1.337000000000000099e+01,-1.053307955247889704e-04,-3.802000176038590972e-05,1.690712047927809812e-07,5.908379344142175592e-08
1.338750000000000107e+01,-1.019812450561292770e-04,-3.611558142811409898e-05,1.630694258899047480e-07,5.597956845438769808e-08
1.340500000000000114e+01,-9.865942046705640056e-05,-3.425268895984927097e-05,1.571646431427757877e-07,5.295801815643445448e-08
1.342250000000000121e+01,-9.536500991621988299e-05,-3.243172907017900650e-05,1.513547557036349072e-07,5.001875620348841698e-08
1.344000000000000128e+01,-9.209770227985351562e-05,-3.065312726112455043e-05,1.456376847400080203e-07,4.716144573040228164e-08
1.345750000000000135e+01,-8.885718708073396760e-05,-2.891733040533521346e-05,1.400113724138335586e-07,4.438580016132351978e-08
1.347500000000000142e+01,-8.564315441573317703e-05,-2.722480734827878202e-05,1.344737808520079817e-07,4.169158407332099182e-08
1.349250000000000149e+01,-8.245529488191269342e-05,-2.557604953002041550e-05,1.290228911073196352e-07,3.907861411507616056e-08
1.351000000000000156e+01,-7.929329950110681851e-05,-2.397157162720088387e-05,1.236567021087064724e-07,3.654675998252803225e-08
1.352750000000000163e+01,-7.615685964293984745e-05,-2.241191221584440591e-05,1.183732295997325669e-07,3.409594545344690102e-08
1.354500000000000171e+01,-7.304566694622061172e-05,-2.089763445564618257e-05,1.131705050641387831e-07,3.172614948300194995e-08
1.356250000000000178e+01,-6.995941323865637312e-05,-1.942932679641014675e-05,1.080465746372792051e-07,2.943740736248117355e-08
1.358000000000000185e+01,-6.689779045482600406e-05,-1.800760370732886750e-05,1.029994980022096588e-07,2.722981194341979651e-08
1.359750000000000192e+01,-6.386049055235049207e-05,-1.663310642981894911e-05,9.802734726914629031e-08,2.510351492949494144e-08
1.361500000000000199e+01,-6.084720542619735607e-05,-1.530650375464814259e-05,9.312820583696177946e-08,2.305872823865060731e-08
1.363250000000000206e+01,-5.785762682105306196e-05,-1.402849282411336502e-05,8.830016723533291093e-08,2.109572543802749876e-08
1.365000000000000213e+01,-5.489144624169595919e-05,-1.279979996005280033e-05,8.354133394609717973e-08,1.921484325438781678e-08
1.366750000000000043e+01,-5.194835486130026150e-05,-1.162118151850016606e-05,7.884981620231650834e-08,1.741648316284600199e-08
1.368500000000000050e+01,-4.902804342759744768e-05,-1.049342477181368478e-05,7.422373076348060163e-08,1.570111305684028065e-08
1.370250000000000057e+01,-4.613020216682549681e-05,-9.417348819141190845e-06,6.966119966522562154e-08,1.406926900241576758e-08
1.372000000000000064e+01,-4.325452068538366716e-05,-8.393805526105746064e-06,6.516034894185796896e-08,1.252155708001973916e-08
1.373750000000000071e+01,-4.040068786911864566e-05,-7.423680494628014300e-06,6.071930731991517691e-08,1.105865531715955833e-08
1.375500000000000078e+01,-3.756839178015915367e-05,-6.507894063828337387e-06,5.633620488090919075e-08,9.681315715419115316e-09
1.377250000000000085e+01,-3.475731955121578965e-05,-5.647402342981653321e-06,5.200917169131768351e-08,8.390366375486870166e-09
1.379000000000000092e+01,-3.196715727725988097e-05,-4.843198277529149166e-06,4.773633639780303423e-08,7.186713724011323374e-09
1.380750000000000099e+01,-2.919758990449256871e-05,-4.096312749182110857e-06,4.351582478554700512e-08,6.071344846270018597e-09
1.382500000000000107e+01,-2.644830111651258529e-05,-3.407815711185978932e-06,3.934575829749318064e-08,5.045329928815787853e-09
1.384250000000000114e+01,-2.371897321758833127e-05,-2.778817359846394654e-06,3.522425251218799120e-08,4.109824816449937004e-09
1.386000000000000121e+01,-2.100928701293695446e-05,-2.210469343453580339e-06,3.114941557780421299e-08,3.266073688066119320e-09
1.387750000000000128e+01,-1.831892168591014268e-05,-1.703966009777264914e-06,2.711934659981816997e-08,2.515411856111545242e-09
1.389500000000000135e+01,-1.564755467198321076e-05,-1.260545693341278563e-06,2.313213397969301505e-08,1.859268694624430853e-09
1.391250000000000142e+01,-1.299486152944088613e-05,-8.814920437249761217e-07,1.918585370179506653e-08,1.299170701028310600e-09
1.393000000000000149e+01,-1.036051580664988699e-05,-5.681353961779420134e-07,1.527856756563800597e-08,8.367446970956946262e-10
1.394750000000000156e+01,-7.744188905804955098e-06,-3.218541858749500687e-07,1.140832136041025761e-08,4.737211747362152626e-10
1.396500000000000163e+01,-5.145549943031540668e-06,-1.440764071798786893e-07,7.573142978593672819e-09,2.119377925179434692e-10
1.398250000000000171e+01,-2.564265604724661581e-06,-3.628111933044530797e-08,3.771040465326473031e-09,5.334302909597606423e-11
1.400000000000000000e+01,6.373448468018880270e-29,0.000000000000000000e+00,5.039886680788649402e-29,0.000000000000000000e+00
