eta,fp,Fp,t,tp
0.000000000000000000e+00,-3.826319282148289980e-01,-2.597574168942426431e-01,1.000000000000000000e+00,3.672017597004215150e-01
8.750000000000000833e-03,-3.805651734903491845e-01,-2.583538537934318979e-01,9.819243412405991300e-01,3.617127888729458340e-01
1.750000000000000167e-02,-3.785095753171430211e-01,-2.569578706039752913e-01,9.642396747393353618e-01,3.563183821525831574e-01
2.625000000000000250e-02,-3.764650735178365348e-01,-2.555694264060332510e-01,9.469360233876168431e-01,3.510166296004799125e-01
3.500000000000000333e-02,-3.744316082390906075e-01,-2.541884805005412695e-01,9.300037020348965733e-01,3.458056663379148188e-01
4.375000000000000416e-02,-3.724091199498643090e-01,-2.528149924080204114e-01,9.134333079473938577e-01,3.406836713266275241e-01
5.250000000000000500e-02,-3.703975494396873902e-01,-2.514489218673938709e-01,8.972157116083918638e-01,3.356488661862268574e-01
6.125000000000000583e-02,-3.683968378169419355e-01,-2.500902288348098579e-01,8.813420478468919628e-01,3.306995140474354722e-01
7.000000000000000666e-02,-3.664069265071528969e-01,-2.487388734824710623e-01,8.658037072819499969e-01,3.258339184399731137e-01
7.875000000000001443e-02,-3.644277572512883423e-01,-2.473948161974700855e-01,8.505923280705489642e-01,3.210504222139243247e-01
8.750000000000000833e-02,-3.624592721040676979e-01,-2.460580175806313108e-01,8.356997879473572199e-01,3.163474064934774233e-01
9.625000000000000222e-02,-3.605014134322794828e-01,-2.447284384453591866e-01,8.211181965452060139e-01,3.117232896619622218e-01
1.050000000000000100e-01,-3.585541239131082580e-01,-2.434060398164921424e-01,8.068398879855747108e-01,3.071765263771532584e-01
1.137500000000000178e-01,-3.566173465324695702e-01,-2.420907829291633895e-01,7.928574137288105783e-01,3.027056066158425041e-01
1.225000000000000117e-01,-3.546910245833543862e-01,-2.407826292276672164e-01,7.791635356742291352e-01,2.983090547467187048e-01
1.312500000000000056e-01,-3.527751016641822446e-01,-2.394815403643317242e-01,7.657512195006436206e-01,2.939854286306297637e-01
1.400000000000000133e-01,-3.508695216771625103e-01,-2.381874781983975287e-01,7.526136282382508425e-01,2.897333187473325466e-01
1.487500000000000211e-01,-3.489742288266652337e-01,-2.369004047949025693e-01,7.397441160631743617e-01,2.855513473478691888e-01
1.575000000000000289e-01,-3.470891676175997809e-01,-2.356202824235725801e-01,7.271362223063091434e-01,2.814381676317382897e-01
1.662500000000000089e-01,-3.452142828538026786e-01,-2.343470735577182218e-01,7.147836656684555257e-01,2.773924629480609139e-01
1.750000000000000167e-01,-3.433495196364335089e-01,-2.330807408731372654e-01,7.026803386340451096e-01,2.734129460199657968e-01
1.837500000000000244e-01,-3.414948233623797402e-01,-2.318212472470234098e-01,6.908203020760744772e-01,2.694983581914482396e-01
1.925000000000000044e-01,-3.396501397226697749e-01,-2.305685557568805666e-01,6.791977800451542979e-01,2.656474686959829357e-01
2.012500000000000122e-01,-3.378154147008943231e-01,-2.293226296794430574e-01,6.678071547358630511e-01,2.618590739461953976e-01
2.100000000000000200e-01,-3.359905945716363806e-01,-2.280834324896018339e-01,6.566429616238688149e-01,2.581319968439211299e-01
2.187500000000000278e-01,-3.341756258989094230e-01,-2.268509278593360823e-01,6.456998847675358144e-01,2.544650861100044570e-01
2.275000000000000355e-01,-3.323704555346039258e-01,-2.256250796566509065e-01,6.349727522679854408e-01,2.508572156332140590e-01
2.362500000000000155e-01,-3.305750306169418784e-01,-2.244058519445205346e-01,6.244565318818156019e-01,2.473072838376687566e-01
2.450000000000000233e-01,-3.287892985689400693e-01,-2.231932089798373542e-01,6.141463267809111892e-01,2.438142130681932029e-01
2.537500000000000311e-01,-3.270132070968808091e-01,-2.219871152123664981e-01,6.040373714539960526e-01,2.403769489930396575e-01
2.625000000000000111e-01,-3.252467041887914800e-01,-2.207875352837060656e-01,5.941250277447857053e-01,2.369944600234332732e-01
2.800000000000000266e-01,-3.217422574163498750e-01,-2.184077764622163187e-01,5.748722366185063937e-01,2.303897914203080211e-01
2.975000000000000422e-01,-3.182755477333860106e-01,-2.160536534456095337e-01,5.563532526819828794e-01,2.239923883289245410e-01
3.150000000000000577e-01,-3.148461690336710750e-01,-2.137248901678868440e-01,5.385351807278326852e-01,2.177947612331074534e-01
3.325000000000000178e-01,-3.114537195756523769e-01,-2.114212135344652188e-01,5.213868254168393390e-01,2.117897340902953618e-01
3.500000000000000333e-01,-3.080978019356942488e-01,-2.091423533902238008e-01,5.048785925711711808e-01,2.059704292886324062e-01
3.675000000000000488e-01,-3.047780229618144432e-01,-2.068880424878931368e-01,4.889823967731059540e-01,2.003302534169135174e-01
3.850000000000000089e-01,-3.014939937279120241e-01,-2.046580164567833870e-01,4.736715748327498532e-01,1.948628837988036488e-01
4.025000000000000244e-01,-2.982453294884810369e-01,-2.024520137718480439e-01,4.589208047206518315e-01,1.895622557459165358e-01
4.200000000000000400e-01,-2.950316496338055705e-01,-2.002697757230803566e-01,4.447060295910535421e-01,1.844225504872816501e-01
4.375000000000000555e-01,-2.918525776456302734e-01,-1.981110463852375492e-01,4.310043865490156278e-01,1.794381837354601383e-01
4.550000000000000711e-01,-2.887077410533024913e-01,-1.959755725878906674e-01,4.177941398400087381e-01,1.746037948521227123e-01
4.725000000000000311e-01,-2.855967713903807548e-01,-1.938631038857955291e-01,4.050546181639326782e-01,1.699142365782730368e-01
4.900000000000000466e-01,-2.825193041517040649e-01,-1.917733925295817266e-01,3.927661558370904027e-01,1.653645652965037849e-01
5.075000000000000622e-01,-2.794749787509189787e-01,-1.897061934367567648e-01,3.809100375455471976e-01,1.609500317947325509e-01
5.250000000000000222e-01,-2.764634384784575571e-01,-1.876612641630211187e-01,3.694684464516803102e-01,1.566660725027795575e-01
5.425000000000000933e-01,-2.734843304599630653e-01,-1.856383648738914316e-01,3.584244154326985399e-01,1.525083011749374939e-01
5.600000000000000533e-01,-2.705373056151586519e-01,-1.836372583166285544e-01,3.477617812455964796e-01,1.484725009933478279e-01
5.775000000000000133e-01,-2.676220186171533455e-01,-1.816577097924669537e-01,3.374651414275055550e-01,1.445546170685542420e-01
5.950000000000000844e-01,-2.647381278521819814e-01,-1.796994871291421048e-01,3.275198137538144483e-01,1.407507493150545463e-01
6.125000000000000444e-01,-2.618852953797740080e-01,-1.777623606537134249e-01,3.179117980888364614e-01,1.370571456810270039e-01
6.300000000000001155e-01,-2.590631868933467308e-01,-1.758461031656786411e-01,3.086277404752805209e-01,1.334701957126698535e-01
6.475000000000000755e-01,-2.562714716812186100e-01,-1.739504899103772040e-01,2.996548993194166899e-01,1.299864244347800069e-01
6.650000000000000355e-01,-2.535098225880381695e-01,-1.720752985526793344e-01,2.909811135386676240e-01,1.266024865302961544e-01
6.825000000000001066e-01,-2.507779159766244104e-01,-1.702203091509575383e-01,2.825947725474863281e-01,1.233151608025683660e-01
7.000000000000000666e-01,-2.480754316902141765e-01,-1.683853041313378429e-01,2.744847879658320333e-01,1.201213449050790166e-01
7.175000000000000266e-01,-2.454020530151121149e-01,-1.665700682622276441e-01,2.666405669424008473e-01,1.170180503242487235e-01
7.350000000000000977e-01,-2.427574666437394002e-01,-1.647743886291170301e-01,2.590519869920401841e-01,1.140023976018001844e-01
7.525000000000000577e-01,-2.401413626380768662e-01,-1.629980546096513327e-01,2.517093722535270750e-01,1.110716117839521400e-01
7.700000000000000178e-01,-2.375534343934980752e-01,-1.612408578489706035e-01,2.446034710801559542e-01,1.082230180854513724e-01
7.875000000000000888e-01,-2.349933786029887728e-01,-1.595025922353150716e-01,2.377254348814008822e-01,1.054540377571490384e-01
8.050000000000000488e-01,-2.324608952217484537e-01,-1.577830538758916712e-01,2.310667981393232651e-01,1.027621841464792518e-01
8.225000000000001199e-01,-2.299556874321697919e-01,-1.560820410730007213e-01,2.246194595284190521e-01,1.001450589408051373e-01
8.400000000000000799e-01,-2.274774616091924107e-01,-1.543993543004187341e-01,2.183756640722711584e-01,9.760034858417475367e-02
8.575000000000000400e-01,-2.250259272860264947e-01,-1.527347961800350762e-01,2.123279862747141922e-01,9.512582085856338687e-02
8.750000000000001110e-01,-2.226007971202429991e-01,-1.510881714587396230e-01,2.064693141672609700e-01,9.271932162118305676e-02
8.925000000000000711e-01,-2.202017868602261508e-01,-1.494592869855588257e-01,2.007928342182995762e-01,9.037877168991510779e-02
9.100000000000001421e-01,-2.178286153119842750e-01,-1.478479516890375545e-01,1.952920170530700883e-01,8.810216386936448041e-02
9.275000000000001021e-01,-2.154810043063159486e-01,-1.462539765548639681e-01,1.899606039366911470e-01,8.588756011045256544e-02
9.450000000000000622e-01,-2.131586786663266508e-01,-1.446771746037348316e-01,1.847925939755422353e-01,8.373308879685702200e-02
9.625000000000001332e-01,-2.108613661752931079e-01,-1.431173608694586152e-01,1.797822319951385417e-01,8.163694215197606074e-02
9.800000000000000933e-01,-2.085887975448713627e-01,-1.415743523772942380e-01,1.749239970552734780e-01,7.959737376044169477e-02
9.887500000000000178e-01,-2.074617088177440061e-01,-1.408090934566428865e-01,1.725502632834497452e-01,7.859827684625859956e-02
9.975000000000000533e-01,-2.063407063836047439e-01,-1.400479681224954254e-01,1.702125915531746692e-01,7.761269619502492167e-02
1.006250000000000089e+00,-2.052257573910665212e-01,-1.392909540536000634e-01,1.679103528713200566e-01,7.664042972446057089e-02
1.015000000000000124e+00,-2.041168291659289646e-01,-1.385380290491939059e-01,1.656429309437641162e-01,7.568127876143358745e-02
1.023750000000000160e+00,-2.030138892102242576e-01,-1.377891710283532800e-01,1.634097218816465968e-01,7.473504797645721953e-02
1.032500000000000195e+00,-2.019169052012680099e-01,-1.370443580293469465e-01,1.612101339152580692e-01,7.380154531961477526e-02
1.041250000000000231e+00,-2.008258449907153464e-01,-1.363035682089930034e-01,1.590435871153444702e-01,7.288058195787719407e-02
1.050000000000000044e+00,-1.997406766036218251e-01,-1.355667798420197023e-01,1.569095131216154682e-01,7.197197221377980847e-02
1.058750000000000080e+00,-1.986613682375096279e-01,-1.348339713204288470e-01,1.548073548782505082e-01,7.107553350542471227e-02
1.067500000000000115e+00,-1.975878882614387211e-01,-1.341051211528634934e-01,1.527365663762049464e-01,7.019108628777734338e-02
1.076250000000000151e+00,-1.965202052150828715e-01,-1.333802079639783700e-01,1.506966124021219267e-01,6.931845399522530704e-02
1.085000000000000187e+00,-1.954582878078107711e-01,-1.326592104938141281e-01,1.486869682936642900e-01,6.845746298536946328e-02
1.093750000000000000e+00,-1.944021049177719895e-01,-1.319421075971748403e-01,1.467071197010851036e-01,6.760794248401751083e-02
1.102500000000000036e+00,-1.933516255909878134e-01,-1.312288782430087175e-01,1.447565623548607294e-01,6.676972453135106289e-02
1.111250000000000071e+00,-1.923068190404471633e-01,-1.305195015137924630e-01,1.428348018392173735e-01,6.594264392923858409e-02
1.120000000000000107e+00,-1.912676546452071469e-01,-1.298139566049185678e-01,1.409413533713847755e-01,6.512653818966640529e-02
1.128750000000000142e+00,-1.902341019494984964e-01,-1.291122228240861869e-01,1.390757415864181112e-01,6.432124748426137906e-02
1.137500000000000178e+00,-1.892061306618358640e-01,-1.284142795906953183e-01,1.372375003274325378e-01,6.352661459487930762e-02
1.146250000000000213e+00,-1.881837106541328630e-01,-1.277201064352439519e-01,1.354261724411000012e-01,6.274248486523399670e-02
1.155000000000000027e+00,-1.871668119608218550e-01,-1.270296829987287157e-01,1.336413095782625626e-01,6.196870615354210104e-02
1.163750000000000062e+00,-1.861554047779783727e-01,-1.263429890320487969e-01,1.318824719995205230e-01,6.120512878615994024e-02
1.172500000000000098e+00,-1.851494594624504830e-01,-1.256600043954129164e-01,1.301492283856587051e-01,6.045160551218926870e-02
1.181250000000000133e+00,-1.841489465309926465e-01,-1.249807090577494811e-01,1.284411556527770282e-01,5.970799145902887239e-02
1.190000000000000169e+00,-1.831538366594041567e-01,-1.243050830961201364e-01,1.267578387719968114e-01,5.897414408885007231e-02
1.198749999999999982e+00,-1.821641006816724639e-01,-1.236331066951362467e-01,1.250988705936174894e-01,5.824992315597468662e-02
1.207500000000000018e+00,-1.811797095891207188e-01,-1.229647601463785545e-01,1.234638516756018933e-01,5.753519066513423236e-02
1.216250000000000053e+00,-1.802006345295604495e-01,-1.223000238478201968e-01,1.218523901162727741e-01,5.682981083059020222e-02
1.225000000000000089e+00,-1.792268468064481257e-01,-1.216388783032525123e-01,1.202641013911055629e-01,5.613365003609534915e-02
1.233750000000000124e+00,-1.782583178780468569e-01,-1.209813041217141644e-01,1.186986081935067494e-01,5.544657679567644576e-02
1.242500000000000160e+00,-1.772950193565921151e-01,-1.203272820169231788e-01,1.171555402794699219e-01,5.476846171521988077e-02
1.251250000000000195e+00,-1.763369230074622873e-01,-1.196767928067122844e-01,1.156345343160050804e-01,5.409917745484145446e-02
1.260000000000000231e+00,-1.753840007483535579e-01,-1.190298174124670011e-01,1.141352337332395411e-01,5.343859869202251950e-02
1.268750000000000266e+00,-1.744362246484590651e-01,-1.183863368585669762e-01,1.126572885800920382e-01,5.278660208549484228e-02
1.277500000000000080e+00,-1.734935669276527759e-01,-1.177463322718302896e-01,1.112003553834244179e-01,5.214306623985728861e-02
1.286250000000000115e+00,-1.725559999556774693e-01,-1.171097848809605629e-01,1.097640970105777797e-01,5.150787167090745827e-02
1.295000000000000151e+00,-1.716234962513372986e-01,-1.164766760159974546e-01,1.083481825352035216e-01,5.088090077167248954e-02
1.303750000000000187e+00,-1.706960284816944895e-01,-1.158469871077696667e-01,1.069522871063010999e-01,5.026203777912253978e-02
1.312500000000000222e+00,-1.697735694612705348e-01,-1.152206996873511996e-01,1.055760918203778598e-01,4.965116874155223181e-02
1.321250000000000036e+00,-1.688560921512516078e-01,-1.145977953855204373e-01,1.042192835966484904e-01,4.904818148661465455e-02
1.330000000000000071e+00,-1.679435696586981108e-01,-1.139782559322220917e-01,1.028815550551935715e-01,4.845296558999322156e-02
1.338750000000000107e+00,-1.670359752357588046e-01,-1.133620631560322417e-01,1.015626043979999393e-01,4.786541234469746803e-02
1.347500000000000142e+00,-1.661332822788887664e-01,-1.127491989836259950e-01,1.002621352928066978e-01,4.728541473096833925e-02
1.356250000000000178e+00,-1.652354643280719293e-01,-1.121396454392482034e-01,9.897985675968370978e-02,4.671286738677982858e-02
1.365000000000000213e+00,-1.643424950660474504e-01,-1.115333846441870780e-01,9.771548306027122432e-02,4.614766657892351021e-02
1.373750000000000249e+00,-1.634543483175404655e-01,-1.109303988162503585e-01,9.646873358961131906e-02,4.558971017466297015e-02
1.382500000000000062e+00,-1.625709980484969785e-01,-1.103306702692446878e-01,9.523933277050371238e-02,4.503889761394574975e-02
1.391250000000000098e+00,-1.616924183653226099e-01,-1.097341814124573739e-01,9.402700995032053921e-02,4.449512988216022119e-02
1.400000000000000133e+00,-1.608185835141258679e-01,-1.091409147501413296e-01,9.283149930021684926e-02,4.395830948342575872e-02
1.408750000000000169e+00,-1.599494678799651404e-01,-1.085508528810026629e-01,9.165253971667446098e-02,4.342834041440406245e-02
1.417500000000000204e+00,-1.590850459860997379e-01,-1.079639784976908629e-01,9.048987472531953846e-02,4.290512813862061570e-02
1.426250000000000018e+00,-1.582252924932452398e-01,-1.073802743862920239e-01,8.934325238695553506e-02,4.238857956128483373e-02
1.435000000000000053e+00,-1.573701821988325866e-01,-1.067997234258244721e-01,8.821242520575452162e-02,4.187860300459818330e-02
1.443750000000000089e+00,-1.565196900362711696e-01,-1.062223085877374573e-01,8.709715003955217916e-02,4.137510818353976050e-02
1.452500000000000124e+00,-1.556737910742161113e-01,-1.056480129354121916e-01,8.599718801219245756e-02,4.087800618211862719e-02
1.461250000000000160e+00,-1.548324605158392375e-01,-1.050768196236659957e-01,8.491230442787002508e-02,4.038720943008317077e-02
1.470000000000000195e+00,-1.539956736981039909e-01,-1.045087118982586799e-01,8.384226868741993799e-02,3.990263168007745359e-02
1.478750000000000231e+00,-1.531634060910444795e-01,-1.039436730954019505e-01,8.278685420650502835e-02,3.942418798523484452e-02
1.487500000000000044e+00,-1.523356332970480786e-01,-1.033816866412711893e-01,8.174583833565342295e-02,3.895179467719980110e-02
1.496250000000000080e+00,-1.515123310501421128e-01,-1.028227360515199668e-01,8.071900228209935579e-02,3.848536934456822656e-02
1.505000000000000115e+00,-1.506934752152842560e-01,-1.022668049307973726e-01,7.970613103338236582e-02,3.802483081173795021e-02
1.522500000000000187e+00,-1.490690068919941214e-01,-1.011639359571517988e-01,7.772144135858229108e-02,3.712109549895271920e-02
1.540000000000000036e+00,-1.474620378386947150e-01,-1.000729503192296643e-01,7.579012201790852332e-02,3.623996327032388831e-02
1.557500000000000107e+00,-1.458723796170447451e-01,-9.899372000940466487e-02,7.391058159627518498e-02,3.538082714340527041e-02
1.575000000000000178e+00,-1.442998458167729092e-01,-9.792611839850984268e-02,7.208128239339745003e-02,3.454309801114151951e-02
1.592500000000000249e+00,-1.427442520338718379e-01,-9.687002022100037191e-02,7.030073835785789760e-02,3.372620405482200379e-02
1.610000000000000098e+00,-1.412054158490262390e-01,-9.582530156027538326e-02,6.856751311097848689e-02,3.292959017868711535e-02
1.627500000000000169e+00,-1.396831568062722462e-01,-9.479183983415795378e-02,6.688021805615615434e-02,3.215271746529276692e-02
1.645000000000000240e+00,-1.381772963918861952e-01,-9.376951378053118014e-02,6.523751056955029437e-02,3.139506265078060437e-02
1.662500000000000089e+00,-1.366876580134994690e-01,-9.275820344312887822e-02,6.363809226822605969e-02,3.065611761923960066e-02
1.680000000000000160e+00,-1.352140669794378303e-01,-9.175779015747895229e-02,6.208070735206235730e-02,2.993538891538169086e-02
1.697500000000000231e+00,-1.337563504782822710e-01,-9.076815653699819852e-02,6.056414101592619281e-02,2.923239727478988206e-02
1.715000000000000080e+00,-1.323143375586494641e-01,-8.978918645923637809e-02,5.908721792879578771e-02,2.854667717102934293e-02
1.732500000000000151e+00,-1.308878591091889587e-01,-8.882076505226865759e-02,5.764880077668770031e-02,2.787777637894487195e-02
1.750000000000000222e+00,-1.294767478387953974e-01,-8.786277868123401613e-02,5.624778886640445508e-02,2.722525555349753282e-02
1.767500000000000071e+00,-1.280808382570328419e-01,-8.691511493501878627e-02,5.488311678727224308e-02,2.658868782352214952e-02
1.785000000000000142e+00,-1.266999666547695136e-01,-8.597766261308330271e-02,5.355375312818281414e-02,2.596765839981468940e-02
1.802500000000000213e+00,-1.253339710850202293e-01,-8.505031171243032651e-02,5.225869924739036387e-02,2.536176419698445150e-02
1.820000000000000284e+00,-1.239826913439946721e-01,-8.413295341471356548e-02,5.099698809264271993e-02,2.477061346853057927e-02
1.837500000000000133e+00,-1.226459689523489993e-01,-8.322548007348505583e-02,4.976768306934863106e-02,2.419382545462614095e-02
1.855000000000000204e+00,-1.213236471366388597e-01,-8.232778520157954527e-02,4.856987695459771825e-02,2.363103004211541958e-02
1.872500000000000275e+00,-1.200155708109715558e-01,-8.143976345863472577e-02,4.740269085495919799e-02,2.308186743625094753e-02
1.890000000000000124e+00,-1.187215865588551189e-01,-8.056131063874572007e-02,4.626527320608807281e-02,2.254598784371800169e-02
1.907500000000000195e+00,-1.174415426152424363e-01,-7.969232365825229536e-02,4.515679881226525305e-02,2.202305116651259373e-02
1.925000000000000266e+00,-1.161752888487681268e-01,-7.883270054365763835e-02,4.407646792409081887e-02,2.151272670625845734e-02
1.942500000000000115e+00,-1.149226767441761804e-01,-7.798234041967685992e-02,4.302350535263609749e-02,2.101469287856537124e-02
1.960000000000000187e+00,-1.136835593849363502e-01,-7.714114349741445220e-02,4.199715961844389944e-02,2.052863693704832029e-02
1.977500000000000258e+00,-1.124577914360472414e-01,-7.630901106266858858e-02,4.099670213384416784e-02,2.005425470664295648e-02
1.995000000000000107e+00,-1.112452291270241145e-01,-7.548584546436146181e-02,4.002142641712642251e-02,1.959125032586795864e-02
2.012500000000000178e+00,-1.100457302350693473e-01,-7.467155010309398100e-02,3.907064733718096372e-02,1.913933599769949284e-02
2.030000000000000249e+00,-1.088591540684238079e-01,-7.386602941982381432e-02,3.814370038728744083e-02,1.869823174873702643e-02
2.047500000000000320e+00,-1.076853614498969325e-01,-7.306918888466502893e-02,3.723994098679220266e-02,1.826766519635283220e-02
2.065000000000000391e+00,-1.065242147005737855e-01,-7.228093498580834275e-02,3.635874380947615864e-02,1.784737132353008890e-02
2.082500000000000018e+00,-1.053755776236971614e-01,-7.150117521856066971e-02,3.549950213747147393e-02,1.743709226110698104e-02
2.100000000000000089e+00,-1.042393154887227419e-01,-7.072981807450244573e-02,3.466162723963907982e-02,1.703657707715515099e-02
2.117500000000000160e+00,-1.031152950155457687e-01,-6.996677303076166698e-02,3.384454777337080056e-02,1.664558157323258944e-02
2.135000000000000231e+00,-1.020033843588969424e-01,-6.921195053940353004e-02,3.304770920882719315e-02,1.626386808726079658e-02
2.152500000000000302e+00,-1.009034530929060897e-01,-6.846526201693393932e-02,3.227057327466949926e-02,1.589120530278681498e-02
2.170000000000000373e+00,-9.981537219583168363e-02,-6.772661983391613238e-02,3.151261742438690727e-02,1.552736806439986364e-02
2.187500000000000000e+00,-9.873901403495445595e-02,-6.699593730469909081e-02,3.077333432236218844e-02,1.517213719908191462e-02
2.205000000000000071e+00,-9.767425235163315622e-02,-6.627312867725629331e-02,3.005223134885800715e-02,1.482529934327972247e-02
2.222500000000000142e+00,-9.662096224652123866e-02,-6.555810912313404792e-02,2.934883012314400130e-02,1.448664677549508367e-02
2.240000000000000213e+00,-9.557902016494207453e-02,-6.485079472750775176e-02,2.866266604401955520e-02,1.415597725419734387e-02
2.257500000000000284e+00,-9.454830388242145556e-02,-6.415110247934537047e-02,2.799328784702182979e-02,1.383309386087028595e-02
2.275000000000000355e+00,-9.352869249037558397e-02,-6.345895026167658326e-02,2.734025717764011418e-02,1.351780484801290427e-02
2.292500000000000426e+00,-9.252006638195289789e-02,-6.277425684196674682e-02,2.670314817988841266e-02,1.320992349192027550e-02
2.310000000000000053e+00,-9.152230723802790013e-02,-6.209694186259453325e-02,2.608154709961714446e-02,1.290926795007798014e-02
2.327500000000000124e+00,-9.053529801334565807e-02,-6.142692583143175705e-02,2.547505190197233912e-02,1.261566112300948478e-02
2.345000000000000195e+00,-8.955892292281525391e-02,-6.076413011252483620e-02,2.488327190243733514e-02,1.232893052042240145e-02
2.362500000000000266e+00,-8.859306742795035328e-02,-6.010847691687661726e-02,2.430582741091646959e-02,1.204890813150537657e-02
2.380000000000000338e+00,-8.763761822345572661e-02,-5.945988929332699652e-02,2.374234938834450526e-02,1.177543029923286064e-02
2.397500000000000409e+00,-8.669246322395780802e-02,-5.881829111953199712e-02,2.319247911532800258e-02,1.150833759854075905e-02
2.415000000000000036e+00,-8.575749155087790399e-02,-5.818360709304002537e-02,2.265586787234637189e-02,1.124747471824088380e-02
2.432500000000000107e+00,-8.483259351944653914e-02,-5.755576272246380048e-02,2.213217663106090138e-02,1.099269034654713935e-02
2.450000000000000178e+00,-8.391766062585737096e-02,-5.693468431874757624e-02,2.162107575629982834e-02,1.074383706009142056e-02
2.467500000000000249e+00,-8.301258553455921618e-02,-5.632029898652829436e-02,2.112224471830571187e-02,1.050077121631140357e-02
2.485000000000000320e+00,-8.211726206568460695e-02,-5.571253461558960812e-02,2.063537181484955546e-02,1.026335284909704951e-02
2.502500000000000391e+00,-8.123158518261357208e-02,-5.511131987240801278e-02,2.016015390283284331e-02,1.003144556758677614e-02
2.520000000000000462e+00,-8.035545097967104755e-02,-5.451658419178991022e-02,1.969629613901478435e-02,9.804916458008291341e-03
2.537500000000000089e+00,-7.948875666995665334e-02,-5.392825776859859477e-02,1.924351172951751371e-02,9.583635988462979940e-03
2.555000000000000160e+00,-7.863140057330507415e-02,-5.334627154957042455e-02,1.880152168777653870e-02,9.367477916556340295e-03
2.572500000000000231e+00,-7.778328210437621126e-02,-5.277055722521899195e-02,1.837005460061794104e-02,9.156319199780766152e-03
2.590000000000000302e+00,-7.694430176087310724e-02,-5.220104722182642570e-02,1.794884640215685390e-02,8.950039908560143698e-03
2.607500000000000373e+00,-7.611436111188665810e-02,-5.163767469352084638e-02,1.753764015522476377e-02,8.748523141869125191e-03
2.625000000000000444e+00,-7.529336278636560020e-02,-5.108037351443928120e-02,1.713618584004517748e-02,8.551654945343148059e-03
2.642500000000000071e+00,-7.448121046171052306e-02,-5.052907827097467830e-02,1.674424014988884143e-02,8.359324231798161836e-03
2.660000000000000142e+00,-7.367780885249040901e-02,-4.998372425410649994e-02,1.636156629345070224e-02,8.171422704082068056e-03
2.677500000000000213e+00,-7.288306369928065909e-02,-4.944424745181393022e-02,1.598793380370157682e-02,7.987844780182665888e-03
2.695000000000000284e+00,-7.209688175762100915e-02,-4.891058454157057311e-02,1.562311835297721524e-02,7.808487520519327534e-03
2.712500000000000355e+00,-7.131917078709217039e-02,-4.838267288292003726e-02,1.526690157407751929e-02,7.633250557348635404e-03
2.730000000000000426e+00,-7.054983954051005646e-02,-4.786045051013148449e-02,1.491907088715755531e-02,7.462036026216318195e-03
2.747500000000000053e+00,-6.978879775323608425e-02,-4.734385612493403894e-02,1.457941933220099906e-02,7.294748499390360866e-03
2.765000000000000124e+00,-6.903595613260238295e-02,-4.683282908932961258e-02,1.424774540687491486e-02,7.131294921212501942e-03
2.782500000000000195e+00,-6.829122634745095344e-02,-4.632730941848295370e-02,1.392385290957302672e-02,6.971584545307377666e-03
2.800000000000000266e+00,-6.755452101778507135e-02,-4.582723777368834239e-02,1.360755078746203779e-02,6.815528873590826799e-03
2.817500000000000338e+00,-6.682575370453205932e-02,-4.533255545541182985e-02,1.329865298935316471e-02,6.663041597020810149e-03
2.835000000000000409e+00,-6.610483889941622115e-02,-4.484320439640848699e-02,1.299697832322795586e-02,6.514038538036429418e-03
2.852500000000000480e+00,-6.539169201494057782e-02,-4.435912715491376057e-02,1.270235031825420711e-02,6.368437594632412983e-03
2.870000000000000107e+00,-6.468622937447646160e-02,-4.388026690790802070e-02,1.241459709113424716e-02,6.226158686018049525e-03
2.887500000000000178e+00,-6.398836820245951129e-02,-4.340656744445368226e-02,1.213355121663396881e-02,6.087123699811699748e-03
2.905000000000000249e+00,-6.329802661469136060e-02,-4.293797315910397733e-02,1.185904960214700411e-02,5.951256440723196907e-03
2.922500000000000320e+00,-6.261512360874539607e-02,-4.247442904538280967e-02,1.159093336615387576e-02,5.818482580678494692e-03
2.940000000000000391e+00,-6.193957905447582124e-02,-4.201588068933461567e-02,1.132904772044156239e-02,5.688729610342209940e-03
2.957500000000000462e+00,-6.127131368462883365e-02,-4.156227426314379469e-02,1.107324185595396672e-02,5.561926791995240246e-03
2.975000000000000089e+00,-6.061024908555465857e-02,-4.111355651882279277e-02,1.082336883214877858e-02,5.438005113726232520e-03
2.992500000000000160e+00,-5.995630768801955834e-02,-4.066967478196806957e-02,1.057928546974091014e-02,5.316897244896827759e-03
3.010000000000000231e+00,-5.930941275811671409e-02,-4.023057694558333092e-02,1.034085224671737677e-02,5.198537492842163384e-03
3.027500000000000302e+00,-5.866948838827475837e-02,-3.979621146396928461e-02,1.010793319751259779e-02,5.082861760769210799e-03
3.045000000000000373e+00,-5.803645948836311935e-02,-3.936652734667910047e-02,9.880395815237544288e-03,4.969807506816955288e-03
3.062500000000000444e+00,-5.741025177689296211e-02,-3.894147415253897127e-02,9.658110956859951649e-03,4.859313704243424514e-03
3.080000000000000071e+00,-5.679079177231285969e-02,-3.852100198373308027e-02,9.440952751236793977e-03,4.751320802705863433e-03
3.097500000000000142e+00,-5.617800678439796580e-02,-3.810506147995211534e-02,9.228798509903751029e-03,4.645770690601424592e-03
3.115000000000000213e+00,-5.557182490573198130e-02,-3.769360381260496162e-02,9.021528640530124613e-03,4.542606658436804459e-03
3.132500000000000284e+00,-5.497217500328063083e-02,-3.728658067909256663e-02,8.819026562950813344e-03,4.441773363196238264e-03
3.150000000000000355e+00,-5.437898671005578916e-02,-3.688394429714344364e-02,8.621178627690391158e-03,4.343216793678363052e-03
3.167500000000000426e+00,-5.379219041686933434e-02,-3.648564739921027200e-02,8.427874036897334276e-03,4.246884236773337297e-03
3.185000000000000497e+00,-5.321171726417567305e-02,-3.609164322692672011e-02,8.239004767609503163e-03,4.152724244652543882e-03
3.202500000000000124e+00,-5.263749913400202207e-02,-3.570188552562394285e-02,8.054465497274792760e-03,4.060686602844115756e-03
3.220000000000000195e+00,-5.206946864196546759e-02,-3.531632853890612905e-02,7.874153531453643301e-03,3.970722299168375283e-03
3.237500000000000266e+00,-5.150755912937601821e-02,-3.493492700328450912e-02,7.697968733632801555e-03,3.882783493508095828e-03
3.255000000000000338e+00,-5.095170465542446514e-02,-3.455763614286905955e-02,7.525813457082129211e-03,3.796823488389282526e-03
3.272500000000000409e+00,-5.040183998945440419e-02,-3.418441166411731458e-02,7.357592478688836438e-03,3.712796700348987115e-03
3.290000000000000480e+00,-4.985790060331730944e-02,-3.381520975063981305e-02,7.193212934705768558e-03,3.630658632067389896e-03
3.307500000000000107e+00,-4.931982266380992991e-02,-3.344998705806137562e-02,7.032584258352665360e-03,3.550365845242084428e-03
3.325000000000000178e+00,-4.878754302519296843e-02,-3.308870070893780296e-02,6.875618119211422859e-03,3.471875934183214427e-03
3.342500000000000249e+00,-4.826099922179033497e-02,-3.273130828772720380e-02,6.722228364358586936e-03,3.395147500108813571e-03
3.360000000000000320e+00,-4.774012946066796825e-02,-3.237776783581546025e-02,6.572330961180103751e-03,3.320140126120231516e-03
3.377500000000000391e+00,-4.722487261439144157e-02,-3.202803784659543490e-02,6.425843941815483767e-03,3.246814352838361169e-03
3.395000000000000462e+00,-4.671516821386145768e-02,-3.168207726059884405e-02,6.282687349180225006e-03,3.175131654681739250e-03
3.412500000000000533e+00,-4.621095644122650420e-02,-3.133984546068077637e-02,6.142783184517207687e-03,3.105054416768363197e-03
3.430000000000000160e+00,-4.571217812287167725e-02,-3.100130226725596530e-02,6.006055356429425632e-03,3.036545912423558452e-03
3.447500000000000231e+00,-4.521877472248297253e-02,-3.066640793358637110e-02,5.872429631348066899e-03,2.969570281276780015e-03
3.465000000000000302e+00,-4.473068833418625267e-02,-3.033512314111953823e-02,5.741833585391606723e-03,2.904092507930743951e-03
3.482500000000000373e+00,-4.424786167575996132e-02,-3.000740899487704810e-02,5.614196557572946264e-03,2.840078401186824867e-03
3.500000000000000444e+00,-4.377023808192090359e-02,-2.968322701889265780e-02,5.489449604313258700e-03,2.777494573811117688e-03
3.517500000000000515e+00,-4.329776149768226057e-02,-2.936253915169957651e-02,5.367525455222482700e-03,2.716308422826073377e-03
3.535000000000000142e+00,-4.283037647178308122e-02,-2.904530774186633510e-02,5.248358470107841386e-03,2.656488110313027628e-03
3.552500000000000213e+00,-4.236802815018845397e-02,-2.873149554358069707e-02,5.131884597172994833e-03,2.598002544711426002e-03
3.570000000000000284e+00,-4.191066226965965702e-02,-2.842106571228110445e-02,5.018041332371782869e-03,2.540821362600952267e-03
3.587500000000000355e+00,-4.145822515139344772e-02,-2.811398180033515201e-02,4.906767679881608724e-03,2.484914910953214730e-03
3.605000000000000426e+00,-4.101066369472983891e-02,-2.781020775276462492e-02,4.798004113662771714e-03,2.430254229839997910e-03
3.622500000000000497e+00,-4.056792537092753642e-02,-2.750970790301655866e-02,4.691692540071144835e-03,2.376811035585521883e-03
3.640000000000000568e+00,-4.012995821700640620e-02,-2.721244696877980068e-02,4.587776261492645252e-03,2.324557704350499032e-03
3.657500000000000195e+00,-3.969671082965618020e-02,-2.691839004784662287e-02,4.486199940969048949e-03,2.273467256136162129e-03
3.675000000000000266e+00,-3.926813235921066542e-02,-2.662750261401892332e-02,4.386909567785621071e-03,2.223513339196740018e-03
3.692500000000000338e+00,-3.884417250368689400e-02,-2.633975051305848664e-02,4.289852423992098623e-03,2.174670214849300318e-03
3.710000000000000409e+00,-3.842478150288834021e-02,-2.605509995868082046e-02,4.194977051829389646e-03,2.126912742670065103e-03
3.727500000000000480e+00,-3.800991013257162127e-02,-2.577351752859212419e-02,4.102233222035322688e-03,2.080216366066759553e-03
3.745000000000000551e+00,-3.759950969867593973e-02,-2.549497016056900822e-02,4.011571903003635642e-03,2.034557098216768691e-03
3.762500000000000178e+00,-3.719353203161469834e-02,-2.521942514858032877e-02,3.922945230771188348e-03,1.989911508361225101e-03
3.780000000000000249e+00,-3.679192948062844776e-02,-2.494685013895083306e-02,3.836306479809229071e-03,1.946256708445424444e-03
3.797500000000000320e+00,-3.639465490819871613e-02,-2.467721312656607352e-02,3.751610034595322975e-03,1.903570340096231604e-03
3.815000000000000391e+00,-3.600166168452184623e-02,-2.441048245111824763e-02,3.668811361943249798e-03,1.861830561927446280e-03
3.832500000000000462e+00,-3.561290368204237528e-02,-2.414662679339233883e-02,3.587866984068963355e-03,1.821016037164302839e-03
3.850000000000000533e+00,-3.522833527004522874e-02,-2.388561517159242323e-02,3.508734452371355551e-03,1.781105921578619898e-03
3.867500000000000160e+00,-3.484791130930610381e-02,-2.362741693770735105e-02,3.431372321907276250e-03,1.742079851726252137e-03
3.885000000000000231e+00,-3.447158714679939701e-02,-2.337200177391567449e-02,3.355740126540861408e-03,1.703917933478832749e-03
3.902500000000000302e+00,-3.409931861046319040e-02,-2.311933968902927031e-02,3.281798354747925313e-03,1.666600730841972080e-03
3.920000000000000373e+00,-3.373106200402044286e-02,-2.286940101497521999e-02,3.209508426056677591e-03,1.630109255052309813e-03
3.937500000000000444e+00,-3.336677410185601850e-02,-2.262215640331555894e-02,3.138832668106700426e-03,1.594424953946040752e-03
3.955000000000000515e+00,-3.300641214394877537e-02,-2.237757682180459978e-02,3.069734294308634932e-03,1.559529701591757167e-03
3.972500000000000586e+00,-3.264993383085829093e-02,-2.213563355098318794e-02,3.002177382087583331e-03,1.525405788180624793e-03
3.990000000000000213e+00,-3.229729731876543330e-02,-2.189629818080975066e-02,2.936126851693758328e-03,1.492035910167131395e-03
4.007500000000000284e+00,-3.194846121456638294e-02,-2.165954260732750117e-02,2.871548445564418937e-03,1.459403160653813562e-03
4.025000000000000355e+00,-3.160338457101946608e-02,-2.142533902936767307e-02,2.808408708221638538e-03,1.427491020013607007e-03
4.042500000000000426e+00,-3.126202688194414103e-02,-2.119365994528811178e-02,2.746674966690886791e-03,1.396283346743551522e-03
4.060000000000000497e+00,-3.092434807747175551e-02,-2.096447814974708793e-02,2.686315311425905780e-03,1.365764368543863176e-03
4.077500000000000568e+00,-3.059030851934734646e-02,-2.073776673051179464e-02,2.627298577725784446e-03,1.335918673616472022e-03
4.095000000000000639e+00,-3.025986899628204177e-02,-2.051349906530124459e-02,2.569594327630563436e-03,1.306731202177323923e-03
4.112500000000000711e+00,-2.993299071935548103e-02,-2.029164881866310152e-02,2.513172832282119240e-03,1.278187238176908391e-03
4.130000000000000782e+00,-2.960963531746772098e-02,-2.007218993888424188e-02,2.458005054737479392e-03,1.250272401223613767e-03
4.147499999999999964e+00,-2.928976483284009141e-02,-1.985509665493449469e-02,2.404062633222101703e-03,1.222972638704665667e-03
4.165000000000000036e+00,-2.897334171656443594e-02,-1.964034347344330994e-02,2.351317864811015238e-03,1.196274218099536253e-03
4.182500000000000107e+00,-2.866032882420037342e-02,-1.942790517570903985e-02,2.299743689526133599e-03,1.170163719480901829e-03
4.200000000000000178e+00,-2.835068941141982365e-02,-1.921775681474034367e-02,2.249313674838303908e-03,1.144628028198283951e-03
4.217500000000000249e+00,-2.804438712969847119e-02,-1.900987371232951487e-02,2.200002000563096825e-03,1.119654327739715450e-03
4.235000000000000320e+00,-2.774138602205361223e-02,-1.880423145615727626e-02,2.151783444139601827e-03,1.095230092766852565e-03
4.252500000000000391e+00,-2.744165051882785367e-02,-1.860080589692878969e-02,2.104633366281841080e-03,1.071343082319107251e-03
4.270000000000000462e+00,-2.714514543351820297e-02,-1.839957314554049178e-02,2.058527696992704104e-03,1.047981333182486071e-03
4.287500000000000533e+00,-2.685183595865007697e-02,-1.820050957027740182e-02,2.013442921930612851e-03,1.025133153418918532e-03
4.305000000000000604e+00,-2.656168766169568138e-02,-1.800359179404070406e-02,1.969356069119413983e-03,1.002787116052019332e-03
4.322500000000000675e+00,-2.627466648103636560e-02,-1.780879669160506315e-02,1.926244695992262003e-03,9.809320529052881210e-04
4.340000000000000746e+00,-2.599073872196841148e-02,-1.761610138690559296e-02,1.884086876760539915e-03,9.595570485888961325e-04
4.357500000000000817e+00,-2.570987105275182594e-02,-1.742548325035392018e-02,1.842861190099114293e-03,9.386514346312836363e-04
4.375000000000000000e+00,-2.543203050070169322e-02,-1.723691989618328715e-02,1.802546707139479057e-03,9.182047837519312404e-04
4.392500000000000071e+00,-2.515718444832150402e-02,-1.705038917982211466e-02,1.763122979762575754e-03,8.982069042717095129e-04
4.410000000000000142e+00,-2.488530062947827415e-02,-1.686586919529593429e-02,1.724570029183349886e-03,8.786478346573748776e-04
4.427500000000000213e+00,-2.461634712561867194e-02,-1.668333827265724989e-02,1.686868334819265850e-03,8.595178381968199667e-04
4.445000000000000284e+00,-2.435029236202597078e-02,-1.650277497544310260e-02,1.649998823435295386e-03,8.408073978017917803e-04
4.462500000000000355e+00,-2.408710510411727485e-02,-1.632415809816003052e-02,1.613942858558066592e-03,8.225072109348960598e-04
4.480000000000000426e+00,-2.382675445378057769e-02,-1.614746666379606246e-02,1.578682230152078040e-03,8.046081846577668928e-04
4.497500000000000497e+00,-2.356920984575129260e-02,-1.597267992135953038e-02,1.544199144551091805e-03,7.871014307973721790e-04
4.515000000000000568e+00,-2.331444104402776579e-02,-1.579977734344441970e-02,1.510476214638004815e-03,7.699782612275146015e-04
4.532500000000000639e+00,-2.306241813832537318e-02,-1.562873862382185494e-02,1.477496450266694824e-03,7.532301832626495455e-04
4.550000000000000711e+00,-2.281311154056880897e-02,-1.545954367505761838e-02,1.445243248919513175e-03,7.368488951612359519e-04
4.567500000000000782e+00,-2.256649198142210780e-02,-1.529217262615526103e-02,1.413700386594285603e-03,7.208262817358836866e-04
4.585000000000000853e+00,-2.232253050685605034e-02,-1.512660582022461869e-02,1.382852008914839739e-03,7.051544100676662838e-04
4.602500000000000036e+00,-2.208119847475250447e-02,-1.496282381217543811e-02,1.352682622459262319e-03,6.898255253220048934e-04
4.620000000000000107e+00,-2.184246755154529290e-02,-1.480080736643583743e-02,1.323177086300228716e-03,6.748320466636158893e-04
4.637500000000000178e+00,-2.160630970889731300e-02,-1.464053745469532340e-02,1.294320603751943034e-03,6.601665632680825749e-04
4.655000000000000249e+00,-2.137269722041333989e-02,-1.448199525367213115e-02,1.266098714318322598e-03,6.458218304276564176e-04
4.672500000000000320e+00,-2.114160265838823868e-02,-1.432516214290460201e-02,1.238497285837264310e-03,6.317907657489718479e-04
4.690000000000000391e+00,-2.091299889059021477e-02,-1.417001970256637211e-02,1.211502506815941363e-03,6.180664454404216504e-04
4.707500000000000462e+00,-2.068685907707865090e-02,-1.401654971130500762e-02,1.185100878952225151e-03,6.046421006869741278e-04
4.725000000000000533e+00,-2.046315666705625369e-02,-1.386473414410405863e-02,1.159279209837467319e-03,5.915111141103100365e-04
4.742500000000000604e+00,-2.024186539575503763e-02,-1.371455517016796632e-02,1.134024605835998959e-03,5.786670163121661846e-04
4.760000000000000675e+00,-2.002295928135586559e-02,-1.356599515082989454e-02,1.109324465136839926e-03,5.661034824988712445e-04
4.777500000000000746e+00,-1.980641262194114335e-02,-1.341903663748202254e-02,1.085166470973228338e-03,5.538143291850749442e-04
4.795000000000000817e+00,-1.959219999248031779e-02,-1.327366236952811848e-02,1.061538585005701541e-03,5.417935109747482395e-04
4.812500000000000888e+00,-1.938029624184784555e-02,-1.312985527235819953e-02,1.038429040864576698e-03,5.300351174175684963e-04
4.830000000000000071e+00,-1.917067648987325068e-02,-1.298759845534499559e-02,1.015826337847792332e-03,5.185333699388589013e-04
4.847500000000000142e+00,-1.896331612442291384e-02,-1.284687520986197394e-02,9.937192347701728160e-04,5.072826188412837313e-04
4.865000000000000213e+00,-1.875819079851336404e-02,-1.270766900732270104e-02,9.720967439603109836e-04,4.962773403765787482e-04
4.882500000000000284e+00,-1.855527642745556649e-02,-1.256996349724138172e-02,9.509481254013194993e-04,4.855121338855971714e-04
4.900000000000000355e+00,-1.835454918602998087e-02,-1.243374250531420651e-02,9.302628810118539161e-04,4.749817190050319160e-04
4.917500000000000426e+00,-1.815598550569205022e-02,-1.229899003152139757e-02,9.100307490638693490e-04,4.646809329391964668e-04
4.935000000000000497e+00,-1.795956207180776296e-02,-1.216569024824970882e-02,8.902416987336873953e-04,4.546047277952961971e-04
4.952500000000000568e+00,-1.776525582091897232e-02,-1.203382749843512345e-02,8.708859247830320069e-04,4.447481679806554455e-04
4.970000000000000639e+00,-1.757304393803817144e-02,-1.190338629372557008e-02,8.519538423667851780e-04,4.351064276604087048e-04
4.987500000000000711e+00,-1.738290385397239443e-02,-1.177435131266340272e-02,8.334360819643015644e-04,4.256747882742066688e-04
5.005000000000000782e+00,-1.719481324267591385e-02,-1.164670739888750729e-02,8.153234844311999744e-04,4.164486361105100044e-04
5.022500000000000853e+00,-1.700875001863146052e-02,-1.152043955935470182e-02,7.976070961686368378e-04,4.074234599370956983e-04
5.040000000000000924e+00,-1.682469233425962565e-02,-1.139553296258035905e-02,7.802781644071411392e-04,3.985948486864226785e-04
5.057500000000000107e+00,-1.664261857735616426e-02,-1.127197293689790290e-02,7.633281326021722647e-04,3.899584891945484045e-04
5.075000000000000178e+00,-1.646250736855686334e-02,-1.114974496873713007e-02,7.467486359386273738e-04,3.815101639923113193e-04
5.092500000000000249e+00,-1.628433755882977355e-02,-1.102883470092103080e-02,7.305314969416181478e-04,3.732457491475327672e-04
5.110000000000000320e+00,-1.610808822699435344e-02,-1.090922793098094909e-02,7.146687211908755825e-04,3.651612121570187554e-04
5.127500000000000391e+00,-1.593373867726739432e-02,-1.079091060948991244e-02,6.991524931362417790e-04,3.572526098871738726e-04
5.145000000000000462e+00,-1.576126843683533021e-02,-1.067386883841389168e-02,6.839751720117546356e-04,3.495160865620737176e-04
5.162500000000000533e+00,-1.559065725345270235e-02,-1.055808886948081567e-02,6.691292878459033323e-04,3.419478717978598117e-04
5.180000000000000604e+00,-1.542188509306647443e-02,-1.044355710256719867e-02,6.546075375656948414e-04,3.345442786823657998e-04
5.197500000000000675e+00,-1.525493213746594023e-02,-1.033026008410206642e-02,6.404027811922313306e-04,3.273017018988896528e-04
5.215000000000000746e+00,-1.508977878195791322e-02,-1.021818450548814088e-02,6.265080381255595798e-04,3.202166158930743996e-04
5.232500000000000817e+00,-1.492640563306697234e-02,-1.010731720153999064e-02,6.129164835166109977e-04,3.132855730818718946e-04
5.250000000000000888e+00,-1.476479350626044677e-02,-9.997645148939025492e-03,5.996214447241061170e-04,3.065052021035944330e-04
5.267500000000000071e+00,-1.460492342369792973e-02,-9.889155464705116569e-03,5.866163978543546950e-04,2.998722061080820629e-04
5.285000000000000142e+00,-1.444677661200495858e-02,-9.781835404684677271e-03,5.738949643819293801e-04,2.933833610860402249e-04
5.302500000000000213e+00,-1.429033450007076607e-02,-9.675672362055052350e-03,5.614509078492565045e-04,2.870355142366207255e-04
5.320000000000000284e+00,-1.413557871686965672e-02,-9.570653865844979194e-03,5.492781306431975897e-04,2.808255823723476751e-04
5.337500000000000355e+00,-1.398249108930588180e-02,-9.466767579471013772e-03,5.373706708467633529e-04,2.747505503605065548e-04
5.355000000000000426e+00,-1.383105364008170926e-02,-9.364001299289699196e-03,5.257226991641379948e-04,2.688074696001372353e-04
5.372500000000000497e+00,-1.368124858558845795e-02,-9.262342953165357204e-03,5.143285159172422899e-04,2.629934565338018049e-04
5.390000000000000568e+00,-1.353305833382023420e-02,-9.161780599053268373e-03,5.031825481121085649e-04,2.573056911932999598e-04
5.407500000000000639e+00,-1.338646548231013297e-02,-9.062302423598142184e-03,4.922793465733832537e-04,2.517414157785424420e-04
5.425000000000000711e+00,-1.324145281608866791e-02,-8.963896740747668776e-03,4.816135831453170128e-04,2.462979332688063419e-04
5.442500000000000782e+00,-1.309800330566416801e-02,-8.866551990381006665e-03,4.711800479576426027e-04,2.409726060656070120e-04
5.460000000000000853e+00,-1.295610010502495045e-02,-8.770256736952050311e-03,4.609736467547820467e-04,2.357628546664560529e-04
5.477500000000000924e+00,-1.281572654966297090e-02,-8.674999668147293647e-03,4.509893982868634524e-04,2.306661563687761938e-04
5.495000000000000107e+00,-1.267686615461879711e-02,-8.580769593558171607e-03,4.412224317610665813e-04,2.256800440032720760e-04
5.512500000000000178e+00,-1.253950261254756747e-02,-8.487555443367671495e-03,4.316679843518500840e-04,2.208021046960691202e-04
5.530000000000000249e+00,-1.240361979180586681e-02,-8.395346267051130920e-03,4.223213987686603695e-04,2.160299786589511752e-04
5.547500000000000320e+00,-1.226920173455913268e-02,-8.304131232091014128e-03,4.131781208797386667e-04,2.113613580070400539e-04
5.565000000000000391e+00,-1.213623265490945853e-02,-8.213899622705488068e-03,4.042336973906969933e-04,2.067939856032796381e-04
5.582500000000000462e+00,-1.200469693704357167e-02,-8.124640838590768688e-03,3.954837735765536931e-04,2.023256539291024079e-04
5.600000000000000533e+00,-1.187457913340073806e-02,-8.036344393676961642e-03,3.869240910659578589e-04,1.979542039806686960e-04
5.617500000000000604e+00,-1.174586396286040821e-02,-7.948999914897314154e-03,3.785504856763611202e-04,1.936775241900842790e-04
5.635000000000000675e+00,-1.161853630894937005e-02,-7.862597140970735768e-03,3.703588852989278556e-04,1.894935493710199178e-04
5.652500000000000746e+00,-1.149258121806821277e-02,-7.777125921197431020e-03,3.623453078320037850e-04,1.854002596881643985e-04
5.670000000000000817e+00,-1.136798389773688647e-02,-7.692576214267477473e-03,3.545058591619916271e-04,1.813956796499614397e-04
5.687500000000000888e+00,-1.124472971485915990e-02,-7.608938087082269333e-03,3.468367311905134619e-04,1.774778771240893111e-04
5.705000000000000959e+00,-1.112280419400575766e-02,-7.526201713588658374e-03,3.393341999067634525e-04,1.736449623751612579e-04
5.722500000000000142e+00,-1.100219301571599834e-02,-7.444357373625622165e-03,3.319946235039856986e-04,1.698950871241284265e-04
5.740000000000000213e+00,-1.088288201481769739e-02,-7.363395451783358130e-03,3.248144405390330255e-04,1.662264436288880235e-04
5.757500000000000284e+00,-1.076485717876520497e-02,-7.283306436274720151e-03,3.177901681339966662e-04,1.626372637856075419e-04
5.775000000000000355e+00,-1.064810464599530437e-02,-7.204080917818739271e-03,3.109184002189098591e-04,1.591258182502849167e-04
5.792500000000000426e+00,-1.053261070430082207e-02,-7.125709588536223264e-03,3.041958058145639442e-04,1.556904155800818712e-04
5.810000000000000497e+00,-1.041836178922176358e-02,-7.048183240857214781e-03,2.976191273544922383e-04,1.523294013939724878e-04
5.827500000000000568e+00,-1.030534448245376544e-02,-6.971492766440252550e-03,2.911851790452032085e-04,1.490411575522652726e-04
5.845000000000000639e+00,-1.019354551027369139e-02,-6.895629155103246560e-03,2.848908452637650599e-04,1.458241013545633243e-04
5.862500000000000711e+00,-1.008295174198218028e-02,-6.820583493765878733e-03,2.787330789918676015e-04,1.426766847557402022e-04
5.880000000000000782e+00,-9.973550188362968749e-03,-6.746346965403401605e-03,2.727089002855064416e-04,1.395973935995179535e-04
5.897500000000000853e+00,-9.865328000158803123e-03,-6.672910848011712713e-03,2.668153947794579296e-04,1.365847468692430247e-04
5.915000000000000924e+00,-9.758272466563763445e-03,-6.600266513583537276e-03,2.610497122257303924e-04,1.336372959554669559e-04
5.932500000000000995e+00,-9.652371013731826307e-03,-6.528405427095697496e-03,2.554090650652000340e-04,1.307536239399465026e-04
5.950000000000000178e+00,-9.547611203301499885e-03,-6.457319145507246436e-03,2.498907270316571617e-04,1.279323448956877550e-04
5.967500000000000249e+00,-9.443980730936307397e-03,-6.386999316768401415e-03,2.444920317875061292e-04,1.251721032026664379e-04
5.985000000000000320e+00,-9.341467424881051348e-03,-6.317437678840181516e-03,2.392103715903863722e-04,1.224715728788687195e-04
6.002500000000000391e+00,-9.240059244533572330e-03,-6.248626058724568791e-03,2.340431959899899931e-04,1.198294569262990780e-04
6.020000000000000462e+00,-9.139744279031913887e-03,-6.180556371505133324e-03,2.289880105543779659e-04,1.172444866916165507e-04
6.037500000000000533e+00,-9.040510745856697450e-03,-6.113220619398003312e-03,2.240423756251089596e-04,1.147154212410652247e-04
6.055000000000000604e+00,-8.942346989448542519e-03,-6.046610890813025781e-03,2.192039051005123420e-04,1.122410467493709470e-04
6.072500000000000675e+00,-8.845241479840395063e-03,-5.980719359425077167e-03,2.144702652464533532e-04,1.098201759022900776e-04
6.090000000000000746e+00,-8.749182811304559437e-03,-5.915538283255356369e-03,2.098391735339534504e-04,1.074516473124956635e-04
6.107500000000000817e+00,-8.654159701014326259e-03,-5.851060003762579599e-03,2.053083975030448234e-04,1.051343249485004263e-04
6.125000000000000888e+00,-8.560160987719995021e-03,-5.787276944943972948e-03,2.008757536522524391e-04,1.028670975763192877e-04
6.142500000000000959e+00,-8.467175630439163075e-03,-5.724181612445922163e-03,1.965391063531113727e-04,1.006488782135801617e-04
6.160000000000000142e+00,-8.375192707161126585e-03,-5.661766592684241463e-03,1.922963667891421937e-04,9.847860359580445661e-05
6.177500000000000213e+00,-8.284201413565207839e-03,-5.600024551973885323e-03,1.881454919187189431e-04,9.635523365457658443e-05
6.195000000000000284e+00,-8.194191061752936073e-03,-5.538948235668061590e-03,1.840844834612819349e-04,9.427775100733675525e-05
6.212500000000000355e+00,-8.105151078993825045e-03,-5.478530467306595882e-03,1.801113869063540119e-04,9.224516045853049101e-05
6.230000000000000426e+00,-8.017071006484698809e-03,-5.418764147773485682e-03,1.762242905448386208e-04,9.025648851185963774e-05
6.247500000000000497e+00,-7.929940498122364442e-03,-5.359642254463524436e-03,1.724213245220860646e-04,8.831078289338260942e-05
6.265000000000000568e+00,-7.843749319289494704e-03,-5.301157840457898507e-03,1.687006599122279249e-04,8.640711208521896936e-05
6.282500000000000639e+00,-7.758487345653610444e-03,-5.243304033708675455e-03,1.650605078132919002e-04,8.454456486961803568e-05
6.300000000000000711e+00,-7.674144561978973704e-03,-5.186074036232066545e-03,1.614991184626194949e-04,8.272224988315726897e-05
6.317500000000000782e+00,-7.590711060951290876e-03,-5.129461123310391502e-03,1.580147803721222233e-04,8.093929518084209572e-05
6.335000000000000853e+00,-7.508177042015065465e-03,-5.073458642702624068e-03,1.546058194829207999e-04,7.919484780988333375e-05
6.352500000000000924e+00,-7.426532810223485104e-03,-5.018060013863457659e-03,1.512705983389245562e-04,7.748807339293405138e-05
6.370000000000000995e+00,-7.345768775100677134e-03,-4.963258727170772287e-03,1.480075152789171581e-04,7.581815572057159450e-05
6.387500000000000178e+00,-7.265875449516239967e-03,-4.909048343161443763e-03,1.448150036467261655e-04,7.418429635281871581e-05
6.405000000000000249e+00,-7.186843448571862865e-03,-4.855422491775344268e-03,1.416915310190622682e-04,7.258571422949662826e-05
6.422500000000000320e+00,-7.108663488499987297e-03,-4.802374871607538627e-03,1.386355984506272055e-04,7.102164528921500297e-05
6.440000000000000391e+00,-7.031326385574279171e-03,-4.749899249168497602e-03,1.356457397360933369e-04,6.949134209680161349e-05
6.457500000000000462e+00,-6.954823055031864217e-03,-4.697989458152303059e-03,1.327205206885725161e-04,6.799407347898305692e-05
6.475000000000000533e+00,-6.879144510007166070e-03,-4.646639398712718375e-03,1.298585384341980004e-04,6.652912416813101749e-05
6.492500000000000604e+00,-6.804281860477223026e-03,-4.595843036747070294e-03,1.270584207224521455e-04,6.509579445389231990e-05
6.510000000000000675e+00,-6.730226312218366355e-03,-4.545594403187847715e-03,1.243188252518822906e-04,6.369339984252668421e-05
6.527500000000000746e+00,-6.656969165774138768e-03,-4.495887593301919373e-03,1.216384390108545688e-04,6.232127072377781568e-05
6.545000000000000817e+00,-6.584501815434325514e-03,-4.446716765997317522e-03,1.190159776330038598e-04,6.097875204511001528e-05
6.562500000000000888e+00,-6.512815748224980161e-03,-4.398076143137471389e-03,1.164501847670466314e-04,5.966520299314427198e-05
6.580000000000000959e+00,-6.441902542909334894e-03,-4.349960008862840954e-03,1.139398314606301991e-04,5.837999668213316514e-05
6.597500000000001030e+00,-6.371753868999464367e-03,-4.302362708919863464e-03,1.114837155579003841e-04,5.712251984931621536e-05
6.615000000000000213e+00,-6.302361485778601620e-03,-4.255278649997106845e-03,1.090806611104766716e-04,5.589217255700178834e-05
6.632500000000000284e+00,-6.233717241333967297e-03,-4.208702299068595339e-03,1.067295178015302917e-04,5.468836790122548448e-05
6.650000000000000355e+00,-6.165813071600050564e-03,-4.162628182744215408e-03,1.044291603826706579e-04,5.351053172683711552e-05
6.667500000000000426e+00,-6.098640999412157856e-03,-4.117050886627090026e-03,1.021784881233476599e-04,5.235810234887290285e-05
6.685000000000000497e+00,-6.032193133570175683e-03,-4.071965054677903137e-03,9.997642427248882484e-05,5.123053028007222895e-05
6.702500000000000568e+00,-5.966461667912410435e-03,-4.027365388586068469e-03,9.782191553209404966e-05,5.012727796440212931e-05
6.720000000000000639e+00,-5.901438880399408927e-03,-3.983246647147660295e-03,9.571393154251784340e-05,4.904781951645420274e-05
6.737500000000000711e+00,-5.837117132207643444e-03,-3.939603645650054109e-03,9.365146437917542806e-05,4.799164046658429666e-05
6.755000000000000782e+00,-5.773488866832955473e-03,-3.896431255263200014e-03,9.163352806041479373e-05,4.695823751166556105e-05
6.772500000000000853e+00,-5.710546609203665316e-03,-3.853724402437452932e-03,8.965915806630301048e-05,4.594711827133047920e-05
6.790000000000000924e+00,-5.648282964803227890e-03,-3.811478068307884177e-03,8.772741086808077786e-05,4.495780104957913673e-05
6.807500000000000995e+00,-5.586690618802335820e-03,-3.769687288105013669e-03,8.583736346804504778e-05,4.398981460163387723e-05
6.825000000000001066e+00,-5.525762335200377906e-03,-3.728347150571899478e-03,8.398811294962463855e-05,4.304269790592413827e-05
6.842500000000000249e+00,-5.465490955976145399e-03,-3.687452797387490589e-03,8.217877603742000572e-05,4.211599994108654912e-05
6.860000000000000320e+00,-5.405869400247666386e-03,-3.646999422596201683e-03,8.040848866698223840e-05,4.120927946786887502e-05
6.877500000000000391e+00,-5.346890663441127532e-03,-3.606982272043644452e-03,7.867640556411372235e-05,4.032210481582908256e-05
6.895000000000000462e+00,-5.288547816468710562e-03,-3.567396642818420043e-03,7.698169983347495757e-05,3.945405367472224471e-05
6.912500000000000533e+00,-5.230834004915305320e-03,-3.528237882699930550e-03,7.532356255628978360e-05,3.860471289047108653e-05
6.930000000000000604e+00,-5.173742448233974514e-03,-3.489501389612144084e-03,7.370120239694419339e-05,3.777367826561898876e-05
6.947500000000000675e+00,-5.117266438950089473e-03,-3.451182611083240554e-03,7.211384521827947272e-05,3.696055436416498409e-05
6.965000000000000746e+00,-5.061399341874034570e-03,-3.413277043711083515e-03,7.056073370538468506e-05,3.616495432068420491e-05
6.982500000000000817e+00,-5.006134593322390976e-03,-3.375780232634453034e-03,6.904112699769793986e-05,3.538649965363779658e-05
7.000000000000000888e+00,-4.951465700347517339e-03,-3.338687771009963678e-03,6.755430032923040852e-05,3.462482008278011214e-05
7.017500000000000959e+00,-4.897386239975416375e-03,-3.301995299494629461e-03,6.609954467673126758e-05,3.387955335057185775e-05
7.035000000000001030e+00,-4.843889858451824910e-03,-3.265698505733998988e-03,6.467616641561566493e-05,3.315034504751030483e-05
7.052500000000001101e+00,-4.790970270496410291e-03,-3.229793123855808756e-03,6.328348698348235872e-05,3.243684844129020523e-05
7.070000000000000284e+00,-4.738621258565013303e-03,-3.194274933969089986e-03,6.192084255105108034e-05,3.173872430970976435e-05
7.087500000000000355e+00,-4.686836672119823119e-03,-3.159139761668666117e-03,6.058758370035365710e-05,3.105564077723918477e-05
7.105000000000000426e+00,-4.635610426907434828e-03,-3.124383477545004083e-03,5.928307511001777551e-05,3.038727315517090216e-05
7.122500000000000497e+00,-4.584936504244661176e-03,-3.090001996699333949e-03,5.800669524748358044e-05,2.973330378527164861e-05
7.140000000000000568e+00,-4.534808950312049954e-03,-3.055991278263995269e-03,5.675783606799955335e-05,2.909342188685904977e-05
7.157500000000000639e+00,-4.485221875455011609e-03,-3.022347324927949878e-03,5.553590272024590149e-05,2.846732340722719378e-05
7.175000000000000711e+00,-4.436169453492465158e-03,-2.989066182467416902e-03,5.434031325843781022e-05,2.785471087534684649e-05
7.192500000000000782e+00,-4.387645921032945137e-03,-2.956143939281554063e-03,5.317049836076405444e-05,2.725529325876818314e-05
7.210000000000000853e+00,-4.339645576798061184e-03,-2.923576725933144972e-03,5.202590105401990107e-05,2.666878582365482791e-05
7.227500000000000924e+00,-4.292162780953258198e-03,-2.891360714694239924e-03,5.090597644429625639e-05,2.609490999788049368e-05
7.245000000000000995e+00,-4.245191954445774740e-03,-2.859492119096683840e-03,4.981019145359029876e-05,2.553339323712025592e-05
7.262500000000001066e+00,-4.198727578349739815e-03,-2.827967193487495364e-03,4.873802456220577804e-05,2.498396889387040229e-05
7.280000000000001137e+00,-4.152764193218319577e-03,-2.796782232589031195e-03,4.768896555681425306e-05,2.444637608933242933e-05
7.297500000000000320e+00,-4.107296398442849758e-03,-2.765933571063897492e-03,4.666251528405135053e-05,2.392035958809752999e-05
7.315000000000000391e+00,-4.062318851618854955e-03,-2.735417583084531149e-03,4.565818540952481917e-05,2.340566967557012476e-05
7.332500000000000462e+00,-4.017826267918924409e-03,-2.705230681907447917e-03,4.467549818211484562e-05,2.290206203807018537e-05
7.350000000000000533e+00,-3.973813419472315908e-03,-2.675369319452048939e-03,4.371398620344806799e-05,2.240929764555478766e-05
7.367500000000000604e+00,-3.930275134751259197e-03,-2.645829985883978337e-03,4.277319220243119499e-05,2.192714263690148505e-05
7.385000000000000675e+00,-3.887206297963863907e-03,-2.616609209202979368e-03,4.185266881473169047e-05,2.145536820769712759e-05
7.402500000000000746e+00,-3.844601848453568262e-03,-2.587703554835175425e-03,4.095197836709572767e-05,2.099375050047671022e-05
7.420000000000000817e+00,-3.802456780105057006e-03,-2.559109625229754204e-03,4.007069266639623966e-05,2.054207049735845019e-05
7.437500000000000888e+00,-3.760766140756580025e-03,-2.530824059459989978e-03,3.920839279330612208e-05,2.010011391502217429e-05
7.455000000000000959e+00,-3.719525031618598800e-03,-2.502843532828576221e-03,3.836466890049415130e-05,1.966767110197966884e-05
7.472500000000001030e+00,-3.678728606698699558e-03,-2.475164756477200075e-03,3.753912001524341752e-05,1.924453693808640762e-05
7.490000000000001101e+00,-3.638372072232696781e-03,-2.447784477000336089e-03,3.673135384639430827e-05,1.883051073624540444e-05
7.507500000000000284e+00,-3.598450686121869822e-03,-2.420699476063184648e-03,3.594098659551636150e-05,1.842539614625484851e-05
7.525000000000000355e+00,-3.558959757376251986e-03,-2.393906570023738613e-03,3.516764277221520475e-05,1.802900106075258340e-05
7.542500000000000426e+00,-3.519894645563935182e-03,-2.367402609558931330e-03,3.441095501348363621e-05,1.764113752321136799e-05
7.560000000000000497e+00,-3.481250760266286527e-03,-2.341184479294787946e-03,3.367056390700668946e-05,1.726162163793950826e-05
7.577500000000000568e+00,-3.443023560539046086e-03,-2.315249097440590011e-03,3.294611781833378309e-05,1.689027348204325124e-05
7.595000000000000639e+00,-3.405208554379226399e-03,-2.289593415426959683e-03,3.223727272183232349e-05,1.652691701930750527e-05
7.612500000000000711e+00,-3.367801298197753510e-03,-2.264214417547861374e-03,3.154369203533924354e-05,1.617138001595297888e-05
7.630000000000000782e+00,-3.330797396297790081e-03,-2.239109120606448417e-03,3.086504645842878911e-05,1.582349395822844700e-05
7.647500000000000853e+00,-3.294192500358681178e-03,-2.214274573564734786e-03,3.020101381421669528e-05,1.548309397179788670e-05
7.665000000000000924e+00,-3.257982308925451605e-03,-2.189707857197039850e-03,2.955127889462277776e-05,1.515001874288316336e-05
7.682500000000000995e+00,-3.222162566903813159e-03,-2.165406083747164079e-03,2.891553330901552017e-05,1.482411044112355601e-05
7.700000000000001066e+00,-3.186729065060601128e-03,-2.141366396589264916e-03,2.829347533616413522e-05,1.450521464411479988e-05
7.717500000000001137e+00,-3.151677639529600582e-03,-2.117585969892381206e-03,2.768480977942515680e-05,1.419318026359051748e-05
7.735000000000000320e+00,-3.117004171322695222e-03,-2.094062008288583195e-03,2.708924782509224605e-05,1.388785947321024745e-05
7.752500000000000391e+00,-3.082704585846270280e-03,-2.070791746544679585e-03,2.650650690383938549e-05,1.358910763791858236e-05
7.770000000000000462e+00,-3.048774852422849076e-03,-2.047772449237492912e-03,2.593631055518969179e-05,1.329678324484145957e-05
7.787500000000000533e+00,-3.015210983817860884e-03,-2.025001410432601765e-03,2.537838829494266051e-05,1.301074783568543070e-05
7.805000000000000604e+00,-2.982009035771514965e-03,-2.002475953366569805e-03,2.483247548549511591e-05,1.273086594060731760e-05
7.822500000000000675e+00,-2.949165106535719602e-03,-1.980193430132584816e-03,2.429831320899202677e-05,1.245700501352194402e-05
7.840000000000000746e+00,-2.916675336415986731e-03,-1.958151221369494339e-03,2.377564814324489723e-05,1.218903536881646699e-05
7.857500000000000817e+00,-2.884535907318272301e-03,-1.936346735954189982e-03,2.326423244035686843e-05,1.192683011944054732e-05
7.875000000000000888e+00,-2.852743042300699000e-03,-1.914777410697304175e-03,2.276382360799503865e-05,1.167026511634226227e-05
7.892500000000000959e+00,-2.821293005130107168e-03,-1.893440710042191850e-03,2.227418439325169557e-05,1.141921888922024645e-05
7.910000000000001030e+00,-2.790182099843384854e-03,-1.872334125767155825e-03,2.179508266903767226e-05,1.117357258856337361e-05
7.927500000000001101e+00,-2.759406670313520240e-03,-1.851455176690874069e-03,2.132629132295207512e-05,1.093320992894974607e-05
7.945000000000001172e+00,-2.728963099820332604e-03,-1.830801408381017327e-03,2.086758814857403476e-05,1.069801713357757324e-05
7.962500000000000355e+00,-2.698847810625828059e-03,-1.810370392865990339e-03,2.041875573912332347e-05,1.046788288000078681e-05
7.980000000000000426e+00,-2.669057263554119788e-03,-1.790159728349789052e-03,1.997958138343759079e-05,1.024269824704330232e-05
7.997500000000000497e+00,-2.639587957575893241e-03,-1.770167038929936756e-03,1.954985696421582226e-05,1.002235666286612982e-05
8.015000000000000568e+00,-2.610436429397329158e-03,-1.750389974318442531e-03,1.912937885847772440e-05,9.806753854161875158e-06
8.032500000000000639e+00,-2.581599253053465728e-03,-1.730826209565782025e-03,1.871794784019082284e-05,9.595787796452334101e-06
8.050000000000000711e+00,-2.553073039505936170e-03,-1.711473444787848727e-03,1.831536898501755185e-05,9.389358665465089411e-06
8.067500000000000782e+00,-2.524854436245044416e-03,-1.692329404895854704e-03,1.792145157713586351e-05,9.187368789565512740e-06
8.085000000000000853e+00,-2.496940126896123394e-03,-1.673391839329140679e-03,1.753600901808791842e-05,8.989722603220981180e-06
8.102500000000000924e+00,-2.469326830830137313e-03,-1.654658521790866197e-03,1.715885873761236488e-05,8.796326601474902784e-06
8.120000000000000995e+00,-2.442011302778476344e-03,-1.636127249986543642e-03,1.678982210641677419e-05,8.607089295408416375e-06
8.137500000000001066e+00,-2.414990332451903785e-03,-1.617795845365398990e-03,1.642872435084767030e-05,8.421921168568379773e-06
8.155000000000001137e+00,-2.388260744163606293e-03,-1.599662152864516360e-03,1.607539446941663223e-05,8.240734634340392679e-06
8.172500000000001208e+00,-2.361819396456305963e-03,-1.581724040655736871e-03,1.572966515114181178e-05,8.063443994246433948e-06
8.190000000000001279e+00,-2.335663181733387862e-03,-1.563979399895297495e-03,1.539137269566508972e-05,7.889965397146740412e-06
8.207500000000001350e+00,-2.309789025894005716e-03,-1.546426144476158518e-03,1.506035693510603243e-05,7.720216799326413314e-06
8.225000000000001421e+00,-2.284193887972113274e-03,-1.529062210783005285e-03,1.473646115761460868e-05,7.554117925447348519e-06
8.242500000000001492e+00,-2.258874759779389702e-03,-1.511885557449890423e-03,1.441953203258553600e-05,7.391590230346644014e-06
8.260000000000001563e+00,-2.233828665552006505e-03,-1.494894165120493968e-03,1.410941953749786648e-05,7.232556861663128656e-06
8.277500000000001634e+00,-2.209052661601203921e-03,-1.478086036210960862e-03,1.380597688634427384e-05,7.076942623273802645e-06
8.294999999999999929e+00,-2.184543835967632953e-03,-1.461459194675304111e-03,1.350906045961533873e-05,6.924673939522780657e-06
8.312500000000000000e+00,-2.160299308079408846e-03,-1.445011685773325231e-03,1.321852973580461578e-05,6.775678820225178649e-06
8.330000000000000071e+00,-2.136316228413872535e-03,-1.428741575841052875e-03,1.293424722440172059e-05,6.629886826429420404e-06
8.347500000000000142e+00,-2.112591778162972462e-03,-1.412646952063646493e-03,1.265607840034030252e-05,6.487229036921146841e-06
8.365000000000000213e+00,-2.089123168902262424e-03,-1.396725922250749647e-03,1.238389163986957671e-05,6.347638015452724235e-06
8.382500000000000284e+00,-2.065907642263463840e-03,-1.380976614614269756e-03,1.211755815781813089e-05,6.211047778682584684e-06
8.400000000000000355e+00,-2.042942469610556019e-03,-1.365397177548553082e-03,1.185695194621962389e-05,6.077393764808909128e-06
8.417500000000000426e+00,-2.020224951719354085e-03,-1.349985779412928672e-03,1.160194971427066383e-05,5.946612802882485104e-06
8.435000000000000497e+00,-1.997752418460540733e-03,-1.334740608316598107e-03,1.135243082959174469e-05,5.818643082784082172e-06
8.452500000000000568e+00,-1.975522228486112798e-03,-1.319659871905847805e-03,1.110827726076283036e-05,5.693424125851833657e-06
8.470000000000000639e+00,-1.953531768919202719e-03,-1.304741797153555942e-03,1.086937352110574576e-05,5.570896756144472461e-06
8.487500000000000711e+00,-1.931778455047247810e-03,-1.289984630150964925e-03,1.063560661368619879e-05,5.451003072326597389e-06
8.505000000000000782e+00,-1.910259730018457449e-03,-1.275386635901707257e-03,1.040686597750879404e-05,5.333686420162502147e-06
8.522500000000000853e+00,-1.888973064541556732e-03,-1.260946098118048610e-03,1.018304343487903255e-05,5.218891365605270299e-06
8.540000000000000924e+00,-1.867915956588761701e-03,-1.246661319019329436e-03,9.964033139906871436e-06,5.106563668468211305e-06
8.557500000000000995e+00,-1.847085931101954698e-03,-1.232530619132581702e-03,9.749731528126905048e-06,4.996650256666034633e-06
8.575000000000001066e+00,-1.826480539702026026e-03,-1.218552337095299507e-03,9.540037267210862829e-06,4.889099201013312266e-06
8.592500000000001137e+00,-1.806097360401346134e-03,-1.204724829460331699e-03,9.334851208748618957e-06,4.783859690568147506e-06
8.610000000000001208e+00,-1.785933997319336022e-03,-1.191046470502883040e-03,9.134076341074399958e-06,4.680882008509231445e-06
8.627500000000001279e+00,-1.765988080401101595e-03,-1.177515652029600523e-03,8.937617743115439025e-06,4.580117508534687827e-06
8.645000000000001350e+00,-1.746257265139099018e-03,-1.164130783189713369e-03,8.745382539240800061e-06,4.481518591771328095e-06
8.662500000000001421e+00,-1.726739232297799190e-03,-1.150890290288216541e-03,8.557279855088589148e-06,4.385038684183326392e-06
8.680000000000001492e+00,-1.707431687641317508e-03,-1.137792616601068698e-03,8.373220774350237020e-06,4.290632214469374220e-06
8.697500000000001563e+00,-1.688332361663979434e-03,-1.124836222192383134e-03,8.193118296491025681e-06,4.198254592437778527e-06
8.715000000000001634e+00,-1.669439009323786310e-03,-1.112019583733593912e-03,8.016887295386467707e-06,4.107862187849108427e-06
8.732500000000001705e+00,-1.650749409778756033e-03,-1.099341194324572699e-03,7.844444478854619400e-06,4.019412309716216837e-06
8.750000000000000000e+00,-1.632261366126102177e-03,-1.086799563316677864e-03,7.675708349064817238e-06,3.932863186051777579e-06
8.767500000000000071e+00,-1.613972705144216648e-03,-1.074393216137708301e-03,7.510599163803698915e-06,3.848173944053514047e-06
8.785000000000000142e+00,-1.595881277037448920e-03,-1.062120694118756994e-03,7.349038898580085995e-06,3.765304590717791920e-06
8.802500000000000213e+00,-1.577984955183617038e-03,-1.049980554322927674e-03,7.190951209550164620e-06,3.684215993872116678e-06
8.820000000000000284e+00,-1.560281635884247118e-03,-1.037971369375898303e-03,7.036261397245351902e-06,3.604869863617529839e-06
8.837500000000000355e+00,-1.542769238117502753e-03,-1.026091727298319252e-03,6.884896371085313582e-06,3.527228734172028289e-06
8.855000000000000426e+00,-1.525445703293775053e-03,-1.014340231340021868e-03,6.736784614659060996e-06,3.451255946106276337e-06
8.872500000000000497e+00,-1.508308995013905992e-03,-1.002715499816011222e-03,6.591856151757451816e-06,3.376915628963109663e-06
8.890000000000000568e+00,-1.491357098830017316e-03,-9.912161659442382273e-04,6.450042513140727353e-06,3.304172684252520501e-06
8.907500000000000639e+00,-1.474588022008913989e-03,-9.798408776851166933e-04,6.311276704025153722e-06,3.232992768813990856e-06
8.925000000000000711e+00,-1.457999793298038558e-03,-9.685882975827813778e-04,6.175493172273100155e-06,3.163342278538195107e-06
8.942500000000000782e+00,-1.441590462693945413e-03,-9.574571026080550733e-04,6.042627777271301934e-06,3.095188332440286086e-06
8.960000000000000853e+00,-1.425358101213270020e-03,-9.464459840031138769e-04,5.912617759482339191e-06,3.028498757077157010e-06
8.977500000000000924e+00,-1.409300800666164494e-03,-9.355536471278332999e-04,5.785401710654714302e-06,2.963242071301212644e-06
8.995000000000000995e+00,-1.393416673432174577e-03,-9.247788113077915796e-04,5.660919544677229990e-06,2.899387471343383460e-06
9.012500000000001066e+00,-1.377703852238531569e-03,-9.141202096839203288e-04,5.539112469063662424e-06,2.836904816218210085e-06
9.030000000000001137e+00,-1.362160489940830374e-03,-9.035765890637744401e-04,5.419922957054063290e-06,2.775764613444063825e-06
9.047500000000001208e+00,-1.346784759306073271e-03,-8.931467097744125736e-04,5.303294720319284006e-06,2.715938005071636351e-06
9.065000000000001279e+00,-1.331574852798047539e-03,-8.828293455168710960e-04,5.189172682255646421e-06,2.657396754014083660e-06
9.082500000000001350e+00,-1.316528982365017426e-03,-8.726232832222067517e-04,5.077502951856938464e-06,2.600113230672208548e-06
9.100000000000001421e+00,-1.301645379229702908e-03,-8.625273229091000434e-04,4.968232798151213061e-06,2.544060399848379673e-06
9.117500000000001492e+00,-1.286922293681518796e-03,-8.525402775429948184e-04,4.861310625190132053e-06,2.489211807942859879e-06
9.135000000000001563e+00,-1.272357994871054247e-03,-8.426609728967657123e-04,4.756685947578867902e-06,2.435541570426501035e-06
9.152500000000001634e+00,-1.257950770606765115e-03,-8.328882474128909003e-04,4.654309366534836873e-06,2.383024359583763934e-06
9.170000000000001705e+00,-1.243698927153856189e-03,-8.232209520671142150e-04,4.554132546463797392e-06,2.331635392520232283e-06
9.187500000000000000e+00,-1.229600789035330743e-03,-8.136579502335886116e-04,4.456108192042090400e-06,2.281350419428946075e-06
9.205000000000000071e+00,-1.215654698835177700e-03,-8.041981175514705113e-04,4.360190025794007745e-06,2.232145712109836876e-06
9.222500000000000142e+00,-1.201859017003690557e-03,-7.948403417929674093e-04,4.266332766153675264e-06,2.183998052736929990e-06
9.240000000000000213e+00,-1.188212121664871876e-03,-7.855835227328094748e-04,4.174492106000773728e-06,2.136884722867857766e-06
9.257500000000000284e+00,-1.174712408425916416e-03,-7.764265720191323474e-04,4.084624691659954418e-06,2.090783492690447260e-06
9.275000000000000355e+00,-1.161358290188747519e-03,-7.673684130457651686e-04,3.996688102353854400e-06,2.045672610501315727e-06
9.292500000000000426e+00,-1.148148196963581173e-03,-7.584079808258942495e-04,3.910640830099878284e-06,2.001530792411379885e-06
9.310000000000000497e+00,-1.135080575684500404e-03,-7.495442218671037821e-04,3.826442260041140281e-06,1.958337212273440284e-06
9.327500000000000568e+00,-1.122153890027014194e-03,-7.407760940477624810e-04,3.744052651202150924e-06,1.916071491826972864e-06
9.345000000000000639e+00,-1.109366620227582268e-03,-7.321025664947574535e-04,3.663433117660055619e-06,1.874713691055485348e-06
9.362500000000000711e+00,-1.096717262905083428e-03,-7.235226194625476526e-04,3.584545610122410459e-06,1.834244298751819793e-06
9.380000000000000782e+00,-1.084204330884207257e-03,-7.150352442135333346e-04,3.507352897902702279e-06,1.794644223286890643e-06
9.397500000000000853e+00,-1.071826353020746865e-03,-7.066394428997221141e-04,3.431818551284988860e-06,1.755894783577498403e-06
9.415000000000000924e+00,-1.059581874028773813e-03,-6.983342284456765456e-04,3.357906924269237246e-06,1.717977700248871730e-06
9.432500000000000995e+00,-1.047469454309674823e-03,-6.901186244327346675e-04,3.285583137689116850e-06,1.680875086987769922e-06
9.450000000000001066e+00,-1.035487669783028818e-03,-6.819916649844861602e-04,3.214813062694178085e-06,1.644569442081993851e-06
9.467500000000001137e+00,-1.023635111719305418e-03,-6.739523946534914335e-04,3.145563304588536576e-06,1.609043640142299083e-06
9.485000000000001208e+00,-1.011910386574365597e-03,-6.659998683092337775e-04,3.077801187018334620e-06,1.574280924002765936e-06
9.502500000000001279e+00,-1.000312115825744341e-03,-6.581331510272838683e-04,3.011494736500439615e-06,1.540264896795751272e-06
9.520000000000001350e+00,-9.888389358106962086e-04,-6.503513179796745680e-04,2.946612667284990779e-06,1.506979514197681763e-06
9.537500000000001421e+00,-9.774894975659849470e-04,-6.426534543264629269e-04,2.883124366544566859e-06,1.474409076841975858e-06
9.555000000000001492e+00,-9.662624666693982872e-04,-6.350386551084727729e-04,2.820999879882912687e-06,1.442538222895483981e-06
9.572500000000001563e+00,-9.551565230829693826e-04,-6.275060251412044451e-04,2.760209897156303058e-06,1.411351920794927105e-06
9.590000000000001634e+00,-9.441703609978863501e-04,-6.200546789098996354e-04,2.700725738600788838e-06,1.380835462139873593e-06
9.607500000000001705e+00,-9.333026886810714831e-04,-6.126837404657463782e-04,2.642519341258698969e-06,1.350974454738862754e-06
9.625000000000001776e+00,-9.225522283234130049e-04,-6.053923433232152960e-04,2.585563245697932958e-06,1.321754815805382944e-06
9.642500000000000071e+00,-9.119177158896310401e-04,-5.981796303585163680e-04,2.529830583017711869e-06,1.293162765300463436e-06
9.660000000000000142e+00,-9.013979009697553613e-04,-5.910447537091554054e-04,2.475295062134560843e-06,1.265184819418694383e-06
9.677500000000000213e+00,-8.909915466322125251e-04,-5.839868746745973879e-04,2.421930957342547760e-06,1.237807784214632537e-06
9.695000000000000284e+00,-8.806974292784841259e-04,-5.770051636180012098e-04,2.369713096141731922e-06,1.211018749366487931e-06
9.712500000000000355e+00,-8.705143384993348655e-04,-5.700987998690334232e-04,2.318616847329115859e-06,1.184805082074185349e-06
9.730000000000000426e+00,-8.604410769325875627e-04,-5.632669716277411386e-04,2.268618109346380694e-06,1.159154421088877470e-06
9.747500000000000497e+00,-8.504764601224287313e-04,-5.565088758694751924e-04,2.219693298878868408e-06,1.134054670871069803e-06
9.765000000000000568e+00,-8.406193163802290046e-04,-5.498237182508521970e-04,2.171819339700375611e-06,1.109493995874595033e-06
9.782500000000000639e+00,-8.308684866468618200e-04,-5.432107130167449557e-04,2.124973651758448771e-06,1.085460814953702316e-06
9.800000000000000711e+00,-8.212228243565032311e-04,-5.366690829082879088e-04,2.079134140494979260e-06,1.061943795890621786e-06
9.817500000000000782e+00,-8.116811953018987546e-04,-5.301980590718944654e-04,2.034279186397016029e-06,1.038931850040996858e-06
9.835000000000000853e+00,-8.022424775010793610e-04,-5.237968809692650782e-04,1.990387634772821708e-06,1.016414127094633508e-06
9.852500000000000924e+00,-7.929055610655125165e-04,-5.174647962883858468e-04,1.947438785748302535e-06,9.943800099490978438e-07
9.870000000000000995e+00,-7.836693480696715767e-04,-5.112010608554996491e-04,1.905412384479054127e-06,9.728191096937072741e-07
9.887500000000001066e+00,-7.745327524220093317e-04,-5.050049385480454662e-04,1.864288611573360801e-06,9.517212607015451582e-07
9.905000000000001137e+00,-7.654946997373194379e-04,-4.988757012085526720e-04,1.824048073721597350e-06,9.310765158271670675e-07
9.922500000000001208e+00,-7.565541272104717510e-04,-4.928126285594797715e-04,1.784671794527568332e-06,9.108751417077120853e-07
9.940000000000001279e+00,-7.477099834915055133e-04,-4.868150081189927085e-04,1.746141205537428397e-06,8.911076141652000291e-07
9.957500000000001350e+00,-7.389612285620670608e-04,-4.808821351176656130e-04,1.708438137461912248e-06,8.717646137078200353e-07
9.975000000000001421e+00,-7.303068336131763282e-04,-4.750133124161023609e-04,1.671544811587704102e-06,8.528370211280878447e-07
9.992500000000001492e+00,-7.217457809243088161e-04,-4.692078504234646901e-04,1.635443831373858650e-06,8.343159131957717803e-07
1.001000000000000156e+01,-7.132770637437774088e-04,-4.634650670168964084e-04,1.600118174229278694e-06,8.161925584435518929e-07
1.002750000000000163e+01,-7.048996861704021153e-04,-4.577842874618401727e-04,1.565551183467341471e-06,7.984584130434038522e-07
1.004500000000000171e+01,-6.966126630364509291e-04,-4.521648443332337711e-04,1.531726560433847821e-06,7.811051167717637493e-07
1.006250000000000178e+01,-6.884150197918409647e-04,-4.466060774375760450e-04,1.498628356804553066e-06,7.641244890615498815e-07
1.008000000000000185e+01,-6.803057923895842584e-04,-4.411073337358565943e-04,1.466240967048617672e-06,7.475085251391663992e-07
1.009750000000000014e+01,-6.722840271724659809e-04,-4.356679672673407014e-04,1.434549121054402999e-06,7.312493922446755300e-07
1.011500000000000021e+01,-6.643487807609377164e-04,-4.302873390741941868e-04,1.403537876914082968e-06,7.153394259333102712e-07
1.013250000000000028e+01,-6.564991199422234207e-04,-4.249648171269528041e-04,1.373192613863698564e-06,6.997711264566243779e-07
1.015000000000000036e+01,-6.487341215606100883e-04,-4.196997762508138932e-04,1.343499025375231245e-06,6.845371552215114675e-07
1.016750000000000043e+01,-6.410528724089212824e-04,-4.144915980527488840e-04,1.314443112397466580e-06,6.696303313254462887e-07
1.018500000000000050e+01,-6.334544691211566178e-04,-4.093396708494305230e-04,1.286011176742414998e-06,6.550436281663007839e-07
1.020250000000000057e+01,-6.259380180662848332e-04,-4.042433895959610547e-04,1.258189814614155617e-06,6.407701701251206044e-07
1.022000000000000064e+01,-6.185026352431788549e-04,-3.992021558153973455e-04,1.230965910277026947e-06,6.268032293202936916e-07
1.023750000000000071e+01,-6.111474461766787554e-04,-3.942153775290633015e-04,1.204326629860160462e-06,6.131362224315736660e-07
1.025500000000000078e+01,-6.038715858147725244e-04,-3.892824691876438327e-04,1.178259415295414664e-06,5.997627075924509393e-07
1.027250000000000085e+01,-5.966741984268804496e-04,-3.844028516030500108e-04,1.152751978385832055e-06,5.866763813494018428e-07
1.029000000000000092e+01,-5.895544375032332404e-04,-3.795759518810491858e-04,1.127792295001804315e-06,5.738710756865671328e-07
1.030750000000000099e+01,-5.825114656553292579e-04,-3.748012033546541523e-04,1.103368599402190315e-06,5.613407551144639644e-07
1.032500000000000107e+01,-5.755444545174626114e-04,-3.700780455182606319e-04,1.079469378677691246e-06,5.490795138213367975e-07
1.034250000000000114e+01,-5.686525846493070517e-04,-3.654059239625287903e-04,1.056083367313848420e-06,5.370815728858100896e-07
1.036000000000000121e+01,-5.618350454395467687e-04,-3.607842903100000049e-04,1.033199541871081738e-06,5.253412775495127217e-07
1.037750000000000128e+01,-5.550910350105411938e-04,-3.562126021514427053e-04,1.010807115779246806e-06,5.138530945483907947e-07
1.039500000000000135e+01,-5.484197601240132884e-04,-3.516903229829198034e-04,9.888955342442390586e-07,5.026116095014385670e-07
1.041250000000000142e+01,-5.418204360877496104e-04,-3.472169221435717520e-04,9.674544692642310371e-07,4.916115243556162634e-07
1.043000000000000149e+01,-5.352922866633019663e-04,-3.427918747541051480e-04,9.464738147531782513e-07,4.808476548857360873e-07
1.044750000000000156e+01,-5.288345439746792651e-04,-3.384146616559870961e-04,9.259436817692797204e-07,4.703149282481464711e-07
1.046500000000000163e+01,-5.224464484180181903e-04,-3.340847693513304272e-04,9.058543938461332155e-07,4.600083805870411613e-07
1.048250000000000171e+01,-5.161272485722229316e-04,-3.298016899434697696e-04,8.861964824243680905e-07,4.499231546922710820e-07
1.050000000000000178e+01,-5.098762011105637849e-04,-3.255649210782186084e-04,8.669606823815924865e-07,4.400544977075438069e-07
1.051750000000000185e+01,-5.036925707132224777e-04,-3.213739658858034824e-04,8.481379276585338322e-07,4.303977588879328424e-07
1.053500000000000014e+01,-4.975756299807757629e-04,-3.172283329234661044e-04,8.297193469793018578e-07,4.209483874056234778e-07
1.055250000000000021e+01,-4.915246593486037293e-04,-3.131275361187290133e-04,8.116962596637348894e-07,4.117019302028668001e-07
1.057000000000000028e+01,-4.855389470022204962e-04,-3.090710947133214507e-04,7.940601715298703436e-07,4.026540298911278144e-07
1.058750000000000036e+01,-4.796177887935063142e-04,-3.050585332077538616e-04,7.768027708845636111e-07,3.938004226954205494e-07
1.060500000000000043e+01,-4.737604881578394455e-04,-3.010893813065396098e-04,7.599159246003793641e-07,3.851369364428705105e-07
1.062250000000000050e+01,-4.679663560321151378e-04,-2.971631738640561553e-04,7.433916742768887433e-07,3.766594885945433128e-07
1.064000000000000057e+01,-4.622347107736417184e-04,-2.932794508310418457e-04,7.272222324845523639e-07,3.683640843196184487e-07
1.065750000000000064e+01,-4.565648780799050799e-04,-2.894377572017211653e-04,7.113999790894123819e-07,3.602468146109864080e-07
1.067500000000000071e+01,-4.509561909091914741e-04,-2.856376429615528579e-04,6.959174576568491564e-07,3.523038544413836303e-07
1.069250000000000078e+01,-4.454079894020589658e-04,-2.818786630355974007e-04,6.807673719327029378e-07,3.445314609591933750e-07
1.071000000000000085e+01,-4.399196208036494139e-04,-2.781603772374970519e-04,6.659425824000891722e-07,3.369259717230567942e-07
1.072750000000000092e+01,-4.344904393868301382e-04,-2.744823502190640277e-04,6.514361029102813311e-07,3.294838029744609914e-07
1.074500000000000099e+01,-4.291198063761575746e-04,-2.708441514204701947e-04,6.372410973860611163e-07,3.222014479474844585e-07
1.076250000000000107e+01,-4.238070898726527800e-04,-2.672453550210367591e-04,6.233508765959786629e-07,3.150754752149054240e-07
1.078000000000000114e+01,-4.185516647793808740e-04,-2.636855398906152266e-04,6.097588949979924695e-07,3.081025270698859564e-07
1.079750000000000121e+01,-4.133529127278246580e-04,-2.601642895415573540e-04,5.964587476509960552e-07,3.012793179424699684e-07
1.081500000000000128e+01,-4.082102220050441189e-04,-2.566811920812686739e-04,5.834441671927678807e-07,2.946026328501453396e-07
1.083250000000000135e+01,-4.031229874816132509e-04,-2.532358401653399520e-04,5.707090208829153789e-07,2.880693258817369438e-07
1.085000000000000142e+01,-3.980906105403251975e-04,-2.498278309512551158e-04,5.582473077094106185e-07,2.816763187139157400e-07
1.086750000000000149e+01,-3.931124990056576902e-04,-2.464567660526670876e-04,5.460531555573511262e-07,2.754205991596206222e-07
1.088500000000000156e+01,-3.881880670739899482e-04,-2.431222514942406017e-04,5.341208184386026833e-07,2.692992197477088930e-07
1.090250000000000163e+01,-3.833167352445630686e-04,-2.398238976670560689e-04,5.224446737810145862e-07,2.633092963331614911e-07
1.092000000000000171e+01,-3.784979302511756153e-04,-2.365613192845714521e-04,5.110192197759235835e-07,2.574480067371895943e-07
1.093750000000000178e+01,-3.737310849946057310e-04,-2.333341353391366795e-04,4.998390727826922482e-07,2.517125894165973164e-07
1.095500000000000185e+01,-3.690156384757527263e-04,-2.301419690590584795e-04,4.888989647890512567e-07,2.461003421617726354e-07
1.097250000000000192e+01,-3.643510357294890917e-04,-2.269844478662096207e-04,4.781937409260465994e-07,2.406086208226914492e-07
1.099000000000000021e+01,-3.597367277592162659e-04,-2.238612033341815541e-04,4.677183570364149301e-07,2.352348380623327010e-07
1.100750000000000028e+01,-3.551721714721129916e-04,-2.207718711469733286e-04,4.574678772952304298e-07,2.299764621369141169e-07
1.102500000000000036e+01,-3.506568296150757726e-04,-2.177160910582178919e-04,4.474374718817141550e-07,2.248310157023779160e-07
1.104250000000000043e+01,-3.461901707113346259e-04,-2.146935068509374541e-04,4.376224147010824395e-07,2.197960746465559936e-07
1.106000000000000050e+01,-3.417716689977429363e-04,-2.117037662978271022e-04,4.280180811553728592e-07,2.148692669464646911e-07
1.107750000000000057e+01,-3.374008043627314932e-04,-2.087465211220635483e-04,4.186199459621863731e-07,2.100482715501933541e-07
1.109500000000000064e+01,-3.330770622849199883e-04,-2.058214269586358658e-04,4.094235810203157042e-07,2.053308172828550577e-07
1.111250000000000071e+01,-3.287999337723777871e-04,-2.029281433161930119e-04,4.004246533212498176e-07,2.007146817760827828e-07
1.113000000000000078e+01,-3.245689153025275238e-04,-2.000663335394083781e-04,3.916189229055666455e-07,1.961976904205673512e-07
1.114750000000000085e+01,-3.203835087626835513e-04,-1.972356647718564635e-04,3.830022408632478589e-07,1.917777153411431914e-07
1.116500000000000092e+01,-3.162432213912187403e-04,-1.944358079193987177e-04,3.745705473769695489e-07,1.874526743939330668e-07
1.118250000000000099e+01,-3.121475657193521465e-04,-1.916664376140778461e-04,3.663198698074440718e-07,1.832205301850867168e-07
1.120000000000000107e+01,-3.080960595135501744e-04,-1.889272321785154837e-04,3.582463208199064657e-07,1.790792891106422505e-07
1.121750000000000114e+01,-3.040882257185353811e-04,-1.862178735908129659e-04,3.503460965508611375e-07,1.750270004170621053e-07
1.123500000000000121e+01,-3.001235924008946281e-04,-1.835380474499513203e-04,3.426154748142202408e-07,1.710617552819986406e-07
1.125250000000000128e+01,-2.962016926932808871e-04,-1.808874429416894487e-04,3.350508133459868699e-07,1.671816859148551036e-07
1.127000000000000135e+01,-2.923220647392012748e-04,-1.782657528049570045e-04,3.276485480866523964e-07,1.633849646767185026e-07
1.128750000000000142e+01,-2.884842516383848100e-04,-1.756726732987411502e-04,3.204051915004958543e-07,1.596698032192493431e-07
1.130500000000000149e+01,-2.846878013927232800e-04,-1.731079041694651643e-04,3.133173309309914403e-07,1.560344516421214640e-07
1.132250000000000156e+01,-2.809322668527786571e-04,-1.705711486188555073e-04,3.063816269915454932e-07,1.524771976686139233e-07
1.134000000000000163e+01,-2.772172056648503427e-04,-1.680621132722980265e-04,2.995948119908032703e-07,1.489963658389679695e-07
1.135750000000000171e+01,-2.735421802185959510e-04,-1.655805081476807228e-04,2.929536883917805550e-07,1.455903167211278559e-07
1.137500000000000178e+01,-2.699067575951993978e-04,-1.631260466247192592e-04,2.864551273040913832e-07,1.422574461384917707e-07
1.139250000000000185e+01,-2.663105095160793554e-04,-1.606984454147691399e-04,2.800960670085599036e-07,1.389961844143125757e-07
1.141000000000000192e+01,-2.627530122921325454e-04,-1.582974245311170533e-04,2.738735115135184698e-07,1.358049956323875713e-07
1.142750000000000021e+01,-2.592338467735053617e-04,-1.559227072597561478e-04,2.677845291421098914e-07,1.326823769136932067e-07
1.144500000000000028e+01,-2.557525982998858582e-04,-1.535740201306384117e-04,2.618262511499233117e-07,1.296268577086200716e-07
1.146250000000000036e+01,-2.523088566513150672e-04,-1.512510928894093864e-04,2.559958703723183775e-07,1.266369991044786494e-07
1.148000000000000043e+01,-2.489022159995049675e-04,-1.489536584696184390e-04,2.502906399007870230e-07,1.237113931479451946e-07
1.149750000000000050e+01,-2.455322748596616353e-04,-1.466814529654089021e-04,2.447078717877357492e-07,1.208486621821326677e-07
1.151500000000000057e+01,-2.421986360428060440e-04,-1.444342156046837984e-04,2.392449357790731894e-07,1.180474581979713912e-07
1.153250000000000064e+01,-2.389009066085868755e-04,-1.422116887227492662e-04,2.338992580740037384e-07,1.153064621995958052e-07
1.155000000000000071e+01,-2.356386978185793786e-04,-1.400136177364346259e-04,2.286683201114418643e-07,1.126243835834389174e-07
1.156750000000000078e+01,-2.324116250900642587e-04,-1.378397511186876530e-04,2.235496573824730023e-07,1.099999595307397167e-07
1.158500000000000085e+01,-2.292193079502812848e-04,-1.356898403736474419e-04,2.185408582683000012e-07,1.074319544131807367e-07
1.160250000000000092e+01,-2.260613699911515973e-04,-1.335636400121928825e-04,2.136395629031256117e-07,1.049191592113744605e-07
1.162000000000000099e+01,-2.229374388244628074e-04,-1.314609075279678328e-04,2.088434620614339706e-07,1.024603909459245774e-07
1.163750000000000107e+01,-2.198471460375119556e-04,-1.293814033738835303e-04,2.041502960691449142e-07,1.000544921207957145e-07
1.165500000000000114e+01,-2.167901271491998768e-04,-1.273248909390985140e-04,1.995578537381263366e-07,9.770033017873001411e-08
1.167250000000000121e+01,-2.137660215665720682e-04,-1.252911365264761632e-04,1.950639713235615098e-07,9.539679696845233265e-08
1.169000000000000128e+01,-2.107744725418003652e-04,-1.232799093305221594e-04,1.906665315036777547e-07,9.314280822341745408e-08
1.170750000000000135e+01,-2.078151271295996009e-04,-1.212909814158010565e-04,1.863634623813551913e-07,9.093730305185052920e-08
1.172500000000000142e+01,-2.048876361450746651e-04,-1.193241276958340751e-04,1.821527365071426851e-07,8.877924343784403439e-08
1.174250000000000149e+01,-2.019916541219915419e-04,-1.173791259124791215e-04,1.780323699232198592e-07,8.666761375327529843e-08
1.176000000000000156e+01,-1.991268392714677432e-04,-1.154557566157946599e-04,1.740004212278529364e-07,8.460142028031704969e-08
1.177750000000000163e+01,-1.962928534410765817e-04,-1.135538031443883992e-04,1.700549906599022859e-07,8.257969074431473353e-08
1.179500000000000171e+01,-1.934893620743599455e-04,-1.116730516062528264e-04,1.661942192029486304e-07,8.060147385681375926e-08
1.181250000000000178e+01,-1.907160341707443403e-04,-1.098132908600902316e-04,1.624162877086147129e-07,7.866583886852127887e-08
1.183000000000000185e+01,-1.879725422458552141e-04,-1.079743124971271401e-04,1.587194160386678021e-07,7.677187513199284376e-08
1.184750000000000192e+01,-1.852585622922240337e-04,-1.061559108234229391e-04,1.551018622254972540e-07,7.491869167383924850e-08
1.186500000000000199e+01,-1.825737737403832352e-04,-1.043578828426733871e-04,1.515619216505702416e-07,7.310541677625347666e-08
1.188250000000000028e+01,-1.799178594203443033e-04,-1.025800282395120171e-04,1.480979262404778716e-07,7.133119756766171350e-08
1.190000000000000036e+01,-1.772905055234519345e-04,-1.008221493633114916e-04,1.447082436801885622e-07,6.959519962230592404e-08
1.191750000000000043e+01,-1.746914015646135231e-04,-9.908405121248980377e-05,1.413912766431427670e-07,6.789660656857318451e-08
1.193500000000000050e+01,-1.721202403448937254e-04,-9.736554141932210905e-05,1.381454620378171944e-07,6.623461970588577723e-08
1.195250000000000057e+01,-1.695767179144726114e-04,-9.566643023526225401e-05,1.349692702704076674e-07,6.460845762997499271e-08
1.197000000000000064e+01,-1.670605335359615215e-04,-9.398653051677809524e-05,1.318612045232795286e-07,6.301735586636253533e-08
1.198750000000000071e+01,-1.645713896480714786e-04,-9.232565771170349453e-05,1.288198000488448701e-07,6.146056651188039084e-08
1.200500000000000078e+01,-1.621089918296293318e-04,-9.068362984611121915e-05,1.258436234785319061e-07,5.993735788405896821e-08
1.202250000000000085e+01,-1.596730487639369403e-04,-8.906026751171041973e-05,1.229312721465200088e-07,5.844701417822306921e-08
1.204000000000000092e+01,-1.572632722034683042e-04,-8.745539385377356474e-05,1.200813734279196733e-07,5.698883513213451130e-08
1.205750000000000099e+01,-1.548793769349000600e-04,-8.586883455959673462e-05,1.172925840910848177e-07,5.556213569802548356e-08
1.207500000000000107e+01,-1.525210807444701366e-04,-8.430041784749812755e-05,1.145635896637500894e-07,5.416624572187055349e-08
1.209250000000000114e+01,-1.501881043836603179e-04,-8.274997445635988587e-05,1.118931038126932633e-07,5.280050962974826030e-08
1.211000000000000121e+01,-1.478801715351973423e-04,-8.121733763571772934e-05,1.092798677366290223e-07,5.146428612114608191e-08
1.212750000000000128e+01,-1.455970087793682325e-04,-7.970234313640511706e-05,1.067226495720461290e-07,5.015694786906816863e-08
1.214500000000000135e+01,-1.433383455606450558e-04,-7.820482920175570579e-05,1.042202438117067872e-07,4.887788122680487826e-08
1.216250000000000142e+01,-1.411039141546139664e-04,-7.672463655937117907e-05,1.017714707355322460e-07,4.762648594123013618e-08
1.218000000000000149e+01,-1.388934496352044624e-04,-7.526160841346046435e-05,9.937517585360516953e-08,4.640217487249345078e-08
1.219750000000000156e+01,-1.367066898422137093e-04,-7.381559043775605747e-05,9.703022936102414255e-08,4.520437371997712052e-08
1.221500000000000163e+01,-1.345433753491213479e-04,-7.238643076901446103e-05,9.473552560435221715e-08,4.403252075439274253e-08
1.223250000000000171e+01,-1.324032494311901792e-04,-7.097398000110744518e-05,9.248998255940593353e-08,4.288606655589318364e-08
1.225000000000000178e+01,-1.302860580338480374e-04,-6.957809117971131365e-05,9.029254132013705784e-08,4.176447375807988096e-08
1.226750000000000185e+01,-1.281915497413462423e-04,-6.819861979760149346e-05,8.814216559836438856e-08,4.066721679778832327e-08
1.228500000000000192e+01,-1.261194757456898081e-04,-6.683542379056001050e-05,8.603784123411787986e-08,3.959378167053668878e-08
1.230250000000000199e+01,-1.240695898158349336e-04,-6.548836353390392840e-05,8.397857571636235963e-08,3.854366569152557951e-08
1.232000000000000028e+01,-1.220416482671495077e-04,-6.415730183964313965e-05,8.196339771387341386e-08,3.751637726208064385e-08
1.233750000000000036e+01,-1.200354099311302312e-04,-6.284210395427496283e-05,7.999135661604069563e-08,3.651143564142987870e-08
1.235500000000000043e+01,-1.180506361253754887e-04,-6.154263755722667265e-05,7.806152208338360512e-08,3.552837072371477478e-08
1.237250000000000050e+01,-1.160870906238046591e-04,-6.025877275995252219e-05,7.617298360756087215e-08,3.456672282013092127e-08
1.239000000000000057e+01,-1.141445396271228090e-04,-5.899038210569592310e-05,7.432485008066786829e-08,3.362604244610150169e-08
1.240750000000000064e+01,-1.122227517335244252e-04,-5.773734056992703645e-05,7.251624937361472093e-08,3.270589011338713228e-08
1.242500000000000071e+01,-1.103214979096322693e-04,-5.649952556146473217e-05,7.074632792338473404e-08,3.180583612703814806e-08
1.244250000000000078e+01,-1.084405514616663691e-04,-5.527681692429457251e-05,6.901425032897580979e-08,3.092546038709837316e-08
1.246000000000000085e+01,-1.065796880068386180e-04,-5.406909694009262465e-05,6.731919895583211819e-08,3.006435219497184055e-08
1.247750000000000092e+01,-1.047386854449683889e-04,-5.287625033146669661e-05,6.566037354857674257e-08,2.922211006436558090e-08
1.249500000000000099e+01,-1.029173239303145964e-04,-5.169816426592663820e-05,6.403699085186029033e-08,2.839834153672475315e-08
1.251250000000000107e+01,-1.011153858436192858e-04,-5.053472836059534851e-05,6.244828423914366130e-08,2.759266300107816319e-08
1.253000000000000114e+01,-9.933265576435837310e-05,-4.938583468767302614e-05,6.089350334923742769e-08,2.680469951821505572e-08
1.254750000000000121e+01,-9.756892044319475147e-05,-4.825137778066702199e-05,5.937191373042321107e-08,2.603408464911534827e-08
1.256500000000000128e+01,-9.582396877462900648e-05,-4.713125464140065061e-05,5.788279649198633962e-08,2.528046028755862609e-08
1.258250000000000135e+01,-9.409759176984317409e-05,-4.602536474781432981e-05,5.642544796299233103e-08,2.454347649683898040e-08
1.260000000000000142e+01,-9.238958252973275651e-05,-4.493361006257288548e-05,5.499917935814288352e-08,2.382279135051480724e-08
1.261750000000000149e+01,-9.069973621812229365e-05,-4.385589504249368564e-05,5.360331645055053775e-08,2.311807077712518210e-08
1.263500000000000156e+01,-8.902785003515961096e-05,-4.279212664880984048e-05,5.223719925127407121e-08,2.242898840880603392e-08
1.265250000000000163e+01,-8.737372319088425798e-05,-4.174221435828412842e-05,5.090018169545991583e-08,2.175522543374203818e-08
1.267000000000000171e+01,-8.573715687896500107e-05,-4.070607017518918620e-05,4.959163133493766218e-08,2.109647045239145296e-08
1.268750000000000178e+01,-8.411795425060183029e-05,-3.968360864417021916e-05,4.831092903712088356e-08,2.045241933742388736e-08
1.270500000000000185e+01,-8.251592038858743890e-05,-3.867474686400687432e-05,4.705746869006700804e-08,1.982277509731270294e-08
1.272250000000000192e+01,-8.093086228152348617e-05,-3.767940450229106768e-05,4.583065691355301029e-08,1.920724774352537604e-08
1.274000000000000199e+01,-7.936258879818652086e-05,-3.669750381103891281e-05,4.462991277602611740e-08,1.860555416125781958e-08
1.275750000000000206e+01,-7.781091066203891669e-05,-3.572896964325504641e-05,4.345466751729154820e-08,1.801741798366033347e-08
1.277500000000000036e+01,-7.627564042587971053e-05,-3.477372947046728776e-05,4.230436427680169473e-08,1.744256946950455686e-08
1.279250000000000043e+01,-7.475659244662969196e-05,-3.383171340125128992e-05,4.117845782741300064e-08,1.688074538424267817e-08
1.281000000000000050e+01,-7.325358286024780325e-05,-3.290285420076597908e-05,4.007641431448152945e-08,1.633168888441354692e-08
1.282750000000000057e+01,-7.176642955677085378e-05,-3.198708731131817283e-05,3.899771100016638248e-08,1.579514940534959354e-08
1.284500000000000064e+01,-7.029495215547366222e-05,-3.108435087397923367e-05,3.794183601281665790e-08,1.527088255214260591e-08
1.286250000000000071e+01,-6.883897198014351430e-05,-3.019458575127429659e-05,3.690828810131701997e-08,1.475864999382773637e-08
1.288000000000000078e+01,-6.739831203446412496e-05,-2.931773555096656126e-05,3.589657639427026984e-08,1.425821936074637711e-08
1.289750000000000085e+01,-6.597279697750341285e-05,-2.845374665095974553e-05,3.490622016389688399e-08,1.376936414505120688e-08
1.291500000000000092e+01,-6.456225309930031678e-05,-2.760256822534182104e-05,3.393674859453368348e-08,1.329186360431822231e-08
1.293250000000000099e+01,-6.316650829654490767e-05,-2.676415227159423225e-05,3.298770055561555744e-08,1.282550266823246984e-08
1.295000000000000107e+01,-6.178539204834656488e-05,-2.593845363899188795e-05,3.205862437902610314e-08,1.237007184831640108e-08
1.296750000000000114e+01,-6.041873539208476195e-05,-2.512543005821869587e-05,3.114907764070471897e-08,1.192536715067106647e-08
1.298500000000000121e+01,-5.906637089933695266e-05,-2.432504217222574542e-05,3.025862694639952023e-08,1.149118999170300571e-08
1.300250000000000128e+01,-5.772813265187789247e-05,-2.353725356835851523e-05,2.938684772145688621e-08,1.106734711681100888e-08
1.302000000000000135e+01,-5.640385621774492012e-05,-2.276203081178101688e-05,2.853332400454027082e-08,1.065365052200900970e-08
1.303750000000000142e+01,-5.509337862736331758e-05,-2.199934348022568068e-05,2.769764824517222203e-08,1.024991737846353478e-08
1.305500000000000149e+01,-5.379653834972617145e-05,-2.124916420009776574e-05,2.687942110499507132e-08,9.855969959925707665e-09
1.307250000000000156e+01,-5.251317526862271857e-05,-2.051146868396504163e-05,2.607825126264716326e-08,9.471635573039852865e-09
1.309000000000000163e+01,-5.124313065890940920e-05,-1.978623576946308225e-05,2.529375522215274989e-08,9.096746490512970186e-09
1.310750000000000171e+01,-4.998624716281761620e-05,-1.907344745964851182e-05,2.452555712472498122e-08,8.731139887130886645e-09
1.312500000000000178e+01,-4.874236876629194581e-05,-1.837308896483248145e-05,2.377328856388256794e-08,8.374657778609149716e-09
1.314250000000000185e+01,-4.751134077535305823e-05,-1.768514874592824773e-05,2.303658840378183757e-08,8.027146963268800273e-09
1.316000000000000192e+01,-4.629300979247864177e-05,-1.700961855934714781e-05,2.231510260066694043e-08,7.688458966528879148e-09
1.317750000000000199e+01,-4.508722369299638776e-05,-1.634649350347850579e-05,2.160848402734198805e-08,7.358449988209985411e-09
1.319500000000000206e+01,-4.389383160148242714e-05,-1.569577206679008928e-05,2.091639230056975982e-08,7.036980852644882809e-09
1.321250000000000213e+01,-4.271268386815877093e-05,-1.505745617758590624e-05,2.023849361130254707e-08,6.723916961594510761e-09
1.323000000000000043e+01,-4.154363204528333751e-05,-1.443155125546064947e-05,1.957446055765151415e-08,6.419128249969967348e-09
1.324750000000000050e+01,-4.038652886352503136e-05,-1.381806626448909664e-05,1.892397198050121115e-08,6.122489144362639797e-09
1.326500000000000057e+01,-3.924122820831898783e-05,-1.321701376819252107e-05,1.828671280167793389e-08,5.833878524387930255e-09
1.328250000000000064e+01,-3.810758509619257140e-05,-1.262840998632206955e-05,1.766237386457886357e-08,5.553179686848937877e-09
1.330000000000000071e+01,-3.698545565105707260e-05,-1.205227485350300537e-05,1.705065177717179351e-08,5.280280312729774422e-09
1.331750000000000078e+01,-3.587469708045700579e-05,-1.148863207978336614e-05,1.645124875727423152e-08,5.015072437030189829e-09
1.333500000000000085e+01,-3.477516765177014356e-05,-1.093750921313202381e-05,1.586387248002154312e-08,4.757452421455169488e-09
1.335250000000000092e+01,-3.368672666835075918e-05,-1.039893770393248645e-05,1.528823592743403569e-08,4.507320929976306558e-09
1.337000000000000099e+01,-3.260923444560859632e-05,-9.872952971520045128e-06,1.472405723999304613e-08,4.264582907283493072e-09
1.338750000000000107e+01,-3.154255228701598987e-05,-9.359594472810941289e-06,1.417105957013626768e-08,4.029147560148440638e-09
1.340500000000000114e+01,-3.048654246003540313e-05,-8.858905773073832984e-06,1.362897093758263826e-08,3.800928341723989229e-09
1.342250000000000121e+01,-2.944106817195938839e-05,-8.370934618894856194e-06,1.309752408639702614e-08,3.579842938805744117e-09
1.344000000000000128e+01,-2.840599354565501926e-05,-7.895733013389061568e-06,1.257645634370490603e-08,3.365813262085249560e-09
1.345750000000000135e+01,-2.738118359520462579e-05,-7.433357293712759417e-06,1.206550947996702010e-08,3.158765439426802502e-09
1.347500000000000142e+01,-2.636650420143442984e-05,-6.983868210931948682e-06,1.156442957072370724e-08,2.958629812202664025e-09
1.349250000000000149e+01,-2.536182208732266807e-05,-6.547331012304478940e-06,1.107296685971829138e-08,2.765340934724455813e-09
1.351000000000000156e+01,-2.436700479327850839e-05,-6.123815526034376325e-06,1.059087562330842308e-08,2.578837576811472821e-09
1.352750000000000163e+01,-2.338192065228300861e-05,-5.713396248558438819e-06,1.011791403607373104e-08,2.399062729539524835e-09
1.354500000000000171e+01,-2.240643876488308087e-05,-5.316152434427180800e-06,9.653844037527529889e-09,2.225963614217385096e-09
1.356250000000000178e+01,-2.144042897402933447e-05,-4.932168188843490852e-06,9.198431199839567512e-09,2.059491694640856884e-09
1.358000000000000185e+01,-2.048376183974851670e-05,-4.561532562924132037e-06,8.751444596475961963e-09,1.899602692677917953e-09
1.359750000000000192e+01,-1.953630861364094332e-05,-4.204339651750900290e-06,8.312656671661572554e-09,1.746256607241790361e-09
1.361500000000000199e+01,-1.859794121319330621e-05,-3.860688695280188666e-06,7.881843110568931669e-09,1.599417736712319895e-09
1.363250000000000206e+01,-1.766853219589690404e-05,-3.530684182181400084e-06,7.458782710136795034e-09,1.459054704869663852e-09
1.365000000000000213e+01,-1.674795473316122637e-05,-3.214435956676390614e-06,7.043257250420014902e-09,1.325140490407958806e-09
1.366750000000000043e+01,-1.583608258401266253e-05,-2.912059328454297110e-06,6.635051366371142789e-09,1.197652460100593945e-09
1.368500000000000050e+01,-1.493279006856727105e-05,-2.623675185737670885e-06,6.233952419952336190e-09,1.076572405692587777e-09
1.370250000000000057e+01,-1.403795204126825712e-05,-2.349410111578761782e-06,5.839750372475395075e-09,9.618865845998925947e-10
1.372000000000000064e+01,-1.315144386387535727e-05,-2.089396503465169718e-06,5.452237657064511473e-09,8.535857644992334398e-10
1.373750000000000071e+01,-1.227314137819630267e-05,-1.843772696318027081e-06,5.071209051135874505e-09,7.516652718969732702e-10
1.375500000000000078e+01,-1.140292087854840073e-05,-1.612683088966929287e-06,4.696461548785338428e-09,6.561250447697183356e-10
1.377250000000000085e+01,-1.054065908393864936e-05,-1.396278274188310716e-06,4.327794232973481893e-09,5.669696893741538270e-10
1.379000000000000092e+01,-9.686233109950430513e-06,-1.194715172396346360e-06,3.965008147394956344e-09,4.842085413283534594e-10
1.380750000000000099e+01,-8.839520440324653600e-06,-1.008157169077663495e-06,3.607906167916563547e-09,4.078557310719660820e-10
1.382500000000000107e+01,-8.000398898222832887e-06,-8.367742560636655123e-07,3.256292873465791120e-09,3.379302538176908351e-10
1.384250000000000114e+01,-7.168746617159430748e-06,-6.807431767365924766e-07,2.909974416248720490e-09,2.744560441119525036e-10
1.386000000000000121e+01,-6.344442011590437671e-06,-5.402475752681010965e-07,2.568758391173195425e-09,2.174620551281563540e-10
1.387750000000000128e+01,-5.527363747144895683e-06,-4.154781499916505560e-07,2.232453704349927795e-09,1.669823428217011835e-10
1.389500000000000135e+01,-4.717390710485791506e-06,-3.066328110125617298e-07,1.900870440540837742e-09,1.230561550818728860e-10
1.391250000000000142e+01,-3.914401978786411151e-06,-2.139168421625482745e-07,1.573819729420311296e-09,8.572802602194751402e-11
1.393000000000000149e+01,-3.118276788807967301e-06,-1.375430674081056168e-07,1.251113610511266055e-09,5.504787555521428461e-11
1.394750000000000156e+01,-2.328894505563952976e-06,-7.773202182508347237e-08,9.325648966538848958e-10,3.107111441130629819e-11
1.396500000000000163e+01,-1.546134590556383771e-06,-3.471212725475146285e-08,6.179870358606270185e-10,1.385875475411044263e-11
1.398250000000000171e+01,-7.698765695687191535e-07,-8.719872759558548069e-09,3.071939714066417816e-10,3.477526569672911284e-12
1.400000000000000000e+01,-5.899977694583455457e-26,0.000000000000000000e+00,3.235648026796700333e-29,0.000000000000000000e+00
