eta,f,f',f'',F,F',t,t',tp
0.000000000000000000e+00,1.000000000000000000e+00,-3.547590615671398218e-01,3.262046921643008690e-01,7.953525343172570539e-01,-1.666055948311577495e-01,6.884507033639748474e-01,-1.557746483180125763e+00,1.850957206953208478e-01
3.125000000000000173e-03,9.988929692034654861e-01,-3.537411360190181320e-01,3.252681083778215521e-01,7.948326390793247764e-01,-1.661275863779899109e-01,6.836013156067115570e-01,-1.545878366535513582e+00,1.838688439250129314e-01
6.250000000000000347e-03,9.977891148554945966e-01,-3.527261330829483121e-01,3.243342191492181170e-01,7.943142354736228983e-01,-1.656509495461860049e-01,6.787888597825546544e-01,-1.534109889257900594e+00,1.826505491161821149e-01
9.375000000000001388e-03,9.966884278360691463e-01,-3.517140443506300840e-01,3.234030166787904004e-01,7.937973192199925254e-01,-1.651756803966809295e-01,6.740130259826710990e-01,-1.522440115923408221e+00,1.814407719357787607e-01
1.250000000000000069e-02,9.955908990514086288e-01,-3.507048614381011453e-01,3.224744931898638756e-01,7.932818860505664871e-01,-1.647017750017468474e-01,6.692735072059554646e-01,-1.510868120990599639e+00,1.802394485758863907e-01
1.562500000000000000e-02,9.944965194338944992e-01,-3.496985759856654497e-01,3.215486409287169889e-01,7.927679317097340306e-01,-1.642292294449602397e-01,6.645699993283303852e-01,-1.499392988683329930e+00,1.790465157489888048e-01
1.875000000000000278e-02,9.934052799419944568e-01,-3.486951796578216523e-01,3.206254521645090505e-01,7.922554519541057383e-01,-1.637580398211692934e-01,6.599022010724119314e-01,-1.488013812875137898e+00,1.778619106832849961e-01
2.187500000000000208e-02,9.923171715601870613e-01,-3.476946641431915008e-01,3.197049191892077924e-01,7.917444425524781115e-01,-1.632882022364611774e-01,6.552698139775320341e-01,-1.476729696975162431e+00,1.766855711180506661e-01
2.500000000000000139e-02,9.912321852988861259e-01,-3.466970211544488367e-01,3.187870343175178700e-01,7.912348992857988206e-01,-1.628197128081295686e-01,6.506725423701167355e-01,-1.465539753815555901e+00,1.755174352990463704e-01
2.812500000000000069e-02,9.901503121943660002e-01,-3.457022424282486517e-01,3.178717898868091418e-01,7.907268179471310665e-01,-1.623525676646420668e-01,6.461100933344129382e-01,-1.454443105540376591e+00,1.743574419739717940e-01
3.125000000000000000e-02,9.890715433086865183e-01,-3.447103197251562556e-01,3.169591782570455041e-01,7.902201943416197194e-01,-1.618867629456080259e-01,6.415821766835604345e-01,-1.443438883495937075e+00,1.732055303879650177e-01
3.437500000000000278e-02,9.879958697296186143e-01,-3.437212448295769995e-01,3.160491918107140585e-01,7.897150242864556802e-01,-1.614222948017461912e-01,6.370885049310043291e-01,-1.432526228122587897e+00,1.720616402791471100e-01
3.750000000000000555e-02,9.869232825705697154e-01,-3.427350095496857207e-01,3.151418229527541137e-01,7.892113036108416857e-01,-1.609591593948525579e-01,6.326287932622436383e-01,-1.421704288847916997e+00,1.709257118742108783e-01
4.062500000000000833e-02,9.858537729705095787e-01,-3.417516057173569100e-01,3.142370641104869633e-01,7.887090281559573368e-01,-1.604973528977683139e-01,6.282027595069107351e-01,-1.410972223981342255e+00,1.697976858840537506e-01
4.375000000000000416e-02,9.847873320938965724e-01,-3.407710251880947672e-01,3.133349077335457200e-01,7.882081937749252365e-01,-1.600368714943478654e-01,6.238101241111791984e-01,-1.400329200610080260e+00,1.686775034994538180e-01
4.687500000000000000e-02,9.837239511306036244e-01,-3.397932598409636462e-01,3.124353462938053161e-01,7.877087963327759068e-01,-1.595777113794269175e-01,6.194506101104931828e-01,-1.389774394496467780e+00,1.675651063867890644e-01
5.000000000000000278e-02,9.826636212958449468e-01,-3.388183015785185548e-01,3.115383722853130033e-01,7.872108317064143712e-01,-1.591198687587908334e-01,6.151239431026171989e-01,-1.379306989976620823e+00,1.664604366837990346e-01
5.312500000000000555e-02,9.816063338301027619e-01,-3.378461423267361541e-01,3.106439782242189085e-01,7.867142957845850715e-01,-1.586633398491426872e-01,6.108298512209989761e-01,-1.368926179860408432e+00,1.653634369953884131e-01
5.625000000000000139e-02,9.805520799990539160e-01,-3.368767740349456474e-01,3.097521566487068667e-01,7.862191844678383390e-01,-1.582081208780720116e-01,6.065680651084441877e-01,-1.358631165332724322e+00,1.642740503894721815e-01
5.937499999999999722e-02,9.795008510934972712e-01,-3.359101886757600575e-01,3.088629001189258094e-01,7.857254936684965330e-01,-1.577542080840229344e-01,6.023383178910964864e-01,-1.348421155856038389e+00,1.631922203928619641e-01
6.250000000000000000e-02,9.784526384292809853e-01,-3.349463782450077254e-01,3.079762012169208196e-01,7.852332193106196234e-01,-1.573015977162630363e-01,5.981403451527210757e-01,-1.338295369074207875e+00,1.621178909871928142e-01
6.562500000000000278e-02,9.774074333472300147e-01,-3.339853347616639212e-01,3.070920525465651862e-01,7.847423573299719957e-01,-1.568502860348519601e-01,5.939738849092867090e-01,-1.328253030717531979e+00,1.610510066048904676e-01
6.875000000000000555e-02,9.763652272130741716e-01,-3.330270502677829536e-01,3.062104467334921254e-01,7.842529036739884774e-01,-1.564002693106100739e-01,5.898386775838416751e-01,-1.318293374509031501e+00,1.599915121251778982e-01
7.187500000000000833e-02,9.753260114173756268e-01,-3.320715168284299468e-01,3.053313764250270013e-01,7.837648543017408098e-01,-1.559515438250875241e-01,5.857344659816822174e-01,-1.308415642071937279e+00,1.589393528701216751e-01
7.500000000000001110e-02,9.742897773754574109e-01,-3.311187265316133388e-01,3.044548342901197691e-01,7.832782051839041193e-01,-1.555041058705329826e-01,5.816609952658067240e-01,-1.298619082838367023e+00,1.578944746007168720e-01
7.812500000000001388e-02,9.732565165273316943e-01,-3.301686714882175466e-01,3.035808130192776400e-01,7.827929523027234993e-01,-1.550579517498629212e-01,5.776180129326544677e-01,-1.288902953959178532e+00,1.568568235130105293e-01
8.125000000000001665e-02,9.722262203376287326e-01,-3.292213438319354091e-01,3.027093053244981347e-01,7.823090916519810367e-01,-1.546130777766305808e-01,5.736052687881235679e-01,-1.279266520214979108e+00,1.558263462342630856e-01
8.437500000000000555e-02,9.711988802955252575e-01,-3.282767357192012958e-01,3.018403039392021370e-01,7.818266192369620615e-01,-1.541694802749952464e-01,5.696225149238661745e-01,-1.269709053928275155e+00,1.548029898191475018e-01
8.750000000000000833e-02,9.701744879146736444e-01,-3.273348393291243830e-01,3.009738016181673914e-01,7.813455310744228388e-01,-1.537271555796916322e-01,5.656695056938551014e-01,-1.260229834876748223e+00,1.537867017459855767e-01
9.062500000000001110e-02,9.691530347331313022e-01,-3.263956468634216512e-01,3.001097911374622784e-01,7.808658231925565962e-01,-1.532861000359992121e-01,5.617459976912210218e-01,-1.250828150207639045e+00,1.527774299130210123e-01
9.375000000000000000e-02,9.681345123132900632e-01,-3.254591505463519385e-01,2.992482652943795340e-01,7.803874916309614385e-01,-1.528463099997117158e-01,5.578517497253546731e-01,-1.241503294353224485e+00,1.517751226347288651e-01
9.687500000000000278e-02,9.671189122418056838e-01,-3.245253426246493267e-01,2.983892169073705802e-01,7.799105324406070405e-01,-1.524077818371068482e-01,5.539865227992717411e-01,-1.232254568947374285e+00,1.507797286381610535e-01
1.000000000000000056e-01,9.661062261295281228e-01,-3.235942153674571942e-01,2.975326388159800217e-01,7.794349416838024514e-01,-1.519705119249157854e-01,5.501500800872373143e-01,-1.223081282743168963e+00,1.497911970593273912e-01
1.031250000000000083e-01,9.650964456114309309e-01,-3.226657610662626574e-01,2.966785238807800318e-01,7.789607154341626760e-01,-1.515344966502930879e-01,5.463421869126450225e-01,-1.213982751531566873e+00,1.488094774396120368e-01
1.062500000000000111e-01,9.640895623465423059e-01,-3.217399720348306236e-01,2.958268649833055153e-01,7.784878497765769234e-01,-1.510997324107864748e-01,5.425626107261498632e-01,-1.204958298061103772e+00,1.478345197222244722e-01
1.093750000000000000e-01,9.630855680178749267e-01,-3.208168406091385649e-01,2.949776550259891050e-01,7.780163408071758546e-01,-1.506662156143068476e-01,5.388111210840499377e-01,-1.196007251958612239e+00,1.468662742486852579e-01
1.125000000000000028e-01,9.620844543323571196e-01,-3.198963591473113488e-01,2.941308869320966579e-01,7.775461846332991644e-01,-1.502339426790982035e-01,5.350874896269139924e-01,-1.187128949650945398e+00,1.459046917553456224e-01
1.156250000000000056e-01,9.610862130207633580e-01,-3.189785200295560674e-01,2.932865536456625843e-01,7.770773773734633849e-01,-1.498029100337079089e-01,5.313914900584528755e-01,-1.178322734287690299e+00,1.449497233699409693e-01
1.187499999999999944e-01,9.600908358376458729e-01,-3.180633156580974785e-01,2.924446481314261215e-01,7.766099151573299109e-01,-1.493731141169568066e-01,5.277228981246299133e-01,-1.169587955664860957e+00,1.440013206081776076e-01
1.218749999999999972e-01,9.590983145612653749e-01,-3.171507384571131127e-01,2.916051633747669958e-01,7.761437941256728035e-01,-1.489445513779094898e-01,5.240814915930090967e-01,-1.160923970149551288e+00,1.430594353703526223e-01
1.250000000000000000e-01,9.581086409935226644e-01,-3.162407808726690472e-01,2.907680923816419738e-01,7.756790104303465938e-01,-1.485172182758448534e-01,5.204670502323371917e-01,-1.152330140605540176e+00,1.421240199380061353e-01
1.281249999999999889e-01,9.571218069598907974e-01,-3.153334353726557904e-01,2.899334281785213574e-01,7.752155602342549745e-01,-1.480911112802263396e-01,5.168793557923561099e-01,-1.143805836319833791e+00,1.411950269706062633e-01
1.312500000000000056e-01,9.561378043093464729e-01,-3.144286944467240552e-01,2.891011638123257566e-01,7.747534397113184923e-01,-1.476662268706726566e-01,5.133181919838440965e-01,-1.135350432930128495e+00,1.402724095022655493e-01
1.343750000000000222e-01,9.551566249143024212e-01,-3.135265506062210328e-01,2.882712923503629177e-01,7.742926450464430177e-01,-1.472425615369284124e-01,5.097833444588822926e-01,-1.126963312353189028e+00,1.393561209384893973e-01
1.375000000000000111e-01,9.541782606705393466e-01,-3.126269963841269428e-01,2.874438068802652180e-01,7.738331724354884367e-01,-1.468201117788346943e-01,5.062746007913427881e-01,-1.118643862714121973e+00,1.384461150529555651e-01
1.406250000000000000e-01,9.532027034971390922e-01,-3.117300243349913624e-01,2.866187005099270491e-01,7.733750180852366762e-01,-1.463988741063001475e-01,5.027917504575976082e-01,-1.110391478276536281e+00,1.375423459843246321e-01
1.437500000000000167e-01,9.522299453364163613e-01,-3.108356270348701100e-01,2.857959663674423112e-01,7.729181782133603962e-01,-1.459788450392716097e-01,4.993345848174430279e-01,-1.102205559373577781e+00,1.366447682330810265e-01
1.468750000000000333e-01,9.512599781538527699e-01,-3.099437970812622956e-01,2.849755976010425185e-01,7.724626490483922359e-01,-1.455600211077052730e-01,4.959028970952398252e-01,-1.094085512339824984e+00,1.357533366584044721e-01
1.500000000000000222e-01,9.502927939380287903e-01,-3.090545270930473709e-01,2.841575873790347373e-01,7.720084268296925067e-01,-1.451423988515377073e-01,4.924964823612634213e-01,-1.086030749444035548e+00,1.348680064750712171e-01
1.531250000000000111e-01,9.493283847005580256e-01,-3.081678097104226244e-01,2.833419288897400801e-01,7.715555078074192163e-01,-1.447259748206569940e-01,4.891151375132638535e-01,-1.078040688822729853e+00,1.339887332503849615e-01
1.562500000000000000e-01,9.483667424760197084e-01,-3.072836375948405085e-01,2.825286153414323098e-01,7.711038882424959828e-01,-1.443107455748739998e-01,4.857586612582316388e-01,-1.070114754414602132e+00,1.331154729011371773e-01
1.593749999999999889e-01,9.474078593218935307e-01,-3.064020034289466898e-01,2.817176399622764449e-01,7.706535644065820589e-01,-1.438967076838936487e-01,4.824268540943675299e-01,-1.062252375895747170e+00,1.322481816905962948e-01
1.625000000000000056e-01,9.464517273184923640e-01,-3.055228999165175985e-01,2.809089960002677522e-01,7.702045325820404686e-01,-1.434838577272864457e-01,4.791195182932529995e-01,-1.054452988615690145e+00,1.313868162255256433e-01
1.656250000000000222e-01,9.454983385688970898e-01,-3.046463197823990332e-01,2.801026767231711845e-01,7.697567890619080311e-01,-1.430721922944598323e-01,4.758364578822200097e-01,-1.046716033534211165e+00,1.305313334532299530e-01
1.687500000000000111e-01,9.445476851988906519e-01,-3.037722557724440997e-01,2.792986754184606513e-01,7.693103301498640523e-01,-1.426617079846298763e-01,4.725774786269166250e-01,-1.039040957158951839e+00,1.296816906586296114e-01
1.718750000000000000e-01,9.435997593568922204e-01,-3.029007006534517044e-01,2.784969853932586781e-01,7.688651521602003491e-01,-1.422524014067928777e-01,4.693423880140661364e-01,-1.031427211483791906e+00,1.288378454613630375e-01
1.750000000000000167e-01,9.426545532138922434e-01,-3.020316472131056029e-01,2.776975999742762324e-01,7.684212514177900522e-01,-1.418442691796971133e-01,4.661309952344181440e-01,-1.023874253927989919e+00,1.279997558129163382e-01
1.781250000000000333e-01,9.417120589633870553e-01,-3.011650882599128387e-01,2.769005125077529383e-01,7.679786242580576294e-01,-1.414373079318146376e-01,4.629431111658882103e-01,-1.016381547276073105e+00,1.271673799937804161e-01
1.812500000000000222e-01,9.407722688213140394e-01,-3.003010166231432354e-01,2.761057163593971797e-01,7.675372670269484665e-01,-1.410315143013133043e-01,4.597785483568846421e-01,-1.008948559618467744e+00,1.263406766106346668e-01
1.843750000000000111e-01,9.398351750259866799e-01,-2.994394251527682238e-01,2.753132049143266480e-01,7.670971760808985573e-01,-1.406268849360286233e-01,4.566371210098189026e-01,-1.001574764292861408e+00,1.255196045935576821e-01
1.875000000000000000e-01,9.389007698380299471e-01,-2.985803067194006122e-01,2.745229715770091672e-01,7.666583477868043062e-01,-1.402234164934358929e-01,4.535186449647988782e-01,-9.942596398262847357e-01,1.247041231932640853e-01
1.906249999999999889e-01,9.379690455403161264e-01,-2.977236542142340792e-01,2.737350097712035191e-01,7.662207785219923295e-01,-1.398211056406223618e-01,4.504229376835018339e-01,-9.870026698779051921e-01,1.238941919783674711e-01
1.937500000000000056e-01,9.370399944379003143e-01,-2.968694605489829996e-01,2.729493129399004347e-01,7.657844646741899242e-01,-1.394199490542594455e-01,4.473498182332246165e-01,-9.798033431825210471e-01,1.230897708326693096e-01
1.968750000000000222e-01,9.361136088579565806e-01,-2.960177186558223261e-01,2.721658745452640860e-01,7.653494026414945361e-01,-1.390199434205750817e-01,4.442991072711102163e-01,-9.726611534947489091e-01,1.222908199524732203e-01
2.000000000000000111e-01,9.351898811497140196e-01,-2.951684214873280254e-01,2.713846880685735763e-01,7.649155888323445618e-01,-1.386210854353260857e-01,4.412706270285466914e-01,-9.655755995338923814e-01,1.214972998439246277e-01
2.031250000000000000e-01,9.342688036843933563e-01,-2.943215620164171820e-01,2.706057470101647100e-01,7.644830196654891497e-01,-1.382233718037705894e-01,4.382642012957378985e-01,-9.585461849294844017e-01,1.207091713203753552e-01
2.062500000000000167e-01,9.333503688551427757e-01,-2.934771332362886564e-01,2.698290448893717608e-01,7.640516915699584466e-01,-1.378267992406407572e-01,4.352796554064433665e-01,-9.515724181674944937e-01,1.199263954997730613e-01
2.093750000000000333e-01,9.324345690769755279e-01,-2.926351281603636889e-01,2.690545752444697403e-01,7.636216009850348430e-01,-1.374313644701152526e-01,4.323168162228850364e-01,-9.446538125371913841e-01,1.191489338020751271e-01
2.125000000000000222e-01,9.315213967867062017e-01,-2.917955398222271124e-01,2.682823316326167773e-01,7.631927443602225525e-01,-1.370370642257920657e-01,4.293755121208192582e-01,-9.377898860786512136e-01,1.183767479466867195e-01
2.156250000000000111e-01,9.306108444428879967e-01,-2.909583612755679560e-01,2.675123076297966085e-01,7.627651181552186355e-01,-1.366438952506612570e-01,4.264555729747714907e-01,-9.309801615309050149e-01,1.176097999499229191e-01
2.187500000000000000e-01,9.297029045257501068e-01,-2.901235855941211028e-01,2.667444968307611797e-01,7.623387188398839109e-01,-1.362518542970778401e-01,4.235568301434323724e-01,-9.242241662807145763e-01,1.168480521224946195e-01
2.218749999999999889e-01,9.287975695371351037e-01,-2.892912058716085033e-01,2.659788928489738580e-01,7.619135428942130916e-01,-1.358609381267348315e-01,4.206791164552128870e-01,-9.175214323119701421e-01,1.160914670670177562e-01
2.250000000000000056e-01,9.278948320004362094e-01,-2.884612152216810554e-01,2.652154893165523109e-01,7.614895868083064734e-01,-1.354711435106361328e-01,4.178222661939564597e-01,-9.108714961557000667e-01,1.153400076755459747e-01
2.281250000000000222e-01,9.269946844605356784e-01,-2.876336067778599292e-01,2.644542798842119402e-01,7.610668470823402920e-01,-1.350824672290697748e-01,4.149861150848065394e-01,-9.042738988406856526e-01,1.145936371271261967e-01
2.312500000000000111e-01,9.260971194837426257e-01,-2.868083736934791128e-01,2.636952582212094276e-01,7.606453202265376357e-01,-1.346949060715810498e-01,4.121705002802275586e-01,-8.977281858446719554e-01,1.138523188853770018e-01
2.343750000000000000e-01,9.252021296577309650e-01,-2.859855091416270700e-01,2.629384180152864459e-01,7.602250027611403560e-01,-1.343084568369458109e-01,4.093752603461772166e-01,-8.912339070461670065e-01,1.131160166960894081e-01
2.375000000000000167e-01,9.243097075914777916e-01,-2.851650063150893422e-01,2.621837529726134819e-01,7.598058912163792034e-01,-1.339231163331437990e-01,4.066002352484288096e-01,-8.847906166768229053e-01,1.123846945848502171e-01
2.406250000000000333e-01,9.234198459152023197e-01,-2.843468584262909271e-01,2.614312568177341034e-01,7.593879821324460710e-01,-1.335388813773321359e-01,4.038452663390413866e-01,-8.783978732743884521e-01,1.116583168546871896e-01
2.437500000000000222e-01,9.225325372803041546e-01,-2.835310587072389921e-01,2.606809232935090592e-01,7.589712720594646855e-01,-1.331557487958187069e-01,4.011101963429756778e-01,-8.720552396362277747e-01,1.109368480837361753e-01
2.468750000000000111e-01,9.216477743593024519e-01,-2.827176004094658635e-01,2.599327461610609347e-01,7.585557575574624067e-01,-1.327737154240358763e-01,3.983948693448549072e-01,-8.657622827733975068e-01,1.102202531229298232e-01
2.500000000000000000e-01,9.207655498457747445e-01,-2.819064768039716284e-01,2.591867191997186959e-01,7.581414351963416953e-01,-1.323927781065140918e-01,3.956991307758681020e-01,-8.595185738652735274e-01,1.095084970937077323e-01
2.531249999999999889e-01,9.198858564542965466e-01,-2.810976811811677911e-01,2.584428362069627338e-01,7.577283015558514689e-01,-1.320129336968556000e-01,3.930228274008140676e-01,-8.533236882147214875e-01,1.088015453857477527e-01
2.562499999999999778e-01,9.190086869203802911e-01,-2.802912068508203736e-01,2.577010909983695752e-01,7.573163532255591246e-01,-1.316341790577082727e-01,3.903658073052849731e-01,-8.471772052038034628e-01,1.080993636547182141e-01
2.593750000000000222e-01,9.181340340004155998e-01,-2.794870471419935720e-01,2.569614774075576480e-01,7.569055868048222280e-01,-1.312565110607395724e-01,3.877279198829873263e-01,-8.410787082500135181e-01,1.074019178200509989e-01
2.625000000000000111e-01,9.172618904716084431e-01,-2.786851954029933021e-01,2.562239892861321588e-01,7.564959989027602028e-01,-1.308799265866103789e-01,3.851090158231991745e-01,-8.350277847630357408e-01,1.067091740627350571e-01
2.656250000000000000e-01,9.163922491319214103e-01,-2.778856450013112989e-01,2.554886205036310809e-01,7.560875861382266860e-01,-1.305044225249492040e-01,3.825089470983609186e-01,-8.290240261020165313e-01,1.060210988231302526e-01
2.687500000000000444e-01,9.155251028000136460e-01,-2.770883893235689399e-01,2.547553649474708082e-01,7.556803451397806626e-01,-1.301299957743261015e-01,3.799275669517998000e-01,-8.230670275333464847e-01,1.053376587988013591e-01
2.718750000000000333e-01,9.146604443151815644e-01,-2.762934217754616228e-01,2.540242165228920879e-01,7.552742725456598194e-01,-1.297566432422271321e-01,3.773647298855848931e-01,-8.171563881889437608e-01,1.046588209423720411e-01
2.750000000000000222e-01,9.137982665372986757e-01,-2.755007357817030877e-01,2.532951691529063409e-01,7.548693650037516800e-01,-1.293843618450283284e-01,3.748202916485117719e-01,-8.112917110250317254e-01,1.039845524593983189e-01
2.781250000000000111e-01,9.129385623467570765e-01,-2.747103247859699615e-01,2.525682167782418164e-01,7.544656191715661819e-01,-1.290131485079702989e-01,3.722941092242156302e-01,-8.054726027814069766e-01,1.033148208062617951e-01
2.812500000000000000e-01,9.120813246444073874e-01,-2.739221822508464133e-01,2.518433533572902450e-01,7.540630317162082541e-01,-1.286430001651324984e-01,3.697860408194101889e-01,-7.996986739411883205e-01,1.026495936880820470e-01
2.843750000000000444e-01,9.112265463515004660e-01,-2.731363016577691982e-01,2.511205728660534930e-01,7.536615993143499503e-01,-1.282739137594077483e-01,3.672959458522525589e-01,-7.939695386910423647e-01,1.019888390566481701e-01
2.875000000000000333e-01,9.103742204096281210e-01,-2.723526765069725908e-01,2.503998692980906049e-01,7.532613186522031379e-01,-1.279058862424768961e-01,3.648236849408308391e-01,-7.882848148818792922e-01,1.013325251083692646e-01
2.906250000000000222e-01,9.095243397806647145e-01,-2.715713003174335949e-01,2.496812366644645398e-01,7.528621864254919638e-01,-1.275389145747833353e-01,3.623691198917742828e-01,-7.826441239900119307e-01,1.006806202822436158e-01
2.937500000000000666e-01,9.086768974467085425e-01,-2.707921666268174321e-01,2.489646689936896584e-01,7.524641993394253214e-01,-1.271729957255077204e-01,3.599321136889840900e-01,-7.770470910787720120e-01,1.000330932578463866e-01
2.968750000000000555e-01,9.078318864100237695e-01,-2.700152689914230297e-01,2.482501603316791539e-01,7.520673541086700942e-01,-1.268081266725429590e-01,3.575125304824832706e-01,-7.714933447605799577e-01,9.938991295333579612e-02
3.000000000000000444e-01,9.069892996929816986e-01,-2.692406009861285088e-01,2.475377047416925103e-01,7.516716474573233997e-01,-1.264443044024687601e-01,3.551102355773843589e-01,-7.659825171594584203e-01,9.875104852347729723e-02
3.031250000000000333e-01,9.061491303380033724e-01,-2.684681562043375602e-01,2.468272963042834056e-01,7.512770761188860558e-01,-1.260815259105268482e-01,3.527250954229737556e-01,-7.605142438739875832e-01,9.811646935768585098e-02
3.062500000000000222e-01,9.053113714075018414e-01,-2.676979282579250441e-01,2.461189291172475591e-01,7.508836368362350466e-01,-1.257197882005958445e-01,3.503569776019110904e-01,-7.550881639406938906e-01,9.748614507808596452e-02
3.093750000000000111e-01,9.044760159838237668e-01,-2.669299107771832547e-01,2.454125972955708834e-01,7.504913263615967667e-01,-1.253590882851663424e-01,3.480057508195421034e-01,-7.497039197978681013e-01,9.686004553758935376e-02
3.125000000000000000e-01,9.036430571691927982e-01,-2.661640974107685742e-01,2.447082949713777766e-01,7.501001414565202641e-01,-1.249994231853161497e-01,3.456712848933244375e-01,-7.443611572498067819e-01,9.623814081799007825e-02
3.156249999999999889e-01,9.028124880856517320e-01,-2.654004818256476272e-01,2.440060162938796628e-01,7.497100788918501513e-01,-1.246407899306854056e-01,3.433534507423637860e-01,-7.390595254314709095e-01,9.562040122807692610e-02
3.187499999999999778e-01,9.019843018750056673e-01,-2.646390577070441008e-01,2.433057554293234781e-01,7.493211354477002928e-01,-1.242831855594519475e-01,3.410521203770605081e-01,-7.337986767735574789e-01,9.500679730176285476e-02
3.218750000000000222e-01,9.011584916987648297e-01,-2.638798187583857313e-01,2.426075065609406001e-01,7.489333079134268267e-01,-1.239266071183066781e-01,3.387671668888645460e-01,-7.285782669679782275e-01,9.439729979623147360e-02
3.250000000000000111e-01,9.003350507380878387e-01,-2.631227587012510694e-01,2.419112638888958056e-01,7.485465930876016305e-01,-1.235710516624290295e-01,3.364984644401374236e-01,-7.233979549337402615e-01,9.379187969010019388e-02
3.281250000000000000e-01,8.995139721937253086e-01,-2.623678712753169107e-01,2.412170216302363945e-01,7.481609877779860085e-01,-1.232165162554624271e-01,3.342458882541203269e-01,-7.182574027832228092e-01,9.319050818159996252e-02
3.312500000000000444e-01,8.986952492859627828e-01,-2.616151502383052829e-01,2.405247740188414529e-01,7.477764888015042688e-01,-1.228629979694898927e-01,3.320093146050069888e-01,-7.131562757888467718e-01,9.259315668677151057e-02
3.343750000000000333e-01,8.978788752545651120e-01,-2.608645893659312098e-01,2.398345153053715040e-01,7.473930929842171889e-01,-1.225104938850097441e-01,3.297886208081204917e-01,-7.080942423501297434e-01,9.199979683767774141e-02
3.375000000000000222e-01,8.970648433587199433e-01,-2.601161824518501975e-01,2.391462397572179654e-01,7.470107971612959252e-01,-1.221590010909112817e-01,3.275836852101914887e-01,-7.030709739611237241e-01,9.141040048063232837e-02
3.406250000000000111e-01,8.962531468769816545e-01,-2.593699233076062205e-01,2.384599416584531062e-01,7.466295981769955903e-01,-1.218085166844505990e-01,3.253943871797386200e-01,-6.980861451782287563e-01,9.082493967444420224e-02
3.437500000000000000e-01,8.954437791072157315e-01,-2.586258057625792639e-01,2.377756153097799474e-01,7.462494928846296061e-01,-1.214590377712264496e-01,3.232206070975483514e-01,-6.931394335883795943e-01,9.024338668867780411e-02
3.468750000000000444e-01,8.946367333665429245e-01,-2.578838236639339199e-01,2.370932550284824691e-01,7.458704781465432809e-01,-1.211105614651562107e-01,3.210622263472535654e-01,-6.882305197775985262e-01,8.966571400192896446e-02
3.500000000000000333e-01,8.938320029912842912e-01,-2.571439708765673737e-01,2.364128551483759000e-01,7.454925508340880524e-01,-1.207630848884518743e-01,3.189191273060105192e-01,-6.833590872999116828e-01,8.909189430011635324e-02
3.531250000000000222e-01,8.930295813369049096e-01,-2.564062412830578341e-01,2.357344100197571735e-01,7.451157078275951751e-01,-1.204166051715961083e-01,3.167911933352715037e-01,-6.785248226466232824e-01,8.852190047478807056e-02
3.562500000000000666e-01,8.922294617779595871e-01,-2.556706287836131297e-01,2.350579140093555786e-01,7.447399460163507401e-01,-1.200711194533184561e-01,3.146783087716537031e-01,-6.737274152159421492e-01,8.795570562144353066e-02
3.593750000000000555e-01,8.914316377080374609e-01,-2.549371272960195278e-01,2.343833615002836046e-01,7.443652622985690304e-01,-1.197266248805715083e-01,3.125803589179019792e-01,-6.689665572829592843e-01,8.739328303787033403e-02
3.625000000000000444e-01,8.906361025397069309e-01,-2.542057307555904422e-01,2.337107468919878694e-01,7.439916535813676512e-01,-1.193831186085072410e-01,3.104972300339450819e-01,-6.642419439699679407e-01,8.683460622249597471e-02
3.656250000000000333e-01,8.898428497044615915e-01,-2.534764331151155847e-01,2.330400646002002141e-01,7.436191167807412183e-01,-1.190405978004533127e-01,3.084288093280439513e-01,-6.595532732171250911e-01,8.627964887275428596e-02
3.687500000000000222e-01,8.890518726526651649e-01,-2.527492283448102284e-01,2.323713090568890194e-01,7.432476488215364885e-01,-1.186990596278895416e-01,3.063749849480316145e-01,-6.549002457534485178e-01,8.572838488346649910e-02
3.718750000000000111e-01,8.882631648534971003e-01,-2.520241104322642478e-01,2.317044747102107172e-01,7.428772466374264916e-01,-1.183585012704243683e-01,3.043356459726426766e-01,-6.502825650681453018e-01,8.518078834523666598e-02
3.750000000000000000e-01,8.874767197948989494e-01,-2.513010733823919929e-01,2.310395560244612179e-01,7.425079071708854395e-01,-1.180189199157714586e-01,3.023106824029320183e-01,-6.456999373822679411e-01,8.463683354286137550e-02
3.781249999999999889e-01,8.866925309835195224e-01,-2.505801112173815515e-01,2.303765474800278656e-01,7.421396273731630799e-01,-1.176803127597262771e-01,3.002999851537818121e-01,-6.411520716206940973e-01,8.409649495375372263e-02
3.812499999999999778e-01,8.859105919446615962e-01,-2.498612179766448449e-01,2.297154435733412547e-01,7.417724042042599386e-01,-1.173426770061428565e-01,2.983034460454954684e-01,-6.366386793844248659e-01,8.355974724638111362e-02
3.843750000000000222e-01,8.851308962222278476e-01,-2.491443877167674181e-01,2.290562388168272678e-01,7.414062346329017839e-01,-1.170060098669105098e-01,2.963209577954772911e-01,-6.321594749231992383e-01,8.302656527871710157e-02
3.875000000000000111e-01,8.843534373786673397e-01,-2.484296145114585352e-01,2.283989277388594752e-01,7.410411156365147578e-01,-1.166703085619306968e-01,2.943524140099980091e-01,-6.277141751084192034e-01,8.249692409670693338e-02
3.906250000000000000e-01,8.835782089949222318e-01,-2.477168924515014692e-01,2.277435048837112841e-01,7.406770442012002853e-01,-1.163355703190938895e-01,2.923977091760436853e-01,-6.233024994063826041e-01,8.197079893274655804e-02
3.937500000000000444e-01,8.828052046703741551e-01,-2.470062156447037915e-01,2.270899648115086711e-01,7.403140173217103159e-01,-1.160017923742565765e-01,2.904567386532481699e-01,-6.189241698518189727e-01,8.144816520417524908e-02
3.968750000000000333e-01,8.820344180227915887e-01,-2.462975782158480509e-01,2.264383020981828032e-01,7.399520320014221220e-01,-1.156689719712183234e-01,2.885293986659077103e-01,-6.145789110217263485e-01,8.092899851178160520e-02
4.000000000000000222e-01,8.812658426882762353e-01,-2.455909743066423123e-01,2.257885113354229090e-01,7.395910852523139845e-01,-1.153371063616988046e-01,2.866155862950768851e-01,-6.102664500095023037e-01,8.041327463832255440e-02
4.031250000000000111e-01,8.804994723212109520e-01,-2.448863980756711134e-01,2.251405871306292883e-01,7.392311740949398802e-01,-1.150061928053150301e-01,2.847151994707448064e-01,-6.059865163993694015e-01,7.990096954705561139e-02
4.062500000000000000e-01,8.797353005942064597e-01,-2.441838436983463367e-01,2.244945241068663777e-01,7.388722955584053897e-01,-1.146762285695585443e-01,2.828281369640910925e-01,-6.017388422410873128e-01,7.939205938028406906e-02
4.093750000000000444e-01,8.789733211980492733e-01,-2.434833053668583325e-01,2.238503169028161766e-01,7.385144466803430507e-01,-1.143472109297727773e-01,2.809542983798197779e-01,-5.975231620249515929e-01,7.888652045791494372e-02
4.125000000000000333e-01,8.782135278416489665e-01,-2.427847772901273460e-01,2.232079601727317009e-01,7.381576245068872666e-01,-1.140191371691303690e-01,2.790935841485719937e-01,-5.933392126570730118e-01,7.838432927602967393e-02
4.156250000000000222e-01,8.774559142519863242e-01,-2.420882536937547236e-01,2.225674485863904650e-01,7.378018260926507699e-01,-1.136920045786106032e-01,2.772458955194140318e-01,-5.891867334349353280e-01,7.788546250546733718e-02
4.187500000000000666e-01,8.767004741740610507e-01,-2.413937288199745346e-01,2.219287768290484075e-01,7.374470485006995313e-01,-1.133658104569769676e-01,2.754111345524027921e-01,-5.850654660232277315e-01,7.738989699042046755e-02
4.218750000000000555e-01,8.759472013708399230e-01,-2.407011969276053875e-01,2.212919396013936779e-01,7.370932888025288898e-01,-1.130405521107546163e-01,2.735892041112253370e-01,-5.809751544299485149e-01,7.689760974704301644e-02
4.250000000000000444e-01,8.751960896232050535e-01,-2.400106522920021634e-01,2.206569316195007291e-01,7.367405440780392389e-01,-1.127162268542081236e-01,2.717800078559131083e-01,-5.769155449827756410e-01,7.640857796207065067e-02
4.281250000000000333e-01,8.744471327299024876e-01,-2.393220892050079707e-01,2.200237476147845761e-01,7.363888114155116016e-01,-1.123928320093190436e-01,2.699834502356294741e-01,-5.728863863057036543e-01,7.592277899145315201e-02
4.312500000000000222e-01,8.737003245074902447e-01,-2.386355019749063777e-01,2.193923823339549994e-01,7.360380879115840935e-01,-1.120703649057638029e-01,2.681994364815299958e-01,-5.688874292959401613e-01,7.544019035899872383e-02
4.343750000000000111e-01,8.729556587902874698e-01,-2.379508849263736459e-01,2.187628305389712202e-01,7.356883706712272764e-01,-1.117488228808914408e-01,2.664278725996943598e-01,-5.649184271010612157e-01,7.496078975503023267e-02
4.375000000000000000e-01,8.722131294303233640e-01,-2.372682324004311560e-01,2.181350870069964920e-01,7.353396568077208428e-01,-1.114282032797015015e-01,2.646686653641292519e-01,-5.609791350964212775e-01,7.448455503505313491e-02
4.406249999999999889e-01,8.714727302972856693e-01,-2.365875387543979469e-01,2.175091465303528038e-01,7.349919434426291920e-01,-1.111085034548220524e-01,2.629217223098416767e-01,-5.570693108628153034e-01,7.401146421843513012e-02
4.437499999999999778e-01,8.707344552784700431e-01,-2.359087983618433915e-01,2.168850039164759158e-01,7.346452277057780034e-01,-1.107897207664876038e-01,2.611869517259813867e-01,-5.531887141643886396e-01,7.354149548709729145e-02
4.468750000000000222e-01,8.699982982787297647e-01,-2.352320056125401238e-01,2.162626539878703680e-01,7.342995067352302563e-01,-1.104718525825172937e-01,2.594642626490520909e-01,-5.493371069267932727e-01,7.307462718421654790e-02
4.500000000000000111e-01,8.692642532204244432e-01,-2.345571549124169375e-01,2.156420915820648210e-01,7.339547776772628040e-01,-1.101548962782929603e-01,2.577535648561908310e-01,-5.455142532155867752e-01,7.261083781293961592e-02
4.531250000000000000e-01,8.685323140433702793e-01,-2.338842406835119347e-01,2.150233115515673143e-01,7.336110376863426152e-01,-1.098388492367373820e-01,2.560547688585139703e-01,-5.417199192148696163e-01,7.215010603510797760e-02
4.562500000000000444e-01,8.678024747047893284e-01,-2.332132573639257578e-01,2.144063087638207465e-01,7.332682839251032370e-01,-1.095237088482925308e-01,2.543677858945296855e-01,-5.379538732061606154e-01,7.169241066999407219e-02
4.593750000000000333e-01,8.670747291792595401e-01,-2.325441994077750707e-01,2.137910781011586603e-01,7.329265135643212581e-01,-1.092094725108979231e-01,2.526925279236166832e-01,-5.342158855475055423e-01,7.123773069304839556e-02
4.625000000000000222e-01,8.663490714586649100e-01,-2.318770612851459578e-01,2.131776144607609724e-01,7.325857237828933277e-01,-1.088961376299690115e-01,2.510289076195669766e-01,-5.305057286528161997e-01,7.078604523465752141e-02
4.656250000000000111e-01,8.656254955521452965e-01,-2.312118374820477662e-01,2.125659127546098426e-01,7.322459117678120633e-01,-1.085837016183756470e-01,2.493768383641935260e-01,-5.268231769714384338e-01,7.033733357891283622e-02
4.687500000000000000e-01,8.649039954860471280e-01,-2.305485225003667815e-01,2.119559679094459026e-01,7.319070747141437350e-01,-1.082721618964205962e-01,2.477362342410009965e-01,-5.231680069679450762e-01,6.989157516239004331e-02
4.718750000000000444e-01,8.641845653038736641e-01,-2.298871108578201539e-01,2.113477748667242917e-01,7.315692098250041742e-01,-1.079615158918181550e-01,2.461070100289194929e-01,-5.195399971021511520e-01,6.944874957293915851e-02
4.750000000000000333e-01,8.634671990662357022e-01,-2.292275970879101843e-01,2.107413285825711635e-01,7.312323143115363466e-01,-1.076517610396727498e-01,2.444890811961005495e-01,-5.159389278093500231e-01,6.900883654848499749e-02
4.781250000000000222e-01,8.627518908508021722e-01,-2.285699757398783338e-01,2.101366240277401098e-01,7.308963853928868160e-01,-1.073428947824576624e-01,2.428823638937740725e-01,-5.123645814807653576e-01,6.857181597583804356e-02
4.812500000000000666e-01,8.620386347522509540e-01,-2.279142413786596766e-01,2.095336561875688064e-01,7.305614202961829839e-01,-1.070349145699938387e-01,2.412867749501664272e-01,-5.088167424442182618e-01,6.813766788951557130e-02
4.843750000000000555e-01,8.613274248822201384e-01,-2.272603885848373528e-01,2.089324200619357974e-01,7.302274162565102200e-01,-1.067278178594286697e-01,2.397022318644786987e-01,-5.052951969450076852e-01,6.770637247057301189e-02
4.875000000000000444e-01,8.606182553692592885e-01,-2.266084119545972442e-01,2.083329106652173635e-01,7.298943705168886575e-01,-1.064216021152149250e-01,2.381286528009238235e-01,-5.017997331269975492e-01,6.727791004544525499e-02
4.906250000000000333e-01,8.599111203587803676e-01,-2.259583060996827319e-01,2.077351230262445836e-01,7.295622803282507673e-01,-1.061162648090896859e-01,2.365659565828231170e-01,-4.983301410139132637e-01,6.685226108479805363e-02
4.937500000000000222e-01,8.592060140130092227e-01,-2.253100656473494834e-01,2.071390521882605917e-01,7.292311429494184871e-01,-1.058118034200533492e-01,2.350140626867605886e-01,-4.948862124908414151e-01,6.642940620238932392e-02
4.968750000000000111e-01,8.585029305109378450e-01,-2.246636852403206819e-01,2.065446932088777499e-01,7.289009556470805729e-01,-1.055082154343487677e-01,2.334728912367948217e-01,-4.914677412859315697e-01,6.600932615394011771e-02
5.000000000000000000e-01,8.578018640482751866e-01,-2.240191595367419797e-01,2.059520411600352652e-01,7.285717156957699503e-01,-1.052054983454403098e-01,2.319423629987277247e-01,-4.880745229522978068e-01,6.559200183601544831e-02
5.031250000000000444e-01,8.571028088373995324e-01,-2.233764832101369502e-01,2.053610911279566131e-01,7.282434203778411774e-01,-1.049036496539930974e-01,2.304223993744295151e-01,-4.847063548501170382e-01,6.517741428491462263e-02
5.062500000000000888e-01,8.564057591073105380e-01,-2.227356509493624015e-01,2.047718382131073767e-01,7.279160669834481290e-01,-1.046026668678522870e-01,2.289129223962194926e-01,-4.813630361289223392e-01,6.476554467557110728e-02
5.093750000000001332e-01,8.557107091035812685e-01,-2.220966574585640507e-01,2.041842775301530855e-01,7.275896528105213479e-01,-1.043025475020223358e-01,2.274138547213015726e-01,-4.780443677100885691e-01,6.435637432046188711e-02
5.125000000000000666e-01,8.550176530883104586e-01,-2.214594974571321429e-01,2.035984042079171663e-01,7.272641751647457298e-01,-1.040032890786464354e-01,2.259251196262545003e-01,-4.747501522695082299e-01,6.394988466852612186e-02
5.156250000000000000e-01,8.543265853400748844e-01,-2.208241656796572361e-01,2.030142133893390599e-01,7.269396313595387626e-01,-1.037048891269859024e-01,2.244466410015757141e-01,-4.714801942204544516e-01,6.354605730409300379e-02
5.187500000000000444e-01,8.536375001538822893e-01,-2.201906568758861815e-01,2.024317002314325042e-01,7.266160187160273232e-01,-1.034073451833996959e-01,2.229783433462785014e-01,-4.682342996966306070e-01,6.314487394581883017e-02
5.218750000000000888e-01,8.529503918411236452e-01,-2.195589658106783248e-01,2.018508599052438734e-01,7.262933345630265825e-01,-1.031106547913240024e-01,2.215201517625422500e-01,-4.650122765354028354e-01,6.274631644563327670e-02
5.250000000000000222e-01,8.522652547295260783e-01,-2.189290872639615693e-01,2.012716875958108498e-01,7.259715762370172465e-01,-1.028148155012518217e-01,2.200719919504141031e-01,-4.618139342612135323e-01,6.235036678769442092e-02
5.281249999999999556e-01,8.515820831631063514e-01,-2.183010160306887437e-01,2.006941785021208180e-01,7.256507410821237958e-01,-1.025198248707126641e-01,2.186337902025626279e-01,-4.586390840691737525e-01,6.195700708735288331e-02
5.312500000000000000e-01,8.509008715021231239e-01,-2.176747469207940822e-01,2.001183278370698149e-01,7.253308264500921698e-01,-1.022256804642522193e-01,2.172054733990823605e-01,-4.554875388088329702e-01,6.156621959012464895e-02
5.343750000000000444e-01,8.502216141230308777e-01,-2.170502747591499249e-01,1.995441308274213954e-01,7.250118297002686729e-01,-1.019323798534123027e-01,2.157869690023490050e-01,-4.523591129681234779e-01,6.117798667067279178e-02
5.374999999999999778e-01,8.495443054184332876e-01,-2.164275943855233086e-01,1.989715827137656934e-01,7.246937481995773256e-01,-1.016399206167105246e-01,2.143782050519241755e-01,-4.492536226574774805e-01,6.079229083179775450e-02
5.406249999999999112e-01,8.488689397970360373e-01,-2.158067006545328903e-01,1.984006787504785374e-01,7.243765793224983263e-01,-1.013483003396203480e-01,2.129791101595096547e-01,-4.461708855941141638e-01,6.040911470343616335e-02
5.437499999999999556e-01,8.481955116836012998e-01,-2.151875884356058422e-01,1.978314142056807057e-01,7.240603204510466240e-01,-1.010575166145509379e-01,2.115896135039504744e-01,-4.431107210864965729e-01,6.002844104166828176e-02
5.468750000000000000e-01,8.475240155189013302e-01,-2.145702526129351362e-01,1.972637843611975139e-01,7.237449689747500470e-01,-1.007675670408273022e-01,2.102096448262866513e-01,-4.400729500189545229e-01,5.965025272773383236e-02
5.500000000000000444e-01,8.468544457596719477e-01,-2.139546880854366340e-01,1.966977845125181812e-01,7.234305222906276533e-01,-1.004784492246703215e-01,2.088391344248521075e-01,-4.370573948364718242e-01,5.927453276705611784e-02
5.531250000000000888e-01,8.461867968785671268e-01,-2.133408897667065096e-01,1.961334099687555843e-01,7.231169778031683038e-01,-1.001901607791768761e-01,2.074780131504213032e-01,-4.340638795296369312e-01,5.890126428827446858e-02
5.562500000000000222e-01,8.455210633641129236e-01,-2.127288525849787282e-01,1.955706560526060400e-01,7.228043329243094561e-01,-9.990269932430009825e-02,2.061262124014025254e-01,-4.310922296197539638e-01,5.853043054228485725e-02
5.593749999999999556e-01,8.448572397206618456e-01,-2.121185714830826630e-01,1.950095181003092815e-01,7.224925850734152943e-01,-9.961606248682954023e-02,2.047836641190773910e-01,-4.281422721441126567e-01,5.816201490128859730e-02
5.625000000000000000e-01,8.441953204683472212e-01,-2.115100414184007405e-01,1.944499914616084069e-01,7.221817316772556339e-01,-9.933024790037159324e-02,2.034503007828862287e-01,-4.252138356414152942e-01,5.779600085784915298e-02
5.656250000000000444e-01,8.435353001430380138e-01,-2.109032573628265017e-01,1.938920714997101336e-01,7.218717701699847167e-01,-9.904525320532980848e-02,2.021260554057588421e-01,-4.223067501373594101e-01,5.743237202395688745e-02
5.687500000000000888e-01,8.428771732962931917e-01,-2.102982143027224415e-01,1.933357535912450798e-01,7.215626979931198948e-01,-9.876107604888534341e-02,2.008108615294899035e-01,-4.194208471303730867e-01,5.707111213010165884e-02
5.718750000000001332e-01,8.422209344953170973e-01,-2.096949072388781810e-01,1.927810331262282684e-01,7.212545125955205361e-01,-9.847771408497742185e-02,1.995046532201586453e-01,-4.165559595775020774e-01,5.671220502435327798e-02
5.750000000000000666e-01,8.415665783229139274e-01,-2.090933311864686672e-01,1.922279055080194643e-01,7.209472114333669301e-01,-9.819516497428389112e-02,1.982073650635927942e-01,-4.137119218804470866e-01,5.635563467144973082e-02
5.781250000000000000e-01,8.409140993774429917e-01,-2.084934811750125405e-01,1.916763661532840668e-01,7.206407919701393050e-01,-9.791342638420184874e-02,1.969189321608753873e-01,-4.108885698717484325e-01,5.600138515189299199e-02
5.812500000000000444e-01,8.402634922727740818e-01,-2.078953522483306116e-01,1.911264104919537243e-01,7.203352516765965108e-01,-9.763249598882822733e-02,1.956392901238948323e-01,-4.080857408011174248e-01,5.564944066105252662e-02
5.843750000000000888e-01,8.396147516382427289e-01,-2.072989394645044781e-01,1.905780339671874490e-01,7.200305880307557027e-01,-9.735237146894057392e-02,1.943683750709376268e-01,-4.053032733219127937e-01,5.529978550827635564e-02
5.875000000000000222e-01,8.389678721186057953e-01,-2.067042378958353077e-01,1.900312320353325091e-01,7.197267985178712468e-01,-9.707305051197781531e-02,1.931061236223227950e-01,-4.025410074777589498e-01,5.495240411600945535e-02
5.906249999999999556e-01,8.383228483739968429e-01,-2.061112426288025656e-01,1.894860001658855708e-01,7.194238806304135148e-01,-9.679453081202103737e-02,1.918524728960778747e-01,-3.997987846893063524e-01,5.460728101891964420e-02
5.937500000000000000e-01,8.376796750798823910e-01,-2.055199487640230194e-01,1.889423338414540354e-01,7.191218318680487886e-01,-9.651681006977436139e-02,1.906073605036563146e-01,-3.970764477411308779e-01,5.426440086303079002e-02
5.968750000000000444e-01,8.370383469270171739e-01,-2.049303514162099660e-01,1.884002285577174585e-01,7.188206497376182780e-01,-9.623988599254594545e-02,1.893707245456957011e-01,-3.943738407687721326e-01,5.392374840486328924e-02
6.000000000000000888e-01,8.363988586214007315e-01,-2.043424457141322093e-01,1.878596798233890808e-01,7.185203317531175804e-01,-9.596375629422888853e-02,1.881425036078157587e-01,-3.916908092459068791e-01,5.358530851058172090e-02
6.031250000000001332e-01,8.357612048842329999e-01,-2.037562268005735922e-01,1.873206831601773870e-01,7.182208754356761427e-01,-9.568841869528237065e-02,1.869226367564567615e-01,-3.890271999716584106e-01,5.324906615514959224e-02
6.062500000000000666e-01,8.351253804518713464e-01,-2.031716898322923071e-01,1.867832341027478860e-01,7.179222783135366104e-01,-9.541387092271264025e-02,1.857110635347570260e-01,-3.863828610580380962e-01,5.291500642149125216e-02
6.093750000000000000e-01,8.344913800757860489e-01,-2.025888299799805670e-01,1.862473281986850582e-01,7.176245379220345111e-01,-9.514011071005425146e-02,1.845077239584696494e-01,-3.837576419175196540e-01,5.258311449966065337e-02
6.125000000000000444e-01,8.338591985225173309e-01,-2.020076424282241934e-01,1.857129610084541915e-01,7.173276518035781590e-01,-9.486713579735123192e-02,1.833125585119177725e-01,-3.811513932507425428e-01,5.225337568601720606e-02
6.156250000000000888e-01,8.332288305736320622e-01,-2.014281223754625094e-01,1.851801281053637449e-01,7.170316175076278942e-01,-9.459494393113837551e-02,1.821255081439882018e-01,-3.785639670343453056e-01,5.192577538240842477e-02
6.187500000000000222e-01,8.326002710256804606e-01,-2.008502650339482332e-01,1.846488250755273786e-01,7.167364325906760980e-01,-9.432353286442253515e-02,1.809465142641626945e-01,-3.759952165089249787e-01,5.160029909535938930e-02
6.218749999999999556e-01,8.319735146901525713e-01,-2.002740656297075650e-01,1.841190475178263175e-01,7.164420946162266546e-01,-9.405290035666399873e-02,1.797755187385866871e-01,-3.734449961671223450e-01,5.127693243526892930e-02
6.250000000000000000e-01,8.313485563934359668e-01,-1.996995194025001363e-01,1.835907910438718538e-01,7.161486011547755215e-01,-9.378304417375790680e-02,1.786124638861751601e-01,-3.709131617418320870e-01,5.095566111561252581e-02
6.281250000000000444e-01,8.307253909767724487e-01,-1.991266216057796801e-01,1.830640512779680151e-01,7.158559497837897467e-01,-9.351396208801576737e-02,1.774572924747551128e-01,-3.683995701945353973e-01,5.063647095215190186e-02
6.312500000000000888e-01,8.301040132962154150e-01,-1.985553675066540069e-01,1.825388238570740951e-01,7.155641380876882618e-01,-9.324565187814692901e-02,1.763099477172443974e-01,-3.659040797037539372e-01,5.031934786215102456e-02
6.343750000000001332e-01,8.294844182225873386e-01,-1.979857523858457868e-01,1.820151044307675436e-01,7.152731636578214536e-01,-9.297811132924023447e-02,1.751703732678661085e-01,-3.634265496536239759e-01,5.000427786359875476e-02
6.375000000000000666e-01,8.288666006414371346e-01,-1.974177715376531361e-01,1.814928886612069414e-01,7.149830240924511804e-01,-9.271133823274560481e-02,1.740385132183990546e-01,-3.609668406225890469e-01,4.969124707443787342e-02
6.406250000000000000e-01,8.282505554529979719e-01,-1.968514202699102322e-01,1.809721722230949181e-01,7.146937169967314540e-01,-9.244533038645574852e-02,1.729143120944626744e-01,-3.585248143722100655e-01,4.938024171180047800e-02
6.437500000000000444e-01,8.276362775721447518e-01,-1.962866939039482339e-01,1.804529508036414043e-01,7.144052399826879007e-01,-9.218008559448791217e-02,1.717977148518374519e-01,-3.561003338360912429e-01,4.907124809124979725e-02
6.468750000000000888e-01,8.270237619283524744e-01,-1.957235877745563957e-01,1.799352201025268549e-01,7.141175906691986652e-01,-9.191560166726568670e-02,1.706886668728193335e-01,-3.536932631089210743e-01,4.876425262602818167e-02
6.500000000000000222e-01,8.264130034656536061e-01,-1.951620972299429324e-01,1.794189758318656680e-01,7.138307666819745378e-01,-9.165187642150084135e-02,1.695871139626083657e-01,-3.513034674356259601e-01,4.845924182631140137e-02
6.531249999999999556e-01,8.258039971425967796e-01,-1.946022176316963559e-01,1.789042137161696577e-01,7.135447656535391925e-01,-9.138890768017524091e-02,1.684930023457308079e-01,-3.489308132006362917e-01,4.815620229846897388e-02
6.562500000000000000e-01,8.251967379322047158e-01,-1.940439443547467557e-01,1.783909294923115563e-01,7.132595852232095357e-01,-9.112669327252274909e-02,1.674062786624949950e-01,-3.465751679172632826e-01,4.785512074433073693e-02
6.593750000000000444e-01,8.245912208219327022e-01,-1.934872727873271914e-01,1.778791189094889869e-01,7.129752230370766108e-01,-9.086523103401135393e-02,1.663268899654800625e-01,-3.442364002171852677e-01,4.755598396045941645e-02
6.625000000000000888e-01,8.239874408136271811e-01,-1.929321983309353339e-01,1.773687777291880208e-01,7.126916767479859471e-01,-9.060451880632511279e-02,1.652547837160571464e-01,-3.419143798400423040e-01,4.725877883742915508e-02
6.656250000000001332e-01,8.233853929234838942e-01,-1.923787164002949968e-01,1.768599017251472616e-01,7.124089440155179087e-01,-9.034455443734629165e-02,1.641899077809433616e-01,-3.396089776231374091e-01,4.696349235911004283e-02
6.687500000000000666e-01,8.227850721820074709e-01,-1.918268224233180552e-01,1.763524866833218741e-01,7.121270225059685988e-01,-9.008533578113760154e-02,1.631322104287874220e-01,-3.373200654912444363e-01,4.667011160195846942e-02
6.718750000000000000e-01,8.221864736339693502e-01,-1.912765118410660881e-01,1.758465284018477237e-01,7.118459098923308748e-01,-8.982686069792428230e-02,1.620816403267870132e-01,-3.350475164465194777e-01,4.637862373431336782e-02
6.750000000000000444e-01,8.215895923383671473e-01,-1.907277801077126300e-01,1.753420226910056834e-01,7.115656038542742534e-01,-8.956912705407647779e-02,1.610381465373376675e-01,-3.327912045585166845e-01,4.608901601569819623e-02
6.812500000000000222e-01,8.204009618113491387e-01,-1.896350350697286746e-01,1.743373522828541022e-01,7.110074022568554364e-01,-8.905587558057707909e-02,1.589721861019079419e-01,-3.283267938090584925e-01,4.551539051545666625e-02
6.875000000000000000e-01,8.192191413559055668e-01,-1.885485512035520450e-01,1.733384421826614230e-01,7.104523992838863711e-01,-8.854556441382650800e-02,1.569339294000814955e-01,-3.239258467738735936e-01,4.494913497491699605e-02
6.937500000000000888e-01,8.180440919520031162e-01,-1.874682926107456848e-01,1.723452593062749227e-01,7.099005766111553539e-01,-8.803817670420421848e-02,1.549229828234243156e-01,-3.195873934406610606e-01,4.439015068302763073e-02
7.000000000000000666e-01,8.168757748033284027e-01,-1.863942235990513618e-01,1.713577707604692080e-01,7.093519160194585726e-01,-8.753369569872269940e-02,1.529389587754414193e-01,-3.153104799514548362e-01,4.383834032262289709e-02
7.062500000000000444e-01,8.157141513360037788e-01,-1.853263086811996196e-01,1.703759438418288030e-01,7.088063993939978102e-01,-8.703210474047218259e-02,1.509814755715398193e-01,-3.110941683067585672e-01,4.329360794942224699e-02
7.125000000000000222e-01,8.145591831973093555e-01,-1.842645125737271961e-01,1.693997460356377882e-01,7.082640087237820348e-01,-8.653338726806864001e-02,1.490501573408220259e-01,-3.069375360756607662e-01,4.275585897137104685e-02
7.187500000000000000e-01,8.134108322544131298e-01,-1.832088001958009083e-01,1.684291450147760716e-01,7.077247261010313206e-01,-8.603752681510486167e-02,1.471446339296732519e-01,-3.028396761117956304e-01,4.222500012831665456e-02
7.250000000000000888e-01,8.122690605931081054e-01,-1.821591366680487545e-01,1.674641086386222943e-01,7.071885337205857658e-01,-8.554450700960475329e-02,1.452645408071053801e-01,-2.987996962750206209e-01,4.170093947201392037e-02
7.312500000000000666e-01,8.111338305165566309e-01,-1.811154873113976771e-01,1.665046049519637583e-01,7.066554138793165185e-01,-8.505431157348078419e-02,1.434095189718235797e-01,-2.948167191586846259e-01,4.118358634645444272e-02
7.375000000000000444e-01,8.100051045440428421e-01,-1.800778176459180424e-01,1.655506021839124875e-01,7.061253489755406898e-01,-8.456692432199454379e-02,1.415792148609797685e-01,-2.908898818223612515e-01,4.067285136851353511e-02
7.437500000000000222e-01,8.088828454097305443e-01,-1.790460933896750872e-01,1.646020687468283672e-01,7.055983215084398186e-01,-8.408232916322044836e-02,1.397732802605800018e-01,-2.870183355299292249e-01,4.016864640890975557e-02
7.500000000000000000e-01,8.077670160614301986e-01,-1.780202804575869435e-01,1.636589732352485560e-01,7.050743140774812234e-01,-8.360051009751250095e-02,1.379913722175124813e-01,-2.832012454928802825e-01,3.967088457347116986e-02
7.562500000000000888e-01,8.066575796593717929e-01,-1.770003449602893519e-01,1.627212844248234203e-01,7.045533093818430181e-01,-8.312145121697417371e-02,1.362331529531637109e-01,-2.794377906187404670e-01,3.917948018470310961e-02
7.625000000000000666e-01,8.055544995749850390e-01,-1.759862532030070370e-01,1.617889712712590466e-01,7.040352902198424578e-01,-8.264513670493132957e-02,1.344982897785915732e-01,-2.757271632644930359e-01,3.869434876365220044e-02
7.687500000000000444e-01,8.044577393896868989e-01,-1.749779716844316324e-01,1.608620029092659720e-01,7.035202394883672827e-01,-8.217155083540818306e-02,1.327864550112237974e-01,-2.720685689948926234e-01,3.821540701206134483e-02
7.750000000000000222e-01,8.033672628936759930e-01,-1.739754670956060734e-01,1.599403486515145467e-01,7.030081401823103926e-01,-8.170067797260624487e-02,1.310973258930522856e-01,-2.684612263455651848e-01,3.774257279481070537e-02
7.812500000000000000e-01,8.022830340847333375e-01,-1.729787063188158169e-01,1.590239779875963766e-01,7.024989753940079629e-01,-8.123250257038638900e-02,1.294305845102932395e-01,-2.649043665907882539e-01,3.727576512263969938e-02
7.875000000000000888e-01,8.012050171670311860e-01,-1.719876564264860574e-01,1.581128605829920930e-01,7.019927283126807804e-01,-8.076700917175377858e-02,1.277859177144843594e-01,-2.613972335158507576e-01,3.681490413514503651e-02
7.937500000000000666e-01,8.001331765499478665e-01,-1.710022846800858809e-01,1.572069662780456456e-01,7.014893822238785770e-01,-8.030418240834587273e-02,1.261630170449906940e-01,-2.579390831938925266e-01,3.635991108405012967e-02
8.000000000000000444e-01,7.990674768468893907e-01,-1.700225585290383312e-01,1.563062650869443126e-01,7.009889205089278041e-01,-7.984400699992325046e-02,1.245615786528914137e-01,-2.545291837671264101e-01,3.591070831674107039e-02
8.062500000000000222e-01,7.980078828741183905e-01,-1.690484456096371935e-01,1.554107271967052617e-01,7.004913266443821840e-01,-7.938646775386355714e-02,1.229813032262207367e-01,-2.511668152323489611e-01,3.546721926006461689e-02
8.125000000000000000e-01,7.969543596495896054e-01,-1.680799137439699664e-01,1.545203229661680500e-01,6.999965842014769235e-01,-7.893154956465821270e-02,1.214218959165360157e-01,-2.478512692306466259e-01,3.502936840438367061e-02
8.187500000000000888e-01,7.959068723917919197e-01,-1.671169309388469970e-01,1.536350229249932031e-01,6.995046768455857045e-01,-7.847923741341203407e-02,1.198830662667873942e-01,-2.445818488412074554e-01,3.459708128788580028e-02
8.250000000000000666e-01,7.948653865185969503e-01,-1.661594653847370817e-01,1.527547977726670392e-01,6.990155883356808930e-01,-7.802951636734592467e-02,1.183645281404636235e-01,-2.413578683791505475e-01,3.417028448114044908e-02
8.312500000000000444e-01,7.938298676461149617e-01,-1.652074854547091187e-01,1.518796183775120434e-01,6.985293025237970799e-01,-7.758237157930217287e-02,1.168659996519888500e-01,-2.381786531972859833e-01,3.374890557190051571e-02
8.375000000000000222e-01,7.928002815875564435e-01,-1.642609597033798663e-01,1.510094557757036549e-01,6.980458033544969521e-01,-7.713778828725276204e-02,1.153872030983466163e-01,-2.350435394917229082e-01,3.333287315014420160e-02
8.437500000000000000e-01,7.917765943521011263e-01,-1.633198568658680849e-01,1.501442811702927149e-01,6.975650748643416055e-01,-7.669575181381049767e-02,1.139278648919068576e-01,-2.319518741112422955e-01,3.292211679335294017e-02
8.500000000000000888e-01,7.907587721437727701e-01,-1.623841458567543694e-01,1.492840659302339112e-01,6.970871011813620788e-01,-7.625624756574292396e-02,1.124877154944328023e-01,-2.289030143703548181e-01,3.251656705202141118e-02
8.562500000000000666e-01,7.897467813603208375e-01,-1.614537957690476144e-01,1.484287815894199669e-01,6.966118665245357722e-01,-7.581926103348909929e-02,1.110664893522449737e-01,-2.258963278659655571e-01,3.211615543539565742e-02
8.625000000000000444e-01,7.887405885921087156e-01,-1.605287758731568093e-01,1.475783998457215751e-01,6.961393552032643095e-01,-7.538477779067900841e-02,1.096639248325198823e-01,-2.229311922975687754e-01,3.172081439743536929e-02
8.687500000000000222e-01,7.877401606210078233e-01,-1.596090556158693274e-01,1.467328925600333567e-01,6.956695516168557303e-01,-7.495278349365595838e-02,1.082797641607017303e-01,-2.200069952908982884e-01,3.133047732299665961e-02
8.750000000000000000e-01,7.867454644192989344e-01,-1.586946046193349891e-01,1.458922317553252579e-01,6.952024402540082360e-01,-7.452326388100158350e-02,1.069137533590056865e-01,-2.171231342249605456e-01,3.094507851423140138e-02
8.812500000000000888e-01,7.857564671485786079e-01,-1.577853926800560636e-01,1.450563896156997767e-01,6.947380056922987102e-01,-7.409620477306358421e-02,1.055656421859918204e-01,-2.142790160623787299e-01,3.056455317719961040e-02
8.875000000000000666e-01,7.847731361586733900e-01,-1.568813897678830172e-01,1.442253384854548237e-01,6.942762325976721272e-01,-7.367159207148633870e-02,1.042351840771892496e-01,-2.114740571829788474e-01,3.018883740869118121e-02
8.937500000000000444e-01,7.837954389865589011e-01,-1.559825660250163393e-01,1.433990508681521059e-01,6.938171057239354012e-01,-7.324941175874397081e-02,1.029221360867502849e-01,-2.087076832205488064e-01,2.981786818325342023e-02
9.000000000000000222e-01,7.828233433552861387e-01,-1.550888917650138643e-01,1.425774994256912565e-01,6.933606099122537891e-01,-7.282964989767634623e-02,1.016262588301152514e-01,-2.059793289027052887e-01,2.945158334042095871e-02
9.062500000000000000e-01,7.818568171729134431e-01,-1.542003374718042830e-01,1.417606569773892655e-01,6.929067300906496252e-01,-7.241229263102762215e-02,1.003473164276685453e-01,-2.032884378938021874e-01,2.908992157214462110e-02
9.125000000000000888e-01,7.808958285314446801e-01,-1.533168737987058716e-01,1.409484964990657119e-01,6.924554512735048295e-01,-7.199732618098747539e-02,9.908507644936710712e-02,-2.006344626408180232e-01,2.873282241041582794e-02
9.187500000000000666e-01,7.799403457057736411e-01,-1.524384715674514668e-01,1.401409911221331850e-01,6.920067585610654159e-01,-7.158473684873498111e-02,9.783930986032314536e-02,-1.980168642221601660e-01,2.838022621508337964e-02
9.250000000000000444e-01,7.789903371526346598e-01,-1.515651017672186296e-01,1.393381141326932027e-01,6.915606371389492191e-01,-7.117451101398511448e-02,9.660979096732254245e-02,-1.954351121993243845e-01,2.803207416185922451e-02
9.312500000000000222e-01,7.780457715095588922e-01,-1.506967355536656950e-01,1.385398389706377908e-01,6.911170722776570630e-01,-7.076663513453783361e-02,9.539629736626197010e-02,-1.928886844713519344e-01,2.768830823051018908e-02
9.375000000000000000e-01,7.771066175938368126e-01,-1.498333442479735100e-01,1.377461392287558928e-01,6.906760493320852623e-01,-7.036109574582989634e-02,9.419860989048681188e-02,-1.903770671320252350e-01,2.734887119323247198e-02
9.437500000000000888e-01,7.761728444014867057e-01,-1.489748993358923357e-01,1.369569886518456625e-01,6.902375537410422313e-01,-6.995787946048903638e-02,9.301651256001335077e-02,-1.878997543297457884e-01,2.701370660320589687e-02
9.500000000000000666e-01,7.752444211062293755e-01,-1.481213724667949372e-01,1.361723611358317543e-01,6.898015710267675349e-01,-6.955697296789091488e-02,9.184979253161847101e-02,-1.854562481300393861e-01,2.668275878332489887e-02
9.562500000000000444e-01,7.743213170584678506e-01,-1.472727354527343657e-01,1.353922307268878023e-01,6.893680867944533830e-01,-6.915836303371850069e-02,9.069824004978044307e-02,-1.830460583806338415e-01,2.635597281510325060e-02
9.625000000000000222e-01,7.734035017842740833e-01,-1.464289602675079294e-01,1.346165716205643959e-01,6.889370867317693437e-01,-6.876203649952400410e-02,8.956164839845533188e-02,-1.806687025790572609e-01,2.603329452774976252e-02
9.687500000000000000e-01,7.724909449843806453e-01,-1.455900190457262156e-01,1.338453581609219678e-01,6.885085566083888331e-01,-6.836798028229344737e-02,8.843981385367302717e-02,-1.783237057427045635e-01,2.571467048741200162e-02
9.750000000000000888e-01,7.715836165331788621e-01,-1.447558840818874981e-01,1.330785648396690113e-01,6.880824822755201575e-01,-6.797618137401349736e-02,8.733253563693779697e-02,-1.760106002813220105e-01,2.540004798658527380e-02
9.812500000000000666e-01,7.706814864777220553e-01,-1.439265278294578065e-01,1.323161662953054318e-01,6.876588496654377769e-01,-6.758662684124115694e-02,8.623961586941847335e-02,-1.737289258718604512e-01,2.508937503368419489e-02
9.875000000000000444e-01,7.697845250367348902e-01,-1.431019228999560189e-01,1.315581373122708120e-01,6.872376447910188979e-01,-6.719930382467551033e-02,8.516085952691331007e-02,-1.714782293356485743e-01,2.478260034277401241e-02
9.937500000000000222e-01,7.688927025996287190e-01,-1.422820420620443393e-01,1.308044528200979217e-01,6.868188537452802889e-01,-6.681419953873227180e-02,8.409607439557562070e-02,-1.692580645178397292e-01,2.447967332345921815e-02
1.000000000000000000e+00,7.680059897255218093e-01,-1.414668582406242159e-01,1.300550878925711695e-01,6.864024627009195356e-01,-6.643130127112067962e-02,8.304507102838579180e-02,-1.670679921690854663e-01,2.418054407092672803e-02
1.006250000000000089e+00,7.671243571422661223e-01,-1.406563445159373926e-01,1.293100177468901324e-01,6.859884579098581847e-01,-6.605059638242270770e-02,8.200766270235594624e-02,-1.649075798293910822e-01,2.388516335614113487e-02
1.012499999999999956e+00,7.662477757454787541e-01,-1.398504741226720138e-01,1.285692177428378602e-01,6.855768257027873291e-01,-6.567207230567490006e-02,8.098366537645394769e-02,-1.627764017141090369e-01,2.359348261618954279e-02
1.018750000000000044e+00,7.653762165975799281e-01,-1.390492204490742234e-01,1.278326633819543146e-01,6.851675524887163027e-01,-6.529571654595243968e-02,7.997289765023311847e-02,-1.606740386020265865e-01,2.330545394477344032e-02
1.025000000000000133e+00,7.645096509268356488e-01,-1.382525570360646494e-01,1.271003303067146373e-01,6.847606247545238167e-01,-6.492151667995575692e-02,7.897518072315533322e-02,-1.586000777255065775e-01,2.302103008284537775e-02
1.031250000000000000e+00,7.636480501264062415e-01,-1.374604575763602177e-01,1.263721942997122760e-01,6.843560290645112065e-01,-6.454946035559940010e-02,7.799033835459415198e-02,-1.565541126626387725e-01,2.274016440938787451e-02
1.037500000000000089e+00,7.627913857534005526e-01,-1.366728959136008226e-01,1.256482312828468006e-01,6.839537520599591192e-01,-6.417953529160329296e-02,7.701819682450582183e-02,-1.545357432313620993e-01,2.246281093233231871e-02
1.043750000000000178e+00,7.619396295279352582e-01,-1.358898460414812714e-01,1.249284173165169515e-01,6.835537804586858668e-01,-6.381172927708646248e-02,7.605858489475619821e-02,-1.525445753855188269e-01,2.218892427961568353e-02
1.050000000000000044e+00,7.610927533322000560e-01,-1.351112821028882527e-01,1.242127285988179758e-01,6.831561010546087775e-01,-6.344603017116294541e-02,7.511133377109122100e-02,-1.505802211128008938e-01,2.191845969037257286e-02
1.056249999999999911e+00,7.602507292095270763e-01,-1.343371783890420224e-01,1.235011414647440020e-01,6.827607007173079889e-01,-6.308242590254008186e-02,7.417627706573927393e-02,-1.486422983345511983e-01,2.165137300626059427e-02
1.062500000000000000e+00,7.594135293634675099e-01,-1.335675093386433643e-01,1.227936323853950074e-01,6.823675663915929057e-01,-6.272090446911916806e-02,7.325325076063439467e-02,-1.467304308073834052e-01,2.138762066291679739e-02
1.068750000000000089e+00,7.585811261568717878e-01,-1.328022495370255185e-01,1.220901779671886289e-01,6.819766850970709893e-01,-6.236145393759837119e-02,7.234209317124859484e-02,-1.448442480265836052e-01,2.112715968154312354e-02
1.074999999999999956e+00,7.577534921109758681e-01,-1.320413737153107725e-01,1.213907549510764433e-01,6.815880439277184344e-01,-6.200406244307791331e-02,7.144264491102250703e-02,-1.429833851312581061e-01,2.086994766061864640e-02
1.081250000000000044e+00,7.569305999044929623e-01,-1.312848567495719376e-01,1.206953402117649232e-01,6.812016300514547318e-01,-6.164871818866751729e-02,7.055474885638329807e-02,-1.411474828111934365e-01,2.061594276773662596e-02
1.087500000000000133e+00,7.561124223727099247e-01,-1.305326736599991544e-01,1.200039107569411401e-01,6.808174307097183409e-01,-6.129540944509616340e-02,6.967825011233975963e-02,-1.393361872153949244e-01,2.036510373156446077e-02
1.093750000000000000e+00,7.552989325065894155e-01,-1.297847996100708057e-01,1.193164437265028799e-01,6.804354332170452491e-01,-6.094412455032410109e-02,6.881299597864372342e-02,-1.375491498622697373e-01,2.011738983392432484e-02
1.100000000000000089e+00,7.544901034518763927e-01,-1.290412099057297590e-01,1.186329163917932694e-01,6.800556249606500847e-01,-6.059485190915694236e-02,6.795883591650755950e-02,-1.357860275514226611e-01,1.987276090199270942e-02
1.106250000000000178e+00,7.536859085082108223e-01,-1.283018799945642996e-01,1.179533061548401207e-01,6.796779934000096723e-01,-6.024757999286222548e-02,6.711562151586848712e-02,-1.340464822770333908e-01,1.963117730061694766e-02
1.112500000000000044e+00,7.528863211282448287e-01,-1.275667854649935873e-01,1.172775905475995917e-01,6.793025260664486975e-01,-5.990229733878797008e-02,6.628320646318895670e-02,-1.323301811427831098e-01,1.939259992474675828e-02
1.118749999999999911e+00,7.520913149167646194e-01,-1.268359020454579156e-01,1.166057472312043292e-01,6.789292105627278140e-01,-5.955899254998351516e-02,6.546144650978419355e-02,-1.306367962783009928e-01,1.915699019197898700e-02
1.125000000000000000e+00,7.513008636298184051e-01,-1.261092056036137721e-01,1.159377539952160530e-01,6.785580345626344156e-01,-5.921765429482252902e-02,6.465019944066718871e-02,-1.289660047571005719e-01,1.892431003521380037e-02
1.131250000000000089e+00,7.505149411738485377e-01,-1.253866721455335898e-01,1.152735887568826362e-01,6.781889858105752955e-01,-5.887827130662821873e-02,6.384932504390219976e-02,-1.273174885159770731e-01,1.869452189542046561e-02
1.137499999999999956e+00,7.497335216048289785e-01,-1.246682778149098419e-01,1.146132295603994183e-01,6.778220521211720806e-01,-5.854083238330064914e-02,6.305868508045728293e-02,-1.256909342758369685e-01,1.846758871451097822e-02
1.143750000000000044e+00,7.489565791274074291e-01,-1.239539988922639530e-01,1.139566545761749178e-01,6.774572213788584429e-01,-5.820532638694618510e-02,6.227814325454730793e-02,-1.240860334639319329e-01,1.824347392831980261e-02
1.150000000000000133e+00,7.481840880940529015e-01,-1.232438117941598160e-01,1.133038421001009294e-01,6.770944815374804193e-01,-5.787174224350916107e-02,6.150756518445882337e-02,-1.225024821374706835e-01,1.802214145968812284e-02
1.156250000000000000e+00,7.474160230042079522e-01,-1.225376930724217939e-01,1.126547705528268550e-01,6.767338206198985073e-01,-5.754006894240559083e-02,6.074681837384797445e-02,-1.209399809085808519e-01,1.780355571165080988e-02
1.162500000000000089e+00,7.466523585034453570e-01,-1.218356194133571047e-01,1.120094184790382252e-01,6.763752267175915378e-01,-5.721029553615897267e-02,5.999577218350321539e-02,-1.193982348705955043e-01,1.758768156072450586e-02
1.168750000000000178e+00,7.458930693826302250e-01,-1.211375676369830096e-01,1.113677645467396893e-01,6.760186879902642110e-01,-5.688241114003825954e-02,5.925429780356489262e-02,-1.178769535256390527e-01,1.737448435029531960e-02
1.175000000000000044e+00,7.451381305770868879e-01,-1.204435146962582331e-01,1.107297875465420162e-01,6.756641926654552988e-01,-5.655640493169788313e-02,5.852226822619317759e-02,-1.163758507134866060e-01,1.716392988410439871e-02
1.181249999999999911e+00,7.443875171657701184e-01,-1.197534376763188385e-01,1.100954663909533005e-01,6.753117290381493998e-01,-5.623226615081977631e-02,5.779955821867679283e-02,-1.148946445416729051e-01,1.695598441982991075e-02
1.187500000000000000e+00,7.436412043704415664e-01,-1.190673137937186266e-01,1.094647801136744425e-01,6.749612854703903597e-01,-5.590998409875756053e-02,5.708604429697473198e-02,-1.134330573168268880e-01,1.675061466276389979e-02
1.193750000000000089e+00,7.428991675548504148e-01,-1.183851203956739068e-01,1.088377078688987504e-01,6.746128503908963570e-01,-5.558954813818275248e-02,5.638160469968343802e-02,-1.119908154772082803e-01,1.654778775958254053e-02
1.200000000000000178e+00,7.421613822239199187e-01,-1.177068349593125285e-01,1.082142289306155108e-01,6.742664122946784300e-01,-5.527094769273294822e-02,5.568611936242177235e-02,-1.105676495264229231e-01,1.634747129220822520e-02
1.206250000000000266e+00,7.414278240229368322e-01,-1.170324350909273392e-01,1.075943226919178070e-01,6.739219597426603370e-01,-5.495417224666210299e-02,5.499946989262677333e-02,-1.091632939682948555e-01,1.614963327176213367e-02
1.212500000000000133e+00,7.406984687367471620e-01,-1.163618985252340005e-01,1.069779686643143740e-01,6.735794813613005250e-01,-5.463921134449276074e-02,5.432153954475284208e-02,-1.077774872428728242e-01,1.595424213260579482e-02
1.218750000000000000e+00,7.399732922889552533e-01,-1.156952031246328977e-01,1.063651464770453414e-01,6.732389658422169854e-01,-5.432605459067031684e-02,5.365221319586737508e-02,-1.064099716635495407e-01,1.576126672647027577e-02
1.225000000000000089e+00,7.392522707411284255e-01,-1.150323268784755742e-01,1.057558358764022072e-01,6.729004019418132199e-01,-5.401469164921926525e-02,5.299137732163605036e-02,-1.050604933552729270e-01,1.557067631667160418e-02
1.231250000000000178e+00,7.385353802920059385e-01,-1.143732479023352039e-01,1.051500167250516982e-01,6.725637784809076480e-01,-5.370511224340145107e-02,5.233891997269094626e-02,-1.037288021938283927e-01,1.538244057241109491e-02
1.237500000000000044e+00,7.378225972767119556e-01,-1.137179444372814485e-01,1.045476690013635579e-01,6.722290843443636810e-01,-5.339730615537622432e-02,5.169473075137479001e-02,-1.024146517461718559e-01,1.519652956315918797e-02
1.243749999999999911e+00,7.371138981659738354e-01,-1.130663948491592297e-01,1.039487727987422894e-01,6.718963084807235697e-01,-5.309126322586257829e-02,5.105870078885481333e-02,-1.011177992117935631e-01,1.501291375312154355e-02
1.250000000000000000e+00,7.364092595653439766e-01,-1.124185776278719545e-01,1.033533083249628670e-01,6.715654399018424758e-01,-5.278697335380324457e-02,5.043072272260010896e-02,-9.983800536509376822e-02,1.483156399578610882e-02
1.256250000000000089e+00,7.357086582144275466e-01,-1.117744713866688083e-01,1.027612559015103205e-01,6.712364676825262055e-01,-5.248442649603072413e-02,4.981069067421595165e-02,-9.857503449875083812e-02,1.465245152854987784e-02
1.262500000000000178e+00,7.350120709861128754e-01,-1.111340548614360157e-01,1.021725959629231489e-01,6.709093809601706093e-01,-5.218361266693519185e-02,4.919850022762891489e-02,-9.732865436806295567e-02,1.447554796742406627e-02
1.268750000000000266e+00,7.343194748858080656e-01,-1.104973069099923627e-01,1.015873090561406206e-01,6.705841689344022027e-01,-5.188452193813435087e-02,4.859404840761698263e-02,-9.609863613624557155e-02,1.430082530181654016e-02
1.275000000000000133e+00,7.336308470506800461e-01,-1.098642065113887012e-01,1.010053758398538754e-01,6.702608208667221179e-01,-5.158714443814519518e-02,4.799723365867858416e-02,-9.488475432066670323e-02,1.412825588939026038e-02
1.281250000000000000e+00,7.329461647489001752e-01,-1.092347327652115202e-01,1.004267770838607604e-01,6.699393260801512762e-01,-5.129147035205759708e-02,4.740795582423466131e-02,-9.368678674000194273e-02,1.395781245099654566e-02
1.287500000000000089e+00,7.322654053788922868e-01,-1.086088648908904858e-01,9.985149366842457908e-02,6.696196739588778923e-01,-5.099748992120982372e-02,4.682611612615836250e-02,-9.250451446229299157e-02,1.378946806568204751e-02
1.293750000000000178e+00,7.315885464685859541e-01,-1.079865822270101583e-01,9.927950658363650371e-02,6.693018539479066442e-01,-5.070519344286595481e-02,4.625161714462652784e-02,-9.133772175389208436e-02,1.362319616576825217e-02
1.300000000000000044e+00,7.309155656746741947e-01,-1.073678642306254288e-01,9.871079692878177714e-02,6.689858555527106176e-01,-5.041457126989504212e-02,4.568436279828748392e-02,-9.018619602927614720e-02,1.345897053200236816e-02
1.306249999999999911e+00,7.302464407818750614e-01,-1.067526904765810636e-01,9.814534591170941125e-02,6.686716683388845839e-01,-5.012561381045221170e-02,4.512425832473984655e-02,-8.904972780171444002e-02,1.329676528877853266e-02
1.312500000000000000e+00,7.295811497021972292e-01,-1.061410406568351200e-01,9.758313484820589634e-02,6.683592819318000533e-01,-4.983831152766152878e-02,4.457121026131706520e-02,-8.792811063477408429e-02,1.313655489942824189e-02
1.318750000000000089e+00,7.289196704742106903e-01,-1.055328945797863460e-01,9.702414516137235212e-02,6.680486860162634377e-01,-4.955265493930079146e-02,4.402512642617252558e-02,-8.682114109464786345e-02,1.297831416157894588e-02
1.325000000000000178e+00,7.282619812623206679e-01,-1.049282321696053538e-01,9.646835838100535632e-02,6.677398703361748789e-01,-4.926863461748799689e-02,4.348591589965992293e-02,-8.572861870328891964e-02,1.282201820257970054e-02
1.331250000000000266e+00,7.276080603560460824e-01,-1.043270334655697074e-01,9.591575614298140928e-02,6.674328246941897413e-01,-4.898624118836970853e-02,4.295348900600418768e-02,-8.465034589233766393e-02,1.266764247499292152e-02
1.337500000000000133e+00,7.269578861693027916e-01,-1.037292786214028401e-01,9.536632018864504845e-02,6.671275389513819931e-01,-4.870546533181119297e-02,4.242775729525789796e-02,-8.358612795782646709e-02,1.251516275215116929e-02
1.343750000000000000e+00,7.263114372396897167e-01,-1.031349479046167750e-01,9.482003236420033510e-02,6.668240030269094731e-01,-4.842629778108827748e-02,4.190863352553832882e-02,-8.253577301564730961e-02,1.236455512377798195e-02
1.350000000000000089e+00,7.256686922277798546e-01,-1.025440216958586059e-01,9.427687462010615749e-02,6.665222068976809355e-01,-4.814872932258108112e-02,4.139603164554058606e-02,-8.149909195776915138e-02,1.221579599167177746e-02
1.356250000000000178e+00,7.250296299164153968e-01,-1.019564804882609060e-01,9.373682901047493410e-02,6.662221405980247591e-01,-4.787275079546945283e-02,4.088986677732205782e-02,-8.047589840919071313e-02,1.206886206545187620e-02
1.362500000000000044e+00,7.243942292100067348e-01,-1.013723048867956750e-01,9.319987769247482789e-02,6.659237942193606541e-01,-4.759835309143013726e-02,4.039005519935356947e-02,-7.946600868561531916e-02,1.192373035836563275e-02
1.368749999999999911e+00,7.237624691338352401e-01,-1.007914756076320473e-01,9.266600292573537456e-02,6.656271579098719249e-01,-4.732552715433569618e-02,3.989651432983287727e-02,-7.846924175183474237e-02,1.178037818315578501e-02
1.375000000000000000e+00,7.231343288333604846e-01,-1.002139734774978586e-01,9.213518707175673284e-02,6.653322218741802851e-01,-4.705426397995518539e-02,3.940916271025613621e-02,-7.748541918080917301e-02,1.163878314798712753e-02
1.381250000000000089e+00,7.225097875735309039e-01,-9.963977943304476448e-02,9.160741259332229325e-02,6.650389763730225612e-01,-4.678455461565654561e-02,3.892791998924295671e-02,-7.651436511343062685e-02,1.149892315243154599e-02
1.387500000000000178e+00,7.218888247380992329e-01,-9.906887452021702345e-02,9.108266205391471471e-02,6.647474117229290602e-01,-4.651639016011065858e-02,3.845270690661078267e-02,-7.555590621895706682e-02,1.136077638351055269e-02
1.393750000000000266e+00,7.212714198289411627e-01,-9.850123989362398469e-02,9.056091811713540274e-02,6.644575182959038262e-01,-4.624976176299717273e-02,3.798344527769453860e-02,-7.460987165610562244e-02,1.122432131179443814e-02
1.400000000000000133e+00,7.206575524653781040e-01,-9.793685681591607350e-02,9.004216354612727680e-02,6.641692865191067829e-01,-4.598466062471194549e-02,3.752005797790743807e-02,-7.367609303479250027e-02,1.108953668755719053e-02
1.406250000000000000e+00,7.200472023835037261e-01,-9.737570665716453744e-02,8.952638120300102087e-02,6.638827068745375426e-01,-4.572107799607621342e-02,3.706246892753880390e-02,-7.275440437850816400e-02,1.095640153698631755e-02
1.412500000000000089e+00,7.194403494355148254e-01,-9.681777089424457861e-02,8.901355404826455375e-02,6.635977698987214346e-01,-4.545900517804743468e-02,3.661060307678527803e-02,-7.184464208731618229e-02,1.082489515844675849e-02
1.418750000000000178e+00,7.188369735890454137e-01,-9.626303111022230241e-02,8.850366514025603815e-02,6.633144661823966448e-01,-4.519843352143177589e-02,3.616438639101124397e-02,-7.094664490146478097e-02,1.069499711879805248e-02
1.425000000000000044e+00,7.182370549265053583e-01,-9.571146899374491368e-02,8.799669763457991511e-02,6.630327863702040192e-01,-4.493935442659827140e-02,3.572374583623481176e-02,-7.006025386559965040e-02,1.056668724976395600e-02
1.431249999999999911e+00,7.176405736444219086e-01,-9.516306633843459040e-02,8.749263478354636636e-02,6.627527211603779778e-01,-4.468175934319455755e-02,3.528860936483558391e-02,-6.918531229356740531e-02,1.043994564435370143e-02
1.437500000000000000e+00,7.170475100527857748e-01,-9.461780504228575750e-02,8.699145993561405166e-02,6.624742613044389827e-01,-4.442563976986432794e-02,3.485890590148068430e-02,-6.832166573379935826e-02,1.031475265333415756e-02
1.443750000000000089e+00,7.164578445744004265e-01,-9.407566710706606605e-02,8.649315653483609367e-02,6.621973976068892265e-01,-4.417098725396639142e-02,3.443456532926528896e-02,-6.746916193526497629e-02,1.019108888175211149e-02
1.450000000000000178e+00,7.158715577442357203e-01,-9.353663463772048103e-02,8.599770812030925471e-02,6.619221209249077642e-01,-4.391779339129529836e-02,3.401551847606416185e-02,-6.662765081398464018e-02,1.006893518550585481e-02
1.456250000000000266e+00,7.152886302087847481e-01,-9.300068984177900511e-02,8.550509832562624979e-02,6.616484221680496436e-01,-4.366604982580360450e-02,3.360169710109084384e-02,-6.579698442009218606e-02,9.948272667965428820e-03
1.462500000000000133e+00,7.147090427254245704e-01,-9.246781502876787184e-02,8.501531087833145983e-02,6.613762922979455894e-01,-4.341574824932573073e-02,3.319303388166094243e-02,-6.497701690543718211e-02,9.829082676640723756e-03
1.468750000000000000e+00,7.141327761617800585e-01,-9.193799260962390307e-02,8.452832959937948976e-02,6.611057223280029094e-01,-4.316688040130339105e-02,3.278946240015623292e-02,-6.416760449171718395e-02,9.711346799896733092e-03
1.475000000000000089e+00,7.135598114950928439e-01,-9.141120509611246059e-02,8.404413840259722379e-02,6.608367033231099530e-01,-4.291943806851261645e-02,3.239091713118639332e-02,-6.336860543913104549e-02,9.595046863715281024e-03
1.481250000000000178e+00,7.129901298115921549e-01,-9.088743510024868688e-02,8.356272129414875349e-02,6.605692263993400148e-01,-4.267341308479237483e-02,3.199733342894497956e-02,-6.257988001554355695e-02,9.480164928502492899e-03
1.487500000000000044e+00,7.124237123058705379e-01,-9.036666533372206267e-02,8.308406237200356703e-02,6.603032827236589020e-01,-4.242879733077467574e-02,3.160864751475657430e-02,-6.180129046615261135e-02,9.366683285941330289e-03
1.493749999999999911e+00,7.118605402802623550e-01,-8.984887860732415632e-02,8.260814582540772222e-02,6.600388635136326121e-01,-4.218558273361625033e-02,3.122479646481190335e-02,-6.103270098364985824e-02,9.254584455888510697e-03
1.500000000000000000e+00,7.113005951442261665e-01,-8.933405783037991210e-02,8.213495593435811426e-02,6.597759600371378985e-01,-4.194376126673181326e-02,3.084571819808803322e-02,-6.027397767886639307e-02,9.143851183315180459e-03
1.506250000000000089e+00,7.107438584137311111e-01,-8.882218601018208870e-02,8.166447706907994930e-02,6.595145636120739452e-01,-4.170332494952885133e-02,3.047135146445048570e-02,-5.952498855189480159e-02,9.034466435290660832e-03
1.512500000000000178e+00,7.101903117106459495e-01,-8.831324625142891738e-02,8.119669368950702126e-02,6.592546656060752630e-01,-4.146426584714387603e-02,3.010163583293436543e-02,-5.878560346367898981e-02,8.926413398008606337e-03
1.518750000000000266e+00,7.096399367621319954e-01,-8.780722175566503529e-02,8.073159034476515283e-02,6.589962574362272507e-01,-4.122657607018023751e-02,2.973651168020161745e-02,-5.805569410806390301e-02,8.819675473854987277e-03
1.525000000000000133e+00,7.090927154000400412e-01,-8.730409582072569397e-02,8.026915167265864792e-02,6.587393305687826439e-01,-4.099024777444745110e-02,2.937592017917158363e-02,-5.733513398429692515e-02,8.714236278517247664e-03
1.531250000000000000e+00,7.085486295603096174e-01,-8.680385184018400702e-02,7.980936239915957520e-02,6.584838765188797405e-01,-4.075527316070196721e-02,2.901980328782197138e-02,-5.662379836997296495e-02,8.610079638134010560e-03
1.537500000000000089e+00,7.080076612823726911e-01,-8.630647330280159790e-02,7.935220733790022962e-02,6.582298868502621803e-01,-4.052164447438949546e-02,2.866810373815761176e-02,-5.592156429441564464e-02,8.507189586484768806e-03
1.543750000000000178e+00,7.074697927085606963e-01,-8.581194379198228694e-02,7.889767138966842508e-02,6.579773531750009452e-01,-4.028935400538878608e-02,2.832076502534425222e-02,-5.522831051248697221e-02,8.405550362218957433e-03
1.550000000000000044e+00,7.069350060835142280e-01,-8.532024698522891470e-02,7.844573954190570131e-02,6.577262671532166927e-01,-4.005839408775686838e-02,2.797773139700466399e-02,-5.454391747881779523e-02,8.305146406123774597e-03
1.556249999999999911e+00,7.064032837535969556e-01,-8.483136665360328788e-02,7.799639686820844520e-02,6.574766204928049751e-01,-3.982875709947575338e-02,2.763894784267451055e-02,-5.386826732245194455e-02,8.205962358430234083e-03
1.562500000000000000e+00,7.058746081663122007e-01,-8.434528666118928930e-02,7.754962852783200966e-02,6.572284049491623481e-01,-3.960043546220056582e-02,2.730436008341546178e-02,-5.320124382189683754e-02,8.107983056156876922e-03
1.568750000000000089e+00,7.053489618697238450e-01,-8.386199096455909663e-02,7.710541976519759422e-02,6.569816123249143658e-01,-3.937342164100924441e-02,2.697391456158300740e-02,-5.254273238057353274e-02,8.011193530490555784e-03
1.575000000000000178e+00,7.048263275118791249e-01,-8.338146361224237080e-02,7.666375590940203988e-02,6.567362344696444643e-01,-3.914770814415349798e-02,2.664755843074640210e-02,-5.189262000265910946e-02,7.915579004203769989e-03
1.581250000000000266e+00,7.043066878402364228e-01,-8.290368874419856704e-02,7.622462237373042737e-02,6.564922632796255098e-01,-3.892328752281132287e-02,2.632523954575843178e-02,-5.125079526931482221e-02,7.821124889107990835e-03
1.587500000000000133e+00,7.037900257010947236e-01,-8.242865059129231287e-02,7.578800465517160356e-02,6.562496906975517907e-01,-3.870015237084090814e-02,2.600690645297257242e-02,-5.061714831529327829e-02,7.727816783542481964e-03
1.593750000000000000e+00,7.032763240390272896e-01,-8.195633347477170039e-02,7.535388833393637242e-02,6.560085087122735636e-01,-3.847829532453590079e-02,2.569250838060515782e-02,-4.999157080591803970e-02,7.635640469898038844e-03
1.600000000000000089e+00,7.027655658963188889e-01,-8.148672180574967339e-02,7.492225907297857257e-02,6.557687093585318205e-01,-3.825770906238216973e-02,2.538199522924029436e-02,-4.937395591442937659e-02,7.544581912175187671e-03
1.606250000000000178e+00,7.022577344124049104e-01,-8.101980008468842587e-02,7.449310261751898588e-02,6.555302847166961655e-01,-3.803838630481590211e-02,2.507531756247527444e-02,-4.876419829968979547e-02,7.454627253576317190e-03
1.612500000000000044e+00,7.017528128233152529e-01,-8.055555290088667331e-02,7.406640479457184123e-02,6.552932269125028020e-01,-3.782031981398310816e-02,2.477242659770415717e-02,-4.816219408424315951e-02,7.365762814131220429e-03
1.618749999999999911e+00,7.012507844611204355e-01,-8.009396493196987987e-02,7.364215151247423263e-02,6.550575281167950736e-01,-3.760350239350047225e-02,2.447327419703740695e-02,-4.756784083272125319e-02,7.277975088355581428e-03
1.625000000000000000e+00,7.007516327533809264e-01,-7.963502094338348325e-02,7.322032876041810467e-02,6.548231805452643384e-01,-3.738792688821763327e-02,2.417781285835542832e-02,-4.698103753059209436e-02,7.191250742941933394e-03
1.631250000000000089e+00,7.002553412226000251e-01,-7.917870578788903380e-02,7.280092260798516623e-02,6.545901764581936177e-01,-3.717358618398082515e-02,2.388599570649393294e-02,-4.640168456324401947e-02,7.105576614482599085e-03
1.637500000000000178e+00,6.997618934856799644e-01,-7.872500440506319253e-02,7.238391920468426055e-02,6.543585081602021347e-01,-3.696047320739779402e-02,2.359777648455887653e-02,-4.582968369539963671e-02,7.020939707224129432e-03
1.643750000000000266e+00,6.992712732533805653e-01,-7.827390182079960179e-02,7.196930477949159410e-02,6.541281679999905174e-01,-3.674858092560418649e-02,2.331310954536913033e-02,-4.526493805085429062e-02,6.937327190852809328e-03
1.650000000000000133e+00,6.987834643297810011e-01,-7.782538314681367031e-02,7.155706564039350515e-02,6.538991483700892227e-01,-3.653790234603115916e-02,2.303194984302477100e-02,-4.470735209253346581e-02,6.854726398310765668e-03
1.656250000000000000e+00,6.982984506117457801e-01,-7.737943358015014761e-02,7.114718817393199390e-02,6.536714417066067373e-01,-3.632843051617441754e-02,2.275425292459897983e-02,-4.415683160286350273e-02,6.773124823642217955e-03
1.662500000000000089e+00,6.978162160883922827e-01,-7.693603840269359895e-02,7.073965884475277854e-02,6.534450404889800001e-01,-3.612015852336450394e-02,2.247997492195173697e-02,-4.361328366445061527e-02,6.692510119869458582e-03
1.668750000000000178e+00,6.973367448405621838e-01,-7.649518298068164190e-02,7.033446419515608505e-02,6.532199372397263781e-01,-3.591307949453848708e-02,2.220907254366328784e-02,-4.307661664106281901e-02,6.612870096898113524e-03
1.675000000000000044e+00,6.968600210402960959e-01,-7.605685276422104180e-02,6.993159084464993513e-02,6.529961245241968637e-01,-3.570718659601290063e-02,2.194150306708553266e-02,-4.254674015890958644e-02,6.534192719451255814e-03
1.681249999999999911e+00,6.963860289503103207e-01,-7.562103328680648551e-02,6.953102548950602924e-02,6.527735949503301605e-01,-3.550247303325797937e-02,2.167722433050946890e-02,-4.202356508821430969e-02,6.456466105031945062e-03
1.687500000000000000e+00,6.959147529234777085e-01,-7.518771016484222802e-02,6.913275490231829412e-02,6.525523411684091002e-01,-3.529893205067320683e-02,2.141619472544697630e-02,-4.150700352507463026e-02,6.379678521913818325e-03
1.693750000000000089e+00,6.954461774023105169e-01,-7.475686909716647288e-02,6.873676593156392844e-02,6.523323558708182812e-01,-3.509655693136420895e-02,2.115837318902505024e-02,-4.099696877360578529e-02,6.303818387159283894e-03
1.700000000000000178e+00,6.949802869184470433e-01,-7.432849586457843105e-02,6.834304550116689081e-02,6.521136317918019287e-01,-3.489534099692083446e-02,2.090371919649075885e-02,-4.049337532836209258e-02,6.228874264664931160e-03
1.706250000000000266e+00,6.945170660921407002e-01,-7.390257632936815535e-02,6.795158061006416339e-02,6.518961617072251968e-01,-3.469527760719656045e-02,2.065219275382521730e-02,-3.999613885703207777e-02,6.154834863233767106e-03
1.712500000000000133e+00,6.940564996317521995e-01,-7.347909643484903941e-02,6.756235833177422212e-02,6.516799384343348045e-01,-3.449636016008915396e-02,2.040375439046488229e-02,-3.950517618340250448e-02,6.081689034673898667e-03
1.718750000000000000e+00,6.935985723332442898e-01,-7.305804220489305056e-02,6.717536581396824080e-02,6.514649548315224470e-01,-3.429858209132258945e-02,2.015836515212846708e-02,-3.902040527058689423e-02,6.009425771923248075e-03
1.725000000000000089e+00,6.931432690796801577e-01,-7.263939974346855788e-02,6.679059027804364057e-02,6.512512037980888735e-01,-3.410193687423020842e-02,1.991598659374788777e-02,-3.854174520451410235e-02,5.938034207199965539e-03
1.731250000000000178e+00,6.926905748407241603e-01,-7.222315523418094962e-02,6.640801901870024837e-02,6.510386782740095191e-01,-3.390641801953917650e-02,1.967658077250163118e-02,-3.806911617767261280e-02,5.867503610178154139e-03
1.737500000000000044e+00,6.922404746721453339e-01,-7.180929493981576262e-02,6.602763940351873140e-02,6.508273712397013577e-01,-3.371201907515610635e-02,1.944011024094887199e-02,-3.760243947310620838e-02,5.797823386188514887e-03
1.743749999999999911e+00,6.917929537153240105e-01,-7.139780520188447610e-02,6.564943887254154342e-02,6.506172757157916431e-01,-3.351873362595392952e-02,1.920653804026285424e-02,-3.714163744865687372e-02,5.728983074443587571e-03
1.750000000000000000e+00,6.913479971967614324e-01,-7.098867244017292855e-02,6.527340493785636910e-02,6.504083847628867598e-01,-3.332655529356003815e-02,1.897582769356203139e-02,-3.668663352145088569e-02,5.660972346287226550e-03
1.756250000000000089e+00,6.909055904275913651e-01,-7.058188315229241283e-02,6.489952518318189978e-02,6.502006914813440730e-01,-3.313547773614557851e-02,1.874794319933740724e-02,-3.623735215262403192e-02,5.593781003467961088e-03
1.762500000000000178e+00,6.904657188030960402e-01,-7.017742391323315843e-02,6.452778726345599625e-02,6.499941890110433329e-01,-3.294549464821600049e-02,1.852284902497457891e-02,-3.579371883228183587e-02,5.527398976435880275e-03
1.768750000000000266e+00,6.900283678022227640e-01,-6.977528137492053362e-02,6.415817890442628013e-02,6.497888705311608559e-01,-3.275659976040277976e-02,1.830051010036908010e-02,-3.535566006469114536e-02,5.461816322662729414e-03
1.775000000000000133e+00,6.895935229871053007e-01,-6.937544226577380124e-02,6.379068790224307062e-02,6.495847292599441491e-01,-3.256878683925636120e-02,1.808089181163355028e-02,-3.492310335369901153e-02,5.397023224984879609e-03
1.781250000000000000e+00,6.891611700025870313e-01,-6.897789339026731692e-02,6.342530212305463877e-02,6.493817584544879784e-01,-3.238204968704024717e-02,1.786395999489533495e-02,-3.449597718837531940e-02,5.333009989968822730e-03
1.787500000000000089e+00,6.887312945757465554e-01,-6.858262162849426691e-02,6.306200950260487659e-02,6.491799514105118796e-01,-3.219638214152631406e-02,1.764968093018314671e-02,-3.407421102887529113e-02,5.269767046298902066e-03
1.793750000000000178e+00,6.883038825154269569e-01,-6.818961393573305663e-02,6.270079804583326977e-02,6.489793014621391132e-01,-3.201177807579130841e-02,1.743802133540140256e-02,-3.365773529251848972e-02,5.207284943186945604e-03
1.800000000000000044e+00,6.878789197117667342e-01,-6.779885734201600289e-02,6.234165582647711867e-02,6.487798019816759520e-01,-3.182823139801445322e-02,1.722894836039089508e-02,-3.324648134008039574e-02,5.145554348803470582e-03
1.806249999999999911e+00,6.874563921357343954e-01,-6.741033895170059353e-02,6.198457098667610465e-02,6.485814463793939666e-01,-3.164573605127625477e-02,1.702242958107445456e-02,-3.284038146229337901e-02,5.084566048730177444e-03
1.812500000000000000e+00,6.870362858386650506e-01,-6.702404594304320340e-02,6.162953173657917394e-02,6.483842281033113109e-01,-3.146428601335844732e-02,1.681843299368639827e-02,-3.243936886655352653e-02,5.024310944433427011e-03
1.818750000000000089e+00,6.866185869517997808e-01,-6.663996556777528057e-02,6.127652635395367670e-02,6.481881406389775613e-01,-3.128387529654514526e-02,1.661692700908439305e-02,-3.204337766382995417e-02,4.964780051758392945e-03
1.825000000000000178e+00,6.862032816858280038e-01,-6.625808515068193350e-02,6.092554318379669875e-02,6.479931775092581114e-01,-3.110449794742505339e-02,1.641788044714250633e-02,-3.165234285577322310e-02,4.905964499443590289e-03
1.831250000000000266e+00,6.857903563304317274e-01,-6.587839208918294664e-02,6.057657063794872482e-02,6.477993322741202320e-01,-3.092614804669483602e-02,1.622126253122421757e-02,-3.126620032201973126e-02,4.847855527655505967e-03
1.837500000000000133e+00,6.853797972538334671e-01,-6.550087385291621100e-02,6.022959719470950130e-02,6.476065985304211292e-01,-3.074881970896365183e-02,1.602704288273418959e-02,-3.088488680768879113e-02,4.790444486543037235e-03
1.843750000000000000e+00,6.849715909023459393e-01,-6.512551798332356923e-02,5.988461139845607795e-02,6.474149699116958923e-01,-3.057250708255875721e-02,1.583519151574755771e-02,-3.050833991106923285e-02,4.733722834811449239e-03
1.850000000000000089e+00,6.845657237999241973e-01,-6.475231209323897841e-02,5.954160185926311855e-02,6.472244400879478832e-01,-3.039720434933226856e-02,1.564567883171562312e-02,-3.013649807149258036e-02,4.677682138315596670e-03
1.856250000000000178e+00,6.841621825477213203e-01,-6.438124386647912922e-02,5.920055725252541812e-02,6.470350027654396818e-01,-3.022290572446901732e-02,1.545847561424677254e-02,-2.976930055738966421e-02,4.622314068672112898e-03
1.862500000000000044e+00,6.837609538236456563e-01,-6.401230105743635490e-02,5.886146631858251571e-02,6.468466516864851412e-01,-3.004960545629550839e-02,1.527355302396144268e-02,-2.940668745452765936e-02,4.567610401890312422e-03
1.868749999999999911e+00,6.833620243819212847e-01,-6.364547149067388554e-02,5.852431786234549987e-02,6.466593806292429969e-01,-2.987729782608993662e-02,1.509088259342005432e-02,-2.904859965442468592e-02,4.513563017021528234e-03
1.875000000000000000e+00,6.829653810526503666e-01,-6.328074306052337838e-02,5.818910075292604844e-02,6.464731834075118089e-01,-2.970597714789337263e-02,1.491043622212282621e-02,-2.869497884293912421e-02,4.460163894826643834e-03
1.881250000000000089e+00,6.825710107413783811e-01,-6.291810373068497386e-02,5.785580392326752225e-02,6.462880538705250144e-01,-2.953563776832196855e-02,1.473218617158037272e-02,-2.834576748903078203e-02,4.407405116461550997e-03
1.887500000000000178e+00,6.821789004286623603e-01,-6.255754153382932226e-02,5.752441636977823763e-02,6.461039859027488674e-01,-2.936627406638026017e-02,1.455610506045398704e-02,-2.800090883369107594e-02,4.355278862180272242e-03
1.893750000000000266e+00,6.817890371696401219e-01,-6.219904457120217778e-02,5.719492715196680677e-02,6.459209734236797118e-01,-2.919788045327553760e-02,1.438216585976460037e-02,-2.766034687903962466e-02,4.303777410055512065e-03
1.900000000000000133e+00,6.814014080936039441e-01,-6.184260101223114370e-02,5.686732539207964982e-02,6.457390103876438081e-01,-2.903045137223330199e-02,1.421034188816938659e-02,-2.732402637758448577e-02,4.252893134716389731e-03
1.906250000000000000e+00,6.810160004035746839e-01,-6.148819909413461016e-02,5.654160027474051942e-02,6.455580907835980486e-01,-2.886398129831372478e-02,1.404060680730495961e-02,-2.699189282164338871e-02,4.202618506103102981e-03
1.912500000000000089e+00,6.806328013758798923e-01,-6.113582712153309284e-02,5.621774104659218313e-02,6.453782086349305613e-01,-2.869846473822922767e-02,1.387293461719622291e-02,-2.666389243292349720e-02,4.152946088238290180e-03
1.918750000000000178e+00,6.802517983597339279e-01,-6.078547346606273660e-02,5.589573701594015287e-02,6.451993579992644223e-01,-2.853389623016307913e-02,1.370729965172984635e-02,-2.633997215225704347e-02,4.103868538014869734e-03
1.925000000000000044e+00,6.798729787768195143e-01,-6.043712656599099092e-02,5.557557755239844050e-02,6.450215329682613685e-01,-2.837027034358902133e-02,1.354367657419140204e-02,-2.602007962949033637e-02,4.055378604000093104e-03
1.931249999999999911e+00,6.794963301208732931e-01,-6.009077492583452668e-02,5.525725208653735343e-02,6.448447276674262874e-01,-2.820758167909193440e-02,1.338204037286521916e-02,-2.570416321352373551e-02,4.007469125255610186e-03
1.937500000000000000e+00,6.791218399572724884e-01,-5.974640711597938719e-02,5.494075010953336502e-02,6.446689362559138159e-01,-2.804582486818953807e-02,1.322236635669604699e-02,-2.539217194250017670e-02,3.960133030173315465e-03
1.943750000000000089e+00,6.787494959226245683e-01,-5.940401177230327651e-02,5.462606117282101104e-02,6.444941529263351621e-01,-2.788499457315514116e-02,1.306463015101157719e-02,-2.508405553413989644e-02,3.913363335326760714e-03
1.950000000000000178e+00,6.783792857243593488e-01,-5.906357759580004030e-02,5.431317488774673602e-02,6.443203719045671463e-01,-2.772508548684134849e-02,1.290880769330489571e-02,-2.477976437621890946e-02,3.867153144337892243e-03
1.956250000000000266e+00,6.780111971403224302e-01,-5.872509335220625626e-02,5.400208092522477271e-02,6.441475874495606879e-01,-2.756609233250482960e-02,1.275487522907602783e-02,-2.447924951718909864e-02,3.821495646758929672e-03
1.962500000000000133e+00,6.776452180183726304e-01,-5.838854787163006571e-02,5.369276901539502683e-02,6.439757938531520676e-01,-2.740800986363207264e-02,1.260280930773166781e-02,-2.418246265693756863e-02,3.776384116969153798e-03
1.968750000000000000e+00,6.772813362759803058e-01,-5.805393004818200364e-02,5.338522894728286311e-02,6.438049854398740779e-01,-2.725083286376611680e-02,1.245258677854221493e-02,-2.388935613768305988e-02,3.731811913086397533e-03
1.975000000000000089e+00,6.769195398998282265e-01,-5.772122883960806305e-02,5.307945056846093135e-02,6.436351565667691732e-01,-2.709455614633433235e-02,1.230418478665530266e-02,-2.359988293500732415e-02,3.687772475893045642e-03
1.981250000000000178e+00,6.765598169454158928e-01,-5.739043326692485486e-02,5.277542378471294926e-02,6.434663016232025079e-01,-2.693917455447715145e-02,1.215758076916497593e-02,-2.331399664901923074e-02,3.644259327776335974e-03
1.987500000000000044e+00,6.762021555366641845e-01,-5.706153241405678700e-02,5.247313855969933799e-02,6.432984150306777504e-01,-2.678468296087777728e-02,1.201275245123565455e-02,-2.303165149564954245e-02,3.601266071682751417e-03
1.993749999999999911e+00,6.758465438655241186e-01,-5.673451542747538767e-02,5.217258491462484910e-02,6.431314912426517871e-01,-2.663107626759288193e-02,1.186967784228010192e-02,-2.275280229807425877e-02,3.558786390086317395e-03
2.000000000000000000e+00,6.754929701915866058e-01,-5.640937151584067555e-02,5.187375292790807196e-02,6.429655247443528676e-01,-2.647834940588426542e-02,1.172833523219063596e-02,-2.247740447826457322e-02,3.516814043970617563e-03
2.006250000000000089e+00,6.751414228416950936e-01,-5.608608994964463940e-02,5.157663273485295352e-02,6.428005100525976401e-01,-2.632649733605152073e-02,1.158870318762273734e-02,-2.220541404866141488e-02,3.475342871824324293e-03
2.012500000000000178e+00,6.747918902095600968e-01,-5.576466006085670918e-02,5.128121452732204572e-02,6.426364417156108511e-01,-2.617551504726558717e-02,1.145076054833030210e-02,-2.193678760397254138e-02,3.434366788650060516e-03
2.018749999999999822e+00,6.744443607553761710e-01,-5.544507124257127412e-02,5.098748855341177222e-02,6.424733143128449342e-01,-2.602539755740333055e-02,1.131448642355180681e-02,-2.167148231309036499e-02,3.393879784986411196e-03
2.024999999999999911e+00,6.740988230054407726e-01,-5.512731294865717141e-02,5.069544511712942292e-02,6.423111224548012643e-01,-2.587613991288299428e-02,1.117986018844656371e-02,-2.140945591112847560e-02,3.353875925942886253e-03
2.031250000000000000e+00,6.737552655517758948e-01,-5.481137469340938845e-02,5.040507457807225089e-02,6.421498607828527438e-01,-2.572773718850068433e-02,1.104686148058047629e-02,-2.115066669157525739e-02,3.314349350247698320e-03
2.037500000000000089e+00,6.734136770517511472e-01,-5.449724605120250670e-02,5.011636735110815144e-02,6.419895239690659450e-01,-2.558018448726773197e-02,1.091547019646038098e-02,-2.089507349856239982e-02,3.275294269308116381e-03
2.043750000000000178e+00,6.730740462277094993e-01,-5.418491665614628278e-02,4.982931390605836730e-02,6.418301067160263607e-01,-2.543347694024899325e-02,1.078566648811639210e-02,-2.064263571924681781e-02,3.236704966283270816e-03
2.050000000000000266e+00,6.727363618665948009e-01,-5.387437620174320707e-02,4.954390476738190774e-02,6.416716037566627673e-01,-2.528760970640209216e-02,1.065743075973152494e-02,-2.039331327630402799e-02,3.198575795169213403e-03
2.056250000000000355e+00,6.724006128195818555e-01,-5.356561444054794979e-02,4.926013051386188280e-02,6.415140098540739189e-01,-2.514257797241758671e-02,1.053074366431786153e-02,-2.014706662053131203e-02,3.160901179896071812e-03
2.062500000000000000e+00,6.720667880017087148e-01,-5.325862118382887478e-02,4.897798177829357225e-02,6.413573198013554633e-01,-2.499837695256004050e-02,1.040558610043864143e-02,-1.990385672355896723e-02,3.123675613437130322e-03
2.068750000000000089e+00,6.717348763915096388e-01,-5.295338630123132273e-02,4.869744924717427786e-02,6.412015284214280797e-01,-2.485500188850998243e-02,1.028193920897551607e-02,-1.966364507066782966e-02,3.086893656929659384e-03
2.075000000000000178e+00,6.714048670306528299e-01,-5.264989972044308714e-02,4.841852366039510469e-02,6.410466305668666154e-01,-2.471244804920685878e-02,1.015978436994046004e-02,-1.942639365371168908e-02,3.050549938807369139e-03
2.081249999999999822e+00,6.710767490235775012e-01,-5.234815142686156941e-02,4.814119581093435213e-02,6.408926211197303324e-01,-2.457071073069278314e-02,1.003910319933150677e-02,-1.919206496414264246e-02,3.014639153944275677e-03
2.087499999999999911e+00,6.707505115371346083e-01,-5.204813146326289081e-02,4.786545654455268139e-02,6.407394949913940430e-01,-2.442978525595722317e-02,9.919877546031772436e-03,-1.896062198613794256e-02,2.979156062809852536e-03
2.093750000000000000e+00,6.704261438002294682e-01,-5.174982992947309984e-02,4.759129675949022587e-02,6.405872471223799103e-01,-2.428966697478261022e-02,9.802089488751187032e-03,-1.873202818982689505e-02,2.944095490635327810e-03
2.100000000000000089e+00,6.701036351034661553e-01,-5.145323698204097573e-02,4.731870740616521409e-02,6.404358724821908044e-01,-2.415035126359079895e-02,9.685721333010172823e-03,-1.850624752461598604e-02,2.909452326590931254e-03
2.106250000000000178e+00,6.697829747987935622e-01,-5.115834283391292731e-02,4.704767948687445939e-02,6.402853660691438797e-01,-2.401183352529039083e-02,9.570755608164773984e-03,-1.828324441261089395e-02,2.875221522973973008e-03
2.112500000000000266e+00,6.694641522991546800e-01,-5.086513775410966831e-02,4.677820405549554944e-02,6.401357229102058177e-01,-2.387410918912497709e-02,9.457175064472597356e-03,-1.806298374213387639e-02,2.841398094407597379e-03
2.118750000000000355e+00,6.691471570781364342e-01,-5.057361206740475235e-02,4.651027221719074289e-02,6.399869380608287361e-01,-2.373717371052223510e-02,9.344962670198969298e-03,-1.784543086133499531e-02,2.807977117050060745e-03
2.125000000000000000e+00,6.688319786696225178e-01,-5.028375615400497434e-02,4.624387512811257983e-02,6.398390066047868752e-01,-2.360102257094387132e-02,9.234101608762744842e-03,-1.763055157189580627e-02,2.774953727814395699e-03
2.131250000000000089e+00,6.685186066674481120e-01,-4.999556044923256920e-02,4.597900399511113678e-02,6.396919236540142828e-01,-2.346565127773643164e-02,9.124575275921144660e-03,-1.741831212282395763e-02,2.742323123598305271e-03
2.137500000000000178e+00,6.682070307250561614e-01,-4.970901544320931870e-02,4.571565007544311360e-02,6.395456843484434994e-01,-2.333105536398300678e-02,9.016367276993165342e-03,-1.720867920433757567e-02,2.710080560524178415e-03
2.143749999999999822e+00,6.678972405551557578e-01,-4.942411168054239301e-02,4.545380467648241912e-02,6.394002838558455748e-01,-2.319723038835574264e-02,8.909461424120882975e-03,-1.700161994183767983e-02,2.678221353189051083e-03
2.149999999999999911e+00,6.675892259293829678e-01,-4.914083976001195481e-02,4.519345915543249159e-02,6.392557173716699737e-01,-2.306417193496917983e-02,8.803841733568138275e-03,-1.679710188996753895e-02,2.646740873924388008e-03
2.156250000000000000e+00,6.672829766779627692e-01,-4.885919033426072006e-02,4.493460491904035375e-02,6.391119801188863692e-01,-2.293187561323451612e-02,8.699492423056162660e-03,-1.659509302675764644e-02,2.615634552065583280e-03
2.162500000000000089e+00,6.669784826893738749e-01,-4.857915410948514257e-02,4.467723342331218761e-02,6.389690673478271021e-01,-2.280033705771462166e-02,8.596397909135449628e-03,-1.639556174785479145e-02,2.584897873230991919e-03
2.168750000000000178e+00,6.666757339100146673e-01,-4.830072184512843730e-02,4.442133617323063000e-02,6.388269743360300845e-01,-2.266955192797991819e-02,8.494542804593489815e-03,-1.619847686083415034e-02,2.554526378610406587e-03
2.175000000000000266e+00,6.663747203438710187e-01,-4.802388435357536622e-02,4.416690472247367105e-02,6.386856963880831461e-01,-2.253951590846509090e-02,8.393911915897769513e-03,-1.600380757959302125e-02,2.524515664262830250e-03
2.181250000000000355e+00,6.660754320521873328e-01,-4.774863249984873798e-02,4.391393067313514864e-02,6.385452288354693806e-01,-2.241022470832660859e-02,8.294490240673572934e-03,-1.581152351882499432e-02,2.494861380423424660e-03
2.187500000000000000e+00,6.657778591531374746e-01,-4.747495720130773256e-02,4.366240567544691503e-02,6.384055670364122692e-01,-2.228167406130108011e-02,8.196262965216071297e-03,-1.562159468857330855e-02,2.465559230819507151e-03
2.193750000000000089e+00,6.654819918214992525e-01,-4.720284942734782191e-02,4.341232142750250239e-02,6.382667063757233583e-01,-2.215385972556437391e-02,8.099215462036178301e-03,-1.543399148886217404e-02,2.436604971995469122e-03
2.200000000000000178e+00,6.651878202883299007e-01,-4.693230019910258483e-02,4.316366967498250912e-02,6.381286422646494927e-01,-2.202677748359162246e-02,8.003333287439785143e-03,-1.524868470440497899e-02,2.407994412646512553e-03
2.206249999999999822e+00,6.648953348406434483e-01,-4.666330058914709700e-02,4.291644221088146416e-02,6.379913701407213811e-01,-2.190042314201797943e-02,7.908602179139778351e-03,-1.506564549938805599e-02,2.379723412961057966e-03
2.212499999999999911e+00,6.646045258210907525e-01,-4.639584172120302108e-02,4.267063087523625953e-02,6.378548854676032720e-01,-2.177479253150014366e-02,7.815008053900413670e-03,-1.488484541232890611e-02,2.351787883971719756e-03
2.218750000000000000e+00,6.643153836276399771e-01,-4.612991476984553557e-02,4.242622755485624120e-02,6.377191837349429626e-01,-2.164988150657877128e-02,7.722537005213663507e-03,-1.470625635100791632e-02,2.324183786914748272e-03
2.225000000000000089e+00,6.640278987132600674e-01,-4.586551096021179025e-02,4.218322418305479882e-02,6.375842604582233619e-01,-2.152568594554159567e-02,7.631175301006951593e-03,-1.452985058747217895e-02,2.296907132597791629e-03
2.231250000000000178e+00,6.637420615856058914e-01,-4.560262156771106856e-02,4.194161273938242646e-02,6.374501111786137209e-01,-2.140220175028735225e-02,7.540909381381917520e-03,-1.435560075311053362e-02,2.269953980775886622e-03
2.237500000000000266e+00,6.634578628067044903e-01,-4.534123791773669171e-02,4.170138524936145563e-02,6.373167314628235269e-01,-2.127942484619050473e-02,7.451725856383735816e-03,-1.418347983379867130e-02,2.243320439535565532e-03
2.243750000000000355e+00,6.631752929926434392e-01,-4.508135138537948394e-02,4.146253378422223163e-02,6.371841169029552887e-01,-2.115735118196672426e-02,7.363611503800572382e-03,-1.401346116511325429e-02,2.217002664686959588e-03
2.250000000000000000e+00,6.628943428132620941e-01,-4.482295339514293792e-02,4.122505046064083023e-02,6.370522631163596516e-01,-2.103597672953916309e-02,7.276553266992728981e-03,-1.384551842761402515e-02,2.190996859163804513e-03
2.256250000000000089e+00,6.626150029918422835e-01,-4.456603542065992740e-02,4.098892744047821779e-02,6.369211657454905140e-01,-2.091529748390543592e-02,7.190538252751049048e-03,-1.367962564219280149e-02,2.165299272431219814e-03
2.262500000000000178e+00,6.623372643048033304e-01,-4.431058898441123106e-02,4.075415693052106964e-02,6.367908204577613640e-01,-2.079530946300546523e-02,7.105553729184241329e-03,-1.351575716548854451e-02,2.139906199901191967e-03
2.268749999999999822e+00,6.620611175813969629e-01,-4.405660565744549256e-02,4.052073118222396242e-02,6.366612229454018390e-01,-2.067600870758999621e-02,7.021587123634596625e-03,-1.335388768536725085e-02,2.114813982355617100e-03
2.274999999999999911e+00,6.617865537034048895e-01,-4.380407705910076277e-02,4.028864249145296811e-02,6.365323689253165051e-01,-2.055739128108988178e-02,6.938626020621762799e-03,-1.319399221646584859e-02,2.090019005376824671e-03
2.281250000000000000e+00,6.615135636048374845e-01,-4.355299485672790155e-02,4.005788319823097576e-02,6.364042541389425267e-01,-2.043945326948616234e-02,6.856658159814223337e-03,-1.303604609579918187e-02,2.065517698785489329e-03
2.287500000000000089e+00,6.612421382716351381e-01,-4.330335076541525635e-02,3.982844568648423456e-02,6.362768743521096670e-01,-2.032219078118085304e-02,6.775671434027973755e-03,-1.288002497842897706e-02,2.041306536085802596e-03
2.293750000000000178e+00,6.609722687413704945e-01,-4.305513654771508242e-02,3.960032238379047193e-02,6.361502253549005115e-01,-2.020559994686845287e-02,6.695653887252115723e-03,-1.272590483319398051e-02,2.017382033917834976e-03
2.300000000000000266e+00,6.607039461029524663e-01,-4.280834401337154510e-02,3.937350576112844114e-02,6.360243029615114674e-01,-2.008967691940824474e-02,6.616593712700930864e-03,-1.257366193850033460e-02,1.993740751516973140e-03
2.306250000000000355e+00,6.604371614963323589e-01,-4.256296501905019319e-02,3.914798833262891214e-02,6.358991030101144304e-01,-1.997441787369727897e-02,6.538479250892089041e-03,-1.242327287817126050e-02,1.970379290180349768e-03
2.312500000000000000e+00,6.601719061122114374e-01,-4.231899146806906986e-02,3.892376265532707796e-02,6.357746213627201159e-01,-1.985981900654412713e-02,6.461298987750613808e-03,-1.227471453735519934e-02,1.947294292740163078e-03
2.318750000000000089e+00,6.599081711917499371e-01,-4.207641531013127378e-02,3.870082132891637661e-02,6.356508539050405027e-01,-1.974587653654329492e-02,6.385041552738212126e-03,-1.212796409849146301e-02,1.924482443043792771e-03
2.325000000000000178e+00,6.596459480262786279e-01,-4.183522854105918565e-02,3.847915699550379792e-02,6.355277965463539402e-01,-1.963258670395044703e-02,6.309695717007702924e-03,-1.198299903733270229e-02,1.901940465440639773e-03
2.331249999999999822e+00,6.593852279570103780e-01,-4.159542320253013098e-02,3.825876233936654353e-02,6.354054452193697022e-01,-1.951994577055827379e-02,6.235250391582072664e-03,-1.183979711902314637e-02,1.879665124275571152e-03
2.337499999999999911e+00,6.591260023747554930e-01,-4.135699138181348627e-02,3.803963008671000512e-02,6.352837958800937601e-01,-1.940795001957306559e-02,6.161694625557874276e-03,-1.169833639423187473e-02,1.857653223388895615e-03
2.343750000000000000e+00,6.588682627196366104e-01,-4.111992521150948515e-02,3.782175300542735263e-02,6.351628445076957785e-01,-1.929659575549208528e-02,6.089017604332674569e-03,-1.155859519534039627e-02,1.835901605622796947e-03
2.350000000000000089e+00,6.586120004808070361e-01,-4.088421686928939147e-02,3.760512390486028117e-02,6.350425871043757775e-01,-1.918587930398152341e-02,6.017208647856101683e-03,-1.142055213268354172e-02,1.814407152334108955e-03
2.356250000000000178e+00,6.583572071961689698e-01,-4.064985857763714350e-02,3.738973563556126367e-02,6.349230196952326821e-01,-1.907579701175524112e-02,5.946257208904249733e-03,-1.128418609084302221e-02,1.793166782913369886e-03
2.362500000000000266e+00,6.581038744520953943e-01,-4.041684260359258013e-02,3.717558108905710812e-02,6.348041383281328720e-01,-1.896634524645416167e-02,5.876152871377091080e-03,-1.114947622499282837e-02,1.772177454310063741e-03
2.368750000000000355e+00,6.578519938831509650e-01,-4.018516125849606185e-02,3.696265319761392332e-02,6.346859390735800632e-01,-1.885752039652638032e-02,5.806885348618552774e-03,-1.101640195729568228e-02,1.751436160563967816e-03
2.375000000000000000e+00,6.576015571718172303e-01,-3.995480689773459743e-02,3.675094493400343082e-02,6.345684180245853012e-01,-1.874931887110794365e-02,5.738444481758978727e-03,-1.088494297334984158e-02,1.730939932342524931e-03
2.381250000000000089e+00,6.573525560482174068e-01,-3.972577192048934447e-02,3.654044931127050505e-02,6.344515712965383969e-01,-1.864173709990430902e-02,5.670820238079609873e-03,-1.075507921868540731e-02,1.710685836484152761e-03
2.387500000000000178e+00,6.571049822898435977e-01,-3.949804876948473376e-02,3.633115938250229549e-02,6.343353950270792518e-01,-1.853477153307251518e-02,5.604002709398859389e-03,-1.062679089530959090e-02,1.690670975547431919e-03
2.393750000000000266e+00,6.568588277212853432e-01,-3.927162993073885638e-02,3.612306824059841742e-02,6.342198853759707378e-01,-1.842841864110399130e-02,5.537982110479983990e-03,-1.050005845829999652e-02,1.670892487366066551e-03
2.400000000000000355e+00,6.566140842139602807e-01,-3.904650793331535669e-02,3.591616901804259993e-02,6.341050385249722421e-01,-1.832267491470805643e-02,5.472748777459923199e-03,-1.037486261244536905e-02,1.651347544609561499e-03
2.406250000000000000e+00,6.563707436858451372e-01,-3.882267534907675455e-02,3.571045488667566603e-02,6.339908506777128805e-01,-1.821753686469609196e-02,5.408293166298978709e-03,-1.025118430893305795e-02,1.632033354349531453e-03
2.412500000000000089e+00,6.561287981012096093e-01,-3.860012479243912775e-02,3.550591905746967869e-02,6.338773180595669299e-01,-1.811300102186633870e-02,5.344605851251042414e-03,-1.012900474208247061e-02,1.612947157631564260e-03
2.418750000000000178e+00,6.558882394703510199e-01,-3.837884892012832089e-02,3.530255478030358551e-02,6.337644369175290393e-01,-1.800906393688942245e-02,5.281677523354136317e-03,-1.000830534612397009e-02,1.594086229052579405e-03
2.425000000000000266e+00,6.556490598493301958e-01,-3.815884043093741018e-02,3.510035534373999455e-02,6.336522035200902181e-01,-1.790572218019448325e-02,5.219498988940900024e-03,-9.889067792022358805e-03,1.575447876343588627e-03
2.437500000000000000e+00,6.551748060883051394e-01,-3.772259660598866610e-02,3.469942433876808952e-02,6.334296651397238742e-01,-1.770081103148569979e-02,5.097355093628100527e-03,-9.654906058331014923e-03,1.538828292680506898e-03
2.450000000000000178e+00,6.547059741719650772e-01,-3.729133574014604352e-02,3.430307311631891620e-02,6.332096734916597969e-01,-1.749824053005307259e-02,4.978102866436765091e-03,-9.426377525293011886e-03,1.503067515634013860e-03
2.462500000000000355e+00,6.542425021697499954e-01,-3.686500091376296306e-02,3.391124935503664339e-02,6.329921994852315548e-01,-1.729798393917280144e-02,4.861672761199449001e-03,-9.203343769096110696e-03,1.468145158539202943e-03
2.475000000000000089e+00,6.537843288585238888e-01,-3.644353585746541030e-02,3.352390133151655904e-02,6.327772143620693512e-01,-1.710001482754939725e-02,4.747996940089806335e-03,-8.985669863500973797e-03,1.434041326616510579e-03
2.487500000000000266e+00,6.533313937144922257e-01,-3.602688494472038039e-02,3.314097791346563154e-02,6.325646896923033946e-01,-1.690430706582593534e-02,4.637009230477929372e-03,-8.773224288262012824e-03,1.400736604846576985e-03
2.500000000000000000e+00,6.528836369052127830e-01,-3.561499318448936580e-02,3.276242855294157763e-02,6.323545973708122325e-01,-1.671083482313428722e-02,4.528645082914739724e-03,-8.565878840054268195e-03,1.368212046152357921e-03
2.512500000000000178e+00,6.524409992816974091e-01,-3.520780621396576993e-02,3.238820327966917406e-02,6.321469096135121646e-01,-1.651957256368466465e-02,4.422841530214442936e-03,-8.363508545833854210e-03,1.336449159880398604e-03
2.525000000000000355e+00,6.520034223706038246e-01,-3.480527029139548340e-02,3.201825269443343142e-02,6.319415989536903977e-01,-1.633049504339427818e-02,4.319537147605188518e-03,-8.165991578562185188e-03,1.305429900573468107e-03
2.537500000000000089e+00,6.515708483665172412e-01,-3.440733228897952661e-02,3.165252796254827694e-02,6.317386382383791688e-01,-1.614357730655442691e-02,4.218672013918731319e-03,-7.973209175225827103e-03,1.275136657026902133e-03
2.550000000000000266e+00,6.511432201243196882e-01,-3.401393968585782190e-02,3.129098080740012888e-02,6.315380006247720557e-01,-1.595879468253571729e-02,4.120187673790828668e-03,-7.785045557086239104e-03,1.245552241621249515e-03
2.562500000000000000e+00,6.507204811516469345e-01,-3.362504056117331802e-02,3.093356350406556432e-02,6.313396595766807007e-01,-1.577612278253098799e-02,4.024027100844956850e-03,-7.601387852095632149e-03,1.216659879924020726e-03
2.575000000000000178e+00,6.503025756014307879e-01,-3.324058358721532214e-02,3.058022887300190784e-02,6.311435888610323897e-01,-1.559553749633537691e-02,3.930134661832559301e-03,-7.422126019416846847e-03,1.188443200553492831e-03
2.587500000000000355e+00,6.498894482645281023e-01,-3.286051802264132460e-02,3.023093027381030737e-02,6.309497625444069335e-01,-1.541701498916327011e-02,3.838456081704009950e-03,-7.247152775987449405e-03,1.160886225297774656e-03
2.600000000000000089e+00,6.494810445624321638e-01,-3.248479370577632419e-02,2.988562159907014182e-02,6.307581549896145168e-01,-1.524053169850159845e-02,3.748938409585022419e-03,-7.076363525069652265e-03,1.133973359482466940e-03
2.612500000000000266e+00,6.490773105400692300e-01,-3.211336104798868940e-02,2.954425726824405976e-02,6.305687408523108495e-01,-1.506606433099907244e-02,3.661529985634065856e-03,-6.909656286729676591e-03,1.107689382580463863e-03
2.625000000000000000e+00,6.486781928586757839e-01,-3.174617102714197281e-02,2.920679222165293090e-02,6.303814950776522874e-01,-1.489358985939104665e-02,3.576180408757049026e-03,-6.746931630191854712e-03,1.082019439057618857e-03
2.637500000000000178e+00,6.482836387887582763e-01,-3.138317518112133248e-02,2.887318191451969385e-02,6.301963928969892548e-01,-1.472308551945943587e-02,3.492840505156092831e-03,-6.588092608014219087e-03,1.056949029448132037e-03
2.650000000000000355e+00,6.478935962031330265e-01,-3.102432560143426193e-02,2.854338231108152768e-02,6.300134098245958603e-01,-1.455452880702747497e-02,3.411462297690036772e-03,-6.433044692034222203e-03,1.032464001653737558e-03
2.662500000000000089e+00,6.475080135700449491e-01,-3.066957492688429654e-02,2.821734987876940715e-02,6.298325216544393701e-01,-1.438789747498875685e-02,3.331998976024791448e-03,-6.281695711034483362e-03,1.008550542460873081e-03
2.675000000000000266e+00,6.471268399463663279e-01,-3.031887633731708206e-02,2.789504158245428508e-02,6.296537044569838759e-01,-1.422316953037022595e-02,3.254404867552374795e-03,-6.133955790080120214e-03,9.851951692702062661e-04
2.687500000000000000e+00,6.467500249708718618e-01,-2.997218354743808738e-02,2.757641487875929498e-02,6.294769345760328205e-01,-1.406032323142880625e-02,3.178635409058057359e-03,-5.989737291480693934e-03,9.623847220330386575e-04
2.700000000000000178e+00,6.463775188575914266e-01,-2.962945080070081630e-02,2.726142771043692584e-02,6.293021886256062736e-01,-1.389933708478112082e-02,3.104647119115522876e-03,-5.848954757330980872e-03,9.401063553892341149e-04
2.712500000000000355e+00,6.460092723892385536e-01,-2.929063286326506754e-02,2.695003850081073571e-02,6.291294434868536234e-01,-1.374018984256609142e-02,3.032397571190681602e-03,-5.711524853586459269e-03,9.183475310014940990e-04
2.725000000000000089e+00,6.456452369107142930e-01,-2.895568501802418468e-02,2.664220614828063244e-02,6.289586763050033502e-01,-1.358286049963993054e-02,2.961845367435134678e-03,-5.577366315630394485e-03,8.970960100809108285e-04
2.737500000000000266e+00,6.452853643226843516e-01,-2.862456305870057088e-02,2.633789002089104159e-02,6.287898644863451070e-01,-1.342732829080315986e-02,2.892950113150957823e-03,-5.446399895290894577e-03,8.763398460988819968e-04
2.750000000000000000e+00,6.449296070752308374e-01,-2.829722328400884057e-02,2.603704995096140992e-02,6.286229856952485484e-01,-1.327357268805941064e-02,2.825672391908935419e-03,-5.318548309267488554e-03,8.560673776806064766e-04
2.762500000000000178e+00,6.445779181615757247e-01,-2.797362249188553238e-02,2.573964622977798627e-02,6.284580178512148008e-01,-1.312157339790543699e-02,2.759973741302827483e-03,-5.193736188927855144e-03,8.362672216754811613e-04
2.775000000000000355e+00,6.442302511118765951e-01,-2.765371797378494978e-02,2.544563960234658140e-02,6.282949391259620153e-01,-1.297131035865220321e-02,2.695816629322847924e-03,-5.071890031436708177e-03,8.169282663998834581e-04
2.787500000000000089e+00,6.438865599870925438e-01,-2.733746750904014061e-02,2.515499126220525558e-02,6.281337279405445617e-01,-1.282276373777652308e-02,2.633164431331873334e-03,-4.952938152179718091e-03,7.980396650479045038e-04
2.800000000000000266e+00,6.435467993729209191e-01,-2.702482935928828683e-02,2.486766284629643095e-02,6.279743629625047507e-01,-1.267591392930296143e-02,2.571981407628450185e-03,-4.836810638446612833e-03,7.795908292657426986e-04
2.812500000000000000e+00,6.432109243738028947e-01,-2.671576226296000153e-02,2.458361642989777274e-02,6.278168231030571977e-01,-1.253074155121571866e-02,2.512232681581093308e-03,-4.723439304338612754e-03,7.615714228855760071e-04
2.825000000000000178e+00,6.428788906069977660e-01,-2.641022542983141250e-02,2.430281452161096867e-02,6.276610875143050494e-01,-1.238722744289999858e-02,2.453884218318738882e-03,-4.612757646866256188e-03,7.439713558148256922e-04
2.837500000000000355e+00,6.425506541967248575e-01,-2.610817853563872012e-02,2.402522005840803526e-02,6.275071355864887401e-01,-1.224535266261271571e-02,2.396902803962732992e-03,-4.504700803204877979e-03,7.267807780768623842e-04
2.850000000000000089e+00,6.422261717683721560e-01,-2.580958171675418883e-02,2.375079640073417958e-02,6.273549469452657235e-01,-1.210509848498202840e-02,2.341256025386041686e-03,-4.399205509075718862e-03,7.099900739992775957e-04
2.862500000000000266e+00,6.419054004427714455e-01,-2.551439556492302377e-02,2.347950732766677234e-02,6.272045014490209569e-01,-1.196644639853546542e-02,2.286912250485819038e-03,-4.296210058221739889e-03,6.935898565459684738e-04
2.875000000000000000e+00,6.415882978305389450e-01,-2.522258112206050493e-02,2.321131703212978709e-02,6.270557791862088060e-01,-1.182937810325634075e-02,2.233840608955868761e-03,-4.195654262948083496e-03,6.775709617893799696e-04
2.887500000000000178e+00,6.412748220264800070e-01,-2.493409987510845222e-02,2.294619011616289353e-02,6.269087604727247021e-01,-1.169387550816802963e-02,2.182010973545812395e-03,-4.097479415697886061e-03,6.619244435193269915e-04
2.900000000000000355e+00,6.409649316040584299e-01,-2.464891375095063300e-02,2.268409158624480962e-02,6.267634258493073318e-01,-1.155992072894590494e-02,2.131393941794272433e-03,-4.001628251635168561e-03,6.466415679849434658e-04
2.912500000000000089e+00,6.406585856099283882e-01,-2.436698511138618919e-02,2.242498684867011774e-02,6.266197560789701360e-01,-1.142749608555652767e-02,2.081960818223595102e-03,-3.908044912207177257e-03,6.317138087663651865e-04
2.925000000000000266e+00,6.403557435585294222e-01,-2.408827674816053227e-02,2.216884170497896225e-02,6.264777321444623404e-01,-1.129658409992381415e-02,2.033683596984066019e-03,-3.816674909659445360e-03,6.171328417728621889e-04
2.937500000000000000e+00,6.400563654267427127e-01,-2.381275187805314414e-02,2.191562234743915649e-02,6.263373352457590748e-01,-1.116716749362191112e-02,1.986534944935882448e-03,-3.727465092477615094e-03,6.028905403642226832e-04
2.950000000000000178e+00,6.397604116486083070e-01,-2.354037413802134715e-02,2.166529535457983879e-02,6.261985467975795805e-01,-1.103922918559437430e-02,1.940488185157420841e-03,-3.640363611730700576e-03,5.889789705922544470e-04
2.962500000000000355e+00,6.394678431101034066e-01,-2.327110758039977606e-02,2.141782768677640003e-02,6.260613484269346163e-01,-1.091275228989947201e-02,1.895517280868729958e-03,-3.555319888291360100e-03,5.753903865593818943e-04
2.975000000000000089e+00,6.391786211439797194e-01,-2.300491666815458747e-02,2.117318668188580832e-02,6.259257219707015096e-01,-1.078772011348121118e-02,1.851596819759398225e-03,-3.472284580909280709e-03,5.621172258913674589e-04
2.987500000000000266e+00,6.388927075246596532e-01,-2.274176627019193833e-02,2.093134005093191113e-02,6.257916494732266299e-01,-1.066411615396582746e-02,1.808701998710292433e-03,-3.391209555114564188e-03,5.491521053212805765e-04
3.000000000000000000e+00,6.386100644631916845e-01,-2.248162165672017848e-02,2.069225587384015616e-02,6.256591131839553954e-01,-1.054192409748350850e-02,1.766808608898950495e-03,-3.312047852928662849e-03,5.364878163819121470e-04
3.012500000000000178e+00,6.383306546022622374e-01,-2.222444849466488973e-02,2.045590259522103022e-02,6.255280955550901467e-01,-1.042112781651493257e-02,1.725893021278630595e-03,-3.234753663360943367e-03,5.241173212038918771e-04
3.025000000000000355e+00,6.380544410112651832e-01,-2.197021284313651832e-02,2.022224902020183790e-02,6.253985792392732224e-01,-1.030171136776248351e-02,1.685932172421377101e-03,-3.159282293669752380e-03,5.120337484168565462e-04
3.037500000000000089e+00,6.377813871814280722e-01,-2.171888114894966401e-02,1.999126431030608109e-02,6.252705470872980120e-01,-1.018365899004574152e-02,1.646903550715636847e-03,-3.085590141367277727e-03,5.002303891510691703e-04
3.050000000000000266e+00,6.375114570209929887e-01,-2.147042024219363021e-02,1.976291797938001596e-02,6.251439821458451007e-01,-1.006695510222103788e-02,1.608785182909272093e-03,-3.013634666948210913e-03,4.887006931369653655e-04
3.062500000000000000e+00,6.372446148504532504e-01,-2.122479733185364190e-02,1.953717988956586715e-02,6.250188676552450584e-01,-9.951584301124792933e-03,1.571555620989056054e-03,-2.943374367322751112e-03,4.774382649001724949e-04
3.075000000000000178e+00,6.369808253978443968e-01,-2.098198000148203748e-02,1.931402024732099126e-02,6.248951870472658765e-01,-9.837531359540328119e-03,1.535193929387933384e-03,-2.874768749934974131e-03,4.664368600495945078e-04
3.087500000000000355e+00,6.367200537940888028e-01,-2.074193620491900092e-02,1.909340959948270869e-02,6.247729239429270498e-01,-9.724781224187939097e-03,1.499679672511631959e-03,-2.807778307548242439e-03,4.556903816562413558e-04
3.100000000000000089e+00,6.364622655683938035e-01,-2.050463426206216438e-02,1.887531882937806479e-02,6.246520621503369730e-01,-9.613319013737915697e-03,1.464992902576369143e-03,-2.742364493679733117e-03,4.451928767205184652e-04
3.112500000000000266e+00,6.362074266437015568e-01,-2.027004285468454042e-02,1.865971915297811104e-02,6.245325856625563166e-01,-9.503130016846255551e-03,1.431114147749660203e-03,-2.678489698666723911e-03,4.349385327257660090e-04
3.125000000000000000e+00,6.359555033321921957e-01,-2.003813102230032547e-02,1.844658211509623072e-02,6.244144786554852722e-01,-9.394199690212859735e-03,1.398024400586450828e-03,-2.616117226347787136e-03,4.249216742758937793e-04
3.137500000000000178e+00,6.357064623308373852e-01,-1.980886815807786361e-02,1.823587958562985015e-02,6.242977254857750014e-01,-9.286513656661865221e-03,1.365705106752957646e-03,-2.555211271342417226e-03,4.151367598150002285e-04
3.150000000000000355e+00,6.354602707170047271e-01,-1.958222400479938882e-02,1.802758375584526118e-02,6.241823106887629535e-01,-9.180057703243961476e-03,1.334138154030875848e-03,-2.495736896913206167e-03,4.055783784269387910e-04
3.162500000000000089e+00,6.352168959441127916e-01,-1.935816865086690750e-02,1.782166713470484387e-02,6.240682189764320542e-01,-9.074817779360351208e-03,1.303305861594736574e-03,-2.437660013395001168e-03,3.962412467128272812e-04
3.175000000000000266e+00,6.349763058373357749e-01,-1.913667252635370408e-02,1.761810254523631450e-02,6.239554352353922084e-01,-8.970779994908155766e-03,1.273190969555436803e-03,-2.380947357175997991e-03,3.871202057445603524e-04
3.187500000000000000e+00,6.347384685893566747e-01,-1.891770639910105370e-02,1.741686312094356537e-02,6.238439445248865622e-01,-8.867930618447034466e-03,1.243776628763141635e-03,-2.325566470216121080e-03,3.782102180924337871e-04
3.200000000000000178e+00,6.345033527561696474e-01,-1.870124137085942689e-02,1.721792230225845793e-02,6.237337320748188585e-01,-8.766256075386705607e-03,1.215046390862907803e-03,-2.271485680088403299e-03,3.695063649250277730e-04
3.212500000000000355e+00,6.342709272529298836e-01,-1.848724887347391252e-02,1.702125383303329520e-02,6.236247832838041072e-01,-8.665742946195226920e-03,1.186984198596611030e-03,-2.218674080529555587e-03,3.610038431795603380e-04
3.225000000000000089e+00,6.340411613498512233e-01,-1.827570066511313707e-02,1.682683175707334194e-02,6.235170837172417935e-01,-8.566377964627712796e-03,1.159574376344865449e-03,-2.167101512486216928e-03,3.526979628009512305e-04
3.237500000000000266e+00,6.338140246681500667e-01,-1.806656882654132310e-02,1.663463041470900419e-02,6.234106191054106239e-01,-8.468148015975288795e-03,1.132801620902837729e-03,-2.116738545643801362e-03,3.445841440478922052e-04
3.250000000000000000e+00,6.335894871760363589e-01,-1.785982575743296288e-02,1.644462443940727589e-02,6.233053753415848108e-01,-8.371040135334090887e-03,1.106650992484011246e-03,-2.067556460425220861e-03,3.366579148642633653e-04
3.262500000000000178e+00,6.333675191847499830e-01,-1.765544417272955913e-02,1.625678875442183868e-02,6.232013384801726730e-01,-8.275041505893978092e-03,1.081107905946077693e-03,-2.019527230447053928e-03,3.289149083142672001e-04
3.275000000000000355e+00,6.331480913446423386e-01,-1.745339709903805450e-02,1.607109856948157889e-02,6.230984947348758851e-01,-8.180139457246864837e-03,1.056158122233345157e-03,-1.972623505421168197e-03,3.213508600797090908e-04
3.287500000000000089e+00,6.329311746413029960e-01,-1.725365787107039500e-02,1.588752937751689367e-02,6.229968304768700449e-01,-8.086321463714336508e-03,1.031787740030146259e-03,-1.926818594490036906e-03,3.139616060178783202e-04
3.300000000000000266e+00,6.327167403917303146e-01,-1.705620012812372049e-02,1.570605695142343952e-02,6.228963322330054453e-01,-7.993575142694376440e-03,1.007983187619899274e-03,-1.882086449984374677e-03,3.067430797785318714e-04
3.312500000000000000e+00,6.325047602405456937e-01,-1.686099781060092229e-02,1.552665734086296732e-02,6.227969866840296076e-01,-7.901888253027010076e-03,9.847312149446302114e-04,-1.838401651592028955e-03,2.996913104785219484e-04
3.325000000000000178e+00,6.322952061562517878e-01,-1.666802515657078015e-02,1.534930686910061792e-02,6.226987806628286881e-01,-7.811248693378582651e-03,9.620188858598544696e-04,-1.795739390927305690e-03,2.928024204326359100e-04
3.337500000000000355e+00,6.320880504275325773e-01,-1.647725669836757126e-02,1.517398212987850284e-02,6.226017011526900902e-01,-7.721644500644530770e-03,9.398335705799071597e-04,-1.754075456490296640e-03,2.860726229392676688e-04
3.350000000000000089e+00,6.318832656595964048e-01,-1.628866725922942238e-02,1.500065998432495787e-02,6.225057352855841719e-01,-7.633063848370385922e-03,9.181629383088890650e-04,-1.713386219005971463e-03,2.794982201195606942e-04
3.362500000000000266e+00,6.316808247705600898e-01,-1.610223194997511403e-02,1.482931755789914340e-02,6.224108703404660492e-01,-7.545495045190805244e-03,8.969949500525531460e-04,-1.673648617133130425e-03,2.730756008087067781e-04
3.375000000000000000e+00,6.314807009878750099e-01,-1.591792616571888891e-02,1.465993223737063929e-02,6.223170937415969384e-01,-7.458926533286472545e-03,8.763178516065744765e-04,-1.634840143533581322e-03,2.668012384981165966e-04
3.387500000000000178e+00,6.312828678447938158e-01,-1.573572558262271992e-02,1.449248166783349313e-02,6.222243930568838177e-01,-7.373346886858585941e-03,8.561201667167424442e-04,-1.596938831292122381e-03,2.606716893272036876e-04
3.400000000000000355e+00,6.310872991768773366e-01,-1.555560615468579849e-02,1.432694374975448416e-02,6.221327559962387399e-01,-7.288744810620814175e-03,8.363906904067695217e-04,-1.559923240678234239e-03,2.546835901235671058e-04
3.412500000000000089e+00,6.308939691185412313e-01,-1.537754411057060643e-02,1.416329663605509284e-02,6.220421704099573512e-01,-7.205109138308455306e-03,8.171184824694818251e-04,-1.523772446240566694e-03,2.488336564903766081e-04
3.425000000000000266e+00,6.307028520996429410e-01,-1.520151595046529205e-02,1.400151872922682922e-02,6.219526242871146193e-01,-7.122428831204625187e-03,7.982928611172943664e-04,-1.488466024225588470e-03,2.431186809398026849e-04
3.437500000000000000e+00,6.305139228421063891e-01,-1.502749844298194130e-02,1.384158867847959211e-02,6.218641057539797679e-01,-7.040692976683316992e-03,7.799033967879773427e-04,-1.453984040312000011e-03,2.375355310713617271e-04
3.450000000000000178e+00,6.303271563565864266e-01,-1.485546862209020415e-02,1.368348537692255958e-02,6.217766030724497517e-01,-6.959890786769057716e-03,7.619399061018018770e-04,-1.420307037652695408e-03,2.320811477940686800e-04
3.462500000000000355e+00,6.301425279391704715e-01,-1.468540378408603880e-02,1.352718795877738342e-02,6.216901046384989415e-01,-6.880011596713068826e-03,7.443924459662906680e-04,-1.387416025216348147e-03,2.267525435913288645e-04
3.475000000000000089e+00,6.299600131681183379e-01,-1.451728148459504979e-02,1.337267579662320023e-02,6.216045989806489036e-01,-6.801044863585656991e-03,7.272513078248595084e-04,-1.355292466420839580e-03,2.215468008275155848e-04
3.487500000000000266e+00,6.297795879006391484e-01,-1.435107953561005033e-02,1.321992849867312421e-02,6.215200747584532781e-01,-6.722980164884694368e-03,7.105070120457567320e-04,-1.323918268051002935e-03,2.164610700952143956e-04
3.500000000000000000e+00,6.296012282697052154e-01,-1.418677600256253862e-02,1.306892590608195286e-02,6.214365207610015318e-01,-6.645807197160021051e-03,6.941503024477987255e-04,-1.293275769453357347e-03,2.114925686021399277e-04
3.512500000000000178e+00,6.294249106809017835e-01,-1.402434920142755018e-02,1.291964809028454432e-02,6.213539259054393638e-01,-6.569515774653517277e-03,6.781721409594672952e-04,-1.263347732000659474e-03,2.066385785967500565e-04
3.525000000000000355e+00,6.292506118093137424e-01,-1.386377769586166764e-02,1.277207535036472240e-02,6.212722792355058754e-01,-6.494095827954761251e-03,6.625637024080603373e-04,-1.234117328819358747e-03,2.018964458316159754e-04
3.537500000000000089e+00,6.290783085964469779e-01,-1.370504029437368508e-02,1.262618821045420441e-02,6.211915699200876162e-01,-6.419537402672009785e-03,6.473163694356343133e-04,-1.205568134773164161e-03,1.972635780636214776e-04
3.550000000000000266e+00,6.289079782471850288e-01,-1.354811604752759018e-02,1.248196741716125699e-02,6.211117872517889493e-01,-6.345830658118369050e-03,6.324217275385868656e-04,-1.177684116696149945e-03,1.927374435900934037e-04
3.562500000000000000e+00,6.287395982267810490e-01,-1.339298424517756589e-02,1.233939393702880409e-02,6.210329206455188489e-01,-6.272965866012996695e-03,6.178715602278044483e-04,-1.150449623869002902e-03,1.883155698199877326e-04
3.575000000000000178e+00,6.285731462578840745e-01,-1.323962441373449823e-02,1.219844895402151345e-02,6.209549596370940172e-01,-6.200933409197105506e-03,6.036578443063617605e-04,-1.123849378732148839e-03,1.839955418792718980e-04
3.587500000000000355e+00,6.284086003175980428e-01,-1.308801631346379751e-02,1.205911386704168302e-02,6.208778938818577675e-01,-6.129723780364669701e-03,5.897727452618665598e-04,-1.097868467829717781e-03,1.797750012496749706e-04
3.600000000000000089e+00,6.282459386345762287e-01,-1.293813993581404212e-02,1.192137028747348483e-02,6.208017131533148936e-01,-6.059327580807615313e-03,5.762086127705872383e-04,-1.072492332978413048e-03,1.756516444399878671e-04
3.612500000000000266e+00,6.280851396861476532e-01,-1.278997550077613787e-02,1.178520003675526118e-02,6.207264073417813055e-01,-5.989735519175334172e-03,5.629579763105945411e-04,-1.047706762655542913e-03,1.716232216891232015e-04
3.625000000000000000e+00,6.279261821954766898e-01,-1.264350345427270664e-02,1.165058514397964047e-02,6.206519664530507630e-01,-5.920938410248406149e-03,5.500135408812170060e-04,-1.023497883600622089e-03,1.676875357001628814e-04
3.637500000000000178e+00,6.277690451287549767e-01,-1.249870446557722545e-02,1.151750784352100106e-02,6.205783806070748199e-01,-5.852927173726282448e-03,5.373681828261631533e-04,-9.998521526250693427e-04,1.638424404046362156e-04
3.650000000000000355e+00,6.276137076924256375e-01,-1.235555942476272359e-02,1.138595057269012507e-02,6.205056400366594227e-01,-5.785692833028863169e-03,5.250149457577557187e-04,-9.767563486247222548e-04,1.600858397562980237e-04
3.662500000000000089e+00,6.274601493304390321e-01,-1.221404944017958662e-02,1.125589596941562603e-02,6.204337350861759415e-01,-5.719226514111737554e-03,5.129470365797654009e-04,-9.541975647899769925e-04,1.564156865536862158e-04
3.675000000000000266e+00,6.273083497215400373e-01,-1.207415583596216195e-02,1.112732686995186217e-02,6.203626562102860786e-01,-5.653519444294959409e-03,5.011578216064082464e-04,-9.321632010085330192e-04,1.528299812907617521e-04
3.687500000000000000e+00,6.271582887765857484e-01,-1.193586014956391807e-02,1.100022630661310827e-02,6.202923939726830982e-01,-5.588562951105231075e-03,4.896408227751349778e-04,-9.106409564558530989e-04,1.493267710349507297e-04
3.700000000000000178e+00,6.270099466358948215e-01,-1.179914412932068536e-02,1.087457750553354717e-02,6.202229390448454893e-01,-5.524348461131266090e-03,4.783897139508853534e-04,-8.896188223685472891e-04,1.459041483319205355e-04
3.712500000000000355e+00,6.268633036666261260e-01,-1.166398973204179831e-02,1.075036388445294380e-02,6.201542822048060621e-01,-5.460867498892281978e-03,4.673983173195615229e-04,-8.690850749960624382e-04,1.425602501364460245e-04
3.725000000000000089e+00,6.267183404601880392e-01,-1.153037912062872435e-02,1.062756905052756815e-02,6.200864143359352543e-01,-5.398111685719376822e-03,4.566605998685114806e-04,-8.490282687261357887e-04,1.392932567687305142e-04
3.737500000000000266e+00,6.265750378296766065e-01,-1.139829466172089835e-02,1.050617679816615198e-02,6.200193264257374270e-01,-5.336072738649698562e-03,4.461706699518802328e-04,-8.294372293796170061e-04,1.361013908955663397e-04
3.750000000000000000e+00,6.264333768073439002e-01,-1.126771892336848359e-02,1.038617110689062269e-02,6.199530095646613725e-01,-5.274742469333266494e-03,4.359227739387445716e-04,-8.103010476703784203e-04,1.329829165357351872e-04
3.762500000000000178e+00,6.262933386420943549e-01,-1.113863467273168081e-02,1.026753613922121167e-02,6.198874549449245874e-01,-5.214112782952240281e-03,4.259112929419820413e-04,-7.916090728261202187e-04,1.299361380890588617e-04
3.775000000000000355e+00,6.261549047970105253e-01,-1.101102487380635660e-02,1.015025623858580375e-02,6.198226538593509805e-01,-5.154175677152578357e-03,4.161307396259021521e-04,-7.733509063660251072e-04,1.269593993885320953e-04
3.787500000000000089e+00,6.260180569469063760e-01,-1.088487268517563528e-02,1.003431592725315298e-02,6.197585977002213475e-01,-5.094923240987873220e-03,4.065757550906928829e-04,-7.555163960312861289e-04,1.240510827749772703e-04
3.800000000000000266e+00,6.258827769759089943e-01,-1.076016145778716827e-02,9.919699904289695780e-03,6.196952779581373916e-01,-5.036347653875254335e-03,3.972411058318007886e-04,-7.380956298646566610e-04,1.212096081936777639e-04
3.812500000000000000e+00,6.257490469750678352e-01,-1.063687473275583446e-02,9.806393043539765597e-03,6.196326862208989539e-01,-4.978441184563234603e-03,3.881216807724078535e-04,-7.210789304352747215e-04,1.184334323124609312e-04
3.825000000000000178e+00,6.256168492399912795e-01,-1.051499623919149862e-02,9.694380391628849847e-03,6.195708141723932361e-01,-4.921196190111325197e-03,3.792124883672048311e-04,-7.044568492050850552e-04,1.157210476607104194e-04
3.837500000000000355e+00,6.254861662685098356e-01,-1.039450989205162497e-02,9.583647165989687966e-03,6.195096535914976776e-01,-4.864605114881332890e-03,3.705086537757221687e-04,-6.882201610333166936e-04,1.130709817888063135e-04
3.850000000000000089e+00,6.253569807583668760e-01,-1.027539979001840242e-02,9.474178752910929549e-03,6.194491963509948240e-01,-4.808660489540155999e-03,3.620054161035075944e-04,-6.723598588155300622e-04,1.104817964474983673e-04
3.862500000000000266e+00,6.252292756049346867e-01,-1.015765021340010212e-02,9.365960705608061126e-03,6.193894344164994070e-01,-4.753354930073980938e-03,3.536981257094916993e-04,-6.568671482538572136e-04,1.079520867867331133e-04
3.875000000000000000e+00,6.251030338989573831e-01,-1.004124562205647650e-02,9.258978742316440261e-03,6.193303598453981929e-01,-4.698681136813752726e-03,3.455822415779263228e-04,-6.417334427551510271e-04,1.054804805734674543e-04
3.887500000000000178e+00,6.249782389243194736e-01,-9.926170653347769768e-03,9.153218744406050114e-03,6.192719647858020426e-01,-4.644631893471753807e-03,3.376533287533084720e-04,-6.269503584538202619e-04,1.030656374280096844e-04
3.900000000000000355e+00,6.248548741558394015e-01,-9.812410120107240702e-03,9.048666754517866936e-03,6.192142414755086310e-01,-4.591200066189212239e-03,3.299070558367604516e-04,-6.125097093562417282e-04,1.007062480784448388e-04
3.912500000000000089e+00,6.247329232570891788e-01,-9.699949008636802456e-03,8.945308974721479650e-03,6.191571822409792647e-01,-4.538378602594776191e-03,3.223391925423580253e-04,-5.984035026036949468e-04,9.840103363270757606e-05
3.925000000000000266e+00,6.246123700782381105e-01,-9.588772476725552010e-03,8.843131764693767244e-03,6.191007794963248045e-01,-4.486160530873739387e-03,3.149456073119464607e-04,-5.846239338508568218e-04,9.614874486787949555e-05
3.937500000000000000e+00,6.244931986539214996e-01,-9.478865851690981142e-03,8.742121639918424073e-03,6.190450257423056879e-01,-4.434538958847919488e-03,3.077222649870211147e-04,-5.711633827569751690e-04,9.394816153629793084e-05
3.950000000000000178e+00,6.243753932011337771e-01,-9.370214628442515015e-03,8.642265269906017344e-03,6.189899135653411655e-01,-4.383507073066023746e-03,3.006652245362747005e-04,-5.580144085868923073e-04,9.179809168807066019e-05
3.962500000000000355e+00,6.242589381171456120e-01,-9.262804467567208391e-03,8.543549476434417200e-03,6.189354356365314169e-01,-4.333058137904423866e-03,2.937706368374634071e-04,-5.451697459191935701e-04,8.969737100960543507e-05
3.975000000000000089e+00,6.241438179774445594e-01,-9.156621193437295900e-03,8.445961231809321831e-03,6.188815847106903245e-01,-4.283185494678195225e-03,2.870347425122632933e-04,-5.326223004587962544e-04,8.764486217776816101e-05
3.987500000000000266e+00,6.240300175336997990e-01,-9.051650792339346538e-03,8.349487657144643443e-03,6.188283536253887940e-01,-4.233882560762302488e-03,2.804538698128295707e-04,-5.203651449513817988e-04,8.563945422929597918e-05
4.000000000000000000e+00,6.239175217117495231e-01,-8.947879410624833343e-03,8.254116020662590272e-03,6.187757353000097327e-01,-4.185142828722850962e-03,2.740244325588054425e-04,-5.083915151971406645e-04,8.368006194510050960e-05
4.012500000000000178e+00,6.238063156096115280e-01,-8.845293352881773014e-03,8.159833736013116789e-03,6.187237227348135749e-01,-4.136959865458226734e-03,2.677429281235469967e-04,-4.966948061613461187e-04,8.176562524910268312e-05
4.025000000000000355e+00,6.236963844955168979e-01,-8.743879080127305373e-03,8.066628360612629334e-03,6.186723090100143541e-01,-4.089327311350079638e-03,2.616059354683773351e-04,-4.852685681793647392e-04,7.989510862125377613e-05
4.037500000000000533e+00,6.235877138059654490e-01,-8.643623208020890028e-03,7.974487594001640131e-03,6.186214872848665447e-01,-4.042238879423984237e-03,2.556101132236972100e-04,-4.741065032537456598e-04,7.806750052440105639e-05
4.049999999999999822e+00,6.234802891438042671e-01,-8.544512505097922456e-03,7.883399276221211838e-03,6.185712507967617846e-01,-3.995688354519699031e-03,2.497521978158204767e-04,-4.632024614411102718e-04,7.628181284466846988e-05
4.062500000000000000e+00,6.233740962763271165e-01,-8.446533891023505838e-03,7.793351386207911582e-03,6.185215928603371438e-01,-3.949669592470892061e-03,2.440290016384209163e-04,-4.525504373266082177e-04,7.453708034502786665e-05
4.075000000000000178e+00,6.232691211333963865e-01,-8.349674434866234674e-03,7.704332040207187773e-03,6.184725068665918313e-01,-3.904176519294260024e-03,2.384374112675170928e-04,-4.421445665837809777e-04,7.283236013174786518e-05
4.087500000000000355e+00,6.231653498055862439e-01,-8.253921353391625859e-03,7.616329490204788027e-03,6.184239862820155587e-01,-3.859203130387884803e-03,2.329743857189317524e-04,-4.319791226177025368e-04,7.116673113340990736e-05
4.100000000000000533e+00,6.230627685423472117e-01,-8.159262009375086236e-03,7.529332122376152306e-03,6.183760246477261191e-01,-3.814743489738764079e-03,2.276369547472042836e-04,-4.220485132893467988e-04,6.953929359219375515e-05
4.112499999999999822e+00,6.229613637501909551e-01,-8.065683909934135559e-03,7.443328455553514973e-03,6.183286155786168470e-01,-3.770791729139387656e-03,2.224222171849514799e-04,-4.123472777191699006e-04,6.794916856713859650e-05
4.125000000000000000e+00,6.228611219908967156e-01,-7.973174704879676736e-03,7.358307139710493737e-03,6.182817527625138476e-01,-3.727342047413255855e-03,2.173273393216968135e-04,-4.028700831679458885e-04,6.639549744909403273e-05
4.137500000000000178e+00,6.227620299797379522e-01,-7.881722185086134647e-03,7.274256954464057914e-03,6.182354299593429969e-01,-3.684388709649269716e-03,2.123495533212198933e-04,-3.936117219929575355e-04,6.487744148708341852e-05
4.150000000000000355e+00,6.226640745837286328e-01,-7.791314280880169522e-03,7.191166807593544694e-03,6.181896410003064890e-01,-3.641926046444839051e-03,2.074861556764889510e-04,-3.845671086776699375e-04,6.339418132580578011e-05
4.162500000000000533e+00,6.225672428198905095e-01,-7.701939060447815684e-03,7.109025733576639257e-03,6.181443797870683765e-01,-3.599948453157652412e-03,2.027345057012739748e-04,-3.757312769330840743e-04,6.194491655401229485e-05
4.174999999999999822e+00,6.224715218535397110e-01,-7.613584728259827072e-03,7.027822892142070697e-03,6.180996402909498810e-01,-3.558450389165991861e-03,1.980920240575545868e-04,-3.670993768690003793e-04,6.052886526349808571e-05
4.187500000000000000e+00,6.223768989965927645e-01,-7.526239623514971097e-03,6.947547566838829444e-03,6.180554165521335852e-01,-3.517426377137484149e-03,1.935561913178571744e-04,-3.586666722334679448e-04,5.914526361845593257e-05
4.200000000000000178e+00,6.222833617058921574e-01,-7.439892218601169317e-03,6.868189163621776956e-03,6.180117026788771728e-01,-3.476871002306235366e-03,1.891245465616848954e-04,-3.504285377187499654e-04,5.779336543494702628e-05
4.212500000000000355e+00,6.221908975815508835e-01,-7.354531117574156229e-03,6.789737209453366659e-03,6.179684928467353844e-01,-3.436778911758192525e-03,1.847946860052128470e-04,-3.423804563321574302e-04,5.647244177024612113e-05
4.225000000000000533e+00,6.220994943653163078e-01,-7.270145054653545137e-03,6.712181350921370311e-03,6.179257812977915210e-01,-3.397144813724681765e-03,1.805642616634520290e-04,-3.345180168301657448e-04,5.518178052182773152e-05
4.237499999999999822e+00,6.220091399389523490e-01,-7.186722892736075591e-03,6.635511352872393818e-03,6.178835623398976074e-01,-3.357963476884020821e-03,1.764309800440996021e-04,-3.268369112142567720e-04,5.392068603576388790e-05
4.250000000000000000e+00,6.219198223226400923e-01,-7.104253621925813410e-03,6.559717097060979545e-03,6.178418303459228822e-01,-3.319229729671090406e-03,1.723926008723118664e-04,-3.193329322869690578e-04,5.268847872430938126e-05
4.262500000000000178e+00,6.218315296733968323e-01,-7.022726358081198342e-03,6.484788580814201432e-03,6.178005797530112808e-01,-3.280938459594824608e-03,1.684469358456606156e-04,-3.120019712666864458e-04,5.148449469245763540e-05
4.275000000000000355e+00,6.217442502835129892e-01,-6.942130341378631442e-03,6.410715915711459774e-03,6.177598050618470227e-01,-3.243084612563466342e-03,1.645918474185425475e-04,-3.048400154597153376e-04,5.030808537325257560e-05
4.287500000000000533e+00,6.216579725790075672e-01,-6.862454934892499823e-03,6.337489326279389761e-03,6.177195008359291917e-01,-3.205663192217547090e-03,1.608252476153381383e-04,-2.978431459882547976e-04,4.915861717165000068e-05
4.299999999999999822e+00,6.215726851180999324e-01,-6.783689623191420208e-03,6.265099148701678243e-03,6.176796617008538659e-01,-3.168669259270485115e-03,1.571450968716286663e-04,-2.910075355728884748e-04,4.803547111672529918e-05
4.312500000000000000e+00,6.214883765897005752e-01,-6.705824010950490500e-03,6.193535829543597888e-03,6.176402823436049072e-01,-3.132097930856702402e-03,1.535494029027973371e-04,-2.843294463682619001e-04,4.693804252202915495e-05
4.325000000000000178e+00,6.214050358119179718e-01,-6.628847821579449649e-03,6.122789924491165922e-03,6.176013575118527443e-01,-3.095944379887215648e-03,1.500362195993608697e-04,-2.778052278506518667e-04,4.586574065389937904e-05
4.337500000000000355e+00,6.213226517305826535e-01,-6.552750895866448280e-03,6.052852097104651635e-03,6.175628820132610386e-01,-3.060203834412561236e-03,1.466036459483866905e-04,-2.714313147561508684e-04,4.481798840753881390e-05
4.350000000000000533e+00,6.212412134177891510e-01,-6.477523190637349444e-03,5.983713117586360666e-03,6.175248507148015653e-01,-3.024871576993010385e-03,1.432498249803739149e-04,-2.652042250682367839e-04,4.379422199067645942e-05
4.362499999999999822e+00,6.211607100704530371e-01,-6.403154777430326156e-03,5.915363861562487023e-03,6.174872585420766447e-01,-2.989942944075981227e-03,1.399729427409874421e-04,-2.591205580535206024e-04,4.279389061463205978e-05
4.375000000000000000e+00,6.210811310088855119e-01,-6.329635841185592658e-03,5.847795308878866311e-03,6.174501004786494551e-01,-2.955413325380545041e-03,1.367712272870489861e-04,-2.531769923444951811e-04,4.181645619260844970e-05
4.387500000000000178e+00,6.210024656753843075e-01,-6.256956678950137581e-03,5.780998542410528684e-03,6.174133715653820076e-01,-2.921278163288994548e-03,1.336429477062083557e-04,-2.473702840681455371e-04,4.086139304504183992e-05
4.400000000000000355e+00,6.209247036328395808e-01,-6.185107698597213516e-03,5.714964746884812138e-03,6.173770668997802247e-01,-2.887532952245332879e-03,1.305864131597240163e-04,-2.416972650192943247e-04,3.992818761184167213e-05
4.412500000000000533e+00,6.208478345633576811e-01,-6.114079417560467668e-03,5.649685207717937245e-03,6.173411816353473469e-01,-2.854173238160647667e-03,1.275999719478039475e-04,-2.361548408776010047e-04,3.901633817135819241e-05
4.424999999999999822e+00,6.207718482668981297e-01,-6.043862461582543560e-03,5.585151309864883756e-03,6.173057109809443332e-01,-2.821194617825278309e-03,1.246820105969668633e-04,-2.307399894671489904e-04,3.812535456591853472e-05
4.437500000000000000e+00,6.206967346599286950e-01,-5.974447563477943042e-03,5.521354536682371306e-03,6.172706502001569229e-01,-2.788592738327686209e-03,1.218309529688966971e-04,-2.254497590575842733e-04,3.725475793377564339e-05
4.450000000000000178e+00,6.206224837740937916e-01,-5.905825561910073990e-03,5.458286468804891302e-03,6.172359946106711348e-01,-2.756363296479984615e-03,1.190452593902804505e-04,-2.202812667058007691e-04,3.640408044731975075e-05
4.462500000000000355e+00,6.205490857548995320e-01,-5.837987400182214834e-03,5.395938783033520265e-03,6.172017395836548737e-01,-2.724502038250011405e-03,1.163234258031247922e-04,-2.152316966371800437e-04,3.557286505740308788e-05
4.475000000000000533e+00,6.204765308604128782e-01,-5.770924125042319573e-03,5.334303251237456495e-03,6.171678805431474180e-01,-2.693004758199897541e-03,1.136639829350658188e-04,-2.102982986654310484e-04,3.476066524363470057e-05
4.487499999999999822e+00,6.204048094599760033e-01,-5.704626885501466391e-03,5.273371739268112660e-03,6.171344129654549038e-01,-2.661867298931050105e-03,1.110654954891945905e-04,-2.054783866500913252e-04,3.396704477050411228e-05
4.500000000000000000e+00,6.203339120329355305e-01,-5.639086931665786805e-03,5.213136205885576975e-03,6.171013323785536908e-01,-2.631085550535465327e-03,1.085265613529322207e-04,-2.007693369907746696e-04,3.319157744919607269e-05
4.512500000000000178e+00,6.202638291673858717e-01,-5.574295613581779080e-03,5.153588701697400451e-03,6.170686343614999458e-01,-2.600655450053330001e-03,1.060458108255038035e-04,-1.961685871572800273e-04,3.243384690496312316e-05
4.525000000000000355e+00,6.201945515589271096e-01,-5.510244380094765637e-03,5.094721368109448277e-03,6.170363145438462205e-01,-2.570572980936796769e-03,1.036219058635644605e-04,-1.916736342546859957e-04,3.169344634992390285e-05
4.537500000000000533e+00,6.201260700094373135e-01,-5.446924777720415535e-03,5.036526436288772841e-03,6.170043686050648013e-01,-2.540834172519898602e-03,1.012535393445485022e-04,-1.872820336225892101e-04,3.096997836116003894e-05
4.549999999999999822e+00,6.200583754258582880e-01,-5.384328449529152474e-03,4.978996226138323634e-03,6.169727922739769443e-01,-2.511435099494513119e-03,9.893943434731887682e-05,-1.829913974676589073e-04,3.026305466398678529e-05
4.562500000000000000e+00,6.199914588189958664e-01,-5.322447134043284400e-03,4.922123145283355261e-03,6.169415813281896588e-01,-2.482371881392309541e-03,9.667834344970491287e-05,-1.787993935287002613e-04,2.957229592027513514e-05
4.575000000000000178e+00,6.199253113023334150e-01,-5.261272664146779236e-03,4.865899688069458967e-03,6.169107315935381530e-01,-2.453640682072627532e-03,9.446904804252933890e-05,-1.747037437734454861e-04,2.889733152170737560e-05
4.587500000000000355e+00,6.198599240908592156e-01,-5.200796966007441291e-03,4.810318434571990431e-03,6.168802389435350531e-01,-2.425237709216192077e-03,9.231035765972944479e-05,-1.707022231263003473e-04,2.823779938784898671e-05
4.600000000000000533e+00,6.197952884999068379e-01,-5.141012058011430221e-03,4.755372049616846987e-03,6.168500992988257270e-01,-2.397159213824614533e-03,9.020110932419266926e-05,-1.667926582263031324e-04,2.759334576892429733e-05
4.612499999999999822e+00,6.197313959440091669e-01,-5.081910049709941271e-03,4.701053281812419063e-03,6.168203086266497159e-01,-2.369401489725620012e-03,8.814016690893269933e-05,-1.629729262145654097e-04,2.696362505318509258e-05
4.625000000000000000e+00,6.196682379357655313e-01,-5.023483140777901083e-03,4.647354962592590080e-03,6.167908629403088261e-01,-2.341960873083907824e-03,8.612642051324126153e-05,-1.592409535504826605e-04,2.634829957876394553e-05
4.637500000000000178e+00,6.196058060847211557e-01,-4.965723619984602731e-03,4.594270005270704137e-03,6.167617582986403280e-01,-2.314833741917625941e-03,8.415878585346246634e-05,-1.555947148560246369e-04,2.574703944990753947e-05
4.650000000000000355e+00,6.195440920962602682e-01,-4.908623864176043204e-03,4.541791404104301121e-03,6.167329908054975940e-01,-2.288016515620346254e-03,8.223620366804026776e-05,-1.520322317874242123e-04,2.515952235748624598e-05
4.662500000000000533e+00,6.194830877705111982e-01,-4.852176337268924305e-03,4.489912233370562875e-03,6.167045566092352882e-01,-2.261505654488510288e-03,8.035763913650258280e-05,-1.485515719336085675e-04,2.458543340368010759e-05
4.674999999999999822e+00,6.194227850012645753e-01,-4.796373589256127008e-03,4.438625646452309080e-03,6.166764519022011060e-01,-2.235297659254275541e-03,7.852208131205132161e-05,-1.451508477407278540e-04,2.402446493074299926e-05
4.687500000000000000e+00,6.193631757749028521e-01,-4.741208255223538712e-03,4.387924874934429238e-03,6.166486729202332873e-01,-2.209389070623684389e-03,7.672854256743531711e-05,-1.418282154621523631e-04,2.347631635374905785e-05
4.700000000000000178e+00,6.193042521693434832e-01,-4.686673054378140586e-03,4.337803227710662277e-03,6.166212159421639027e-01,-2.183776468820132575e-03,7.497605805379353825e-05,-1.385818741333292854e-04,2.294069399722843604e-05
4.712500000000000355e+00,6.192460063529928727e-01,-4.632760789087163322e-03,4.288254090100551176e-03,6.165940772893273580e-01,-2.158456473133030587e-03,7.326368517215912826e-05,-1.354100645708970839e-04,2.241731093560048117e-05
4.725000000000000533e+00,6.191884305837132008e-01,-4.579464343928234087e-03,4.239270922976503229e-03,6.165672533250754483e-01,-2.133425741471630614e-03,7.159050305732658672e-05,-1.323110683954780841e-04,2.190588683731575629e-05
4.737499999999999822e+00,6.191315172078003526e-01,-4.526776684750370705e-03,4.190847261900814552e-03,6.165407404542966319e-01,-2.108680969923953583e-03,6.995561207378894080e-05,-1.292832070775797222e-04,2.140614781261981819e-05
4.750000000000000000e+00,6.190752586589741702e-01,-4.474690857745690364e-03,4.142976716272546087e-03,6.165145351229422976e-01,-2.084218892320741263e-03,6.835813332345910983e-05,-1.263248410060490410e-04,2.091782626485365955e-05
4.762500000000000178e+00,6.190196474573795848e-01,-4.423199988531750435e-03,4.095652968484173040e-03,6.164886338175571412e-01,-2.060036279804409575e-03,6.679720816489854453e-05,-1.234343685785421556e-04,2.044066074520847686e-05
4.775000000000000355e+00,6.189646762085996290e-01,-4.372297281244335795e-03,4.048869773087836015e-03,6.164630330648156464e-01,-2.036129940402910728e-03,6.527199774377910883e-05,-1.206102253134771709e-04,1.997439581085313706e-05
4.787500000000000533e+00,6.189103376026797720e-01,-4.321976017640630219e-03,4.002620955971133987e-03,6.164377294310633415e-01,-2.012496718608466472e-03,6.378168253431443127e-05,-1.178508829829586597e-04,1.951878188635590455e-05
4.800000000000000711e+00,6.188566244131626926e-01,-4.272229556212626088e-03,3.956900413542329027e-03,6.164127195218642719e-01,-1.989133494961117798e-03,6.232546189140119523e-05,-1.151548487661700613e-04,1.907357512832302639e-05
4.812500000000000000e+00,6.188035294961352628e-01,-4.223051331310658831e-03,3.911702111924862148e-03,6.163879999815523592e-01,-1.966037185637029092e-03,6.090255361321773538e-05,-1.125206644227444571e-04,1.863853729317905430e-05
4.825000000000000178e+00,6.187510457892850813e-01,-4.174434852276944635e-03,3.867020086161055380e-03,6.163635674927888664e-01,-1.943204742041492296e-03,5.951219351403268107e-05,-1.099469054856345730e-04,1.821343560801507249e-05
4.837500000000000355e+00,6.186991663109687734e-01,-4.126373702589042521e-03,3.822848439424938495e-03,6.163394187761241927e-01,-1.920633150406590543e-03,5.815363500698420755e-05,-1.074321804730182274e-04,1.779804264443362645e-05
4.850000000000000533e+00,6.186478841592907285e-01,-4.078861539013066417e-03,3.779181342244042081e-03,6.163155505895653308e-01,-1.898319431393447748e-03,5.682614869659293583e-05,-1.049751301187805679e-04,1.739213619531960163e-05
4.862500000000000711e+00,6.185971925111920511e-01,-4.031892090766588284e-03,3.736013031730090611e-03,6.162919597281479867e-01,-1.876260639699025125e-03,5.552902198078049373e-05,-1.025744266211317567e-04,1.699549915446908288e-05
4.875000000000000000e+00,6.185470846215498364e-01,-3.985459158691103017e-03,3.693337810818488401e-03,6.162686430235133628e-01,-1.854453863667413892e-03,5.426155866216926771e-05,-1.002287729089261140e-04,1.660791939900928222e-05
4.887500000000000178e+00,6.184975538222876601e-01,-3.939556614433923319e-03,3.651150047516473537e-03,6.162455973434900480e-01,-1.832896224905557377e-03,5.302307856844428905e-05,-9.793690192525912012e-05,1.622918967454413397e-05
4.900000000000000355e+00,6.184485935214949492e-01,-3.894178399639457687e-03,3.609444174159894252e-03,6.162228195916807927e-01,-1.811584877903380615e-03,5.181291718156522537e-05,-9.569757592793250330e-05,1.585910748296229396e-05
4.912500000000000533e+00,6.184001972025572336e-01,-3.849318525149692406e-03,3.568214686678442080e-03,6.162003067070532802e-01,-1.790517009658242672e-03,5.063042527561831128e-05,-9.350958580638158194e-05,1.549747497284481172e-05
4.925000000000000711e+00,6.183523584232963888e-01,-3.804971070213817273e-03,3.527456143869297112e-03,6.161780556635368944e-01,-1.769689839303688686e-03,4.947496856310633335e-05,-9.137175041467491480e-05,1.514409883241217172e-05
4.937500000000000000e+00,6.183050708151200947e-01,-3.761130181706882729e-03,3.487163166679065236e-03,6.161560634696228167e-01,-1.749100617742441362e-03,4.834592734947762991e-05,-8.928291592020218043e-05,1.479879018495130488e-05
4.950000000000000178e+00,6.182583280821812854e-01,-3.717790073357366085e-03,3.447330437493910209e-03,6.161343271679691203e-01,-1.728746627283578134e-03,4.724269619570002008e-05,-8.724195516767587020e-05,1.446136448666451288e-05
4.962500000000000355e+00,6.182121240005475915e-01,-3.674945024983587022e-03,3.407952699437818110e-03,6.161128438350108594e-01,-1.708625181283869284e-03,4.616468358869166137e-05,-8.524776705808430549e-05,1.413164142688421650e-05
4.975000000000000533e+00,6.181664524173798858e-01,-3.632589381738819678e-03,3.369024755678850635e-03,6.160916105805734899e-01,-1.688733623793197205e-03,4.511131161942265788e-05,-8.329927594223699968e-05,1.380944483059780162e-05
4.987500000000000711e+00,6.181213072501199335e-01,-3.590717553365037600e-03,3.330541468743338646e-03,6.160706245474923959e-01,-1.669069329204034497e-03,4.408201566850832270e-05,-8.139543102855743948e-05,1.349460256322908305e-05
5.000000000000000000e+00,6.180766824856880337e-01,-3.549324013455183984e-03,3.292497759837908003e-03,6.160498829112348584e-01,-1.649629701904925787e-03,4.307624409911776231e-05,-7.953520580478361886e-05,1.318694643762360736e-05
5.012500000000000178e+00,6.180325721796894323e-01,-3.508403298723852728e-03,3.254888608179238359e-03,6.160293828795276871e-01,-1.630412175937923439e-03,4.209345795702566605e-05,-7.771759747324489826e-05,1.288631212318634959e-05
5.025000000000000355e+00,6.179889704556295049e-01,-3.467950008286331716e-03,3.217709050331502875e-03,6.160091216919886259e-01,-1.611414214659947618e-03,4.113313067764063166e-05,-7.594162639939465843e-05,1.259253905712192345e-05
5.037500000000000533e+00,6.179458715041382666e-01,-3.427958802945845710e-03,3.180954179551350510e-03,6.159890966197618667e-01,-1.592633310408003320e-03,4.019474779984495705e-05,-7.420633557328106401e-05,1.230547035772791482e-05
5.050000000000000711e+00,6.179032695822043175e-01,-3.388424404488960678e-03,3.144619145140384493e-03,6.159693049651582264e-01,-1.574066984168228951e-03,3.927780668648715761e-05,-7.251079008365063914e-05,1.202495273969380791e-05
5.062500000000000000e+00,6.178611590124157837e-01,-3.349341594989031605e-03,3.108699151805038516e-03,6.159497440612986541e-01,-1.555712785248724661e-03,3.838181625137073832e-05,-7.085407660438423623e-05,1.175083643135869042e-05
5.075000000000000178e+00,6.178195341822121378e-01,-3.310705216117594898e-03,3.073189459023746573e-03,6.159304112717625124e-01,-1.537568290956113377e-03,3.750629669258670056e-05,-6.923530289297195851e-05,1.148297509388204015e-05
5.087500000000000355e+00,6.177783895431429029e-01,-3.272510168463651191e-03,3.038085380421375655e-03,6.159113039902395226e-01,-1.519631106275808486e-03,3.665077923204195258e-05,-6.765359730074346333e-05,1.122122574228332725e-05
5.100000000000000533e+00,6.177377196101353496e-01,-3.234751410860697146e-03,3.003382283150771680e-03,6.158924196401854845e-01,-1.501898863555923159e-03,3.581480586103722932e-05,-6.610810829457237708e-05,1.096544866830655903e-05
5.112500000000000711e+00,6.176975189607709638e-01,-3.197423959721457706e-03,2.969075587281385688e-03,6.158737556744828812e-01,-1.484369222194795255e-03,3.499792909175371080e-05,-6.459800398978462490e-05,1.071550736506759373e-05
5.125000000000000000e+00,6.176577822345695745e-01,-3.160522888380213821e-03,2.935160765194884044e-03,6.158553095751040374e-01,-1.467039868332084031e-03,3.419971171450963564e-05,-6.312247169400477475e-05,1.047126845344263214e-05
5.137500000000000178e+00,6.176185041322819202e-01,-3.124043326442632433e-03,2.901633340987649391e-03,6.158370788527788298e-01,-1.449908514543389419e-03,3.341972656065155401e-05,-6.168071746168062085e-05,1.023260161015733107e-05
5.150000000000000355e+00,6.175796794151904301e-01,-3.087980459143046651e-03,2.868488889880130722e-03,6.158190610466666159e-01,-1.432972899538371330e-03,3.265755627094917376e-05,-6.027196565903485793e-05,9.999379497537209455e-06
5.162500000000000533e+00,6.175413029044175550e-01,-3.052329526709050833e-03,2.835723037632916811e-03,6.158012537240309392e-01,-1.416230787862307171e-03,3.191279306936384448e-05,-5.889545853919495407e-05,9.771477694880422284e-06
5.175000000000000711e+00,6.175033694802426476e-01,-3.017085823733365452e-03,2.803331459969492234e-03,6.157836544799185630e-01,-1.399679969601064613e-03,3.118503854206585411e-05,-5.755045582726198622e-05,9.548774631415395906e-06
5.187500000000000000e+00,6.174658740814259472e-01,-2.982244698552877216e-03,2.771309882005584899e-03,6.157662609368421691e-01,-1.383318260089444690e-03,3.047390342157749792e-05,-5.623623431508282757e-05,9.331151520806463479e-06
5.200000000000000178e+00,6.174288117045410029e-01,-2.947801552634760330e-03,2.739654077685024867e-03,6.157490707444662759e-01,-1.367143499622851905e-03,2.977900737592173279e-05,-5.495208746549581582e-05,9.118492297171400010e-06
5.212500000000000355e+00,6.173921774033138687e-01,-2.913751839969628589e-03,2.708359869222064578e-03,6.157320815792973745e-01,-1.351153553172270479e-03,2.909997880266027492e-05,-5.369732502582747120e-05,8.910683552576008373e-06
5.225000000000000533e+00,6.173559662879707366e-01,-2.880091066471601648e-03,2.677423126550050343e-03,6.157152911443770638e-01,-1.335346310102483464e-03,2.843645462770579214e-05,-5.247127265041975132e-05,8.707614475971110950e-06
5.237500000000000711e+00,6.173201735245925637e-01,-2.846814789385229520e-03,2.646839766776403445e-03,6.156986971689787369e-01,-1.319719683893520170e-03,2.778808010879742584e-05,-5.127327153197600999e-05,8.509176793538700864e-06
5.250000000000000000e+00,6.172847943344765831e-01,-2.813918616699192469e-03,2.616605753643821974e-03,6.156822974083080435e-01,-1.304271611865283993e-03,2.715450864353045345e-05,-5.010267804151701199e-05,8.315264710414460765e-06
5.262500000000000178e+00,6.172498239935063635e-01,-2.781398206566687830e-03,2.586717096997633112e-03,6.156660896432066821e-01,-1.289000054905320740e-03,2.653540158183352086e-05,-4.895886337674332299e-05,8.125774853754609296e-06
5.275000000000000355e+00,6.172152578315279747e-01,-2.749249266732456919e-03,2.557169852259244709e-03,6.156500716798591899e-01,-1.273902997199710977e-03,2.593042804279031713e-05,-4.784121321860705471e-05,7.940606217116116192e-06
5.287500000000000533e+00,6.171810912317337028e-01,-2.717467553966335363e-03,2.527960119905596405e-03,6.156342413495036192e-01,-1.258978445967022866e-03,2.533926473570329854e-05,-4.674912739589765306e-05,7.759660106119506531e-06
5.300000000000000711e+00,6.171473196300525377e-01,-2.686048873503283068e-03,2.499084044954559981e-03,6.156185965081453215e-01,-1.244224431195312033e-03,2.476159578530128758e-05,-4.568201955765401994e-05,7.582840085364723164e-06
5.312500000000000000e+00,6.171139385145482104e-01,-2.654989078489810098e-03,2.470537816456226058e-03,6.156031350362736188e-01,-1.229639005382127288e-03,2.419711256099389723e-05,-4.463931685321813271e-05,7.410051926570915342e-06
5.325000000000000178e+00,6.170809434248235581e-01,-2.624284069436715657e-03,2.442317666989985217e-03,6.155878548385824711e-01,-1.215220243277479470e-03,2.364551351007830238e-05,-4.362045961974966179e-05,7.241203557911691527e-06
5.337500000000000355e+00,6.170483299514316622e-01,-2.593929793678096795e-03,2.414419872167377062e-03,6.155727538436935875e-01,-1.200966241629759096e-03,2.310650399480675702e-05,-4.262490107702708423e-05,7.076205014518328986e-06
5.350000000000000533e+00,6.170160937352940911e-01,-2.563922244836515808e-03,2.386840750140596223e-03,6.155578300038831996e-01,-1.186875118934547103e-03,2.257979613322405170e-05,-4.165210702936211897e-05,6.914968390123594570e-06
5.362500000000000711e+00,6.169842304671256938e-01,-2.534257462294286882e-03,2.359576661116624067e-03,6.155430812948116115e-01,-1.172945015186299591e-03,2.206510864368765352e-05,-4.070155557446127558e-05,6.757407789819949145e-06
5.375000000000000000e+00,6.169527358868656108e-01,-2.504931530670802178e-03,2.332624006876910221e-03,6.155285057152563022e-01,-1.159174091632871441e-03,2.156216669298451728e-05,-3.977273681907052418e-05,6.603439283906227469e-06
5.387500000000000178e+00,6.169216057831155009e-01,-2.475940579305813648e-03,2.305979230302529319e-03,6.155141012868475814e-01,-1.145560530532838258e-03,2.107070174796057285e-05,-3.886515260124334968e-05,6.452980862797540091e-06
5.400000000000000355e+00,6.168908359925830975e-01,-2.447280781748641977e-03,2.279638814904782606e-03,6.154998660538071320e-01,-1.132102534915602329e-03,2.059045143058167853e-05,-3.797831621907730521e-05,6.305952392973918004e-06
5.412500000000000533e+00,6.168604223995332037e-01,-2.418948355253194675e-03,2.253599284361141632e-03,6.154857980826904384e-01,-1.118798328344230335e-03,2.012115937634532153e-05,-3.711175216576572474e-05,6.162275573943433419e-06
5.425000000000000711e+00,6.168303609352444594e-01,-2.390939560278765134e-03,2.227857202056501926e-03,6.154718954621315463e-01,-1.105646154681003959e-03,1.966257509596571452e-05,-3.626499587081720438e-05,6.021873896196466818e-06
5.437500000000000000e+00,6.168006475774723274e-01,-2.363250699996529390e-03,2.202409170629676845e-03,6.154581563025900426e-01,-1.092644277855651935e-03,1.921445384025580804e-05,-3.543759344729744727e-05,5.884672600128115732e-06
5.450000000000000178e+00,6.167712783499180729e-01,-2.335878119801675090e-03,2.177251831525063488e-03,6.154445787361026987e-01,-1.079790981636223656e-03,1.877655646813172717e-05,-3.462910144495200398e-05,5.750598635906284459e-06
5.462500000000000355e+00,6.167422493217044055e-01,-2.308818206831115410e-03,2.152381864549445575e-03,6.154311609160358909e-01,-1.067084569402593046e-03,1.834864931766748571e-05,-3.383908660907239098e-05,5.619580624263724945e-06
5.475000000000000533e+00,6.167135566068560060e-01,-2.282067389486696837e-03,2.127795987433843492e-03,6.154179010168427943e-01,-1.054523363922537640e-03,1.793050408012832896e-05,-3.306712564496982478e-05,5.491548818192437961e-06
5.487500000000000711e+00,6.166851963637873801e-01,-2.255622136963860921e-03,2.103490955400376828e-03,6.154047972338215766e-01,-1.042105707130384831e-03,1.752189767691397009e-05,-3.231280498792578966e-05,5.366435065519717839e-06
5.500000000000000000e+00,6.166571647947957091e-01,-2.229478958785686277e-03,2.079463560734073468e-03,6.153918477828779210e-01,-1.029829959908185608e-03,1.712261213934387956e-05,-3.157572057849057504e-05,5.244172772345386609e-06
5.512500000000000178e+00,6.166294581455590285e-01,-2.203634404342249241e-03,2.055710632359563673e-03,6.153790509002888820e-01,-1.017694501869384135e-03,1.673243449121843365e-05,-3.085547764300424525e-05,5.124696867320265699e-06
5.525000000000000355e+00,6.166020727046416239e-01,-2.178085062435256795e-03,2.032229035422624015e-03,6.153664048424705157e-01,-1.005697731144970797e-03,1.635115663409182542e-05,-3.015169047921822487e-05,5.007943766746547409e-06
5.537500000000000533e+00,6.165750048030036456e-01,-2.152827560827866738e-03,2.009015670876484420e-03,6.153539078857477307e-01,-9.938380641720671090e-04,1.597857523519316994e-05,-2.946398224689702447e-05,4.893851340480911368e-06
5.550000000000000711e+00,6.165482508135168294e-01,-2.127858565799658694e-03,1.986067475072871881e-03,6.153415583261264699e-01,-9.821139354849329605e-04,1.561449161793472938e-05,-2.879198476328410385e-05,4.782358878621939298e-06
5.562500000000000000e+00,6.165218071504863229e-01,-2.103174781706683514e-03,1.963381419357722747e-03,6.153293544790691127e-01,-9.705237975083626711e-04,1.525871165494696785e-05,-2.813533830331768938e-05,4.673407058963662600e-06
5.575000000000000178e+00,6.164956702691767321e-01,-2.078772950546533410e-03,1.940954509671504380e-03,6.153172946792717646e-01,-9.590661203534359396e-04,1.491104566358172972e-05,-2.749369140448508267e-05,4.566937915197506753e-06
5.587500000000000355e+00,6.164698366653450501e-01,-2.054649851528394643e-03,1.918783786154121046e-03,6.153053772804448762e-01,-9.477393916156140290e-04,1.457130830382651430e-05,-2.686670067620751810e-05,4.462894805845446218e-06
5.600000000000000533e+00,6.164443028747775832e-01,-2.030802300647992133e-03,1.896866322754315335e-03,6.152936006550955295e-01,-9.365421161751326167e-04,1.423931847857346130e-05,-2.625403061364863294e-05,4.361222383907320776e-06
5.612500000000000711e+00,6.164190654728329832e-01,-2.007227150267401269e-03,1.875199226843538448e-03,6.152819631943131640e-01,-9.254728159996819872e-04,1.391489923618873053e-05,-2.565535341584367630e-05,4.261866567205951158e-06
5.625000000000000000e+00,6.163941210739903864e-01,-1.983921288699652761e-03,1.853779638834231885e-03,6.152704633075563034e-01,-9.145300299493413880e-04,1.359787767532879901e-05,-2.507034880804821263e-05,4.164774509413868862e-06
5.637500000000000178e+00,6.163694663314022160e-01,-1.960881639798079355e-03,1.832604731802462859e-03,6.152590994224436116e-01,-9.037123135837388200e-04,1.328808485195142392e-05,-2.449870386820733229e-05,4.069894571745920601e-06
5.650000000000000355e+00,6.163450979364528681e-01,-1.938105162550364958e-03,1.811671711114882849e-03,6.152478699845455035e-01,-8.930182389714236843e-04,1.298535568847071187e-05,-2.394011285744973561e-05,3.977176295302440627e-06
5.662500000000000533e+00,6.163210126183220616e-01,-1.915588850677215921e-03,1.790977814059934500e-03,6.152367734571798641e-01,-8.824463945014087004e-04,1.268952888500612984e-05,-2.339427705451170423e-05,3.886570374047870577e-06
5.675000000000000711e+00,6.162972071435525168e-01,-1.893329732235622415e-03,1.770520309483276933e-03,6.152258083212079898e-01,-8.719953846968719890e-04,1.240044683267724810e-05,-2.286090459399978516e-05,3.798028628410235396e-06
5.687500000000000000e+00,6.162736783156242959e-01,-1.871324869226652626e-03,1.750296497427376993e-03,6.152149730748354139e-01,-8.616638300309859260e-04,1.211795552889665753e-05,-2.233971030840225624e-05,3.711503979487123661e-06
5.700000000000000178e+00,6.162504229745318085e-01,-1.849571357207716472e-03,1.730303708775208973e-03,6.152042662334125112e-01,-8.514503667448498903e-04,1.184190449461469993e-05,-2.183041557376163411e-05,3.626950423844150926e-06
5.712500000000000355e+00,6.162274379963675885e-01,-1.828066324909275201e-03,1.710539304898038961e-03,6.151936863292394309e-01,-8.413536466675093422e-04,1.157214669347101850e-05,-2.133274815892329757e-05,3.544323008892315457e-06
5.725000000000000533e+00,6.162047202929096246e-01,-1.806806933855911214e-03,1.691000677307217918e-03,6.151832319113715863e-01,-8.313723370380264295e-04,1.130853845280842557e-05,-2.084644207827598066e-05,3.463577808830786576e-06
5.737500000000000711e+00,6.161822668112134638e-01,-1.785790377991734691e-03,1.671685247309960282e-03,6.151729015454289184e-01,-8.215051203295869412e-04,1.105093938650618507e-05,-2.037123744790318263e-05,3.384671901142160081e-06
5.750000000000000000e+00,6.161600745332103113e-01,-1.765013883310066973e-03,1.652590465669052586e-03,6.151626938134057143e-01,-8.117506940756187821e-04,1.079921231959051430e-05,-1.990688034506574511e-05,3.307563343627419760e-06
5.762500000000000178e+00,6.161381404753075719e-01,-1.744474707487347334e-03,1.633713812266445256e-03,6.151526073134842010e-01,-8.021077706978938871e-04,1.055322321458104063e-05,-1.945312267093765235e-05,3.232211151968126950e-06
5.775000000000000355e+00,6.161164616879958311e-01,-1.724170139521233889e-03,1.615052795770697235e-03,6.151426406598490271e-01,-7.925750773366022984e-04,1.031284109953331129e-05,-1.900972201651976028e-05,3.158575277803767481e-06
5.787500000000000533e+00,6.160950352554589449e-01,-1.704097499372824896e-03,1.596604953308208147e-03,6.151327924825045201e-01,-7.831513556823623034e-04,1.007793799773772015e-05,-1.857644153165659677e-05,3.086616587312271767e-06
5.800000000000000711e+00,6.160738582951901243e-01,-1.684254137612971195e-03,1.578367850138212873e-03,6.151230614270937203e-01,-7.738353618101538383e-04,9.848388859036802677e-06,-1.815304979708448285e-05,3.016296840282188817e-06
5.812500000000000000e+00,6.160529279576104633e-01,-1.664637435072629894e-03,1.560339079331485605e-03,6.151134461547197452e-01,-7.646258660151504386e-04,9.624071492723346898e-06,-1.773932069944004415e-05,2.947578669665160121e-06
5.825000000000000178e+00,6.160322414256935719e-01,-1.645244802497203805e-03,1.542516261452712197e-03,6.151039453417689318e-01,-7.555216526504251236e-04,9.404866501982680907e-06,-1.733503330916010327e-05,2.880425561597598536e-06
5.837500000000000355e+00,6.160117959145935407e-01,-1.626073680204840818e-03,1.524897044246498494e-03,6.150945576797364200e-01,-7.465215199665180745e-04,9.190657219843641296e-06,-1.693997176120593570e-05,2.814801835880835615e-06
5.850000000000000533e+00,6.159915886712774569e-01,-1.607121537748624476e-03,1.507479102326957175e-03,6.150852818750527362e-01,-7.376242799528311914e-04,8.981329646603035004e-06,-1.655392513854557683e-05,2.750672626909080437e-06
5.862500000000000711e+00,6.159716169741619174e-01,-1.588385873582627561e-03,1.490260136870843197e-03,6.150761166489138176e-01,-7.288287581808408589e-04,8.776772388689738693e-06,-1.617668735833037138e-05,2.688003865034943365e-06
5.875000000000000000e+00,6.159518781327539827e-01,-1.569864214731779692e-03,1.473237875314196629e-03,6.150670607371120369e-01,-7.201337936491015957e-04,8.576876598935076110e-06,-1.580805706070289842e-05,2.626762258362429817e-06
5.887500000000000178e+00,6.159323694872961275e-01,-1.551554116465499915e-03,1.456410071052443656e-03,6.150581128898686689e-01,-7.115382386300198817e-04,8.381535918216911782e-06,-1.544783750017490956e-05,2.566915274957527199e-06
5.900000000000000355e+00,6.159130884084147439e-01,-1.533453161975067416e-03,1.439774503143935805e-03,6.150492718716696894e-01,-7.030409585183858018e-04,8.190646418445900605e-06,-1.509583643951583385e-05,2.508431125466851236e-06
5.912500000000000533e+00,6.158940322967740855e-01,-1.515558962054665932e-03,1.423328976016863430e-03,6.150405364611025716e-01,-6.946408316816299810e-04,8.004106546862602235e-06,-1.475186604609294834e-05,2.451278746134852219e-06
5.925000000000000711e+00,6.158751985827320974e-01,-1.497869154786075864e-03,1.407071319179523062e-03,6.150319054506946381e-01,-6.863367493117965941e-04,7.821817071615404164e-06,-1.441574279060657332e-05,2.395427782210487427e-06
5.937500000000000000e+00,6.158565847260019099e-01,-1.480381405226968315e-03,1.390999386933894398e-03,6.150233776467538549e-01,-6.781276152792087069e-04,7.643681028589553118e-06,-1.408728734816444896e-05,2.340848571734362959e-06
5.950000000000000178e+00,6.158381882153166620e-01,-1.463093405102751637e-03,1.375111058092483990e-03,6.150149518692116235e-01,-6.700123459878035061e-04,7.469603669458375366e-06,-1.376632450164080378e-05,2.287512129697574375e-06
5.962500000000000355e+00,6.158200065680975444e-01,-1.446002872501950514e-03,1.359404235698412865e-03,6.150066269514665729e-01,-6.619898702321283090e-04,7.299492410928626306e-06,-1.345268304726735492e-05,2.235390132563751258e-06
5.975000000000000533e+00,6.158020373301266170e-01,-1.429107551575050598e-03,1.343876846748693656e-03,6.149984017402305714e-01,-6.540591290559660213e-04,7.133256785152144272e-06,-1.314619570240389696e-05,2.184454903145868815e-06
5.987500000000000711e+00,6.157842780752226242e-01,-1.412405212236789815e-03,1.328526841920669912e-03,6.149902750953767372e-01,-6.462190756125799594e-04,6.970808391277084676e-06,-1.284669901543818761e-05,2.134679395829724653e-06
6.000000000000000000e+00,6.157667264049210276e-01,-1.395893649871848439e-03,1.313352195301585286e-03,6.149822458897887811e-01,-6.384686750265570034e-04,6.812060848112348577e-06,-1.255403327776555675e-05,2.086037182136088130e-06
6.012500000000000178e+00,6.157493799481570385e-01,-1.379570685043894759e-03,1.298350904121231856e-03,6.149743130092121257e-01,-6.308069042572281553e-04,6.656929747879463478e-06,-1.226804243779980048e-05,2.038502436613712632e-06
6.025000000000000355e+00,6.157322363609533111e-01,-1.363434163207965328e-03,1.283520988487667170e-03,6.149664753521073557e-01,-6.232327519636567462e-04,6.505332611026997509e-06,-1.198857401696854962e-05,1.992049923055656509e-06
6.037500000000000533e+00,6.157152933261100802e-01,-1.347481954426118199e-03,1.268860491125936270e-03,6.149587318295037797e-01,-6.157452183711651251e-04,6.357188842082748196e-06,-1.171547902764657852e-05,1.946654981031405011e-06
6.050000000000000711e+00,6.156985485528991831e-01,-1.331711953086338980e-03,1.254367477119785893e-03,6.149510813648568774e-01,-6.083433151393906162e-04,6.212419686519948274e-06,-1.144861189298240523e-05,1.902293512727588335e-06
6.062500000000000000e+00,6.156819997767625230e-01,-1.316122077624656567e-03,1.240040033656327921e-03,6.149435228939050813e-01,-6.010260652318512265e-04,6.070948188614037551e-06,-1.118783036857414254e-05,1.858941970090184122e-06
6.075000000000000178e+00,6.156656447590123094e-01,-1.300710270250428433e-03,1.225876269773615648e-03,6.149360553645302208e-01,-5.937925027869998557e-04,5.932699150267092841e-06,-1.093299546595159084e-05,1.816577342261251085e-06
6.087500000000000355e+00,6.156494812865360711e-01,-1.285474496674772265e-03,1.211874316111112050e-03,6.149286777366179679e-01,-5.866416729907595251e-04,5.797599090777772825e-06,-1.068397137782293268e-05,1.775177143303481268e-06
6.100000000000000533e+00,6.156335071715046681e-01,-1.270412745842088671e-03,1.198032324663000610e-03,6.149213889819208356e-01,-5.795726319505110045e-04,5.665576207534756674e-06,-1.044062540504477011e-05,1.734719400205885287e-06
6.112500000000000711e+00,6.156177202510829671e-01,-1.255523029664655640e-03,1.184348468534317028e-03,6.149141880839223973e-01,-5.725844465705248135e-04,5.536560337612545506e-06,-1.020282788527578059e-05,1.695182641164203386e-06
6.125000000000000000e+00,6.156021183871449587e-01,-1.240803382760253789e-03,1.170820941699867975e-03,6.149070740377032829e-01,-5.656761944288180802e-04,5.410482920248779503e-06,-9.970452123274887337e-06,1.656545884129706941e-06
6.137500000000000178e+00,6.155866994659914271e-01,-1.226251862192781830e-03,1.157447958765898954e-03,6.149000458498078414e-01,-5.588469636554179365e-04,5.287276960182693610e-06,-9.743374322805710858e-06,1.618788625620219541e-06
6.150000000000000355e+00,6.155714613980706185e-01,-1.211866547215845798e-03,1.144227754734494350e-03,6.148931025381139115e-01,-5.520958528120227743e-04,5.166876991835021701e-06,-9.521473520110370825e-06,1.581890829787365328e-06
6.162500000000000533e+00,6.155564021177031275e-01,-1.197645539019264772e-03,1.131158584770658925e-03,6.148862431317025923e-01,-5.454219707730348018e-04,5.049219044309767491e-06,-9.304631518915877257e-06,1.545832917734112827e-06
6.175000000000000711e+00,6.155415195828086716e-01,-1.183586960478477928e-03,1.118238723972064721e-03,6.148794666707302348e-01,-5.388244366079573923e-04,4.934240607199040609e-06,-9.092732826937918373e-06,1.510595757076899105e-06
6.187500000000000000e+00,6.155268117746366396e-01,-1.169688955906812364e-03,1.105466467141429533e-03,6.148727722063015433e-01,-5.323023794651365187e-04,4.821880597172427292e-06,-8.885664593847216857e-06,1.476160651746710613e-06
6.200000000000000178e+00,6.155122766975001936e-01,-1.155949690810574842e-03,1.092840128561489016e-03,6.148661588003446754e-01,-5.258549384568318545e-04,4.712079325332769200e-06,-8.683316550664547793e-06,1.442509332023615202e-06
6.212500000000000355e+00,6.154979123785119244e-01,-1.142367351646950743e-03,1.080358041772551143e-03,6.148596255254872300e-01,-5.194812625456068055e-04,4.604778465320831160e-06,-8.485580950551543225e-06,1.409623944799424884e-06
6.225000000000000533e+00,6.154837168673246151e-01,-1.128940145584657545e-03,1.068018559352579885e-03,6.148531714649335678e-01,-5.131805104320135130e-04,4.499921022151452163e-06,-8.292352510964664120e-06,1.377487044063203857e-06
6.237500000000000711e+00,6.154696882358727805e-01,-1.115666300267335919e-03,1.055820052699798367e-03,6.148467957123442407e-01,-5.069518504435670822e-04,4.397451301764447328e-06,-8.103528357141035068e-06,1.346081581604540237e-06
6.250000000000000000e+00,6.154558245781187598e-01,-1.102544063579644811e-03,1.043760911817773760e-03,6.148404973717159772e-01,-5.007944604249891943e-04,4.297314881273782656e-06,-7.919007966885203007e-06,1.315390897929570855e-06
6.262500000000000178e+00,6.154421240098011392e-01,-1.089571703416018908e-03,1.031839545102954418e-03,6.148342755572634433e-01,-4.947075276297060314e-04,4.199458579898900982e-06,-7.738693116626691018e-06,1.285398713384868159e-06
6.275000000000000355e+00,6.154285846681859518e-01,-1.076747507452080650e-03,1.020054379134640405e-03,6.148281293933026692e-01,-4.886902486125932520e-04,4.103830430562612889e-06,-7.562487828719108433e-06,1.256089119484447101e-06
6.287500000000000533e+00,6.154152047118206514e-01,-1.064069782918650002e-03,1.008403858467348153e-03,6.148220580141350311e-01,-4.827418291239428611e-04,4.010379652140066272e-06,-7.390298319951869089e-06,1.227446570435191812e-06
6.300000000000000711e+00,6.154019823202913075e-01,-1.051536856378340254e-03,9.968864454255493054e-04,6.148160605639330090e-01,-4.768614840046476945e-04,3.919056622343920653e-06,-7.222032951246632538e-06,1.199455874856178081e-06
6.312500000000000000e+00,6.153889156939824634e-01,-1.039147073504705825e-03,9.855006199007540404e-04,6.148101361966272771e-01,-4.710484370825846509e-04,3.829812851231059874e-06,-7.057602178511041288e-06,1.172102187687434747e-06
6.325000000000000178e+00,6.153760030538393266e-01,-1.026898798863906930e-03,9.742448791509109030e-04,6.148042840757953487e-01,-4.653019210701824686e-04,3.742600955316502052e-06,-6.896918504622910762e-06,1.145371002283787298e-06
6.337500000000000355e+00,6.153632426411329570e-01,-1.014790415698875068e-03,9.631177376021035153e-04,6.147985033745503314e-01,-4.596211774631666215e-04,3.657374632280645527e-06,-6.739896432518931581e-06,1.119248142689566720e-06
6.350000000000000533e+00,6.153506327172284518e-01,-1.002820325715936831e-03,9.521177266525072003e-04,6.147927932754327918e-01,-4.540054564404591062e-04,3.574088636256067880e-06,-6.586452419362115737e-06,1.093719756089997983e-06
6.362500000000000711e+00,6.153381715633551297e-01,-9.909869488738762972e-04,9.412433944785879520e-04,6.147871529703018423e-01,-4.484540167652266169e-04,3.492698753680658376e-06,-6.436504831763228744e-06,1.068772305435243490e-06
6.375000000000000000e+00,6.153258574803799341e-01,-9.792887231754073950e-04,9.304933058435154542e-04,6.147815816602293371e-01,-4.429661256870620904e-04,3.413161779704015398e-06,-6.289973902031805566e-06,1.044392562233132928e-06
6.387500000000000178e+00,6.153136887885830575e-01,-9.677241044610226158e-04,9.198660419077621777e-04,6.147760785553935126e-01,-4.375410588452837931e-04,3.335435495134370744e-06,-6.146781685432906376e-06,1.020567599506702214e-06
6.400000000000000355e+00,6.153016638274361183e-01,-9.562915662052039883e-04,9.093602000418723975e-04,6.147706428749755148e-01,-4.321781001733466902e-04,3.259478643913694879e-06,-6.006852018426530475e-06,9.972847849127906927e-07
6.412500000000000533e+00,6.152897809553835584e-01,-9.449895993149533789e-04,8.989743936413641633e-04,6.147652738470559264e-01,-4.268765418043441438e-04,3.185250911108729954e-06,-5.870110477866805789e-06,9.745317740179657889e-07
6.425000000000000711e+00,6.152780385496249282e-01,-9.338167119306263952e-04,8.887072519437484979e-04,6.147599707085128484e-01,-4.216356839775939748e-04,3.112712901406181064e-06,-5.736484341138921765e-06,9.522965037281983452e-07
6.437500000000000000e+00,6.152664350059019460e-01,-9.227714292290417055e-04,8.785574198476402401e-04,6.147547327049213139e-01,-4.164548349462949043e-04,3.041826118100440659e-06,-5.605902547212125008e-06,9.305671858687523610e-07
6.450000000000000178e+00,6.152549687382858901e-01,-9.118522932288330302e-04,8.685235577339310391e-04,6.147495590904532570e-01,-4.113333108862385736e-04,2.972552942562519137e-06,-5.478295658587566267e-06,9.093323009108406629e-07
6.462500000000000355e+00,6.152436381789684328e-01,-9.010578625980332880e-04,8.586043412890133342e-04,6.147444491277797018e-01,-4.062704358055713974e-04,2.904856614179185035e-06,-5.353595824120502263e-06,8.885805918417038988e-07
6.475000000000000533e+00,6.152324417780550281e-01,-8.903867124638462300e-04,8.487984613300160724e-04,6.147394020879730636e-01,-4.012655414555866802e-04,2.838701210751422803e-06,-5.231736742696465967e-06,8.683010581747971463e-07
6.487500000000000711e+00,6.152213780033600754e-01,-8.798374342245954749e-04,8.391046236320416456e-04,6.147344172504106696e-01,-3.963179672425403278e-04,2.774051629341726570e-06,-5.112653627741864284e-06,8.484829500968950558e-07
6.500000000000000000e+00,6.152104453402047479e-01,-8.694086353638197243e-04,8.295215487573762928e-04,6.147294939026802796e-01,-3.914270601404774689e-04,2.710873567559898198e-06,-4.996283172549683164e-06,8.291157627489715537e-07
6.512500000000000178e+00,6.151996422912171525e-01,-8.590989392664873754e-04,8.200479718866478382e-04,6.147246313404852724e-01,-3.865921746050561634e-04,2.649133505277253856e-06,-4.882563516401471445e-06,8.101892306377819182e-07
6.525000000000000355e+00,6.151889673761347099e-01,-8.489069850373168712e-04,8.106826426519204640e-04,6.147198288675521649e-01,-3.818126724883621256e-04,2.588798686759469849e-06,-4.771434211467354955e-06,7.916933221751729754e-07
6.537500000000000533e+00,6.151784191316084227e-01,-8.388314273211639740e-04,8.014243249716888982e-04,6.147150857955385739e-01,-3.770879229546968440e-04,2.529837103208365367e-06,-4.662836190465972993e-06,7.736182343421686613e-07
6.550000000000000711e+00,6.151679961110104733e-01,-8.288709361254637106e-04,7.922717968877613899e-04,6.147104014439421782e-01,-3.724173023973318341e-04,2.472217475703299705e-06,-4.556711735066941687e-06,7.559543874749938108e-07
6.562500000000000000e+00,6.151576968842423776e-01,-8.190241966446992327e-04,7.832238504040068628e-04,6.147057751400110126e-01,-3.678001943562182892e-04,2.415909238532986880e-06,-4.453004445018679937e-06,7.386924201702350369e-07
6.575000000000000178e+00,6.151475200375472463e-01,-8.092899090868716817e-04,7.742792913269405490e-04,6.147012062186547610e-01,-3.632359894366376032e-04,2.360882522908746118e-06,-4.351659207984843646e-06,7.218231843064045834e-07
6.587500000000000355e+00,6.151374641733220461e-01,-7.996667885019578294e-04,7.654369391081385652e-04,6.146966940223567155e-01,-3.587240852287883175e-04,2.307108141050494278e-06,-4.252622170073145010e-06,7.053377401792607019e-07
6.600000000000000533e+00,6.151275279099343019e-01,-7.901535646123200411e-04,7.566956266884454323e-04,6.146922379010869575e-01,-3.542638862282919301e-04,2.254557570636841734e-06,-4.155840707040452228e-06,6.892273517482543051e-07
6.612500000000000711e+00,6.151177098815387989e-01,-7.807489816450551186e-04,7.480542003439659762e-04,6.146878372122166478e-01,-3.498548037576119821e-04,2.203202939611001819e-06,-4.061263396158697733e-06,6.734834819915750904e-07
6.625000000000000000e+00,6.151080087378977268e-01,-7.714517981662575175e-04,7.395115195338163461e-04,6.146834913204333173e-01,-3.454962558883738991e-04,2.153017011334323853e-06,-3.968839988726333947e-06,6.580977883673063280e-07
6.637500000000000178e+00,6.150984231442027106e-01,-7.622607869171720051e-04,7.310664567496120330e-04,6.146791995976566003e-01,-3.411876673645750178e-04,2.103973170079458014e-06,-3.878521383210431325e-06,6.430621183782520347e-07
6.650000000000000355e+00,6.150889517808981743e-01,-7.531747346522228541e-04,7.227178973666813959e-04,6.146749614229557457e-01,-3.369284695266780731e-04,2.056045406855414394e-06,-3.790259599004989482e-06,6.283685052380799820e-07
6.662500000000000533e+00,6.150795933435071472e-01,-7.441924419788856389e-04,7.144647394969737969e-04,6.146707761824673488e-01,-3.327181002365725906e-04,2.009208305556830694e-06,-3.704007750791145266e-06,6.140091636364403981e-07
6.675000000000000711e+00,6.150703465424597338e-01,-7.353127231993910077e-04,7.063058938436508503e-04,6.146666432693140836e-01,-3.285560038033988155e-04,1.963437029430064972e-06,-3.619720023485506733e-06,5.999764856008100095e-07
6.687500000000000000e+00,6.150612101029222512e-01,-7.265344061542351696e-04,6.982402835573400801e-04,6.146625620835252102e-01,-3.244416309102226854e-04,1.918707307848828107e-06,-3.537351647763046500e-06,5.862630364528426187e-07
6.700000000000000178e+00,6.150521827646292516e-01,-7.178563320674740018e-04,6.902668440940276737e-04,6.146585320319568613e-01,-3.203744385415511695e-04,1.874995423392243873e-06,-3.456858876141291658e-06,5.728615508570594022e-07
6.712500000000000355e+00,6.150432632817169898e-01,-7.092773553937892867e-04,6.823845230745811171e-04,6.146545525282138822e-01,-3.163538899116819544e-04,1.832278199218447492e-06,-3.378198959612982329e-06,5.597649289597784988e-07
6.725000000000000533e+00,6.150344504225593312e-01,-7.007963436672950920e-04,6.745922801458711362e-04,6.146506229925722264e-01,-3.123794543938730045e-04,1.790532986726880330e-06,-3.301330124814454004e-06,5.469662326162014576e-07
6.737500000000000711e+00,6.150257429696049938e-01,-6.924121773520730203e-04,6.668890868434840550e-04,6.146467428519026832e-01,-3.084506074503268994e-04,1.749737653502714113e-06,-3.226211551717509536e-06,5.344586817036531019e-07
6.750000000000000000e+00,6.150171397192166767e-01,-6.841237496944133425e-04,6.592739264560026685e-04,6.146429115395950493e-01,-3.045668305629784575e-04,1.709870571536915555e-06,-3.152803351832694474e-06,5.222356505189980438e-07
6.762500000000000178e+00,6.150086394815125201e-01,-6.759299665767410899e-04,6.517457938908352479e-04,6.146391284954834111e-01,-3.007276111650765372e-04,1.670910605715622981e-06,-3.081066546912193509e-06,5.102906642583057928e-07
6.775000000000000355e+00,6.150002410802088981e-01,-6.678297463732139850e-04,6.443036955415834630e-04,6.146353931657718705e-01,-2.969324425735536742e-04,1.632837102572700546e-06,-3.010963048140927068e-06,4.986173955768934683e-07
6.787500000000000533e+00,6.149919433524652090e-01,-6.598220198069643496e-04,6.369466491569208142e-04,6.146317050029619367e-01,-2.931808239221701091e-04,1.595629879299384099e-06,-2.942455635804518134e-06,4.872096612278922765e-07
6.800000000000000711e+00,6.149837451487301099e-01,-6.519057298089727358e-04,6.296736837109718175e-04,6.146280634657796949e-01,-2.894722600954271661e-04,1.559269213005167817e-06,-2.875507939423232228e-06,4.760614187775526325e-07
6.812500000000000000e+00,6.149756453325905259e-01,-6.440798313785526825e-04,6.224838392751728608e-04,6.146244680191047527e-01,-2.858062616632397893e-04,1.523735830224159724e-06,-2.810084418341156932e-06,4.651667633955307560e-07
6.825000000000000178e+00,6.149676427806206602e-01,-6.363432914454256704e-04,6.153761668915948887e-04,6.146209181338991856e-01,-2.821823448163586425e-04,1.489010896661270560e-06,-2.746150342760125388e-06,4.545199247184356758e-07
6.837500000000000355e+00,6.149597363822346674e-01,-6.286950887333752182e-04,6.083497284477190278e-04,6.146174132871380369e-01,-2.786000313025368928e-04,1.455076007172775396e-06,-2.683671775208224444e-06,4.441152637849741300e-07
6.850000000000000533e+00,6.149519250395393266e-01,-6.211342136254525796e-04,6.014035965526380459e-04,6.146139529617401509e-01,-2.750588483634278558e-04,1.421913175975831647e-06,-2.622615552432812422e-06,4.339472700410408519e-07
6.862500000000000711e+00,6.149442076671897128e-01,-6.136596680307235263e-04,5.945368544146756220e-04,6.146105366464996722e-01,-2.715583286722097599e-04,1.389504827081743585e-06,-2.562949267708350518e-06,4.240105584131653163e-07
6.875000000000000000e+00,6.149365831922454229e-01,-6.062704652525356154e-04,5.877485957204039123e-04,6.146071638360188771e-01,-2.680980102719273859e-04,1.357833784947836954e-06,-2.504641253549493731e-06,4.142998664487493612e-07
6.887500000000000178e+00,6.149290505540294660e-01,-5.989656298582877276e-04,5.810379245150422813e-04,6.146038340306411163e-01,-2.646774365145417984e-04,1.326883265342922472e-06,-2.447660564820106587e-06,4.048100515215641996e-07
6.900000000000000355e+00,6.149216087039880430e-01,-5.917441975506896245e-04,5.744039550842266811e-04,6.146005467363850894e-01,-2.612961560006830746e-04,1.296636866421494721e-06,-2.391976962229164976e-06,3.955360881010258352e-07
6.912500000000000533e+00,6.149142566055517678e-01,-5.846052150404872387e-04,5.678458118371265857e-04,6.145973014648793420e-01,-2.579537225200942115e-04,1.267078560001835367e-06,-2.337560896204579100e-06,3.864730650837765811e-07
6.925000000000000711e+00,6.149069932339997768e-01,-5.775477399206419872e-04,5.613626291908997224e-04,6.145940977332982058e-01,-2.546496949927608993e-04,1.238192683043391265e-06,-2.284383491136307542e-06,3.776161831861593527e-07
6.937500000000000000e+00,6.148998175763233931e-01,-5.705708405419471956e-04,5.549535514564681200e-04,6.145909350642972946e-01,-2.513836374107193553e-04,1.209963929318846046e-06,-2.232416529980265020e-06,3.689607523961889851e-07
6.950000000000000178e+00,6.148927286310933438e-01,-5.636735958900610313e-04,5.486177327255968269e-04,6.145878129859514427e-01,-2.481551187805319174e-04,1.182377341276425146e-06,-2.181632439214716964e-06,3.605021894836573267e-07
6.962500000000000355e+00,6.148857254083269774e-01,-5.568550954639477080e-04,5.423543367592683576e-04,6.145847310316915335e-01,-2.449637130664280671e-04,1.155418302088100625e-06,-2.132004274141118785e-06,3.522360155670534922e-07
6.975000000000000533e+00,6.148788069293580349e-01,-5.501144391557014806e-04,5.361625368773284767e-04,6.145816887402432149e-01,-2.418089991340970578e-04,1.129072527879408339e-06,-2.083505704521416099e-06,3.441578537359878012e-07
6.987500000000000711e+00,6.148719722267069754e-01,-5.434507371317444336e-04,5.300415158493959437e-04,6.145786856555660593e-01,-2.386905606951293841e-04,1.103326060136743697e-06,-2.036111000544138161e-06,3.362634267278607138e-07
7.000000000000000000e+00,6.148652203439539665e-01,-5.368631097153803893e-04,5.239904657870192006e-04,6.145757213267933894e-01,-2.356079862520979841e-04,1.078165258288065611e-06,-1.989795019111713720e-06,3.285485546575334222e-07
7.012500000000000178e+00,6.148585503356117643e-01,-5.303506872706858534e-04,5.180085880370630851e-04,6.145727953081721040e-01,-2.325608690442711526e-04,1.053576792453032447e-06,-1.944533190441618508e-06,3.210091527987874675e-07
7.025000000000000355e+00,6.148519612670019230e-01,-5.239126100877321453e-04,5.120950930763202603e-04,6.145699071590048357e-01,-2.295488069939530175e-04,1.029547636358716182e-06,-1.900301504974199690e-06,3.136412294163966913e-07
7.037500000000000533e+00,6.148454522141305612e-01,-5.175480282691111720e-04,5.062492004073212287e-04,6.145670564435909977e-01,-2.265714026534405205e-04,1.006065060417071064e-06,-1.857076500580076815e-06,3.064408836476457954e-07
7.050000000000000711e+00,6.148390222635670144e-01,-5.112561016177594262e-04,5.004701384553390288e-04,6.145642427311691636e-01,-2.236282631525925927e-04,9.831166249604829659e-07,-1.814835250060282850e-06,2.994043034321730836e-07
7.062500000000000000e+00,6.148326705123228209e-01,-5.050359995260617768e-04,4.947571444665711587e-04,6.145614655958608896e-01,-2.207190001470043150e-04,9.606901736317724416e-07,-1.773555348932421988e-06,2.925277634890306319e-07
7.075000000000000178e+00,6.148263960677328166e-01,-4.988869008662183543e-04,4.891094644074828971e-04,6.145587246166136497e-01,-2.178432297667773083e-04,9.387738269251075111e-07,-1.733214903496256637e-06,2.858076233398816014e-07
7.087500000000000355e+00,6.148201980473374517e-01,-4.928079938818670513e-04,4.835263528653064376e-04,6.145560193771458790e-01,-2.150005725658834263e-04,9.173559758744022371e-07,-1.693792519172364489e-06,2.792403253772872869e-07
7.100000000000000533e+00,6.148140755787657730e-01,-4.867984760809376766e-04,4.780070729496730688e-04,6.145533494658914631e-01,-2.121906534721105565e-04,8.964252758857901045e-07,-1.655267289107535158e-06,2.728223929770446947e-07
7.112500000000000711e+00,6.148080277996209597e-01,-4.808575541297321248e-04,4.725508961953721657e-04,6.145507144759457807e-01,-2.094131017375871410e-04,8.759706407109041320e-07,-1.617618783040835916e-06,2.665504286535758420e-07
7.125000000000000000e+00,6.148020538573659710e-01,-4.749844437482116425e-04,4.671571024662223557e-04,6.145481140050117475e-01,-2.066675508898777741e-04,8.559812365577317586e-07,-1.580827036424351009e-06,2.604211122573827755e-07
7.137500000000000178e+00,6.147961529092110800e-01,-4.691783696064776390e-04,4.618249798600394633e-04,6.145455476553466356e-01,-2.039536386836426657e-04,8.364464763358935397e-07,-1.544872539792738388e-06,2.544311992136058714e-07
7.150000000000000355e+00,6.147903241220032955e-01,-4.634385652224374207e-04,4.565538246146952708e-04,6.145430150337096720e-01,-2.012710070528571501e-04,8.173560140332899844e-07,-1.509736228375940162e-06,2.485775188007527770e-07
7.162500000000000533e+00,6.147845666721153401e-01,-4.577642728606333292e-04,4.513429410152469288e-04,6.145405157513099681e-01,-1.986193020635815352e-04,7.986997392210855300e-07,-1.475399471949415702e-06,2.428569724686727196e-07
7.175000000000000711e+00,6.147788797453377363e-01,-4.521547434322283976e-04,4.461916413021294807e-04,6.145380494237554503e-01,-1.959981738672775524e-04,7.804677716841155442e-07,-1.441844064916491632e-06,2.372665321948855781e-07
7.187500000000000000e+00,6.147732625367710035e-01,-4.466092363961326420e-04,4.410992455803993588e-04,6.145356156710015672e-01,-1.934072766546644144e-04,7.626504561738402541e-07,-1.409052216617492391e-06,2.318032388783887215e-07
7.200000000000000178e+00,6.147677142507196324e-01,-4.411270196612557845e-04,4.360650817300129687e-04,6.145332141173015517e-01,-1.908462686101075406e-04,7.452383572810387463e-07,-1.377006541860441498e-06,2.264642007700834911e-07
7.212500000000000355e+00,6.147622341005869462e-01,-4.357073694898783850e-04,4.310884853171357525e-04,6.145308443911565721e-01,-1.883148118665368617e-04,7.282222544255232163e-07,-1.345690051668289409e-06,2.212465919389910207e-07
7.225000000000000533e+00,6.147568213087709621e-01,-4.303495704021221917e-04,4.261687995064614046e-04,6.145285061252666603e-01,-1.858125724608844574e-04,7.115931369601727015e-07,-1.315086144237656104e-06,2.161476507734329163e-07
7.237500000000000711e+00,6.147514751065625838e-01,-4.250529150815111987e-04,4.213053749745362497e-04,6.145261989564821947e-01,-1.833392202900392491e-04,6.953421993866920480e-07,-1.285178596104278928e-06,2.111646785163842083e-07
7.250000000000000000e+00,6.147461947340431276e-01,-4.198167042816107800e-04,4.164975698240744751e-04,6.145239225257561611e-01,-1.808944290673113230e-04,6.794608366805365902e-07,-1.255951553510412567e-06,2.062950378342165551e-07
7.262500000000000178e+00,6.147409794399849581e-01,-4.146402467337293959e-04,4.117447494992522872e-04,6.145216764780960794e-01,-1.784778762793997285e-04,6.639406397224989241e-07,-1.227389523969545567e-06,2.015361514180678323e-07
7.275000000000000355e+00,6.147358284817516783e-01,-4.095228590556768545e-04,4.070462867019736231e-04,6.145194604625179302e-01,-1.760892431438603660e-04,6.487733908345396023e-07,-1.199477368023942841e-06,1.968855006170985147e-07
7.287500000000000533e+00,6.147307411252004306e-01,-4.044638656615596670e-04,4.024015613090910432e-04,6.145172741319990806e-01,-1.737282145670651526e-04,6.339510594174551181e-07,-1.172200291190552421e-06,1.923406241029003691e-07
7.300000000000000711e+00,6.147257166445847520e-01,-3.994625986726069362e-04,3.978099602905749762e-04,6.145151171434329873e-01,-1.713944791026492695e-04,6.194657976880721546e-07,-1.145543836090995550e-06,1.878991165643514551e-07
7.312500000000000000e+00,6.147207543224593174e-01,-3.945183978290133365e-04,3.932708776286187387e-04,6.145129891575835668e-01,-1.690877289104405264e-04,6.053099365136891574e-07,-1.119493874761408979e-06,1.835586274322206699e-07
7.325000000000000178e+00,6.147158534495844595e-01,-3.896306104027856304e-04,3.887837142376678371e-04,6.145108898390401198e-01,-1.668076597158640135e-04,5.914759813415370044e-07,-1.094036601138012081e-06,1.793168596328420136e-07
7.337500000000000355e+00,6.147110133248332442e-01,-3.847985911115867053e-04,3.843478778853674262e-04,6.145088188561734777e-01,-1.645539707698196819e-04,5.779566082211023329e-07,-1.069158523714401632e-06,1.751715683701989224e-07
7.350000000000000533e+00,6.147062332550987662e-01,-3.800217020335584827e-04,3.799627831144104686e-04,6.145067758810923708e-01,-1.623263648090242611e-04,5.647446599171730716e-07,-1.044846458366603382e-06,1.711205599357651567e-07
7.362500000000000711e+00,6.147015125552021120e-01,-3.752993125231182236e-04,3.756278511652823130e-04,6.145047605895990195e-01,-1.601245480168142065e-04,5.518331421115462993e-07,-1.021087521342067904e-06,1.671616905454728187e-07
7.375000000000000000e+00,6.146968505478030975e-01,-3.706307991277141907e-04,3.713425098998888421e-04,6.145027726611476115e-01,-1.579482299844043908e-04,5.392152196913690455e-07,-9.978691224088427057e-07,1.632928652031873405e-07
7.387500000000000178e+00,6.146922465633094523e-01,-3.660155455055298245e-04,3.671061937260570790e-04,6.145008117788011148e-01,-1.557971236725961162e-04,5.268842131221276456e-07,-9.751789581612510451e-07,1.595120365900830981e-07
7.400000000000000355e+00,6.146876999397896668e-01,-3.614529423441287899e-04,3.629183435229028291e-04,6.144988776291896437e-01,-1.536709453739322246e-04,5.148335949033661696e-07,-9.530050054785130203e-07,1.558172039793331873e-07
7.412500000000000533e+00,6.146832100228849516e-01,-3.569423872800246852e-04,3.587784065670492051e-04,6.144969699024690479e-01,-1.515694146752904418e-04,5.030569861052249227e-07,-9.313355151327779831e-07,1.522064121755298887e-07
7.425000000000000711e+00,6.146787761657230842e-01,-3.524832848191691782e-04,3.546858364596912078e-04,6.144950882922798341e-01,-1.494922544209134933e-04,4.915481529839676262e-07,-9.101590055431699714e-07,1.486777504782760645e-07
7.437500000000000000e+00,6.146743977288326999e-01,-3.480750462583466986e-04,3.506400930544948725e-04,6.144932324957069758e-01,-1.474391906758690512e-04,4.803010036746869598e-07,-8.894642566724980551e-07,1.452293516693947980e-07
7.450000000000000178e+00,6.146700740800598028e-01,-3.437170896074636501e-04,3.466406423863203001e-04,6.144914022132395015e-01,-1.454099526899350957e-04,4.693095849594239339e-07,-8.692403040633559050e-07,1.418593910232170561e-07
7.462500000000000355e+00,6.146658045944830562e-01,-3.394088395127264532e-04,3.426869566007633696e-04,6.144895971487313036e-01,-1.434042728619073831e-04,4.585680791089879171e-07,-8.494764330104440602e-07,1.385660853394246197e-07
7.475000000000000533e+00,6.146615886543324025e-01,-3.351497271806925323e-04,3.387785138845007360e-04,6.144878170093615033e-01,-1.414218867043217298e-04,4.480708007967807638e-07,-8.301621728659682706e-07,1.353476919979294245e-07
7.487500000000000711e+00,6.146574256489069077e-01,-3.309391903031880136e-04,3.349147983964344266e-04,6.144860615055963704e-01,-1.394625328085885097e-04,4.378121940829911686e-07,-8.112872914750878901e-07,1.322025080352896405e-07
7.500000000000000000e+00,6.146533149744943803e-01,-3.267766729830816189e-04,3.310953001996235151e-04,6.144843303511505761e-01,-1.375259528105342429e-04,4.277868294675484022e-07,-7.928417897384341405e-07,1.291288692421706031e-07
7.512500000000000178e+00,6.146492560342917688e-01,-3.226616256609028265e-04,3.273195151939947397e-04,6.144826232629494456e-01,-1.356118913563446912e-04,4.179894010102622247e-07,-7.748158962987822308e-07,1.261251492813695590e-07
7.525000000000000355e+00,6.146452482383260030e-01,-3.185935050422992586e-04,3.235869450498256696e-04,6.144809399610915435e-01,-1.337200960689075360e-04,4.084147235166254279e-07,-7.572000623490560744e-07,1.231897588259380175e-07
7.537500000000000533e+00,6.146412910033767218e-01,-3.145717740263181180e-04,3.198970971419867596e-04,6.144792801688118145e-01,-1.318503175145468878e-04,3.990577297877650414e-07,-7.399849565588653152e-07,1.203211447169398854e-07
7.550000000000000711e+00,6.146373837528988915e-01,-3.105959016345057619e-04,3.162494844849377917e-04,6.144776436124449459e-01,-1.300023091701477552e-04,3.899134679330891708e-07,-7.231614601168808858e-07,1.175177891403999158e-07
7.562500000000000000e+00,6.146335259169465326e-01,-3.066653629408159836e-04,3.126436256684689470e-04,6.144760300213890636e-01,-1.281758273906652705e-04,3.809770987441935345e-07,-7.067206618863928018e-07,1.147782088230048168e-07
7.575000000000000178e+00,6.146297169320982245e-01,-3.027796390023144773e-04,3.090790447941758282e-04,6.144744391280699825e-01,-1.263706313770136846e-04,3.722438931286266020e-07,-6.906538536714570010e-07,1.121009542461275624e-07
7.587500000000000355e+00,6.146259562413819433e-01,-2.989382167906767763e-04,3.055552714126650725e-04,6.144728706679060126e-01,-1.245864831443330969e-04,3.637092296021563325e-07,-6.749525255911167054e-07,1.094846088777606273e-07
7.600000000000000533e+00,6.146222432942021197e-01,-2.951405891244626429e-04,3.020718404614764038e-04,6.144713243792727653e-01,-1.228231474906267128e-04,3.553685918381900914e-07,-6.596083615592063330e-07,1.069277884219457717e-07
7.612500000000000711e+00,6.146185775462666978e-01,-2.913862546021644701e-04,2.986282922037170615e-04,6.144698000034686247e-01,-1.210803919657669450e-04,3.472175662730532135e-07,-6.446132348673377878e-07,1.044291400853043770e-07
7.625000000000000000e+00,6.146149584595154147e-01,-2.876747175360174977e-04,2.952241721673990078e-04,6.144682972846807756e-01,-1.193579868408652800e-04,3.392518397658470869e-07,-6.299592038687055872e-07,1.019873418602775165e-07
7.637500000000000178e+00,6.146113855020484129e-01,-2.840054878865630613e-04,2.918590310854699173e-04,6.144668159699507859e-01,-1.176557050780013391e-04,3.314671973116393423e-07,-6.156385077603999093e-07,9.960110182469396411e-08
7.650000000000000355e+00,6.146078581480568515e-01,-2.803780811979596698e-04,2.885324248365337720e-04,6.144653558091418555e-01,-1.159733223003090634e-04,3.238595198067762689e-07,-6.016435624619901229e-07,9.726915745729668631e-08
7.662500000000000533e+00,6.146043758777526289e-01,-2.767920185340283588e-04,2.852439143862478370e-04,6.144639165549051762e-01,-1.143106167624135698e-04,3.164247818651176855e-07,-5.879669565881576682e-07,9.499027496886027354e-08
7.675000000000000711e+00,6.146009381773004376e-01,-2.732468264150272235e-04,2.819930657293926541e-04,6.144624979626477357e-01,-1.126673693212166725e-04,3.091590496840397090e-07,-5.746014475132434462e-07,9.276324864854694367e-08
7.687500000000000000e+00,6.145975445387495961e-01,-2.697420367551467304e-04,2.787794498326057299e-04,6.144610997904995653e-01,-1.110433634070265177e-04,3.020584789590673258e-07,-5.615399575256029364e-07,9.058690022515251143e-08
7.700000000000000178e+00,6.145941944599671025e-01,-2.662771868007144218e-04,2.756026425777701903e-04,6.144597217992817662e-01,-1.094383849950269930e-04,2.951193128460242409e-07,-5.487755700697120212e-07,8.846007824290254414e-08
7.712500000000000355e+00,6.145908874445712433e-01,-2.628518190691066822e-04,2.724622247060547696e-04,6.144583637524752007e-01,-1.078522225770849876e-04,2.883378799696236902e-07,-5.363015260740308729e-07,8.638165745146911547e-08
7.725000000000000533e+00,6.145876230018664232e-01,-2.594654812883530944e-04,2.693577817625926116e-04,6.144570254161887402e-01,-1.062846671338893651e-04,2.817105924774302029e-07,-5.241112203626481876e-07,8.435053820988121548e-08
7.737500000000000711e+00,6.145844006467781062e-01,-2.561177263374291545e-04,2.662889040417956840e-04,6.144557065591288447e-01,-1.047355121074196543e-04,2.752339441381642260e-07,-5.121981981488040700e-07,8.236564590401435626e-08
7.750000000000000000e+00,6.145812198997888665e-01,-2.528081121872295949e-04,2.632551865332958619e-04,6.144544069525685881e-01,-1.032045533737405038e-04,2.689045084833363493e-07,-5.005561516084154984e-07,8.042593037734929275e-08
7.762500000000000178e+00,6.145780802868751058e-01,-2.495362018422114738e-04,2.602562288685046025e-04,6.144531263703174595e-01,-1.016915892161174788e-04,2.627189369912192541e-07,-4.891789165317734009e-07,7.853036537469663417e-08
7.775000000000000355e+00,6.145749813394445482e-01,-2.463015632827042110e-04,2.572916352677877966e-04,6.144518645886917207e-01,-1.001964202984525094e-04,2.566739573121987574e-07,-4.780604690516350106e-07,7.667794799859412722e-08
7.787500000000000533e+00,6.145719225942744002e-01,-2.431037694078737777e-04,2.543610144882437613e-04,6.144506213864844302e-01,-9.871884963903320050e-05,2.507663715345511965e-07,-4.671949224459521568e-07,7.486769817808511248e-08
7.800000000000000711e+00,6.145689035934499556e-01,-2.399423979793370543e-04,2.514639797720817182e-04,6.144493965449361328e-01,-9.725868258459428482e-05,2.449930544897310371e-07,-4.565765240135401590e-07,7.309865814959793167e-08
7.812500000000000000e+00,6.145659238843048655e-01,-2.368170315654176037e-04,2.486001487955918671e-04,6.144481898477065496e-01,-9.581572678468709659e-05,2.393509520962653953e-07,-4.461996520210180308e-07,7.136989194965023260e-08
7.825000000000000178e+00,6.145629830193602983e-01,-2.337272574860347794e-04,2.457691436186999518e-04,6.144470010808453786e-01,-9.438979216635338151e-05,2.338370797413729723e-07,-4.360588127193874977e-07,6.968048491910774309e-08
7.837500000000000355e+00,6.145600805562669855e-01,-2.306726677582217810e-04,2.429705906351023361e-04,6.144458300327638733e-01,-9.298069090910143623e-05,2.284485206994529829e-07,-4.261486374286713771e-07,6.802954321873654846e-08
7.850000000000000533e+00,6.145572160577462695e-01,-2.276528590422614059e-04,2.402041205229715867e-04,6.144446764942073091e-01,-9.158823742017950899e-05,2.231824245865944787e-07,-4.164638796890417685e-07,6.641619335578887317e-08
7.862500000000000711e+00,6.145543890915323715e-01,-2.246674325884352968e-04,2.374693681962280361e-04,6.144435402582271166e-01,-9.021224831014434725e-05,2.180360058502911912e-07,-4.069994124769296990e-07,6.483958172137299468e-08
7.875000000000000000e+00,6.145515992303154373e-01,-2.217159941843792044e-04,2.347659727563708486e-04,6.144424211201533481e-01,-8.885254236872169376e-05,2.130065422935564491e-07,-3.977502254846294710e-07,6.329887413836094870e-08
7.887500000000000178e+00,6.145488460516854712e-01,-2.187981541030352927e-04,2.320935774448609995e-04,6.144413188775678103e-01,-8.750894054095444867e-05,2.080913736326521741e-07,-3.887114224619433554e-07,6.179325541959358750e-08
7.900000000000000355e+00,6.145461291380760471e-01,-2.159135270511988313e-04,2.294518295960523994e-04,6.144402333302769748e-01,-8.618126590363748109e-05,2.032879000876702342e-07,-3.798782186184594971e-07,6.032192893614993808e-08
7.912500000000000533e+00,6.145434480767094643e-01,-2.130617321186474838e-04,2.268403805906615692e-04,6.144391642802856657e-01,-8.486934364203338455e-05,1.985935810052103910e-07,-3.712459380850661172e-07,5.888411619544965998e-08
7.925000000000000711e+00,6.145408024595423457e-01,-2.102423927278500478e-04,2.242588858097725583e-04,6.144381115317710806e-01,-8.357300102686820054e-05,1.940059335124275025e-07,-3.628100114333582465e-07,5.747905642896605799e-08
7.937500000000000000e+00,6.145381918832117929e-01,-2.074551365842467322e-04,2.217070045893696525e-04,6.144370748910562563e-01,-8.229206739160305803e-05,1.895225312017316317e-07,-3.545659732516120714e-07,5.610600618933045363e-08
7.950000000000000178e+00,6.145356159489818726e-01,-2.046995956270935722e-04,2.191844001753915565e-04,6.144360541665850883e-01,-8.102637410997865235e-05,1.851410028454397153e-07,-3.465094597760322039e-07,5.476423895661348350e-08
7.962500000000000355e+00,6.145330742626913256e-01,-2.019754059808674576e-04,2.166907396793034445e-04,6.144350491688965743e-01,-7.977575457383082893e-05,1.808590311397011424e-07,-3.386362065760191658e-07,5.345304475357579506e-08
7.975000000000000533e+00,6.145305664347014973e-01,-1.992822079072211774e-04,2.142256940341775843e-04,6.144340597105997226e-01,-7.854004417117250124e-05,1.766743514770231615e-07,-3.309420462922111015e-07,5.217172976968199964e-08
7.987500000000000711e+00,6.145280920798447122e-01,-1.966196457574854713e-04,2.117889379512791985e-04,6.144330856063489055e-01,-7.731908026454053422e-05,1.725847507467485870e-07,-3.234229064261047153e-07,5.091961599367983591e-08
8.000000000000000000e+00,6.145256508173736476e-01,-1.939873679257105531e-04,2.093801498771513572e-04,6.144321266728192121e-01,-7.611270216960406947e-05,1.685880661628472210e-07,-3.160748071800741929e-07,4.969604085454899150e-08
8.012500000000001066e+00,6.145232422709109299e-01,-1.913850268022397605e-04,2.069990119511918821e-04,6.144311827286822458e-01,-7.492075113403124298e-05,1.646821841183962513e-07,-3.088938593466350826e-07,4.850035687062854407e-08
8.025000000000000355e+00,6.145208660683998403e-01,-1.888122787278135966e-04,2.046452099637204448e-04,6.144302535945819210e-01,-7.374307031661310268e-05,1.608650390661473843e-07,-3.018762622458396598e-07,4.733193130673876535e-08
8.037499999999999645e+00,6.145185218420546880e-01,-1.862687839481903937e-04,2.023184333145236903e-04,6.144293390931110377e-01,-7.257950476663883052e-05,1.571346124245749266e-07,-2.950183017096861662e-07,4.619014583911180144e-08
8.050000000000000711e+00,6.145162092283126265e-01,-1.837542065692856325e-04,2.000183749718801196e-04,6.144284390487873004e-01,-7.142990140352308221e-05,1.534889315088355812e-07,-2.883163481124887456e-07,4.507439622795724991e-08
8.062500000000000000e+00,6.145139278677855810e-01,-1.812682145128204569e-04,1.977447314320559776e-04,6.144275532880306701e-01,-7.029410899668108066e-05,1.499260684860669158e-07,-2.817668544461512430e-07,4.398409199748706652e-08
8.075000000000001066e+00,6.145116774052129527e-01,-1.788104794724701949e-04,1.954972026792638770e-04,6.144266816391396047e-01,-6.917197814564739753e-05,1.464441393544643218e-07,-2.753663544393094750e-07,4.291865612322863443e-08
8.087500000000000355e+00,6.145094574894143236e-01,-1.763806768705155985e-04,1.932754921460864386e-04,6.144258239322690773e-01,-6.806336126043973722e-05,1.430413029456073599e-07,-2.691114607193647082e-07,4.187752472646387540e-08
8.099999999999999645e+00,6.145072677732437150e-01,-1.739784858149808074e-04,1.910793066743508492e-04,6.144249799994077055e-01,-6.696811254216024259e-05,1.397157599494904805e-07,-2.629988630164024927e-07,4.086014677562775563e-08
8.112500000000000711e+00,6.145051079135432914e-01,-1.716035890572609396e-04,1.889083564764564005e-04,6.144241496743553244e-01,-6.588608796383598907e-05,1.364657519617525180e-07,-2.570253264080627860e-07,3.986598379451153014e-08
8.125000000000000000e+00,6.145029775710985076e-01,-1.692556729502304980e-04,1.867623550971472010e-04,6.144233327927011157e-01,-6.481714525149429008e-05,1.332895605525945173e-07,-2.511876896044187784e-07,3.889450957711429578e-08
8.137500000000001066e+00,6.145008764105928112e-01,-1.669344274068231611e-04,1.846410193757217670e-04,6.144225291918020693e-01,-6.376114386546911342e-05,1.301855063568863804e-07,-2.454828632719424237e-07,3.794520990899038690e-08
8.150000000000000355e+00,6.144988041005639001e-01,-1.646395458590865356e-04,1.825440694086820955e-04,6.144217387107610007e-01,-6.271794498193961206e-05,1.271519481849913564e-07,-2.399078283956867211e-07,3.701758229494804920e-08
8.162499999999999645e+00,6.144967603133598688e-01,-1.623707252176959331e-04,1.804712285128085296e-04,6.144209611904054569e-01,-6.168741147469404681e-05,1.241872821538221257e-07,-2.344596346787873675e-07,3.611113569295100849e-08
8.175000000000000711e+00,6.144947447250954653e-01,-1.601276658319305320e-04,1.784222231886625591e-04,6.144201964732664001e-01,-6.066940789712053775e-05,1.212899408376788086e-07,-2.291353989784536902e-07,3.522539025408506679e-08
8.187500000000000000e+00,6.144927570156104579e-01,-1.579100714501029254e-04,1.763967830845102102e-04,6.144194444035576685e-01,-5.966380046442042265e-05,1.184583924384131298e-07,-2.239323037776068549e-07,3.435987706845040185e-08
8.200000000000001066e+00,6.144907968684260036e-01,-1.557176491804339508e-04,1.743946409606579465e-04,6.144187048271551044e-01,-5.867045703604082074e-05,1.156911399744746937e-07,-2.188475956913465332e-07,3.351413791684361493e-08
8.212500000000000355e+00,6.144888639707042355e-01,-1.535501094523753776e-04,1.724155326542041455e-04,6.144179775915759034e-01,-5.768924709832752671e-05,1.129867204884187664e-07,-2.138785840074689036e-07,3.268772502810088345e-08
8.224999999999999645e+00,6.144869580132058529e-01,-1.514071659783660566e-04,1.704591970441922985e-04,6.144172625459587422e-01,-5.672004174739164837e-05,1.103437042724429431e-07,-2.090226392602381335e-07,3.188020084196984337e-08
8.237500000000000711e+00,6.144850786902502637e-01,-1.492885357160242735e-04,1.685253760171688076e-04,6.144165595410437941e-01,-5.576271367219136360e-05,1.077606941115517341e-07,-2.042771918366707976e-07,3.109113777738742765e-08
8.250000000000000000e+00,6.144832256996745068e-01,-1.471939388307680081e-04,1.666138144331380619e-04,6.144158684291525230e-01,-5.481713713782516447e-05,1.052363245439431191e-07,-1.996397306145841899e-07,3.032011800603957727e-08
8.262500000000001066e+00,6.144813987427937274e-01,-1.451230986588553768e-04,1.647242600919071489e-04,6.144151890641682545e-01,-5.388318796903291579e-05,1.027692611382212243e-07,-1.951078016316780450e-07,2.956673323108155998e-08
8.275000000000000355e+00,6.144795975243619868e-01,-1.430757416708477244e-04,1.628564636998232362e-04,6.144145213015170803e-01,-5.296074353390613763e-05,1.003581997870604189e-07,-1.906790067849583014e-07,2.883058447090437206e-08
8.287499999999999645e+00,6.144778217525327380e-01,-1.410515974354818118e-04,1.610101788368903972e-04,6.144138649981484290e-01,-5.204968272780120976e-05,9.800186601693556019e-08,-1.863510025597916137e-07,2.811128184782926374e-08
8.300000000000000711e+00,6.144760711388208563e-01,-1.390503985839534320e-04,1.591851619242688081e-04,6.144132200125157484e-01,-5.114988595745675176e-05,9.569901431356059888e-08,-1.821214987879310381e-07,2.740844438162094249e-08
8.312500000000000000e+00,6.144743453980642256e-01,-1.370718807746050809e-04,1.573811721921491329e-04,6.144125862045582975e-01,-5.026123512531184475e-05,9.344842746267437452e-08,-1.779882574338456678e-07,2.672169978770894272e-08
8.325000000000001066e+00,6.144726442483865458e-01,-1.351157826580098495e-04,1.555979716479952656e-04,6.144119634356823845e-01,-4.938361361402161858e-05,9.124891590582048287e-08,-1.739490914087035389e-07,2.605068428000911230e-08
8.337500000000000355e+00,6.144709674111595854e-01,-1.331818458424543301e-04,1.538353250451575990e-04,6.144113515687424920e-01,-4.851690627117148522e-05,8.909931711078751000e-08,-1.700018634113916422e-07,2.539504237824315179e-08
8.349999999999999645e+00,6.144693146109667659e-01,-1.312698148598074438e-04,1.520929998518454084e-04,6.144107504680238474e-01,-4.766099939418422460e-05,8.699849495636612162e-08,-1.661444847959397519e-07,2.475442671965108484e-08
8.362500000000000711e+00,6.144676855755666356e-01,-1.293794371317775213e-04,1.503707662204601119e-04,6.144101599992237706e-01,-4.681578071542096643e-05,8.494533913110466897e-08,-1.623749144647600452e-07,2.412849787499923787e-08
8.375000000000000000e+00,6.144660800358575647e-01,-1.275104629365505344e-04,1.486683969572830371e-04,6.144095800294339105e-01,-4.598113938747301870e-05,8.293876454574072389e-08,-1.586911577871085576e-07,2.351692416878512900e-08
8.387500000000001066e+00,6.144644977258411078e-01,-1.256626453758024318e-04,1.469856674925113806e-04,6.144090104271230368e-01,-4.515696596864125648e-05,8.097771075899457191e-08,-1.550912655421885993e-07,2.291938150354310157e-08
8.400000000000000355e+00,6.144629383825880309e-01,-1.238357403420875850e-04,1.453223558506442010e-04,6.144084510621188322e-01,-4.434315240860435146e-05,7.906114141642697094e-08,-1.515733328863469922e-07,2.233555318815972229e-08
8.412499999999999645e+00,6.144614017462031175e-01,-1.220295064865916876e-04,1.436782426212077405e-04,6.144079018055914609e-01,-4.353959203427022507e-05,7.718804370205501286e-08,-1.481354983437993733e-07,2.176512977010527414e-08
8.425000000000000711e+00,6.144598875597907517e-01,-1.202437051872507910e-04,1.420531109298216741e-04,6.144073625300354724e-01,-4.274617953581194454e-05,7.535742780244262311e-08,-1.447759428203604888e-07,2.120780887149456268e-08
8.437500000000000000e+00,6.144583955694212785e-01,-1.184781005172299965e-04,1.404467464096004312e-04,6.144068331092535917e-01,-4.196281095288501294e-05,7.356832638297805125e-08,-1.414928886396503230e-07,2.066329502888916961e-08
8.450000000000001066e+00,6.144569255240975858e-01,-1.167324592137550276e-04,1.388589371728835996e-04,6.144063134183398445e-01,-4.118938366102310516e-05,7.181979407605867274e-08,-1.382845986012593443e-07,2.013129953675548390e-08
8.462500000000000355e+00,6.144554771757216871e-01,-1.150065506472989065e-04,1.372894737832968759e-04,6.144058033336623481e-01,-4.042579635821334116e-05,7.011090698091774240e-08,-1.351493750603840773e-07,1.961154029449746343e-08
8.474999999999999645e+00,6.144540502790621916e-01,-1.133001467911120647e-04,1.357381492281339126e-04,6.144053027328477690e-01,-3.967194905164592590e-05,6.844076217482039469e-08,-1.320855590284302877e-07,1.910374165698060836e-08
8.487500000000000711e+00,6.144526445917221080e-01,-1.116130221910981651e-04,1.342047588910600915e-04,6.144048114947642247e-01,-3.892774304463928782e-05,6.680847723537597204e-08,-1.290915292941170643e-07,1.860763428846992728e-08
8.500000000000000000e+00,6.144512598741064258e-01,-1.099449539360291167e-04,1.326891005251333458e-04,6.144043294995056304e-01,-3.819308092373778837e-05,6.521318977371089052e-08,-1.261657015646105305e-07,1.812295501990352901e-08
8.512500000000001066e+00,6.144498958893910290e-01,-1.082957216280930617e-04,1.311909742261353610e-04,6.144038566283757108e-01,-3.746786654597933960e-05,6.365405697825210191e-08,-1.233065276262265573e-07,1.764944670942553435e-08
8.525000000000000355e+00,6.144485524034910551e-01,-1.066651073537771497e-04,1.297101824062158945e-04,6.144033927638720138e-01,-3.675200502633392584e-05,6.213025516888537273e-08,-1.205124945242672371e-07,1.718685810610613453e-08
8.537499999999999645e+00,6.144472291850301415e-01,-1.050528956550745576e-04,1.282465297678396954e-04,6.144029377896702560e-01,-3.604540272530811683e-05,6.064097936124477866e-08,-1.177821237615431543e-07,1.673494371677435020e-08
8.550000000000000711e+00,6.144459260053102279e-01,-1.034588735010174464e-04,1.267998232780382208e-04,6.144024915906090012e-01,-3.534796723671679183e-05,5.918544284090844793e-08,-1.151139705151657476e-07,1.629346367589467610e-08
8.562500000000000000e+00,6.144446426382809134e-01,-1.018828302595299075e-04,1.253698721429605104e-04,6.144020540526743401e-01,-3.465960737561914076e-05,5.776287674727221848e-08,-1.125066228711896600e-07,1.586218361841787678e-08
8.575000000000001066e+00,6.144433788605098146e-01,-1.003245576695949615e-04,1.239564877827179076e-04,6.144016250629845688e-01,-3.398023316641667220e-05,5.637252966687890270e-08,-1.099587010766950609e-07,1.544087455553786300e-08
8.587500000000000355e+00,6.144421344511531435e-01,-9.878384981373749337e-05,1.225594838065242247e-04,6.144012045097750896e-01,-3.330975583111393307e-05,5.501366723599254613e-08,-1.074688568089219718e-07,1.502931275329037696e-08
8.599999999999999645e+00,6.144409091919268429e-01,-9.726050309081279749e-05,1.211786759881224636e-04,6.144007922823836454e-01,-3.264808777773757601e-05,5.368557175220097879e-08,-1.050357724610574058e-07,1.462727961392720590e-08
8.612500000000000711e+00,6.144397028670770533e-01,-9.575431618910271040e-05,1.198138822414990804e-04,6.144003882712356646e-01,-3.199514258891472316e-05,5.238754179484595855e-08,-1.026581604443052197e-07,1.423456156000456731e-08
8.625000000000000000e+00,6.144385152633525804e-01,-9.426509005971353149e-05,1.184649225968815241e-04,6.143999923678291619e-01,-3.135083501060802430e-05,5.111889185407749960e-08,-1.003347625058642244e-07,1.385094992112354421e-08
8.637500000000001066e+00,6.144373461699761396e-01,-9.279262789027005280e-05,1.171316191770131152e-04,6.143996044647209720e-01,-3.071508094100522054e-05,4.987895196833413392e-08,-9.806434906244933633e-08,1.347624082326198149e-08
8.650000000000000355e+00,6.144361953786167119e-01,-9.133673507890766312e-05,1.158137961737076480e-04,6.143992244555118720e-01,-3.008779741956389800e-05,4.866706737006159395e-08,-9.584571854901006222e-08,1.311023508064051781e-08
8.662499999999999645e+00,6.144350626833622320e-01,-8.989721920855260585e-05,1.145112798246742980e-04,6.143988522348325931e-01,-2.946890261620737251e-05,4.748259813947664054e-08,-9.367769678229076067e-08,1.275273809006377017e-08
8.675000000000000711e+00,6.144339478806923882e-01,-8.847389002149232877e-05,1.132238983906150032e-04,6.143984876983299426e-01,-2.885831582067253877e-05,4.632491886619719332e-08,-9.155913633890288151e-08,1.240355972768197146e-08
8.687500000000000000e+00,6.144328507694514219e-01,-8.706655939423045044e-05,1.119514821325891685e-04,6.143981307426522598e-01,-2.825595743200737673e-05,4.519341831855746527e-08,-8.948891594757563652e-08,1.206251424811775058e-08
8.700000000000001066e+00,6.144317711508222590e-01,-8.567504131262096282e-05,1.106938632896407610e-04,6.143977812654364268e-01,-2.766174894821589250e-05,4.408749912043149506e-08,-8.746593989525962928e-08,1.172942018590406344e-08
8.712500000000000355e+00,6.144307088282997542e-01,-8.429915184728349977e-05,1.094508760566898284e-04,6.143974391652934353e-01,-2.707561295605135434e-05,4.300657743539778829e-08,-8.548913744677564042e-08,1.140410025918222801e-08
8.724999999999999645e+00,6.144296636076649332e-01,-8.293870912929029310e-05,1.082223565626796319e-04,6.143971043417953970e-01,-2.649747312095385640e-05,4.195008265807299407e-08,-8.355746227769147341e-08,1.108638127560752396e-08
8.737500000000000711e+00,6.144286352969596798e-01,-8.159353332612680827e-05,1.070081428489813173e-04,6.143967766954617771e-01,-2.592725417713310449e-05,4.091745711245503071e-08,-8.166989192013345670e-08,1.077609404041361467e-08
8.750000000000000000e+00,6.144276237064609791e-01,-8.026344661792050340e-05,1.058080748480513008e-04,6.143964561277466263e-01,-2.536488191779421829e-05,3.990815575711425447e-08,-7.982542722123512158e-08,1.047307326658655110e-08
8.762500000000001066e+00,6.144266286486560480e-01,-7.894827317393311706e-05,1.046219943623370583e-04,6.143961425410243704e-01,-2.481028318550454085e-05,3.892164589707507678e-08,-7.802309181393315868e-08,1.017715748710026193e-08
8.775000000000000355e+00,6.144256499382177994e-01,-7.764783912931778605e-05,1.034497450434324983e-04,6.143958358385779306e-01,-2.426338586270218039e-05,3.795740690223907801e-08,-7.626193159983651893e-08,9.888188969168053292e-09
8.787499999999999645e+00,6.144246873919803065e-01,-7.636197256213242792e-05,1.022911723714753970e-04,6.143955359245849568e-01,-2.372411886234268626e-05,3.701492993219614591e-08,-7.454101424388621312e-08,9.606013630463329339e-09
8.800000000000000711e+00,6.144237408289145996e-01,-7.509050347061100097e-05,1.011461236347882358e-04,6.143952427041055042e-01,-2.319241211868461797e-05,3.609371766728141001e-08,-7.285942868054403715e-08,9.330480957266138254e-09
8.812500000000000000e+00,6.144228100701047968e-01,-7.383326375068774926e-05,1.000144479097580928e-04,6.143949560830688217e-01,-2.266819657821201505e-05,3.519328404573417492e-08,-7.121628463124577684e-08,9.061443924491664942e-09
8.825000000000001066e+00,6.144218949387246775e-01,-7.259008717376964860e-05,9.889599604095133131e-05,6.143946759682613612e-01,-2.215140419069187722e-05,3.431315400681829136e-08,-6.961071213286013660e-08,8.798758917557855606e-09
8.837500000000000355e+00,6.144209952600142577e-01,-7.136080936475862563e-05,9.779062062146444119e-05,6.143944022673137884e-01,-2.164196790036733244e-05,3.345286323977118589e-08,-6.804186107690944690e-08,8.542285656051678732e-09
8.849999999999999645e+00,6.144201108612565854e-01,-7.014526778031533716e-05,9.669817597350386371e-05,6.143941348886888809e-01,-2.113982163728316571e-05,3.261195793844485938e-08,-6.650890075930031669e-08,8.291887119152330937e-09
8.862500000000000711e+00,6.144192415717555367e-01,-6.894330168736600051e-05,9.561851812919589780e-05,6.143938737416692053e-01,-2.064490030874442355e-05,3.178999456151197800e-08,-6.501101944033137634e-08,8.047429472772783145e-09
8.875000000000000000e+00,6.144183872228125010e-01,-6.775475214184765343e-05,9.455150481162277070e-05,6.143936187363446821e-01,-2.015713979090623061e-05,3.098653959810885695e-08,-6.354742391474194769e-08,7.808781998380561318e-09
8.887500000000001066e+00,6.144175476477048425e-01,-6.657946196768737136e-05,9.349699541608090243e-05,6.143933697836010399e-01,-1.967647692049307706e-05,3.020116933879010836e-08,-6.211733909157180399e-08,7.575817023459658475e-09
8.900000000000000355e+00,6.144167226816638072e-01,-6.541727573601691917e-05,9.245485099156246158e-05,6.143931267951074915e-01,-1.920284948664822025e-05,2.943346965167662023e-08,-6.072000758361409423e-08,7.348409853577511290e-09
8.912499999999999645e+00,6.144159121618524289e-01,-6.426803974461500399e-05,9.142493422245347699e-05,6.143928896833049658e-01,-1.873619622291011776e-05,2.868303576367483421e-08,-5.935468930623757015e-08,7.126438706019931451e-09
8.925000000000000711e+00,6.144151159273444351e-01,-6.313160199757862005e-05,9.040710941044983345e-05,6.143926583613944503e-01,-1.827645679931654208e-05,2.794947204665445156e-08,-5.802066108537022234e-08,6.909784644959610021e-09
8.937500000000000000e+00,6.144143338191030423e-01,-6.200781218521899947e-05,8.940124245668700420e-05,6.143924327433250010e-01,-1.782357181463468978e-05,2.723239180847010225e-08,-5.671721627443440032e-08,6.698331518123385391e-09
8.950000000000001066e+00,6.144135656799597500e-01,-6.089652166417817790e-05,8.840720084408013231e-05,6.143922127437827507e-01,-1.737748278871563515e-05,2.653141708871545989e-08,-5.544366438002827560e-08,6.491965894924365380e-09
8.962500000000000355e+00,6.144128113545938019e-01,-5.979758343776721854e-05,8.742485361987539587e-05,6.143919982781788081e-01,-1.693813215497378893e-05,2.584617845910418153e-08,-5.419933069615981632e-08,6.290577006026770817e-09
8.974999999999999645e+00,6.144120706895118689e-01,-5.871085213651898617e-05,8.645407137840623328e-05,6.143917892626384880e-01,-1.650546325298844497e-05,2.517631482836903030e-08,-5.298355594683355235e-08,6.094056684310495291e-09
8.987500000000000711e+00,6.144113435330275097e-01,-5.763618399895674519e-05,8.549472624405567525e-05,6.143915856139894327e-01,-1.607942032122809588e-05,2.452147325157842057e-08,-5.179569593680531870e-08,5.902299307204761294e-09
9.000000000000000000e+00,6.144106297352414092e-01,-5.657343685257440073e-05,8.454669185442116521e-05,6.143913872497509532e-01,-1.565994848989590485e-05,2.388130874376840728e-08,-5.063512121031759786e-08,5.715201740359899015e-09
9.012500000000001066e+00,6.144099291480215053e-01,-5.552247009502443898e-05,8.360984334367823592e-05,6.143911940881227052e-01,-1.524699377389485648e-05,2.325548409779066271e-08,-4.950121671763295844e-08,5.532663282627057312e-09
9.025000000000000355e+00,6.144092416249836708e-01,-5.448314467551485429e-05,8.268405732614415361e-05,6.143910060479734758e-01,-1.484050306591318118e-05,2.264366970628231737e-08,-4.839338148919284838e-08,5.354585612317268628e-09
9.037499999999999645e+00,6.144085670214722850e-01,-5.345532307640803600e-05,8.176921188003566138e-05,6.143908230488305255e-01,-1.444042412962738335e-05,2.204554338766070961e-08,-4.731102831722390546e-08,5.180872734710480583e-09
9.050000000000000711e+00,6.144079051945411374e-01,-5.243886929502298384e-05,8.086518653142159448e-05,6.143906450108687078e-01,-1.404670559302349159e-05,2.146079021605330792e-08,-4.625358344462700418e-08,5.011430930787316027e-09
9.062500000000000000e+00,6.144072560029347763e-01,-5.143364882563686074e-05,7.997186223836723665e-05,6.143904718548995891e-01,-1.365929694183508094e-05,2.088910235507179970e-08,-4.522048626098236541e-08,4.846168707155998235e-09
9.075000000000001066e+00,6.144066193070695237e-01,-5.043952864168216272e-05,7.908912137526692113e-05,6.143903035023610126e-01,-1.327814851309668297e-05,2.033017889534172231e-08,-4.421118900550795283e-08,4.684996747147590133e-09
9.087500000000000355e+00,6.144059949690159339e-01,-4.945637717814070541e-05,7.821684771736604172e-05,6.143901398753061072e-01,-1.290321148881315304e-05,1.978372569570361786e-08,-4.322515647681745289e-08,4.527827863054101831e-09
9.099999999999999645e+00,6.144053828524795868e-01,-4.848406431412771185e-05,7.735492642546660581e-05,6.143899808963929621e-01,-1.253443788974256871e-05,1.924945522799940070e-08,-4.226186574931933713e-08,4.374576949483359806e-09
9.112500000000000711e+00,6.144047828227837682e-01,-4.752246135566746531e-05,7.650324403081750825e-05,6.143898264888745242e-01,-1.217178056929318288e-05,1.872708642536376694e-08,-4.132080589611032468e-08,4.225160937806364958e-09
9.125000000000000000e+00,6.144041947468515952e-01,-4.657144101865660354e-05,7.566168842018630074e-05,6.143896765765873846e-01,-1.181519320753316955e-05,1.821634453393957929e-08,-4.040147771821468319e-08,4.079498751672671530e-09
9.137500000000001066e+00,6.144036184931888078e-01,-4.563087741201154448e-05,7.483014882110912273e-05,6.143895310839425639e-01,-1.146463030531186104e-05,1.771696096793815841e-08,-3.950339348002455878e-08,3.937511263569863174e-09
9.150000000000000355e+00,6.144030539318656725e-01,-4.470064602100122248e-05,7.400851578732012194e-05,6.143893899359141875e-01,-1.112004717849302408e-05,1.722867316796960793e-08,-3.862607665080430083e-08,3.799121252404539174e-09
9.162499999999999645e+00,6.144025009345007726e-01,-4.378062369075881946e-05,7.319668118435464547e-05,6.143892530580302713e-01,-1.078139995229794008e-05,1.675122446256607307e-08,-3.776906165211763817e-08,3.664253362081559183e-09
9.175000000000000711e+00,6.144019593742434671e-01,-4.287068860997375147e-05,7.239453817532744812e-05,6.143891203763620634e-01,-1.044864555575883350e-05,1.628436393282658382e-08,-3.693189361104721737e-08,3.532834061060003812e-09
9.187500000000000000e+00,6.144014291257575699e-01,-4.197072029476027184e-05,7.160198120688270626e-05,6.143889918175141629e-01,-1.012174171628142345e-05,1.582784628011107430e-08,-3.611412811907398864e-08,3.404791602864061874e-09
9.200000000000001066e+00,6.144009100652045863e-01,-4.108059957269939076e-05,7.081890599531289604e-05,6.143888673086147501e-01,-9.800646954315487259e-06,1.538143169671308288e-08,-3.531533099648769041e-08,3.280055987527619671e-09
9.212500000000000355e+00,6.144004020702279467e-01,-4.020020856705517525e-05,7.004520951284768813e-05,6.143887467773054833e-01,-9.485320578133918823e-06,1.494488573944435975e-08,-3.453507806220618196e-08,3.158558923952438173e-09
9.224999999999999645e+00,6.143999050199360212e-01,-3.932943068115947992e-05,6.928078997410747856e-05,6.143886301517318405e-01,-9.175722678718252153e-06,1.451797920606261816e-08,-3.377295490887826972e-08,3.040233793159284915e-09
9.237500000000000711e+00,6.143994187948870200e-01,-3.846815058296622667e-05,6.852554682272274822e-05,6.143885173605331262e-01,-8.871814124751149991e-06,1.410048801447872517e-08,-3.302855668315337507e-08,2.925015612412866391e-09
9.250000000000000000e+00,6.143989432770728953e-01,-3.761625418977194676e-05,6.777938071811612057e-05,6.143884083328330359e-01,-8.573556557714796938e-06,1.369219308467881987e-08,-3.230148787100057060e-08,2.812841000201201640e-09
9.262500000000001066e+00,6.143984783499039093e-01,-3.677362865309930553e-05,6.704219352244471849e-05,6.143883029982301069e-01,-8.280912387094123073e-06,1.329288022329841563e-08,-3.159136208796188114e-08,2.703648142050589271e-09
9.275000000000000355e+00,6.143980238981933129e-01,-3.594016234374461957e-05,6.631388828770334908e-05,6.143882012867878384e-01,-7.993844785685386614e-06,1.290234001078891128e-08,-3.089780187423136964e-08,2.597376757158298368e-09
9.287499999999999645e+00,6.143975798081421358e-01,-3.511574483698389095e-05,6.559436924298389486e-05,6.143881031290252537e-01,-7.712317685008225043e-06,1.252036769111520542e-08,-3.022043849444814019e-08,2.493968065824669070e-09
9.300000000000000711e+00,6.143971459673244206e-01,-3.430026689793823271e-05,6.488354178189183294e-05,6.143880084559075749e-01,-7.436295770821689687e-06,1.214676306392752378e-08,-2.955891174209961552e-08,2.393364757667599863e-09
9.312500000000000000e+00,6.143967222646720128e-01,-3.349362046709562963e-05,6.418131245011714464e-05,6.143879171988367860e-01,-7.165744478743265951e-06,1.178133037914993412e-08,-2.891286974843033502e-08,2.295510960602253456e-09
9.325000000000001066e+00,6.143963085904603494e-01,-3.269569864598599829e-05,6.348758893315693201e-05,6.143878292896423066e-01,-6.900629989969966113e-06,1.142387823392935009e-08,-2.828196879575395425e-08,2.200352210569244478e-09
9.337500000000000355e+00,6.143959048362941378e-01,-3.190639568301040718e-05,6.280228004419078497e-05,6.143877446605716663e-01,-6.640919227101963066e-06,1.107421947189189912e-08,-2.766587313507178494e-08,2.107835421995447807e-09
9.349999999999999645e+00,6.143955108950924782e-01,-3.112560695941929330e-05,6.212529571210411491e-05,6.143876632442810681e-01,-6.386579850067070123e-06,1.073217108465189173e-08,-2.706425480789835576e-08,2.017908858971186257e-09
9.362500000000000711e+00,6.143951266610755413e-01,-3.035322897544054941e-05,6.145654696966059316e-05,6.143875849738265060e-01,-6.137580252146561528e-06,1.039755411552267286e-08,-2.647679347220174332e-08,1.930522107128694958e-09
9.375000000000000000e+00,6.143947520297502463e-01,-2.958915933655452055e-05,6.079594594182097039e-05,6.143875097826544396e-01,-5.893889556101434136e-06,1.007019356537797894e-08,-2.590317623236541710e-08,1.845626046206630513e-09
9.387500000000001066e+00,6.143943868978963829e-01,-2.883329673991303699e-05,6.014340583420582371e-05,6.143874376045929120e-01,-5.655477610398323373e-06,9.749918300613620828e-09,-2.534309747308056535e-08,1.763172823285797110e-09
9.400000000000000355e+00,6.143940311635535112e-01,-2.808554096090339812e-05,5.949884092170318046e-05,6.143873683738421132e-01,-5.422314985535479185e-06,9.436560963162129572e-09,-2.479625869708289188e-08,1.683115826682016342e-09
9.412499999999999645e+00,6.143936847260073053e-01,-2.734579283985222859e-05,5.886216653721661380e-05,6.143873020249658312e-01,-5.194372970467345107e-06,9.129957882511409512e-09,-2.426236836664529915e-08,1.605409660481758340e-09
9.425000000000000711e+00,6.143933474857762311e-01,-2.661395426887020626e-05,5.823329906055471834e-05,6.143872384928821262e-01,-4.971623569128148695e-06,8.829948989682156619e-09,-2.374114174874439806e-08,1.530010119707144449e-09
9.437500000000000000e+00,6.143930193445986676e-01,-2.588992817883477852e-05,5.761215590745953977e-05,6.143871777128545597e-01,-4.754039497053763034e-06,8.536377733118153546e-09,-2.323230076381789490e-08,1.456874166096834874e-09
9.450000000000001066e+00,6.143927002054201392e-01,-2.517361852650811254e-05,5.699865551877163439e-05,6.143871196204833129e-01,-4.541594178101116795e-06,8.249090996444654483e-09,-2.273557383803181808e-08,1.385959904489669401e-09
9.462500000000000355e+00,6.143923899723798820e-01,-2.446493028179120438e-05,5.639271734973261215e-05,6.143870641516965270e-01,-4.334261741265567881e-06,7.967939018052521399e-09,-2.225069575898113003e-08,1.317226559798600328e-09
9.474999999999999645e+00,6.143920885507991869e-01,-2.376376941510930868e-05,5.579426185942102984e-05,6.143870112427410879e-01,-4.132017017594927775e-06,7.692775312464434891e-09,-2.177740753474487749e-08,1.250634454562195786e-09
9.487500000000000711e+00,6.143917958471682983e-01,-2.307004288492961390e-05,5.520321050032254236e-05,6.143869608301743002e-01,-3.934835537200561790e-06,7.423456593442743736e-09,-2.131545625622298229e-08,1.186144987061857668e-09
9.500000000000000000e+00,6.143915117691344241e-01,-2.238365862540843911e-05,5.461948570803198109e-05,6.143869128508550048e-01,-3.742693526364877856e-06,7.159842698797967182e-09,-2.086459496268075255e-08,1.123720609992835531e-09
9.512500000000001066e+00,6.143912362254895232e-01,-2.170452553416536706e-05,5.404301089108519770e-05,6.143868672419346977e-01,-3.555567904744641839e-06,6.901796516857939240e-09,-2.042458251042926539e-08,1.063324809677424095e-09
9.525000000000000355e+00,6.143909691261586481e-01,-2.103255346018514040e-05,5.347371042092147978e-05,6.143868239408492027e-01,-3.373436282670459900e-06,6.649183914559767193e-09,-1.999518344457342167e-08,1.004922085809327535e-09
9.537499999999999645e+00,6.143907103821873994e-01,-2.036765319184276048e-05,5.291150962197265547e-05,6.143867828853097901e-01,-3.196276958541324629e-06,6.401873667125582890e-09,-1.957616787375776619e-08,9.484779317179589012e-10
9.550000000000000711e+00,6.143904599057309346e-01,-1.970973644505264597e-05,5.235633476187975452e-05,6.143867440132949609e-01,-3.024068916314605703e-06,6.159737389285934915e-09,-1.916731134784511310e-08,8.939588151422011124e-10
9.562500000000000000e+00,6.143902176100424217e-01,-1.905871585153929673e-05,5.180811304183498956e-05,6.143867072630414539e-01,-2.856791823090919241e-06,5.922649468014203149e-09,-1.876839473846240770e-08,8.413321595031085064e-10
9.575000000000001066e+00,6.143899834094611601e-01,-1.841450494722696575e-05,5.126677258704713308e-05,6.143866725730358080e-01,-2.694426026793391784e-06,5.690486996736264323e-09,-1.837920412234987012e-08,7.905663256653079404e-10
9.587500000000000355e+00,6.143897572194016998e-01,-1.777701816074913883e-05,5.073224243733091365e-05,6.143866398820061470e-01,-2.536952553941660251e-06,5.463129710981596708e-09,-1.799953066745288804e-08,7.416305941773783061e-10
9.600000000000001421e+00,6.143895389563429621e-01,-1.714617080207341405e-05,5.020445253781686699e-05,6.143866091289136300e-01,-2.384353107519643947e-06,5.240459925440883847e-09,-1.762917052169443117e-08,6.944951479813089717e-10
9.612500000000000711e+00,6.143893285378168034e-01,-1.652187905124320738e-05,4.968333372978281414e-05,6.143865802529435705e-01,-2.236610064937588798e-06,5.022362472398033463e-09,-1.726792470437072673e-08,6.491310555818495510e-10
9.625000000000000000e+00,6.143891258823974688e-01,-1.590405994723197478e-05,4.916881774160347706e-05,6.143865531934976643e-01,-2.093706476087492734e-06,4.808724641503182705e-09,-1.691559900011079120e-08,6.055102546663513329e-10
9.637500000000001066e+00,6.143889309096910445e-01,-1.529263137691071989e-05,4.866083717981887536e-05,6.143865278901852189e-01,-1.955626061492250604e-06,4.599436120855793694e-09,-1.657200385534484722e-08,5.636055361663251229e-10
9.650000000000000355e+00,6.143887435403246888e-01,-1.468751206412637998e-05,4.815932552031963390e-05,6.143865042828148271e-01,-1.822353210548111004e-06,4.394388939366488419e-09,-1.623695427722612167e-08,5.233905287519223595e-10
9.662500000000001421e+00,6.143885636959361962e-01,-1.408862155888885917e-05,4.766421709964731741e-05,6.143864823113858176e-01,-1.693872979860089027e-06,4.193477410367023884e-09,-1.591026973495181514e-08,4.848396837507932820e-10
9.675000000000000711e+00,6.143883912991642271e-01,-1.349588022666732208e-05,4.717544710641037500e-05,6.143864619160805951e-01,-1.570171091670650907e-06,3.996598076439458708e-09,-1.559177406343203327e-08,4.479282604831904479e-10
9.687500000000000000e+00,6.143882262736376498e-01,-1.290920923779184150e-05,4.669295157281263165e-05,6.143864430372556473e-01,-1.451233932380961778e-06,3.803649655434633373e-09,-1.528129536925409485e-08,4.126323120050890650e-10
9.700000000000001066e+00,6.143880685439655487e-01,-1.232853055696106400e-05,4.621666736629473317e-05,6.143864256154333292e-01,-1.337048551165025215e-06,3.614532987652288757e-09,-1.497866593889336970e-08,3.789286712516155394e-10
9.712500000000000355e+00,6.143879180357277869e-01,-1.175376693285365751e-05,4.574653218128695909e-05,6.143864095912940915e-01,-1.227602658676399233e-06,3.429150984154752973e-09,-1.468372214912144413e-08,3.467949375730836519e-10
9.725000000000001421e+00,6.143877746754649039e-01,-1.118484188784133840e-05,4.528248453107155356e-05,6.143863949056675988e-01,-1.122884625847232320e-06,3.247408576186786649e-09,-1.439630437956350845e-08,3.162094636561576019e-10
9.737500000000000711e+00,6.143876383906687888e-01,-1.062167970780416425e-05,4.482446373975520430e-05,6.143863814995248473e-01,-1.022883482779919340e-06,3.069212665675657021e-09,-1.411625692735962210e-08,2.871513428230179272e-10
9.750000000000000000e+00,6.143875091097726893e-01,-1.006420543204426715e-05,4.437240993434862053e-05,6.143863693139699489e-01,-9.275889177308315135e-07,2.894472076784649693e-09,-1.384342792388314549e-08,2.596003967013491317e-10
9.762500000000001066e+00,6.143873867621426621e-01,-9.512344843298747358e-06,4.392626403695390762e-05,6.143863582902314713e-01,-8.369912761864318481e-07,2.723097508495227883e-09,-1.357766925347315818e-08,2.335371632584069834e-10
9.775000000000000355e+00,6.143872712780675815e-01,-8.966024457849535394e-06,4.348596775705791575e-05,6.143863483696551109e-01,-7.510815600315565505e-07,2.555001488192673420e-09,-1.331883647413716170e-08,2.089428851924509455e-10
9.787500000000001421e+00,6.143871625887503685e-01,-8.425171515728160701e-06,4.305146358393005822e-05,6.143863394936943667e-01,-6.698514268097079283e-07,2.390098326230605005e-09,-1.306678874018155652e-08,1.857994986750265051e-10
9.800000000000000711e+00,6.143870606262989975e-01,-7.889713971016048730e-06,4.262269477912513472e-05,6.143863316039033240e-01,-5.932931890756388394e-07,2.228304071451142783e-09,-1.282138872672966581e-08,1.640896224378849374e-10
9.812500000000000000e+00,6.143869653237176154e-01,-7.359580482236750735e-06,4.219960536908829330e-05,6.143863246419278834e-01,-5.213998138398444501e-07,2.069536467636656546e-09,-1.258250255608600815e-08,1.437965471983085522e-10
9.825000000000001066e+00,6.143868766148978811e-01,-6.834700402840723768e-06,4.178214013786274748e-05,6.143863185494977674e-01,-4.541649221052600952e-07,1.913714910870859218e-09,-1.234999972590856864e-08,1.249042254169759363e-10
9.837500000000000355e+00,6.143867944346099730e-01,-6.315003771780623780e-06,4.137024461989869019e-05,6.143863132684184158e-01,-3.915827884960403529e-07,1.760760407786641898e-09,-1.212375303915045070e-08,1.073972613825465419e-10
9.850000000000001421e+00,6.143867187184947065e-01,-5.800421304175128053e-06,4.096386509296181871e-05,6.143863087405627699e-01,-3.336483409783633809e-07,1.610595534678557267e-09,-1.190363853573328180e-08,9.126090161732788967e-11
9.862500000000000711e+00,6.143866494030544301e-01,-5.290884382061878213e-06,4.056294857114210771e-05,6.143863049078630567e-01,-2.803571606735235669e-07,1.463144397459074175e-09,-1.168953542591682252e-08,7.648102559863795785e-11
9.875000000000000000e+00,6.143865864256452536e-01,-4.786325045236098924e-06,4.016744279796010623e-05,6.143863017123025738e-01,-2.317054817630931935e-07,1.318332592436978407e-09,-1.148132602532830847e-08,6.304413679049807913e-11
9.887500000000001066e+00,6.143865297244689438e-01,-4.286675982175515693e-06,3.977729623957133463e-05,6.143862990959078063e-01,-1.876901914864325588e-07,1.176087167897925435e-09,-1.127889569161771674e-08,5.093735398058500305e-11
9.900000000000000355e+00,6.143864792385641538e-01,-3.791870521049594378e-06,3.939245807806733823e-05,6.143862970007398783e-01,-1.483088302305238020e-07,1.036336586466811409e-09,-1.108213276270486360e-08,4.014840291743787579e-11
9.912500000000001421e+00,6.143864349077994280e-01,-3.301842620811216483e-06,3.901287820487194056e-05,6.143862953688866702e-01,-1.135595917121703378e-07,8.990106882320813041e-10,-1.089092849658515698e-08,3.066560824308374138e-11
9.925000000000000711e+00,6.143863966728648762e-01,-2.816526862371364954e-06,3.863850721423323179e-05,6.143862941424544921e-01,-8.344132325280748459e-08,7.640406546131843951e-10,-1.070517701266261225e-08,2.247788571644698439e-11
9.937500000000000000e+00,6.143863644752641795e-01,-2.335858439853520011e-06,3.826929639680885266e-05,6.143862932635600904e-01,-5.795352614586989812e-08,6.313589729516962451e-10,-1.052477523457800853e-08,1.557473472297028913e-11
9.950000000000001066e+00,6.143863382573075960e-01,-1.859773151928352430e-06,3.790519773334503483e-05,6.143862926743222097e-01,-3.709635611697856314e-08,5.008994018080946157e-10,-1.034962283450238385e-08,9.946231066101963153e-12
9.962500000000000355e+00,6.143863179621040782e-01,-1.388207393226843821e-06,3.754616388844805592e-05,6.143862923168535994e-01,-2.087062387702134573e-08,3.725969369458604802e-10,-1.017962217886584423e-08,5.583020036392395260e-12
9.975000000000001421e+00,6.143863035335540568e-01,-9.210981458300151060e-07,3.719214820444682851e-05,6.143862921332529092e-01,-9.277795768267617787e-09,2.463877779849672963e-10,-1.001467827549251188e-08,2.476309754096904641e-12
9.987500000000000711e+00,6.143862949163418907e-01,-4.583829708358119109e-07,3.684310469534705679e-05,6.143862920655962512e-01,-2.319994503746573298e-09,1.222092957078140015e-10,-9.854698722113965090e-09,6.178647813404743821e-13
1.000000000000000000e+01,6.143862920559289842e-01,-2.352399294865561761e-34,3.649898804087471789e-05,6.143862920559289842e-01,0.000000000000000000e+00,-1.526038188277328293e-35,-9.699593656232979135e-09,0.000000000000000000e+00
