eta,f,f',f'',F,F',t,t',tp
0.000000000000000000e+00,1.000000000000000000e+00,-3.767056720642393830e-01,2.164716396788029240e-01,8.119016123202478230e-01,-2.688604026740767927e-01,7.282842374107750816e-01,-1.358578812946124703e+00,3.068493446717227568e-01
3.125000000000000173e-03,9.988238511392431018e-01,-3.760297990469362861e-01,2.160872043265967268e-01,8.110621821329774273e-01,-2.683750619997286591e-01,7.240542012264353788e-01,-1.348659311782423043e+00,3.054072219528835563e-01
6.250000000000000347e-03,9.976498125056418864e-01,-3.753551263320011322e-01,2.157034459636424928e-01,8.102242672784253363e-01,-2.678905894767376616e-01,7.198550236665747226e-01,-1.338829134831748702e+00,3.039730763198985053e-01
9.375000000000001388e-03,9.964778803515550454e-01,-3.746816518057132783e-01,2.153203633930317884e-01,8.093878650460324398e-01,-2.674069835606244783e-01,7.156864270725541433e-01,-1.329087337085696818e+00,3.025468538121463546e-01
1.250000000000000069e-02,9.953080509359409911e-01,-3.740093733580887037e-01,2.149379554202648368e-01,8.085529727300619918e-01,-2.669242427096482628e-01,7.115481367212566077e-01,-1.319432984793817987e+00,3.011285009143666591e-01
1.562500000000000000e-02,9.941403205243458663e-01,-3.733382888828724044e-01,2.145562208532408865e-01,8.077195876295908405e-01,-2.664423653848010942e-01,7.074398807901368658e-01,-1.309865155316530139e+00,2.997179645523237457e-01
1.875000000000000278e-02,9.929746853888921088e-01,-3.726683962775310111e-01,2.141751585022490523e-01,8.068877070485009906e-01,-2.659613500498035910e-01,7.033613903227263764e-01,-1.300382936980105431e+00,2.983151920885182551e-01
2.187500000000000208e-02,9.918111418082666830e-01,-3.719996934432452385e-01,2.137947671799590166e-01,8.060573282954710539e-01,-2.654811951710995821e-01,6.993123991945893181e-01,-1.290985428933703716e+00,2.969201313179464785e-01
2.500000000000000139e-02,9.906496860677095340e-01,-3.713321782849025032e-01,2.134150457014120095e-01,8.052284486839678124e-01,-2.650018992178514998e-01,6.952926440797221330e-01,-1.281671741008416854e+00,2.955327304639062125e-01
2.812500000000000069e-02,9.894903144590022626e-01,-3.706658487110894851e-01,2.130359928840117878e-01,8.044010655322374470e-01,-2.645234606619353834e-01,6.913018644173892779e-01,-1.272440993578298762e+00,2.941529381738490767e-01
3.125000000000000000e-02,9.883330232804562465e-01,-3.700007026340849103e-01,2.126576075475155314e-01,8.035751761632975443e-01,-2.640458779779358833e-01,6.873398023793918510e-01,-1.263292317423346356e+00,2.927807035152784620e-01
3.437500000000000278e-02,9.871778088369010939e-01,-3.693367379698520025e-01,2.122798885140251834e-01,8.027507779049283254e-01,-2.635691496431414871e-01,6.834062028377604348e-01,-1.254224853594406275e+00,2.914159759716923870e-01
3.750000000000000555e-02,9.860246674396735411e-01,-3.686739526380312659e-01,2.119028346079785963e-01,8.019278680896643197e-01,-2.630932741375397454e-01,6.795008133328668265e-01,-1.245237753279976101e+00,2.900587054385710961e-01
4.062500000000000833e-02,9.848735954066055731e-01,-3.680123445619332689e-01,2.115264446561407330e-01,8.011064440547855936e-01,-2.626182499438122209e-01,6.756233840419503256e-01,-1.236330177674871855e+00,2.887088422194087900e-01
4.375000000000000416e-02,9.837245890620129884e-01,-3.673519116685312058e-01,2.111507174875952852e-01,8.002865031423100906e-01,-2.621440755473298800e-01,6.717736677480501406e-01,-1.227501297850734252e+00,2.873663370217887647e-01
4.687500000000000000e-02,9.825776447366842969e-01,-3.666926518884539021e-01,2.107756519337359580e-01,7.994680426989844158e-01,-2.616707494361479314e-01,6.679514198093408073e-01,-1.218750294628346165e+00,2.860311409535011840e-01
5.000000000000000278e-02,9.814327587678690623e-01,-3.660345631559783763e-01,2.104012468282580872e-01,7.986510600762759537e-01,-2.611982701010013286e-01,6.641563981288626239e-01,-1.210076358451734446e+00,2.847032055187038724e-01
5.312500000000000555e-02,9.802899274992663559e-01,-3.653776434090228453e-01,2.100275010071502579e-01,7.978355526303643197e-01,-2.607266360352997747e-01,6.603883631246443286e-01,-1.201478689264027233e+00,2.833824826141246866e-01
5.625000000000000139e-02,9.791491472810137653e-01,-3.647218905891393970e-01,2.096544133086860606e-01,7.970215177221330327e-01,-2.602558457351230037e-01,6.566470777002092474e-01,-1.192956496385045639e+00,2.820689245253054089e-01
5.937499999999999722e-02,9.780104144696758484e-01,-3.640673026415069957e-01,2.092819825734157646e-01,7.962089527171613001e-01,-2.597858976992158397e-01,6.529323072154629148e-01,-1.184508998390596091e+00,2.807624839228863856e-01
6.250000000000000000e-02,9.768737254282325866e-01,-3.634138775149243772e-01,2.089102076441582689e-01,7.953978549857154690e-01,-2.593167904289837011e-01,6.492438194579539523e-01,-1.176135422993447310e+00,2.794631138589318553e-01
6.562500000000000278e-02,9.757390765260686161e-01,-3.627616131618028872e-01,2.085390873659930533e-01,7.945882219027409210e-01,-2.588485224284873820e-01,6.455813846145053159e-01,-1.167835006925957764e+00,2.781707677632951348e-01
6.875000000000000555e-02,9.746064641389615701e-01,-3.621105075381594873e-01,2.081686205862520733e-01,7.937800508478537465e-01,-2.583810922044388336e-01,6.419447752432088095e-01,-1.159606995824336462e+00,2.768853994400232166e-01
7.187500000000000833e-02,9.734758846490708661e-01,-3.614605586036097606e-01,2.077988061545119336e-01,7.929733392053321950e-01,-2.579144982661958907e-01,6.383337662457799766e-01,-1.151450644114506927e+00,2.756069630638003365e-01
7.500000000000001110e-02,9.723473344449263811e-01,-3.608117643213607506e-01,2.074296429225860328e-01,7.921680843641090153e-01,-2.574487391257578306e-01,6.347481348402660428e-01,-1.143365214899555671e+00,2.743354131764300652e-01
7.812500000000001388e-02,9.712208099214175716e-01,-3.601641226582042443e-01,2.070611297445167365e-01,7.913642837177625733e-01,-2.569838132977605438e-01,6.311876605341038005e-01,-1.135349979848737867e+00,2.730707046833555363e-01
8.125000000000001665e-02,9.700963074797820385e-01,-3.595176315845095560e-01,2.066932654765676891e-01,7.905619346645088585e-01,-2.565197192994719266e-01,6.276521250975216626e-01,-1.127404219088017578e+00,2.718127928502173107e-01
8.437500000000000555e-02,9.689738235275944245e-01,-3.588722890742168103e-01,2.063260489772161532e-01,7.897610346071934906e-01,-2.560564556507868850e-01,6.241413125372814452e-01,-1.119527221092123437e+00,2.705616332994480455e-01
8.750000000000000833e-02,9.678533544787549792e-01,-3.582280931048298922e-01,2.059594791071455155e-01,7.889615809532831703e-01,-2.555940208742229491e-01,6.206550090707554368e-01,-1.111718282578091577e+00,2.693171820069044653e-01
9.062500000000001110e-02,9.667348967534789006e-01,-3.575850416574096191e-01,2.055935547292376819e-01,7.881635711148575751e-01,-2.551324134949153333e-01,6.171930031003334260e-01,-1.103976708400278728e+00,2.680793952985349171e-01
9.375000000000000000e-02,9.656184467782852332e-01,-3.569431327165668022e-01,2.052282747085656944e-01,7.873670025086014768e-01,-2.546716320406123835e-01,6.137550851881559133e-01,-1.096301811446821262e+00,2.668482298470832847e-01
9.687500000000000278e-02,9.645040009859852104e-01,-3.563023642704556404e-01,2.048636379123862927e-01,7.865718725557961921e-01,-2.542116750416708038e-01,6.103410480311680653e-01,-1.088692912537520208e+00,2.656236426688280972e-01
1.000000000000000056e-01,9.633915558156717074e-01,-3.556627343107666706e-01,2.044996432101326977e-01,7.857781786823115899e-01,-2.537525410310511043e-01,6.069506864364914156e-01,-1.081149340323128705e+00,2.644055911203566644e-01
1.031250000000000083e-01,9.622811077127080281e-01,-3.550242408327199950e-01,2.041362894734072841e-01,7.849859183185982081e-01,-2.532942285443128272e-01,6.035837972971076493e-01,-1.073670431186025676e+00,2.631940328953736308e-01
1.062500000000000111e-01,9.611726531287169140e-01,-3.543868818350586758e-01,2.037735755759744749e-01,7.841950888996784830e-01,-2.528367361196099394e-01,6.002401795678503627e-01,-1.066255529142249525e+00,2.619889260215439997e-01
1.093750000000000000e-01,9.600661885215696634e-01,-3.537506553200419068e-01,2.034115003937534694e-01,7.834056878651395328e-01,-2.523800622976861696e-01,5.969196342417015799e-01,-1.058903985744878318e+00,2.607902288573694660e-01
1.125000000000000028e-01,9.589617103553748079e-01,-3.531155592934381304e-01,2.030500628048113598e-01,7.826177126591242761e-01,-2.519242056218705117e-01,5.936219643263874746e-01,-1.051615159988730897e+00,2.595979000890986654e-01
1.156250000000000056e-01,9.578592151004673427e-01,-3.524815917645187091e-01,2.026892616893560262e-01,7.818311607303237709e-01,-2.514691646380722845e-01,5.903469748212704094e-01,-1.044388418216373182e+00,2.584118987276698975e-01
1.187499999999999944e-01,9.567586992333982909e-01,-3.518487507460507646e-01,2.023290959297291691e-01,7.810460295319692214e-01,-2.510149378947769128e-01,5.870944726945321879e-01,-1.037223134025408999e+00,2.572321841056864344e-01
1.218749999999999972e-01,9.556601592369227127e-01,-3.512170342542910162e-01,2.019695644103995658e-01,7.802623165218236512e-01,-2.505615239430409869e-01,5.838642668606450759e-01,-1.030118688177036779e+00,2.560587158744244696e-01
1.250000000000000000e-01,9.545635915999899357e-01,-3.505864403089786752e-01,2.016106660179560195e-01,7.794800191621740204e-01,-2.501089213364878772e-01,5.806561681581275947e-01,-1.023074468505854817e+00,2.548914540008724305e-01
1.281249999999999889e-01,9.534689928177316753e-01,-3.499569669333292832e-01,2.012523996411008376e-01,7.786991349198234547e-01,-2.496571286313030436e-01,5.774699893275784257e-01,-1.016089869830894665e+00,2.537303587648016001e-01
1.312500000000000056e-01,9.523763593914521541e-01,-3.493286121540277178e-01,2.008947641706429199e-01,7.779196612660825849e-01,-2.492061443862294834e-01,5.743055449899884257e-01,-1.009164293867866657e+00,2.525753907558684896e-01
1.343750000000000222e-01,9.512856878286165552e-01,-3.487013740012219198e-01,2.005377584994912088e-01,7.771415956767623312e-01,-2.487559671625631796e-01,5.711626516253234254e-01,-1.002297149142598709e+00,2.514265108707470775e-01
1.375000000000000111e-01,9.501969746428404751e-01,-3.480752505085161208e-01,2.001813815226480275e-01,7.763649356321653539e-01,-2.483065955241485212e-01,5.680411275513767011e-01,-9.954878509056519498e-01,2.502836803102918561e-01
1.406250000000000000e-01,9.491102163538789327e-01,-3.474502397129644038e-01,1.998256321372026134e-01,7.755896786170785040e-01,-2.478580280373738065e-01,5.649407929028859021e-01,-9.887358210480945431e-01,2.491468605767307720e-01
1.437500000000000167e-01,9.480254094876161552e-01,-3.468263396550643196e-01,1.994705092423245119e-01,7.748158221207646079e-01,-2.474102632711665528e-01,5.618614696109114348e-01,-9.820404880184191443e-01,2.480160134708877251e-01
1.468750000000000333e-01,9.469425505760541428e-01,-3.462035483787501700e-01,1.991160117392572482e-01,7.740433636369546955e-01,-2.469632997969891386e-01,5.588029813824734182e-01,-9.754012867405852383e-01,2.468911010894343783e-01
1.500000000000000222e-01,9.458616361573023434e-01,-3.455818639313866791e-01,1.987621385313118327e-01,7.732723006638397845e-01,-2.465171361888341961e-01,5.557651536804418813e-01,-9.688176585331709223e-01,2.457720858221708327e-01
1.531250000000000111e-01,9.447826627755667728e-01,-3.449612843637623882e-01,1.984088885238605160e-01,7.725026307040635531e-01,-2.460717710232200595e-01,5.527478137036786476e-01,-9.622890510296180366e-01,2.446589303493350021e-01
1.562500000000000000e-01,9.437056269811394671e-01,-3.443418077300835489e-01,1.980562606243304047e-01,7.717343512647140136e-01,-2.456272028791863515e-01,5.497507903674266894e-01,-9.558149180995547667e-01,2.435515976389401593e-01
1.593749999999999889e-01,9.426305253303877141e-01,-3.437234320879672955e-01,1.977042537421973278e-01,7.709674598573155180e-01,-2.451834303382894320e-01,5.467739142839436184e-01,-9.493947197711803954e-01,2.424500509441405161e-01
1.625000000000000056e-01,9.415573543857432837e-01,-3.431061554984355944e-01,1.973528667889795918e-01,7.702019539978214313e-01,-2.447404519845978454e-01,5.438170177433759855e-01,-9.430279221546954416e-01,2.413542538006241411e-01
1.656250000000000222e-01,9.404861107156923250e-01,-3.424899760259086934e-01,1.970020986782318184e-01,7.694378312066058045e-01,-2.442982664046880192e-01,5.408799346948711673e-01,-9.367139973667649722e-01,2.402641700240335798e-01
1.687500000000000111e-01,9.394167908947640422e-01,-3.418748917381987384e-01,1.966519483255388945e-01,7.686750890084559362e-01,-2.438568721876395728e-01,5.379625007279241755e-01,-9.304524234559964357e-01,2.391797637074130900e-01
1.718750000000000000e-01,9.383493915035203692e-01,-3.412609007065036670e-01,1.963024146485099208e-01,7.679137249325640457e-01,-2.434162679250310435e-01,5.350645530539553940e-01,-9.242426843294203609e-01,2.381009992186825797e-01
1.750000000000000167e-01,9.372839091285458668e-01,-3.406480010054005469e-01,1.959534965667722450e-01,7.671537365125198349e-01,-2.429764522109352787e-01,5.321859304881163544e-01,-9.180842696799585978e-01,2.370278411981380784e-01
1.781250000000000333e-01,9.362203403624362874e-01,-3.400361907128396366e-01,1.956051930019654106e-01,7.663951212863029383e-01,-2.425374236419151341e-01,5.293264734313211095e-01,-9.119766749148646712e-01,2.359602545559779663e-01
1.812500000000000222e-01,9.351586818037888049e-01,-3.394254679101377792e-01,1.952575028777354116e-01,7.656378767962745968e-01,-2.420991808170189219e-01,5.264860238524994296e-01,-9.059194010851246981e-01,2.348982044698552929e-01
1.843750000000000111e-01,9.340989300571912457e-01,-3.388158306819724075e-01,1.949104251197286974e-01,7.648820005891699969e-01,-2.416617223377760526e-01,5.236644252710692671e-01,-8.999119548158022175e-01,2.338416563824551042e-01
1.875000000000000000e-01,9.330410817332114304e-01,-3.382072771163751046e-01,1.945639586555863998e-01,7.641274902160909432e-01,-2.412250468081925669e-01,5.208615227396253822e-01,-8.939538482373160511e-01,2.327905759990972490e-01
1.906249999999999889e-01,9.319851334483869598e-01,-3.375998053047256087e-01,1.942181024149386148e-01,7.633743432324978651e-01,-2.407891528347467502e-01,5.180771628268412421e-01,-8.880445989176356525e-01,2.317449292853638321e-01
1.937500000000000056e-01,9.309310818252146680e-01,-3.369934133417452626e-01,1.938728553293986023e-01,7.626225571982019336e-01,-2.403540390263847193e-01,5.153111936005814187e-01,-8.821837297953819546e-01,2.307046824647514260e-01
1.968750000000000222e-01,9.298789234921400748e-01,-3.363880993254911855e-01,1.935282163325571514e-01,7.618721296773576235e-01,-2.399197039945160925e-01,5.125634646112217085e-01,-8.763707691138216127e-01,2.296698020163473741e-01
2.000000000000000111e-01,9.288286550835470612e-01,-3.357838613573499442e-01,1.931841843599769182e-01,7.611230582384547194e-01,-2.394861463530094936e-01,5.098338268751743119e-01,-8.706052503557385469e-01,2.286402546725302409e-01
2.031250000000000000e-01,9.277802732397475438e-01,-3.351806975420312251e-01,1.928407583491868471e-01,7.603753404543110994e-01,-2.390533647181882493e-01,5.071221328586145161e-01,-8.648867121791747881e-01,2.276160074166937997e-01
2.062500000000000167e-01,9.267337746069711502e-01,-3.345786059875621166e-01,1.924979372396766197e-01,7.596289739020646303e-01,-2.386213577088259485e-01,5.044282364614075531e-01,-8.592146983540243088e-01,2.265970274809947504e-01
2.093750000000000333e-01,9.256891558373544493e-01,-3.339775848052805030e-01,1.921557199728911036e-01,7.588839561631657293e-01,-2.381901239461422237e-01,5.017519930012322993e-01,-8.535887576994700687e-01,2.255832823441233648e-01
2.125000000000000222e-01,9.246464135889311819e-01,-3.333776321098294027e-01,1.918141054922249122e-01,7.581402848233697034e-01,-2.377596620537982541e-01,4.990932591978983202e-01,-8.480084440222513953e-01,2.245747397290971670e-01
2.156250000000000111e-01,9.236055445256214913e-01,-3.327787460191505842e-01,1.914730927430169372e-01,7.573979574727291997e-01,-2.373299706578924639e-01,4.964518931578557615e-01,-8.424733160557491551e-01,2.235713676010772921e-01
2.187500000000000000e-01,9.225665453172220420e-01,-3.321809246544786265e-01,1.911326806725450189e-01,7.566569717055862121e-01,-2.369010483869562478e-01,4.938277543588933116e-01,-8.369829373998792788e-01,2.225731341652071871e-01
2.218749999999999889e-01,9.215294126393951402e-01,-3.315841661403348128e-01,1.907928682300204792e-01,7.559173251205650867e-01,-2.364728938719495854e-01,4.912207036350232925e-01,-8.315368764617804276e-01,2.215800078644735160e-01
2.250000000000000056e-01,9.204941431736592961e-01,-3.309884686045211910e-01,1.904536543665829029e-01,7.551790153205644174e-01,-2.360455057462567119e-01,4.886306031615507695e-01,-8.261347063972867000e-01,2.205919573775887710e-01
2.281250000000000222e-01,9.194607336073781223e-01,-3.303938301781144116e-01,1.901150380352948643e-01,7.544420399127498289e-01,-2.356188826456818153e-01,4.860573164403242941e-01,-8.207760050531727192e-01,2.196089516168958922e-01
2.312500000000000111e-01,9.184291806337506747e-01,-3.298002489954598992e-01,1.897770181911365983e-01,7.537063965085463169e-01,-2.351930232084447903e-01,4.835007082851659477e-01,-8.154603549101615556e-01,2.186309597262937887e-01
2.343750000000000000e-01,9.173994809518010163e-01,-3.292077231941656912e-01,1.894395937910008376e-01,7.529720827236305869e-01,-2.347679260751769081e-01,4.809606448074783547e-01,-8.101873430266832710e-01,2.176579510791845362e-01
2.375000000000000167e-01,9.163716312663682251e-01,-3.286162509150966082e-01,1.891027637936876504e-01,7.522390961779235052e-01,-2.343435898889164870e-01,4.784369934020262227e-01,-8.049565609833746471e-01,2.166898952764409192e-01
2.406250000000000333e-01,9.153456282880960693e-01,-3.280258303023682598e-01,1.887665271598993888e-01,7.515074344955827712e-01,-2.339200132951047006e-01,4.759296227328902451e-01,-7.997676048283087757e-01,2.157267621443952621e-01
2.437500000000000222e-01,9.143214687334226820e-01,-3.274364595033409375e-01,1.884308828522353874e-01,7.507770953049954787e-01,-2.334971949415811932e-01,4.734384027195909228e-01,-7.946200750229448495e-01,2.147685217328481333e-01
2.468750000000000111e-01,9.132991493245707915e-01,-3.268481366686141198e-01,1.880958298351871061e-01,7.500480762387703448e-01,-2.330751334785799433e-01,4.709632045233804187e-01,-7.895135763887876079e-01,2.138151443130976159e-01
2.500000000000000000e-01,9.122786667895376178e-01,-3.262608599520200880e-01,1.877613670751330233e-01,7.493203749337303821e-01,-2.326538275587249349e-01,4.685039005336997797e-01,-7.844477180547461126e-01,2.128666003759884240e-01
2.531249999999999889e-01,9.112600178620842151e-01,-3.256746275106183197e-01,1.874274935403335840e-01,7.485939890309053490e-01,-2.322332758370259653e-01,4.660603643547994168e-01,-7.794221134051836364e-01,2.119228606299807527e-01
2.562499999999999778e-01,9.102431992817260342e-01,-3.250894375046895490e-01,1.870942082009263985e-01,7.478689161755245340e-01,-2.318134769708743159e-01,4.636324707925215671e-01,-7.744363800286460098e-01,2.109838959992386964e-01
2.593750000000000222e-01,9.092282077937227092e-01,-3.245052880977298826e-01,1.867615100289211350e-01,7.471451540170090944e-01,-2.313944296200386441e-01,4.612200958412410179e-01,-7.694901396672620963e-01,2.100496776217380124e-01
2.625000000000000111e-01,9.082150401490678426e-01,-3.239221774564450262e-01,1.864293979981947735e-01,7.464227002089646179e-01,-2.309761324466606536e-01,4.588231166709637043e-01,-7.645830181668049619e-01,2.091201768473929246e-01
2.656250000000000000e-01,9.072036931044789032e-01,-3.233401037507444009e-01,1.860978710844866935e-01,7.457015524091737957e-01,-2.305585841152509585e-01,4.564414116145796285e-01,-7.597146454274044114e-01,2.081953652362016904e-01
2.687500000000000444e-01,9.061941634223875663e-01,-3.227590651537352029e-01,1.857669282653937881e-01,7.449817082795893164e-01,-2.301417832926848095e-01,4.540748601552694885e-01,-7.548846553549034555e-01,2.072752145564111526e-01
2.718750000000000333e-01,9.051864478709296113e-01,-3.221790598417169083e-01,1.854365685203658021e-01,7.442631654863257618e-01,-2.297257286481979854e-01,4.517233429140619094e-01,-7.500926858128480479e-01,2.063596967826993589e-01
2.750000000000000222e-01,9.041805432239348184e-01,-3.216000859941753331e-01,1.851067908307004739e-01,7.435459216996530563e-01,-2.293104188533825194e-01,4.493867416375398882e-01,-7.453383785751012125e-01,2.054487840943766963e-01
2.781250000000000111e-01,9.031764462609170874e-01,-3.210221417937766941e-01,1.847775941795388177e-01,7.428299745939884735e-01,-2.288958525821825907e-01,4.470649391856939547e-01,-7.406213792790744543e-01,2.045424488736049540e-01
2.812500000000000000e-01,9.021741537670645572e-01,-3.204452254263621680e-01,1.844489775518604324e-01,7.421153218478896418e-01,-2.284820285108902782e-01,4.447578195199213269e-01,-7.359413373795659075e-01,2.036406637036342893e-01
2.843750000000000444e-01,9.011736625332295025e-01,-3.198693350809418967e-01,1.841209399344788666e-01,7.414019611440471058e-01,-2.280689453181414250e-01,4.424652676911676186e-01,-7.312979061031982253e-01,2.027434013670577628e-01
2.875000000000000333e-01,9.001749693559190080e-01,-3.192944689496894917e-01,1.837934803160369279e-01,7.406898901692768877e-01,-2.276566016849115026e-01,4.401871698282104894e-01,-7.266907424034469987e-01,2.018506348440833598e-01
2.906250000000000222e-01,8.991780710372841989e-01,-3.187206252279361496e-01,1.834665976870021031e-01,7.399791066145134932e-01,-2.272449962945115032e-01,4.379234131260826279e-01,-7.221195069162514857e-01,2.009623373108232469e-01
2.937500000000000666e-01,8.981829643851112488e-01,-3.181478021141648793e-01,1.831402910396619510e-01,7.392696081748024728e-01,-2.268341278325836097e-01,4.356738858346325127e-01,-7.175838639162003263e-01,2.000784821376000722e-01
2.968750000000000555e-01,8.971896462128108318e-01,-3.175759978100051728e-01,1.828145593681196057e-01,7.385613925492928722e-01,-2.264239949870973101e-01,4.334384772472218428e-01,-7.130834812732834704e-01,1.991990428872702779e-01
3.000000000000000444e-01,8.961981133394087973e-01,-3.170052105202270099e-01,1.824894016682892250e-01,7.378544574412303492e-01,-2.260145964483450953e-01,4.312170776895562496e-01,-7.086180304102023264e-01,1.983239933135637623e-01
3.031250000000000333e-01,8.952083625895362884e-01,-3.164354384527353070e-01,1.821648169378914384e-01,7.371488005579498459e-01,-2.256059309089384346e-01,4.290095785086491809e-01,-7.041871862602316900e-01,1.974533073594403887e-01
3.062500000000000222e-01,8.942203907934196394e-01,-3.158666798185643110e-01,1.818408041764490168e-01,7.364444196108680396e-01,-2.251979970638035566e-01,4.268158720619167346e-01,-6.997906272256242399e-01,1.965869591554625651e-01
3.093750000000000111e-01,8.932341947868709386e-01,-3.152989328318718809e-01,1.815173623852822937e-01,7.357413123154766810e-01,-2.247907936101775084e-01,4.246358517064011129e-01,-6.954280351365506041e-01,1.957249230181841160e-01
3.125000000000000000e-01,8.922497714112781475e-01,-3.147321957099340484e-01,1.811944905675048345e-01,7.350394763913347118e-01,-2.243843192476039083e-01,4.224694117881220290e-01,-6.910990952105682261e-01,1.948671734485549756e-01
3.156249999999999889e-01,8.912671175135953305e-01,-3.141664666731393551e-01,1.808721877280190515e-01,7.343389095620616036e-01,-2.239785726779289221e-01,4.203164476315536247e-01,-6.868034960126110366e-01,1.940136851303417287e-01
3.187499999999999778e-01,8.902862299463329965e-01,-3.136017439449830246e-01,1.805504528735118464e-01,7.336396095553300301e-01,-2.235735526052972100e-01,4.181768555292258993e-01,-6.825409294154928252e-01,1.931644329285637507e-01
3.218750000000000222e-01,8.893071055675484393e-01,-3.130380257520617993e-01,1.802292850124502244e-01,7.329415741028583176e-01,-2.231692577361478191e-01,4.160505327314484858e-01,-6.783110905609173180e-01,1.923193918879447517e-01
3.250000000000000111e-01,8.883297412408359683e-01,-3.124753103240681118e-01,1.799086831550770760e-01,7.322448009404038949e-01,-2.227656867792101036e-01,4.139373774361559399e-01,-6.741136778209881886e-01,1.914785372313795309e-01
3.281250000000000000e-01,8.873541338353172492e-01,-3.119135958937845898e-01,1.795886463134068467e-01,7.315492878077558547e-01,-2.223628384454996720e-01,4.118372887788718240e-01,-6.699483927602117861e-01,1.906418443584159683e-01
3.312500000000000444e-01,8.863802802256316449e-01,-3.113528806970786711e-01,1.792691735012212628e-01,7.308550324487274041e-01,-2.219607114483144183e-01,4.097501668227914173e-01,-6.658149400979856969e-01,1.898092888437517001e-01
3.343750000000000333e-01,8.854081772919266680e-01,-3.107931629728968304e-01,1.789502637340651958e-01,7.301620326111496473e-01,-2.215593045032303310e-01,4.076759125489808344e-01,-6.617130276715675885e-01,1.889808464357459472e-01
3.375000000000000222e-01,8.844378219198485436e-01,-3.102344409632592503e-01,1.786319160292423602e-01,7.294702860468637029e-01,-2.211586163280975792e-01,4.056144278466905506e-01,-6.576423663995154545e-01,1.881564930549453896e-01
3.406250000000000111e-01,8.834692110005318844e-01,-3.096767129132543261e-01,1.783141294058112059e-01,7.287797905117137098e-01,-2.207586456430364608e-01,4.035656155037831150e-01,-6.536026702455951520e-01,1.873362047926249996e-01
3.437500000000000000e-01,8.825023414305910308e-01,-3.091199770710332251e-01,1.779969028845807266e-01,7.280905437655401657e-01,-2.203593911704333497e-01,4.015293791972727178e-01,-6.495936561831481271e-01,1.865199579093428373e-01
3.468750000000000444e-01,8.815372101121099480e-01,-3.085642316878041691e-01,1.776802354881063806e-01,7.274025435721723776e-01,-2.199608516349367271e-01,3.995056234839751697e-01,-6.456150441599115553e-01,1.857077288335090837e-01
3.500000000000000333e-01,8.805738139526326780e-01,-3.080094750178273277e-01,1.773641262406858710e-01,7.267157876994219112e-01,-2.195630257634530735e-01,3.974942537912674601e-01,-6.416665570632874571e-01,1.848994941599690633e-01
3.531250000000000222e-01,8.796121498651543469e-01,-3.074557053184092115e-01,1.770485741683552328e-01,7.260302739190747090e-01,-2.191659122851430663e-01,3.954951764079548959e-01,-6.377479206860515726e-01,1.840952306485999224e-01
3.562500000000000666e-01,8.786522147681106176e-01,-3.069029208498972316e-01,1.767335782988846415e-01,7.253460000068849833e-01,-2.187695099314173885e-01,3.935082984752447666e-01,-6.338588636924985531e-01,1.832949152229212675e-01
3.593750000000000555e-01,8.776940055853693634e-01,-3.063511198756742049e-01,1.764191376617743889e-01,7.246629637425677783e-01,-2.183738174359328432e-01,3.915335279778255351e-01,-6.299991175850165881e-01,1.824985249687189892e-01
3.625000000000000444e-01,8.767375192462203426e-01,-3.058003006621533015e-01,1.761052512882510246e-01,7.239811629097916423e-01,-2.179788335345884120e-01,3.895707737350488364e-01,-6.261684166710844712e-01,1.817060371326827128e-01
3.656250000000000333e-01,8.757827526853663169e-01,-3.052504614787721615e-01,1.757919182112631096e-01,7.233005952961722995e-01,-2.175845569655211753e-01,3.876199453922152260e-01,-6.223664980306876648e-01,1.809174291210562391e-01
3.687500000000000222e-01,8.748297028429129485e-01,-3.047016005979879538e-01,1.754791374654774971e-01,7.226212586932648785e-01,-2.171909864691024539e-01,3.856809534119601812e-01,-6.185931014841452580e-01,1.801326784983013629e-01
3.718750000000000111e-01,8.738783666643601400e-01,-3.041537162952717699e-01,1.751669080872751971e-01,7.219431508965579170e-01,-2.167981207879337846e-01,3.837537090657401895e-01,-6.148479695603443762e-01,1.793517629857742934e-01
3.750000000000000000e-01,8.729287411005921538e-01,-3.036068068491033500e-01,1.748552291147475735e-01,7.212662697054653682e-01,-2.164059586668430901e-01,3.818381244254178686e-01,-6.111308474653747158e-01,1.785746604604151466e-01
3.781249999999999889e-01,8.719808231078679528e-01,-3.030608705409656434e-01,1.745440995876924306e-01,7.205906129233202728e-01,-2.160144988528805987e-01,3.799341123549439536e-01,-6.074414830515590946e-01,1.778013489534499281e-01
3.812499999999999778e-01,8.710346096478127631e-01,-3.025159056553397563e-01,1.742335185476100445e-01,7.199161783573678752e-01,-2.156237400953149308e-01,3.780415865021358179e-01,-6.037796267868738020e-01,1.770318066491051168e-01
3.843750000000000222e-01,8.700900976874076376e-01,-3.019719104796992348e-01,1.739234850376993879e-01,7.192429638187581853e-01,-2.152336811456292687e-01,3.761604612905508627e-01,-6.001450317247536415e-01,1.762660118833345724e-01
3.875000000000000111e-01,8.691472841989809073e-01,-3.014288833045051796e-01,1.736139981028543278e-01,7.185709671225394279e-01,-2.148443207575174430e-01,3.742906519114536090e-01,-5.965374534742777790e-01,1.755039431425588492e-01
3.906250000000000000e-01,8.682061661601985225e-01,-3.008868224232005839e-01,1.733050567896596283e-01,7.179001860876513819e-01,-2.144556576868798525e-01,3.724320743158753277e-01,-5.929566501707278503e-01,1.747455790624163063e-01
3.937500000000000444e-01,8.672667405540545049e-01,-3.003457261322053373e-01,1.729966601463873987e-01,7.172306185369178300e-01,-2.140676906918197453e-01,3.705846452067652064e-01,-5.894023824465176586e-01,1.739908984265266523e-01
3.968750000000000333e-01,8.663290043688621767e-01,-2.998055927309108415e-01,1.726888072229931237e-01,7.165622622970402311e-01,-2.136804185326392491e-01,3.687482820312319443e-01,-5.858744134024863603e-01,1.732398801652658971e-01
4.000000000000000222e-01,8.653929545982447236e-01,-2.992664205216747364e-01,1.723814970711119443e-01,7.158951151985906147e-01,-2.132938399718354860e-01,3.669229029728740543e-01,-5.823725085795511403e-01,1.724925033545534059e-01
4.031250000000000111e-01,8.644585882411254252e-01,-2.987282078098156268e-01,1.720747287440550222e-01,7.152291750760048084e-01,-2.129079537740966588e-01,3.651084269441985941e-01,-5.788964359307146035e-01,1.717487472146503324e-01
4.062500000000000000e-01,8.635259023017193281e-01,-2.981909529036079753e-01,1.717685012968057090e-01,7.145644397675755544e-01,-2.125227587062982759e-01,3.633047735791265498e-01,-5.754459657934226646e-01,1.710085911089695987e-01
4.093750000000000444e-01,8.625948937895229207e-01,-2.976546541142768287e-01,1.714628137860158275e-01,7.139009071154457375e-01,-2.121382535374991274e-01,3.615118632255843734e-01,-5.720208708622667171e-01,1.702720145428973098e-01
4.125000000000000333e-01,8.616655597193061400e-01,-2.971193097559926000e-01,1.711576652700021739e-01,7.132385749656015017e-01,-2.117544370389376762e-01,3.597296169381801190e-01,-5.686209261620273070e-01,1.695389971626252157e-01
4.156250000000000222e-01,8.607378971111021571e-01,-2.965849181458657391e-01,1.708530548087426326e-01,7.125774411678653664e-01,-2.113713079840278675e-01,3.579579564709630124e-01,-5.652459090210532056e-01,1.688095187539945807e-01
4.187500000000000666e-01,8.598119029901986066e-01,-2.960514776039417373e-01,1.705489814638726509e-01,7.119175035758896763e-01,-2.109888651483555477e-01,3.561968042702661763e-01,-5.618955990449717719e-01,1.680835592413507107e-01
4.218750000000000555e-01,8.588875743871284829e-01,-2.955189864531960753e-01,1.702454442986816030e-01,7.112587600471497185e-01,-2.106071073096746071e-01,3.544460834676307903e-01,-5.585697780907274979e-01,1.673610986864086381e-01
4.250000000000000444e-01,8.579649083376609253e-01,-2.949874430195286168e-01,1.699424423781092097e-01,7.106012084429367270e-01,-2.102260332479029548e-01,3.527057178728107978e-01,-5.552682302409418513e-01,1.666421172871294376e-01
4.281250000000000333e-01,8.570439018827921140e-01,-2.944568456317587790e-01,1.696399747687418469e-01,7.099448466283514447e-01,-2.098456417451189104e-01,3.509756319668573821e-01,-5.519907417785925308e-01,1.659265953766072277e-01
4.312500000000000222e-01,8.561245520687358335e-01,-2.939271926216204811e-01,1.693380405388091314e-01,7.092896724722972390e-01,-2.094659315855572634e-01,3.492557508952819356e-01,-5.487371011620061356e-01,1.652145134219666078e-01
4.343750000000000111e-01,8.552068559469151454e-01,-2.933984823237566486e-01,1.690366387581801744e-01,7.086356838474734410e-01,-2.090869015556054977e-01,3.475460004612968001e-01,-5.455070990001612552e-01,1.645058520232708377e-01
4.375000000000000000e-01,8.542908105739522862e-01,-2.928707130757143839e-01,1.687357684983602502e-01,7.079828786303684618e-01,-2.087085504438000172e-01,3.458463071191326121e-01,-5.423005280282969798e-01,1.638005919124398690e-01
4.406249999999999889e-01,8.533764130116605617e-01,-2.923438832179399149e-01,1.684354288324871052e-01,7.073312547012531315e-01,-2.083308770408222876e-01,3.441565979674316433e-01,-5.391171830838236145e-01,1.630987139521788976e-01
4.437499999999999778e-01,8.524636603270344670e-01,-2.918179910937732102e-01,1.681356188353276271e-01,7.066808099441741486e-01,-2.079538801394950898e-01,3.424768007427154703e-01,-5.359568610825302670e-01,1.624001991349170448e-01
4.468750000000000222e-01,8.515525495922413590e-01,-2.912930350494430387e-01,1.678363375832741811e-01,7.060315422469474189e-01,-2.075775585347787167e-01,3.408068438129270294e-01,-5.328193609950869769e-01,1.617050285817557276e-01
4.500000000000000111e-01,8.506430778846120200e-01,-2.907690134340620292e-01,1.675375841543412514e-01,7.053834495011509498e-01,-2.072019110237672546e-01,3.391466561710456129e-01,-5.297044838238363917e-01,1.610131835414272961e-01
4.531250000000000000e-01,8.497352422866317756e-01,-2.902459245996214521e-01,1.672393576281619720e-01,7.047365296021188552e-01,-2.068269364056846971e-01,3.374961674287733637e-01,-5.266120325798713253e-01,1.603246453892630263e-01
4.562500000000000444e-01,8.488290398859313912e-01,-2.897237669009861127e-01,1.669416570859847126e-01,7.040907804489340283e-01,-2.064526334818813091e-01,3.358553078102936573e-01,-5.235418122603944235e-01,1.596393956261712710e-01
4.593750000000000333e-01,8.479244677752783010e-01,-2.892025386958894662e-01,1.666444816106696092e-01,7.034461999444220348e-01,-2.060790010558297969e-01,3.342240081460994827e-01,-5.204936298263569405e-01,1.589574158776247692e-01
4.625000000000000222e-01,8.470215230525675043e-01,-2.886822383449285101e-01,1.663478302866851777e-01,7.028027859951441192e-01,-2.057060379331215327e-01,3.326021998668913793e-01,-5.174672941803709625e-01,1.582786878926576157e-01
4.656250000000000111e-01,8.461202028208126835e-01,-2.881628642115587891e-01,1.660517022001049559e-01,7.021605365113910979e-01,-2.053337429214629195e-01,3.309898149975436521e-01,-5.144626161448943025e-01,1.576031935428716113e-01
4.687500000000000000e-01,8.452205041881372116e-01,-2.876444146620892872e-01,1.657560964386041169e-01,7.015194494071759213e-01,-2.049621148306716156e-01,3.293867861511388662e-01,-5.114794084406821817e-01,1.569309148214518834e-01
4.718750000000000444e-01,8.443224242677652702e-01,-2.871268880656775990e-01,1.654610120914561111e-01,7.008795226002277889e-01,-2.045911524726726771e-01,3.277930465230688428e-01,-5.085174856655023667e-01,1.562618338421915831e-01
4.750000000000000333e-01,8.434259601780131899e-01,-2.866102827943248221e-01,1.651664482495293074e-01,7.002407540119854890e-01,-2.042208546614950326e-01,3.262085298852020476e-01,-5.055766642731122085e-01,1.555959328385258522e-01
4.781250000000000222e-01,8.425311090422801241e-01,-2.860945972228705614e-01,1.648724040052836903e-01,6.996031415675905141e-01,-2.038512202132677087e-01,3.246331705801158707e-01,-5.026567625524914762e-01,1.549331941625744780e-01
4.812500000000000666e-01,8.416378679890396119e-01,-2.855798297289879883e-01,1.645788784527675852e-01,6.989666831958806226e-01,-2.034822479462159717e-01,3.230669035153940216e-01,-4.997576006073294885e-01,1.542736002841938459e-01
4.843750000000000555e-01,8.407462341518302518e-01,-2.850659786931789563e-01,1.642858706876142716e-01,6.983313768293835100e-01,-2.031139366806578861e-01,3.215096641579870962e-01,-4.968790003357630436e-01,1.536171337900373857e-01
4.875000000000000444e-01,8.398562046692475969e-01,-2.845530424987690044e-01,1.639933798070388193e-01,6.976972204043100367e-01,-2.027462852390004011e-01,3.199613885286360926e-01,-4.940207854103603191e-01,1.529637773826247049e-01
4.906250000000000333e-01,8.389677766849343854e-01,-2.840410195319023612e-01,1.637014049098347024e-01,6.970642118605477888e-01,-2.023792924457357700e-01,3.184220131963587108e-01,-4.911827812583495767e-01,1.523135138794196319e-01
4.937500000000000222e-01,8.380809473475727689e-01,-2.835299081815370603e-01,1.634099450963706068e-01,6.964323491416545275e-01,-2.020129571274378588e-01,3.168914752729961593e-01,-4.883648150420881739e-01,1.516663262119165023e-01
4.968750000000000111e-01,8.371957138108746532e-01,-2.830197068394400550e-01,1.631189994685872668e-01,6.958016301948517501e-01,-2.016472781127583991e-01,3.153697124078214675e-01,-4.855667156397689976e-01,1.510221974247349663e-01
5.000000000000000000e-01,8.363120732335734830e-01,-2.825104139001822223e-01,1.628285671299940784e-01,6.951720529710182506e-01,-2.012822542324234631e-01,3.138566627822069743e-01,-4.827883136263613761e-01,1.503811106747231785e-01
5.031250000000000444e-01,8.354300227794150269e-01,-2.820020277611336446e-01,1.625386471856660464e-01,6.945436154246834581e-01,-2.009178843192296893e-01,3.123522651043517673e-01,-4.800294412547831957e-01,1.497430492300693139e-01
5.062500000000000888e-01,8.345495596171493835e-01,-2.814945468224584468e-01,1.622492387422405091e-01,6.939163155140209982e-01,-2.005541672080405902e-01,3.108564586040669098e-01,-4.772899324373013896e-01,1.491079964694210780e-01
5.093750000000001332e-01,8.336706809205213231e-01,-2.809879694871101896e-01,1.619603409079139189e-01,6.932901512008426970e-01,-2.001911017357830835e-01,3.093691830276188992e-01,-4.745696227271577472e-01,1.484759358810134600e-01
5.125000000000000666e-01,8.327933838682622936e-01,-2.804822941608269282e-01,1.616719527924388167e-01,6.926651204505913650e-01,-1.998286867414436896e-01,3.078903786326299685e-01,-4.718683493004171559e-01,1.478468510618044796e-01
5.156250000000000000e-01,8.319176656440813167e-01,-2.799775192521261058e-01,1.613840735071205290e-01,6.920412212323348022e-01,-1.994669210660649228e-01,3.064199861830348426e-01,-4.691859509380347237e-01,1.472207257166187611e-01
5.187500000000000444e-01,8.310435234366565505e-01,-2.794736431723001679e-01,1.610967021648141151e-01,6.914184515187596913e-01,-1.991058035527417114e-01,3.049579469440932278e-01,-4.665222680081402284e-01,1.465975436572990731e-01
5.218750000000000888e-01,8.301709544396265184e-01,-2.789706643354112892e-01,1.608098378799211747e-01,6.907968092861644926e-01,-1.987453330466177615e-01,3.035042026774572577e-01,-4.638771424485363948e-01,1.459772888018656400e-01
5.250000000000000222e-01,8.292999558515814496e-01,-2.784685811582868209e-01,1.605234797683867953e-01,6.901762925144534488e-01,-1.983855083948818931e-01,3.020586956362935060e-01,-4.612504177494074487e-01,1.453599451736829473e-01
5.281249999999999556e-01,8.284305248760547302e-01,-2.779673920605143511e-01,1.602376269476964710e-01,6.895568991871302567e-01,-1.980263284467645435e-01,3.006213685604582353e-01,-4.586419389362363930e-01,1.447454969006343739e-01
5.312500000000000000e-01,8.275626587215141328e-01,-2.774670954644368193e-01,1.599522785368728550e-01,6.889386272912916276e-01,-1.976677920535340194e-01,2.991921646717261574e-01,-4.560515525529278413e-01,1.441339282143042355e-01
5.343750000000000444e-01,8.266963546013533781e-01,-2.769676897951480754e-01,1.596674336564729291e-01,6.883214748176206266e-01,-1.973098980684930281e-01,2.977710276690715419e-01,-4.534791066451337449e-01,1.435252234491673218e-01
5.374999999999999778e-01,8.258316097338834760e-01,-2.764691734804876067e-01,1.593830914285846723e-01,6.877054397603807878e-01,-1.969526453469750138e-01,2.963579017240011160e-01,-4.509244507437794591e-01,1.429193670417858164e-01
5.406249999999999112e-01,8.249684213423241763e-01,-2.759715449510360408e-01,1.590992509768242857e-01,6.870905201174095644e-01,-1.965960327463405766e-01,2.949527314759377572e-01,-4.483874358487869860e-01,1.423163435300133228e-01
5.437499999999999556e-01,8.241067866547953091e-01,-2.754748026401103722e-01,1.588159114263328897e-01,6.864767138901117782e-01,-1.962400591259739757e-01,2.935554620276552562e-01,-4.458679144129937821e-01,1.417161375522064670e-01
5.468750000000000000e-01,8.232467029043083473e-01,-2.749789449837590771e-01,1.585330719037736646e-01,6.858640190834538464e-01,-1.958847233472794103e-01,2.921660389407629288e-01,-4.433657403262644681e-01,1.411187338464433561e-01
5.500000000000000444e-01,8.223881673287579686e-01,-2.744839704207575060e-01,1.582507315373287982e-01,6.852524337059568982e-01,-1.955300242736776606e-01,2.907844082312392997e-01,-4.408807688997917751e-01,1.405241172497493085e-01
5.531250000000000888e-01,8.215311771709132849e-01,-2.739898773926031095e-01,1.579688894566964874e-01,6.846419557696907798e-01,-1.951759607706023414e-01,2.894105163650148582e-01,-4.384128568505858414e-01,1.399322726973293018e-01
5.562500000000000222e-01,8.206757296784095157e-01,-2.734966643435104983e-01,1.576875447930878860e-01,6.840325832902678371e-01,-1.948225317054964600e-01,2.880443102536028865e-01,-4.359618622861485826e-01,1.393431852218077194e-01
5.593749999999999556e-01,8.198218221037394393e-01,-2.730043297204070574e-01,1.574066966792242450e-01,6.834243142868363652e-01,-1.944697359478088361e-01,2.866857372497775835e-01,-4.335276446893304714e-01,1.387568399524746754e-01
5.625000000000000000e-01,8.189694517042449551e-01,-2.725128719729279503e-01,1.571263442493337770e-01,6.828171467820745022e-01,-1.941175723689904931e-01,2.853347451432999837e-01,-4.311100649033684507e-01,1.381732221145392514e-01
5.656250000000000444e-01,8.181186157421087568e-01,-2.720222895534115670e-01,1.568464866391489076e-01,6.822110788021840122e-01,-1.937660398424913555e-01,2.839912821566896173e-01,-4.287089851171019816e-01,1.375923170283895047e-01
5.687500000000000888e-01,8.172693114843456730e-01,-2.715325809168948612e-01,1.565671229859030844e-01,6.816061083768841788e-01,-1.934151372437564742e-01,2.826552969410423555e-01,-4.263242688503643407e-01,1.370141101088589441e-01
5.718750000000001332e-01,8.164215362027941181e-01,-2.710437445211084095e-01,1.562882524283281394e-01,6.810022335394052551e-01,-1.930648634502225847e-01,2.813267385718938862e-01,-4.239557809395482213e-01,1.364385868644998334e-01
5.750000000000000666e-01,8.155752871741084320e-01,-2.705557788264721375e-01,1.560098741066510419e-01,6.803994523264822458e-01,-1.927152173413146652e-01,2.800055565451275430e-01,-4.216033875233424211e-01,1.358657328968627953e-01
5.781250000000000000e-01,8.147305616797494432e-01,-2.700686822960902678e-01,1.557319871625912899e-01,6.797977627783491350e-01,-1.923661977984424121e-01,2.786917007729268203e-01,-4.192669560286376162e-01,1.352955338997829660e-01
5.812500000000000444e-01,8.138873570059766971e-01,-2.695824533957468239e-01,1.554545907393577175e-01,6.791971629387322240e-01,-1.920178037049966036e-01,2.773851215797713543e-01,-4.169463551565996684e-01,1.347279756586725885e-01
5.843750000000000888e-01,8.130456704438401294e-01,-2.690970905939010782e-01,1.551776839816459141e-01,6.785976508548442476e-01,-1.916700339463457692e-01,2.760857696984767573e-01,-4.146414548689072999e-01,1.341630440498197963e-01
5.875000000000000222e-01,8.122054992891716285e-01,-2.686125923616827227e-01,1.549012660356350879e-01,6.779992245773779347e-01,-1.913228874098326926e-01,2.747935962662765852e-01,-4.123521263741531939e-01,1.336007250396939183e-01
5.906249999999999556e-01,8.113668408425762646e-01,-2.681289571728874277e-01,1.546253360489853457e-01,6.774018821605001239e-01,-1.909763629847708311e-01,2.735085528209465489e-01,-4.100782421144047452e-01,1.330410046842565031e-01
5.937500000000000000e-01,8.105296924094246291e-01,-2.676461835039719572e-01,1.543498931708346955e-01,6.768056216618454357e-01,-1.906304595624408738e-01,2.722305912969709696e-01,-4.078196757519247928e-01,1.324838691282790026e-01
5.968750000000000444e-01,8.096940512998442863e-01,-2.671642698340498390e-01,1.540749365517964375e-01,6.762104411425099437e-01,-1.902851760360873279e-01,2.709596640217502572e-01,-4.055763021560481740e-01,1.319293046046662032e-01
6.000000000000000888e-01,8.088599148287111129e-01,-2.666832146448866458e-01,1.538004653439560276e-01,6.756163386670457349e-01,-1.899405113009150492e-01,2.696957237118489115e-01,-4.033479973902131532e-01,1.313772974337858446e-01
6.031250000000001332e-01,8.080272803156417494e-01,-2.662030164208952221e-01,1.535264787008685516e-01,6.750233123034539151e-01,-1.895964642540856615e-01,2.684387234692842128e-01,-4.011346386991455626e-01,1.308278340228039294e-01
6.062500000000000666e-01,8.071961450849846065e-01,-2.657236736491315199e-01,1.532529757775556167e-01,6.744313601231791688e-01,-1.892530337947143371e-01,2.671886167778543264e-01,-3.989361044961937108e-01,1.302809008650263056e-01
6.093750000000000000e-01,8.063665064658119830e-01,-2.652451848192894923e-01,1.529799557305027424e-01,6.738404802011032091e-01,-1.889102188238661328e-01,2.659453574995060410e-01,-3.967522743508118954e-01,1.297364845392456889e-01
6.125000000000000444e-01,8.055383617919118500e-01,-2.647675484236969301e-01,1.527074177176565573e-01,6.732506706155390042e-01,-1.885680182445526043e-01,2.647088998707413099e-01,-3.945830289761912413e-01,1.291945717090947909e-01
6.156250000000000888e-01,8.047117084017794131e-01,-2.642907629573108541e-01,1.524353608984219122e-01,6.726619294482243383e-01,-1.882264309617285025e-01,2.634791984990623170e-01,-3.924282502170356457e-01,1.286551491224048882e-01
6.187500000000000222e-01,8.038865436386091190e-01,-2.638148269177126304e-01,1.521637844336591328e-01,6.720742547843163717e-01,-1.878854558822882215e-01,2.622562083594541793e-01,-3.902878210374803869e-01,1.281182036105703859e-01
6.218749999999999556e-01,8.030628648502865508e-01,-2.633397388051039179e-01,1.518926874856813269e-01,6.714876447123849790e-01,-1.875450919150624118e-01,2.610398847909056186e-01,-3.881616255091528966e-01,1.275837220879184331e-01
6.250000000000000000e-01,8.022406693893796570e-01,-2.628654971223016168e-01,1.516220692182515262e-01,6.709020973244067543e-01,-1.872053379708145393e-01,2.598301834929663823e-01,-3.860495487993724772e-01,1.270516915510847833e-01
6.281250000000000444e-01,8.014199546131313134e-01,-2.623921003747338720e-01,1.513519287965800486e-01,6.703176107157594599e-01,-1.868661929622375539e-01,2.586270605223415786e-01,-3.839514771594889075e-01,1.265220990783945121e-01
6.312500000000000888e-01,8.006007178834508853e-01,-2.619195470704351325e-01,1.510822653873216126e-01,6.697341829852153650e-01,-1.865276558039504207e-01,2.574304722895220943e-01,-3.818672979133558854e-01,1.259949318292487019e-01
6.375000000000000666e-01,7.989666680347145000e-01,-2.609769648367880057e-01,1.505443662798691129e-01,6.685704965704655223e-01,-1.858524007063316330e-01,2.550567274283585539e-01,-3.777401711923798477e-01,1.249478220409627888e-01
6.437500000000000444e-01,7.973384988314645705e-01,-2.600377385375939876e-01,1.500083652579182192e-01,6.674110229380043613e-01,-1.851795640333016857e-01,2.527086071431779990e-01,-3.736672882474615376e-01,1.239102610599401577e-01
6.500000000000000222e-01,7.957161893361396343e-01,-2.591018563305025335e-01,1.494742557064311916e-01,6.662557469996132076e-01,-1.845091371708042771e-01,2.503857751186792102e-01,-3.696477851346232635e-01,1.228821490187674975e-01
6.562500000000000000e-01,7.940997186850639045e-01,-2.581693064144358063e-01,1.489420310332223163e-01,6.651046537208158416e-01,-1.838411115352753256e-01,2.480879003887239143e-01,-3.656808140087037251e-01,1.218633872901621756e-01
6.625000000000000888e-01,7.924890660881896975e-01,-2.572400770294457906e-01,1.484116846688723901e-01,6.639577281206878734e-01,-1.831754785735355551e-01,2.458146572367792271e-01,-3.617655427854744588e-01,1.208538784685878886e-01
6.687500000000000666e-01,7.908842108288407502e-01,-2.563141564565724617e-01,1.478832100666438998e-01,6.628149552716682269e-01,-1.825122297626836643e-01,2.435657250984475386e-01,-3.579011548115350605e-01,1.198535263521885302e-01
6.750000000000000444e-01,7.892851322634568678e-01,-2.553915330177022325e-01,1.473566007023965618e-01,6.616763202993690696e-01,-1.818513566099894951e-01,2.413407884660353775e-01,-3.540868485417910660e-01,1.188622359250338240e-01
6.812500000000000222e-01,7.876918098213384622e-01,-2.544721950754270101e-01,1.468318500745035560e-01,6.605418083823886288e-01,-1.811928506527878957e-01,2.391395367951152373e-01,-3.503218372243298018e-01,1.178799133396709886e-01
6.875000000000000000e-01,7.861042230043930878e-01,-2.535561310329038087e-01,1.463089517037683140e-01,6.594114047521226762e-01,-1.805367034583729435e-01,2.369616644130340954e-01,-3.466053485925082445e-01,1.169064658999761225e-01
6.937500000000000888e-01,7.845223513868819776e-01,-2.526433293337145281e-01,1.457878991333416974e-01,6.582850946925783431e-01,-1.798829066238923358e-01,2.348068704293241882e-01,-3.429366245640763089e-01,1.159418020442996161e-01
7.000000000000000666e-01,7.829461746151684665e-01,-2.517337784617270091e-01,1.452686859286397569e-01,6.571628635401873808e-01,-1.792314517762423620e-01,2.326748586479732150e-01,-3.393149209471614247e-01,1.149858313289000150e-01
7.062500000000000444e-01,7.813756724074655269e-01,-2.508274669409557012e-01,1.447513056772619933e-01,6.560446966836208649e-01,-1.785823305719631549e-01,2.305653374815104517e-01,-3.357395071529453157e-01,1.140384644116603369e-01
7.125000000000000222e-01,7.798108245535865235e-01,-2.499243833354235222e-01,1.442357519889101991e-01,6.549305795636041205e-01,-1.779355346971343566e-01,2.284780198668686924e-01,-3.322096659148686126e-01,1.130996130360819307e-01
7.187500000000000000e-01,7.782516109146947469e-01,-2.490245162490238584e-01,1.437220184953075242e-01,6.538204976727322038e-01,-1.772910558672710635e-01,2.264126231829809710e-01,-3.287246930142032619e-01,1.121691900155499799e-01
7.250000000000000888e-01,7.766980114230547239e-01,-2.481278543253832014e-01,1.432100988501184280e-01,6.527144365552869365e-01,-1.766488858272202422e-01,2.243688691700728988e-01,-3.252838970118366868e-01,1.112471092178658749e-01
7.312500000000000666e-01,7.751500060817849702e-01,-2.472343862477243692e-01,1.426999867288687163e-01,6.516123818070530538e-01,-1.760090163510575345e-01,2.223464838506126195e-01,-3.218865989861153243e-01,1.103332855500410298e-01
7.375000000000000444e-01,7.736075749646101896e-01,-2.463441007387299764e-01,1.421916758288663540e-01,6.505143190751364601e-01,-1.753714392419842560e-01,2.203451974518802481e-01,-3.185321322766000440e-01,1.094276349433471185e-01
7.437500000000000222e-01,7.720706982156154696e-01,-2.454569865604065426e-01,1.416851598691224179e-01,6.494202340577822641e-01,-1.747361463322250064e-01,2.183647443301212077e-01,-3.152198422335894534e-01,1.085300743386180822e-01
7.500000000000000000e-01,7.705393560490004790e-01,-2.445730325139492956e-01,1.411804325902728252e-01,6.483301125041935897e-01,-1.741031294829253895e-01,2.164048628962469967e-01,-3.119490859732704791e-01,1.076405216717988556e-01
7.562500000000000888e-01,7.690135287488358840e-01,-2.436922274396069177e-01,1.406774877545003410e-01,6.472439402143513876e-01,-1.734723805840502342e-01,2.144652955430492447e-01,-3.087192321383596672e-01,1.067588958597361498e-01
7.625000000000000666e-01,7.674931966688185447e-01,-2.428145602165475148e-01,1.401763191454570012e-01,6.461617030388348004e-01,-1.728438915542822862e-01,2.125457885738931407e-01,-3.055296606641021984e-01,1.058851167862068510e-01
7.687500000000000444e-01,7.659783402320298196e-01,-2.419400197627243621e-01,1.396769205681869797e-01,6.450833868786411962e-01,-1.722176543409209837e-01,2.106460921328563163e-01,-3.023797625494984431e-01,1.050191052881791764e-01
7.750000000000000222e-01,7.644689399306924260e-01,-2.410685950347425943e-01,1.391792858490500662e-01,6.440089776850085324e-01,-1.715936609197817597e-01,2.087659601362823469e-01,-2.992689396336327690e-01,1.041607831423026070e-01
7.812500000000000000e-01,7.629649763259301887e-01,-2.402002750277261456e-01,1.386834088356451722e-01,6.429384614592370539e-01,-1.709719032950957618e-01,2.069051502057159542e-01,-2.961966043769803658e-01,1.033100730516219312e-01
7.875000000000000888e-01,7.614664300475273429e-01,-2.393350487751853273e-01,1.381892833967346967e-01,6.418718242525118800e-01,-1.703523734994097094e-01,2.050634236021902090e-01,-2.931621796475729069e-01,1.024668986325113634e-01
7.937500000000000666e-01,7.599732817936889484e-01,-2.384729053488847395e-01,1.376969034221690591e-01,6.408090521657265892e-01,-1.697350635934864460e-01,2.032405451618351511e-01,-2.901650985119067494e-01,1.016311844018245314e-01
8.000000000000000444e-01,7.584855123308026359e-01,-2.376138338587116816e-01,1.372062628228115089e-01,6.397501313493069164e-01,-1.691199656662053519e-01,2.014362832327785402e-01,-2.872048040304782113e-01,1.008028557642561412e-01
8.062500000000000222e-01,7.570031024932000197e-01,-2.367578234525451186e-01,1.367173555304636856e-01,6.386950480030357813e-01,-1.685070718344636731e-01,1.996504096133107087e-01,-2.842807490578369567e-01,9.998183899991168466e-02
8.125000000000000000e-01,7.555260331829204423e-01,-2.359048633161250352e-01,1.362301754977912061e-01,6.376437883758777625e-01,-1.678963742430777395e-01,1.978826994912849802e-01,-2.813923960470486874e-01,9.916806125208094125e-02
8.187500000000000888e-01,7.540542853694741643e-01,-2.350549426729221791e-01,1.357447166982499454e-01,6.365963387658059025e-01,-1.672878650646846821e-01,1.961329313847266775e-01,-2.785392168584611139e-01,9.836145051521164029e-02
8.250000000000000666e-01,7.525878400896074405e-01,-2.342080507840084702e-01,1.352609731260124570e-01,6.355526855196271807e-01,-1.666815364996447335e-01,1.944008870836244907e-01,-2.757206925726726210e-01,9.756193562307964584e-02
8.312500000000000444e-01,7.511266784470672642e-01,-2.333641769479277150e-01,1.347789387958948648e-01,6.345128150328099847e-01,-1.660773807759434451e-01,1.926863515928773918e-01,-2.729363133076010972e-01,9.676944623715173777e-02
8.375000000000000222e-01,7.496707816123683310e-01,-2.325233105005667655e-01,1.342986077432841985e-01,6.334767137493118039e-01,-1.654753901490945978e-01,1.909891130763727296e-01,-2.701855780395581164e-01,9.598391283513763028e-02
8.437500000000000000e-01,7.482201308225595593e-01,-2.316854408150272049e-01,1.338199740240659241e-01,6.324443681614073665e-01,-1.648755569020432243e-01,1.893089628021702997e-01,-2.674679944282317701e-01,9.520526669972775857e-02
8.500000000000000888e-01,7.467747073809920533e-01,-2.308505573014974777e-01,1.333430317145520017e-01,6.314157648095176656e-01,-1.642778733450691586e-01,1.876456950887679664e-01,-2.647830786454860585e-01,9.443343990751310035e-02
8.562500000000000666e-01,7.453344926570875106e-01,-2.300186494071254639e-01,1.328677749114091644e-01,6.303908902820388738e-01,-1.636823318156908902e-01,1.859991072524261047e-01,-2.621303552078874666e-01,9.366836531808418742e-02
8.625000000000000444e-01,7.438994680861079623e-01,-2.291897066158913865e-01,1.323941977315876983e-01,6.293697312151733669e-01,-1.630889246785695024e-01,1.843689995555268801e-01,-2.595093568128694628e-01,9.290997656330532428e-02
8.687500000000000222e-01,7.424696151689257340e-01,-2.283637184484813565e-01,1.319222943122503877e-01,6.283522742927591942e-01,-1.624976443254133318e-01,1.827551751559465809e-01,-2.569196241784507118e-01,9.215820803676150197e-02
8.750000000000000000e-01,7.410449154717945186e-01,-2.275406744621612798e-01,1.314520588107018773e-01,6.273385062461025452e-01,-1.619084831748827669e-01,1.811574400574188781e-01,-2.543607058864221226e-01,9.141299488337431556e-02
8.812500000000000888e-01,7.396253506261210031e-01,-2.267205642506510688e-01,1.309834854043185060e-01,6.263284138538085521e-01,-1.613214336724953513e-01,1.795756030608672560e-01,-2.518321582289225757e-01,9.067427298918409595e-02
8.875000000000000666e-01,7.382109023282377169e-01,-2.259033774439995479e-01,1.305165682904782798e-01,6.253219839416144232e-01,-1.607364882905312486e-01,1.780094757166864605e-01,-2.493335450583232527e-01,8.994197897129507790e-02
8.937500000000000444e-01,7.368015523391759913e-01,-2.250891037084596091e-01,1.300513016864912330e-01,6.243192033822221321e-01,-1.601536395279392067e-01,1.764588722779512897e-01,-2.468644376403427987e-01,8.921605016798060672e-02
9.000000000000000222e-01,7.353972824844404732e-01,-2.242777327463638393e-01,1.295876798295301502e-01,6.233200590951323283e-01,-1.595728799102424655e-01,1.749236096545344066e-01,-2.444244145103194044e-01,8.849642462894571904e-02
9.062500000000000000e-01,7.339980746537834166e-01,-2.234692542960005635e-01,1.291256969765616214e-01,6.223245380464779153e-01,-1.589942019894454994e-01,1.734035073681119699e-01,-2.420130613325645608e-01,8.778304110574385033e-02
9.125000000000000888e-01,7.326039108009813061e-01,-2.226636581314904162e-01,1.286653474042772916e-01,6.213326272488596258e-01,-1.584175983439406188e-01,1.718983875080393464e-01,-2.396299707627277398e-01,8.707583904234522665e-02
9.187500000000000666e-01,7.312147729436102583e-01,-2.218609340626633009e-01,1.282066254090256929e-01,6.203443137611809322e-01,-1.578430615784152669e-01,1.704080746880778097e-01,-2.372747423131022215e-01,8.637475856585410949e-02
9.250000000000000444e-01,7.298306431628237556e-01,-2.210610719349355990e-01,1.277495253067439662e-01,6.193595846884840661e-01,-1.572705843237593715e-01,1.689323960039536832e-01,-2.349469822208028469e-01,8.567974047737193788e-02
9.312500000000000222e-01,7.284515036031308233e-01,-2.202640616291881293e-01,1.272940414328903591e-01,6.183784271817864830e-01,-1.567001592369731411e-01,1.674711809917329985e-01,-2.326463033187506357e-01,8.499072624300428591e-02
9.375000000000000000e-01,7.270773364721740961e-01,-2.194698930616442167e-01,1.268401681423766691e-01,6.174008284379181033e-01,-1.561317790010753048e-01,1.660242615869936822e-01,-2.303723249093983516e-01,8.430765798500845787e-02
9.437500000000000888e-01,7.257081240405098832e-01,-2.186785561837483460e-01,1.263878998095011863e-01,6.164267756993589975e-01,-1.555654363250113525e-01,1.645914720847785895e-01,-2.281246726411341186e-01,8.363047847307965299e-02
9.500000000000000666e-01,7.243438486413882327e-01,-2.178900409820453132e-01,1.259372308278817743e-01,6.154562562540772941e-01,-1.550011239435624688e-01,1.631726491003128166e-01,-2.259029783873018893e-01,8.295913111577306320e-02
9.562500000000000444e-01,7.229844926705337738e-01,-2.171043374780595725e-01,1.254881556103894513e-01,6.144892574353684189e-01,-1.544388346172545223e-01,1.617676315304691637e-01,-2.237068801277775631e-01,8.229355995205925312e-02
9.625000000000000222e-01,7.216300385859277799e-01,-2.163214357281750544e-01,1.250406685890820824e-01,6.135257666216944461e-01,-1.538785611322674440e-01,1.603762605159657906e-01,-2.215360218330434117e-01,8.163370964301094879e-02
9.687500000000000000e-01,7.202804689075903433e-01,-2.155413258235156782e-01,1.245947642151384038e-01,6.125657712365234486e-01,-1.533202963003449937e-01,1.589983794042808263e-01,-2.193900533507024131e-01,8.097952546361841808e-02
9.750000000000000888e-01,7.189357662173639918e-01,-2.147639978898258084e-01,1.241504369587923678e-01,6.116092587481708476e-01,-1.527640329587048595e-01,1.576338337132688616e-01,-2.172686302943775127e-01,8.033095329473138868e-02
9.812500000000000666e-01,7.175959131586971962e-01,-2.139894420873515446e-01,1.237076813092677779e-01,6.106562166696399840e-01,-1.522097639699487859e-01,1.562824710954643925e-01,-2.151714139349411858e-01,7.968793961512536661e-02
9.875000000000000444e-01,7.162608924364295415e-01,-2.132176486107220936e-01,1.232664917747131467e-01,6.097066325584636903e-01,-1.516574822219735053e-01,1.549441413030579473e-01,-2.130980710940214851e-01,7.905043149368977395e-02
9.937500000000000222e-01,7.149306868165770101e-01,-2.124486076888318087e-01,1.228268628821368308e-01,6.087604940165468603e-01,-1.511071806278815044e-01,1.536186961535308815e-01,-2.110482740397341128e-01,7.841837658173626824e-02
1.000000000000000000e+00,7.136052791261183748e-01,-2.116823095847224778e-01,1.223887891773424857e-01,6.078177886900087978e-01,-1.505588521258924006e-01,1.523059894959349625e-01,-2.090217003845887822e-01,7.779172310542468993e-02
1.006250000000000089e+00,7.122846522527817026e-01,-2.109187445954659734e-01,1.219522652248648115e-01,6.068785042690267861e-01,-1.500124896792545959e-01,1.510058771778034215e-01,-2.070180329855209889e-01,7.717041985830484785e-02
1.012499999999999956e+00,7.109687891448325248e-01,-2.101579030520476232e-01,1.215172856079054370e-01,6.059426284876796576e-01,-1.494680862761571249e-01,1.497182170126803158e-01,-2.050369598460015652e-01,7.655441619397200526e-02
1.018750000000000044e+00,7.096576728108618948e-01,-2.093997753192493594e-01,1.210838449282691937e-01,6.050101491237923623e-01,-1.489256349296417814e-01,1.484428687482551579e-01,-2.030781740201757779e-01,7.594366201883401279e-02
1.025000000000000133e+00,7.083512863195758902e-01,-2.086443517955340332e-01,1.206519378063006381e-01,6.040810539987812033e-01,-1.483851286775158540e-01,1.471796940350907079e-01,-2.011413735189879759e-01,7.533810778498836735e-02
1.031250000000000000e+00,7.070496127995850033e-01,-2.078916229129295079e-01,1.202215588808207697e-01,6.031553309774987381e-01,-1.478465605822648077e-01,1.459285563959313581e-01,-1.992262612182454651e-01,7.473770448320705972e-02
1.037500000000000089e+00,7.057526354391950862e-01,-2.071415791369134451e-01,1.197927028090640111e-01,6.022329679680801240e-01,-1.473099237309654919e-01,1.446893211955797287e-01,-1.973325447685786160e-01,7.414240363602728201e-02
1.043750000000000178e+00,7.044603374861985179e-01,-2.063942109662983970e-01,1.193653642666155507e-01,6.013139529217897961e-01,-1.467752112351994875e-01,1.434618556113310128e-01,-1.954599365072553219e-01,7.355215729094663479e-02
1.050000000000000044e+00,7.031727022476662592e-01,-2.056495089331173698e-01,1.189395379473488223e-01,6.003982738328682567e-01,-1.462424162309670650e-01,1.422460286039521071e-01,-1.936081533718069514e-01,7.296691801372033603e-02
1.056249999999999911e+00,7.018897130897404635e-01,-2.049074636025096374e-01,1.185152185633632504e-01,5.994859187383800858e-01,-1.457115318786009472e-01,1.410417108891952043e-01,-1.917769168154262183e-01,7.238663888175918271e-02
1.062500000000000000e+00,7.006113534374279750e-01,-2.041680655726070270e-01,1.180924008449222851e-01,5.985768757180619515e-01,-1.451825513626809061e-01,1.398487749098348276e-01,-1.899659527240971368e-01,7.181127347762633617e-02
1.068750000000000089e+00,6.993376067743946045e-01,-2.034313054744206761e-01,1.176710795403916460e-01,5.976711328941711754e-01,-1.446554678919482750e-01,1.386670948082175947e-01,-1.881749913354186510e-01,7.124077588263137695e-02
1.074999999999999956e+00,6.980684566427598492e-01,-2.026971739717280396e-01,1.172512494161779134e-01,5.967686784313355197e-01,-1.441302746992209893e-01,1.374965463993137738e-01,-1.864037671590837164e-01,7.067510067051961664e-02
1.081250000000000044e+00,6.968038866428926115e-01,-2.019656617609602023e-01,1.168329052566670911e-01,5.958695005364020858e-01,-1.436069650413087095e-01,1.363370071442610298e-01,-1.846520188989772271e-01,7.011420290125540411e-02
1.087500000000000133e+00,6.955438804332071401e-01,-2.012367595710899681e-01,1.164160418641637801e-01,5.949735874582887662e-01,-1.430855321989285556e-01,1.351883561243900078e-01,-1.829194893768578134e-01,6.955803811489777444e-02
1.093750000000000000e+00,6.942884217299603034e-01,-2.005104581635197836e-01,1.160006540588303103e-01,5.940809274878341428e-01,-1.425659694766207852e-01,1.340504740157222874e-01,-1.812059254575869860e-01,6.900656232556653946e-02
1.100000000000000089e+00,6.930374943070491955e-01,-1.997867483319704374e-01,1.155867366786261508e-01,5.931915089576490496e-01,-1.420482702026649446e-01,1.329232430639303020e-01,-1.795110779758720410e-01,6.845973201549766796e-02
1.106250000000000178e+00,6.917910819958094093e-01,-1.990656209023700662e-01,1.151742845792476932e-01,5.923053202419689134e-01,-1.415324277289964072e-01,1.318065470597512556e-01,-1.778347016644900302e-01,6.791750412918631796e-02
1.112500000000000044e+00,6.905491686848140853e-01,-1.983470667327434656e-01,1.147632926340681619e-01,5.914223497565057608e-01,-1.410184354311229959e-01,1.307002713148445183e-01,-1.761765550839590189e-01,6.737983606761588362e-02
1.118749999999999911e+00,6.893117383196738501e-01,-1.976310767131016222e-01,1.143537557340776611e-01,5.905425859583011139e-01,-1.405062867080420219e-01,1.296043026380843122e-01,-1.745364005536253205e-01,6.684668568257176591e-02
1.125000000000000000e+00,6.880787749028367539e-01,-1.969176417653320521e-01,1.139456687878236396e-01,5.896660173455797738e-01,-1.399959749821576005e-01,1.285185293122788064e-01,-1.729140040841357640e-01,6.631801127103839621e-02
1.131250000000000089e+00,6.868502624933899847e-01,-1.962067528430891106e-01,1.135390267213514937e-01,5.887926324576033821e-01,-1.394874936991982728e-01,1.274428410713070170e-01,-1.713091353112646265e-01,6.579377156967820828e-02
1.137499999999999956e+00,6.856261852068615825e-01,-1.954984009316848848e-01,1.131338244781454061e-01,5.879224198745253149e-01,-1.389808363281348214e-01,1.263771290776651290e-01,-1.697215674310650624e-01,6.527392574939087921e-02
1.143750000000000044e+00,6.844065272150223755e-01,-1.947925770479801977e-01,1.127300570190692824e-01,5.870553682172453547e-01,-1.384759963610985023e-01,1.253212859004138036e-01,-1.681510771363166623e-01,6.475843340995178499e-02
1.150000000000000133e+00,6.831912727456895817e-01,-1.940892722402765003e-01,1.123277193223081866e-01,5.861914661472651389e-01,-1.379729673132994161e-01,1.242752054935192252e-01,-1.665974445542408588e-01,6.424725457472839352e-02
1.156250000000000000e+00,6.819804060825306324e-01,-1.933884775882075135e-01,1.119268063833096793e-01,5.853307023665447195e-01,-1.374717427229454336e-01,1.232387831745790779e-01,-1.650604531854562573e-01,6.374034968547288849e-02
1.162500000000000089e+00,6.807739115648677730e-01,-1.926901842026315925e-01,1.115273132147256291e-01,5.844730656173583450e-01,-1.369723161511609555e-01,1.222119156039263299e-01,-1.635398898441468296e-01,6.323767959719017728e-02
1.168750000000000178e+00,6.795717735874827747e-01,-1.919943832255244509e-01,1.111292348463540774e-01,5.836185446821519074e-01,-1.364746811819064487e-01,1.211945007641035410e-01,-1.620355445994175192e-01,6.273920557307993695e-02
1.175000000000000044e+00,6.783739766004234228e-01,-1.913010658298721911e-01,1.107325663250813830e-01,5.827671283834005012e-01,-1.359788314218979832e-01,1.201864379396997556e-01,-1.605472107178105567e-01,6.224488927955119238e-02
1.181249999999999911e+00,6.771805051088093386e-01,-1.906102232195645008e-01,1.103373027148246005e-01,5.819188055834663142e-01,-1.354847605005270184e-01,1.191876276975430832e-01,-1.590746846069575338e-01,6.175469278130859413e-02
1.187500000000000000e+00,6.759913436726397995e-01,-1.899218466292885432e-01,1.099434390964739716e-01,5.810735651844570748e-01,-1.349924620697805777e-01,1.181979718672421242e-01,-1.576177657603435867e-01,6.126857853650900104e-02
1.193750000000000089e+00,6.748064769066012270e-01,-1.892359273244231255e-01,1.095509705678357759e-01,5.802313961280852750e-01,-1.345019298041618683e-01,1.172173735220693319e-01,-1.561762567031586280e-01,6.078650939198727149e-02
1.200000000000000178e+00,6.736258894798758945e-01,-1.885524566009329217e-01,1.091598922435752517e-01,5.793922873955276165e-01,-1.340131574006107051e-01,1.162457369601790774e-01,-1.547499629392127818e-01,6.030844857855009733e-02
1.206250000000000266e+00,6.724495661159508586e-01,-1.878714257852635294e-01,1.087701992551597802e-01,5.785562280072851227e-01,-1.335261385784247135e-01,1.152829676861545360e-01,-1.533386928988931253e-01,5.983435970633672191e-02
1.212500000000000133e+00,6.712774915924281105e-01,-1.871928262342364147e-01,1.083818867508023476e-01,5.777232070230431393e-01,-1.330408670791805026e-01,1.143289723928765794e-01,-1.519422578881393926e-01,5.936420676024563303e-02
1.218750000000000000e+00,6.701096507408345060e-01,-1.865166493349446342e-01,1.079949498954050069e-01,5.768932135415332230e-01,-1.325573366666552566e-01,1.133836589437083597e-01,-1.505604720384166317e-01,5.889795409542581545e-02
1.225000000000000089e+00,6.689460284464334716e-01,-1.858428865046484468e-01,1.076093838705027561e-01,5.760662367003939188e-01,-1.320755411267484358e-01,1.124469363549895212e-01,-1.491931522576638580e-01,5.843556643283190355e-02
1.231250000000000178e+00,6.677866096480365998e-01,-1.851715291906718408e-01,1.072251838742075553e-01,5.752422656760329822e-01,-1.315954742674040612e-01,1.115187147788342520e-01,-1.478401181821977217e-01,5.797700885484190214e-02
1.237500000000000044e+00,6.666313793378160213e-01,-1.845025688702988664e-01,1.068423451211524822e-01,5.744212896834898219e-01,-1.311171299185329153e-01,1.105989054862265841e-01,-1.465011921295506503e-01,5.752224680093658005e-02
1.243749999999999911e+00,6.654803225611173323e-01,-1.838359970506706631e-01,1.064608628424361103e-01,5.736032979762984985e-01,-1.306405019319351879e-01,1.096874208504077797e-01,-1.451761990522237589e-01,5.707124606343941253e-02
1.250000000000000000e+00,6.643334244162734104e-01,-1.831718052686826526e-01,1.060807322855671225e-01,5.727882798463510561e-01,-1.301655841812234815e-01,1.087841743305500569e-01,-1.438649664923352667e-01,5.662397278331634393e-02
1.256250000000000089e+00,6.631906700544192290e-01,-1.825099850908822319e-01,1.057019487144091330e-01,5.719762246237616310e-01,-1.296923705617458733e-01,1.078890804557109118e-01,-1.425673245371454345e-01,5.618039344603417001e-02
1.262500000000000178e+00,6.620520446793060065e-01,-1.818505281133666884e-01,1.053245074091256200e-01,5.711671216767305603e-01,-1.292208549905094483e-01,1.070020548090627049e-01,-1.412831057754388442e-01,5.574047487747663815e-02
1.268750000000000266e+00,6.609175335471174639e-01,-1.811934259616814757e-01,1.049484036661251229e-01,5.703609604114096010e-01,-1.287510314061039440e-01,1.061230140123922416e-01,-1.400121452547468393e-01,5.530418423991743937e-02
1.275000000000000133e+00,6.597871219662860831e-01,-1.805386702907188778e-01,1.045736327980066188e-01,5.695577302717667045e-01,-1.282828937686257553e-01,1.052518757108651393e-01,-1.387542804393918361e-01,5.487148902804903777e-02
1.281250000000000000e+00,6.586607952973093649e-01,-1.798862527846169512e-01,1.042001901335050662e-01,5.687574207394526793e-01,-1.278164360596021343e-01,1.043885585580498765e-01,-1.375093511693363246e-01,5.444235706506656697e-02
1.287500000000000089e+00,6.575385389525680857e-01,-1.792361651566588832e-01,1.038280710174371291e-01,5.679600213336666314e-01,-1.273516522819157781e-01,1.035329822011965967e-01,-1.362771996198196278e-01,5.401675649880580826e-02
1.293750000000000178e+00,6.564203383961442206e-01,-1.785883991491726830e-01,1.034572708106471922e-01,5.671655216110232933e-01,-1.268885364597295562e-01,1.026850672667657949e-01,-1.350576702617661551e-01,5.359465579793454282e-02
1.300000000000000044e+00,6.553061791436397554e-01,-1.779429465334311511e-01,1.030877848899534877e-01,5.663739111654200187e-01,-1.264270826384115420e-01,1.018447353462020449e-01,-1.338506098229485797e-01,5.317602374819619532e-02
1.306249999999999911e+00,6.541960467619958308e-01,-1.772997991095520975e-01,1.027196086480942766e-01,5.655851796279046662e-01,-1.259672848844602955e-01,1.010119089819479926e-01,-1.326558672498902025e-01,5.276082944870508912e-02
1.312500000000000000e+00,6.530899268693129978e-01,-1.766589487063991715e-01,1.023527374936744894e-01,5.647993166665433717e-01,-1.255091372854304221e-01,1.001865116536944655e-01,-1.314732936704915145e-01,5.234904230829251492e-02
1.318750000000000089e+00,6.519878051346720271e-01,-1.760203871814828291e-01,1.019871668511123930e-01,5.640163119862896535e-01,-1.250526339498584105e-01,9.936846776486180088e-02,-1.303027423573655530e-01,5.194063204190280114e-02
1.325000000000000178e+00,6.508896672779546089e-01,-1.753841064208615519e-01,1.016228921605863977e-01,5.632361553288534051e-01,-1.245977690071887883e-01,9.855770262930813042e-02,-1.291440686918670366e-01,5.153556866703840056e-02
1.331250000000000266e+00,6.497954990696661604e-01,-1.747500983390436469e-01,1.012599088779821688e-01,5.624588364725700007e-01,-1.241445366077002788e-01,9.775414245826034854e-02,-1.279971301288013452e-01,5.113382250025354236e-02
1.337500000000000133e+00,6.487052863307573025e-01,-1.741183548788892421e-01,1.008982124748398351e-01,5.616843452322709540e-01,-1.236929309224325535e-01,9.695771434746368322e-02,-1.268617861617992171e-01,5.073536415369541558e-02
1.343750000000000000e+00,6.476190149324475565e-01,-1.734888680115124482e-01,1.005377984383014067e-01,5.609126714591540219e-01,-1.232429461431129858e-01,9.616834626454538737e-02,-1.257378982893426755e-01,5.034016453169224553e-02
1.350000000000000089e+00,6.465366707960490400e-01,-1.728616297361841303e-01,1.001786622710583441e-01,5.601438050406540858e-01,-1.227945764820837643e-01,9.538596703658906717e-02,-1.246253299814299303e-01,4.994819482738759725e-02
1.356250000000000178e+00,6.454582398927906084e-01,-1.722366320802349582e-01,9.982079949129940566e-02,5.593777359003146987e-01,-1.223478161722293539e-01,9.461050633791519282e-02,-1.235239466468650571e-01,4.955942651942005228e-02
1.362500000000000044e+00,6.443837082436429942e-01,-1.716138670989585668e-01,9.946420563265852277e-02,5.586144539976601875e-01,-1.219026594669039981e-01,9.384189467806423879e-02,-1.224336156011599647e-01,4.917383136864760668e-02
1.368749999999999911e+00,6.433130619191439470e-01,-1.709933268755152724e-01,9.910887624416298003e-02,5.578539493280672001e-01,-1.214591006398596240e-01,9.308006338997835971e-02,-1.213542060350359386e-01,4.879138141491608238e-02
1.375000000000000000e+00,6.422462870392248169e-01,-1.703750035208359548e-01,9.875480689018167890e-02,5.570962119226379183e-01,-1.210171339851739691e-01,9.232494461837834065e-02,-1.202855889835128533e-01,4.841204897387089978e-02
1.381250000000000089e+00,6.411833697730371373e-01,-1.697588891735264394e-01,9.840199315037363725e-02,5.563412318480736030e-01,-1.205767538171789444e-01,9.157647130833183879e-02,-1.192276372955735075e-01,4.803580663381156607e-02
1.387500000000000178e+00,6.401242963387798746e-01,-1.691449759997720181e-01,9.805043061963668316e-02,5.555889992065474736e-01,-1.201379544703892743e-01,9.083457719400940544e-02,-1.181802256043914673e-01,4.766262725258806066e-02
1.393750000000000266e+00,6.390690530035273431e-01,-1.685332561932423590e-01,9.770011490805621812e-02,5.548395041355791424e-01,-1.197007302994313321e-01,9.009919678762488837e-02,-1.171432302981110785e-01,4.729248395453865272e-02
1.400000000000000133e+00,6.380176260830577872e-01,-1.679237219749968313e-01,9.735104164085425782e-02,5.540927368079093807e-01,-1.192650756789723210e-01,8.937026536855680048e-02,-1.161165294911682411e-01,4.692535012746844314e-02
1.406250000000000000e+00,6.369700019416826287e-01,-1.673163655933899152e-01,9.700320645833859778e-02,5.533486874313746640e-01,-1.188309850036495668e-01,8.864771897264717149e-02,-1.151000029961408572e-01,4.656119941966792297e-02
1.412500000000000089e+00,6.359261669920757143e-01,-1.667111793239771933e-01,9.665660501585210396e-02,5.526073462487828269e-01,-1.183984526880001303e-01,8.793149438167477405e-02,-1.140935322961183912e-01,4.620000573697109758e-02
1.418750000000000178e+00,6.348861076951042293e-01,-1.661081554694214812e-01,9.631123298372235020e-02,5.518687035377888295e-01,-1.179674731663907933e-01,8.722152911299957401e-02,-1.130970005175800513e-01,4.584174323985247546e-02
1.425000000000000044e+00,6.338498105596591659e-01,-1.655072863593994026e-01,9.596708604721120028e-02,5.511327496107709667e-01,-1.175380408929480314e-01,8.651776140937490756e-02,-1.121102924037708920e-01,4.548638634056226954e-02
1.431249999999999911e+00,6.328172621424867916e-01,-1.649085643505081300e-01,9.562415990646466746e-02,5.503994748147079674e-01,-1.171101503414884032e-01,8.582013022892455434e-02,-1.111332942885660813e-01,4.513390970029930449e-02
1.437500000000000000e+00,6.317884490480206727e-01,-1.643119818261725151e-01,9.528245027646296827e-02,5.496688695310553152e-01,-1.166837960054491474e-01,8.512857523528180592e-02,-1.101658940708135775e-01,4.478428822642110257e-02
1.443750000000000089e+00,6.307633579282145853e-01,-1.637175311965525515e-01,9.494195288697068746e-02,5.489409241756239011e-01,-1.162589723978190298e-01,8.444303678788737944e-02,-1.092079811891453756e-01,4.443749706969049584e-02
1.450000000000000178e+00,6.297419754823753157e-01,-1.631252048984511982e-01,9.460266348248717871e-02,5.482156291984574548e-01,-1.158356740510694399e-01,8.376345593244319265e-02,-1.082594465972478298e-01,4.409351162155818876e-02
1.456250000000000266e+00,6.287242884569969048e-01,-1.625349953952223148e-01,9.426457782219697934e-02,5.474929750837106424e-01,-1.154138955170856268e-01,8.308977439151944699e-02,-1.073201827395820623e-01,4.375230751148084796e-02
1.462500000000000133e+00,6.277102836455942247e-01,-1.619468951766791509e-01,9.392769167992061352e-02,5.467729523495288291e-01,-1.149936313670984062e-01,8.242193455531199309e-02,-1.063900835275453094e-01,4.341386060427405991e-02
1.468750000000000000e+00,6.266999478885388886e-01,-1.613608967590028920e-01,9.359200084406535392e-02,5.460555515479267319e-01,-1.145748761916157571e-01,8.175987947254730048e-02,-1.054690443160642699e-01,4.307814699749968473e-02
1.475000000000000089e+00,6.256932680728937157e-01,-1.607769926846517317e-01,9.325750111757623306e-02,5.453407632646681824e-01,-1.141576246003550149e-01,8.110355284153247801e-02,-1.045569618806120454e-01,4.274514301888709955e-02
1.487500000000000044e+00,6.236908240465687259e-01,-1.596154378666025664e-01,9.259205827687511103e-02,5.439189867642705289e-01,-1.133276107050118081e-01,7.980786292352615163e-02,-1.027592614081220823e-01,4.208717039278574851e-02
1.500000000000000000e+00,6.217028475907351304e-01,-1.584621715842942646e-01,9.193132987027981262e-02,5.425075482048840048e-01,-1.125035469404234018e-01,7.853442704777761907e-02,-1.009961838765624925e-01,4.143975785511912896e-02
1.512500000000000178e+00,6.197292354661488867e-01,-1.573171351141515184e-01,9.127528283975158696e-02,5.411063734754240073e-01,-1.116853908689861841e-01,7.728281730505624780e-02,-9.926695237915612868e-02,4.080272405831598254e-02
1.525000000000000133e+00,6.177698851650340606e-01,-1.561802701443981700e-01,9.062388435520873919e-02,5.397153889933926640e-01,-1.108731003540023713e-01,7.605261536765867136e-02,-9.757081066935884006e-02,4.017589110110368622e-02
1.537500000000000089e+00,6.158246949059528186e-01,-1.550515187722173172e-01,8.997710181299736765e-02,5.383345217011314965e-01,-1.100666335575614246e-01,7.484341223519348774e-02,-9.590702251866602135e-02,3.955908445360831194e-02
1.550000000000000044e+00,6.138935636287116138e-01,-1.539308235009304304e-01,8.933490283437223178e-02,5.369636990620992867e-01,-1.092659489384364413e-01,7.365480798825119191e-02,-9.427487109706174373e-02,3.895213288434904580e-02
1.562500000000000000e+00,6.119763909893010112e-01,-1.528181272371955390e-01,8.869725526398750115e-02,5.356028490571769218e-01,-1.084710052499952143e-01,7.248641154968145373e-02,-9.267365837522914540e-02,3.835486838907149060e-02
1.575000000000000178e+00,6.100730773548724839e-01,-1.517133732882240127e-01,8.806412716839745469e-02,5.342519001809974410e-01,-1.076817615381257670e-01,7.133784045321117651e-02,-9.110270454767899206e-02,3.776712612136624153e-02
1.587500000000000133e+00,6.081835237987482934e-01,-1.506165053590162728e-01,8.743548683456701942e-02,5.329107814383032826e-01,-1.068981771391765562e-01,7.020872061914699980e-02,-8.956134747598852586e-02,3.718874432502097122e-02
1.600000000000000089e+00,6.063076320954660092e-01,-1.495274675496157113e-01,8.681130276839191251e-02,5.315794223403274010e-01,-1.061202116779107613e-01,6.909868613691552697e-02,-8.804894215137565316e-02,3.661956426805584863e-02
1.612500000000000044e+00,6.044453047158582226e-01,-1.484462043523814279e-01,8.619154369322853948e-02,5.302577529012014734e-01,-1.053478250654752146e-01,6.800737905420460583e-02,-8.656486017586720316e-02,3.605943017839389336e-02
1.625000000000000000e+00,6.025964448221647896e-01,-1.473726606492790359e-01,8.557617854843353744e-02,5.289457036343881979e-01,-1.045809774973831957e-01,6.693444917247734494e-02,-8.510848926134963188e-02,3.550818918111932343e-02
1.637500000000000178e+00,6.007609562631803790e-01,-1.463067817091897593e-01,8.496517648791263033e-02,5.276432055491395712e-01,-1.038196294515115053e-01,6.587955384863991570e-02,-8.367923274582057813e-02,3.496569123727857192e-02
1.650000000000000133e+00,5.989387435694341066e-01,-1.452485131852375988e-01,8.435850687867915698e-02,5.263501901469800348e-01,-1.030637416861115291e-01,6.484235780265208693e-02,-8.227650912618791890e-02,3.443178908418009082e-02
1.662500000000000089e+00,5.971297119484033633e-01,-1.441978011121343994e-01,8.375613929942175850e-02,5.250665894182134918e-01,-1.023132752378339838e-01,6.382253293087757073e-02,-8.089975160698931189e-02,3.390633817715034415e-02
1.675000000000000044e+00,5.953337672797606173e-01,-1.431545919035428494e-01,8.315804353908151647e-02,5.237923358384559691e-01,-1.015681914197677088e-01,6.281975812497907208e-02,-7.954840766443181665e-02,3.338919663270509264e-02
1.687500000000000000e+00,5.935508161106525238e-01,-1.421188323494571304e-01,8.256418959543826430e-02,5.225273623651924826e-01,-1.008284518194920154e-01,6.183371909617008805e-02,-7.822193862517506924e-02,3.288022517309600184e-02
1.700000000000000178e+00,5.917807656510125636e-01,-1.410904696136013325e-01,8.197454767370601636e-02,5.212716024343576615e-01,-1.000940182971426645e-01,6.086410820464267790e-02,-7.691981925930516106e-02,3.237928707219413227e-02
1.712500000000000133e+00,5.900235237689052115e-01,-1.400694512308451600e-01,8.138908818513768129e-02,5.200249899569410195e-01,-9.936485298349137518e-02,5.991062429399715561e-02,-7.564153738696934026e-02,3.188624810267306348e-02
1.725000000000000089e+00,5.882789989859027457e-01,-1.390557251046370679e-01,8.080778174563851834e-02,5.187874593156158731e-01,-9.864091827803869728e-02,5.897297253050604038e-02,-7.438659349816227617e-02,3.140097648445533407e-02
1.737500000000000044e+00,5.865471004724940318e-01,-1.380492395044548848e-01,8.023059917438886413e-02,5.175589453613921309e-01,-9.792217684712024861e-02,5.805086424705113018e-02,-7.315450038517616604e-02,3.092334283438756548e-02
1.750000000000000000e+00,5.848277380435249473e-01,-1.370499430632732829e-01,7.965751149247556062e-02,5.163393834102926183e-01,-9.720859162202619141e-02,5.714401679157821157e-02,-7.194478278724598941e-02,3.045322011711006777e-02
1.762500000000000178e+00,5.831208221536704484e-01,-1.360577847750485125e-01,7.908848992153234836e-02,5.151287092400526069e-01,-9.650012579713379557e-02,5.625215337991981701e-02,-7.075697704694031143e-02,2.999048359708833891e-02
1.775000000000000133e+00,5.814262638929379445e-01,-1.350727139922201503e-01,7.852350588238903029e-02,5.139268590868434350e-01,-9.579674282805310248e-02,5.537500295284204788e-02,-6.959063077786611928e-02,2.953501079177460811e-02
1.787500000000000089e+00,5.797439749822019817e-01,-1.340946804232292511e-01,7.796253099372933704e-02,5.127337696420176671e-01,-9.509840642978550918e-02,5.451230003717635192e-02,-6.844530254327299557e-02,2.908668142586855535e-02
1.800000000000000044e+00,5.780738677687690119e-01,-1.331236341300537640e-01,7.740553707075745193e-02,5.115493780488791220e-01,-9.440508057489520322e-02,5.366378461090286905e-02,-6.732056154515923818e-02,2.864537738664750879e-02
1.812500000000000000e+00,5.764158552219741383e-01,-1.321595255257602686e-01,7.685249612387322349e-02,5.103736218994739948e-01,-9.371672949169343458e-02,5.282920197205628193e-02,-6.621598732349751049e-02,2.821098268033713288e-02
1.825000000000000178e+00,5.747698509288076130e-01,-1.312023053720721699e-01,7.630338035735585722e-02,5.092064392314057386e-01,-9.303331766243541634e-02,5.200830261132991655e-02,-6.513116946521330108e-02,2.778338338949453562e-02
1.837500000000000133e+00,5.731357690895713120e-01,-1.302519247769544919e-01,7.575816216805617009e-02,5.080477685246718167e-01,-9.235480982152992346e-02,5.120084208825870925e-02,-6.406570732256371137e-02,2.736246763137678215e-02
1.850000000000000089e+00,5.715135245135664066e-01,-1.293083351922148239e-01,7.521681414409726874e-02,5.068975486985226597e-01,-9.168117095376122905e-02,5.040658091086518827e-02,-6.301920974057785563e-02,2.694812551726825239e-02
1.862500000000000044e+00,5.699030326148096792e-01,-1.283714884111204768e-01,7.467930906358354048e-02,5.057557191083433823e-01,-9.101236629252362764e-02,4.962528441865771828e-02,-6.199129479323389064e-02,2.654024911274155754e-02
1.875000000000000000e+00,5.683042094077801476e-01,-1.274413365660317654e-01,7.414561989331813763e-02,5.046222195425571488e-01,-9.034836131806824044e-02,4.885672266887349652e-02,-6.098158952805993183e-02,2.613873239882710114e-02
1.887500000000000178e+00,5.667169715031955546e-01,-1.265178321260511940e-01,7.361571978752864953e-02,5.034969902195499669e-01,-8.968912175576210233e-02,4.810067032586295283e-02,-5.998972971885855460e-02,2.574347123406730761e-02
1.900000000000000133e+00,5.651412361038172794e-01,-1.256009278946887131e-01,7.308958208660094880e-02,5.023799717846179069e-01,-8.903461357435936419e-02,4.735690655351586231e-02,-5.901535962626629217e-02,2.535436331743228661e-02
1.912500000000000089e+00,5.635769210002847807e-01,-1.246905770075424358e-01,7.256718031582135020e-02,5.012711053069354161e-01,-8.838480298428463833e-02,4.662521491063286588e-02,-5.805813176587044239e-02,2.497130815207427093e-02
1.925000000000000044e+00,5.620239445669789058e-01,-1.237867329299953273e-01,7.204848818412677713e-02,5.001703322765450599e-01,-8.773965643592829267e-02,4.590538324914979901e-02,-5.711770668361675074e-02,2.459420700989899122e-02
1.937500000000000000e+00,5.604822257579143985e-01,-1.228893494549272714e-01,7.153347958286310204e-02,4.990775946013684128e-01,-8.709914061795374918e-02,4.519720361512511581e-02,-5.619375273825125139e-02,2.422296289693267810e-02
1.950000000000000178e+00,5.589516841026593852e-01,-1.219983807004426796e-01,7.102212858455138333e-02,4.979928346042384879e-01,-8.646322245561649522e-02,4.450047215240415799e-02,-5.528594589054976194e-02,2.385748051946412138e-02
1.962500000000000133e+00,5.574322397022853925e-01,-1.211137811076135745e-01,7.051440944166223468e-02,4.969159950199525944e-01,-8.583186910909504364e-02,4.381498900887688397e-02,-5.439396949909797163e-02,2.349766625094171224e-02
1.975000000000000089e+00,5.559238132253433440e-01,-1.202355054382376748e-01,7.001029658539793810e-02,4.958470189923460669e-01,-8.520504797183328649e-02,4.314055824524853228e-02,-5.351751412239372230e-02,2.314342809960608094e-02
1.987500000000000044e+00,5.544263259038687552e-01,-1.193635087726119537e-01,6.950976462448260618e-02,4.947858500713870344e-01,-8.458272666889474212e-02,4.247698774624569101e-02,-5.265627732705244896e-02,2.279467567683947371e-02
2.000000000000000000e+00,5.529396995294144634e-01,-1.184977465073210473e-01,6.901278834396004647e-02,4.937324322102910057e-01,-8.396487305532808476e-02,4.182408913418279167e-02,-5.180996350190444910e-02,2.245132016621357099e-02
2.012500000000000178e+00,5.514638564491106676e-01,-1.176381743530408031e-01,6.851934270399941129e-02,4.926867097626565495e-01,-8.335145521454423445e-02,4.118167768481652280e-02,-5.097828367778096947e-02,2.211327429321797294e-02
2.024999999999999911e+00,5.499987195617522806e-01,-1.167847483323566082e-01,6.802940283870870242e-02,4.916486274796209033e-01,-8.274244145670479889e-02,4.054957224541851091e-02,-5.016095535279373879e-02,2.178045229565210919e-02
2.037500000000000089e+00,5.485442123139138149e-01,-1.159374247775964706e-01,6.754294405495571418e-02,4.906181305070350662e-01,-8.213780031712165919e-02,3.992759515499848949e-02,-4.935770232291964571e-02,2.145276989466375975e-02
2.050000000000000266e+00,5.471002586960910241e-01,-1.150961603286789758e-01,6.705994183119692864e-02,4.895951643826599864e-01,-8.153750055466796320e-02,3.931557216661318854e-02,-4.856825451771001195e-02,2.113014426641809246e-02
2.062500000000000000e+00,5.456667832388694128e-01,-1.142609119309756227e-01,6.658037181631368262e-02,4.885796750333816774e-01,-8.094151115020009613e-02,3.871333237169749530e-02,-4.779234784094966992e-02,2.081249401438120539e-02
2.075000000000000178e+00,5.442437110091192798e-01,-1.134316368331877156e-01,6.610420982845603699e-02,4.875716087724460412e-01,-8.034980130499060069e-02,3.812070812635742073e-02,-4.702972401609837455e-02,2.049973914220290516e-02
2.087499999999999911e+00,5.428309676062172962e-01,-1.126082925852378153e-01,6.563143185389419543e-02,4.865709122967138422e-01,-7.976234043917244942e-02,3.753753497956610619e-02,-4.628013043635326174e-02,2.019180102718396569e-02
2.100000000000000089e+00,5.414284791582945067e-01,-1.117908370361752196e-01,6.516201404587720902e-02,4.855775326839340544e-01,-7.917909819019365580e-02,3.696365160320573551e-02,-4.554332001917622830e-02,1.988860239431306659e-02
2.112500000000000266e+00,5.400361723185100882e-01,-1.109792283320959749e-01,6.469593272349918878e-02,4.845914173900375821e-01,-7.860004441128322361e-02,3.639889972390100009e-02,-4.481905106513713738e-02,1.959006729085970011e-02
2.125000000000000000e+00,5.386539742613510873e-01,-1.101734249140767646e-01,6.423316437057294270e-02,4.836125142464491322e-01,-7.802514916992750460e-02,3.584312405659065975e-02,-4.410708712092808320e-02,1.929612106150903686e-02
2.137500000000000178e+00,5.372818126789583593e-01,-1.093733855161229257e-01,6.377368563451063510e-02,4.826407714574186270e-01,-7.745438274635725595e-02,3.529617223978600421e-02,-4.340719684640987480e-02,1.900669032402568098e-02
2.149999999999999911e+00,5.359196157774774871e-01,-1.085790691631305094e-01,6.331747332521216187e-02,4.816761375973713788e-01,-7.688771563204557791e-02,3.475789477246696985e-02,-4.271915388555722753e-02,1.872170294543337027e-02
2.162500000000000089e+00,5.345673122734352356e-01,-1.077904351688619283e-01,6.286450441396028432e-02,4.807185616082766400e-01,-7.632511852821587117e-02,3.422814495256749912e-02,-4.204273674117299520e-02,1.844108801869788483e-02
2.175000000000000266e+00,5.332248313901414294e-01,-1.070074431339357174e-01,6.241475603232333330e-02,4.797679927970352476e-01,-7.576656234436077164e-02,3.370677881700425566e-02,-4.137772865324788885e-02,1.816477583990126418e-02
2.187500000000000000e+00,5.318921028541158114e-01,-1.062300529438297281e-01,6.196820547106480365e-02,4.788243808328854767e-01,-7.521201819677106326e-02,3.319365508320358538e-02,-4.072391748084534108e-02,1.789269788589514798e-02
2.200000000000000178e+00,5.305690568915395477e-01,-1.054582247668978123e-01,6.152483017906009571e-02,4.778876757448268231e-01,-7.466145740707502698e-02,3.268863509208343870e-02,-4.008109558739628153e-02,1.762478679242188151e-02
2.212499999999999911e+00,5.292556242247317133e-01,-1.046919190524004534e-01,6.108460776222041783e-02,4.769578279190628822e-01,-7.411485150078819806e-02,3.219158275244857897e-02,-3.944905972929273197e-02,1.736097633269220036e-02
2.225000000000000089e+00,5.279517360686499794e-01,-1.039310965285481919e-01,6.064751598242350272e-02,4.760347880964613254e-01,-7.357217220587286555e-02,3.170236448675802649e-02,-3.882761094767251536e-02,1.710120139640835396e-02
2.237500000000000266e+00,5.266573241274162820e-01,-1.031757182005589440e-01,6.021353275645150577e-02,4.751185073700325834e-01,-7.303339145130814669e-02,3.122084917822610245e-02,-3.821655446329210587e-02,1.684539796922236363e-02
2.250000000000000000e+00,5.253723205908661376e-01,-1.024257453487281977e-01,5.978263615493568245e-02,4.742089371824258492e-01,-7.249848136566973411e-02,3.074690811921853770e-02,-3.761569957438751916e-02,1.659350311261879526e-02
2.262500000000000178e+00,5.240966581311218286e-01,-1.016811395265123791e-01,5.935480440130793539e-02,4.733060293234429561e-01,-7.196741427571969052e-02,3.028041496090719958e-02,-3.702485955742718798e-02,1.634545494421215869e-02
2.274999999999999911e+00,5.228302698991903474e-01,-1.009418625586255142e-01,5.893001587075935577e-02,4.724097359275699626e-01,-7.144016270500622157e-02,2.982124566414797937e-02,-3.644385157066429293e-02,1.610119261844922267e-02
2.287500000000000089e+00,5.215730895215842100e-01,-1.002078765391485743e-01,5.850824908920535666e-02,4.715200094715257251e-01,-7.091669937247307987e-02,2.936927845154698249e-02,-3.587249656039850215e-02,1.586065630770647217e-02
2.300000000000000266e+00,5.203250510969661402e-01,-9.947914382965197810e-02,5.808948273225778003e-02,4.706368027718284552e-01,-7.039699719107891940e-02,2.892439376068221477e-02,-3.531061916986154292e-02,1.562378718377378621e-02
2.312500000000000000e+00,5.190860891928171794e-01,-9.875562705733070823e-02,5.767369562420353313e-02,4.697600689823788755e-01,-6.988102926642619783e-02,2.848647419844808557e-02,-3.475804765064263724e-02,1.539052739971506940e-02
2.325000000000000178e+00,5.178561388421277778e-01,-9.803728911315218175e-02,5.726086673698999041e-02,4.688897615920606943e-01,-6.936876889539961288e-02,2.805540449649162119e-02,-3.421461377657379621e-02,1.516082007209716351e-02
2.337499999999999911e+00,5.166351355401125334e-01,-9.732409315001691597e-02,5.685097518921709836e-02,4.680258344223581779e-01,-6.886018956481435027e-02,2.763107146771031850e-02,-3.368015275999756281e-02,1.493460926357858230e-02
2.350000000000000089e+00,5.154230152409470245e-01,-9.661600258093148985e-02,5.644400024513588493e-02,4.671682416249901548e-01,-6.835526495007350489e-02,2.721336396378189887e-02,-3.315450317034186051e-02,1.471183996584957479e-02
2.362500000000000266e+00,5.142197143545280680e-01,-9.591298107719428701e-02,5.603992131365377605e-02,4.663169376795614496e-01,-6.785396891383514706e-02,2.680217283369808537e-02,-3.263750685493031767e-02,1.449245808291565671e-02
2.375000000000000000e+00,5.130251697432566260e-01,-9.521499256659336774e-02,5.563871794734622650e-02,4.654718773912301377e-01,-6.735627550468858971e-02,2.639739088327448108e-02,-3.212900886195785288e-02,1.427641041471654215e-02
2.387500000000000178e+00,5.118393187188421400e-01,-9.452200123161674794e-02,5.524036984147487339e-02,4.646330158883915096e-01,-6.686215895583999536e-02,2.599891283561007668e-02,-3.162885736556436678e-02,1.406364464107287028e-02
2.400000000000000355e+00,5.106620990391305126e-01,-9.383397150767504302e-02,5.484485683301224684e-02,4.638003086203789649e-01,-6.637159368380719793e-02,2.560663529247068568e-02,-3.113690359294173093e-02,1.385410930595336321e-02
2.412500000000000089e+00,5.094934489049535165e-01,-9.315086808133603291e-02,5.445215889967273959e-02,4.629737113551804506e-01,-6.588455428712373940e-02,2.522045669657104264e-02,-3.065300175341095779e-02,1.364775380205495055e-02
2.425000000000000266e+00,5.083333069570001861e-01,-9.247265588857142560e-02,5.406225615894997422e-02,4.621531801771711634e-01,-6.540101554505178827e-02,2.484027729473144153e-02,-3.017700896940908595e-02,1.344452835568890961e-02
2.437500000000000000e+00,5.071816122727101916e-01,-9.179930011301566661e-02,5.367512886716058890e-02,4.613386714848629055e-01,-6.492095241630438385e-02,2.446599910188553342e-02,-2.970878520932745265e-02,1.324438401196612221e-02
2.450000000000000178e+00,5.060383043631889732e-01,-9.113076618423650299e-02,5.329075741849412240e-02,4.605301419886683734e-01,-6.444434003777636810e-02,2.409752586591618409e-02,-2.924819322214428433e-02,1.304727262027460290e-02
2.462500000000000355e+00,5.049033231701440805e-01,-9.046701977601756539e-02,5.290912234406934533e-02,4.597275487086821544e-01,-6.397115372328443517e-02,2.373476303329767959e-02,-2.879509847379756529e-02,1.285314682004293045e-02
2.475000000000000089e+00,5.037766090628434945e-01,-8.980802680465259369e-02,5.253020431099671150e-02,4.589308489724768791e-01,-6.350136896231588224e-02,2.337761771552255077e-02,-2.834936908524490415e-02,1.266196002678301839e-02
2.487500000000000266e+00,5.026581028350943781e-01,-8.915375342725126440e-02,5.215398412144686691e-02,4.581400004129149717e-01,-6.303496141878615899e-02,2.302599865629236658e-02,-2.791087577215961221e-02,1.247366641840609927e-02
2.500000000000000000e+00,5.015477457022442520e-01,-8.850416604005693910e-02,5.178044271172557028e-02,4.573549609659764426e-01,-6.257190692980524327e-02,2.267981619945247732e-02,-2.747949178621380065e-02,1.228822092180590665e-02
2.512500000000000178e+00,5.004454792982009348e-01,-8.785923127677547351e-02,5.140956115135438681e-02,4.565756888686010595e-01,-6.211218150445251690e-02,2.233898225765088355e-02,-2.705509285790053467e-02,1.210557919970298504e-02
2.525000000000000355e+00,4.993512456724761850e-01,-8.721891600691597524e-02,5.104132064215774478e-02,4.558021426565467826e-01,-6.165576132256034986e-02,2.200341028170261018e-02,-2.663755714084937998e-02,1.192569763774457316e-02
2.537500000000000089e+00,4.982649872872472741e-01,-8.658318733414253898e-02,5.067570251735577930e-02,4.550342811622627992e-01,-6.120262273350620535e-02,2.167301523064092683e-02,-2.622676515759051960e-02,1.174853333185426306e-02
2.550000000000000266e+00,4.971866470144407635e-01,-8.595201259463745858e-02,5.031268824066325446e-02,4.542720635127774909e-01,-6.075274225501314102e-02,2.134771354243768585e-02,-2.582259974672447903e-02,1.157404407582605238e-02
2.562500000000000000e+00,4.961161681328363771e-01,-8.532535935547572170e-02,4.995225940539449461e-02,4.535154491276019439e-01,-6.030609657195889345e-02,2.102742310537559708e-02,-2.542494601145608990e-02,1.140218834915749692e-02
2.575000000000000178e+00,4.950534943251904685e-01,-8.470319541301042643e-02,4.959439773357411652e-02,4.527643977166476152e-01,-5.986266253519311603e-02,2.071206323005530744e-02,-2.503369126945199225e-02,1.123292530511661377e-02
2.587500000000000355e+00,4.939985696753806388e-01,-8.408548879126963305e-02,4.923908507505373594e-02,4.520188692781590967e-01,-5.942241716036313764e-02,2.040155462202141237e-02,-2.464872500398325103e-02,1.106621475903762572e-02
2.600000000000000089e+00,4.929513386655692830e-01,-8.347220774036388791e-02,4.888630340663444734e-02,4.512788240966616460e-01,-5.898533762674781217e-02,2.009581935499119357e-02,-2.426993881631508976e-02,1.090201717684048319e-02
2.612500000000000266e+00,4.919117461733875651e-01,-8.286332073490476624e-02,4.853603483119511841e-02,4.505442227409227063e-01,-5.855140127609954892e-02,1.979478084467090407e-02,-2.389722637930745408e-02,1.074029366376936037e-02
2.625000000000000000e+00,4.908797374691392656e-01,-8.225879647243447557e-02,4.818826157682654099e-02,4.498150260619284690e-01,-5.812058561149465591e-02,1.949836382314475841e-02,-2.353048339219133978e-02,1.058100595334548165e-02
2.637500000000000178e+00,4.898552582130236144e-01,-8.165860387186590907e-02,4.784296599597116090e-02,4.490911951908742039e-01,-5.769286829619149626e-02,1.920649431382191047e-02,-2.316960753648645774e-02,1.042411639652957196e-02
2.650000000000000355e+00,4.888382544523778850e-01,-8.106271207193374573e-02,4.750013056456867111e-02,4.483726915371694099e-01,-5.726822715249691581e-02,1.891909960692762793e-02,-2.281449843302769259e-02,1.026958795108957358e-02
2.662500000000000089e+00,4.878286726189393629e-01,-8.047109042965600034e-02,4.715973788120717686e-02,4.476594767864563451e-01,-5.684664016064047004e-02,1.863610823552478216e-02,-2.246505760006806476e-02,1.011738417116915187e-02
2.675000000000000266e+00,4.868264595261262428e-01,-7.988370851880610690e-02,4.682177066627995349e-02,4.469515128986434327e-01,-5.642808545765655437e-02,1.835744995205249031e-02,-2.212118841242752612e-02,9.967469197052773039e-03
2.687500000000000000e+00,4.858315623663377880e-01,-7.930053612839571553e-02,4.648621176114797054e-02,4.462487621059517684e-01,-5.601254133627456278e-02,1.808305570536911447e-02,-2.178279606165773458e-02,9.819807745123223380e-03
2.700000000000000178e+00,4.848439287082732529e-01,-7.872154326116773126e-02,4.615304412730773104e-02,4.455511869109760603e-01,-5.559998624381657512e-02,1.781285761828684325e-02,-2.144978751719365737e-02,9.674365098007413691e-03
2.712500000000000355e+00,4.838635064942695130e-01,-7.814670013209984445e-02,4.582225084556489081e-02,4.448587500847588916e-01,-5.519039878110307967e-02,1.754678896558602152e-02,-2.112207148846430294e-02,9.531107094906624694e-03
2.725000000000000089e+00,4.828902440376575678e-01,-7.757597716691824741e-02,4.549381511521320004e-02,4.441714146648790273e-01,-5.478375770136615502e-02,1.728478415249713046e-02,-2.079955838793514158e-02,9.390000122107208802e-03
2.737500000000000266e+00,4.819240900201372524e-01,-7.700934500062164845e-02,4.516772025321891260e-02,4.434891439535527113e-01,-5.438004190917037489e-02,1.702677869363905874e-02,-2.048216029505617319e-02,9.251011103668032448e-03
2.750000000000000000e+00,4.809649934891708223e-01,-7.644677447601548603e-02,4.484394969341076037e-02,4.428119015157491178e-01,-5.397923045934134578e-02,1.677270919240258715e-02,-2.016979092109021446e-02,9.114107492280996980e-03
2.762500000000000178e+00,4.800129038553939687e-01,-7.588823664225609333e-02,4.452248698567513180e-02,4.421396511773182936e-01,-5.358130255590168312e-02,1.652251332076802234e-02,-1.986236557479656786e-02,8.979257260300939694e-03
2.775000000000000355e+00,4.790677708900459297e-01,-7.533370275340506295e-02,4.420331579515678067e-02,4.414723570231331440e-01,-5.318623755101455075e-02,1.627612979954666528e-02,-1.955980112894651138e-02,8.846428890941525347e-03
2.787500000000000089e+00,4.781295447224170880e-01,-7.478314426699346484e-02,4.388641990146474603e-02,4.408099833952440760e-01,-5.279401494393456268e-02,1.603349837903570926e-02,-1.926201598764727685e-02,8.715591369633592794e-03
2.800000000000000266e+00,4.771981758373142202e-01,-7.423653284259591756e-02,4.357178319788355958e-02,4.401524948910470192e-01,-5.240461437996606769e-02,1.579455982007662435e-02,-1.896893005445215996e-02,8.586714175542636482e-03
2.812500000000000000e+00,4.762736150725441764e-01,-7.369384034041465137e-02,4.325938969058985839e-02,4.394998563614639919e-01,-5.201801564942883094e-02,1.555925587550746093e-02,-1.868046470123526856e-02,8.459767273242201416e-03
2.825000000000000178e+00,4.753558136164147130e-01,-7.315503881987309165e-02,4.294922349787400062e-02,4.388520329091371575e-01,-5.163419868663086248e-02,1.532752927199942938e-02,-1.839654273780954447e-02,8.334721104539899103e-03
2.837500000000000355e+00,4.744447230052527553e-01,-7.262010053821944811e-02,4.264126884936709355e-02,4.382089898866352584e-01,-5.125314356884859424e-02,1.509932369226882169e-02,-1.811708838226807824e-02,8.211546580453013902e-03
2.850000000000000089e+00,4.735402951209407019e-01,-7.208899794913960213e-02,4.233551008527307313e-02,4.375706928946727636e-01,-5.087483051531416223e-02,1.487458375765518537e-02,-1.784202723202864965e-02,8.090215073330585954e-03
2.862500000000000266e+00,4.726424821884690486e-01,-7.156170370137977799e-02,4.203193165560584893e-02,4.369371077803416159e-01,-5.049923988620976661e-02,1.465325501105714003e-02,-1.757128623556250893e-02,7.970698409119006053e-03
2.875000000000000000e+00,4.717512367735072765e-01,-7.103819063737870643e-02,4.173051811943175038e-02,4.363082006353559694e-01,-5.012635218166925505e-02,1.443528390021748056e-02,-1.730479366478894498e-02,7.852968859768254956e-03
2.887500000000000178e+00,4.708665117799905597e-01,-7.051843179190907251e-02,4.143125414411680252e-02,4.356839377943085845e-01,-4.975614804078652004e-02,1.422061776134916564e-02,-1.704247908811738071e-02,7.736999135775852847e-03
2.900000000000000355e+00,4.699882604477245707e-01,-7.000240039072858078e-02,4.113412450457923364e-02,4.350642858329403784e-01,-4.938860824063107807e-02,1.400920480309444070e-02,-1.678427334411988769e-02,7.622762378865854428e-03
2.912500000000000089e+00,4.691164363500063272e-01,-6.949006984924008257e-02,4.083911408254689568e-02,4.344492115664214671e-01,-4.902371369527045580e-02,1.380099409080912283e-02,-1.653010851581695681e-02,7.510232154800064626e-03
2.925000000000000266e+00,4.682509933912618050e-01,-6.898141377116108475e-02,4.054620786581959041e-02,4.338386820476450301e-01,-4.866144545479941103e-02,1.359593553116457930e-02,-1.627991790556022889e-02,7.399382446318873707e-03
2.937500000000000000e+00,4.673918858047007019e-01,-6.847640594720257046e-02,4.025539094753653041e-02,4.332326645655328878e-01,-4.830178470437616195e-02,1.339397985706007599e-02,-1.603363601049637502e-02,7.290187646209160023e-03
2.950000000000000178e+00,4.665390681499866354e-01,-6.797502035375657670e-02,3.996664852544846991e-02,4.326311266433532365e-01,-4.794471276326517373e-02,1.319507861283818369e-02,-1.579119849859645860e-02,7.182622550496604516e-03
2.962500000000000355e+00,4.656924953109248810e-01,-6.747723115159327822e-02,3.967996590119495653e-02,4.320340360370503174e-01,-4.759021108388688387e-02,1.299918413979646477e-02,-1.555254218523614493e-02,7.076662351760086393e-03
2.975000000000000089e+00,4.648521224931653206e-01,-6.698301268456680058e-02,3.939532847958623907e-02,4.314413607335856882e-01,-4.723826125087398492e-02,1.280624956198847010e-02,-1.531760501031192469e-02,6.972282632565617727e-03
2.987500000000000266e+00,4.640179052219221001e-01,-6.649233947832998426e-02,3.911272176789006710e-02,4.308530689492915955e-01,-4.688884498013435459e-02,1.261622877230749937e-02,-1.508632601587945980e-02,6.869459359017494188e-03
3.000000000000000000e+00,4.631897993397091629e-01,-6.600518623905822502e-02,3.883213137512333407e-02,4.302691291282359498e-01,-4.654194411792068192e-02,1.242907641884676700e-02,-1.485864532430040269e-02,6.768168874424393758e-03
3.012500000000000178e+00,4.623677610040915487e-01,-6.552152785218186282e-02,3.855354301134835543e-02,4.296895099405984020e-01,-4.619754063990651194e-02,1.224474789152952582e-02,-1.463450411688423797e-02,6.668387893078049460e-03
3.025000000000000355e+00,4.615517466854526796e-01,-6.504133938112763302e-02,3.827694248697400409e-02,4.291141802810588546e-01,-4.585561665026890998e-02,1.206319930900322593e-02,-1.441384461301252647e-02,6.570093494142410957e-03
3.037500000000000089e+00,4.607417131647771891e-01,-6.456459606606861079e-02,3.800231571206148101e-02,4.285431092671964093e-01,-4.551615438077749598e-02,1.188438750579162186e-02,-1.419661004973286206e-02,6.473263115651019944e-03
3.050000000000000266e+00,4.599376175314492388e-01,-6.409127332268280131e-02,3.772964869563467244e-02,4.279762662379004157e-01,-4.517913618988991797e-02,1.170827001969907376e-02,-1.398274466181046935e-02,6.377874548610543669e-03
3.062500000000000000e+00,4.591394171810667113e-01,-6.362134674092057018e-02,3.745892754499536431e-02,4.274136207517922892e-01,-4.484454456185375110e-02,1.153480507946146733e-02,-1.377219366222578664e-02,6.283905931208406612e-03
3.075000000000000178e+00,4.583470698132701693e-01,-6.315479208378022014e-02,3.719013846504281434e-02,4.268551425856589310e-01,-4.451236210581460684e-02,1.136395159263810066e-02,-1.356490322310638028e-02,6.191335743122424774e-03
3.087500000000000355e+00,4.575605334295874682e-01,-6.269158528609240777e-02,3.692326775759810498e-02,4.263008017328968058e-01,-4.418257155493063304e-02,1.119566913373934956e-02,-1.336082045708232580e-02,6.100142799930561265e-03
3.100000000000000089e+00,4.567797663312934686e-01,-6.223170245331278300e-02,3.665830182073293725e-02,4.257505684019675662e-01,-4.385515576549321726e-02,1.102991793258474226e-02,-1.315989339905410116e-02,6.010306247618778762e-03
3.112500000000000266e+00,4.560047271172847361e-01,-6.177511986032292735e-02,3.639522714810294879e-02,4.252044130148638912e-01,-4.353009771605378941e-02,1.086665886288641636e-02,-1.296207098836259751e-02,5.921805557185128369e-03
3.125000000000000000e+00,4.552353746819689517e-01,-6.132181395023986181e-02,3.613403032828562539e-02,4.246623062055873699e-01,-4.320738050655696660e-02,1.070585343105303830e-02,-1.276730305135114277e-02,5.834620519338259460e-03
3.137500000000000178e+00,4.544716682131696994e-01,-6.087176133323348587e-02,3.587469804412250773e-02,4.241242188186357120e-01,-4.288698735747958207e-02,1.054746376520922929e-02,-1.257554028430949572e-02,5.748731239288443207e-03
3.150000000000000355e+00,4.537135671900453526e-01,-6.042493878535248192e-02,3.561721707206604720e-02,4.235901219075019486e-01,-4.256890160897596614e-02,1.039145260442591798e-02,-1.238673423679042054e-02,5.664118131629445295e-03
3.162500000000000089e+00,4.529610313810231159e-01,-5.998132324735819254e-02,3.536157428153066662e-02,4.230599867331836239e-01,-4.225310672002915990e-02,1.023778328815692050e-02,-1.220083729528935283e-02,5.580761915309418592e-03
3.175000000000000266e+00,4.522140208417471108e-01,-5.954089182356657461e-02,3.510775663424832438e-02,4.225337847627027021e-01,-4.193958626760806163e-02,1.008641974587729147e-02,-1.201780266727817473e-02,5.498643608689165151e-03
3.187500000000000000e+00,4.514724959130413939e-01,-5.910362178069836214e-02,3.485575118362843616e-02,4.220114876676359650e-01,-4.162832394583065171e-02,9.937326486919138488e-03,-1.183758436558434747e-02,5.417744524686110910e-03
3.200000000000000178e+00,4.507364172188869644e-01,-5.866949054673692432e-02,3.460554507412199471e-02,4.214930673226557900e-01,-4.131930356513294905e-02,9.790468590500513157e-03,-1.166013719310671735e-02,5.338046266002314730e-03
3.212500000000000355e+00,4.500057456644129816e-01,-5.823847570979432536e-02,3.435712554059019291e-02,4.209784958040816427e-01,-4.101250905144397663e-02,9.645811695943360894e-03,-1.148541672785983146e-02,5.259530720434992153e-03
3.225000000000000089e+00,4.492804424339023051e-01,-5.781055501698507265e-02,3.411047990767711313e-02,4.204677453884411165e-01,-4.070792444536643767e-02,9.503321993076364535e-03,-1.131337930833857530e-02,5.182180056267920651e-03
3.237500000000000266e+00,4.485604689888108565e-01,-5.738570637330767804e-02,3.386559558918677409e-02,4.199607885510417971e-01,-4.040553390136317202e-02,9.362966212818759487e-03,-1.114398201919530353e-02,5.105976717742246630e-03
3.250000000000000000e+00,4.478457870658012485e-01,-5.696390784053414341e-02,3.362246008746438281e-02,4.194575979645532304e-01,-4.010532168694944111e-02,9.224711617941330072e-03,-1.097718267722191075e-02,5.030903420605206677e-03
3.262500000000000178e+00,4.471363586747895691e-01,-5.654513763610689858e-02,3.338106099278173589e-02,4.189581464975984382e-01,-3.980727218189074323e-02,9.088525994000683922e-03,-1.081293981762925481e-02,4.956943147735239086e-03
3.275000000000000355e+00,4.464321460970069877e-01,-5.612937413204369119e-02,3.314138598272682590e-02,4.184624072133560913e-01,-3.951136987740645756e-02,8.954377640443284686e-03,-1.065121268061691197e-02,4.884079144842143859e-03
3.287500000000000089e+00,4.457331118830738514e-01,-5.571659585384982488e-02,3.290342282159755549e-02,4.179703533681721206e-01,-3.921759937537900448e-02,8.822235361875544607e-03,-1.049196119822606507e-02,4.812294916240807130e-03
3.300000000000000266e+00,4.450392188510879365e-01,-5.530678147943805106e-02,3.266715935979954549e-02,4.174819584101813197e-01,-3.892594538756855016e-02,8.692068459496512731e-03,-1.033514598146880251e-02,4.741574220697155131e-03
3.312500000000000000e+00,4.443504300847263555e-01,-5.489990983805605185e-02,3.243258353324808552e-02,4.169971959779388837e-01,-3.863639273483335940e-02,8.563846722689803792e-03,-1.018072830772719962e-02,4.671901067345014119e-03
3.325000000000000178e+00,4.436667089313601764e-01,-5.449595990922117411e-02,3.219968336277406057e-02,4.165160398990614410e-01,-3.834892634635552605e-02,8.437540420771322616e-03,-1.002867010841560977e-02,4.603259711672494543e-03
3.337500000000000355e+00,4.429880190001828644e-01,-5.409491082166275472e-02,3.196844695353399241e-02,4.160384641888777435e-01,-3.806353125887225464e-02,8.313120294889652859e-03,-9.878933956900046512e-03,4.535634651576691233e-03
3.350000000000000089e+00,4.423143241603517684e-01,-5.369674185227171770e-02,3.173886249442399443e-02,4.155644430490891827e-01,-3.778019261591254035e-02,8.190557550075854010e-03,-9.731483056668401715e-03,4.469010623485369926e-03
3.362500000000000266e+00,4.416455885391423752e-01,-5.330143242505739481e-02,3.151091825749777892e-02,4.150939508664395206e-01,-3.749889566703915045e-02,8.069823847439568446e-03,-9.586281229745603066e-03,4.403372598544424976e-03
3.375000000000000000e+00,4.409817765201160533e-01,-5.290896211011177769e-02,3.128460259738857774e-02,4.146269622113941677e-01,-3.721962576709609422e-02,7.950891296508508579e-03,-9.443292905347989985e-03,4.338705778869936421e-03
3.387500000000000178e+00,4.403228527413003968e-01,-5.251931062258075739e-02,3.105990395073498361e-02,4.141634518368288442e-01,-3.694236837546126945e-02,7.833732447708210284e-03,-9.302483108771134740e-03,4.274995593863556605e-03
3.400000000000000355e+00,4.396687820933822266e-01,-5.213245782164272618e-02,3.083681083561074995e-02,4.137033946767276760e-01,-3.666710905530447262e-02,7.718320284979338607e-03,-9.163817450505788373e-03,4.212227696590155161e-03
3.412500000000000089e+00,4.390195297179140255e-01,-5.174838370949413208e-02,3.061531185095839325e-02,4.132467658448902292e-01,-3.639383347285060633e-02,7.604628218529595890e-03,-9.027262115576480117e-03,4.150387960216514981e-03
3.425000000000000266e+00,4.383750610055318631e-01,-5.136706843034211101e-02,3.039539567602666040e-02,4.127935406336479818e-01,-3.612252739664804924e-02,7.492630077717536523e-03,-8.892783853097640731e-03,4.089462474509989766e-03
3.437500000000000000e+00,4.377353415941871995e-01,-5.098849226940423141e-02,3.017705106981189225e-02,4.123436945125898978e-01,-3.585317669684225800e-02,7.382300104065636810e-03,-8.760349966042243336e-03,4.029437542396049378e-03
3.450000000000000178e+00,4.371003373673899017e-01,-5.061263565191502500e-02,2.996026687050307516e-02,4.118972031272967738e-01,-3.558576734445444145e-02,7.273612944399892970e-03,-8.629928301217896364e-03,3.970299676573595810e-03
3.462500000000000355e+00,4.364700144524644720e-01,-5.023947914213963001e-02,2.974503199493078176e-02,4.114540422980849654e-01,-3.532028541066536270e-02,7.166543644113506500e-03,-8.501487239445777722e-03,3.912035596187047118e-03
3.475000000000000089e+00,4.358443392188183774e-01,-4.986900344239413724e-02,2.953133543801979288e-02,4.110141880187588304e-01,-3.505671706610414412e-02,7.061067640552049635e-03,-8.374995685937589376e-03,3.854632223554134169e-03
3.487500000000000266e+00,4.352232782762223140e-01,-4.950118939207277108e-02,2.931916627224542479e-02,4.105776164553718854e-01,-3.479504858014213775e-02,6.957160756517710883e-03,-8.250423060866058506e-03,3.798076680948397552e-03
3.500000000000000000e+00,4.346067984731028511e-01,-4.913601796668201627e-02,2.910851364709368672e-02,4.101443039449971240e-01,-3.453526632019177783e-02,6.854799193890248436e-03,-8.127739290124599836e-03,3.742356287435433596e-03
3.512500000000000178e+00,4.339948668948469535e-01,-4.877347027688119091e-02,2.889936678852493210e-02,4.097142269945056592e-01,-3.427735675101031138e-02,6.753959527362244503e-03,-8.006914796271708684e-03,3.687458555761865143e-03
3.525000000000000355e+00,4.333874508621187172e-01,-4.841352756752995840e-02,2.869171499844134707e-02,4.092873622793544164e-01,-3.402130643400858023e-02,6.654618698286470478e-03,-7.887920489656032388e-03,3.633371189296151493e-03
3.537500000000000089e+00,4.327845179291876510e-01,-4.805617121674232717e-02,2.848554765415794304e-02,4.088636866423821514e-01,-3.376710202656453552e-02,6.556754008633047109e-03,-7.770727759717900411e-03,3.580082079020254372e-03
3.550000000000000266e+00,4.321860358822688375e-01,-4.770138273494724246e-02,2.828085420787719573e-02,4.084431770926141847e-01,-3.351473028134167170e-02,6.460343115054251184e-03,-7.655308466463402184e-03,3.527579300571270435e-03
3.562500000000000000e+00,4.315919727378749737e-01,-4.734914376395583935e-02,2.807762418616732009e-02,4.080258108040754061e-01,-3.326417804561228320e-02,6.365364023054873206e-03,-7.541634932107137319e-03,3.475851111332157756e-03
3.575000000000000178e+00,4.310022967411796246e-01,-4.699943607603501716e-02,2.787584718944399742e-02,4.076115651146121066e-01,-3.301543226058546721e-02,6.271795081265961989e-03,-7.429679932879777564e-03,3.424885947570629075e-03
3.587500000000000355e+00,4.304169763643927449e-01,-4.665224157298764052e-02,2.767551289145575577e-02,4.072004175247219138e-01,-3.276847996073987274e-02,6.179614975820000265e-03,-7.319416690996867828e-03,3.374672421625411669e-03
3.600000000000000089e+00,4.298359803051466921e-01,-4.630754228523907556e-02,2.747661103877278854e-02,4.067923456963918327e-01,-3.252330827316120276e-02,6.088802724825462601e-03,-7.210818866785161790e-03,3.325199319138989144e-03
3.612500000000000266e+00,4.292592774848944526e-01,-4.596532037093000594e-02,2.727913145027927727e-02,4.063873274519449463e-01,-3.227990441688429607e-02,5.999337672938819671e-03,-7.103860550963052127e-03,3.276455596336008518e-03
3.625000000000000000e+00,4.286868370473186918e-01,-4.562555811501579212e-02,2.708306401666922547e-02,4.059853407728953312e-01,-3.203825570224000385e-02,5.911199486032124931e-03,-6.998516257071698762e-03,3.228430377346575442e-03
3.637500000000000178e+00,4.281186283567521289e-01,-4.528823792837187445e-02,2.688839869994566478e-02,4.055863637988103565e-01,-3.179834953020652805e-02,5.824368145954242522e-03,-6.894760914053449895e-03,3.181112951573583647e-03
3.650000000000000355e+00,4.275546209966093469e-01,-4.495334234690559483e-02,2.669512553292336526e-02,4.051903748261823646e-01,-3.156017339176543646e-02,5.738823945383986908e-03,-6.792569858974409867e-03,3.134492771103368665e-03
3.662500000000000089e+00,4.269947847678290942e-01,-4.462085403067411055e-02,2.650323461873489023e-02,4.047973523073069013e-01,-3.132371486726222287e-02,5.654547482773312865e-03,-6.691918829887909953e-03,3.088559448158868358e-03
3.675000000000000266e+00,4.264390896873280767e-01,-4.429075576300845613e-02,2.631271613034002685e-02,4.044072748491702174e-01,-3.108896162577127684e-02,5.571519657378854080e-03,-6.592783958835827206e-03,3.043302752594563391e-03
3.687500000000000000e+00,4.258875059864654089e-01,-4.396303044964384316e-02,2.612356031003864112e-02,4.040201212123437080e-01,-3.085590142446553372e-02,5.489721664380118986e-03,-6.495141764984785002e-03,2.998712609432483377e-03
3.700000000000000178e+00,4.253400041095179995e-01,-4.363766111785582352e-02,2.593575746898675247e-02,4.036358703098868461e-01,-3.062452210799036789e-02,5.409134990082625598e-03,-6.398969147894209911e-03,2.954779096438510215e-03
3.712500000000000355e+00,4.247965547121667629e-01,-4.331463091560269763e-02,2.574929798671605347e-02,4.032545012062575540e-01,-3.039481160784206562e-02,5.329741407204405430e-03,-6.304243380913496231e-03,2.911492441738331577e-03
3.725000000000000089e+00,4.242571286599930991e-01,-4.299392311067375128e-02,2.556417231065662501e-02,4.028759931162304575e-01,-3.016675794175061737e-02,5.251522970244234569e-03,-6.210942104705393339e-03,2.868843021472301628e-03
3.737500000000000266e+00,4.237216970269866434e-01,-4.267552108984346698e-02,2.538037095566291965e-02,4.025003254038226896e-01,-2.994034921306685387e-02,5.174462010930038457e-03,-6.119043320892934845e-03,2.826821357488554145e-03
3.750000000000000000e+00,4.231902310940631184e-01,-4.235940835803174431e-02,2.519788450354308249e-02,4.021274775812276880e-01,-2.971557361015400231e-02,5.098541133745988080e-03,-6.028525385827288377e-03,2.785418115073714888e-03
3.762500000000000178e+00,4.226627023475925671e-01,-4.204556853746981709e-02,2.501670360259137041e-02,4.017574293077561531e-01,-2.949241940578340923e-02,5.023743211536703737e-03,-5.939367004473849326e-03,2.744624100720515891e-03
3.775000000000000355e+00,4.221390824779382989e-01,-4.173398536687215193e-02,2.483681896712390882e-02,4.013901603887845559e-01,-2.927087495653468013e-02,4.950051381187208117e-03,-5.851547224414154272e-03,2.704430259931726605e-03
3.787500000000000089e+00,4.216193433780059396e-01,-4.142464270061402276e-02,2.465822137701751543e-02,4.010256507747116395e-01,-2.905092870219994766e-02,4.877449039377112529e-03,-5.765045429961069244e-03,2.664827675059727556e-03
3.800000000000000266e+00,4.211034571418029171e-01,-4.111752450791485158e-02,2.448090167725174710e-02,4.006638805599215813e-01,-2.883256916519236560e-02,4.805919838407667587e-03,-5.679841336384864985e-03,2.625807563181123665e-03
3.812500000000000000e+00,4.205913960630077164e-01,-4.081261487202734323e-02,2.430485077745410394e-02,4.003048299817552613e-01,-2.861578494995887720e-02,4.735447682100335683e-03,-5.595914984247889364e-03,2.587361274005815694e-03
3.825000000000000178e+00,4.200831326335496829e-01,-4.050989798943210179e-02,2.413005965144828999e-02,3.999484794194880233e-01,-2.840056474239698384e-02,4.666016721765470568e-03,-5.513246733845436100e-03,2.549480287819887517e-03
3.837500000000000355e+00,4.195786395421987613e-01,-4.020935816903810356e-02,2.395651933680564491e-02,3.995948093933157641e-01,-2.818689730927578102e-02,4.597611352239880204e-03,-5.431817259750690817e-03,2.512156213461777966e-03
3.850000000000000089e+00,4.190778896731648939e-01,-3.991097983138856137e-02,2.378422093439960805e-02,3.992438005633470177e-01,-2.797477149766099819e-02,4.530216207991900716e-03,-5.351607545461481083e-03,2.475380786331127930e-03
3.862500000000000266e+00,4.185808561047075771e-01,-3.961474750787240956e-02,2.361315560796324597e-02,3.988954337286033658e-01,-2.776417623434410467e-02,4.463816159292774075e-03,-5.272598878146735751e-03,2.439145866429751498e-03
3.875000000000000000e+00,4.180875121077554102e-01,-3.932064583994139551e-02,2.344331458364985743e-02,3.985496898260260656e-01,-2.755510052527553738e-02,4.398396308453100464e-03,-5.194772843490597959e-03,2.403443436434201611e-03
3.887500000000000178e+00,4.175978311445349145e-01,-3.902865957833243776e-02,2.327468914959653426e-02,3.982065499294900612e-01,-2.734753345500180732e-02,4.333941986123103322e-03,-5.118111320632089296e-03,2.368265599799348250e-03
3.900000000000000355e+00,4.171117868672092888e-01,-3.873877358229563944e-02,2.310727065549078932e-02,3.978659952488253770e-01,-2.714146418610670353e-02,4.270438747655596820e-03,-5.042596477198429961e-03,2.333604578892484269e-03
3.912500000000000089e+00,4.166293531165270458e-01,-3.845097281882756124e-02,2.294105051214011606e-02,3.975280071288447292e-01,-2.693688195865639318e-02,4.207872369530444093e-03,-4.968210764430005220e-03,2.299452713157402930e-03
3.925000000000000266e+00,4.161505039204797529e-01,-3.816524236190987213e-02,2.277602019104451106e-02,3.971925670483787418e-01,-2.673377608964842139e-02,4.146228845839382109e-03,-4.894936912395109890e-03,2.265802457307948374e-03
3.937500000000000000e+00,4.156752134929694309e-01,-3.788156739175341237e-02,2.261217122397196633e-02,3.968596566193174358e-01,-2.653213597246468006e-02,4.085494384830138520e-03,-4.822757925292658898e-03,2.232646379550553336e-03
3.950000000000000178e+00,4.152034562324855571e-01,-3.759993319404739825e-02,2.244949520253683786e-02,3.965292575856591561e-01,-2.633195107632817569e-02,4.025655405508692108e-03,-4.751657076840992179e-03,2.199977159835238023e-03
3.962500000000000355e+00,4.147352067207910054e-01,-3.732032515921406002e-02,2.228798377778116666e-02,3.962013518225656616e-01,-2.613321094576369699e-02,3.966698534298671551e-03,-4.681617905751075601e-03,2.167787588134622613e-03
3.975000000000000089e+00,4.142704397216177559e-01,-3.704272878166832428e-02,2.212762865975884466e-02,3.958759213354243189e-01,-2.593590520006225711e-02,3.908610601756803103e-03,-4.612624211282338044e-03,2.136070562750455072e-03
3.987500000000000266e+00,4.138091301793714316e-01,-3.676712965908274927e-02,2.196842161712262223e-02,3.955529482589169588e-01,-2.574002353274932112e-02,3.851378639343403659e-03,-4.544660048879459353e-03,2.104819088647191111e-03
4.000000000000000000e+00,4.133512532178452159e-01,-3.649351349165767811e-02,2.181035447671402991e-02,3.952324148560948935e-01,-2.554555571105685680e-02,3.794989876246935168e-03,-4.477709725888514951e-03,2.074026275812190442e-03
4.012500000000000178e+00,4.128967841389427074e-01,-3.622186608139631864e-02,2.165341912315605494e-02,3.949143035174613181e-01,-2.535249157539902834e-02,3.739431736261587813e-03,-4.411757797350793556e-03,2.043685337642043177e-03
4.025000000000000355e+00,4.124456984214099897e-01,-3.595217333138511773e-02,2.149760749844865926e-02,3.945985967600594835e-01,-2.516082103885169952e-02,3.684691834716995532e-03,-4.346789061872800494e-03,2.013789589354628238e-03
4.037500000000000533e+00,4.119979717195765834e-01,-3.568442124507897883e-02,2.134291160156707307e-02,3.942852772265677541e-01,-2.497053408663553117e-02,3.630757975459088585e-03,-4.282788557570848913e-03,1.984332446426433690e-03
4.049999999999999822e+00,4.115535798621051122e-01,-3.541859592559162828e-02,2.118932348806287780e-02,3.939743276844010489e-01,-2.478162077560281187e-02,3.577618147881187621e-03,-4.219741558088784331e-03,1.955307423054742158e-03
4.062500000000000000e+00,4.111124988507501854e-01,-3.515468357499081792e-02,2.103683526966775713e-02,3.936657310248184438e-01,-2.459407123372781695e-02,3.525260524004412022e-03,-4.157633568687335926e-03,1.926708130644237031e-03
4.075000000000000178e+00,4.106747048591256055e-01,-3.489267049359860012e-02,2.088543911390012067e-02,3.933594702620377137e-01,-2.440787565960093539e-02,3.473673455606566835e-03,-4.096450322403729326e-03,1.898528276317659963e-03
4.087500000000000355e+00,4.102401742314807920e-01,-3.463254307929643228e-02,2.073512724367431240e-02,3.930555285323553139e-01,-2.422302432192622798e-02,3.422845471398563294e-03,-4.036177776280083784e-03,1.870761661450071446e-03
4.100000000000000533e+00,4.098088834814855308e-01,-3.437428782683511763e-02,2.058589193691257382e-02,3.927538890932733562e-01,-2.403950755902260414e-02,3.372765274247582334e-03,-3.976802107659280563e-03,1.843402180226350615e-03
4.112499999999999822e+00,4.093808092910232732e-01,-3.411789132714967282e-02,2.043772552615968907e-02,3.924545353226324695e-01,-2.385731577832855138e-02,3.323421738446125442e-03,-3.918309710546952034e-03,1.816443818221539618e-03
4.125000000000000000e+00,4.089559285089932050e-01,-3.386334026667884439e-02,2.029062039820021812e-02,3.921574507177508218e-01,-2.367643945591028226e-02,3.274803907026113681e-03,-3.860687192038257057e-03,1.789880651003637486e-03
4.137500000000000178e+00,4.085342181501206427e-01,-3.361062142668962138e-02,2.014456899367849524e-02,3.918626188945694144e-01,-2.349686913597351726e-02,3.226900989117292406e-03,-3.803921368808235726e-03,1.763706842758503042e-03
4.150000000000000355e+00,4.081156553937759224e-01,-3.335972168260624426e-02,1.999956380672113579e-02,3.915700235868033730e-01,-2.331859543037856711e-02,3.179702357349078676e-03,-3.747999263664402499e-03,1.737916644936457478e-03
4.162500000000000533e+00,4.077002175828015051e-01,-3.311062800334407807e-02,1.985559738456221801e-02,3.912796486450991207e-01,-2.314160901815893664e-02,3.133197545295135760e-03,-3.692908102160422004e-03,1.712504394920256329e-03
4.174999999999999822e+00,4.072878822223476303e-01,-3.286332745064809296e-02,1.971266232717101483e-02,3.909914780361979925e-01,-2.296590064504333908e-02,3.087376244959901938e-03,-3.638635309269654030e-03,1.687464514714067873e-03
4.187500000000000000e+00,4.068786269787158516e-01,-3.261780717843591748e-02,1.957075128688228957e-02,3.907054958421050661e-01,-2.279146112298100629e-02,3.042228304306315509e-03,-3.585168506117373827e-03,1.662791509653099072e-03
4.200000000000000178e+00,4.064724296782111779e-01,-3.237405443214567968e-02,1.942985696802921464e-02,3.904216862592649884e-01,-2.261828132967051708e-02,2.997743724824058608e-03,-3.532495506770590415e-03,1.638479967133554642e-03
4.212500000000000355e+00,4.060692683060018737e-01,-3.213205654808823364e-02,1.928997212657875687e-02,3.901400335977423528e-01,-2.244635220809181389e-02,2.953912659137541367e-03,-3.480604315084260755e-03,1.614524555362558886e-03
4.225000000000000533e+00,4.056691210049879204e-01,-3.189180095280403499e-02,1.915108956976958876e-02,3.898605222804091275e-01,-2.227566476604162654e-02,2.910725408652978935e-03,-3.429483121602870666e-03,1.590920022127736934e-03
4.237499999999999822e+00,4.052719660746768038e-01,-3.165327516242448513e-02,1.901320215575254616e-02,3.895831368421370788e-01,-2.210621007567214330e-02,2.868172421243856199e-03,-3.379120300516284814e-03,1.567661193586121233e-03
4.250000000000000000e+00,4.048777819700676850e-01,-3.141646678203770943e-02,1.887630279323350077e-02,3.893078619289961351e-01,-2.193797927303294329e-02,2.826244288974096713e-03,-3.329504406668814132e-03,1.544742973072057383e-03
4.262500000000000178e+00,4.044865473005435641e-01,-3.118136350505894272e-02,1.874038444111880003e-02,3.890346822974587448e-01,-2.177096355761623525e-02,2.784931745858322625e-03,-3.280624172620516185e-03,1.522160339923823297e-03
4.275000000000000355e+00,4.040982408287708272e-01,-3.094795311260516157e-02,1.860544010816306618e-02,3.887635828136095095e-01,-2.160515419190526046e-02,2.744225665658493914e-03,-3.232468505759667279e-03,1.499908348328619087e-03
4.287500000000000533e+00,4.037128414696070644e-01,-3.071622347287417468e-02,1.847146285261947948e-02,3.884945484523605330e-01,-2.144054250092590833e-02,2.704117059716343655e-03,-3.185026485465472599e-03,1.477982126185651201e-03
4.299999999999999822e+00,4.033303282890164376e-01,-3.048616254052808824e-02,1.833844578189247967e-02,3.882275642966726559e-01,-2.127711987180152739e-02,2.664597074820971353e-03,-3.138287360320040319e-03,1.456376873987007443e-03
4.312500000000000000e+00,4.029506805029924310e-01,-3.025775835608100414e-02,1.820638205219282657e-02,3.879626155367817963e-01,-2.111487775331083450e-02,2.625656991110967686e-03,-3.092240545368661695e-03,1.435087863716022353e-03
4.325000000000000178e+00,4.025738774764888728e-01,-3.003099904529119013e-02,1.807526486819514139e-02,3.876996874694311201e-01,-2.095380765544908180e-02,2.587288220010516837e-03,-3.046875619427534543e-03,1.414110437762870981e-03
4.337500000000000355e+00,4.021998987223578403e-01,-2.980587281855733364e-02,1.794508748269771012e-02,3.874387654971085393e-01,-2.079390114899219016e-02,2.549482302198834583e-03,-3.002182322437956050e-03,1.393440007857078399e-03
4.350000000000000533e+00,4.018287239002956701e-01,-2.958236797031912890e-02,1.781584319628471899e-02,3.871798351272895400e-01,-2.063514986506406398e-02,2.512230905612403489e-03,-2.958150552866161374e-03,1.373072054016691648e-03
4.362499999999999822e+00,4.014603328157960171e-01,-2.936047287846207596e-02,1.768752535699081099e-02,3.869228819716857282e-01,-2.047754549470695226e-02,2.475525823479433635e-03,-2.914770365147928075e-03,1.353002123513836162e-03
4.375000000000000000e+00,4.010947054191104089e-01,-2.914017600372635977e-02,1.756012735996790794e-02,3.866678917454983710e-01,-2.032107978845480029e-02,2.439358972385972501e-03,-2.872031967177087700e-03,1.333225829856381477e-03
4.387500000000000178e+00,4.007318218042165148e-01,-2.892146588912006266e-02,1.743364264715445769e-02,3.864148502666774343e-01,-2.016574455590975853e-02,2.403722390373168316e-03,-2.829925717837162170e-03,1.313738851785475111e-03
4.400000000000000355e+00,4.003716622077930776e-01,-2.870433115933631110e-02,1.730806470694686017e-02,3.861637434551858927e-01,-2.001153166532155039e-02,2.368608235065094905e-03,-2.788442124575263650e-03,1.294536932288660328e-03
4.412500000000000533e+00,4.000142070082027823e-01,-2.848876052017461358e-02,1.718338707387323874e-02,3.859145573322692591e-01,-1.985843304316991381e-02,2.334008781826656196e-03,-2.747571841017502903e-03,1.275615877628345123e-03
4.424999999999999822e+00,3.996594367244819535e-01,-2.827474275796626121e-02,1.705960332826944939e-02,3.856672780197302197e-01,-1.970644067374997463e-02,2.299916421951040887e-03,-2.707305664625124161e-03,1.256971556385365037e-03
4.437500000000000000e+00,3.993073320153372463e-01,-2.806226673900368007e-02,1.693670709595729990e-02,3.854218917392085997e-01,-1.955554659876052037e-02,2.266323660876215940e-03,-2.667634534390585493e-03,1.238599898517391516e-03
4.450000000000000178e+00,3.989578736781499990e-01,-2.785132140897394332e-02,1.681469204792510053e-02,3.851783848114663789e-01,-1.940574291689530981e-02,2.233223116429996179e-03,-2.628549528572895512e-03,1.220496894431962256e-03
4.462500000000000355e+00,3.986110426479870794e-01,-2.764189579239612060e-02,1.669355190001032066e-02,3.849367436556776489e-01,-1.925702178343715806e-02,2.200607517103153089e-03,-2.590041862471412389e-03,1.202658594073875275e-03
4.475000000000000533e+00,3.982668199966192257e-01,-2.743397899206265200e-02,1.657328041258451096e-02,3.846969547887239549e-01,-1.910937540985496383e-02,2.168469700350133048e-03,-2.552102886237437272e-03,1.185081106026727700e-03
4.487499999999999822e+00,3.979251869315457713e-01,-2.722756018848463203e-02,1.645387139024039394e-02,3.844590048244945213e-01,-1.896279606340360580e-02,2.136802610916891873e-03,-2.514724082722896541e-03,1.167760596628372467e-03
4.500000000000000000e+00,3.975861247950269184e-01,-2.702262863934095163e-02,1.633531868148109870e-02,3.842228804731910308e-01,-1.881727606672658690e-02,2.105599299195383845e-03,-2.477897065365408137e-03,1.150693289100056119e-03
4.512500000000000178e+00,3.972496150631223966e-01,-2.681917367893140933e-02,1.621761617841162295e-02,3.839885685406382310e-01,-1.867280779746166922e-02,2.074852919604288845e-03,-2.441613576109106197e-03,1.133875462689039109e-03
4.525000000000000355e+00,3.969156393447371145e-01,-2.661718471763357616e-02,1.610075781643236642e-02,3.837560559275987049e-01,-1.852938368784913178e-02,2.044556728995479324e-03,-2.405865483360516630e-03,1.117303451824456150e-03
4.537500000000000533e+00,3.965841793806736404e-01,-2.641665124136349796e-02,1.598473757393481520e-02,3.835253296290925817e-01,-1.838699622434291497e-02,2.014704085085842426e-03,-2.370644779978877369e-03,1.100973645286223209e-03
4.549999999999999822e+00,3.962552170426912324e-01,-2.621756281104023131e-02,1.586954947199935989e-02,3.832963767337227989e-01,-1.824563794722449186e-02,1.985288444914004927e-03,-2.335943581300263180e-03,1.084882485386773864e-03
4.562500000000000000e+00,3.959287343325715858e-01,-2.601990906205403284e-02,1.575518757409516413e-02,3.830691844230040832e-01,-1.810530145021945272e-02,1.956303363321542504e-03,-2.301754123194886623e-03,1.069026467165415557e-03
4.575000000000000178e+00,3.956047133811914640e-01,-2.582367970373847244e-02,1.564164598578217727e-02,3.828437399706976496e-01,-1.796597938011689627e-02,1.927742491458285393e-03,-2.268068760157006605e-03,1.053402137595119050e-03
4.587500000000000355e+00,3.952831364476014908e-01,-2.562886451884607147e-02,1.552891885441517843e-02,3.826200307421502855e-01,-1.782766443639142648e-02,1.899599575311281983e-03,-2.234879963426802691e-03,1.038006094801519020e-03
4.600000000000000533e+00,3.949639859181117152e-01,-2.543545336302773310e-02,1.541700036884988134e-02,3.823980441936378760e-01,-1.769034937082789027e-02,1.871868454257050651e-03,-2.202180319143675225e-03,1.022834987293951481e-03
4.612499999999999822e+00,3.946472443053836709e-01,-2.524343616431582588e-02,1.530588475915109666e-02,3.821777678717140359e-01,-1.755402698714878668e-02,1.844543059636722347e-03,-2.169962526530388406e-03,1.007885513208322441e-03
4.625000000000000000e+00,3.943328942475287091e-01,-2.505280292261080968e-02,1.519556629630288216e-02,3.819591894125631826e-01,-1.741869014064423293e-02,1.817617413353682767e-03,-2.138219396107487319e-03,9.931544195616228560e-04
4.637500000000000178e+00,3.940209185072129361e-01,-2.486354370917164339e-02,1.508603929192078169e-02,3.817422965413581615e-01,-1.728433173780472010e-02,1.791085626493364984e-03,-2.106943847937480224e-03,9.786385015179109581e-04
4.650000000000000355e+00,3.937112999707683691e-01,-2.467564866610962374e-02,1.497729809796599469e-02,3.815270770716227000e-01,-1.715094473595632149e-02,1.764941897964789671e-03,-2.076128909898200623e-03,9.643346016655656361e-04
4.662500000000000533e+00,3.934040216473104756e-01,-2.448910800588584985e-02,1.486933710646156162e-02,3.813135189045979700e-01,-1.701852214289857612e-02,1.739180513163517214e-03,-2.045767715984867299e-03,9.502396093056423654e-04
4.674999999999999822e+00,3.930990666678618184e-01,-2.430391201081223002e-02,1.476215074921053381e-02,3.811016100286142572e-01,-1.688705701654494296e-02,1.713795842655647028e-03,-2.015853504640306281e-03,9.363504597511515017e-04
4.687500000000000000e+00,3.927964182844820851e-01,-2.412005103255591976e-02,1.465573349751605851e-02,3.808913385184664047e-01,-1.675654246456573584e-02,1.688782340882507118e-03,-1.986379617112829076e-03,9.226641336370811249e-04
4.700000000000000178e+00,3.924960598694041680e-01,-2.393751549164740977e-02,1.455007986190348657e-02,3.806826925347942536e-01,-1.662697164403372299e-02,1.664134544885717548e-03,-1.957339495841301392e-03,9.091776562410069018e-04
4.712500000000000355e+00,3.921979749141766280e-01,-2.375629587699190290e-02,1.444518439184434844e-02,3.804756603234674683e-01,-1.649833776107213074e-02,1.639847073052256351e-03,-1.928726682866877809e-03,8.958880968141023741e-04
4.725000000000000533e+00,3.919021470288117093e-01,-2.357638274538422299e-02,1.434104167548227310e-02,3.802702302149741920e-01,-1.637063407050520433e-02,1.615914623879221700e-03,-1.900534818270955065e-03,8.827925679224001617e-04
4.737499999999999822e+00,3.916085599409400708e-01,-2.339776672102713770e-02,1.423764633936082553e-02,3.800663906238149203e-01,-1.624385387551125631e-02,1.592331974757959026e-03,-1.872757638638875358e-03,8.698882247981345106e-04
4.750000000000000000e+00,3.913171974949709586e-01,-2.322043849505297727e-02,1.413499304815320386e-02,3.798641300478998728e-01,-1.611799052727812612e-02,1.569093980777225414e-03,-1.845388975548906086e-03,8.571722647010037496e-04
4.762500000000000178e+00,3.910280436512586499e-01,-2.304438882504879216e-02,1.403307650439387586e-02,3.796634370679511372e-01,-1.599303742466117589e-02,1.546195573545102245e-03,-1.818422754086085336e-03,8.446419262892076963e-04
4.775000000000000355e+00,3.907410824852747266e-01,-2.286960853458469903e-02,1.393189144821203873e-02,3.794643003469089781e-01,-1.586898801384365940e-02,1.523631760029314558e-03,-1.791852991380447815e-03,8.322944890000876254e-04
4.787500000000000533e+00,3.904562981867860660e-01,-2.269608851274560260e-02,1.383143265706693673e-02,3.792667086293424195e-01,-1.574583578799950562e-02,1.501397621415681517e-03,-1.765673795169238119e-03,8.201272724402320800e-04
4.800000000000000711e+00,3.901736750590391045e-01,-2.252381971366623076e-02,1.373169494548505051e-02,3.790706507408637127e-01,-1.562357428695852930e-02,1.479488311984390085e-03,-1.739879362382672212e-03,8.081376357848909934e-04
4.812500000000000000e+00,3.898931975179493747e-01,-2.235279315606943096e-02,1.363267316479909244e-02,3.788761155875474684e-01,-1.550219709687401283e-02,1.457899058003801545e-03,-1.714463977752838817e-03,7.963229771865568477e-04
4.825000000000000178e+00,3.896148500912970380e-01,-2.218299992280766200e-02,1.353436220288881629e-02,3.786830921553535068e-01,-1.538169784989261782e-02,1.436625156641498785e-03,-1.689422012445326990e-03,7.846807331925601068e-04
4.837500000000000355e+00,3.893386174179282455e-01,-2.201443116040785464e-02,1.343675698392367453e-02,3.784915695095542043e-01,-1.526207022382672536e-02,1.415661974892312193e-03,-1.664747922713204513e-03,7.732083781715516375e-04
4.850000000000000533e+00,3.890644842469618836e-01,-2.184707807861932527e-02,1.333985246810722065e-02,3.783015367941653939e-01,-1.514330794182902444e-02,1.395004948523017978e-03,-1.640436248572923854e-03,7.619034237487143672e-04
4.862500000000000711e+00,3.887924354370021485e-01,-2.168093194996495443e-02,1.324364365142331398e-02,3.781129832313819272e-01,-1.502540477206946480e-02,1.374649581033460417e-03,-1.616481612501800271e-03,7.507634182495807971e-04
4.875000000000000000e+00,3.885224559553568935e-01,-2.151598410929552244e-02,1.314812556538410594e-02,3.779258981210167345e-01,-1.490835452741450309e-02,1.354591442633823299e-03,-1.592878718156674582e-03,7.397859461523159652e-04
4.887500000000000178e+00,3.882545308772608061e-01,-2.135222595334712592e-02,1.305329327677974202e-02,3.777402708399443809e-01,-1.479215106510858684e-02,1.334826169237779501e-03,-1.569622349113388273e-03,7.289686275483296847e-04
4.900000000000000355e+00,3.879886453851050243e-01,-2.118964894030183482e-02,1.295914188742987305e-02,3.775560908415480643e-01,-1.467678828645800106e-02,1.315349461471283007e-03,-1.546707367626729652e-03,7.183091176110984691e-04
4.912500000000000533e+00,3.877247847676716930e-01,-2.102824458935130189e-02,1.286566653393684395e-02,3.773733476551708876e-01,-1.456226013651687121e-02,1.296157083696722985e-03,-1.524128713410469833e-03,7.078051060730545727e-04
4.925000000000000711e+00,3.874629344193739056e-01,-2.086800448026354324e-02,1.277286238744063281e-02,3.771920308855709614e-01,-1.444856060377545416e-02,1.277244863052209205e-03,-1.501881402437157649e-03,6.974543167104253760e-04
4.937500000000000000e+00,3.872030798395014184e-01,-2.070892025295274080e-02,1.268072465337548999e-02,3.770121302123805029e-01,-1.433568371985064101e-02,1.258608688505737918e-03,-1.479960525757332201e-03,6.872545068358961590e-04
4.950000000000000178e+00,3.869452066314711947e-01,-2.055098360705204241e-02,1.258924857122826167e-02,3.768336353895685442e-01,-1.422362355917862822e-02,1.240244509923992726e-03,-1.458361248337804996e-03,6.772034667989702741e-04
4.962500000000000355e+00,3.866893005020839436e-01,-2.039418630148945311e-02,1.249842941429844811e-02,3.766565362449075249e-01,-1.411237423870985788e-02,1.222148337155562524e-03,-1.437078807918707899e-03,6.672990194939172181e-04
4.975000000000000533e+00,3.864353472607852114e-01,-2.023852015406665122e-02,1.240826248945988385e-02,3.764808226794440493e-01,-1.400192991760605687e-02,1.204316239128315653e-03,-1.416108513888955818e-03,6.575390198751745931e-04
4.987500000000000711e+00,3.861833328189323566e-01,-2.008397704104077086e-02,1.231874313692410579e-02,3.763064846669728070e-01,-1.389228479693945841e-02,1.186744342960726652e-03,-1.395445746179827711e-03,6.479213544801006334e-04
5.000000000000000000e+00,3.859332431890662995e-01,-1.993054889670918886e-02,1.222986673000537455e-02,3.761335122535147124e-01,-1.378343311939419537e-02,1.169428833086919028e-03,-1.375085954176350194e-03,6.384439409589573846e-04
5.012500000000000178e+00,3.856850644841886555e-01,-1.977822771299713941e-02,1.214162867488731423e-02,3.759618955567987086e-01,-1.367536916896975284e-02,1.152365950395202020e-03,-1.355024655646171715e-03,6.291047276120085262e-04
5.025000000000000355e+00,3.854387829170438651e-01,-1.962700553904837136e-02,1.205402441039123140e-02,3.757916247657469566e-01,-1.356808727068663407e-02,1.135551991379899449e-03,-1.335257435685649518e-03,6.199016929336331749e-04
5.037500000000000533e+00,3.851943847994067083e-01,-1.947687448081856371e-02,1.196704940774600059e-02,3.756226901399640217e-01,-1.346158179029404052e-02,1.118983307306234756e-03,-1.315779945682826529e-03,6.108328451633294673e-04
5.050000000000000711e+00,3.849518565413744264e-01,-1.932782670067168321e-02,1.188069917035958212e-02,3.754550820092295571e-01,-1.335584713397968033e-02,1.102656303388081186e-03,-1.296587902297034918e-03,6.018962218435152224e-04
5.062500000000000000e+00,3.847111846506643396e-01,-1.917985441697917653e-02,1.179496923359214279e-02,3.752887907729947070e-01,-1.325087774808162908e-02,1.086567437978363734e-03,-1.277677086454832292e-03,5.930898893840124949e-04
5.075000000000000178e+00,3.844723557319160712e-01,-1.903294990372191367e-02,1.170985516453072230e-02,3.751238068998818398e-01,-1.314666811880224086e-02,1.070713221771905791e-03,-1.259043342361990158e-03,5.844119426331122582e-04
5.087500000000000355e+00,3.842353564859990467e-01,-1.888710549009509770e-02,1.162535256176554406e-02,3.749601209271881674e-01,-1.304321277192414114e-02,1.055090217020538974e-03,-1.240682576531280078e-03,5.758605044551253285e-04
5.100000000000000533e+00,3.840001737093245993e-01,-1.874231356011580099e-02,1.154145705516782666e-02,3.747977234603926400e-01,-1.294050627252819538e-02,1.039695036760255849e-03,-1.222590756825765648e-03,5.674337253143053612e-04
5.112500000000000711e+00,3.837667942931634601e-01,-1.859856655223334279e-02,1.145816430566917558e-02,3.746366051726667257e-01,-1.283854322471352644e-02,1.024524344050232929e-03,-1.204763911517356791e-03,5.591297828650570751e-04
5.125000000000000000e+00,3.835352052229673014e-01,-1.845585695894242512e-02,1.137547000504252580e-02,3.744767568043880779e-01,-1.273731827131950947e-02,1.009574851223526623e-03,-1.187198128360360304e-03,5.509468815483264904e-04
5.137500000000000178e+00,3.833053935776960519e-01,-1.831417732639894352e-02,1.129336987568457448e-02,3.743181691626581986e-01,-1.263682609364975146e-02,9.948433191492521942e-04,-1.169889553679772732e-03,5.428832521940763585e-04
5.150000000000000355e+00,3.830773465291490987e-01,-1.817352025403857693e-02,1.121185967039980275e-02,3.741608331208233773e-01,-1.253706141119807771e-02,9.803265565060791803e-04,-1.152834391474080082e-03,5.349371516297615672e-04
5.162500000000000533e+00,3.828510513413019845e-01,-1.803387839419802116e-02,1.113093517218595105e-02,3.740047396179988493e-01,-1.243801898137643185e-02,9.660214190668418421e-04,-1.136028902532301580e-03,5.271068622946976185e-04
5.175000000000000711e+00,3.826264953696474347e-01,-1.789524445173889047e-02,1.105059219402102465e-02,3.738498796585967288e-01,-1.233969359924474117e-02,9.519248089941039544e-04,-1.119469403565050841e-03,5.193906918602440078e-04
5.187500000000000000e+00,3.824036660605408811e-01,-1.775761118367431834e-02,1.097082657865177703e-02,3.736962443118569399e-01,-1.224208009724271802e-02,9.380336741464983998e-04,-1.103152266349378356e-03,5.117869728557052512e-04
5.200000000000000178e+00,3.821825509505512031e-01,-1.762097139879810828e-02,1.089163419838366093e-02,3.735438247113817001e-01,-1.214517334492353808e-02,9.243450073956674395e-04,-1.087073916887157593e-03,5.042940622998628259e-04
5.212500000000000355e+00,3.819631376658156330e-01,-1.748531795731662897e-02,1.081301095487230239e-02,3.733926120546731675e-01,-1.204896824868950493e-02,9.108558459536481890e-04,-1.071230834576802037e-03,4.969103413380555152e-04
5.225000000000000533e+00,3.817454139213993791e-01,-1.735064377048317272e-02,1.073495277891637484e-02,3.732425976026746417e-01,-1.195345975152951705e-02,8.975632707105211505e-04,-1.055619551398074380e-03,4.896342148847151327e-04
5.237500000000000711e+00,3.815293675206598567e-01,-1.721694180023498888e-02,1.065745563025194756e-02,3.730937726793145948e-01,-1.185864283275846025e-02,8.844644055821713167e-04,-1.040236651109779096e-03,4.824641112712794565e-04
5.250000000000000000e+00,3.813149863546153595e-01,-1.708420505883283258e-02,1.058051549734828622e-02,3.729461286710545331e-01,-1.176451250775846849e-02,8.715564168680000820e-04,-1.025078768460125191e-03,4.753984818993975880e-04
5.262500000000000178e+00,3.811022584013181724e-01,-1.695242660850303576e-02,1.050412839720504983e-02,3.727996570264394682e-01,-1.167106382772198532e-02,8.588365126184238120e-04,-1.010142588409537355e-03,4.684358008993441962e-04
5.275000000000000355e+00,3.808911717252325135e-01,-1.682159956108221152e-02,1.042829037515095522e-02,3.726543492556521064e-01,-1.157829187939674737e-02,8.463019420120201875e-04,-9.954248453657292030e-04,4.615745647935694663e-04
5.287500000000000533e+00,3.806817144766163064e-01,-1.669171707766432811e-02,1.035299750464381725e-02,3.725101969300699256e-01,-1.148619178483252165e-02,8.339499947421515590e-04,-9.809223224308107406e-04,4.548132921652961718e-04
5.300000000000000711e+00,3.804738748909076707e-01,-1.656277236825036414e-02,1.027824588707199234e-02,3.723671916818254157e-01,-1.139475870112968865e-02,8.217780004129297865e-04,-9.666318506602492944e-04,4.481505233320938301e-04
5.312500000000000000e+00,3.802676412881160761e-01,-1.643475869140041332e-02,1.020403165155723581e-02,3.722253252033695392e-01,-1.130398782018962427e-02,8.097833279443705616e-04,-9.525503083334793328e-04,4.415848200243505258e-04
5.325000000000000178e+00,3.800630020722170488e-01,-1.630766935388820033e-02,1.013035095475890365e-02,3.720845892470382443e-01,-1.121387436846684425e-02,7.979633849865892152e-04,-9.386746202359670969e-04,4.351147650685658545e-04
5.337500000000000355e+00,3.798599457305521510e-01,-1.618149771035815379e-02,1.005719998067957505e-02,3.719449756246221983e-01,-1.112441360672298922e-02,7.863156173429093187e-04,-9.250017569525534290e-04,4.287389620753971728e-04
5.350000000000000533e+00,3.796584608332322919e-01,-1.605623716298475515e-02,9.984574940472001892e-03,3.718064762069393514e-01,-1.103560082978249576e-02,7.748375084017252411e-04,-9.115287341718708580e-04,4.224560351323776745e-04
5.362500000000000711e+00,3.794585360325459789e-01,-1.593188116113440286e-02,9.912472072247416680e-03,3.716690829234107762e-01,-1.094743136629007345e-02,7.635265785769964741e-04,-8.982526120016654826e-04,4.162646285012408087e-04
5.375000000000000000e+00,3.792601600623714542e-01,-1.580842320102959775e-02,9.840887640885207302e-03,3.715327877616392827e-01,-1.085990057846989744e-02,7.523803847572326691e-04,-8.851704942948413965e-04,4.101634063197794272e-04
5.387500000000000178e+00,3.790633217375928843e-01,-1.568585682541552215e-02,9.769817937843875560e-03,3.713975827669912522e-01,-1.077300386188652197e-02,7.413965197628334279e-04,-8.722795279860457275e-04,4.041510523081670754e-04
5.400000000000000355e+00,3.788680099535213786e-01,-1.556417562322900093e-02,9.699259280973406006e-03,3.712634600421815256e-01,-1.068673664520754935e-02,7.305726118116631510e-04,-8.595769024386352378e-04,3.982262694796798955e-04
5.412500000000000533e+00,3.786742136853191165e-01,-1.544337322926975925e-02,9.629208014328861226e-03,3.711304117468607333e-01,-1.060109438996795911e-02,7.199063239927175036e-04,-8.470598488018371347e-04,3.923877798557435766e-04
5.425000000000000711e+00,3.784819219874284713e-01,-1.532344332387400830e-02,9.559660507985349304e-03,3.709984300972062332e-01,-1.051607259033614759e-02,7.093953537477661400e-04,-8.347256393779490516e-04,3.866343241852457173e-04
5.437500000000000000e+00,3.782911239930046299e-01,-1.520437963259036601e-02,9.490613157854261087e-03,3.708675073655155474e-01,-1.043166677288165194e-02,6.990374323608434257e-04,-8.225715869994118827e-04,3.809646616680455156e-04
5.450000000000000178e+00,3.781018089133524884e-01,-1.508617592585800513e-02,9.422062385500785953e-03,3.707376358798026295e-01,-1.034787249634452205e-02,6.888303244554617143e-04,-8.105950444155872025e-04,3.753775696826159485e-04
5.462500000000000355e+00,3.779139660373676546e-01,-1.496882601868716918e-02,9.354004637962759841e-03,3.706088080233974069e-01,-1.026468535140638919e-02,6.787718274994364830e-04,-7.987934036890971317e-04,3.698718435177602757e-04
5.475000000000000533e+00,3.777275847309811696e-01,-1.485232377034185168e-02,9.286436387570724121e-03,3.704810162345479330e-01,-1.018210096046314947e-02,6.688597713171921377e-04,-7.871640956015504668e-04,3.644462961083336401e-04
5.487500000000000711e+00,3.775426544366082271e-01,-1.473666308402476685e-02,9.219354131769292443e-03,3.703542530060250915e-01,-1.010011497739928335e-02,6.590920176094407180e-04,-7.757045890685173792e-04,3.590997577749140373e-04
5.500000000000000000e+00,3.773591646726011661e-01,-1.462183790656453909e-02,9.152754392939750974e-03,3.702285108847307438e-01,-1.001872308736381952e-02,6.494664594801177098e-04,-7.644123905635976431e-04,3.538310759673606921e-04
5.512500000000000178e+00,3.771771050327057950e-01,-1.450784222810507125e-02,9.086633718223892028e-03,3.701037824713079294e-01,-9.937921006547879160e-03,6.399810209704564611e-04,-7.532850435514297375e-04,3.486391150121992888e-04
5.525000000000000355e+00,3.769964651855219895e-01,-1.439467008179717324e-02,9.020988679349141795e-03,3.699800604197547305e-01,-9.857704481963863036e-03,6.306336566001019984e-04,-7.423201279295088724e-04,3.435227558637804425e-04
5.537500000000000533e+00,3.768172348739681765e-01,-1.428231554349229659e-02,8.955815872454845131e-03,3.698573374370397460e-01,-9.778069291226198015e-03,6.214223509151414011e-04,-7.315152594786551070e-04,3.384808958591474970e-04
5.550000000000000711e+00,3.766394039147492601e-01,-1.417077273143847911e-02,8.891111917919823637e-03,3.697356062827216183e-01,-9.699011242333672664e-03,6.123451180429527246e-04,-7.208680893220028620e-04,3.335124484765622575e-04
5.562500000000000000e+00,3.764629621978286544e-01,-1.406003580597842834e-02,8.826873460191127230e-03,3.696148597685698922e-01,-9.620526173453347943e-03,6.034000012537645919e-04,-7.103763033923707728e-04,3.286163430976314138e-04
5.575000000000000178e+00,3.762878996859039815e-01,-1.395009896924969545e-02,8.763097167613968785e-03,3.694950907581898703e-01,-9.542609952705999668e-03,5.945850725288183598e-04,-7.000376219078725641e-04,3.237915247729769488e-04
5.587500000000000355e+00,3.761142064138863761e-01,-1.384095646488705741e-02,8.699779732262911264e-03,3.693762921666490784e-01,-9.465258477953165592e-03,5.858984321350408113e-04,-6.898497988556468634e-04,3.190369539914028282e-04
5.600000000000000533e+00,3.759418724883838991e-01,-1.373260257772692013e-02,8.636917869774182396e-03,3.692584569601070621e-01,-9.388467676585668734e-03,5.773382082061138563e-04,-6.798106214835609963e-04,3.143516064524963884e-04
5.612500000000000711e+00,3.757708880871880042e-01,-1.362503163351384307e-02,8.574508319179203683e-03,3.691415781554474029e-01,-9.312233505313698492e-03,5.689025563298522308e-04,-6.699179097997700434e-04,3.097344728426192116e-04
5.625000000000000000e+00,3.756012434587642779e-01,-1.351823799860913701e-02,8.512547842739285123e-03,3.690256488199128992e-01,-9.236551949958414845e-03,5.605896591417874929e-04,-6.601695160800033317e-04,3.051845586142330606e-04
5.637500000000000178e+00,3.754329289217464005e-01,-1.341221607970149825e-02,8.451033225781461392e-03,3.689106620707424677e-01,-9.161419025245018388e-03,5.523977259248613906e-04,-6.505633243824480386e-04,3.007008837685095910e-04
5.650000000000000355e+00,3.752659348644339365e-01,-1.330696032351974534e-02,8.389961276535530185e-03,3.687966110748114312e-01,-9.086830774597379895e-03,5.443249922151407799e-04,-6.410972500701212721e-04,2.962824826411783051e-04
5.662500000000000533e+00,3.751002517442935669e-01,-1.320246521654751780e-02,8.329328825972188641e-03,3.686834890482741378e-01,-9.012783269934102753e-03,5.363697194134525031e-04,-6.317692393405933667e-04,2.919284036915576136e-04
5.675000000000000711e+00,3.749358700874638739e-01,-1.309872528474002526e-02,8.269132727642337227e-03,3.685712892562088006e-01,-8.939272611466080737e-03,5.285301944028531190e-04,-6.225772687629585293e-04,2.876377092947255852e-04
5.687500000000000000e+00,3.747727804882638458e-01,-1.299573509324280715e-02,8.209369857517518146e-03,3.684600050122652792e-01,-8.866294927495530290e-03,5.208047291718419756e-04,-6.135193448219303193e-04,2.834094755367810511e-04
5.700000000000000178e+00,3.746109736087046560e-01,-1.289348924611243355e-02,8.150037113831441402e-03,3.683496296783150270e-01,-8.793846374216443551e-03,5.131916604432272067e-04,-6.045935034689470374e-04,2.792427920131474697e-04
5.712500000000000355e+00,3.744504401780049396e-01,-1.279198238603925647e-02,8.091131416922687017e-03,3.682401566641038682e-01,-8.721923135516548853e-03,5.056893493085638748e-04,-5.957978096801828331e-04,2.751367616298768860e-04
5.725000000000000533e+00,3.742911709921098451e-01,-1.269120919407204506e-02,8.032649709078468897e-03,3.681315794269069963e-01,-8.650521422780655528e-03,4.982961808680700473e-04,-5.871303570213433137e-04,2.710905004079040598e-04
5.737500000000000711e+00,3.741331569132128609e-01,-1.259116438934461055e-02,7.974588954379508918e-03,3.680238914711863596e-01,-8.579637474695436805e-03,4.910105638759431745e-04,-5.785892672191453702e-04,2.671031372902095630e-04
5.750000000000000000e+00,3.739763888692819727e-01,-1.249184272880435320e-02,7.916946138546026440e-03,3.679170863482507658e-01,-8.509267557055655989e-03,4.838309303909919313e-04,-5.701726897393731217e-04,2.631738139518468504e-04
5.762500000000000178e+00,3.738208578535880955e-01,-1.239323900694270023e-02,7.859718268784772130e-03,3.678111576559181528e-01,-8.439407962571747468e-03,4.767557354324992265e-04,-5.618788013714004752e-04,2.593016846127889070e-04
5.775000000000000355e+00,3.736665549242379480e-01,-1.229534805552751769e-02,7.802902373637192815e-03,3.677060990381803007e-01,-8.370055010678870491e-03,4.697834566412440621e-04,-5.537058058190887956e-04,2.554859158535555488e-04
5.787500000000000533e+00,3.735134712037094795e-01,-1.219816474333734052e-02,7.746495502828627637e-03,3.676019041848700430e-01,-8.301205047347283081e-03,4.629125939455924180e-04,-5.456519332979436728e-04,2.517256864335745930e-04
5.800000000000000711e+00,3.733615978783910716e-01,-1.210168397589751407e-02,7.690494727118584069e-03,3.674985668313308085e-01,-8.232854444894136675e-03,4.561416692325877178e-04,-5.377154401384431860e-04,2.480201871122391147e-04
5.812500000000000000e+00,3.732109261981235160e-01,-1.200590069521821450e-02,7.634897138152068642e-03,3.673960807580882171e-01,-8.164999601796629064e-03,4.494692260239620545e-04,-5.298946083954344469e-04,2.443686204726193715e-04
5.825000000000000178e+00,3.730614474757460441e-01,-1.191080987953426623e-02,7.579699848311953307e-03,3.672944397905245073e-01,-8.097636942506501734e-03,4.428938291569894633e-04,-5.221877454635009529e-04,2.407702007477874665e-04
5.837500000000000355e+00,3.729131530866446886e-01,-1.181640654304687808e-02,7.524899990572423390e-03,3.671936377985547950e-01,-8.030762917265938869e-03,4.364140644701153217e-04,-5.145931836982142304e-04,2.372241536497201892e-04
5.850000000000000533e+00,3.727660344683047522e-01,-1.172268573566714184e-02,7.470494718353413478e-03,3.670936686963060525e-01,-7.964374001924755253e-03,4.300285384932794777e-04,-5.071092800431652517e-04,2.337297162007351227e-04
5.862500000000000711e+00,3.726200831198654972e-01,-1.162964254276136443e-02,7.416481205376098881e-03,3.669945264417978636e-01,-7.898466697758949398e-03,4.237358781428674035e-04,-4.997344156626921420e-04,2.302861365674263778e-04
5.875000000000000000e+00,3.724752906016791099e-01,-1.153727208489821465e-02,7.362856645519405378e-03,3.668962050366260108e-01,-7.833037531290583735e-03,4.175347304212177627e-04,-4.924669955802138616e-04,2.268926738970607085e-04
5.887500000000000178e+00,3.723316485348717175e-01,-1.144556951759760632e-02,7.309618252677514694e-03,3.667986985256478927e-01,-7.768083054108949372e-03,4.114237621206136958e-04,-4.853054483220749964e-04,2.235485981563963031e-04
5.900000000000000355e+00,3.721891486009085148e-01,-1.135453003108143934e-02,7.256763260618412544e-03,3.667020009966702188e-01,-7.703599842693101274e-03,4.054016595316964583e-04,-4.782482255668257624e-04,2.202531899728905884e-04
5.912500000000000533e+00,3.720477825411612205e-01,-1.126414885002602860e-02,7.204288922843401187e-03,3.666061065801391461e-01,-7.639584498235629448e-03,3.994671281562255159e-04,-4.712938017998401338e-04,2.170057404782573646e-04
5.925000000000000711e+00,3.719075421564789763e-01,-1.117442123331631454e-02,7.152192512447626792e-03,3.665110094488323589e-01,-7.576033646467763248e-03,3.936188924241244922e-04,-4.644406739731952245e-04,2.138055511543407981e-04
5.937500000000000000e+00,3.717684193067625209e-01,-1.108534247380182046e-02,7.100471321981584316e-03,3.664167038175533686e-01,-7.512943937485740305e-03,3.878556954147467759e-04,-4.576873611707275185e-04,2.106519336812706308e-04
5.950000000000000178e+00,3.716304059105407509e-01,-1.099690789805428393e-02,7.049122663313598172e-03,3.663231839428282011e-01,-7.450312045578447000e-03,3.821762985822937855e-04,-4.510324042781817060e-04,2.075442097878633138e-04
5.962500000000000355e+00,3.714934939445510009e-01,-1.090911286612708704e-02,6.998143867493296019e-03,3.662304441226039708e-01,-7.388134669056354784e-03,3.765794814853286993e-04,-4.444743656583795928e-04,2.044817111042382743e-04
5.975000000000000533e+00,3.713576754433219884e-01,-1.082195277131630350e-02,6.947532284616028848e-03,3.661384786959494542e-01,-7.326408530081677736e-03,3.710640415203160991e-04,-4.380118288313203400e-04,2.014637790166123182e-04
5.987500000000000711e+00,3.712229424987595339e-01,-1.073542303992348727e-02,6.897285283688256441e-03,3.660472820427584928e-01,-7.265130374499800814e-03,3.656287936591313655e-04,-4.316433981591426467e-04,1.984897645242422975e-04
6.000000000000000000e+00,3.710892872597358338e-01,-1.064951913102011455e-02,6.847400252493892996e-03,3.659568485834545637e-01,-7.204296971671953626e-03,3.602725701904787312e-04,-4.253676985358694558e-04,1.955590280984828122e-04
6.012500000000000178e+00,3.709567019316808989e-01,-1.056423653621368225e-02,6.797874597461580834e-03,3.658671727786979577e-01,-7.143905114309090712e-03,3.549942204651554867e-04,-4.191833750818584775e-04,1.926709395439265291e-04
6.025000000000000355e+00,3.708251787761777107e-01,-1.047957077941549971e-02,6.748705743532938152e-03,3.657782491290951787e-01,-7.083951618307045978e-03,3.497926106451105686e-04,-4.130890928428920133e-04,1.898248778615987118e-04
6.037500000000000533e+00,3.706947101105594333e-01,-1.039551741661007798e-02,6.699891134031707961e-03,3.656900721749097860e-01,-7.024433322582861530e-03,3.446666234562322613e-04,-4.070835364938237911e-04,1.870202311141709952e-04
6.050000000000000711e+00,3.705652883075103432e-01,-1.031207203562616893e-02,6.651428230533849850e-03,3.656026364957759567e-01,-6.965347088912349910e-03,3.396151579448138374e-04,-4.011654100467192206e-04,1.842563962931678700e-04
6.062500000000000000e+00,3.704369057946689248e-01,-1.022923025590943141e-02,6.603314512738557227e-03,3.655159367104137136e-01,-6.906689801768853276e-03,3.346371292376400003e-04,-3.953334365634158338e-04,1.815327791881341359e-04
6.075000000000000178e+00,3.703095550542342407e-01,-1.014698772829665703e-02,6.555547478340166198e-03,3.654299674763458738e-01,-6.848458368163189147e-03,3.297314683056369903e-04,-3.895863578724336525e-04,1.788487942577338076e-04
6.087500000000000355e+00,3.701832286225748003e-01,-1.006534013479167509e-02,6.508124642901013356e-03,3.653447234896179396e-01,-6.790649717484813046e-03,3.248971217310379998e-04,-3.839229342901736295e-04,1.762038645027540716e-04
6.100000000000000533e+00,3.700579190898403703e-01,-9.984283188342758103e-03,6.461043539725158311e-03,3.652601994845187106e-01,-6.733260801344125197e-03,3.201330514780041030e-04,-3.783419443463288115e-04,1.735974213409819864e-04
6.112500000000000711e+00,3.699336190995767826e-01,-9.903812632621647460e-03,6.414301719733023904e-03,3.651763902333038936e-01,-6.676288593415975921e-03,3.154382346666527253e-04,-3.728421845134494064e-04,1.710289044839290141e-04
6.125000000000000000e+00,3.698103213483430185e-01,-9.823924241804133511e-03,6.367896751336924593e-03,3.650932905459212674e-01,-6.619730089284326345e-03,3.108116633504412300e-04,-3.674224689405946958e-04,1.684977618153745468e-04
6.137500000000000178e+00,3.696880185853312351e-01,-9.744613820352153455e-03,6.321826220317457862e-03,3.650108952697375120e-01,-6.563582306288056646e-03,3.062523442968528766e-04,-3.620816291910064163e-04,1.660034492717006962e-04
6.150000000000000355e+00,3.695667036119897886e-01,-9.665877202797490408e-03,6.276087729700820239e-03,3.649291992892674807e-01,-6.507842283367961701e-03,3.017592987713404269e-04,-3.568185139837471223e-04,1.635454307239939272e-04
6.162500000000000533e+00,3.694463692816485900e-01,-9.587710253526945253e-03,6.230678899636945579e-03,3.648481975259050269e-01,-6.452507080914848293e-03,2.973315623244716715e-04,-3.516319889392340329e-04,1.611231778618838265e-04
6.175000000000000711e+00,3.693270084991471247e-01,-9.510108866569055852e-03,6.185597367278545394e-03,3.647678849376559396e-01,-6.397573780618795447e-03,2.929681845822327494e-04,-3.465209363286142073e-04,1.587361700790957243e-04
6.187500000000000000e+00,3.692086142204654142e-01,-9.433068965382308130e-03,6.140840786660990529e-03,3.646882565188723779e-01,-6.343039485319537998e-03,2.886682290394416094e-04,-3.414842548269185441e-04,1.563838943606906057e-04
6.200000000000000178e+00,3.690911794523573652e-01,-9.356586502644842485e-03,6.096406828583048922e-03,3.646093072999897489e-01,-6.288901318857959520e-03,2.844307728562210907e-04,-3.365208592699358409e-04,1.540658451719664800e-04
6.212500000000000355e+00,3.689746972519870050e-01,-9.280657460045669410e-03,6.052293180488492463e-03,3.645310323472648051e-01,-6.235156425928737971e-03,2.802549066574920480e-04,-3.316296804147531377e-04,1.517815243489987120e-04
6.225000000000000533e+00,3.688591607265668815e-01,-9.205277848077331876e-03,6.008497546348523510e-03,3.644534267625161861e-01,-6.181801971934059933e-03,2.761397343354335594e-04,-3.268096647038995148e-04,1.495304409907918298e-04
6.237500000000000711e+00,3.687445630329995172e-01,-9.130443705830047427e-03,5.965017646545048811e-03,3.643764856828662912e-01,-6.128835142838460689e-03,2.720843728548708582e-04,-3.220597740330429838e-04,1.473121113530210711e-04
6.250000000000000000e+00,3.686308973775210274e-01,-9.056151100787297042e-03,5.921851217754787837e-03,3.643002042804850960e-01,-6.076253145024759772e-03,2.680879520615449675e-04,-3.173789855221827378e-04,1.451260587433392463e-04
6.262500000000000178e+00,3.685181570153476804e-01,-8.982396128622846879e-03,5.878996012834197295e-03,3.642245777623360770e-01,-6.024053205151063371e-03,2.641496144932195273e-04,-3.127662912902826053e-04,1.429718134182249311e-04
6.275000000000000355e+00,3.684063352503246791e-01,-8.909174912999244522e-03,5.836449800705237854e-03,3.641496013699234147e-01,-5.972232570008891711e-03,2.602685151935863828e-04,-3.082206982332965934e-04,1.408489124813510078e-04
6.287500000000000533e+00,3.682954254345775502e-01,-8.836483605367689148e-03,5.794210366241931906e-03,3.640752703790413047e-01,-5.920788506382346390e-03,2.564438215289220092e-04,-3.037412278055279182e-04,1.387568997834482949e-04
6.300000000000000711e+00,3.681854209681659773e-01,-8.764318384769344966e-03,5.752275510157746179e-03,3.640015800995249906e-01,-5.869718300908360192e-03,2.526747130074575329e-04,-2.993269158042751745e-04,1.366953258236441795e-04
6.312500000000000000e+00,3.680763152987402420e-01,-8.692675457638042447e-03,5.710643048893777537e-03,3.639285258750032392e-01,-5.819019259938017219e-03,2.489603811014210388e-04,-2.949768121577131682e-04,1.346637476522532400e-04
6.325000000000000178e+00,3.679681019212001081e-01,-8.621551057604370794e-03,5.669310814507723742e-03,3.638561030826530929e-01,-5.768688709398912991e-03,2.453000290717093947e-04,-2.906899807159573452e-04,1.326617287749979322e-04
6.337500000000000355e+00,3.678607743773559258e-01,-8.550941445301179014e-03,5.628276654563676464e-03,3.637843071329557865e-01,-5.718723994658594413e-03,2.416928717951552475e-04,-2.864654990452672034e-04,1.306888390586402550e-04
6.350000000000000533e+00,3.677543262555923453e-01,-8.480842908170417929e-03,5.587538432022674112e-03,3.637131334694546636e-01,-5.669122480389019759e-03,2.381381355943441728e-04,-2.823024582253346381e-04,1.287446546380000033e-04
6.362500000000000711e+00,3.676487511905344174e-01,-8.411251760271361289e-03,5.547094025134054369e-03,3.636425775685147022e-01,-5.619881550432069897e-03,2.346350580699481478e-04,-2.781999626496139098e-04,1.268287578243419342e-04
6.375000000000000000e+00,3.675440428627163025e-01,-8.342164342090178236e-03,5.506941327327580411e-03,3.635726349390838719e-01,-5.570998607666091673e-03,2.311828879355361027e-04,-2.741571298286456888e-04,1.249407370151102165e-04
6.387500000000000178e+00,3.674401949982515347e-01,-8.273577020350834574e-03,5.467078247106330405e-03,3.635033011224556021e-01,-5.522471073873456981e-03,2.277808848548232474e-04,-2.701730901963270951e-04,1.230801866049896737e-04
6.400000000000000355e+00,3.673372013685069493e-01,-8.205486187827367925e-03,5.427502707940378042e-03,3.634345716920338587e-01,-5.474296389609174807e-03,2.244283192813261634e-04,-2.662469869190873454e-04,1.212467068982761863e-04
6.412500000000000533e+00,3.672350557897776091e-01,-8.137888263157439656e-03,5.388212648161213800e-03,3.633664422530988869e-01,-5.426472014070487723e-03,2.211244723003830267e-04,-2.623779757079186471e-04,1.194399040225340434e-04
6.425000000000000711e+00,3.671337521229650624e-01,-8.070779690657232941e-03,5.349206020856930345e-03,3.632989084425751747e-01,-5.378995424967490148e-03,2.178686354735068459e-04,-2.585652246332226017e-04,1.176593898435233140e-04
6.437500000000000000e+00,3.670332842732573209e-01,-8.004156940137646670e-03,5.310480793768165148e-03,3.632319659288006930e-01,-5.331864118394759669e-03,2.146601106850358519e-04,-2.548079139424281009e-04,1.159047818813774126e-04
6.450000000000000178e+00,3.669336461898113910e-01,-7.938016506721767840e-03,5.272034949184776879e-03,3.631656104112980787e-01,-5.285075608703965026e-03,2.114982099910454807e-04,-2.511052358803364244e-04,1.141757032280121012e-04
6.462500000000000355e+00,3.668348318654379159e-01,-7.872354910663674488e-03,5.233866483843289431e-03,3.630998376205472056e-01,-5.238627428377502782e-03,2.083822554704912360e-04,-2.474563945121564064e-04,1.124717824657491775e-04
6.475000000000000533e+00,3.667368353362883693e-01,-7.807168697168476341e-03,5.195973408825048032e-03,3.630346433177590315e-01,-5.192517127903092423e-03,2.053115790785451657e-04,-2.438606055491824795e-04,1.107926535871346147e-04
6.487500000000000711e+00,3.666396506815440826e-01,-7.742454436213634834e-03,5.158353749455118695e-03,3.629700232946517779e-01,-5.146742275649368939e-03,2.022855225020956456e-04,-2.403170961770802530e-04,1.091379559159351485e-04
6.500000000000000000e+00,3.665432720231076580e-01,-7.678208722371552934e-03,5.121005545201918856e-03,3.629059733732277748e-01,-5.101300457742447697e-03,1.993034370173780274e-04,-2.368251048867372316e-04,1.075073340292952845e-04
6.512500000000000178e+00,3.664476935252968803e-01,-7.614428174633390556e-03,5.083926849577559241e-03,3.628424894055524708e-01,-5.056189277943461645e-03,1.963646833497024048e-04,-2.333838813076395354e-04,1.059004376810370287e-04
6.525000000000000355e+00,3.663529093945404047e-01,-7.551109436234159332e-03,5.047115730038922131e-03,3.627795672735347754e-01,-5.011406357527079490e-03,1.934686315352508235e-04,-2.299926860437388157e-04,1.043169217260870115e-04
6.537500000000000533e+00,3.662589138790758314e-01,-7.488249174479014343e-03,5.010570267889438711e-03,3.627172028887087341e-01,-4.966949335160968440e-03,1.906146607849086984e-04,-2.266507905117670825e-04,1.027564460460121004e-04
6.550000000000000711e+00,3.661657012686498902e-01,-7.425844080570784440e-03,4.974288558181579403e-03,3.626553921920170898e-01,-4.922815866786226652e-03,1.878021593501031695e-04,-2.233574767819656432e-04,1.012186754756488498e-04
6.562500000000000000e+00,3.660732658942207340e-01,-7.363890869438721211e-03,4.938268709620050219e-03,3.625941311535958445e-01,-4.879003625498764575e-03,1.850305243906175264e-04,-2.201120374211899898e-04,9.970327973080994437e-05
6.575000000000000178e+00,3.659816021276627307e-01,-7.302386279568426689e-03,4.902508844465680408e-03,3.625334157725608186e-01,-4.835510301431625649e-03,1.822991618443511506e-04,-2.169137753383537160e-04,9.820993333705112672e-05
6.587500000000000355e+00,3.658907043814725313e-01,-7.241327072833028330e-03,4.867007098440023945e-03,3.624732420767951546e-01,-4.792333601638276708e-03,1.796074862989988487e-04,-2.137620036321789666e-04,9.673831555948481402e-05
6.600000000000000533e+00,3.658005671084782473e-01,-7.180710034325493707e-03,4.831761620630634080e-03,3.624136061227388739e-01,-4.749471249976808251e-03,1.769549208656172399e-04,-2.106560454412138720e-04,9.528811033362228386e-05
6.612500000000000711e+00,3.657111848015501265e-01,-7.120531972192149957e-03,4.796770573397027455e-03,3.623545039951791558e-01,-4.706920986995081005e-03,1.743408970540528534e-04,-2.075952337960861765e-04,9.385900619723141862e-05
6.625000000000000000e+00,3.656225519933132273e-01,-7.060789717467368110e-03,4.762032132277339500e-03,3.622959318070426704e-01,-4.664680569816810098e-03,1.717648546502032326e-04,-2.045789114739575540e-04,9.245069622319393519e-05
6.637500000000000178e+00,3.655346632558624798e-01,-7.001480123909399264e-03,4.727544485895637284e-03,3.622378856991890772e-01,-4.622747772028548696e-03,1.692262415950828835e-04,-2.016064308551443755e-04,9.106287795334717862e-05
6.650000000000000355e+00,3.654475132004798565e-01,-6.942600067837399053e-03,4.693305835869930609e-03,3.621803618402059111e-01,-4.581120383567630072e-03,1.667245138656699437e-04,-1.986771537818753856e-04,8.969525333329729326e-05
6.662500000000000533e+00,3.653610964773529313e-01,-6.884146447969554522e-03,4.659314396720834472e-03,3.621233564262047455e-01,-4.539796210610995246e-03,1.642591353575033775e-04,-1.957904514191490713e-04,8.834752864818741329e-05
6.675000000000000711e+00,3.652754077752962680e-01,-6.826116185262380218e-03,4.625568395780897679e-03,3.620668656806191876e-01,-4.498773075464944371e-03,1.618295777690072505e-04,-1.929457041176629688e-04,8.701941445940839090e-05
6.687500000000000000e+00,3.651904418214743098e-01,-6.768506222751129696e-03,4.592066073104596712e-03,3.620108858540036501e-01,-4.458048816455797980e-03,1.594353204875159006e-04,-1.901423012787814874e-04,8.571062554223746600e-05
6.700000000000000178e+00,3.651061933811264870e-01,-6.711313525391317258e-03,4.558805681378977522e-03,3.619554132238340105e-01,-4.417621287821453351e-03,1.570758504769731987e-04,-1.873796412215110788e-04,8.442088082439086418e-05
6.712500000000000355e+00,3.650226572572938255e-01,-6.654535079901392411e-03,4.525785485834959987e-03,3.619004440943091039e-01,-4.377488359603856800e-03,1.547506621672843500e-04,-1.846571310514549976e-04,8.314990332547817972e-05
6.725000000000000533e+00,3.649398282905484958e-01,-6.598167894606470768e-03,4.493003764159281613e-03,3.618459747961542683e-01,-4.337647917542359829e-03,1.524592573452913968e-04,-1.819741865317138789e-04,8.189742009734335155e-05
6.737500000000000711e+00,3.648577013587241402e-01,-6.542208999283193396e-03,4.460458806407083948e-03,3.617920016864253907e-01,-4.298097862967965171e-03,1.502011450473517140e-04,-1.793302319557056796e-04,8.066316216528065792e-05
6.750000000000000000e+00,3.647762713766490861e-01,-6.486655445005662553e-03,4.428148914915145187e-03,3.617385211483148399e-01,-4.258836112698476638e-03,1.479758414534941818e-04,-1.767247000218748144e-04,7.944686447011219121e-05
6.762500000000000178e+00,3.646955332958807250e-01,-6.431504303992450350e-03,4.396072404215732934e-03,3.616855295909584544e-01,-4.219860598934508517e-03,1.457828697831290191e-04,-1.741570317102611866e-04,7.824826581111382921e-05
6.775000000000000355e+00,3.646154821044425565e-01,-6.376752669454710705e-03,4.364227600951111827e-03,3.616330234492441398e-01,-4.181169269156410039e-03,1.436217601922907075e-04,-1.716266761609037429e-04,7.706710878977848160e-05
6.787500000000000533e+00,3.645361128265623973e-01,-6.322397655445318246e-03,4.332612843788659178e-03,3.615809991836211879e-01,-4.142760086022037255e-03,1.414920496723879814e-04,-1.691330905540471387e-04,7.590313975440235428e-05
6.800000000000000711e+00,3.644574205224130337e-01,-6.268436396709090551e-03,4.301226483336605989e-03,3.615294532799113170e-01,-4.104631027265415698e-03,1.393932819504407493e-04,-1.666757399921271168e-04,7.475610874548380971e-05
6.812500000000000000e+00,3.643794002878542604e-01,-6.214866048534050356e-03,4.270066882060408534e-03,3.614783822491209331e-01,-4.066780085596267795e-03,1.373250073907814181e-04,-1.642540973835068200e-04,7.362576944192188047e-05
6.825000000000000178e+00,3.643020472541771970e-01,-6.161683786603714720e-03,4.239132414199714947e-03,3.614277826272545013e-01,-4.029205268600402449e-03,1.352867828981978279e-04,-1.618676433279367399e-04,7.251187910800278109e-05
6.837500000000000355e+00,3.642253565878502131e-01,-6.108886806850459712e-03,4.208421465685973674e-03,3.613776509751291388e-01,-3.991904598640991057e-03,1.332781718224987139e-04,-1.595158660037149668e-04,7.141419854116368431e-05
6.850000000000000533e+00,3.641493234902667964e-01,-6.056472325309864360e-03,4.177932434060616963e-03,3.613279838781906506e-01,-3.954876112760677062e-03,1.312987438644780055e-04,-1.571982610565187094e-04,7.033249202052079213e-05
6.862500000000000711e+00,3.640739431974950313e-01,-6.004437577976102364e-03,4.147663728393874080e-03,3.612787779463305093e-01,-3.918117862584560677e-03,1.293480749832586927e-04,-1.549143314898843713e-04,6.926652725615182191e-05
6.875000000000000000e+00,3.639992109800291309e-01,-5.952779820658338217e-03,4.117613769204169979e-03,3.612300298137043342e-01,-3.881627914224034057e-03,1.274257473049959278e-04,-1.526635875573107597e-04,6.821607533912111665e-05
6.887500000000000178e+00,3.639251221425424121e-01,-5.901496328838111254e-03,4.087780988378118124e-03,3.611817361385510905e-01,-3.845404348181460843e-03,1.255313490329179257e-04,-1.504455466559597571e-04,6.718091069223638848e-05
6.900000000000000355e+00,3.638516720236427138e-01,-5.850584397527750988e-03,4.058163829091128265e-03,3.611338936030142333e-01,-3.809445259255726975e-03,1.236644743586871235e-04,-1.482597332219334773e-04,6.616081102152724270e-05
6.912500000000000533e+00,3.637788559956287582e-01,-5.800041341129745683e-03,4.028760745728579735e-03,3.610864989129632940e-01,-3.773748756448613330e-03,1.218247233750593473e-04,-1.461056786271003132e-04,6.515555726843343402e-05
6.925000000000000711e+00,3.637066694642487885e-01,-5.749864493297114458e-03,3.999570203807588896e-03,3.610395487978170226e-01,-3.738312962872028349e-03,1.200117019898237059e-04,-1.439829210774496544e-04,6.416493356269363946e-05
6.937500000000000000e+00,3.636351078684607607e-01,-5.700051206794743905e-03,3.970590679899363776e-03,3.609930400103674164e-01,-3.703136015656076363e-03,1.182250218410036698e-04,-1.418910055129508278e-04,6.318872717592391929e-05
6.950000000000000178e+00,3.635641666801943672e-01,-5.650598853361687469e-03,3.941820661552125106e-03,3.609469693266054158e-01,-3.668216065857955992e-03,1.164643002132999136e-04,-1.398294835088938171e-04,6.222672847587555265e-05
6.962500000000000355e+00,3.634938414041147814e-01,-5.601504823574444958e-03,3.913258647214620627e-03,3.609013335455470983e-01,-3.633551278371722430e-03,1.147291599557586592e-04,-1.377979131786906462e-04,6.127873088136319467e-05
6.975000000000000533e+00,3.634241275773877344e-01,-5.552766526711173586e-03,3.884903146160197107e-03,3.608561294890612059e-01,-3.599139831838852905e-03,1.130192294006445542e-04,-1.357958590781136018e-04,6.034453081785217440e-05
6.987500000000000711e+00,3.633550207694469791e-01,-5.504381390616851395e-03,3.856752678411442658e-03,3.608113540016982257e-01,-3.564979918559660864e-03,1.113341422835024730e-04,-1.338228921109504001e-04,5.942392767369627322e-05
7.000000000000000000e+00,3.632865165817628084e-01,-5.456346861569385219e-03,3.828805774665401500e-03,3.607670039505198600e-01,-3.531069744405539775e-03,1.096735376643897950e-04,-1.318785894360542329e-04,5.851672375701615173e-05
7.012500000000000178e+00,3.632186106476124610e-01,-5.408660404146629387e-03,3.801060976219335606e-03,3.607230762249301059e-01,-3.497407528732022694e-03,1.080370598502613529e-04,-1.299625343757675807e-04,5.762272425320861949e-05
7.025000000000000355e+00,3.631512986318523595e-01,-5.361319501094366329e-03,3.773516834897067910e-03,3.606795677365070563e-01,-3.463991504292688803e-03,1.064243583184919120e-04,-1.280743163257007887e-04,5.674173718307856223e-05
7.037500000000000533e+00,3.630845762306917357e-01,-5.314321653195165814e-03,3.746171912975858938e-03,3.606364754188363109e-01,-3.430819917153875298e-03,1.048350876415166517e-04,-1.262135306658427767e-04,5.587357336158294848e-05
7.050000000000000711e+00,3.630184391714679215e-01,-5.267664379138178345e-03,3.719024783113844632e-03,3.605937962273447206e-01,-3.397891026610218041e-03,1.032689074125753785e-04,-1.243797786729856111e-04,5.501804635717915705e-05
7.062500000000000000e+00,3.629528832124234161e-01,-5.221345215389823664e-03,3.692074028278026672e-03,3.605515271391356857e-01,-3.365203105101017070e-03,1.017254821725430960e-04,-1.225726674344430455e-04,5.417497245176816552e-05
7.075000000000000178e+00,3.628879041424844520e-01,-5.175361716065367441e-03,3.665318241672793631e-03,3.605096651528255092e-01,-3.332754438127407889e-03,1.002044813378307365e-04,-1.207918097630425382e-04,5.334417060122383135e-05
7.087500000000000355e+00,3.628234977810412265e-01,-5.129711452801415626e-03,3.638756026669009384e-03,3.604682072883805266e-01,-3.300543324170371936e-03,9.870557912934158030e-05,-1.190368241133741580e-04,5.252546239650037119e-05
7.100000000000000533e+00,3.627596599777295205e-01,-5.084392014629263157e-03,3.612385996733614990e-03,3.604271505869551806e-01,-3.268568074609542410e-03,9.722845450246582618e-05,-1.173073344992745724e-04,5.171867202530855851e-05
7.112500000000000711e+00,3.626963866122143165e-01,-5.039401007849129976e-03,3.586206775359784393e-03,3.603864921107316488e-01,-3.236827013642837141e-03,9.577279107809947450e-05,-1.156029704125298554e-04,5.092362623435309741e-05
7.125000000000000000e+00,3.626336735939744149e-01,-4.994736055905272219e-03,3.560216995997606167e-03,3.603462289427599163e-01,-3.205318478206899396e-03,9.433827707467191211e-05,-1.139233667427783038e-04,5.014015429212266182e-05
7.137500000000000178e+00,3.625715168620892159e-01,-4.950394799261938206e-03,3.534415301985291327e-03,3.603063581867989584e-01,-3.174040817898348375e-03,9.292460524116678876e-05,-1.122681636985945050e-04,4.936808795222433281e-05
7.150000000000000355e+00,3.625099123850263894e-01,-4.906374895280215219e-03,3.508800346480926268e-03,3.602668769671591997e-01,-3.142992394895857168e-03,9.153147279112309369e-05,-1.106370067297391259e-04,4.860726141725514978e-05
7.162500000000000533e+00,3.624488561604317649e-01,-4.862674018095686397e-03,3.483370792394727914e-03,3.602277824285454733e-01,-3.112171583883020440e-03,9.015858133759983037e-05,-1.090295464505544051e-04,4.785751130320197973e-05
7.175000000000000711e+00,3.623883442149202216e-01,-4.819289858496960191e-03,3.458125312321835322e-03,3.601890717359013117e-01,-3.081576771972045249e-03,8.880563682909179410e-05,-1.074454385644902916e-04,4.711867660436270486e-05
7.187500000000000000e+00,3.623283726038684094e-01,-4.776220123805022949e-03,3.433062588475617374e-03,3.601507420742542376e-01,-3.051206358628248943e-03,8.747234948638168018e-05,-1.058843437897435041e-04,4.639059865878085442e-05
7.200000000000000178e+00,3.622689374112086358e-01,-4.733462537753418096e-03,3.408181312621485701e-03,3.601127906485614427e-01,-3.021058755595355024e-03,8.615843374031445501e-05,-1.043459277859926229e-04,4.567312111418594234e-05
7.212500000000000355e+00,3.622100347492245853e-01,-4.691014840369270994e-03,3.383480186011242775e-03,3.600752146835570766e-01,-2.991132386821617351e-03,8.486360817048161688e-05,-1.028298610822144709e-04,4.496608989443288344e-05
7.225000000000000533e+00,3.621516607583485370e-01,-4.648874787855106563e-03,3.358957919317919621e-03,3.600380114235999240e-01,-2.961425688386734936e-03,8.358759544480020805e-05,-1.013358190055634462e-04,4.426935316643218732e-05
7.237500000000000711e+00,3.620938116069596369e-01,-4.607040152471490908e-03,3.334613232571131784e-03,3.600011781325224702e-01,-2.931937108429579029e-03,8.233012225997473341e-05,-9.986348161129967151e-05,4.358276130756453311e-05
7.250000000000000000e+00,3.620364834911839469e-01,-4.565508722420479580e-03,3.310444855092939658e-03,3.599647120934804101e-01,-2.902665107076730314e-03,8.109091928282850077e-05,-9.841253361374977741e-05,4.290616687357236611e-05
7.262500000000000178e+00,3.619796726346961591e-01,-4.524278301729845603e-03,3.286451525434203654e-03,3.599286106088032677e-01,-2.873608156371814087e-03,7.986972109249110144e-05,-9.698266431828460072e-05,4.223942456692138757e-05
7.275000000000000355e+00,3.619233752885221422e-01,-4.483346710138136695e-03,3.262631991311455877e-03,3.598928709998459041e-01,-2.844764740205659413e-03,7.866626612343079607e-05,-9.557356755429997235e-05,4.158239120562577136e-05
7.287500000000000533e+00,3.618675877308435984e-01,-4.442711782980480160e-03,3.238985009544251021e-03,3.598574906068409685e-01,-2.816133354247249334e-03,7.748029660931758894e-05,-9.418494160918383130e-05,4.093492569252934186e-05
7.300000000000000711e+00,3.618123062668034406e-01,-4.402371371075188347e-03,3.215509345993025105e-03,3.598224667887517936e-01,-2.787712505875485514e-03,7.631155852770606768e-05,-9.281648916325657261e-05,4.029688898503691933e-05
7.312500000000000000e+00,3.617575272283133359e-01,-4.362323340611138668e-03,3.192203775497439930e-03,3.597877969231268458e-01,-2.759500714111762145e-03,7.515980154552536364e-05,-9.146791722566949127e-05,3.966814406528887361e-05
7.325000000000000178e+00,3.617032469738620803e-01,-4.322565573035903018e-03,3.169067081815215865e-03,3.597534784059543411e-01,-2.731496509553339551e-03,7.402477896536427968e-05,-9.013893707124678021e-05,3.904855591077236734e-05
7.337500000000000355e+00,3.616494618883255296e-01,-4.283095964944666489e-03,3.146098057561464226e-03,3.597195086515178608e-01,-2.703698434307543960e-03,7.290624767254063503e-05,-8.882926417825853262e-05,3.843799146536346111e-05
7.350000000000000533e+00,3.615961683827780826e-01,-4.243912427969879012e-03,3.123295504148491074e-03,3.596858850922533546e-01,-2.676105041926760044e-03,7.180396808294207413e-05,-8.753861816710885161e-05,3.783631961079305360e-05
7.362500000000000711e+00,3.615433628943052202e-01,-4.205012888671665061e-03,3.100658231726090633e-03,3.596526051786058664e-01,-2.648714897344243112e-03,7.071770409162797186e-05,-8.626672273992722225e-05,3.724341113853107298e-05
7.375000000000000000e+00,3.614910418858177654e-01,-4.166395288428980173e-03,3.078185059122320964e-03,3.596196663788881476e-01,-2.621526576810741856e-03,6.964722302218079352e-05,-8.501330562104898356e-05,3.665913872208265167e-05
7.387500000000000178e+00,3.614392018458672529e-01,-4.128057583331486494e-03,3.055874813784747578e-03,3.595870661791393808e-01,-2.594538667831926011e-03,6.859229557679570165e-05,-8.377809849837149713e-05,3.608337688969006366e-05
7.400000000000000355e+00,3.613878392884626867e-01,-4.089997744072190744e-03,3.033726331722182753e-03,3.595548020829849034e-01,-2.567749769106647106e-03,6.755269578709848920e-05,-8.256083696557434343e-05,3.551600199743524752e-05
7.412500000000000533e+00,3.613369507528886859e-01,-4.052213755840783013e-03,3.011738457446879336e-03,3.595228716114965972e-01,-2.541158490465993298e-03,6.652820096567970949e-05,-8.136126046518890934e-05,3.495689220273611158e-05
7.425000000000000711e+00,3.612865328035249624e-01,-4.014703618217700665e-03,2.989910043917206380e-03,3.594912723030543877e-01,-2.514763452813174698e-03,6.551859165833550280e-05,-8.017911223250622648e-05,3.440592743823172212e-05
7.437500000000000000e+00,3.612365820296670749e-01,-3.977465345068913020e-03,2.968239952480796178e-03,3.594600017132077441e-01,-2.488563288064223576e-03,6.452365159700448069e-05,-7.901413924031010433e-05,3.386298938605034368e-05
7.450000000000000178e+00,3.611870950453485163e-01,-3.940496964441395598e-03,2.946727052818145804e-03,3.594290574145389550e-01,-2.462556639089506436e-03,6.354316765338993451e-05,-7.786609214442317094e-05,3.332796145245473429e-05
7.462500000000000355e+00,3.611380684891640769e-01,-3.903796518459338571e-03,2.925370222886707408e-03,3.593984369965259607e-01,-2.436742159656079144e-03,6.257692979325846412e-05,-7.673472523005469474e-05,3.280072874285972862e-05
7.475000000000000533e+00,3.610894990240946512e-01,-3.867362063221019188e-03,2.904168348865419566e-03,3.593681380654071278e-01,-2.411118514370845685e-03,6.162473103140353426e-05,-7.561979635893714994e-05,3.228117803721600361e-05
7.487500000000000711e+00,3.610413833373329884e-01,-3.831191668696378935e-03,2.883120325099713943e-03,3.593381582440455246e-01,-2.385684378624552179e-03,6.068636738726537977e-05,-7.452106691724062911e-05,3.176919776575520875e-05
7.500000000000000000e+00,3.609937181401110529e-01,-3.795283418625289371e-03,2.862225054046977756e-03,3.593084951717948061e-01,-2.360438438536611831e-03,5.976163784119712242e-05,-7.343830176425369190e-05,3.126467798509120251e-05
7.512500000000000178e+00,3.609465001675286056e-01,-3.759635410416478033e-03,2.841481446222468999e-03,3.592791465043653765e-01,-2.335379390900750411e-03,5.885034429136731446e-05,-7.237126918181858808e-05,3.076751035467190619e-05
7.525000000000000355e+00,3.608997261783828403e-01,-3.724245755047158202e-03,2.820888420145703512e-03,3.592501099136913290e-01,-2.310505943131504342e-03,5.795229151129060785e-05,-7.131974082451102929e-05,3.027758811357737068e-05
7.537500000000000533e+00,3.608533929549994079e-01,-3.689112576963295750e-03,2.800444902287277903e-03,3.592213830877978853e-01,-2.285816813211537148e-03,5.706728710797584280e-05,-7.028349167055212253e-05,2.979480605765824202e-05
7.550000000000000711e+00,3.608074973030647725e-01,-3.654234013980556858e-03,2.780149827016156934e-03,3.591929637306697232e-01,-2.261310729639805488e-03,5.619514148068358668e-05,-6.926229997344262625e-05,2.931906051701035332e-05
7.562500000000000000e+00,3.607620360514597335e-01,-3.619608217185903663e-03,2.760002136547409779e-03,3.591648495621199144e-01,-2.236986431380564785e-03,5.533566778028377201e-05,-6.825594721430861922e-05,2.885024933378034737e-05
7.575000000000000178e+00,3.607170060520938915e-01,-3.585233350839835218e-03,2.740000780890386890e-03,3.591370383176591408e-01,-2.212842667813216205e-03,5.448868186920434665e-05,-6.726421805494772668e-05,2.838827184029741368e-05
7.587500000000000355e+00,3.606724041797418900e-01,-3.551107592279295014e-03,2.720144717797364810e-03,3.591095277483661863e-01,-2.188878198683017091e-03,5.365400228196305534e-05,-6.628690029156676926e-05,2.793302883752695905e-05
7.600000000000000533e+00,3.606282273318803799e-01,-3.517229131821192172e-03,2.700432912712613393e-03,3.590823156207584299e-01,-2.165091794052627968e-03,5.283145018627271678e-05,-6.532378480919905767e-05,2.748442257384089900e-05
7.612500000000000711e+00,3.605844724285264813e-01,-3.483596172666571407e-03,2.680864338721924024e-03,3.590553997166631706e-01,-2.141482234254523873e-03,5.202084934471231861e-05,-6.437466553679261868e-05,2.704235672410052480e-05
7.625000000000000000e+00,3.605411364120771900e-01,-3.450206930805407510e-03,2.661437976502576720e-03,3.590287778330897295e-01,-2.118048309844267844e-03,5.122202607695541284e-05,-6.343933940295893074e-05,2.660673636904729392e-05
7.637500000000000178e+00,3.604982162471502827e-01,-3.417059634922015206e-03,2.642152814273739190e-03,3.590024477821016635e-01,-2.094788821554637460e-03,5.043480922254725286e-05,-6.251760629237241120e-05,2.617746797499696684e-05
7.650000000000000355e+00,3.604557089204260545e-01,-3.384152526301095667e-03,2.623007847747326881e-03,3.589764073906901443e-01,-2.071702580250639122e-03,4.965903010422353031e-05,-6.160926900281181906e-05,2.575445937383319368e-05
7.662500000000000533e+00,3.604136114404905000e-01,-3.351483858734371959e-03,2.604002080079281974e-03,3.589506545006473925e-01,-2.048788406885378426e-03,4.889452249176149572e-05,-6.071413320283304955e-05,2.533761974329567848e-05
7.675000000000000711e+00,3.603719208376795491e-01,-3.319051898427846387e-03,2.585134521821298628e-03,3.589251869684408347e-01,-2.026045132456813502e-03,4.814112256635665304e-05,-5.983200739006494523e-05,2.492685958755911309e-05
7.687500000000000000e+00,3.603306341639244681e-01,-3.286854923909651553e-03,2.566404190872987549e-03,3.589000026650879804e-01,-2.003471597965393071e-03,4.739866888551680146e-05,-5.896270285011870446e-05,2.452209071809862494e-05
7.700000000000000178e+00,3.602897484925983163e-01,-3.254891225938491214e-03,2.547810112434463828e-03,3.588750994760313562e-01,-1.981066654372574433e-03,4.666700234846574044e-05,-5.810603361610164460e-05,2.412322623483745618e-05
7.712500000000000355e+00,3.602492609183637340e-01,-3.223159107412692202e-03,2.529351318959384507e-03,3.588504753010146042e-01,-1.958829162560246553e-03,4.594596616204980053e-05,-5.726181642872726950e-05,2.373018050757332351e-05
7.725000000000000533e+00,3.602091685570217861e-01,-3.191656883279815355e-03,2.511026850108408117e-03,3.588261280539584708e-01,-1.936757993291035465e-03,4.523540580713881110e-05,-5.642987069701188368e-05,2.334286915767883717e-05
7.737500000000000711e+00,3.601694685453617484e-01,-3.160382880446859725e-03,2.492835752703085727e-03,3.588020556628375712e-01,-1.914852027169523666e-03,4.453516900551498608e-05,-5.561001845954992648e-05,2.296120904007261469e-05
7.750000000000000000e+00,3.601301580410123382e-01,-3.129335437691040112e-03,2.474777080680190880e-03,3.587782560695577661e-01,-1.893110154604372855e-03,4.384510568724232820e-05,-5.480208434635935264e-05,2.258511822545699663e-05
7.762500000000000178e+00,3.600912342222938323e-01,-3.098512905571121009e-03,2.456849895046464127e-03,3.587547272298336476e-01,-1.871531275771357852e-03,4.316506795850913827e-05,-5.400589554128848728e-05,2.221451598281847802e-05
7.775000000000000355e+00,3.600526942880713510e-01,-3.067913646339335155e-03,2.439053263833807286e-03,3.587314671130666932e-01,-1.850114300577332914e-03,4.249491006993753113e-05,-5.322128174497693529e-05,2.184932276218755549e-05
7.787500000000000533e+00,3.600145354576092527e-01,-3.037536033853838538e-03,2.421386262054884501e-03,3.587084737022240288e-01,-1.828858148625112480e-03,4.183448838535198917e-05,-5.244807513836139719e-05,2.148946017765373463e-05
7.800000000000000711e+00,3.599767549704264713e-01,-3.007378453491728765e-03,2.403847971659163474e-03,3.586857449937173037e-01,-1.807761749179289746e-03,4.118366135100096325e-05,-5.168611034671931028e-05,2.113485099063250932e-05
7.812500000000000000e+00,3.599393500861533535e-01,-2.977439302062608994e-03,2.386437481489378249e-03,3.586632789972820645e-01,-1.786824041132997407e-03,4.054228946522465683e-05,-5.093522440424212927e-05,2.078541909338061657e-05
7.825000000000000178e+00,3.599023180843889946e-01,-2.947716987722682688e-03,2.369153887238412224e-03,3.586410737358577405e-01,-1.766043972975605810e-03,3.991023524856209475e-05,-5.019525671913040637e-05,2.044108949275593142e-05
7.837500000000000355e+00,3.598656562645601298e-01,-2.918209929889409131e-03,2.351996291406617881e-03,3.586191272454679058e-01,-1.745420502761391244e-03,3.928736321429173752e-05,-4.946604903920374539e-05,2.010178829421892208e-05
7.850000000000000533e+00,3.598293619457808012e-01,-2.888916559156663733e-03,2.334963803259548949e-03,3.585974375751006527e-01,-1.724952598079149005e-03,3.867353983939839703e-05,-4.874744541801718671e-05,1.976744268607179609e-05
7.862500000000000711e+00,3.597934324667131922e-01,-2.859835317210439147e-03,2.318055538786120608e-03,3.585760027865899646e-01,-1.704639236022784197e-03,3.806863353596072111e-05,-4.803929218147747718e-05,1.943798092393231181e-05
7.875000000000000000e+00,3.597578651854295706e-01,-2.830964656745062896e-03,2.301270620657192966e-03,3.585548209544967557e-01,-1.684479403162876792e-03,3.747251462295292460e-05,-4.734143789495158820e-05,1.911333231543890456e-05
7.887500000000000178e+00,3.597226574792751763e-01,-2.802303041379921970e-03,2.284608178184569134e-03,3.585338901659907984e-01,-1.664472095519225949e-03,3.688505529845443118e-05,-4.665373333086030575e-05,1.879342720518372889e-05
7.900000000000000355e+00,3.596878067447321081e-01,-2.773848945576718253e-03,2.268067347280430454e-03,3.585132085207326513e-01,-1.644616318534399815e-03,3.630612961226197102e-05,-4.597603143675044158e-05,1.847819695987078464e-05
7.912500000000000533e+00,3.596533103972843759e-01,-2.745600854557205331e-03,2.251647270417175915e-03,3.584927741307561422e-01,-1.624911087048272603e-03,3.573561343889744617e-05,-4.530818730383779811e-05,1.816757395369552859e-05
7.925000000000000711e+00,3.596191658712838413e-01,-2.717557264221439218e-03,2.235347096587693080e-03,3.584725851203509062e-01,-1.605355425273578872e-03,3.517338445100627803e-05,-4.465005813601493766e-05,1.786149155394323065e-05
7.937500000000000000e+00,3.595853706198173794e-01,-2.689716681066516533e-03,2.219165981266047090e-03,3.584526396259455905e-01,-1.585948366772485215e-03,3.461932209314032825e-05,-4.400150321931661367e-05,1.755988410680291688e-05
7.950000000000000178e+00,3.595519221145748179e-01,-2.662077622105800141e-03,2.203103086368582517e-03,3.584329357959908924e-01,-1.566688954434185656e-03,3.407330755591942285e-05,-4.336238389183619621e-05,1.726268692339379241e-05
7.962500000000000355e+00,3.595188178457180417e-01,-2.634638614788638311e-03,2.187157580215462385e-03,3.584134717908432077e-01,-1.547576240453545256e-03,3.353522375056656714e-05,-4.273256351408722341e-05,1.696983626600152866e-05
7.975000000000000533e+00,3.594860553217508747e-01,-2.607398196920551834e-03,2.171328637492607027e-03,3.583942457826485017e-01,-1.528609286310778255e-03,3.300495528381050173e-05,-4.211190743980273348e-05,1.668126933452110123e-05
7.987500000000000711e+00,3.594536320693904052e-01,-2.580354916583896870e-03,2.155615439214068375e-03,3.583752559552262906e-01,-1.509787162752191563e-03,3.248238843315074130e-05,-4.150028298716679345e-05,1.639692425310362037e-05
8.000000000000000000e+00,3.594215456334388104e-01,-2.553507332058998353e-03,2.140017172684814499e-03,3.583565005039539009e-01,-1.491108949771992711e-03,3.196741112247954625e-05,-4.089755941047185529e-05,1.611674005700426749e-05
8.012500000000001066e+00,3.593897935766564578e-01,-2.526854011745737014e-03,2.124533031463935254e-03,3.583379776356510615e-01,-1.472573736595170950e-03,3.145991289805535201e-05,-4.030360787219544735e-05,1.584065667962843735e-05
8.025000000000000355e+00,3.593583734796358398e-01,-2.500393534085617372e-03,2.109162215328278574e-03,3.583196855684646076e-01,-1.454180621661485756e-03,3.095978490482321767e-05,-3.971830141549124126e-05,1.556861493977384293e-05
8.037499999999999645e+00,3.593272829406766178e-01,-2.474124487484250304e-03,2.093903930236486188e-03,3.583016225317532943e-01,-1.435928712610524570e-03,3.046691986307570717e-05,-3.914151493708681648e-05,1.530055652906507654e-05
8.050000000000000711e+00,3.592965195756614993e-01,-2.448045470234312248e-03,2.078757388293466478e-03,3.582837867659729447e-01,-1.417817126267896998e-03,2.998121204545070681e-05,-3.857312516058420608e-05,1.503642399957887170e-05
8.062500000000000000e+00,3.592660810179330588e-01,-2.422155090438948052e-03,2.063721807715288882e-03,3.582661765225618744e-01,-1.399844988632550739e-03,2.950255725426053756e-05,-3.801301061015648791e-05,1.477616075165712362e-05
8.075000000000001066e+00,3.592359649181717796e-01,-2.396451965935572810e-03,2.048796412794478151e-03,3.582487900638259837e-01,-1.382011434865198368e-03,2.903085279914667364e-05,-3.746105158463426172e-05,1.451971102190470672e-05
8.087500000000000355e+00,3.592061689442747063e-01,-2.370934724220161161e-03,2.033980433865760929e-03,3.582316256628244044e-01,-1.364315609277927431e-03,2.856599747505702143e-05,-3.691713013197816325e-05,1.426701987137057324e-05
8.099999999999999645e+00,3.591766907812351528e-01,-2.345602002371905640e-03,2.019273107272201787e-03,3.582146816032554804e-01,-1.346756665324933553e-03,2.810789154053890108e-05,-3.638113002412983254e-05,1.401803317390852948e-05
8.112500000000000711e+00,3.591475281310235190e-01,-2.320452446978332143e-03,2.004673675331785070e-03,3.581979561793419697e-01,-1.329333765594452018e-03,2.765643669634470529e-05,-3.585293673223769107e-05,1.377269760471622783e-05
8.125000000000000000e+00,3.591186787124686641e-01,-2.295484714060831710e-03,1.990181386304413526e-03,3.581814476957174143e-01,-1.312046081801873740e-03,2.721153606434492263e-05,-3.533243740225163214e-05,1.353096062904957592e-05
8.137500000000001066e+00,3.590901402611408333e-01,-2.270697469000565287e-03,1.975795494359316746e-03,3.581651544673119525e-01,-1.294892794784036072e-03,2.677309416674331435e-05,-3.481952083088052597e-05,1.329277049110995231e-05
8.150000000000000355e+00,3.590619105292347513e-01,-2.246089386464826879e-03,1.961515259542909780e-03,3.581490748192380225e-01,-1.277873094494765644e-03,2.634101690559132101e-05,-3.431407744190936149e-05,1.305807620310272957e-05
8.162499999999999645e+00,3.590339872854541592e-01,-2.221659150333752785e-03,1.947339947747045528e-03,3.581332070866770079e-01,-1.260986180001609069e-03,2.591521154259535258e-05,-3.381599926286873347e-05,1.282682753446388086e-05
8.175000000000000711e+00,3.590063683148970730e-01,-2.197405453627460179e-03,1.933268830677716422e-03,3.581175496147647186e-01,-1.244231259483833014e-03,2.549558667921415699e-05,-3.332517990205351047e-05,1.259897500125325718e-05
8.187500000000000000e+00,3.589790514189420412e-01,-2.173326998433575130e-03,1.919301185824179388e-03,3.581021007584778704e-01,-1.227607550231680231e-03,2.508205223704127276e-05,-3.284151452588511365e-05,1.237446985571204160e-05
8.200000000000001066e+00,3.589520344151352904e-01,-2.149422495835107572e-03,1.905436296428489979e-03,3.580868588825201759e-01,-1.211114278646872183e-03,2.467451943846777165e-05,-3.236489983661182266e-05,1.215326407598190726e-05
8.212500000000000355e+00,3.589253151370785377e-01,-2.125690665838756051e-03,1.891673451455493397e-03,3.580718223612083806e-01,-1.194750680244438751e-03,2.427290078762250626e-05,-3.189523405034424907e-05,1.193531035598458800e-05
8.224999999999999645e+00,3.588988914343180792e-01,-2.102130237303536427e-03,1.878011945563217745e-03,3.580569895783581313e-01,-1.178515999655813410e-03,2.387711005158398071e-05,-3.143241687541907238e-05,1.172056209545883129e-05
8.237500000000000711e+00,3.588727611722345445e-01,-2.078739947869808705e-03,1.864451079073714415e-03,3.580423589271703455e-01,-1.162409490633274775e-03,2.348706224186125941e-05,-3.097634949108832802e-05,1.150897339015350829e-05
8.250000000000000000e+00,3.588469222319334295e-01,-2.055518543888665978e-03,1.850990157944334535e-03,3.580279288101170243e-01,-1.146430416055722575e-03,2.310267359613917709e-05,-3.052693452652896190e-05,1.130049902217455539e-05
8.262500000000001066e+00,3.588213725101369600e-01,-2.032464780351649503e-03,1.837628493739415243e-03,3.580136976388269554e-01,-1.130578047935787639e-03,2.272386156028346268e-05,-3.008407604016763036e-05,1.109509445048350913e-05
8.275000000000000355e+00,3.587961099190761227e-01,-2.009577420820860601e-03,1.824365403602433043e-03,3.579996638339718040e-01,-1.114851667428346351e-03,2.235054477060312400e-05,-2.964767949931791622e-05,1.089271580154644038e-05
8.287499999999999645e+00,3.587711323863842505e-01,-1.986855237359370918e-03,1.811200210228563513e-03,3.579858258251515379e-01,-1.099250564840391440e-03,2.198264303636467232e-05,-2.921765176012385584e-05,1.069331986013054833e-05
8.300000000000000711e+00,3.587464378549912181e-01,-1.964297010462004792e-03,1.798132241837696382e-03,3.579721820507799634e-01,-1.083774039642333492e-03,2.162007732255566590e-05,-2.879390104780710363e-05,1.049686406024726406e-05
8.312500000000000000e+00,3.587220242830182482e-01,-1.941901528986456635e-03,1.785160832147892956e-03,3.579587309579702614e-01,-1.068421400480729913e-03,2.126276973289328672e-05,-2.837633693721290613e-05,1.030330647623977500e-05
8.325000000000001066e+00,3.586978896436739395e-01,-1.919667590084705609e-03,1.772285320349264223e-03,3.579454710024200792e-01,-1.053191965192437456e-03,2.091064349307374213e-05,-2.796487033365026759e-05,1.011260581401290167e-05
8.337500000000000355e+00,3.586740319251510711e-01,-1.897593999134800221e-03,1.759505051078319926e-03,3.579324006482965670e-01,-1.038085060820264196e-03,2.056362293426009619e-05,-2.755941345402378620e-05,9.924721402404290048e-06
8.349999999999999645e+00,3.586504491305240738e-01,-1.875679569672914632e-03,1.746819374392735496e-03,3.579195183681212478e-01,-1.023100023630074554e-03,2.022163347680342807e-05,-2.715987980825141824e-05,9.739613184694364856e-06
8.362500000000000711e+00,3.586271392776476663e-01,-1.853923123325749512e-03,1.734227645746584537e-03,3.579068226426545540e-01,-1.008236199129423048e-03,1.988460161419494917e-05,-2.676618418096578131e-05,9.557241710254068013e-06
8.375000000000000000e+00,3.586041003990558251e-01,-1.832323489743238002e-03,1.721729225966018868e-03,3.578943119607801981e-01,-9.934929420877145964e-04,1.955245489724513871e-05,-2.637824261349458891e-05,9.377568126328427291e-06
8.387500000000001066e+00,3.585813305418622532e-01,-1.810879506531523154e-03,1.709323481225383332e-03,3.578819848193893205e-01,-9.788696165578952835e-04,1.922512191848591321e-05,-2.599597238611592344e-05,9.200554169954137436e-06
8.400000000000000355e+00,3.585588277676611257e-01,-1.789590019186277107e-03,1.697009783023809828e-03,3.578698397232642492e-01,-9.643655958997422164e-04,1.890253229679360054e-05,-2.561929200058605391e-05,9.026162160010176288e-06
8.412499999999999645e+00,3.585365901524290022e-01,-1.768453881026263571e-03,1.684787508162240675e-03,3.578578751849619266e-01,-9.499802628047196180e-04,1.858461666222793783e-05,-2.524812116293454674e-05,8.854354989399155354e-06
8.425000000000000711e+00,3.585146157864273486e-01,-1.747469953127215583e-03,1.672656038720927952e-03,3.578460897246973360e-01,-9.357130093224691383e-04,1.827130664108495543e-05,-2.488238076652447083e-05,8.685096117358547636e-06
8.437500000000000000e+00,3.584929027741061702e-01,-1.726637104255991260e-03,1.660614762037393617e-03,3.578344818702261509e-01,-9.215632368889422991e-04,1.796253484115995205e-05,-2.452199287537364117e-05,8.518349561900012248e-06
8.450000000000001066e+00,3.584714492340080327e-01,-1.705954210804973064e-03,1.648663070684834586e-03,3.578230501567271626e-01,-9.075303563561752879e-04,1.765823483721689193e-05,-2.416688070773301153e-05,8.354079892375164119e-06
8.462500000000000355e+00,3.584502532986733048e-01,-1.685420156726776713e-03,1.636800362451020473e-03,3.578117931266847074e-01,-8.936137880237835125e-04,1.735834115666215033e-05,-2.381696861992008168e-05,8.192252222166963760e-06
8.474999999999999645e+00,3.584293131145460665e-01,-1.665033833469179532e-03,1.625026040317635199e-03,3.578007093297699837e-01,-8.798129616721392723e-04,1.706278926541812156e-05,-2.347218209040252145e-05,8.032832201504601041e-06
8.487500000000000711e+00,3.584086268418807952e-01,-1.644794139910330704e-03,1.613339512440104982e-03,3.577897973227225914e-01,-8.661273165973088720e-04,1.677151555399464310e-05,-2.313244770413003655e-05,7.875786010401153019e-06
8.500000000000000000e+00,3.583881926546498287e-01,-1.624699982294212398e-03,1.601740192127903799e-03,3.577790556692311830e-01,-8.525563016477545998e-04,1.648445732375475610e-05,-2.279769313711074559e-05,7.721080351712401348e-06
8.512500000000001066e+00,3.583680087404518266e-01,-1.604750274166314057e-03,1.590227497825317474e-03,3.577684829398140587e-01,-8.390993752628097017e-04,1.620155277337131608e-05,-2.246784714122849737e-05,7.568682444315353231e-06
8.525000000000000355e+00,3.583480733004207885e-01,-1.584943936309589005e-03,1.578800853092715605e-03,3.577580777116986521e-01,-8.257560055130013779e-04,1.592274098547252913e-05,-2.214283952929926153e-05,7.418560016405699364e-06
8.537499999999999645e+00,3.583283845491360142e-01,-1.565279896680596460e-03,1.567459686588281234e-03,3.577478385687013485e-01,-8.125256701421926372e-04,1.564796191347218545e-05,-2.182260116036213374e-05,7.270681298912368235e-06
8.550000000000000711e+00,3.583089407145328975e-01,-1.545757090345900283e-03,1.556203432050247068e-03,3.577377641011058040e-01,-7.994078566116183610e-04,1.537715636858270619e-05,-2.150706392520322077e-05,7.125015019028496652e-06
8.562500000000000000e+00,3.582897400378143860e-01,-1.526374459418684782e-03,1.545031528279620231e-03,3.577278529055416545e-01,-7.864020621458265269e-04,1.511026600700770548e-05,-2.119616073210900032e-05,6.981530393857421401e-06
8.575000000000001066e+00,3.582707807733632177e-01,-1.507130952995555705e-03,1.533943419123387540e-03,3.577181035848617796e-01,-7.735077937805353264e-04,1.484723331731082844e-05,-2.088982549284587931e-05,6.840197124172369837e-06
8.587500000000000355e+00,3.582520611886551576e-01,-1.488025527093590370e-03,1.522938553458243801e-03,3.577085147480196792e-01,-7.607245684124818537e-04,1.458800160795900512e-05,-2.058799310886433789e-05,6.700985388289232765e-06
8.599999999999999645e+00,3.582335795641728993e-01,-1.469057144587545887e-03,1.512016385174797146e-03,3.576990850099456831e-01,-7.480519128512403554e-04,1.433251499503622068e-05,-2.029059945772352560e-05,6.563865836050744164e-06
8.612500000000000711e+00,3.582153341933205781e-01,-1.450224775147289629e-03,1.501176373162298487e-03,3.576898129914227176e-01,-7.354893638730856118e-04,1.408071839012597046e-05,-1.999758137973480540e-05,6.428809582921515517e-06
8.625000000000000000e+00,3.581973233823392833e-01,-1.431527395175417059e-03,1.490417981293880095e-03,3.576806973189615158e-01,-7.230364682769153256e-04,1.383255748835931336e-05,-1.970887666482115221e-05,6.295788204192704145e-06
8.637500000000001066e+00,3.581795454502234022e-01,-1.412963987745023946e-03,1.479740678412294445e-03,3.576717366246747742e-01,-7.106927829422482164e-04,1.358797875662550142e-05,-1.942442403958945823e-05,6.164773729295140722e-06
8.650000000000000355e+00,3.581619987286375206e-01,-1.394533542537694341e-03,1.469143938316196238e-03,3.576629295461510316e-01,-6.984578748893744728e-04,1.334692942194340492e-05,-1.914416315461425091e-05,6.035738636220425551e-06
8.662499999999999645e+00,3.581446815618342105e-01,-1.376235055781615396e-03,1.458627239746922502e-03,3.576542747263272704e-01,-6.863313213416408903e-04,1.310935745999006395e-05,-1.886803457192917795e-05,5.908655846048512108e-06
8.675000000000000711e+00,3.581275923065725952e-01,-1.358067530189882143e-03,1.448190066375818928e-03,3.576457708133609636e-01,-6.743127097899494085e-04,1.287521158378466525e-05,-1.859597975272484649e-05,5.783498717581330661e-06
8.687500000000000000e+00,3.581107293320376361e-01,-1.340029974898957095e-03,1.437831906792098099e-03,3.576374164605017336e-01,-6.624016380594862849e-04,1.264444123252499703e-05,-1.832794104525027200e-05,5.660241042081406690e-06
8.700000000000001066e+00,3.580940910197603633e-01,-1.322121405407250625e-03,1.427552254491220966e-03,3.576292103259611221e-01,-6.505977143787038076e-04,1.241699656057355914e-05,-1.806386167291529772e-05,5.538857038114450069e-06
8.712500000000000355e+00,3.580776757635385499e-01,-1.304340843513884362e-03,1.417350607863842758e-03,3.576211510727825837e-01,-6.389005574506321757e-04,1.219282842659163129e-05,-1.780368572259264945e-05,5.419321346495559243e-06
8.724999999999999645e+00,3.580614819693584416e-01,-1.286687317257549342e-03,1.407226470185285808e-03,3.576132373687099797e-01,-6.273097965265096200e-04,1.197188838281785191e-05,-1.754735813311636324e-05,5.301609025337719879e-06
8.737500000000000711e+00,3.580455080553170966e-01,-1.269159860855517902e-03,1.397179349605580509e-03,3.576054678860551284e-01,-6.158250714818131648e-04,1.175412866448966768e-05,-1.729482468397535913e-05,5.185695545202304926e-06
8.750000000000000000e+00,3.580297524515456686e-01,-1.251757514642776788e-03,1.387208759140063545e-03,3.575978413015645785e-01,-6.044460328947096539e-04,1.153950217940489083e-05,-1.704603198419972859e-05,5.071556784350653647e-06
8.762500000000001066e+00,3.580142136001329689e-01,-1.234479325011249165e-03,1.377314216660527335e-03,3.575903562962853832e-01,-5.931723421269553386e-04,1.132796249762070110e-05,-1.680092746143730948e-05,4.959169024095905480e-06
8.775000000000000355e+00,3.579988899550506920e-01,-1.217324344349161912e-03,1.367495244886960792e-03,3.575830115554297639e-01,-5.820036714073227417e-04,1.111946384128844058e-05,-1.655945935121955608e-05,4.848508944254821052e-06
8.787499999999999645e+00,3.579837799820782540e-01,-1.200291630980472764e-03,1.357751371379844335e-03,3.575758057682386637e-01,-5.709397039175501338e-04,1.091396107462097940e-05,-1.632157668641362404e-05,4.739553618698484122e-06
8.800000000000000711e+00,3.579688821587292957e-01,-1.183380249104418669e-03,1.348082128533040778e-03,3.575687376278444130e-01,-5.599801338808971067e-04,1.071140969399106832e-05,-1.608722928685975585e-05,4.632280511001685410e-06
8.812500000000000000e+00,3.579541949741786855e-01,-1.166589268735145459e-03,1.338487053567274931e-03,3.575618058311318959e-01,-5.491246666533329155e-04,1.051176581815807602e-05,-1.585636774919174722e-05,4.526667470190256467e-06
8.825000000000001066e+00,3.579397169291899106e-01,-1.149917765641394552e-03,1.328965688524192616e-03,3.575550090785992174e-01,-5.383730188173882708e-04,1.031498617862054139e-05,-1.562894343683843810e-05,4.422692726585671721e-06
8.837500000000000355e+00,3.579254465360438564e-01,-1.133364821286292432e-03,1.319517580261041993e-03,3.575483460742163722e-01,-5.277249182787542830e-04,1.012102811009301932e-05,-1.540490847020532683e-05,4.320334887746785732e-06
8.849999999999999645e+00,3.579113823184677523e-01,-1.116929522767171144e-03,1.310142280445941894e-03,3.575418155252833019e-01,-5.171801043656296419e-04,9.929849541104108208e-06,-1.518421571703366657e-05,4.219572934507786597e-06
8.862500000000000711e+00,3.578975228115652274e-01,-1.100610962755465107e-03,1.300839345553777464e-03,3.575354161422864552e-01,-5.067383279309017928e-04,9.741408984714183456e-06,-1.496681878293625448e-05,4.120386217112285918e-06
8.875000000000000000e+00,3.578838665617469217e-01,-1.084408239436655211e-03,1.291608336862717053e-03,3.575291466387539030e-01,-4.963993514571947430e-04,9.555665529350312971e-06,-1.475267200210803152e-05,4.022754451442987106e-06
8.887500000000001066e+00,3.578704121266621518e-01,-1.068320456450231118e-03,1.282448820451344935e-03,3.575230057311096221e-01,-4.861629491648206862e-04,9.372578829755955751e-06,-1.454173042820968712e-05,3.926657715346410277e-06
8.900000000000000355e+00,3.578571580751309100e-01,-1.052346722829718400e-03,1.273360367196448451e-03,3.575169921385258354e-01,-4.760289071227196897e-04,9.192109098053927429e-06,-1.433394982542358243e-05,3.832076445052679641e-06
8.912499999999999645e+00,3.578441029870768064e-01,-1.036486152942696359e-03,1.264342552771430305e-03,3.575111045827741862e-01,-4.659970233623980662e-04,9.014217094919712173e-06,-1.412928665967970198e-05,3.738991431689626328e-06
8.925000000000000711e+00,3.578312454534608444e-01,-1.020737866430852488e-03,1.255394957645382219e-03,3.575053417880755813e-01,-4.560671079949534163e-04,8.838864120863653911e-06,-1.392769809005101185e-05,3.647383817891285829e-06
8.937500000000000000e+00,3.578185840762159731e-01,-1.005100988150046037e-03,1.246517167082819956e-03,3.574997024809484780e-01,-4.462389833312253168e-04,8.666012007619639914e-06,-1.372914196031667612e-05,3.557235094500372478e-06
8.950000000000001066e+00,3.578061174681819723e-01,-9.895746481103483844e-04,1.237708771144071249e-03,3.574941853900555633e-01,-4.365124840051132888e-04,8.495623109637971131e-06,-1.353357679069156618e-05,3.468527097364409087e-06
8.962500000000000355e+00,3.577938442530417817e-01,-9.741579814161059527e-04,1.228969364686356746e-03,3.574887892460488215e-01,-4.268874571001523600e-04,8.327660295680931881e-06,-1.334096176972163095e-05,3.381242004225626103e-06
8.974999999999999645e+00,3.577817630652579406e-01,-9.588501282059543399e-04,1.220298547365537964e-03,3.574835127814132152e-01,-4.173637622793626464e-04,8.162086940518284019e-06,-1.315125674634313409e-05,3.295362331704108076e-06
8.987500000000000711e+00,3.577698725500100263e-01,-9.436502335928268100e-04,1.211695923638566935e-03,3.574783547303088116e-01,-4.079412719184649476e-04,7.998866916721238847e-06,-1.296442222210539573e-05,3.210870932374376331e-06
9.000000000000000000e+00,3.577581713631329818e-01,-9.285574476039284162e-04,1.203161102766639500e-03,3.574733138284105216e-01,-3.986198712425083270e-04,7.837964586552626563e-06,-1.278041934355571887e-05,3.127750991935193547e-06
9.012500000000001066e+00,3.577466581710561089e-01,-9.135709251206445289e-04,1.194693698819044225e-03,3.574683888127471176e-01,-3.893994584659570555e-04,7.679344793951011817e-06,-1.259920989478530976e-05,3.045986026472426337e-06
9.025000000000000355e+00,3.577353316507425607e-01,-8.986898258184287643e-04,1.186293330677750096e-03,3.574635784215376422e-01,-3.802799449363326000e-04,7.522972856607328991e-06,-1.242075629013590240e-05,2.965559879815240279e-06
9.037499999999999645e+00,3.577241904896298341e-01,-8.839133141065972374e-04,1.177959622042704145e-03,3.574588813940265397e-01,-3.712612552814330454e-04,7.368814558131352095e-06,-1.224502156706549816e-05,2.886456720985299999e-06
9.050000000000000711e+00,3.577132333855712054e-01,-8.692405590680734847e-04,1.169692201437879352e-03,3.574542964703165682e-01,-3.623433275602287750e-04,7.216836140306562720e-06,-1.207196937917303759e-05,2.808661041739310602e-06
9.062500000000000000e+00,3.577024590467773879e-01,-8.546707343990522874e-04,1.161490702218070849e-03,3.574498223911999895e-01,-3.535261134174855300e-04,7.067004295431230688e-06,-1.190156398938101853e-05,2.732157654204879259e-06
9.075000000000001066e+00,3.576918661917594666e-01,-8.402030183485536662e-04,1.153354762576439809e-03,3.574454578979878727e-01,-3.448095782421699783e-04,6.919286158743505987e-06,-1.173377026327515571e-05,2.656931688609716435e-06
9.087500000000000355e+00,3.576814535492721103e-01,-8.258365936579086788e-04,1.145284025552841412e-03,3.574412017323369550e-01,-3.361937013297383548e-04,6.773649300929110801e-06,-1.156855366260104645e-05,2.582968591104608752e-06
9.099999999999999645e+00,3.576712198582582269e-01,-8.115706475001053556e-04,1.137278139042916534e-03,3.574370526360752809e-01,-3.276784760483387993e-04,6.630061720709027038e-06,-1.140588023891657014e-05,2.510254121680041502e-06
9.112500000000000711e+00,3.576611638677933969e-01,-7.974043714190361901e-04,1.129336755807984006e-03,3.574330093510247330e-01,-3.192639100090314771e-04,6.488491837505765638e-06,-1.124571662740012993e-05,2.438774352176983700e-06
9.125000000000000000e+00,3.576512843370320827e-01,-7.833369612686176932e-04,1.121459533485735620e-03,3.574290706188222866e-01,-3.109500252400849746e-04,6.348908484186061128e-06,-1.108803004081402671e-05,2.368515664391995761e-06
9.137500000000001066e+00,3.576415800351539498e-01,-7.693676171517504613e-04,1.113646134601729322e-03,3.574252351807384320e-01,-3.027368583654127207e-04,6.211280899877857742e-06,-1.093278826362239647e-05,2.299464748276886378e-06
9.150000000000000355e+00,3.576320497413110200e-01,-7.554955433591604161e-04,1.105896226581726998e-03,3.574215017774937109e-01,-2.946244607872529754e-04,6.075578722860148837e-06,-1.077995964626393257e-05,2.231608600233519162e-06
9.162499999999999645e+00,3.576226922445758794e-01,-7.417199483080512846e-04,1.098209481764848448e-03,3.574178691490727533e-01,-2.866128988731358627e-04,5.941771983523153092e-06,-1.062951309957848519e-05,2.164934521503876169e-06
9.175000000000000711e+00,3.576135063438905526e-01,-7.280400444806067002e-04,1.090585577417585786e-03,3.574143360345362619e-01,-2.787022541472438070e-04,5.809831097397389200e-06,-1.048141808938790721e-05,2.099430116656053855e-06
9.187500000000000000e+00,3.576044908480157658e-01,-7.144550483623121097e-04,1.083024195748677823e-03,3.574109011718298867e-01,-2.708926234862345998e-04,5.679726858249526412e-06,-1.033564463123077539e-05,2.035083292166579789e-06
9.200000000000001066e+00,3.575956445754815971e-01,-7.009641803800652606e-04,1.075525023924846398e-03,3.574075632975914352e-01,-2.631841193195974082e-04,5.551430431242898419e-06,-1.019216328525075661e-05,1.971882255099477058e-06
9.212500000000000355e+00,3.575869663545384047e-01,-6.875666648401138666e-04,1.068087754087434756e-03,3.574043211469551395e-01,-2.555768698346528537e-04,5.424913346161238079e-06,-1.005094515123912733e-05,1.909815511882870865e-06
9.224999999999999645e+00,3.575784550231089209e-01,-6.742617298657511710e-04,1.060712083369929129e-03,3.574011734533532048e-01,-2.480710191862498014e-04,5.300147490693132550e-06,-9.911961863830921076e-06,1.848871867183481638e-06
9.237500000000000711e+00,3.575701094287405679e-01,-6.610486073348052945e-04,1.053397713916402528e-03,3.573981189483150800e-01,-2.406667277112717513e-04,5.177105103775757175e-06,-9.775185587855349478e-06,1.789040422879872871e-06
9.250000000000000000e+00,3.575619284285594390e-01,-6.479265328168924438e-04,1.046144352900885100e-03,3.573951563612636773e-01,-2.333641721480312736e-04,5.055758768995753597e-06,-9.640589013840528929e-06,1.730310577135071595e-06
9.262500000000001066e+00,3.575539108892240581e-01,-6.348947455104036238e-04,1.038951712547664299e-03,3.573922844193090365e-01,-2.261635458606319328e-04,4.936081408045163325e-06,-9.508145353672592601e-06,1.672672023569218781e-06
9.275000000000000355e+00,3.575460556868806927e-01,-6.219524881792593300e-04,1.031819510152556059e-03,3.573895018470389373e-01,-2.190650590684156088e-04,4.818046274230914109e-06,-9.377828336410070359e-06,1.616114750533256166e-06
9.287499999999999645e+00,3.575383617071191678e-01,-6.090990070893642421e-04,1.024747468105126824e-03,3.573868073663069578e-01,-2.120689390805584492e-04,4.701626946035396799e-06,-9.249612204253358712e-06,1.560629040484239449e-06
9.300000000000000711e+00,3.575308278449292887e-01,-5.963335519447974815e-04,1.017735313911913688e-03,3.573841996960172573e-01,-2.051754305359363968e-04,4.586797320726620739e-06,-9.123471708670317573e-06,1.506205469463374787e-06
9.312500000000000000e+00,3.575234530046585424e-01,-5.836553758237049286e-04,1.010782780220640916e-03,3.573816775519064182e-01,-1.983847956483474897e-04,4.473531608015820795e-06,-8.999382106678368217e-06,1.452834906677634910e-06
9.325000000000001066e+00,3.575162360999700750e-01,-5.710637351138655223e-04,1.003889604845443042e-03,3.573792396463221221e-01,-1.916973144571813273e-04,4.361804323760394195e-06,-8.877319157283609122e-06,1.400508514185871370e-06
9.337500000000000355e+00,3.575091760538018915e-01,-5.585578894479626549e-04,9.970555307931331344e-04,3.573768846879989414e-01,-1.851132850836607131e-04,4.251590283710600176e-06,-8.757259118078150785e-06,1.349217746690656620e-06
9.349999999999999645e+00,3.575022717983266651e-01,-5.461371016384927940e-04,9.902803062905043106e-04,3.573746113818304093e-01,-1.786330239927306628e-04,4.142864597297565190e-06,-8.639178741995972763e-06,1.298954351436725822e-06
9.362500000000000711e+00,3.574955222749123807e-01,-5.338006376123458074e-04,9.835636848127030877e-04,3.573724184286384276e-01,-1.722568662607241487e-04,4.035602661461003793e-06,-8.523055274228686975e-06,1.249710368217356486e-06
9.375000000000000000e+00,3.574889264340836981e-01,-5.215477663450222975e-04,9.769054251126869405e-04,3.573703045249383980e-01,-1.659851658489019173e-04,3.929780154514480881e-06,-8.408866449302018729e-06,1.201478129489813556e-06
9.387500000000001066e+00,3.574824832354845938e-01,-5.093777597944592131e-04,9.703052912517656260e-04,3.573682683627020240e-01,-1.598182958829681580e-04,3.825373030046060422e-06,-8.296590488313969401e-06,1.154250260601057854e-06
9.400000000000000355e+00,3.574761916478410573e-01,-4.972898928344921454e-04,9.637630526312773423e-04,3.573663086291155033e-01,-1.537566489386957313e-04,3.722357510852683883e-06,-8.186206096336265045e-06,1.108019680125207612e-06
9.412499999999999645e+00,3.574700506489253971e-01,-4.852834431878897976e-04,9.572784840253813991e-04,3.573644240063347799e-01,-1.478006373337485354e-04,3.620710082905780883e-06,-8.077692459979871891e-06,1.062779600313928962e-06
9.425000000000000711e+00,3.574640592255209359e-01,-4.733576913589873539e-04,9.508513656150141286e-04,3.573626131712369647e-01,-1.419506934258396515e-04,3.520407489346428170e-06,-7.971029245126393087e-06,1.018523527661362875e-06
9.437500000000000000e+00,3.574582163733875384e-01,-4.615119205658886072e-04,9.444814830230151932e-04,3.573608747951677600e-01,-1.362072699173348265e-04,3.421426724507814814e-06,-7.866196594826646023e-06,9.752452635850216981e-07
9.450000000000001066e+00,3.574525210972284706e-01,-4.497454166722049699e-04,9.381686273504358893e-04,3.573592075436853310e-01,-1.305708401664139708e-04,3.323745027962786359e-06,-7.763175127367877144e-06,9.329389052241568799e-07
9.462500000000000355e+00,3.574469724106572599e-01,-4.380574681183574967e-04,9.319125952140698901e-04,3.573576100763002361e-01,-1.250418985049351651e-04,3.227339878594692965e-06,-7.661945934511653895e-06,8.915988463573836476e-07
9.474999999999999645e+00,3.574415693361663870e-01,-4.264473658523778438e-04,9.257131887852018725e-04,3.573560810462109716e-01,-1.196209605631021324e-04,3.132188988688980543e-06,-7.562490579903795841e-06,8.512197784410718240e-07
9.487500000000000711e+00,3.574363109050960885e-01,-4.149144032602335337e-04,9.195702158296145765e-04,3.573546191000359085e-01,-1.143085636010838027e-04,3.038270298043711800e-06,-7.464791097658626858e-06,8.117966917704167697e-07
9.500000000000000000e+00,3.574311961576043251e-01,-4.034578760956444594e-04,9.134834897488673102e-04,3.573532228775406216e-01,-1.091052668477086499e-04,2.945561968096680670e-06,-7.368829991119380528e-06,7.733248767649597938e-07
9.512500000000001066e+00,3.574262241426379161e-01,-3.920770824093602132e-04,9.074528296228584739e-04,3.573518910113613334e-01,-1.040116518463596762e-04,2.854042376066778908e-06,-7.274590231796792476e-06,7.357999253804049884e-07
9.525000000000000355e+00,3.574213939179038402e-01,-3.807713224779203610e-04,9.014780602537155818e-04,3.573506221267235827e-01,-9.902832280822507097e-05,2.763690109107700999e-06,-7.182055258488438513e-06,6.992177326488469993e-07
9.537499999999999645e+00,3.574167045498422013e-01,-3.695398987318344506e-04,8.955590122110083364e-04,3.573494148411568427e-01,-9.415590697302074366e-05,2.674483958471321758e-06,-7.091208976580799824e-06,6.635744983492917341e-07
9.550000000000000711e+00,3.574121551135996389e-01,-3.583821156832040357e-04,8.896955218783298563e-04,3.573482677642040861e-01,-8.939505497734471899e-05,2.586402913678770068e-06,-7.002035757536877486e-06,6.288667288107321145e-07
9.562500000000000000e+00,3.574077446930037372e-01,-3.472972798527537556e-04,8.838874315012603712e-04,3.573471794971272431e-01,-8.474644123079996209e-05,2.499426156696735594e-06,-6.914520438571839837e-06,5.950912388499225021e-07
9.575000000000001066e+00,3.574034723805383229e-01,-3.362846996962384023e-04,8.781345892367272603e-04,3.573461486326074965e-01,-8.021076430002617419e-05,2.413533056116513519e-06,-6.828648322519337810e-06,5.622451538460902944e-07
9.587500000000000355e+00,3.573993372773199839e-01,-3.253436855302477130e-04,8.724368492038088148e-04,3.573451737544410256e-01,-7.578874730080740368e-05,2.328703161333701089e-06,-6.744405177891684078e-06,5.303259119550659662e-07
9.600000000000001421e+00,3.573953384930749766e-01,-3.144735494573418309e-04,8.667940715359782541e-04,3.573442534372294199e-01,-7.148113829838759605e-05,2.244916196725718115e-06,-6.661777239136552323e-06,4.993312664651343242e-07
9.612500000000000711e+00,3.573914751461175765e-01,-3.036736052905497424e-04,8.612061224348405803e-04,3.573433862460654309e-01,-6.728871071617086215e-05,2.162152055825066059e-06,-6.580751207093743982e-06,4.692592882972874078e-07
9.625000000000000000e+00,3.573877463633290397e-01,-2.929431684771630377e-04,8.556728742253624873e-04,3.573425707362134496e-01,-6.321226375294573027e-05,2.080390795485433081e-06,-6.501314249654982025e-06,4.401083686523594684e-07
9.637500000000001066e+00,3.573841512801377296e-01,-2.822815560218452685e-04,8.501942054126409697e-04,3.573418054527844889e-01,-5.925262280881105580e-05,1.999612630038382618e-06,-6.423454002630495964e-06,4.118772218078697276e-07
9.650000000000000355e+00,3.573806890405002434e-01,-2.716880864090222085e-04,8.447700007402303641e-04,3.573410889304060589e-01,-5.541063991996239021e-05,1.919797925437895509e-06,-6.347158570825909044e-06,3.845648880673282603e-07
9.662500000000001421e+00,3.573773587968830379e-01,-2.611620795245174010e-04,8.394001512500451692e-04,3.573404196928863796e-01,-5.168719420250188006e-05,1.840927193390005828e-06,-6.272416529333108837e-06,3.581707368648685562e-07
9.675000000000000711e+00,3.573741597102459422e-01,-2.507028565764524001e-04,8.340845543438885198e-04,3.573397962528732652e-01,-4.808319230545744712e-05,1.762981085465109173e-06,-6.199216925039338078e-06,3.326944700283012356e-07
9.687500000000000000e+00,3.573710909500255606e-01,-2.403097400153440799e-04,8.288231138466091311e-04,3.573392171115067906e-01,-4.459956887316988169e-05,1.685940387189857454e-06,-6.127549278358299617e-06,3.081361252035699468e-07
9.700000000000001066e+00,3.573681516941207281e-01,-2.299820534534180645e-04,8.236157400709355047e-04,3.573386807580665736e-01,-4.123728701724008525e-05,1.609786012116114350e-06,-6.057403585187864707e-06,2.844960794439041900e-07
9.712500000000000355e+00,3.573653411288781889e-01,-2.197191215831003600e-04,8.184623498840094043e-04,3.573381856696129510e-01,-3.799733879821268564e-05,1.534498995863999590e-06,-5.988770319098748541e-06,2.617750529669345934e-07
9.725000000000001421e+00,3.573626584490797176e-01,-2.095202700946521422e-04,8.133628667756408279e-04,3.573377303106220482e-01,-3.488074571717741885e-05,1.460060490135998171e-06,-5.921640433758744805e-06,2.399741130831521540e-07
9.737500000000000711e+00,3.573601028579301842e-01,-1.993848255929623085e-04,8.083172209283341321e-04,3.573373131326145757e-01,-3.188855921748914597e-05,1.386451756699430992e-06,-5.856005365597634479e-06,2.190946782993186141e-07
9.750000000000000000e+00,3.573576735670466187e-01,-1.893121155134317932e-04,8.033253492890936581e-04,3.573369325737783542e-01,-2.902186119678570371e-05,1.313654161333924389e-06,-5.791857036717541917e-06,1.991385226003687015e-07
9.762500000000001066e+00,3.573553697964482745e-01,-1.793014680369632542e-04,7.983871956430594902e-04,3.573365870585844539e-01,-2.628176452951175196e-05,1.241649167741043344e-06,-5.729187858054270173e-06,1.801077799136397068e-07
9.775000000000000355e+00,3.573531907745480796e-01,-1.693522120040188332e-04,7.935027106889991529e-04,3.573362749973967301e-01,-2.366941360014427947e-05,1.170418331412810561e-06,-5.667990732794993395e-06,1.620049487592699019e-07
9.787500000000001421e+00,3.573511357381446985e-01,-1.594636768277082060e-04,7.886718521166793125e-04,3.573359947860744179e-01,-2.118598484732092796e-05,1.099943293455770928e-06,-5.608259060057944133e-06,1.448328970907414825e-07
9.800000000000000711e+00,3.573492039324159819e-01,-1.496351924059189016e-04,7.838945846861720230e-04,3.573357448055679009e-01,-1.883268731908908962e-05,1.030205774367542294e-06,-5.549986738840250094e-06,1.285948673297595498e-07
9.812500000000000000e+00,3.573473946109135824e-01,-1.398660890324216995e-04,7.791708803091059203e-04,3.573355234215079279e-01,-1.661076323947719593e-05,9.611875677621618424e-07,-5.493168172239835195e-06,1.132944815996466581e-07
9.825000000000001066e+00,3.573457070355583465e-01,-1.301556973069622970e-04,7.745007181319171199e-04,3.573353289837869484e-01,-1.452148858661415702e-05,8.928705340410100585e-07,-5.437798271958007845e-06,9.893574716170735317e-08
9.837500000000000355e+00,3.573441404766373175e-01,-1.205033480442994708e-04,7.698840846211275728e-04,3.573351598261336748e-01,-1.256617368261398379e-05,8.252365940056636091e-07,-5.383872463089334006e-06,8.552306205906310861e-08
9.850000000000001421e+00,3.573426942128014039e-01,-1.109083721821505934e-04,7.653209736506817783e-04,3.573350142656801509e-01,-1.074616379544835887e-05,7.582677224089477401e-07,-5.331386689205622115e-06,7.306122097261087452e-08
9.862500000000000711e+00,3.573413675310645465e-01,-1.013701006880530559e-04,7.608113865913942227e-04,3.573348906025207161e-01,-9.062839753044020692e-06,6.919459414407051994e-07,-5.280337417741424635e-06,6.155542129396972223e-08
9.875000000000000000e+00,3.573401597268038854e-01,-9.188786446507373937e-05,7.563553324025285756e-04,3.573347871192641412e-01,-7.517618569830824704e-06,6.262533141441823623e-07,-5.230721645688282258e-06,5.101126942032322793e-08
9.887500000000001066e+00,3.573390701037611472e-01,-8.246099425637369053e-05,7.519528277255604692e-04,3.573347020805767715e-01,-6.111954085986095728e-06,5.611719377593610936e-07,-5.182536905605665271e-06,4.143478727632353006e-08
9.900000000000000355e+00,3.573380979740453101e-01,-7.308882054858699233e-05,7.476038969801601826e-04,3.573346337327185096e-01,-4.847337619615615432e-06,4.966839369891319442e-07,-5.135781271956575012e-06,3.283241906831298585e-08
9.912500000000001421e+00,3.573372426581363781e-01,-6.377067347397234450e-05,7.433085724624267790e-04,3.573345803030701928e-01,-3.725298632117982214e-06,4.327714571841088261e-07,-5.090453367776091122e-06,2.521103827629295785e-08
9.925000000000000711e+00,3.573365034848904331e-01,-5.450588271134235532e-05,7.390668944454326789e-04,3.573345399996522564e-01,-2.747405406990014723e-06,3.694166574420965963e-07,-5.046552371681716058e-06,1.857795488927828327e-08
9.937500000000000000e+00,3.573358797915458518e-01,-4.529377738570163672e-05,7.348789112821003510e-04,3.573345110106354583e-01,-1.915265742325818565e-06,3.066017036176119454e-07,-5.004078025234295549e-06,1.294092288977970223e-08
9.950000000000001066e+00,3.573353709237310216e-01,-3.613368596659718562e-05,7.307446795104706461e-04,3.573344915038425551e-01,-1.230527657276875131e-06,2.443087612372424413e-07,-4.963030640659022058e-06,8.308147993399586625e-09
9.962500000000000355e+00,3.573349762354731118e-01,-2.702493616513775807e-05,7.266642639613999591e-04,3.573344796262407086e-01,-6.948801127392010690e-07,1.825199883161923223e-07,-4.923411108936119857e-06,4.688295649664405682e-09
9.975000000000001421e+00,3.573346950892081209e-01,-1.796685482963866138e-05,7.226377378687244947e-04,3.573344735034255093e-01,-3.100537465405199768e-07,1.212175280712435200e-07,-4.885220908271219391e-06,2.090499310415848711e-09
9.987500000000000711e+00,3.573345268557924226e-01,-8.958767839893172109e-06,7.186651829819524573e-04,3.573344712390951750e-01,-7.782162340822243605e-08,6.038350152554178702e-08,-4.848462112955942781e-06,5.243689722921583010e-10
1.000000000000000000e+01,3.573344709145154785e-01,-6.077775991491555331e-34,7.147466896815131161e-04,3.573344709145154785e-01,0.000000000000000000e+00,5.164460961940793773e-36,-4.813137402629362914e-06,0.000000000000000000e+00
